2026-04-23 20:50:34,482 [ genlib ] [ INFO ] Building library files for ALA --> ARG mutant
2026-04-23 20:50:34,483 [ genlib ] [ INFO ] reading rtp file "aminoacids.rtp"
2026-04-23 20:50:34,511 [ genlib ] [ INFO ] ENTERED SIMPLE
2026-04-23 20:50:34,511 [ genlib ] [ INFO ] Making atom pairs
2026-04-23 20:50:34,511 [ genlib ] [ INFO ] Searching branch 1
2026-04-23 20:50:34,511 [ genlib ] [ INFO ] Searching order 2
2026-04-23 20:50:34,512 [ genlib ] [ INFO ] Checking atom 1HB
2026-04-23 20:50:34,512 [ genlib ] [ INFO ] Define atom pair: ALA|1HB|HC|H         - > ARG|CG|CT|C.3        (d = 0.45 A)
2026-04-23 20:50:34,512 [ genlib ] [ INFO ] Checking atom 2HB
2026-04-23 20:50:34,512 [ genlib ] [ INFO ] Define atom pair: ALA|2HB|HC|H         - > ARG|1HB|HC|H         (d = 0.07 A)
2026-04-23 20:50:34,512 [ genlib ] [ INFO ] Checking atom 3HB
2026-04-23 20:50:34,512 [ genlib ] [ INFO ] Define atom pair: ALA|3HB|HC|H         - > ARG|2HB|HC|H         (d = 0.08 A)
2026-04-23 20:50:34,512 [ genlib ] [ INFO ] Searching order 3
2026-04-23 20:50:34,512 [ genlib ] [ INFO ] Searching order 4
2026-04-23 20:50:34,512 [ genlib ] [ INFO ] Searching order 5
2026-04-23 20:50:34,512 [ genlib ] [ INFO ] Searching order 6
2026-04-23 20:50:34,512 [ genlib ] [ INFO ] Searching order 7
2026-04-23 20:50:34,512 [ genlib ] [ INFO ] Searching branch 2
2026-04-23 20:50:34,512 [ genlib ] [ INFO ] Searching order 2
2026-04-23 20:50:34,512 [ genlib ] [ INFO ] Searching order 3
2026-04-23 20:50:34,512 [ genlib ] [ INFO ] Searching order 4
2026-04-23 20:50:34,512 [ genlib ] [ INFO ] Searching order 5
2026-04-23 20:50:34,512 [ genlib ] [ INFO ] Searching order 6
2026-04-23 20:50:34,512 [ genlib ] [ INFO ] Searching order 7
2026-04-23 20:50:34,521 [ genlib ] [ INFO ] Updating bond lists
2026-04-23 20:50:34,521 [ genlib ] [ INFO ] Updating dihedrals
2026-04-23 20:50:34,521 [ genlib ] [ INFO ] Updating impropers
2026-04-23 20:50:34,521 [ genlib ] [ INFO ] Building library files for ALA --> ASH mutant
2026-04-23 20:50:34,522 [ genlib ] [ INFO ] reading rtp file "aminoacids.rtp"
2026-04-23 20:50:34,549 [ genlib ] [ INFO ] ENTERED SIMPLE
2026-04-23 20:50:34,549 [ genlib ] [ INFO ] Making atom pairs
2026-04-23 20:50:34,549 [ genlib ] [ INFO ] Searching branch 1
2026-04-23 20:50:34,549 [ genlib ] [ INFO ] Searching order 2
2026-04-23 20:50:34,549 [ genlib ] [ INFO ] Checking atom 1HB
2026-04-23 20:50:34,549 [ genlib ] [ INFO ] Define atom pair: ALA|1HB|HC|H         - > ASH|CG|C|C.2         (d = 0.49 A)
2026-04-23 20:50:34,549 [ genlib ] [ INFO ] Checking atom 2HB
2026-04-23 20:50:34,549 [ genlib ] [ INFO ] Define atom pair: ALA|2HB|HC|H         - > ASH|1HB|HC|H         (d = 0.12 A)
2026-04-23 20:50:34,549 [ genlib ] [ INFO ] Checking atom 3HB
2026-04-23 20:50:34,549 [ genlib ] [ INFO ] Define atom pair: ALA|3HB|HC|H         - > ASH|2HB|HC|H         (d = 0.14 A)
2026-04-23 20:50:34,549 [ genlib ] [ INFO ] Searching order 3
2026-04-23 20:50:34,549 [ genlib ] [ INFO ] Searching order 4
2026-04-23 20:50:34,549 [ genlib ] [ INFO ] Searching order 5
2026-04-23 20:50:34,549 [ genlib ] [ INFO ] Searching order 6
2026-04-23 20:50:34,549 [ genlib ] [ INFO ] Searching order 7
2026-04-23 20:50:34,549 [ genlib ] [ INFO ] Searching branch 2
2026-04-23 20:50:34,549 [ genlib ] [ INFO ] Searching order 2
2026-04-23 20:50:34,549 [ genlib ] [ INFO ] Searching order 3
2026-04-23 20:50:34,549 [ genlib ] [ INFO ] Searching order 4
2026-04-23 20:50:34,549 [ genlib ] [ INFO ] Searching order 5
2026-04-23 20:50:34,549 [ genlib ] [ INFO ] Searching order 6
2026-04-23 20:50:34,549 [ genlib ] [ INFO ] Searching order 7
2026-04-23 20:50:34,550 [ genlib ] [ INFO ] Updating bond lists
2026-04-23 20:50:34,550 [ genlib ] [ INFO ] Updating dihedrals
2026-04-23 20:50:34,550 [ genlib ] [ INFO ] Updating impropers
2026-04-23 20:50:34,550 [ genlib ] [ INFO ] Building library files for ALA --> ASN mutant
2026-04-23 20:50:34,551 [ genlib ] [ INFO ] reading rtp file "aminoacids.rtp"
2026-04-23 20:50:34,578 [ genlib ] [ INFO ] ENTERED SIMPLE
2026-04-23 20:50:34,578 [ genlib ] [ INFO ] Making atom pairs
2026-04-23 20:50:34,578 [ genlib ] [ INFO ] Searching branch 1
2026-04-23 20:50:34,578 [ genlib ] [ INFO ] Searching order 2
2026-04-23 20:50:34,578 [ genlib ] [ INFO ] Checking atom 1HB
2026-04-23 20:50:34,578 [ genlib ] [ INFO ] Define atom pair: ALA|1HB|HC|H         - > ASN|CG|C|C.2         (d = 0.53 A)
2026-04-23 20:50:34,578 [ genlib ] [ INFO ] Checking atom 2HB
2026-04-23 20:50:34,578 [ genlib ] [ INFO ] Define atom pair: ALA|2HB|HC|H         - > ASN|1HB|HC|H         (d = 0.07 A)
2026-04-23 20:50:34,578 [ genlib ] [ INFO ] Checking atom 3HB
2026-04-23 20:50:34,578 [ genlib ] [ INFO ] Define atom pair: ALA|3HB|HC|H         - > ASN|2HB|HC|H         (d = 0.10 A)
2026-04-23 20:50:34,578 [ genlib ] [ INFO ] Searching order 3
2026-04-23 20:50:34,578 [ genlib ] [ INFO ] Searching order 4
2026-04-23 20:50:34,578 [ genlib ] [ INFO ] Searching order 5
2026-04-23 20:50:34,578 [ genlib ] [ INFO ] Searching order 6
2026-04-23 20:50:34,578 [ genlib ] [ INFO ] Searching order 7
2026-04-23 20:50:34,578 [ genlib ] [ INFO ] Searching branch 2
2026-04-23 20:50:34,578 [ genlib ] [ INFO ] Searching order 2
2026-04-23 20:50:34,578 [ genlib ] [ INFO ] Searching order 3
2026-04-23 20:50:34,578 [ genlib ] [ INFO ] Searching order 4
2026-04-23 20:50:34,578 [ genlib ] [ INFO ] Searching order 5
2026-04-23 20:50:34,578 [ genlib ] [ INFO ] Searching order 6
2026-04-23 20:50:34,578 [ genlib ] [ INFO ] Searching order 7
2026-04-23 20:50:34,580 [ genlib ] [ INFO ] Updating bond lists
2026-04-23 20:50:34,580 [ genlib ] [ INFO ] Updating dihedrals
2026-04-23 20:50:34,580 [ genlib ] [ INFO ] Updating impropers
2026-04-23 20:50:34,580 [ genlib ] [ INFO ] Building library files for ALA --> ASP mutant
2026-04-23 20:50:34,581 [ genlib ] [ INFO ] reading rtp file "aminoacids.rtp"
2026-04-23 20:50:34,610 [ genlib ] [ INFO ] ENTERED SIMPLE
2026-04-23 20:50:34,610 [ genlib ] [ INFO ] Making atom pairs
2026-04-23 20:50:34,610 [ genlib ] [ INFO ] Searching branch 1
2026-04-23 20:50:34,610 [ genlib ] [ INFO ] Searching order 2
2026-04-23 20:50:34,610 [ genlib ] [ INFO ] Checking atom 1HB
2026-04-23 20:50:34,610 [ genlib ] [ INFO ] Define atom pair: ALA|1HB|HC|H         - > ASP|CG|C|C.2         (d = 0.49 A)
2026-04-23 20:50:34,610 [ genlib ] [ INFO ] Checking atom 2HB
2026-04-23 20:50:34,610 [ genlib ] [ INFO ] Define atom pair: ALA|2HB|HC|H         - > ASP|1HB|HC|H         (d = 0.06 A)
2026-04-23 20:50:34,610 [ genlib ] [ INFO ] Checking atom 3HB
2026-04-23 20:50:34,610 [ genlib ] [ INFO ] Define atom pair: ALA|3HB|HC|H         - > ASP|2HB|HC|H         (d = 0.07 A)
2026-04-23 20:50:34,610 [ genlib ] [ INFO ] Searching order 3
2026-04-23 20:50:34,610 [ genlib ] [ INFO ] Searching order 4
2026-04-23 20:50:34,610 [ genlib ] [ INFO ] Searching order 5
2026-04-23 20:50:34,610 [ genlib ] [ INFO ] Searching order 6
2026-04-23 20:50:34,610 [ genlib ] [ INFO ] Searching order 7
2026-04-23 20:50:34,610 [ genlib ] [ INFO ] Searching branch 2
2026-04-23 20:50:34,610 [ genlib ] [ INFO ] Searching order 2
2026-04-23 20:50:34,610 [ genlib ] [ INFO ] Searching order 3
2026-04-23 20:50:34,610 [ genlib ] [ INFO ] Searching order 4
2026-04-23 20:50:34,610 [ genlib ] [ INFO ] Searching order 5
2026-04-23 20:50:34,610 [ genlib ] [ INFO ] Searching order 6
2026-04-23 20:50:34,610 [ genlib ] [ INFO ] Searching order 7
2026-04-23 20:50:34,611 [ genlib ] [ INFO ] Updating bond lists
2026-04-23 20:50:34,611 [ genlib ] [ INFO ] Updating dihedrals
2026-04-23 20:50:34,611 [ genlib ] [ INFO ] Updating impropers
2026-04-23 20:50:34,612 [ genlib ] [ INFO ] Building library files for ALA --> CYS mutant
2026-04-23 20:50:34,612 [ genlib ] [ INFO ] reading rtp file "aminoacids.rtp"
2026-04-23 20:50:34,640 [ genlib ] [ INFO ] ENTERED SIMPLE
2026-04-23 20:50:34,640 [ genlib ] [ INFO ] Making atom pairs
2026-04-23 20:50:34,640 [ genlib ] [ INFO ] Searching branch 1
2026-04-23 20:50:34,640 [ genlib ] [ INFO ] Searching order 2
2026-04-23 20:50:34,640 [ genlib ] [ INFO ] Checking atom 1HB
2026-04-23 20:50:34,640 [ genlib ] [ INFO ] No partner found for atom 1HB
2026-04-23 20:50:34,640 [ genlib ] [ INFO ] Checking atom 2HB
2026-04-23 20:50:34,640 [ genlib ] [ INFO ] Define atom pair: ALA|2HB|HC|H         - > CYS|1HB|H1|H         (d = 0.02 A)
2026-04-23 20:50:34,640 [ genlib ] [ INFO ] Checking atom 3HB
2026-04-23 20:50:34,640 [ genlib ] [ INFO ] Define atom pair: ALA|3HB|HC|H         - > CYS|2HB|H1|H         (d = 0.03 A)
2026-04-23 20:50:34,640 [ genlib ] [ INFO ] Searching order 3
2026-04-23 20:50:34,640 [ genlib ] [ INFO ] Searching order 4
2026-04-23 20:50:34,640 [ genlib ] [ INFO ] Searching order 5
2026-04-23 20:50:34,640 [ genlib ] [ INFO ] Searching order 6
2026-04-23 20:50:34,640 [ genlib ] [ INFO ] Searching order 7
2026-04-23 20:50:34,640 [ genlib ] [ INFO ] Searching branch 2
2026-04-23 20:50:34,640 [ genlib ] [ INFO ] Searching order 2
2026-04-23 20:50:34,640 [ genlib ] [ INFO ] Checking atom 1HB
2026-04-23 20:50:34,640 [ genlib ] [ INFO ] No partner found for atom 1HB
2026-04-23 20:50:34,640 [ genlib ] [ INFO ] Searching order 3
2026-04-23 20:50:34,640 [ genlib ] [ INFO ] Searching order 4
2026-04-23 20:50:34,640 [ genlib ] [ INFO ] Searching order 5
2026-04-23 20:50:34,640 [ genlib ] [ INFO ] Searching order 6
2026-04-23 20:50:34,640 [ genlib ] [ INFO ] Searching order 7
2026-04-23 20:50:34,641 [ genlib ] [ INFO ] Updating bond lists
2026-04-23 20:50:34,641 [ genlib ] [ INFO ] Updating dihedrals
2026-04-23 20:50:34,641 [ genlib ] [ INFO ] Updating impropers
2026-04-23 20:50:34,642 [ genlib ] [ INFO ] Building library files for ALA --> GLH mutant
2026-04-23 20:50:34,642 [ genlib ] [ INFO ] reading rtp file "aminoacids.rtp"
2026-04-23 20:50:34,672 [ genlib ] [ INFO ] ENTERED SIMPLE
2026-04-23 20:50:34,672 [ genlib ] [ INFO ] Making atom pairs
2026-04-23 20:50:34,672 [ genlib ] [ INFO ] Searching branch 1
2026-04-23 20:50:34,672 [ genlib ] [ INFO ] Searching order 2
2026-04-23 20:50:34,672 [ genlib ] [ INFO ] Checking atom 1HB
2026-04-23 20:50:34,672 [ genlib ] [ INFO ] Define atom pair: ALA|1HB|HC|H         - > GLH|CG|CT|C.3        (d = 0.53 A)
2026-04-23 20:50:34,672 [ genlib ] [ INFO ] Checking atom 2HB
2026-04-23 20:50:34,672 [ genlib ] [ INFO ] Define atom pair: ALA|2HB|HC|H         - > GLH|1HB|HC|H         (d = 0.18 A)
2026-04-23 20:50:34,672 [ genlib ] [ INFO ] Checking atom 3HB
2026-04-23 20:50:34,672 [ genlib ] [ INFO ] Define atom pair: ALA|3HB|HC|H         - > GLH|2HB|HC|H         (d = 0.22 A)
2026-04-23 20:50:34,672 [ genlib ] [ INFO ] Searching order 3
2026-04-23 20:50:34,672 [ genlib ] [ INFO ] Searching order 4
2026-04-23 20:50:34,672 [ genlib ] [ INFO ] Searching order 5
2026-04-23 20:50:34,672 [ genlib ] [ INFO ] Searching order 6
2026-04-23 20:50:34,672 [ genlib ] [ INFO ] Searching order 7
2026-04-23 20:50:34,672 [ genlib ] [ INFO ] Searching branch 2
2026-04-23 20:50:34,672 [ genlib ] [ INFO ] Searching order 2
2026-04-23 20:50:34,672 [ genlib ] [ INFO ] Searching order 3
2026-04-23 20:50:34,672 [ genlib ] [ INFO ] Searching order 4
2026-04-23 20:50:34,672 [ genlib ] [ INFO ] Searching order 5
2026-04-23 20:50:34,672 [ genlib ] [ INFO ] Searching order 6
2026-04-23 20:50:34,672 [ genlib ] [ INFO ] Searching order 7
2026-04-23 20:50:34,675 [ genlib ] [ INFO ] Updating bond lists
2026-04-23 20:50:34,675 [ genlib ] [ INFO ] Updating dihedrals
2026-04-23 20:50:34,675 [ genlib ] [ INFO ] Updating impropers
2026-04-23 20:50:34,675 [ genlib ] [ INFO ] Building library files for ALA --> GLN mutant
2026-04-23 20:50:34,676 [ genlib ] [ INFO ] reading rtp file "aminoacids.rtp"
2026-04-23 20:50:34,702 [ genlib ] [ INFO ] ENTERED SIMPLE
2026-04-23 20:50:34,702 [ genlib ] [ INFO ] Making atom pairs
2026-04-23 20:50:34,702 [ genlib ] [ INFO ] Searching branch 1
2026-04-23 20:50:34,702 [ genlib ] [ INFO ] Searching order 2
2026-04-23 20:50:34,702 [ genlib ] [ INFO ] Checking atom 1HB
2026-04-23 20:50:34,702 [ genlib ] [ INFO ] Define atom pair: ALA|1HB|HC|H         - > GLN|CG|CT|C.3        (d = 0.47 A)
2026-04-23 20:50:34,702 [ genlib ] [ INFO ] Checking atom 2HB
2026-04-23 20:50:34,702 [ genlib ] [ INFO ] Define atom pair: ALA|2HB|HC|H         - > GLN|1HB|HC|H         (d = 0.07 A)
2026-04-23 20:50:34,702 [ genlib ] [ INFO ] Checking atom 3HB
2026-04-23 20:50:34,702 [ genlib ] [ INFO ] Define atom pair: ALA|3HB|HC|H         - > GLN|2HB|HC|H         (d = 0.07 A)
2026-04-23 20:50:34,702 [ genlib ] [ INFO ] Searching order 3
2026-04-23 20:50:34,702 [ genlib ] [ INFO ] Searching order 4
2026-04-23 20:50:34,702 [ genlib ] [ INFO ] Searching order 5
2026-04-23 20:50:34,702 [ genlib ] [ INFO ] Searching order 6
2026-04-23 20:50:34,702 [ genlib ] [ INFO ] Searching order 7
2026-04-23 20:50:34,702 [ genlib ] [ INFO ] Searching branch 2
2026-04-23 20:50:34,702 [ genlib ] [ INFO ] Searching order 2
2026-04-23 20:50:34,702 [ genlib ] [ INFO ] Searching order 3
2026-04-23 20:50:34,702 [ genlib ] [ INFO ] Searching order 4
2026-04-23 20:50:34,702 [ genlib ] [ INFO ] Searching order 5
2026-04-23 20:50:34,702 [ genlib ] [ INFO ] Searching order 6
2026-04-23 20:50:34,702 [ genlib ] [ INFO ] Searching order 7
2026-04-23 20:50:34,705 [ genlib ] [ INFO ] Updating bond lists
2026-04-23 20:50:34,705 [ genlib ] [ INFO ] Updating dihedrals
2026-04-23 20:50:34,705 [ genlib ] [ INFO ] Updating impropers
2026-04-23 20:50:34,705 [ genlib ] [ INFO ] Building library files for ALA --> GLU mutant
2026-04-23 20:50:34,706 [ genlib ] [ INFO ] reading rtp file "aminoacids.rtp"
2026-04-23 20:50:34,732 [ genlib ] [ INFO ] ENTERED SIMPLE
2026-04-23 20:50:34,732 [ genlib ] [ INFO ] Making atom pairs
2026-04-23 20:50:34,732 [ genlib ] [ INFO ] Searching branch 1
2026-04-23 20:50:34,732 [ genlib ] [ INFO ] Searching order 2
2026-04-23 20:50:34,732 [ genlib ] [ INFO ] Checking atom 1HB
2026-04-23 20:50:34,732 [ genlib ] [ INFO ] Define atom pair: ALA|1HB|HC|H         - > GLU|CG|CT|C.3        (d = 0.53 A)
2026-04-23 20:50:34,732 [ genlib ] [ INFO ] Checking atom 2HB
2026-04-23 20:50:34,732 [ genlib ] [ INFO ] Define atom pair: ALA|2HB|HC|H         - > GLU|1HB|HC|H         (d = 0.18 A)
2026-04-23 20:50:34,732 [ genlib ] [ INFO ] Checking atom 3HB
2026-04-23 20:50:34,732 [ genlib ] [ INFO ] Define atom pair: ALA|3HB|HC|H         - > GLU|2HB|HC|H         (d = 0.19 A)
2026-04-23 20:50:34,732 [ genlib ] [ INFO ] Searching order 3
2026-04-23 20:50:34,732 [ genlib ] [ INFO ] Searching order 4
2026-04-23 20:50:34,732 [ genlib ] [ INFO ] Searching order 5
2026-04-23 20:50:34,732 [ genlib ] [ INFO ] Searching order 6
2026-04-23 20:50:34,732 [ genlib ] [ INFO ] Searching order 7
2026-04-23 20:50:34,732 [ genlib ] [ INFO ] Searching branch 2
2026-04-23 20:50:34,732 [ genlib ] [ INFO ] Searching order 2
2026-04-23 20:50:34,732 [ genlib ] [ INFO ] Searching order 3
2026-04-23 20:50:34,732 [ genlib ] [ INFO ] Searching order 4
2026-04-23 20:50:34,732 [ genlib ] [ INFO ] Searching order 5
2026-04-23 20:50:34,732 [ genlib ] [ INFO ] Searching order 6
2026-04-23 20:50:34,732 [ genlib ] [ INFO ] Searching order 7
2026-04-23 20:50:34,734 [ genlib ] [ INFO ] Updating bond lists
2026-04-23 20:50:34,734 [ genlib ] [ INFO ] Updating dihedrals
2026-04-23 20:50:34,734 [ genlib ] [ INFO ] Updating impropers
2026-04-23 20:50:34,735 [ genlib ] [ INFO ] Building library files for ALA --> GLY mutant
2026-04-23 20:50:34,735 [ genlib ] [ INFO ] reading rtp file "aminoacids.rtp"
2026-04-23 20:50:34,761 [ genlib ] [ INFO ] ENTERED G
2026-04-23 20:50:34,761 [ genlib ] [ INFO ] Making atom pairs
2026-04-23 20:50:34,762 [ genlib ] [ INFO ] Updating bond lists
2026-04-23 20:50:34,762 [ genlib ] [ INFO ] Updating dihedrals
2026-04-23 20:50:34,762 [ genlib ] [ INFO ] Updating impropers
2026-04-23 20:50:34,762 [ genlib ] [ WARNING ] undefined
2026-04-23 20:50:34,762 [ genlib ] [ INFO ] Building library files for ALA --> HID mutant
2026-04-23 20:50:34,763 [ genlib ] [ INFO ] reading rtp file "aminoacids.rtp"
2026-04-23 20:50:34,793 [ genlib ] [ INFO ] ENTERED T,A,V,I
2026-04-23 20:50:34,793 [ genlib ] [ INFO ] Making atom pairs
2026-04-23 20:50:34,796 [ genlib ] [ INFO ] Updating bond lists
2026-04-23 20:50:34,796 [ genlib ] [ INFO ] Updating dihedrals
2026-04-23 20:50:34,796 [ genlib ] [ INFO ] Updating impropers
2026-04-23 20:50:34,797 [ genlib ] [ INFO ] Building library files for ALA --> HIE mutant
2026-04-23 20:50:34,797 [ genlib ] [ INFO ] reading rtp file "aminoacids.rtp"
2026-04-23 20:50:34,824 [ genlib ] [ INFO ] ENTERED T,A,V,I
2026-04-23 20:50:34,824 [ genlib ] [ INFO ] Making atom pairs
2026-04-23 20:50:34,828 [ genlib ] [ INFO ] Updating bond lists
2026-04-23 20:50:34,828 [ genlib ] [ INFO ] Updating dihedrals
2026-04-23 20:50:34,828 [ genlib ] [ INFO ] Updating impropers
2026-04-23 20:50:34,828 [ genlib ] [ INFO ] Building library files for ALA --> HIP mutant
2026-04-23 20:50:34,829 [ genlib ] [ INFO ] reading rtp file "aminoacids.rtp"
2026-04-23 20:50:34,858 [ genlib ] [ INFO ] ENTERED T,A,V,I
2026-04-23 20:50:34,858 [ genlib ] [ INFO ] Making atom pairs
2026-04-23 20:50:34,863 [ genlib ] [ INFO ] Updating bond lists
2026-04-23 20:50:34,863 [ genlib ] [ INFO ] Updating dihedrals
2026-04-23 20:50:34,863 [ genlib ] [ INFO ] Updating impropers
2026-04-23 20:50:34,863 [ genlib ] [ INFO ] Building library files for ALA --> ILE mutant
2026-04-23 20:50:34,864 [ genlib ] [ INFO ] reading rtp file "aminoacids.rtp"
2026-04-23 20:50:34,893 [ genlib ] [ INFO ] ENTERED SIMPLE
2026-04-23 20:50:34,893 [ genlib ] [ INFO ] Making atom pairs
2026-04-23 20:50:34,893 [ genlib ] [ INFO ] Searching branch 1
2026-04-23 20:50:34,893 [ genlib ] [ INFO ] Searching order 2
2026-04-23 20:50:34,893 [ genlib ] [ INFO ] Checking atom 1HB
2026-04-23 20:50:34,893 [ genlib ] [ INFO ] Define atom pair: ALA|1HB|HC|H         - > ILE|CG1|CT|C.3       (d = 0.54 A)
2026-04-23 20:50:34,893 [ genlib ] [ INFO ] Checking atom 2HB
2026-04-23 20:50:34,893 [ genlib ] [ INFO ] Define atom pair: ALA|2HB|HC|H         - > ILE|HB|HC|H          (d = 0.14 A)
2026-04-23 20:50:34,893 [ genlib ] [ INFO ] Checking atom 3HB
2026-04-23 20:50:34,893 [ genlib ] [ INFO ] Define atom pair: ALA|3HB|HC|H         - > ILE|CG2|CT|C.3       (d = 0.42 A)
2026-04-23 20:50:34,893 [ genlib ] [ INFO ] Searching order 3
2026-04-23 20:50:34,893 [ genlib ] [ INFO ] Searching order 4
2026-04-23 20:50:34,893 [ genlib ] [ INFO ] Searching order 5
2026-04-23 20:50:34,893 [ genlib ] [ INFO ] Searching order 6
2026-04-23 20:50:34,893 [ genlib ] [ INFO ] Searching order 7
2026-04-23 20:50:34,893 [ genlib ] [ INFO ] Searching branch 2
2026-04-23 20:50:34,893 [ genlib ] [ INFO ] Searching order 2
2026-04-23 20:50:34,893 [ genlib ] [ INFO ] Searching order 3
2026-04-23 20:50:34,893 [ genlib ] [ INFO ] Searching order 4
2026-04-23 20:50:34,893 [ genlib ] [ INFO ] Searching order 5
2026-04-23 20:50:34,893 [ genlib ] [ INFO ] Searching order 6
2026-04-23 20:50:34,893 [ genlib ] [ INFO ] Searching order 7
2026-04-23 20:50:34,897 [ genlib ] [ INFO ] Updating bond lists
2026-04-23 20:50:34,898 [ genlib ] [ INFO ] Updating dihedrals
2026-04-23 20:50:34,898 [ genlib ] [ INFO ] Updating impropers
2026-04-23 20:50:34,898 [ genlib ] [ INFO ] Building library files for ALA --> LEU mutant
2026-04-23 20:50:34,899 [ genlib ] [ INFO ] reading rtp file "aminoacids.rtp"
2026-04-23 20:50:34,927 [ genlib ] [ INFO ] ENTERED SIMPLE
2026-04-23 20:50:34,927 [ genlib ] [ INFO ] Making atom pairs
2026-04-23 20:50:34,927 [ genlib ] [ INFO ] Searching branch 1
2026-04-23 20:50:34,927 [ genlib ] [ INFO ] Searching order 2
2026-04-23 20:50:34,927 [ genlib ] [ INFO ] Checking atom 1HB
2026-04-23 20:50:34,927 [ genlib ] [ INFO ] Define atom pair: ALA|1HB|HC|H         - > LEU|CG|CT|C.3        (d = 0.51 A)
2026-04-23 20:50:34,927 [ genlib ] [ INFO ] Checking atom 2HB
2026-04-23 20:50:34,927 [ genlib ] [ INFO ] Define atom pair: ALA|2HB|HC|H         - > LEU|1HB|HC|H         (d = 0.03 A)
2026-04-23 20:50:34,927 [ genlib ] [ INFO ] Checking atom 3HB
2026-04-23 20:50:34,928 [ genlib ] [ INFO ] Define atom pair: ALA|3HB|HC|H         - > LEU|2HB|HC|H         (d = 0.03 A)
2026-04-23 20:50:34,928 [ genlib ] [ INFO ] Searching order 3
2026-04-23 20:50:34,928 [ genlib ] [ INFO ] Searching order 4
2026-04-23 20:50:34,928 [ genlib ] [ INFO ] Searching order 5
2026-04-23 20:50:34,928 [ genlib ] [ INFO ] Searching order 6
2026-04-23 20:50:34,928 [ genlib ] [ INFO ] Searching order 7
2026-04-23 20:50:34,928 [ genlib ] [ INFO ] Searching branch 2
2026-04-23 20:50:34,928 [ genlib ] [ INFO ] Searching order 2
2026-04-23 20:50:34,928 [ genlib ] [ INFO ] Searching order 3
2026-04-23 20:50:34,928 [ genlib ] [ INFO ] Searching order 4
2026-04-23 20:50:34,928 [ genlib ] [ INFO ] Searching order 5
2026-04-23 20:50:34,928 [ genlib ] [ INFO ] Searching order 6
2026-04-23 20:50:34,928 [ genlib ] [ INFO ] Searching order 7
2026-04-23 20:50:34,931 [ genlib ] [ INFO ] Updating bond lists
2026-04-23 20:50:34,932 [ genlib ] [ INFO ] Updating dihedrals
2026-04-23 20:50:34,932 [ genlib ] [ INFO ] Updating impropers
2026-04-23 20:50:34,932 [ genlib ] [ INFO ] Building library files for ALA --> LYN mutant
2026-04-23 20:50:34,932 [ genlib ] [ INFO ] reading rtp file "aminoacids.rtp"
2026-04-23 20:50:34,961 [ genlib ] [ INFO ] ENTERED SIMPLE
2026-04-23 20:50:34,961 [ genlib ] [ INFO ] Making atom pairs
2026-04-23 20:50:34,961 [ genlib ] [ INFO ] Searching branch 1
2026-04-23 20:50:34,961 [ genlib ] [ INFO ] Searching order 2
2026-04-23 20:50:34,961 [ genlib ] [ INFO ] Checking atom 1HB
2026-04-23 20:50:34,961 [ genlib ] [ INFO ] Define atom pair: ALA|1HB|HC|H         - > LYN|CG|CT|C.3        (d = 0.46 A)
2026-04-23 20:50:34,961 [ genlib ] [ INFO ] Checking atom 2HB
2026-04-23 20:50:34,961 [ genlib ] [ INFO ] Define atom pair: ALA|2HB|HC|H         - > LYN|1HB|HC|H         (d = 0.10 A)
2026-04-23 20:50:34,961 [ genlib ] [ INFO ] Checking atom 3HB
2026-04-23 20:50:34,961 [ genlib ] [ INFO ] Define atom pair: ALA|3HB|HC|H         - > LYN|2HB|HC|H         (d = 0.10 A)
2026-04-23 20:50:34,961 [ genlib ] [ INFO ] Searching order 3
2026-04-23 20:50:34,961 [ genlib ] [ INFO ] Searching order 4
2026-04-23 20:50:34,961 [ genlib ] [ INFO ] Searching order 5
2026-04-23 20:50:34,961 [ genlib ] [ INFO ] Searching order 6
2026-04-23 20:50:34,961 [ genlib ] [ INFO ] Searching order 7
2026-04-23 20:50:34,961 [ genlib ] [ INFO ] Searching branch 2
2026-04-23 20:50:34,962 [ genlib ] [ INFO ] Searching order 2
2026-04-23 20:50:34,962 [ genlib ] [ INFO ] Searching order 3
2026-04-23 20:50:34,962 [ genlib ] [ INFO ] Searching order 4
2026-04-23 20:50:34,962 [ genlib ] [ INFO ] Searching order 5
2026-04-23 20:50:34,962 [ genlib ] [ INFO ] Searching order 6
2026-04-23 20:50:34,962 [ genlib ] [ INFO ] Searching order 7
2026-04-23 20:50:34,966 [ genlib ] [ INFO ] Updating bond lists
2026-04-23 20:50:34,967 [ genlib ] [ INFO ] Updating dihedrals
2026-04-23 20:50:34,967 [ genlib ] [ INFO ] Updating impropers
2026-04-23 20:50:34,967 [ genlib ] [ INFO ] Building library files for ALA --> LYS mutant
2026-04-23 20:50:34,968 [ genlib ] [ INFO ] reading rtp file "aminoacids.rtp"
2026-04-23 20:50:34,997 [ genlib ] [ INFO ] ENTERED SIMPLE
2026-04-23 20:50:34,997 [ genlib ] [ INFO ] Making atom pairs
2026-04-23 20:50:34,997 [ genlib ] [ INFO ] Searching branch 1
2026-04-23 20:50:34,997 [ genlib ] [ INFO ] Searching order 2
2026-04-23 20:50:34,997 [ genlib ] [ INFO ] Checking atom 1HB
2026-04-23 20:50:34,997 [ genlib ] [ INFO ] Define atom pair: ALA|1HB|HC|H         - > LYS|CG|CT|C.3        (d = 0.46 A)
2026-04-23 20:50:34,997 [ genlib ] [ INFO ] Checking atom 2HB
2026-04-23 20:50:34,997 [ genlib ] [ INFO ] Define atom pair: ALA|2HB|HC|H         - > LYS|1HB|HC|H         (d = 0.07 A)
2026-04-23 20:50:34,997 [ genlib ] [ INFO ] Checking atom 3HB
2026-04-23 20:50:34,997 [ genlib ] [ INFO ] Define atom pair: ALA|3HB|HC|H         - > LYS|2HB|HC|H         (d = 0.08 A)
2026-04-23 20:50:34,997 [ genlib ] [ INFO ] Searching order 3
2026-04-23 20:50:34,997 [ genlib ] [ INFO ] Searching order 4
2026-04-23 20:50:34,997 [ genlib ] [ INFO ] Searching order 5
2026-04-23 20:50:34,997 [ genlib ] [ INFO ] Searching order 6
2026-04-23 20:50:34,997 [ genlib ] [ INFO ] Searching order 7
2026-04-23 20:50:34,997 [ genlib ] [ INFO ] Searching branch 2
2026-04-23 20:50:34,997 [ genlib ] [ INFO ] Searching order 2
2026-04-23 20:50:34,997 [ genlib ] [ INFO ] Searching order 3
2026-04-23 20:50:34,997 [ genlib ] [ INFO ] Searching order 4
2026-04-23 20:50:34,997 [ genlib ] [ INFO ] Searching order 5
2026-04-23 20:50:34,997 [ genlib ] [ INFO ] Searching order 6
2026-04-23 20:50:34,997 [ genlib ] [ INFO ] Searching order 7
2026-04-23 20:50:35,007 [ genlib ] [ INFO ] Updating bond lists
2026-04-23 20:50:35,007 [ genlib ] [ INFO ] Updating dihedrals
2026-04-23 20:50:35,007 [ genlib ] [ INFO ] Updating impropers
2026-04-23 20:50:35,007 [ genlib ] [ INFO ] Building library files for ALA --> MET mutant
2026-04-23 20:50:35,008 [ genlib ] [ INFO ] reading rtp file "aminoacids.rtp"
2026-04-23 20:50:35,037 [ genlib ] [ INFO ] ENTERED SIMPLE
2026-04-23 20:50:35,037 [ genlib ] [ INFO ] Making atom pairs
2026-04-23 20:50:35,037 [ genlib ] [ INFO ] Searching branch 1
2026-04-23 20:50:35,037 [ genlib ] [ INFO ] Searching order 2
2026-04-23 20:50:35,037 [ genlib ] [ INFO ] Checking atom 1HB
2026-04-23 20:50:35,037 [ genlib ] [ INFO ] Define atom pair: ALA|1HB|HC|H         - > MET|CG|CT|C.3        (d = 0.48 A)
2026-04-23 20:50:35,037 [ genlib ] [ INFO ] Checking atom 2HB
2026-04-23 20:50:35,037 [ genlib ] [ INFO ] Define atom pair: ALA|2HB|HC|H         - > MET|1HB|HC|H         (d = 0.02 A)
2026-04-23 20:50:35,037 [ genlib ] [ INFO ] Checking atom 3HB
2026-04-23 20:50:35,037 [ genlib ] [ INFO ] Define atom pair: ALA|3HB|HC|H         - > MET|2HB|HC|H         (d = 0.03 A)
2026-04-23 20:50:35,037 [ genlib ] [ INFO ] Searching order 3
2026-04-23 20:50:35,037 [ genlib ] [ INFO ] Searching order 4
2026-04-23 20:50:35,037 [ genlib ] [ INFO ] Searching order 5
2026-04-23 20:50:35,037 [ genlib ] [ INFO ] Searching order 6
2026-04-23 20:50:35,037 [ genlib ] [ INFO ] Searching order 7
2026-04-23 20:50:35,037 [ genlib ] [ INFO ] Searching branch 2
2026-04-23 20:50:35,037 [ genlib ] [ INFO ] Searching order 2
2026-04-23 20:50:35,037 [ genlib ] [ INFO ] Searching order 3
2026-04-23 20:50:35,037 [ genlib ] [ INFO ] Searching order 4
2026-04-23 20:50:35,037 [ genlib ] [ INFO ] Searching order 5
2026-04-23 20:50:35,037 [ genlib ] [ INFO ] Searching order 6
2026-04-23 20:50:35,037 [ genlib ] [ INFO ] Searching order 7
2026-04-23 20:50:35,065 [ genlib ] [ INFO ] Updating bond lists
2026-04-23 20:50:35,065 [ genlib ] [ INFO ] Updating dihedrals
2026-04-23 20:50:35,065 [ genlib ] [ INFO ] Updating impropers
2026-04-23 20:50:35,065 [ genlib ] [ INFO ] Building library files for ALA --> PHE mutant
2026-04-23 20:50:35,067 [ genlib ] [ INFO ] reading rtp file "aminoacids.rtp"
2026-04-23 20:50:35,095 [ genlib ] [ INFO ] ENTERED T,A,V,I
2026-04-23 20:50:35,095 [ genlib ] [ INFO ] Making atom pairs
2026-04-23 20:50:35,101 [ genlib ] [ INFO ] Updating bond lists
2026-04-23 20:50:35,101 [ genlib ] [ INFO ] Updating dihedrals
2026-04-23 20:50:35,101 [ genlib ] [ INFO ] Updating impropers
2026-04-23 20:50:35,102 [ genlib ] [ INFO ] Building library files for ALA --> PRO mutant
2026-04-23 20:50:35,102 [ genlib ] [ INFO ] reading rtp file "aminoacids.rtp"
2026-04-23 20:50:35,129 [ genlib ] [ INFO ] ENTERED P
2026-04-23 20:50:35,129 [ genlib ] [ INFO ] Making atom pairs
2026-04-23 20:50:35,132 [ genlib ] [ INFO ] Updating bond lists
2026-04-23 20:50:35,132 [ genlib ] [ INFO ] Updating dihedrals
2026-04-23 20:50:35,132 [ genlib ] [ INFO ] Updating impropers
2026-04-23 20:50:35,132 [ genlib ] [ WARNING ] undefined
2026-04-23 20:50:35,133 [ genlib ] [ INFO ] Building library files for ALA --> SER mutant
2026-04-23 20:50:35,133 [ genlib ] [ INFO ] reading rtp file "aminoacids.rtp"
2026-04-23 20:50:35,159 [ genlib ] [ INFO ] ENTERED SIMPLE
2026-04-23 20:50:35,159 [ genlib ] [ INFO ] Making atom pairs
2026-04-23 20:50:35,159 [ genlib ] [ INFO ] Searching branch 1
2026-04-23 20:50:35,159 [ genlib ] [ INFO ] Searching order 2
2026-04-23 20:50:35,159 [ genlib ] [ INFO ] Checking atom 1HB
2026-04-23 20:50:35,159 [ genlib ] [ INFO ] Define atom pair: ALA|1HB|HC|H         - > SER|OG|OH|O.3        (d = 0.38 A)
2026-04-23 20:50:35,159 [ genlib ] [ INFO ] Checking atom 2HB
2026-04-23 20:50:35,159 [ genlib ] [ INFO ] Define atom pair: ALA|2HB|HC|H         - > SER|1HB|H1|H         (d = 0.11 A)
2026-04-23 20:50:35,159 [ genlib ] [ INFO ] Checking atom 3HB
2026-04-23 20:50:35,159 [ genlib ] [ INFO ] Define atom pair: ALA|3HB|HC|H         - > SER|2HB|H1|H         (d = 0.12 A)
2026-04-23 20:50:35,159 [ genlib ] [ INFO ] Searching order 3
2026-04-23 20:50:35,159 [ genlib ] [ INFO ] Searching order 4
2026-04-23 20:50:35,159 [ genlib ] [ INFO ] Searching order 5
2026-04-23 20:50:35,159 [ genlib ] [ INFO ] Searching order 6
2026-04-23 20:50:35,159 [ genlib ] [ INFO ] Searching order 7
2026-04-23 20:50:35,159 [ genlib ] [ INFO ] Searching branch 2
2026-04-23 20:50:35,159 [ genlib ] [ INFO ] Searching order 2
2026-04-23 20:50:35,159 [ genlib ] [ INFO ] Searching order 3
2026-04-23 20:50:35,159 [ genlib ] [ INFO ] Searching order 4
2026-04-23 20:50:35,159 [ genlib ] [ INFO ] Searching order 5
2026-04-23 20:50:35,159 [ genlib ] [ INFO ] Searching order 6
2026-04-23 20:50:35,159 [ genlib ] [ INFO ] Searching order 7
2026-04-23 20:50:35,160 [ genlib ] [ INFO ] Updating bond lists
2026-04-23 20:50:35,160 [ genlib ] [ INFO ] Updating dihedrals
2026-04-23 20:50:35,160 [ genlib ] [ INFO ] Updating impropers
2026-04-23 20:50:35,160 [ genlib ] [ INFO ] Building library files for ALA --> THR mutant
2026-04-23 20:50:35,161 [ genlib ] [ INFO ] reading rtp file "aminoacids.rtp"
2026-04-23 20:50:35,187 [ genlib ] [ INFO ] ENTERED SIMPLE
2026-04-23 20:50:35,188 [ genlib ] [ INFO ] Making atom pairs
2026-04-23 20:50:35,188 [ genlib ] [ INFO ] Searching branch 1
2026-04-23 20:50:35,188 [ genlib ] [ INFO ] Searching order 2
2026-04-23 20:50:35,188 [ genlib ] [ INFO ] Checking atom 1HB
2026-04-23 20:50:35,188 [ genlib ] [ INFO ] Define atom pair: ALA|1HB|HC|H         - > THR|OG1|OH|O.3       (d = 0.36 A)
2026-04-23 20:50:35,188 [ genlib ] [ INFO ] Checking atom 2HB
2026-04-23 20:50:35,188 [ genlib ] [ INFO ] Define atom pair: ALA|2HB|HC|H         - > THR|HB|H1|H          (d = 0.07 A)
2026-04-23 20:50:35,188 [ genlib ] [ INFO ] Checking atom 3HB
2026-04-23 20:50:35,188 [ genlib ] [ INFO ] Define atom pair: ALA|3HB|HC|H         - > THR|CG2|CT|C.3       (d = 0.44 A)
2026-04-23 20:50:35,188 [ genlib ] [ INFO ] Searching order 3
2026-04-23 20:50:35,188 [ genlib ] [ INFO ] Searching order 4
2026-04-23 20:50:35,188 [ genlib ] [ INFO ] Searching order 5
2026-04-23 20:50:35,188 [ genlib ] [ INFO ] Searching order 6
2026-04-23 20:50:35,188 [ genlib ] [ INFO ] Searching order 7
2026-04-23 20:50:35,188 [ genlib ] [ INFO ] Searching branch 2
2026-04-23 20:50:35,188 [ genlib ] [ INFO ] Searching order 2
2026-04-23 20:50:35,188 [ genlib ] [ INFO ] Searching order 3
2026-04-23 20:50:35,188 [ genlib ] [ INFO ] Searching order 4
2026-04-23 20:50:35,188 [ genlib ] [ INFO ] Searching order 5
2026-04-23 20:50:35,188 [ genlib ] [ INFO ] Searching order 6
2026-04-23 20:50:35,188 [ genlib ] [ INFO ] Searching order 7
2026-04-23 20:50:35,189 [ genlib ] [ INFO ] Updating bond lists
2026-04-23 20:50:35,189 [ genlib ] [ INFO ] Updating dihedrals
2026-04-23 20:50:35,189 [ genlib ] [ INFO ] Updating impropers
2026-04-23 20:50:35,190 [ genlib ] [ INFO ] Building library files for ALA --> TRP mutant
2026-04-23 20:50:35,190 [ genlib ] [ INFO ] reading rtp file "aminoacids.rtp"
2026-04-23 20:50:35,217 [ genlib ] [ INFO ] ENTERED T,A,V,I
2026-04-23 20:50:35,217 [ genlib ] [ INFO ] Making atom pairs
2026-04-23 20:50:35,227 [ genlib ] [ INFO ] Updating bond lists
2026-04-23 20:50:35,227 [ genlib ] [ INFO ] Updating dihedrals
2026-04-23 20:50:35,227 [ genlib ] [ INFO ] Updating impropers
2026-04-23 20:50:35,227 [ genlib ] [ INFO ] Building library files for ALA --> TYR mutant
2026-04-23 20:50:35,228 [ genlib ] [ INFO ] reading rtp file "aminoacids.rtp"
2026-04-23 20:50:35,257 [ genlib ] [ INFO ] ENTERED T,A,V,I
2026-04-23 20:50:35,257 [ genlib ] [ INFO ] Making atom pairs
2026-04-23 20:50:35,268 [ genlib ] [ INFO ] Updating bond lists
2026-04-23 20:50:35,268 [ genlib ] [ INFO ] Updating dihedrals
2026-04-23 20:50:35,268 [ genlib ] [ INFO ] Updating impropers
2026-04-23 20:50:35,269 [ genlib ] [ INFO ] Building library files for ALA --> VAL mutant
2026-04-23 20:50:35,269 [ genlib ] [ INFO ] reading rtp file "aminoacids.rtp"
2026-04-23 20:50:35,298 [ genlib ] [ INFO ] ENTERED SIMPLE
2026-04-23 20:50:35,298 [ genlib ] [ INFO ] Making atom pairs
2026-04-23 20:50:35,298 [ genlib ] [ INFO ] Searching branch 1
2026-04-23 20:50:35,298 [ genlib ] [ INFO ] Searching order 2
2026-04-23 20:50:35,298 [ genlib ] [ INFO ] Checking atom 1HB
2026-04-23 20:50:35,298 [ genlib ] [ INFO ] Define atom pair: ALA|1HB|HC|H         - > VAL|CG2|CT|C.3       (d = 0.50 A)
2026-04-23 20:50:35,298 [ genlib ] [ INFO ] Checking atom 2HB
2026-04-23 20:50:35,298 [ genlib ] [ INFO ] Define atom pair: ALA|2HB|HC|H         - > VAL|HB|HC|H          (d = 0.19 A)
2026-04-23 20:50:35,298 [ genlib ] [ INFO ] Checking atom 3HB
2026-04-23 20:50:35,298 [ genlib ] [ INFO ] Define atom pair: ALA|3HB|HC|H         - > VAL|CG1|CT|C.3       (d = 0.44 A)
2026-04-23 20:50:35,298 [ genlib ] [ INFO ] Searching order 3
2026-04-23 20:50:35,298 [ genlib ] [ INFO ] Searching order 4
2026-04-23 20:50:35,298 [ genlib ] [ INFO ] Searching order 5
2026-04-23 20:50:35,298 [ genlib ] [ INFO ] Searching order 6
2026-04-23 20:50:35,298 [ genlib ] [ INFO ] Searching order 7
2026-04-23 20:50:35,298 [ genlib ] [ INFO ] Searching branch 2
2026-04-23 20:50:35,298 [ genlib ] [ INFO ] Searching order 2
2026-04-23 20:50:35,298 [ genlib ] [ INFO ] Searching order 3
2026-04-23 20:50:35,298 [ genlib ] [ INFO ] Searching order 4
2026-04-23 20:50:35,298 [ genlib ] [ INFO ] Searching order 5
2026-04-23 20:50:35,298 [ genlib ] [ INFO ] Searching order 6
2026-04-23 20:50:35,298 [ genlib ] [ INFO ] Searching order 7
2026-04-23 20:50:35,301 [ genlib ] [ INFO ] Updating bond lists
2026-04-23 20:50:35,301 [ genlib ] [ INFO ] Updating dihedrals
2026-04-23 20:50:35,301 [ genlib ] [ INFO ] Updating impropers
2026-04-23 20:50:35,301 [ genlib ] [ INFO ] Building library files for ARG --> ALA mutant
2026-04-23 20:50:35,302 [ genlib ] [ INFO ] reading rtp file "aminoacids.rtp"
2026-04-23 20:50:35,329 [ genlib ] [ INFO ] ENTERED SIMPLE
2026-04-23 20:50:35,329 [ genlib ] [ INFO ] Making atom pairs
2026-04-23 20:50:35,329 [ genlib ] [ INFO ] Searching branch 1
2026-04-23 20:50:35,329 [ genlib ] [ INFO ] Searching order 2
2026-04-23 20:50:35,329 [ genlib ] [ INFO ] Checking atom 1HB
2026-04-23 20:50:35,329 [ genlib ] [ INFO ] Define atom pair: ARG|1HB|HC|H         - > ALA|2HB|HC|H         (d = 0.04 A)
2026-04-23 20:50:35,329 [ genlib ] [ INFO ] Checking atom 2HB
2026-04-23 20:50:35,329 [ genlib ] [ INFO ] Define atom pair: ARG|2HB|HC|H         - > ALA|3HB|HC|H         (d = 0.04 A)
2026-04-23 20:50:35,329 [ genlib ] [ INFO ] Checking atom CG
2026-04-23 20:50:35,329 [ genlib ] [ INFO ] Define atom pair: ARG|CG|CT|C.3        - > ALA|1HB|HC|H         (d = 0.47 A)
2026-04-23 20:50:35,329 [ genlib ] [ INFO ] Searching order 3
2026-04-23 20:50:35,329 [ genlib ] [ INFO ] Checking atom 1HG
2026-04-23 20:50:35,329 [ genlib ] [ INFO ] No partner found for atom 1HG
2026-04-23 20:50:35,329 [ genlib ] [ INFO ] Checking atom 2HG
2026-04-23 20:50:35,329 [ genlib ] [ INFO ] No partner found for atom 2HG
2026-04-23 20:50:35,329 [ genlib ] [ INFO ] Checking atom CD
2026-04-23 20:50:35,329 [ genlib ] [ INFO ] No partner found for atom CD
2026-04-23 20:50:35,329 [ genlib ] [ INFO ] Searching order 4
2026-04-23 20:50:35,329 [ genlib ] [ INFO ] Searching order 5
2026-04-23 20:50:35,329 [ genlib ] [ INFO ] Searching order 6
2026-04-23 20:50:35,329 [ genlib ] [ INFO ] Searching order 7
2026-04-23 20:50:35,329 [ genlib ] [ INFO ] Searching branch 2
2026-04-23 20:50:35,329 [ genlib ] [ INFO ] Searching order 2
2026-04-23 20:50:35,329 [ genlib ] [ INFO ] Searching order 3
2026-04-23 20:50:35,329 [ genlib ] [ INFO ] Checking atom 1HG
2026-04-23 20:50:35,329 [ genlib ] [ INFO ] No partner found for atom 1HG
2026-04-23 20:50:35,329 [ genlib ] [ INFO ] Checking atom 2HG
2026-04-23 20:50:35,329 [ genlib ] [ INFO ] No partner found for atom 2HG
2026-04-23 20:50:35,329 [ genlib ] [ INFO ] Checking atom CD
2026-04-23 20:50:35,329 [ genlib ] [ INFO ] No partner found for atom CD
2026-04-23 20:50:35,329 [ genlib ] [ INFO ] Searching order 4
2026-04-23 20:50:35,329 [ genlib ] [ INFO ] Searching order 5
2026-04-23 20:50:35,329 [ genlib ] [ INFO ] Searching order 6
2026-04-23 20:50:35,329 [ genlib ] [ INFO ] Searching order 7
2026-04-23 20:50:35,330 [ genlib ] [ INFO ] Updating bond lists
2026-04-23 20:50:35,330 [ genlib ] [ INFO ] Updating dihedrals
2026-04-23 20:50:35,330 [ genlib ] [ INFO ] Updating impropers
2026-04-23 20:50:35,330 [ genlib ] [ INFO ] Building library files for ARG --> ASH mutant
2026-04-23 20:50:35,331 [ genlib ] [ INFO ] reading rtp file "aminoacids.rtp"
2026-04-23 20:50:35,358 [ genlib ] [ INFO ] ENTERED SIMPLE
2026-04-23 20:50:35,358 [ genlib ] [ INFO ] Making atom pairs
2026-04-23 20:50:35,358 [ genlib ] [ INFO ] Searching branch 1
2026-04-23 20:50:35,358 [ genlib ] [ INFO ] Searching order 2
2026-04-23 20:50:35,358 [ genlib ] [ INFO ] Checking atom 1HB
2026-04-23 20:50:35,358 [ genlib ] [ INFO ] Define atom pair: ARG|1HB|HC|H         - > ASH|1HB|HC|H         (d = 0.08 A)
2026-04-23 20:50:35,358 [ genlib ] [ INFO ] Checking atom 2HB
2026-04-23 20:50:35,358 [ genlib ] [ INFO ] Define atom pair: ARG|2HB|HC|H         - > ASH|2HB|HC|H         (d = 0.08 A)
2026-04-23 20:50:35,358 [ genlib ] [ INFO ] Checking atom CG
2026-04-23 20:50:35,358 [ genlib ] [ INFO ] Define atom pair: ARG|CG|CT|C.3        - > ASH|CG|C|C.2         (d = 0.09 A)
2026-04-23 20:50:35,358 [ genlib ] [ INFO ] Searching order 3
2026-04-23 20:50:35,358 [ genlib ] [ INFO ] Checking atom 1HG
2026-04-23 20:50:35,358 [ genlib ] [ INFO ] No partner found for atom 1HG
2026-04-23 20:50:35,358 [ genlib ] [ INFO ] Checking atom 2HG
2026-04-23 20:50:35,358 [ genlib ] [ INFO ] No partner found for atom 2HG
2026-04-23 20:50:35,358 [ genlib ] [ INFO ] Checking atom CD
2026-04-23 20:50:35,358 [ genlib ] [ INFO ] Define atom pair: ARG|CD|CT|C.3        - > ASH|OD1|O|O.co2      (d = 0.34 A)
2026-04-23 20:50:35,358 [ genlib ] [ INFO ] Searching order 4
2026-04-23 20:50:35,358 [ genlib ] [ INFO ] Checking atom 1HD
2026-04-23 20:50:35,358 [ genlib ] [ INFO ] No partner found for atom 1HD
2026-04-23 20:50:35,358 [ genlib ] [ INFO ] Checking atom 2HD
2026-04-23 20:50:35,358 [ genlib ] [ INFO ] No partner found for atom 2HD
2026-04-23 20:50:35,358 [ genlib ] [ INFO ] Checking atom NE
2026-04-23 20:50:35,358 [ genlib ] [ INFO ] No partner found for atom NE
2026-04-23 20:50:35,358 [ genlib ] [ INFO ] Searching order 5
2026-04-23 20:50:35,358 [ genlib ] [ INFO ] Searching order 6
2026-04-23 20:50:35,358 [ genlib ] [ INFO ] Searching order 7
2026-04-23 20:50:35,358 [ genlib ] [ INFO ] Searching branch 2
2026-04-23 20:50:35,358 [ genlib ] [ INFO ] Searching order 2
2026-04-23 20:50:35,358 [ genlib ] [ INFO ] Searching order 3
2026-04-23 20:50:35,358 [ genlib ] [ INFO ] Checking atom 1HG
2026-04-23 20:50:35,358 [ genlib ] [ INFO ] No partner found for atom 1HG
2026-04-23 20:50:35,358 [ genlib ] [ INFO ] Checking atom 2HG
2026-04-23 20:50:35,358 [ genlib ] [ INFO ] No partner found for atom 2HG
2026-04-23 20:50:35,358 [ genlib ] [ INFO ] Searching order 4
2026-04-23 20:50:35,358 [ genlib ] [ INFO ] Checking atom 1HD
2026-04-23 20:50:35,358 [ genlib ] [ INFO ] No partner found for atom 1HD
2026-04-23 20:50:35,358 [ genlib ] [ INFO ] Checking atom 2HD
2026-04-23 20:50:35,358 [ genlib ] [ INFO ] No partner found for atom 2HD
2026-04-23 20:50:35,358 [ genlib ] [ INFO ] Checking atom NE
2026-04-23 20:50:35,358 [ genlib ] [ INFO ] No partner found for atom NE
2026-04-23 20:50:35,358 [ genlib ] [ INFO ] Searching order 5
2026-04-23 20:50:35,358 [ genlib ] [ INFO ] Searching order 6
2026-04-23 20:50:35,358 [ genlib ] [ INFO ] Searching order 7
2026-04-23 20:50:35,359 [ genlib ] [ INFO ] Updating bond lists
2026-04-23 20:50:35,359 [ genlib ] [ INFO ] Updating dihedrals
2026-04-23 20:50:35,359 [ genlib ] [ INFO ] Updating impropers
2026-04-23 20:50:35,360 [ genlib ] [ INFO ] Building library files for ARG --> ASN mutant
2026-04-23 20:50:35,360 [ genlib ] [ INFO ] reading rtp file "aminoacids.rtp"
2026-04-23 20:50:35,388 [ genlib ] [ INFO ] ENTERED SIMPLE
2026-04-23 20:50:35,388 [ genlib ] [ INFO ] Making atom pairs
2026-04-23 20:50:35,388 [ genlib ] [ INFO ] Searching branch 1
2026-04-23 20:50:35,388 [ genlib ] [ INFO ] Searching order 2
2026-04-23 20:50:35,388 [ genlib ] [ INFO ] Checking atom 1HB
2026-04-23 20:50:35,388 [ genlib ] [ INFO ] Define atom pair: ARG|1HB|HC|H         - > ASN|1HB|HC|H         (d = 0.14 A)
2026-04-23 20:50:35,388 [ genlib ] [ INFO ] Checking atom 2HB
2026-04-23 20:50:35,388 [ genlib ] [ INFO ] Define atom pair: ARG|2HB|HC|H         - > ASN|2HB|HC|H         (d = 0.10 A)
2026-04-23 20:50:35,388 [ genlib ] [ INFO ] Checking atom CG
2026-04-23 20:50:35,388 [ genlib ] [ INFO ] Define atom pair: ARG|CG|CT|C.3        - > ASN|CG|C|C.2         (d = 0.17 A)
2026-04-23 20:50:35,388 [ genlib ] [ INFO ] Searching order 3
2026-04-23 20:50:35,388 [ genlib ] [ INFO ] Checking atom 1HG
2026-04-23 20:50:35,388 [ genlib ] [ INFO ] No partner found for atom 1HG
2026-04-23 20:50:35,388 [ genlib ] [ INFO ] Checking atom 2HG
2026-04-23 20:50:35,388 [ genlib ] [ INFO ] No partner found for atom 2HG
2026-04-23 20:50:35,388 [ genlib ] [ INFO ] Checking atom CD
2026-04-23 20:50:35,388 [ genlib ] [ INFO ] Define atom pair: ARG|CD|CT|C.3        - > ASN|OD1|O|O.2        (d = 0.53 A)
2026-04-23 20:50:35,388 [ genlib ] [ INFO ] Searching order 4
2026-04-23 20:50:35,388 [ genlib ] [ INFO ] Checking atom 1HD
2026-04-23 20:50:35,388 [ genlib ] [ INFO ] No partner found for atom 1HD
2026-04-23 20:50:35,388 [ genlib ] [ INFO ] Checking atom 2HD
2026-04-23 20:50:35,388 [ genlib ] [ INFO ] No partner found for atom 2HD
2026-04-23 20:50:35,388 [ genlib ] [ INFO ] Checking atom NE
2026-04-23 20:50:35,388 [ genlib ] [ INFO ] No partner found for atom NE
2026-04-23 20:50:35,388 [ genlib ] [ INFO ] Searching order 5
2026-04-23 20:50:35,388 [ genlib ] [ INFO ] Searching order 6
2026-04-23 20:50:35,389 [ genlib ] [ INFO ] Searching order 7
2026-04-23 20:50:35,389 [ genlib ] [ INFO ] Searching branch 2
2026-04-23 20:50:35,389 [ genlib ] [ INFO ] Searching order 2
2026-04-23 20:50:35,389 [ genlib ] [ INFO ] Searching order 3
2026-04-23 20:50:35,389 [ genlib ] [ INFO ] Checking atom 1HG
2026-04-23 20:50:35,389 [ genlib ] [ INFO ] No partner found for atom 1HG
2026-04-23 20:50:35,389 [ genlib ] [ INFO ] Checking atom 2HG
2026-04-23 20:50:35,389 [ genlib ] [ INFO ] No partner found for atom 2HG
2026-04-23 20:50:35,389 [ genlib ] [ INFO ] Searching order 4
2026-04-23 20:50:35,389 [ genlib ] [ INFO ] Checking atom 1HD
2026-04-23 20:50:35,389 [ genlib ] [ INFO ] No partner found for atom 1HD
2026-04-23 20:50:35,389 [ genlib ] [ INFO ] Checking atom 2HD
2026-04-23 20:50:35,389 [ genlib ] [ INFO ] No partner found for atom 2HD
2026-04-23 20:50:35,389 [ genlib ] [ INFO ] Checking atom NE
2026-04-23 20:50:35,389 [ genlib ] [ INFO ] No partner found for atom NE
2026-04-23 20:50:35,389 [ genlib ] [ INFO ] Searching order 5
2026-04-23 20:50:35,389 [ genlib ] [ INFO ] Searching order 6
2026-04-23 20:50:35,389 [ genlib ] [ INFO ] Searching order 7
2026-04-23 20:50:35,390 [ genlib ] [ INFO ] Updating bond lists
2026-04-23 20:50:35,390 [ genlib ] [ INFO ] Updating dihedrals
2026-04-23 20:50:35,390 [ genlib ] [ INFO ] Updating impropers
2026-04-23 20:50:35,390 [ genlib ] [ INFO ] Building library files for ARG --> ASP mutant
2026-04-23 20:50:35,391 [ genlib ] [ INFO ] reading rtp file "aminoacids.rtp"
2026-04-23 20:50:35,417 [ genlib ] [ INFO ] ENTERED SIMPLE
2026-04-23 20:50:35,417 [ genlib ] [ INFO ] Making atom pairs
2026-04-23 20:50:35,418 [ genlib ] [ INFO ] Searching branch 1
2026-04-23 20:50:35,418 [ genlib ] [ INFO ] Searching order 2
2026-04-23 20:50:35,418 [ genlib ] [ INFO ] Checking atom 1HB
2026-04-23 20:50:35,418 [ genlib ] [ INFO ] Define atom pair: ARG|1HB|HC|H         - > ASP|1HB|HC|H         (d = 0.06 A)
2026-04-23 20:50:35,418 [ genlib ] [ INFO ] Checking atom 2HB
2026-04-23 20:50:35,418 [ genlib ] [ INFO ] Define atom pair: ARG|2HB|HC|H         - > ASP|2HB|HC|H         (d = 0.06 A)
2026-04-23 20:50:35,418 [ genlib ] [ INFO ] Checking atom CG
2026-04-23 20:50:35,418 [ genlib ] [ INFO ] Define atom pair: ARG|CG|CT|C.3        - > ASP|CG|C|C.2         (d = 0.09 A)
2026-04-23 20:50:35,418 [ genlib ] [ INFO ] Searching order 3
2026-04-23 20:50:35,418 [ genlib ] [ INFO ] Checking atom 1HG
2026-04-23 20:50:35,418 [ genlib ] [ INFO ] No partner found for atom 1HG
2026-04-23 20:50:35,418 [ genlib ] [ INFO ] Checking atom 2HG
2026-04-23 20:50:35,418 [ genlib ] [ INFO ] No partner found for atom 2HG
2026-04-23 20:50:35,418 [ genlib ] [ INFO ] Checking atom CD
2026-04-23 20:50:35,418 [ genlib ] [ INFO ] Define atom pair: ARG|CD|CT|C.3        - > ASP|OD1|O2|O.co2     (d = 0.34 A)
2026-04-23 20:50:35,418 [ genlib ] [ INFO ] Searching order 4
2026-04-23 20:50:35,418 [ genlib ] [ INFO ] Checking atom 1HD
2026-04-23 20:50:35,418 [ genlib ] [ INFO ] No partner found for atom 1HD
2026-04-23 20:50:35,418 [ genlib ] [ INFO ] Checking atom 2HD
2026-04-23 20:50:35,418 [ genlib ] [ INFO ] No partner found for atom 2HD
2026-04-23 20:50:35,418 [ genlib ] [ INFO ] Checking atom NE
2026-04-23 20:50:35,418 [ genlib ] [ INFO ] No partner found for atom NE
2026-04-23 20:50:35,418 [ genlib ] [ INFO ] Searching order 5
2026-04-23 20:50:35,418 [ genlib ] [ INFO ] Searching order 6
2026-04-23 20:50:35,418 [ genlib ] [ INFO ] Searching order 7
2026-04-23 20:50:35,418 [ genlib ] [ INFO ] Searching branch 2
2026-04-23 20:50:35,418 [ genlib ] [ INFO ] Searching order 2
2026-04-23 20:50:35,418 [ genlib ] [ INFO ] Searching order 3
2026-04-23 20:50:35,418 [ genlib ] [ INFO ] Checking atom 1HG
2026-04-23 20:50:35,418 [ genlib ] [ INFO ] No partner found for atom 1HG
2026-04-23 20:50:35,418 [ genlib ] [ INFO ] Checking atom 2HG
2026-04-23 20:50:35,418 [ genlib ] [ INFO ] No partner found for atom 2HG
2026-04-23 20:50:35,418 [ genlib ] [ INFO ] Searching order 4
2026-04-23 20:50:35,418 [ genlib ] [ INFO ] Checking atom 1HD
2026-04-23 20:50:35,418 [ genlib ] [ INFO ] No partner found for atom 1HD
2026-04-23 20:50:35,418 [ genlib ] [ INFO ] Checking atom 2HD
2026-04-23 20:50:35,418 [ genlib ] [ INFO ] No partner found for atom 2HD
2026-04-23 20:50:35,418 [ genlib ] [ INFO ] Checking atom NE
2026-04-23 20:50:35,418 [ genlib ] [ INFO ] No partner found for atom NE
2026-04-23 20:50:35,418 [ genlib ] [ INFO ] Searching order 5
2026-04-23 20:50:35,418 [ genlib ] [ INFO ] Searching order 6
2026-04-23 20:50:35,418 [ genlib ] [ INFO ] Searching order 7
2026-04-23 20:50:35,419 [ genlib ] [ INFO ] Updating bond lists
2026-04-23 20:50:35,419 [ genlib ] [ INFO ] Updating dihedrals
2026-04-23 20:50:35,419 [ genlib ] [ INFO ] Updating impropers
2026-04-23 20:50:35,419 [ genlib ] [ INFO ] Building library files for ARG --> CYS mutant
2026-04-23 20:50:35,420 [ genlib ] [ INFO ] reading rtp file "aminoacids.rtp"
2026-04-23 20:50:35,447 [ genlib ] [ INFO ] ENTERED SIMPLE
2026-04-23 20:50:35,447 [ genlib ] [ INFO ] Making atom pairs
2026-04-23 20:50:35,447 [ genlib ] [ INFO ] Searching branch 1
2026-04-23 20:50:35,447 [ genlib ] [ INFO ] Searching order 2
2026-04-23 20:50:35,447 [ genlib ] [ INFO ] Checking atom 1HB
2026-04-23 20:50:35,447 [ genlib ] [ INFO ] Define atom pair: ARG|1HB|HC|H         - > CYS|1HB|H1|H         (d = 0.03 A)
2026-04-23 20:50:35,447 [ genlib ] [ INFO ] Checking atom 2HB
2026-04-23 20:50:35,447 [ genlib ] [ INFO ] Define atom pair: ARG|2HB|HC|H         - > CYS|2HB|H1|H         (d = 0.02 A)
2026-04-23 20:50:35,447 [ genlib ] [ INFO ] Checking atom CG
2026-04-23 20:50:35,447 [ genlib ] [ INFO ] Define atom pair: ARG|CG|CT|C.3        - > CYS|SG|SH|S.3        (d = 0.26 A)
2026-04-23 20:50:35,447 [ genlib ] [ INFO ] Searching order 3
2026-04-23 20:50:35,447 [ genlib ] [ INFO ] Checking atom 1HG
2026-04-23 20:50:35,447 [ genlib ] [ INFO ] No partner found for atom 1HG
2026-04-23 20:50:35,447 [ genlib ] [ INFO ] Checking atom 2HG
2026-04-23 20:50:35,447 [ genlib ] [ INFO ] No partner found for atom 2HG
2026-04-23 20:50:35,447 [ genlib ] [ INFO ] Checking atom CD
2026-04-23 20:50:35,447 [ genlib ] [ INFO ] Define atom pair: ARG|CD|CT|C.3        - > CYS|HG|HS|H          (d = 0.25 A)
2026-04-23 20:50:35,447 [ genlib ] [ INFO ] Searching order 4
2026-04-23 20:50:35,447 [ genlib ] [ INFO ] Checking atom 1HD
2026-04-23 20:50:35,447 [ genlib ] [ INFO ] No partner found for atom 1HD
2026-04-23 20:50:35,447 [ genlib ] [ INFO ] Checking atom 2HD
2026-04-23 20:50:35,447 [ genlib ] [ INFO ] No partner found for atom 2HD
2026-04-23 20:50:35,447 [ genlib ] [ INFO ] Checking atom NE
2026-04-23 20:50:35,447 [ genlib ] [ INFO ] No partner found for atom NE
2026-04-23 20:50:35,447 [ genlib ] [ INFO ] Searching order 5
2026-04-23 20:50:35,447 [ genlib ] [ INFO ] Searching order 6
2026-04-23 20:50:35,447 [ genlib ] [ INFO ] Searching order 7
2026-04-23 20:50:35,447 [ genlib ] [ INFO ] Searching branch 2
2026-04-23 20:50:35,447 [ genlib ] [ INFO ] Searching order 2
2026-04-23 20:50:35,447 [ genlib ] [ INFO ] Searching order 3
2026-04-23 20:50:35,447 [ genlib ] [ INFO ] Checking atom 1HG
2026-04-23 20:50:35,447 [ genlib ] [ INFO ] No partner found for atom 1HG
2026-04-23 20:50:35,447 [ genlib ] [ INFO ] Checking atom 2HG
2026-04-23 20:50:35,447 [ genlib ] [ INFO ] No partner found for atom 2HG
2026-04-23 20:50:35,447 [ genlib ] [ INFO ] Searching order 4
2026-04-23 20:50:35,447 [ genlib ] [ INFO ] Checking atom 1HD
2026-04-23 20:50:35,447 [ genlib ] [ INFO ] No partner found for atom 1HD
2026-04-23 20:50:35,447 [ genlib ] [ INFO ] Checking atom 2HD
2026-04-23 20:50:35,447 [ genlib ] [ INFO ] No partner found for atom 2HD
2026-04-23 20:50:35,447 [ genlib ] [ INFO ] Checking atom NE
2026-04-23 20:50:35,447 [ genlib ] [ INFO ] No partner found for atom NE
2026-04-23 20:50:35,447 [ genlib ] [ INFO ] Searching order 5
2026-04-23 20:50:35,447 [ genlib ] [ INFO ] Searching order 6
2026-04-23 20:50:35,447 [ genlib ] [ INFO ] Searching order 7
2026-04-23 20:50:35,448 [ genlib ] [ INFO ] Updating bond lists
2026-04-23 20:50:35,448 [ genlib ] [ INFO ] Updating dihedrals
2026-04-23 20:50:35,448 [ genlib ] [ INFO ] Updating impropers
2026-04-23 20:50:35,448 [ genlib ] [ INFO ] Building library files for ARG --> GLH mutant
2026-04-23 20:50:35,449 [ genlib ] [ INFO ] reading rtp file "aminoacids.rtp"
2026-04-23 20:50:35,475 [ genlib ] [ INFO ] ENTERED SIMPLE
2026-04-23 20:50:35,475 [ genlib ] [ INFO ] Making atom pairs
2026-04-23 20:50:35,475 [ genlib ] [ INFO ] Searching branch 1
2026-04-23 20:50:35,475 [ genlib ] [ INFO ] Searching order 2
2026-04-23 20:50:35,475 [ genlib ] [ INFO ] Checking atom 1HB
2026-04-23 20:50:35,475 [ genlib ] [ INFO ] Define atom pair: ARG|1HB|HC|H         - > GLH|1HB|HC|H         (d = 0.15 A)
2026-04-23 20:50:35,475 [ genlib ] [ INFO ] Checking atom 2HB
2026-04-23 20:50:35,475 [ genlib ] [ INFO ] Define atom pair: ARG|2HB|HC|H         - > GLH|2HB|HC|H         (d = 0.16 A)
2026-04-23 20:50:35,475 [ genlib ] [ INFO ] Checking atom CG
2026-04-23 20:50:35,475 [ genlib ] [ INFO ] Define atom pair: ARG|CG|CT|C.3        - > GLH|CG|CT|C.3        (d = 0.25 A)
2026-04-23 20:50:35,475 [ genlib ] [ INFO ] Searching order 3
2026-04-23 20:50:35,475 [ genlib ] [ INFO ] Checking atom 1HG
2026-04-23 20:50:35,475 [ genlib ] [ INFO ] Define atom pair: ARG|1HG|HC|H         - > GLH|1HG|HC|H         (d = 0.33 A)
2026-04-23 20:50:35,475 [ genlib ] [ INFO ] Checking atom 2HG
2026-04-23 20:50:35,475 [ genlib ] [ INFO ] Define atom pair: ARG|2HG|HC|H         - > GLH|2HG|HC|H         (d = 0.30 A)
2026-04-23 20:50:35,475 [ genlib ] [ INFO ] Checking atom CD
2026-04-23 20:50:35,475 [ genlib ] [ INFO ] Define atom pair: ARG|CD|CT|C.3        - > GLH|CD|C|C.2         (d = 0.25 A)
2026-04-23 20:50:35,475 [ genlib ] [ INFO ] Searching order 4
2026-04-23 20:50:35,475 [ genlib ] [ INFO ] Checking atom 1HD
2026-04-23 20:50:35,475 [ genlib ] [ INFO ] No partner found for atom 1HD
2026-04-23 20:50:35,475 [ genlib ] [ INFO ] Checking atom 2HD
2026-04-23 20:50:35,475 [ genlib ] [ INFO ] No partner found for atom 2HD
2026-04-23 20:50:35,475 [ genlib ] [ INFO ] Checking atom NE
2026-04-23 20:50:35,475 [ genlib ] [ INFO ] Define atom pair: ARG|NE|N2|N.pl3      - > GLH|OE1|O|O.co2      (d = 0.43 A)
2026-04-23 20:50:35,475 [ genlib ] [ INFO ] Searching order 5
2026-04-23 20:50:35,475 [ genlib ] [ INFO ] Checking atom HE
2026-04-23 20:50:35,475 [ genlib ] [ INFO ] No partner found for atom HE
2026-04-23 20:50:35,475 [ genlib ] [ INFO ] Checking atom CZ
2026-04-23 20:50:35,475 [ genlib ] [ INFO ] No partner found for atom CZ
2026-04-23 20:50:35,475 [ genlib ] [ INFO ] Searching order 6
2026-04-23 20:50:35,475 [ genlib ] [ INFO ] Searching order 7
2026-04-23 20:50:35,475 [ genlib ] [ INFO ] Searching branch 2
2026-04-23 20:50:35,475 [ genlib ] [ INFO ] Searching order 2
2026-04-23 20:50:35,475 [ genlib ] [ INFO ] Searching order 3
2026-04-23 20:50:35,475 [ genlib ] [ INFO ] Searching order 4
2026-04-23 20:50:35,475 [ genlib ] [ INFO ] Checking atom 1HD
2026-04-23 20:50:35,475 [ genlib ] [ INFO ] No partner found for atom 1HD
2026-04-23 20:50:35,475 [ genlib ] [ INFO ] Checking atom 2HD
2026-04-23 20:50:35,476 [ genlib ] [ INFO ] No partner found for atom 2HD
2026-04-23 20:50:35,476 [ genlib ] [ INFO ] Searching order 5
2026-04-23 20:50:35,476 [ genlib ] [ INFO ] Checking atom HE
2026-04-23 20:50:35,476 [ genlib ] [ INFO ] No partner found for atom HE
2026-04-23 20:50:35,476 [ genlib ] [ INFO ] Checking atom CZ
2026-04-23 20:50:35,476 [ genlib ] [ INFO ] No partner found for atom CZ
2026-04-23 20:50:35,476 [ genlib ] [ INFO ] Searching order 6
2026-04-23 20:50:35,476 [ genlib ] [ INFO ] Searching order 7
2026-04-23 20:50:35,476 [ genlib ] [ INFO ] Updating bond lists
2026-04-23 20:50:35,477 [ genlib ] [ INFO ] Updating dihedrals
2026-04-23 20:50:35,477 [ genlib ] [ INFO ] Updating impropers
2026-04-23 20:50:35,477 [ genlib ] [ INFO ] Building library files for ARG --> GLN mutant
2026-04-23 20:50:35,478 [ genlib ] [ INFO ] reading rtp file "aminoacids.rtp"
2026-04-23 20:50:35,535 [ genlib ] [ INFO ] ENTERED SIMPLE
2026-04-23 20:50:35,535 [ genlib ] [ INFO ] Making atom pairs
2026-04-23 20:50:35,535 [ genlib ] [ INFO ] Searching branch 1
2026-04-23 20:50:35,535 [ genlib ] [ INFO ] Searching order 2
2026-04-23 20:50:35,535 [ genlib ] [ INFO ] Checking atom 1HB
2026-04-23 20:50:35,535 [ genlib ] [ INFO ] Define atom pair: ARG|1HB|HC|H         - > GLN|1HB|HC|H         (d = 0.02 A)
2026-04-23 20:50:35,535 [ genlib ] [ INFO ] Checking atom 2HB
2026-04-23 20:50:35,535 [ genlib ] [ INFO ] Define atom pair: ARG|2HB|HC|H         - > GLN|2HB|HC|H         (d = 0.05 A)
2026-04-23 20:50:35,535 [ genlib ] [ INFO ] Checking atom CG
2026-04-23 20:50:35,535 [ genlib ] [ INFO ] Define atom pair: ARG|CG|CT|C.3        - > GLN|CG|CT|C.3        (d = 0.04 A)
2026-04-23 20:50:35,535 [ genlib ] [ INFO ] Searching order 3
2026-04-23 20:50:35,535 [ genlib ] [ INFO ] Checking atom 1HG
2026-04-23 20:50:35,535 [ genlib ] [ INFO ] Define atom pair: ARG|1HG|HC|H         - > GLN|1HG|HC|H         (d = 0.06 A)
2026-04-23 20:50:35,535 [ genlib ] [ INFO ] Checking atom 2HG
2026-04-23 20:50:35,535 [ genlib ] [ INFO ] Define atom pair: ARG|2HG|HC|H         - > GLN|2HG|HC|H         (d = 0.05 A)
2026-04-23 20:50:35,535 [ genlib ] [ INFO ] Checking atom CD
2026-04-23 20:50:35,535 [ genlib ] [ INFO ] Define atom pair: ARG|CD|CT|C.3        - > GLN|CD|C|C.2         (d = 0.04 A)
2026-04-23 20:50:35,535 [ genlib ] [ INFO ] Searching order 4
2026-04-23 20:50:35,535 [ genlib ] [ INFO ] Checking atom 1HD
2026-04-23 20:50:35,535 [ genlib ] [ INFO ] No partner found for atom 1HD
2026-04-23 20:50:35,535 [ genlib ] [ INFO ] Checking atom 2HD
2026-04-23 20:50:35,535 [ genlib ] [ INFO ] No partner found for atom 2HD
2026-04-23 20:50:35,535 [ genlib ] [ INFO ] Checking atom NE
2026-04-23 20:50:35,535 [ genlib ] [ INFO ] Define atom pair: ARG|NE|N2|N.pl3      - > GLN|OE1|O|O.2        (d = 0.27 A)
2026-04-23 20:50:35,535 [ genlib ] [ INFO ] Searching order 5
2026-04-23 20:50:35,535 [ genlib ] [ INFO ] Checking atom HE
2026-04-23 20:50:35,535 [ genlib ] [ INFO ] No partner found for atom HE
2026-04-23 20:50:35,535 [ genlib ] [ INFO ] Checking atom CZ
2026-04-23 20:50:35,535 [ genlib ] [ INFO ] No partner found for atom CZ
2026-04-23 20:50:35,535 [ genlib ] [ INFO ] Searching order 6
2026-04-23 20:50:35,535 [ genlib ] [ INFO ] Searching order 7
2026-04-23 20:50:35,535 [ genlib ] [ INFO ] Searching branch 2
2026-04-23 20:50:35,536 [ genlib ] [ INFO ] Searching order 2
2026-04-23 20:50:35,536 [ genlib ] [ INFO ] Searching order 3
2026-04-23 20:50:35,536 [ genlib ] [ INFO ] Searching order 4
2026-04-23 20:50:35,536 [ genlib ] [ INFO ] Checking atom 1HD
2026-04-23 20:50:35,536 [ genlib ] [ INFO ] No partner found for atom 1HD
2026-04-23 20:50:35,536 [ genlib ] [ INFO ] Checking atom 2HD
2026-04-23 20:50:35,536 [ genlib ] [ INFO ] No partner found for atom 2HD
2026-04-23 20:50:35,536 [ genlib ] [ INFO ] Searching order 5
2026-04-23 20:50:35,536 [ genlib ] [ INFO ] Checking atom HE
2026-04-23 20:50:35,536 [ genlib ] [ INFO ] No partner found for atom HE
2026-04-23 20:50:35,536 [ genlib ] [ INFO ] Checking atom CZ
2026-04-23 20:50:35,536 [ genlib ] [ INFO ] No partner found for atom CZ
2026-04-23 20:50:35,536 [ genlib ] [ INFO ] Searching order 6
2026-04-23 20:50:35,536 [ genlib ] [ INFO ] Searching order 7
2026-04-23 20:50:35,538 [ genlib ] [ INFO ] Updating bond lists
2026-04-23 20:50:35,539 [ genlib ] [ INFO ] Updating dihedrals
2026-04-23 20:50:35,539 [ genlib ] [ INFO ] Updating impropers
2026-04-23 20:50:35,539 [ genlib ] [ INFO ] Building library files for ARG --> GLU mutant
2026-04-23 20:50:35,541 [ genlib ] [ INFO ] reading rtp file "aminoacids.rtp"
2026-04-23 20:50:35,570 [ genlib ] [ INFO ] ENTERED SIMPLE
2026-04-23 20:50:35,570 [ genlib ] [ INFO ] Making atom pairs
2026-04-23 20:50:35,570 [ genlib ] [ INFO ] Searching branch 1
2026-04-23 20:50:35,570 [ genlib ] [ INFO ] Searching order 2
2026-04-23 20:50:35,570 [ genlib ] [ INFO ] Checking atom 1HB
2026-04-23 20:50:35,570 [ genlib ] [ INFO ] Define atom pair: ARG|1HB|HC|H         - > GLU|1HB|HC|H         (d = 0.12 A)
2026-04-23 20:50:35,570 [ genlib ] [ INFO ] Checking atom 2HB
2026-04-23 20:50:35,570 [ genlib ] [ INFO ] Define atom pair: ARG|2HB|HC|H         - > GLU|2HB|HC|H         (d = 0.20 A)
2026-04-23 20:50:35,570 [ genlib ] [ INFO ] Checking atom CG
2026-04-23 20:50:35,570 [ genlib ] [ INFO ] Define atom pair: ARG|CG|CT|C.3        - > GLU|CG|CT|C.3        (d = 0.24 A)
2026-04-23 20:50:35,570 [ genlib ] [ INFO ] Searching order 3
2026-04-23 20:50:35,570 [ genlib ] [ INFO ] Checking atom 1HG
2026-04-23 20:50:35,570 [ genlib ] [ INFO ] Define atom pair: ARG|1HG|HC|H         - > GLU|1HG|HC|H         (d = 0.28 A)
2026-04-23 20:50:35,570 [ genlib ] [ INFO ] Checking atom 2HG
2026-04-23 20:50:35,570 [ genlib ] [ INFO ] Define atom pair: ARG|2HG|HC|H         - > GLU|2HG|HC|H         (d = 0.31 A)
2026-04-23 20:50:35,570 [ genlib ] [ INFO ] Checking atom CD
2026-04-23 20:50:35,570 [ genlib ] [ INFO ] Define atom pair: ARG|CD|CT|C.3        - > GLU|CD|C|C.2         (d = 0.25 A)
2026-04-23 20:50:35,570 [ genlib ] [ INFO ] Searching order 4
2026-04-23 20:50:35,570 [ genlib ] [ INFO ] Checking atom 1HD
2026-04-23 20:50:35,570 [ genlib ] [ INFO ] No partner found for atom 1HD
2026-04-23 20:50:35,570 [ genlib ] [ INFO ] Checking atom 2HD
2026-04-23 20:50:35,570 [ genlib ] [ INFO ] No partner found for atom 2HD
2026-04-23 20:50:35,570 [ genlib ] [ INFO ] Checking atom NE
2026-04-23 20:50:35,570 [ genlib ] [ INFO ] Define atom pair: ARG|NE|N2|N.pl3      - > GLU|OE1|O2|O.co2     (d = 0.43 A)
2026-04-23 20:50:35,570 [ genlib ] [ INFO ] Searching order 5
2026-04-23 20:50:35,570 [ genlib ] [ INFO ] Checking atom HE
2026-04-23 20:50:35,570 [ genlib ] [ INFO ] No partner found for atom HE
2026-04-23 20:50:35,570 [ genlib ] [ INFO ] Checking atom CZ
2026-04-23 20:50:35,570 [ genlib ] [ INFO ] No partner found for atom CZ
2026-04-23 20:50:35,570 [ genlib ] [ INFO ] Searching order 6
2026-04-23 20:50:35,570 [ genlib ] [ INFO ] Searching order 7
2026-04-23 20:50:35,570 [ genlib ] [ INFO ] Searching branch 2
2026-04-23 20:50:35,570 [ genlib ] [ INFO ] Searching order 2
2026-04-23 20:50:35,570 [ genlib ] [ INFO ] Searching order 3
2026-04-23 20:50:35,570 [ genlib ] [ INFO ] Searching order 4
2026-04-23 20:50:35,570 [ genlib ] [ INFO ] Checking atom 1HD
2026-04-23 20:50:35,571 [ genlib ] [ INFO ] No partner found for atom 1HD
2026-04-23 20:50:35,571 [ genlib ] [ INFO ] Checking atom 2HD
2026-04-23 20:50:35,571 [ genlib ] [ INFO ] No partner found for atom 2HD
2026-04-23 20:50:35,571 [ genlib ] [ INFO ] Searching order 5
2026-04-23 20:50:35,571 [ genlib ] [ INFO ] Checking atom HE
2026-04-23 20:50:35,571 [ genlib ] [ INFO ] No partner found for atom HE
2026-04-23 20:50:35,571 [ genlib ] [ INFO ] Checking atom CZ
2026-04-23 20:50:35,571 [ genlib ] [ INFO ] No partner found for atom CZ
2026-04-23 20:50:35,571 [ genlib ] [ INFO ] Searching order 6
2026-04-23 20:50:35,571 [ genlib ] [ INFO ] Searching order 7
2026-04-23 20:50:35,571 [ genlib ] [ INFO ] Updating bond lists
2026-04-23 20:50:35,571 [ genlib ] [ INFO ] Updating dihedrals
2026-04-23 20:50:35,571 [ genlib ] [ INFO ] Updating impropers
2026-04-23 20:50:35,572 [ genlib ] [ INFO ] Building library files for ARG --> GLY mutant
2026-04-23 20:50:35,573 [ genlib ] [ INFO ] reading rtp file "aminoacids.rtp"
2026-04-23 20:50:35,600 [ genlib ] [ INFO ] ENTERED G
2026-04-23 20:50:35,600 [ genlib ] [ INFO ] Making atom pairs
2026-04-23 20:50:35,602 [ genlib ] [ INFO ] Updating bond lists
2026-04-23 20:50:35,602 [ genlib ] [ INFO ] Updating dihedrals
2026-04-23 20:50:35,602 [ genlib ] [ INFO ] Updating impropers
2026-04-23 20:50:35,602 [ genlib ] [ WARNING ] undefined
2026-04-23 20:50:35,603 [ genlib ] [ INFO ] Building library files for ARG --> HID mutant
2026-04-23 20:50:35,603 [ genlib ] [ INFO ] reading rtp file "aminoacids.rtp"
2026-04-23 20:50:35,631 [ genlib ] [ INFO ] ENTERED RINGS
2026-04-23 20:50:35,631 [ genlib ] [ INFO ] Making atom pairs
2026-04-23 20:50:35,634 [ genlib ] [ INFO ] Updating bond lists
2026-04-23 20:50:35,634 [ genlib ] [ INFO ] Updating dihedrals
2026-04-23 20:50:35,634 [ genlib ] [ INFO ] Updating impropers
2026-04-23 20:50:35,635 [ genlib ] [ INFO ] Building library files for ARG --> HIE mutant
2026-04-23 20:50:35,636 [ genlib ] [ INFO ] reading rtp file "aminoacids.rtp"
2026-04-23 20:50:35,663 [ genlib ] [ INFO ] ENTERED RINGS
2026-04-23 20:50:35,663 [ genlib ] [ INFO ] Making atom pairs
2026-04-23 20:50:35,666 [ genlib ] [ INFO ] Updating bond lists
2026-04-23 20:50:35,666 [ genlib ] [ INFO ] Updating dihedrals
2026-04-23 20:50:35,666 [ genlib ] [ INFO ] Updating impropers
2026-04-23 20:50:35,667 [ genlib ] [ INFO ] Building library files for ARG --> HIP mutant
2026-04-23 20:50:35,668 [ genlib ] [ INFO ] reading rtp file "aminoacids.rtp"
2026-04-23 20:50:35,696 [ genlib ] [ INFO ] ENTERED RINGS
2026-04-23 20:50:35,696 [ genlib ] [ INFO ] Making atom pairs
2026-04-23 20:50:35,699 [ genlib ] [ INFO ] Updating bond lists
2026-04-23 20:50:35,699 [ genlib ] [ INFO ] Updating dihedrals
2026-04-23 20:50:35,699 [ genlib ] [ INFO ] Updating impropers
2026-04-23 20:50:35,700 [ genlib ] [ INFO ] Building library files for ARG --> ILE mutant
2026-04-23 20:50:35,701 [ genlib ] [ INFO ] reading rtp file "aminoacids.rtp"
2026-04-23 20:50:35,731 [ genlib ] [ INFO ] ENTERED SIMPLE
2026-04-23 20:50:35,731 [ genlib ] [ INFO ] Making atom pairs
2026-04-23 20:50:35,731 [ genlib ] [ INFO ] Searching branch 1
2026-04-23 20:50:35,731 [ genlib ] [ INFO ] Searching order 2
2026-04-23 20:50:35,731 [ genlib ] [ INFO ] Checking atom 1HB
2026-04-23 20:50:35,731 [ genlib ] [ INFO ] Define atom pair: ARG|1HB|HC|H         - > ILE|HB|HC|H          (d = 0.09 A)
2026-04-23 20:50:35,731 [ genlib ] [ INFO ] Checking atom 2HB
2026-04-23 20:50:35,731 [ genlib ] [ INFO ] Define atom pair: ARG|2HB|HC|H         - > ILE|CG2|CT|C.3       (d = 0.52 A)
2026-04-23 20:50:35,731 [ genlib ] [ INFO ] Checking atom CG
2026-04-23 20:50:35,731 [ genlib ] [ INFO ] Define atom pair: ARG|CG|CT|C.3        - > ILE|CG1|CT|C.3       (d = 0.10 A)
2026-04-23 20:50:35,731 [ genlib ] [ INFO ] Searching order 3
2026-04-23 20:50:35,731 [ genlib ] [ INFO ] Checking atom 1HG
2026-04-23 20:50:35,731 [ genlib ] [ INFO ] Define atom pair: ARG|1HG|HC|H         - > ILE|1HG1|HC|H        (d = 0.12 A)
2026-04-23 20:50:35,731 [ genlib ] [ INFO ] Checking atom 2HG
2026-04-23 20:50:35,731 [ genlib ] [ INFO ] Define atom pair: ARG|2HG|HC|H         - > ILE|2HG1|HC|H        (d = 0.10 A)
2026-04-23 20:50:35,731 [ genlib ] [ INFO ] Checking atom CD
2026-04-23 20:50:35,731 [ genlib ] [ INFO ] Define atom pair: ARG|CD|CT|C.3        - > ILE|CD1|CT|C.3       (d = 0.11 A)
2026-04-23 20:50:35,731 [ genlib ] [ INFO ] Searching order 4
2026-04-23 20:50:35,731 [ genlib ] [ INFO ] Checking atom 1HD
2026-04-23 20:50:35,731 [ genlib ] [ INFO ] Define atom pair: ARG|1HD|H1|H         - > ILE|2HD1|HC|H        (d = 0.10 A)
2026-04-23 20:50:35,731 [ genlib ] [ INFO ] Checking atom 2HD
2026-04-23 20:50:35,731 [ genlib ] [ INFO ] Define atom pair: ARG|2HD|H1|H         - > ILE|3HD1|HC|H        (d = 0.12 A)
2026-04-23 20:50:35,731 [ genlib ] [ INFO ] Checking atom NE
2026-04-23 20:50:35,731 [ genlib ] [ INFO ] Define atom pair: ARG|NE|N2|N.pl3      - > ILE|1HD1|HC|H        (d = 0.42 A)
2026-04-23 20:50:35,731 [ genlib ] [ INFO ] Searching order 5
2026-04-23 20:50:35,731 [ genlib ] [ INFO ] Checking atom HE
2026-04-23 20:50:35,731 [ genlib ] [ INFO ] No partner found for atom HE
2026-04-23 20:50:35,731 [ genlib ] [ INFO ] Checking atom CZ
2026-04-23 20:50:35,731 [ genlib ] [ INFO ] No partner found for atom CZ
2026-04-23 20:50:35,731 [ genlib ] [ INFO ] Searching order 6
2026-04-23 20:50:35,731 [ genlib ] [ INFO ] Searching order 7
2026-04-23 20:50:35,731 [ genlib ] [ INFO ] Searching branch 2
2026-04-23 20:50:35,731 [ genlib ] [ INFO ] Searching order 2
2026-04-23 20:50:35,731 [ genlib ] [ INFO ] Searching order 3
2026-04-23 20:50:35,731 [ genlib ] [ INFO ] Searching order 4
2026-04-23 20:50:35,731 [ genlib ] [ INFO ] Searching order 5
2026-04-23 20:50:35,731 [ genlib ] [ INFO ] Checking atom HE
2026-04-23 20:50:35,731 [ genlib ] [ INFO ] No partner found for atom HE
2026-04-23 20:50:35,731 [ genlib ] [ INFO ] Checking atom CZ
2026-04-23 20:50:35,731 [ genlib ] [ INFO ] No partner found for atom CZ
2026-04-23 20:50:35,731 [ genlib ] [ INFO ] Searching order 6
2026-04-23 20:50:35,731 [ genlib ] [ INFO ] Searching order 7
2026-04-23 20:50:35,733 [ genlib ] [ INFO ] Updating bond lists
2026-04-23 20:50:35,733 [ genlib ] [ INFO ] Updating dihedrals
2026-04-23 20:50:35,733 [ genlib ] [ INFO ] Updating impropers
2026-04-23 20:50:35,734 [ genlib ] [ INFO ] Building library files for ARG --> LEU mutant
2026-04-23 20:50:35,736 [ genlib ] [ INFO ] reading rtp file "aminoacids.rtp"
2026-04-23 20:50:35,778 [ genlib ] [ INFO ] ENTERED SIMPLE
2026-04-23 20:50:35,778 [ genlib ] [ INFO ] Making atom pairs
2026-04-23 20:50:35,779 [ genlib ] [ INFO ] Searching branch 1
2026-04-23 20:50:35,779 [ genlib ] [ INFO ] Searching order 2
2026-04-23 20:50:35,779 [ genlib ] [ INFO ] Checking atom 1HB
2026-04-23 20:50:35,779 [ genlib ] [ INFO ] Define atom pair: ARG|1HB|HC|H         - > LEU|1HB|HC|H         (d = 0.10 A)
2026-04-23 20:50:35,779 [ genlib ] [ INFO ] Checking atom 2HB
2026-04-23 20:50:35,779 [ genlib ] [ INFO ] Define atom pair: ARG|2HB|HC|H         - > LEU|2HB|HC|H         (d = 0.08 A)
2026-04-23 20:50:35,779 [ genlib ] [ INFO ] Checking atom CG
2026-04-23 20:50:35,779 [ genlib ] [ INFO ] Define atom pair: ARG|CG|CT|C.3        - > LEU|CG|CT|C.3        (d = 0.14 A)
2026-04-23 20:50:35,779 [ genlib ] [ INFO ] Searching order 3
2026-04-23 20:50:35,779 [ genlib ] [ INFO ] Checking atom 1HG
2026-04-23 20:50:35,779 [ genlib ] [ INFO ] Define atom pair: ARG|1HG|HC|H         - > LEU|CD2|CT|C.3       (d = 0.48 A)
2026-04-23 20:50:35,779 [ genlib ] [ INFO ] Checking atom 2HG
2026-04-23 20:50:35,779 [ genlib ] [ INFO ] Define atom pair: ARG|2HG|HC|H         - > LEU|HG|HC|H          (d = 0.18 A)
2026-04-23 20:50:35,779 [ genlib ] [ INFO ] Checking atom CD
2026-04-23 20:50:35,779 [ genlib ] [ INFO ] Define atom pair: ARG|CD|CT|C.3        - > LEU|CD1|CT|C.3       (d = 0.16 A)
2026-04-23 20:50:35,779 [ genlib ] [ INFO ] Searching order 4
2026-04-23 20:50:35,779 [ genlib ] [ INFO ] Checking atom 1HD
2026-04-23 20:50:35,779 [ genlib ] [ INFO ] Define atom pair: ARG|1HD|H1|H         - > LEU|2HD1|HC|H        (d = 0.14 A)
2026-04-23 20:50:35,779 [ genlib ] [ INFO ] Checking atom 2HD
2026-04-23 20:50:35,779 [ genlib ] [ INFO ] Define atom pair: ARG|2HD|H1|H         - > LEU|3HD1|HC|H        (d = 0.14 A)
2026-04-23 20:50:35,779 [ genlib ] [ INFO ] Checking atom NE
2026-04-23 20:50:35,779 [ genlib ] [ INFO ] Define atom pair: ARG|NE|N2|N.pl3      - > LEU|1HD1|HC|H        (d = 0.46 A)
2026-04-23 20:50:35,779 [ genlib ] [ INFO ] Searching order 5
2026-04-23 20:50:35,779 [ genlib ] [ INFO ] Checking atom HE
2026-04-23 20:50:35,779 [ genlib ] [ INFO ] No partner found for atom HE
2026-04-23 20:50:35,779 [ genlib ] [ INFO ] Checking atom CZ
2026-04-23 20:50:35,779 [ genlib ] [ INFO ] No partner found for atom CZ
2026-04-23 20:50:35,779 [ genlib ] [ INFO ] Searching order 6
2026-04-23 20:50:35,779 [ genlib ] [ INFO ] Searching order 7
2026-04-23 20:50:35,779 [ genlib ] [ INFO ] Searching branch 2
2026-04-23 20:50:35,779 [ genlib ] [ INFO ] Searching order 2
2026-04-23 20:50:35,779 [ genlib ] [ INFO ] Searching order 3
2026-04-23 20:50:35,779 [ genlib ] [ INFO ] Searching order 4
2026-04-23 20:50:35,779 [ genlib ] [ INFO ] Searching order 5
2026-04-23 20:50:35,779 [ genlib ] [ INFO ] Checking atom HE
2026-04-23 20:50:35,779 [ genlib ] [ INFO ] No partner found for atom HE
2026-04-23 20:50:35,779 [ genlib ] [ INFO ] Checking atom CZ
2026-04-23 20:50:35,779 [ genlib ] [ INFO ] No partner found for atom CZ
2026-04-23 20:50:35,779 [ genlib ] [ INFO ] Searching order 6
2026-04-23 20:50:35,779 [ genlib ] [ INFO ] Searching order 7
2026-04-23 20:50:35,780 [ genlib ] [ INFO ] Updating bond lists
2026-04-23 20:50:35,780 [ genlib ] [ INFO ] Updating dihedrals
2026-04-23 20:50:35,780 [ genlib ] [ INFO ] Updating impropers
2026-04-23 20:50:35,781 [ genlib ] [ INFO ] Building library files for ARG --> LYN mutant
2026-04-23 20:50:35,782 [ genlib ] [ INFO ] reading rtp file "aminoacids.rtp"
2026-04-23 20:50:35,809 [ genlib ] [ INFO ] ENTERED SIMPLE
2026-04-23 20:50:35,809 [ genlib ] [ INFO ] Making atom pairs
2026-04-23 20:50:35,809 [ genlib ] [ INFO ] Searching branch 1
2026-04-23 20:50:35,809 [ genlib ] [ INFO ] Searching order 2
2026-04-23 20:50:35,809 [ genlib ] [ INFO ] Checking atom 1HB
2026-04-23 20:50:35,809 [ genlib ] [ INFO ] Define atom pair: ARG|1HB|HC|H         - > LYN|1HB|HC|H         (d = 0.09 A)
2026-04-23 20:50:35,809 [ genlib ] [ INFO ] Checking atom 2HB
2026-04-23 20:50:35,809 [ genlib ] [ INFO ] Define atom pair: ARG|2HB|HC|H         - > LYN|2HB|HC|H         (d = 0.10 A)
2026-04-23 20:50:35,809 [ genlib ] [ INFO ] Checking atom CG
2026-04-23 20:50:35,809 [ genlib ] [ INFO ] Define atom pair: ARG|CG|CT|C.3        - > LYN|CG|CT|C.3        (d = 0.01 A)
2026-04-23 20:50:35,809 [ genlib ] [ INFO ] Searching order 3
2026-04-23 20:50:35,809 [ genlib ] [ INFO ] Checking atom 1HG
2026-04-23 20:50:35,809 [ genlib ] [ INFO ] Define atom pair: ARG|1HG|HC|H         - > LYN|1HG|HC|H         (d = 0.11 A)
2026-04-23 20:50:35,809 [ genlib ] [ INFO ] Checking atom 2HG
2026-04-23 20:50:35,809 [ genlib ] [ INFO ] Define atom pair: ARG|2HG|HC|H         - > LYN|2HG|HC|H         (d = 0.09 A)
2026-04-23 20:50:35,809 [ genlib ] [ INFO ] Checking atom CD
2026-04-23 20:50:35,809 [ genlib ] [ INFO ] Define atom pair: ARG|CD|CT|C.3        - > LYN|CD|CT|C.3        (d = 0.02 A)
2026-04-23 20:50:35,809 [ genlib ] [ INFO ] Searching order 4
2026-04-23 20:50:35,809 [ genlib ] [ INFO ] Checking atom 1HD
2026-04-23 20:50:35,809 [ genlib ] [ INFO ] Define atom pair: ARG|1HD|H1|H         - > LYN|1HD|HC|H         (d = 0.08 A)
2026-04-23 20:50:35,809 [ genlib ] [ INFO ] Checking atom 2HD
2026-04-23 20:50:35,809 [ genlib ] [ INFO ] Define atom pair: ARG|2HD|H1|H         - > LYN|2HD|HC|H         (d = 0.09 A)
2026-04-23 20:50:35,809 [ genlib ] [ INFO ] Checking atom NE
2026-04-23 20:50:35,809 [ genlib ] [ INFO ] Define atom pair: ARG|NE|N2|N.pl3      - > LYN|CE|CT|C.3        (d = 0.07 A)
2026-04-23 20:50:35,809 [ genlib ] [ INFO ] Searching order 5
2026-04-23 20:50:35,809 [ genlib ] [ INFO ] Checking atom HE
2026-04-23 20:50:35,809 [ genlib ] [ INFO ] No partner found for atom HE
2026-04-23 20:50:35,809 [ genlib ] [ INFO ] Checking atom CZ
2026-04-23 20:50:35,809 [ genlib ] [ INFO ] Define atom pair: ARG|CZ|CA|C.cat      - > LYN|NZ|N3|N.4        (d = 0.41 A)
2026-04-23 20:50:35,809 [ genlib ] [ INFO ] Searching order 6
2026-04-23 20:50:35,809 [ genlib ] [ INFO ] Checking atom NH1
2026-04-23 20:50:35,809 [ genlib ] [ INFO ] Define atom pair: ARG|NH1|N2|N.pl3     - > LYN|1HZ|H|H          (d = 0.52 A)
2026-04-23 20:50:35,809 [ genlib ] [ INFO ] Checking atom NH2
2026-04-23 20:50:35,809 [ genlib ] [ INFO ] No partner found for atom NH2
2026-04-23 20:50:35,809 [ genlib ] [ INFO ] Searching order 7
2026-04-23 20:50:35,809 [ genlib ] [ INFO ] Checking atom 1HH1
2026-04-23 20:50:35,809 [ genlib ] [ INFO ] No partner found for atom 1HH1
2026-04-23 20:50:35,809 [ genlib ] [ INFO ] Checking atom 2HH1
2026-04-23 20:50:35,809 [ genlib ] [ INFO ] No partner found for atom 2HH1
2026-04-23 20:50:35,809 [ genlib ] [ INFO ] Searching branch 2
2026-04-23 20:50:35,809 [ genlib ] [ INFO ] Searching order 2
2026-04-23 20:50:35,809 [ genlib ] [ INFO ] Searching order 3
2026-04-23 20:50:35,809 [ genlib ] [ INFO ] Searching order 4
2026-04-23 20:50:35,809 [ genlib ] [ INFO ] Searching order 5
2026-04-23 20:50:35,809 [ genlib ] [ INFO ] Checking atom HE
2026-04-23 20:50:35,810 [ genlib ] [ INFO ] No partner found for atom HE
2026-04-23 20:50:35,810 [ genlib ] [ INFO ] Searching order 6
2026-04-23 20:50:35,810 [ genlib ] [ INFO ] Checking atom NH2
2026-04-23 20:50:35,810 [ genlib ] [ INFO ] No partner found for atom NH2
2026-04-23 20:50:35,810 [ genlib ] [ INFO ] Searching order 7
2026-04-23 20:50:35,810 [ genlib ] [ INFO ] Checking atom 1HH1
2026-04-23 20:50:35,810 [ genlib ] [ INFO ] No partner found for atom 1HH1
2026-04-23 20:50:35,810 [ genlib ] [ INFO ] Checking atom 2HH1
2026-04-23 20:50:35,810 [ genlib ] [ INFO ] No partner found for atom 2HH1
2026-04-23 20:50:35,811 [ genlib ] [ INFO ] Updating bond lists
2026-04-23 20:50:35,811 [ genlib ] [ INFO ] Updating dihedrals
2026-04-23 20:50:35,811 [ genlib ] [ INFO ] Updating impropers
2026-04-23 20:50:35,811 [ genlib ] [ INFO ] Building library files for ARG --> LYS mutant
2026-04-23 20:50:35,812 [ genlib ] [ INFO ] reading rtp file "aminoacids.rtp"
2026-04-23 20:50:35,840 [ genlib ] [ INFO ] ENTERED SIMPLE
2026-04-23 20:50:35,840 [ genlib ] [ INFO ] Making atom pairs
2026-04-23 20:50:35,840 [ genlib ] [ INFO ] Searching branch 1
2026-04-23 20:50:35,840 [ genlib ] [ INFO ] Searching order 2
2026-04-23 20:50:35,840 [ genlib ] [ INFO ] Checking atom 1HB
2026-04-23 20:50:35,840 [ genlib ] [ INFO ] Define atom pair: ARG|1HB|HC|H         - > LYS|1HB|HC|H         (d = 0.00 A)
2026-04-23 20:50:35,840 [ genlib ] [ INFO ] Checking atom 2HB
2026-04-23 20:50:35,840 [ genlib ] [ INFO ] Define atom pair: ARG|2HB|HC|H         - > LYS|2HB|HC|H         (d = 0.01 A)
2026-04-23 20:50:35,840 [ genlib ] [ INFO ] Checking atom CG
2026-04-23 20:50:35,840 [ genlib ] [ INFO ] Define atom pair: ARG|CG|CT|C.3        - > LYS|CG|CT|C.3        (d = 0.01 A)
2026-04-23 20:50:35,840 [ genlib ] [ INFO ] Searching order 3
2026-04-23 20:50:35,840 [ genlib ] [ INFO ] Checking atom 1HG
2026-04-23 20:50:35,840 [ genlib ] [ INFO ] Define atom pair: ARG|1HG|HC|H         - > LYS|1HG|HC|H         (d = 0.00 A)
2026-04-23 20:50:35,840 [ genlib ] [ INFO ] Checking atom 2HG
2026-04-23 20:50:35,840 [ genlib ] [ INFO ] Define atom pair: ARG|2HG|HC|H         - > LYS|2HG|HC|H         (d = 0.02 A)
2026-04-23 20:50:35,840 [ genlib ] [ INFO ] Checking atom CD
2026-04-23 20:50:35,840 [ genlib ] [ INFO ] Define atom pair: ARG|CD|CT|C.3        - > LYS|CD|CT|C.3        (d = 0.02 A)
2026-04-23 20:50:35,841 [ genlib ] [ INFO ] Searching order 4
2026-04-23 20:50:35,841 [ genlib ] [ INFO ] Checking atom 1HD
2026-04-23 20:50:35,841 [ genlib ] [ INFO ] Define atom pair: ARG|1HD|H1|H         - > LYS|1HD|HC|H         (d = 0.02 A)
2026-04-23 20:50:35,841 [ genlib ] [ INFO ] Checking atom 2HD
2026-04-23 20:50:35,841 [ genlib ] [ INFO ] Define atom pair: ARG|2HD|H1|H         - > LYS|2HD|HC|H         (d = 0.02 A)
2026-04-23 20:50:35,841 [ genlib ] [ INFO ] Checking atom NE
2026-04-23 20:50:35,841 [ genlib ] [ INFO ] Define atom pair: ARG|NE|N2|N.pl3      - > LYS|CE|CT|C.3        (d = 0.08 A)
2026-04-23 20:50:35,841 [ genlib ] [ INFO ] Searching order 5
2026-04-23 20:50:35,841 [ genlib ] [ INFO ] Checking atom HE
2026-04-23 20:50:35,841 [ genlib ] [ INFO ] No partner found for atom HE
2026-04-23 20:50:35,841 [ genlib ] [ INFO ] Checking atom CZ
2026-04-23 20:50:35,841 [ genlib ] [ INFO ] Define atom pair: ARG|CZ|CA|C.cat      - > LYS|NZ|N3|N.4        (d = 0.35 A)
2026-04-23 20:50:35,841 [ genlib ] [ INFO ] Searching order 6
2026-04-23 20:50:35,841 [ genlib ] [ INFO ] Checking atom NH1
2026-04-23 20:50:35,841 [ genlib ] [ INFO ] Define atom pair: ARG|NH1|N2|N.pl3     - > LYS|1HZ|H|H          (d = 0.51 A)
2026-04-23 20:50:35,841 [ genlib ] [ INFO ] Checking atom NH2
2026-04-23 20:50:35,841 [ genlib ] [ INFO ] No partner found for atom NH2
2026-04-23 20:50:35,841 [ genlib ] [ INFO ] Searching order 7
2026-04-23 20:50:35,841 [ genlib ] [ INFO ] Checking atom 1HH1
2026-04-23 20:50:35,841 [ genlib ] [ INFO ] No partner found for atom 1HH1
2026-04-23 20:50:35,841 [ genlib ] [ INFO ] Checking atom 2HH1
2026-04-23 20:50:35,841 [ genlib ] [ INFO ] No partner found for atom 2HH1
2026-04-23 20:50:35,841 [ genlib ] [ INFO ] Searching branch 2
2026-04-23 20:50:35,841 [ genlib ] [ INFO ] Searching order 2
2026-04-23 20:50:35,841 [ genlib ] [ INFO ] Searching order 3
2026-04-23 20:50:35,841 [ genlib ] [ INFO ] Searching order 4
2026-04-23 20:50:35,841 [ genlib ] [ INFO ] Searching order 5
2026-04-23 20:50:35,841 [ genlib ] [ INFO ] Checking atom HE
2026-04-23 20:50:35,841 [ genlib ] [ INFO ] No partner found for atom HE
2026-04-23 20:50:35,841 [ genlib ] [ INFO ] Searching order 6
2026-04-23 20:50:35,841 [ genlib ] [ INFO ] Checking atom NH2
2026-04-23 20:50:35,841 [ genlib ] [ INFO ] No partner found for atom NH2
2026-04-23 20:50:35,841 [ genlib ] [ INFO ] Searching order 7
2026-04-23 20:50:35,841 [ genlib ] [ INFO ] Checking atom 1HH1
2026-04-23 20:50:35,841 [ genlib ] [ INFO ] No partner found for atom 1HH1
2026-04-23 20:50:35,841 [ genlib ] [ INFO ] Checking atom 2HH1
2026-04-23 20:50:35,841 [ genlib ] [ INFO ] No partner found for atom 2HH1
2026-04-23 20:50:35,843 [ genlib ] [ INFO ] Updating bond lists
2026-04-23 20:50:35,843 [ genlib ] [ INFO ] Updating dihedrals
2026-04-23 20:50:35,843 [ genlib ] [ INFO ] Updating impropers
2026-04-23 20:50:35,844 [ genlib ] [ INFO ] Building library files for ARG --> MET mutant
2026-04-23 20:50:35,845 [ genlib ] [ INFO ] reading rtp file "aminoacids.rtp"
2026-04-23 20:50:35,877 [ genlib ] [ INFO ] ENTERED SIMPLE
2026-04-23 20:50:35,877 [ genlib ] [ INFO ] Making atom pairs
2026-04-23 20:50:35,877 [ genlib ] [ INFO ] Searching branch 1
2026-04-23 20:50:35,877 [ genlib ] [ INFO ] Searching order 2
2026-04-23 20:50:35,877 [ genlib ] [ INFO ] Checking atom 1HB
2026-04-23 20:50:35,877 [ genlib ] [ INFO ] Define atom pair: ARG|1HB|HC|H         - > MET|1HB|HC|H         (d = 0.07 A)
2026-04-23 20:50:35,877 [ genlib ] [ INFO ] Checking atom 2HB
2026-04-23 20:50:35,877 [ genlib ] [ INFO ] Define atom pair: ARG|2HB|HC|H         - > MET|2HB|HC|H         (d = 0.03 A)
2026-04-23 20:50:35,877 [ genlib ] [ INFO ] Checking atom CG
2026-04-23 20:50:35,877 [ genlib ] [ INFO ] Define atom pair: ARG|CG|CT|C.3        - > MET|CG|CT|C.3        (d = 0.06 A)
2026-04-23 20:50:35,877 [ genlib ] [ INFO ] Searching order 3
2026-04-23 20:50:35,877 [ genlib ] [ INFO ] Checking atom 1HG
2026-04-23 20:50:35,877 [ genlib ] [ INFO ] Define atom pair: ARG|1HG|HC|H         - > MET|1HG|H1|H         (d = 0.05 A)
2026-04-23 20:50:35,877 [ genlib ] [ INFO ] Checking atom 2HG
2026-04-23 20:50:35,877 [ genlib ] [ INFO ] Define atom pair: ARG|2HG|HC|H         - > MET|2HG|H1|H         (d = 0.06 A)
2026-04-23 20:50:35,877 [ genlib ] [ INFO ] Checking atom CD
2026-04-23 20:50:35,877 [ genlib ] [ INFO ] Define atom pair: ARG|CD|CT|C.3        - > MET|SD|S|S.3         (d = 0.23 A)
2026-04-23 20:50:35,877 [ genlib ] [ INFO ] Searching order 4
2026-04-23 20:50:35,877 [ genlib ] [ INFO ] Checking atom 1HD
2026-04-23 20:50:35,877 [ genlib ] [ INFO ] No partner found for atom 1HD
2026-04-23 20:50:35,877 [ genlib ] [ INFO ] Checking atom 2HD
2026-04-23 20:50:35,877 [ genlib ] [ INFO ] No partner found for atom 2HD
2026-04-23 20:50:35,877 [ genlib ] [ INFO ] Checking atom NE
2026-04-23 20:50:35,877 [ genlib ] [ INFO ] Define atom pair: ARG|NE|N2|N.pl3      - > MET|CE|CT|C.3        (d = 0.53 A)
2026-04-23 20:50:35,877 [ genlib ] [ INFO ] Searching order 5
2026-04-23 20:50:35,877 [ genlib ] [ INFO ] Checking atom HE
2026-04-23 20:50:35,877 [ genlib ] [ INFO ] No partner found for atom HE
2026-04-23 20:50:35,877 [ genlib ] [ INFO ] Checking atom CZ
2026-04-23 20:50:35,877 [ genlib ] [ INFO ] No partner found for atom CZ
2026-04-23 20:50:35,877 [ genlib ] [ INFO ] Searching order 6
2026-04-23 20:50:35,877 [ genlib ] [ INFO ] Searching order 7
2026-04-23 20:50:35,878 [ genlib ] [ INFO ] Searching branch 2
2026-04-23 20:50:35,878 [ genlib ] [ INFO ] Searching order 2
2026-04-23 20:50:35,878 [ genlib ] [ INFO ] Searching order 3
2026-04-23 20:50:35,878 [ genlib ] [ INFO ] Searching order 4
2026-04-23 20:50:35,878 [ genlib ] [ INFO ] Checking atom 1HD
2026-04-23 20:50:35,878 [ genlib ] [ INFO ] No partner found for atom 1HD
2026-04-23 20:50:35,878 [ genlib ] [ INFO ] Checking atom 2HD
2026-04-23 20:50:35,878 [ genlib ] [ INFO ] No partner found for atom 2HD
2026-04-23 20:50:35,878 [ genlib ] [ INFO ] Searching order 5
2026-04-23 20:50:35,878 [ genlib ] [ INFO ] Checking atom HE
2026-04-23 20:50:35,878 [ genlib ] [ INFO ] No partner found for atom HE
2026-04-23 20:50:35,878 [ genlib ] [ INFO ] Checking atom CZ
2026-04-23 20:50:35,878 [ genlib ] [ INFO ] No partner found for atom CZ
2026-04-23 20:50:35,878 [ genlib ] [ INFO ] Searching order 6
2026-04-23 20:50:35,878 [ genlib ] [ INFO ] Searching order 7
2026-04-23 20:50:35,879 [ genlib ] [ INFO ] Updating bond lists
2026-04-23 20:50:35,879 [ genlib ] [ INFO ] Updating dihedrals
2026-04-23 20:50:35,879 [ genlib ] [ INFO ] Updating impropers
2026-04-23 20:50:35,879 [ genlib ] [ INFO ] Building library files for ARG --> PHE mutant
2026-04-23 20:50:35,880 [ genlib ] [ INFO ] reading rtp file "aminoacids.rtp"
2026-04-23 20:50:35,907 [ genlib ] [ INFO ] ENTERED RINGS
2026-04-23 20:50:35,907 [ genlib ] [ INFO ] Making atom pairs
2026-04-23 20:50:35,912 [ genlib ] [ INFO ] Updating bond lists
2026-04-23 20:50:35,912 [ genlib ] [ INFO ] Updating dihedrals
2026-04-23 20:50:35,912 [ genlib ] [ INFO ] Updating impropers
2026-04-23 20:50:35,912 [ genlib ] [ INFO ] Building library files for ARG --> PRO mutant
2026-04-23 20:50:35,913 [ genlib ] [ INFO ] reading rtp file "aminoacids.rtp"
2026-04-23 20:50:35,939 [ genlib ] [ INFO ] ENTERED P
2026-04-23 20:50:35,939 [ genlib ] [ INFO ] Making atom pairs
2026-04-23 20:50:35,942 [ genlib ] [ INFO ] Updating bond lists
2026-04-23 20:50:35,942 [ genlib ] [ INFO ] Updating dihedrals
2026-04-23 20:50:35,942 [ genlib ] [ INFO ] Updating impropers
2026-04-23 20:50:35,942 [ genlib ] [ WARNING ] undefined
2026-04-23 20:50:35,943 [ genlib ] [ INFO ] Building library files for ARG --> SER mutant
2026-04-23 20:50:35,943 [ genlib ] [ INFO ] reading rtp file "aminoacids.rtp"
2026-04-23 20:50:35,969 [ genlib ] [ INFO ] ENTERED SIMPLE
2026-04-23 20:50:35,969 [ genlib ] [ INFO ] Making atom pairs
2026-04-23 20:50:35,969 [ genlib ] [ INFO ] Searching branch 1
2026-04-23 20:50:35,969 [ genlib ] [ INFO ] Searching order 2
2026-04-23 20:50:35,969 [ genlib ] [ INFO ] Checking atom 1HB
2026-04-23 20:50:35,969 [ genlib ] [ INFO ] Define atom pair: ARG|1HB|HC|H         - > SER|1HB|H1|H         (d = 0.07 A)
2026-04-23 20:50:35,969 [ genlib ] [ INFO ] Checking atom 2HB
2026-04-23 20:50:35,969 [ genlib ] [ INFO ] Define atom pair: ARG|2HB|HC|H         - > SER|2HB|H1|H         (d = 0.10 A)
2026-04-23 20:50:35,969 [ genlib ] [ INFO ] Checking atom CG
2026-04-23 20:50:35,969 [ genlib ] [ INFO ] Define atom pair: ARG|CG|CT|C.3        - > SER|OG|OH|O.3        (d = 0.22 A)
2026-04-23 20:50:35,969 [ genlib ] [ INFO ] Searching order 3
2026-04-23 20:50:35,970 [ genlib ] [ INFO ] Checking atom 1HG
2026-04-23 20:50:35,970 [ genlib ] [ INFO ] No partner found for atom 1HG
2026-04-23 20:50:35,970 [ genlib ] [ INFO ] Checking atom 2HG
2026-04-23 20:50:35,970 [ genlib ] [ INFO ] No partner found for atom 2HG
2026-04-23 20:50:35,970 [ genlib ] [ INFO ] Checking atom CD
2026-04-23 20:50:35,970 [ genlib ] [ INFO ] No partner found for atom CD
2026-04-23 20:50:35,970 [ genlib ] [ INFO ] Searching order 4
2026-04-23 20:50:35,970 [ genlib ] [ INFO ] Searching order 5
2026-04-23 20:50:35,970 [ genlib ] [ INFO ] Searching order 6
2026-04-23 20:50:35,970 [ genlib ] [ INFO ] Searching order 7
2026-04-23 20:50:35,970 [ genlib ] [ INFO ] Searching branch 2
2026-04-23 20:50:35,970 [ genlib ] [ INFO ] Searching order 2
2026-04-23 20:50:35,970 [ genlib ] [ INFO ] Searching order 3
2026-04-23 20:50:35,970 [ genlib ] [ INFO ] Checking atom 1HG
2026-04-23 20:50:35,970 [ genlib ] [ INFO ] No partner found for atom 1HG
2026-04-23 20:50:35,970 [ genlib ] [ INFO ] Checking atom 2HG
2026-04-23 20:50:35,970 [ genlib ] [ INFO ] No partner found for atom 2HG
2026-04-23 20:50:35,970 [ genlib ] [ INFO ] Checking atom CD
2026-04-23 20:50:35,970 [ genlib ] [ INFO ] No partner found for atom CD
2026-04-23 20:50:35,970 [ genlib ] [ INFO ] Searching order 4
2026-04-23 20:50:35,970 [ genlib ] [ INFO ] Searching order 5
2026-04-23 20:50:35,970 [ genlib ] [ INFO ] Searching order 6
2026-04-23 20:50:35,970 [ genlib ] [ INFO ] Searching order 7
2026-04-23 20:50:35,970 [ genlib ] [ INFO ] Updating bond lists
2026-04-23 20:50:35,970 [ genlib ] [ INFO ] Updating dihedrals
2026-04-23 20:50:35,970 [ genlib ] [ INFO ] Updating impropers
2026-04-23 20:50:35,971 [ genlib ] [ INFO ] Building library files for ARG --> THR mutant
2026-04-23 20:50:35,972 [ genlib ] [ INFO ] reading rtp file "aminoacids.rtp"
2026-04-23 20:50:35,999 [ genlib ] [ INFO ] ENTERED SIMPLE
2026-04-23 20:50:35,999 [ genlib ] [ INFO ] Making atom pairs
2026-04-23 20:50:35,999 [ genlib ] [ INFO ] Searching branch 1
2026-04-23 20:50:35,999 [ genlib ] [ INFO ] Searching order 2
2026-04-23 20:50:35,999 [ genlib ] [ INFO ] Checking atom 1HB
2026-04-23 20:50:35,999 [ genlib ] [ INFO ] Define atom pair: ARG|1HB|HC|H         - > THR|HB|H1|H          (d = 0.03 A)
2026-04-23 20:50:35,999 [ genlib ] [ INFO ] Checking atom 2HB
2026-04-23 20:50:36,000 [ genlib ] [ INFO ] Define atom pair: ARG|2HB|HC|H         - > THR|CG2|CT|C.3       (d = 0.48 A)
2026-04-23 20:50:36,000 [ genlib ] [ INFO ] Checking atom CG
2026-04-23 20:50:36,000 [ genlib ] [ INFO ] Define atom pair: ARG|CG|CT|C.3        - > THR|OG1|OH|O.3       (d = 0.20 A)
2026-04-23 20:50:36,000 [ genlib ] [ INFO ] Searching order 3
2026-04-23 20:50:36,000 [ genlib ] [ INFO ] Checking atom 1HG
2026-04-23 20:50:36,000 [ genlib ] [ INFO ] No partner found for atom 1HG
2026-04-23 20:50:36,000 [ genlib ] [ INFO ] Checking atom 2HG
2026-04-23 20:50:36,000 [ genlib ] [ INFO ] No partner found for atom 2HG
2026-04-23 20:50:36,000 [ genlib ] [ INFO ] Checking atom CD
2026-04-23 20:50:36,000 [ genlib ] [ INFO ] No partner found for atom CD
2026-04-23 20:50:36,000 [ genlib ] [ INFO ] Searching order 4
2026-04-23 20:50:36,000 [ genlib ] [ INFO ] Searching order 5
2026-04-23 20:50:36,000 [ genlib ] [ INFO ] Searching order 6
2026-04-23 20:50:36,000 [ genlib ] [ INFO ] Searching order 7
2026-04-23 20:50:36,000 [ genlib ] [ INFO ] Searching branch 2
2026-04-23 20:50:36,000 [ genlib ] [ INFO ] Searching order 2
2026-04-23 20:50:36,000 [ genlib ] [ INFO ] Searching order 3
2026-04-23 20:50:36,000 [ genlib ] [ INFO ] Checking atom 1HG
2026-04-23 20:50:36,000 [ genlib ] [ INFO ] No partner found for atom 1HG
2026-04-23 20:50:36,000 [ genlib ] [ INFO ] Checking atom 2HG
2026-04-23 20:50:36,000 [ genlib ] [ INFO ] No partner found for atom 2HG
2026-04-23 20:50:36,000 [ genlib ] [ INFO ] Checking atom CD
2026-04-23 20:50:36,000 [ genlib ] [ INFO ] No partner found for atom CD
2026-04-23 20:50:36,000 [ genlib ] [ INFO ] Searching order 4
2026-04-23 20:50:36,000 [ genlib ] [ INFO ] Searching order 5
2026-04-23 20:50:36,000 [ genlib ] [ INFO ] Searching order 6
2026-04-23 20:50:36,000 [ genlib ] [ INFO ] Searching order 7
2026-04-23 20:50:36,001 [ genlib ] [ INFO ] Updating bond lists
2026-04-23 20:50:36,001 [ genlib ] [ INFO ] Updating dihedrals
2026-04-23 20:50:36,001 [ genlib ] [ INFO ] Updating impropers
2026-04-23 20:50:36,002 [ genlib ] [ INFO ] Building library files for ARG --> TRP mutant
2026-04-23 20:50:36,003 [ genlib ] [ INFO ] reading rtp file "aminoacids.rtp"
2026-04-23 20:50:36,033 [ genlib ] [ INFO ] ENTERED RINGS
2026-04-23 20:50:36,033 [ genlib ] [ INFO ] Making atom pairs
2026-04-23 20:50:36,041 [ genlib ] [ INFO ] Updating bond lists
2026-04-23 20:50:36,041 [ genlib ] [ INFO ] Updating dihedrals
2026-04-23 20:50:36,041 [ genlib ] [ INFO ] Updating impropers
2026-04-23 20:50:36,042 [ genlib ] [ INFO ] Building library files for ARG --> TYR mutant
2026-04-23 20:50:36,043 [ genlib ] [ INFO ] reading rtp file "aminoacids.rtp"
2026-04-23 20:50:36,069 [ genlib ] [ INFO ] ENTERED RINGS
2026-04-23 20:50:36,069 [ genlib ] [ INFO ] Making atom pairs
2026-04-23 20:50:36,075 [ genlib ] [ INFO ] Updating bond lists
2026-04-23 20:50:36,075 [ genlib ] [ INFO ] Updating dihedrals
2026-04-23 20:50:36,075 [ genlib ] [ INFO ] Updating impropers
2026-04-23 20:50:36,076 [ genlib ] [ INFO ] Building library files for ARG --> VAL mutant
2026-04-23 20:50:36,077 [ genlib ] [ INFO ] reading rtp file "aminoacids.rtp"
2026-04-23 20:50:36,104 [ genlib ] [ INFO ] ENTERED SIMPLE
2026-04-23 20:50:36,104 [ genlib ] [ INFO ] Making atom pairs
2026-04-23 20:50:36,104 [ genlib ] [ INFO ] Searching branch 1
2026-04-23 20:50:36,104 [ genlib ] [ INFO ] Searching order 2
2026-04-23 20:50:36,104 [ genlib ] [ INFO ] Checking atom 1HB
2026-04-23 20:50:36,104 [ genlib ] [ INFO ] Define atom pair: ARG|1HB|HC|H         - > VAL|HB|HC|H          (d = 0.03 A)
2026-04-23 20:50:36,104 [ genlib ] [ INFO ] Checking atom 2HB
2026-04-23 20:50:36,104 [ genlib ] [ INFO ] Define atom pair: ARG|2HB|HC|H         - > VAL|CG1|CT|C.3       (d = 0.55 A)
2026-04-23 20:50:36,104 [ genlib ] [ INFO ] Checking atom CG
2026-04-23 20:50:36,104 [ genlib ] [ INFO ] Define atom pair: ARG|CG|CT|C.3        - > VAL|CG2|CT|C.3       (d = 0.13 A)
2026-04-23 20:50:36,104 [ genlib ] [ INFO ] Searching order 3
2026-04-23 20:50:36,104 [ genlib ] [ INFO ] Checking atom 1HG
2026-04-23 20:50:36,104 [ genlib ] [ INFO ] Define atom pair: ARG|1HG|HC|H         - > VAL|2HG2|HC|H        (d = 0.15 A)
2026-04-23 20:50:36,104 [ genlib ] [ INFO ] Checking atom 2HG
2026-04-23 20:50:36,104 [ genlib ] [ INFO ] Define atom pair: ARG|2HG|HC|H         - > VAL|3HG2|HC|H        (d = 0.20 A)
2026-04-23 20:50:36,104 [ genlib ] [ INFO ] Checking atom CD
2026-04-23 20:50:36,104 [ genlib ] [ INFO ] Define atom pair: ARG|CD|CT|C.3        - > VAL|1HG2|HC|H        (d = 0.46 A)
2026-04-23 20:50:36,104 [ genlib ] [ INFO ] Searching order 4
2026-04-23 20:50:36,104 [ genlib ] [ INFO ] Checking atom 1HD
2026-04-23 20:50:36,104 [ genlib ] [ INFO ] No partner found for atom 1HD
2026-04-23 20:50:36,104 [ genlib ] [ INFO ] Checking atom 2HD
2026-04-23 20:50:36,104 [ genlib ] [ INFO ] No partner found for atom 2HD
2026-04-23 20:50:36,104 [ genlib ] [ INFO ] Checking atom NE
2026-04-23 20:50:36,104 [ genlib ] [ INFO ] No partner found for atom NE
2026-04-23 20:50:36,104 [ genlib ] [ INFO ] Searching order 5
2026-04-23 20:50:36,104 [ genlib ] [ INFO ] Searching order 6
2026-04-23 20:50:36,104 [ genlib ] [ INFO ] Searching order 7
2026-04-23 20:50:36,104 [ genlib ] [ INFO ] Searching branch 2
2026-04-23 20:50:36,104 [ genlib ] [ INFO ] Searching order 2
2026-04-23 20:50:36,104 [ genlib ] [ INFO ] Searching order 3
2026-04-23 20:50:36,104 [ genlib ] [ INFO ] Searching order 4
2026-04-23 20:50:36,104 [ genlib ] [ INFO ] Checking atom 1HD
2026-04-23 20:50:36,104 [ genlib ] [ INFO ] No partner found for atom 1HD
2026-04-23 20:50:36,104 [ genlib ] [ INFO ] Checking atom 2HD
2026-04-23 20:50:36,104 [ genlib ] [ INFO ] No partner found for atom 2HD
2026-04-23 20:50:36,104 [ genlib ] [ INFO ] Checking atom NE
2026-04-23 20:50:36,104 [ genlib ] [ INFO ] No partner found for atom NE
2026-04-23 20:50:36,104 [ genlib ] [ INFO ] Searching order 5
2026-04-23 20:50:36,104 [ genlib ] [ INFO ] Searching order 6
2026-04-23 20:50:36,104 [ genlib ] [ INFO ] Searching order 7
2026-04-23 20:50:36,106 [ genlib ] [ INFO ] Updating bond lists
2026-04-23 20:50:36,106 [ genlib ] [ INFO ] Updating dihedrals
2026-04-23 20:50:36,106 [ genlib ] [ INFO ] Updating impropers
2026-04-23 20:50:36,107 [ genlib ] [ INFO ] Building library files for ASH --> ALA mutant
2026-04-23 20:50:36,108 [ genlib ] [ INFO ] reading rtp file "aminoacids.rtp"
2026-04-23 20:50:36,136 [ genlib ] [ INFO ] ENTERED SIMPLE
2026-04-23 20:50:36,136 [ genlib ] [ INFO ] Making atom pairs
2026-04-23 20:50:36,136 [ genlib ] [ INFO ] Searching branch 1
2026-04-23 20:50:36,136 [ genlib ] [ INFO ] Searching order 2
2026-04-23 20:50:36,136 [ genlib ] [ INFO ] Checking atom 1HB
2026-04-23 20:50:36,136 [ genlib ] [ INFO ] Define atom pair: ASH|1HB|HC|H         - > ALA|2HB|HC|H         (d = 0.12 A)
2026-04-23 20:50:36,136 [ genlib ] [ INFO ] Checking atom 2HB
2026-04-23 20:50:36,136 [ genlib ] [ INFO ] Define atom pair: ASH|2HB|HC|H         - > ALA|3HB|HC|H         (d = 0.14 A)
2026-04-23 20:50:36,136 [ genlib ] [ INFO ] Checking atom CG
2026-04-23 20:50:36,136 [ genlib ] [ INFO ] Define atom pair: ASH|CG|C|C.2         - > ALA|1HB|HC|H         (d = 0.49 A)
2026-04-23 20:50:36,136 [ genlib ] [ INFO ] Searching order 3
2026-04-23 20:50:36,136 [ genlib ] [ INFO ] Checking atom OD1
2026-04-23 20:50:36,136 [ genlib ] [ INFO ] No partner found for atom OD1
2026-04-23 20:50:36,136 [ genlib ] [ INFO ] Checking atom OD2
2026-04-23 20:50:36,136 [ genlib ] [ INFO ] No partner found for atom OD2
2026-04-23 20:50:36,136 [ genlib ] [ INFO ] Searching order 4
2026-04-23 20:50:36,136 [ genlib ] [ INFO ] Searching order 5
2026-04-23 20:50:36,136 [ genlib ] [ INFO ] Searching order 6
2026-04-23 20:50:36,136 [ genlib ] [ INFO ] Searching order 7
2026-04-23 20:50:36,136 [ genlib ] [ INFO ] Searching branch 2
2026-04-23 20:50:36,136 [ genlib ] [ INFO ] Searching order 2
2026-04-23 20:50:36,136 [ genlib ] [ INFO ] Searching order 3
2026-04-23 20:50:36,136 [ genlib ] [ INFO ] Checking atom OD1
2026-04-23 20:50:36,136 [ genlib ] [ INFO ] No partner found for atom OD1
2026-04-23 20:50:36,136 [ genlib ] [ INFO ] Checking atom OD2
2026-04-23 20:50:36,136 [ genlib ] [ INFO ] No partner found for atom OD2
2026-04-23 20:50:36,136 [ genlib ] [ INFO ] Searching order 4
2026-04-23 20:50:36,136 [ genlib ] [ INFO ] Searching order 5
2026-04-23 20:50:36,136 [ genlib ] [ INFO ] Searching order 6
2026-04-23 20:50:36,136 [ genlib ] [ INFO ] Searching order 7
2026-04-23 20:50:36,136 [ genlib ] [ INFO ] Updating bond lists
2026-04-23 20:50:36,136 [ genlib ] [ INFO ] Updating dihedrals
2026-04-23 20:50:36,136 [ genlib ] [ INFO ] Updating impropers
2026-04-23 20:50:36,137 [ genlib ] [ INFO ] Building library files for ASH --> ARG mutant
2026-04-23 20:50:36,138 [ genlib ] [ INFO ] reading rtp file "aminoacids.rtp"
2026-04-23 20:50:36,167 [ genlib ] [ INFO ] ENTERED SIMPLE
2026-04-23 20:50:36,167 [ genlib ] [ INFO ] Making atom pairs
2026-04-23 20:50:36,167 [ genlib ] [ INFO ] Searching branch 1
2026-04-23 20:50:36,167 [ genlib ] [ INFO ] Searching order 2
2026-04-23 20:50:36,167 [ genlib ] [ INFO ] Checking atom 1HB
2026-04-23 20:50:36,167 [ genlib ] [ INFO ] Define atom pair: ASH|1HB|HC|H         - > ARG|1HB|HC|H         (d = 0.16 A)
2026-04-23 20:50:36,167 [ genlib ] [ INFO ] Checking atom 2HB
2026-04-23 20:50:36,167 [ genlib ] [ INFO ] Define atom pair: ASH|2HB|HC|H         - > ARG|2HB|HC|H         (d = 0.19 A)
2026-04-23 20:50:36,167 [ genlib ] [ INFO ] Checking atom CG
2026-04-23 20:50:36,167 [ genlib ] [ INFO ] Define atom pair: ASH|CG|C|C.2         - > ARG|CG|CT|C.3        (d = 0.18 A)
2026-04-23 20:50:36,167 [ genlib ] [ INFO ] Searching order 3
2026-04-23 20:50:36,167 [ genlib ] [ INFO ] Checking atom OD1
2026-04-23 20:50:36,167 [ genlib ] [ INFO ] Define atom pair: ASH|OD1|O|O.co2      - > ARG|CD|CT|C.3        (d = 0.17 A)
2026-04-23 20:50:36,167 [ genlib ] [ INFO ] Checking atom OD2
2026-04-23 20:50:36,167 [ genlib ] [ INFO ] No partner found for atom OD2
2026-04-23 20:50:36,167 [ genlib ] [ INFO ] Searching order 4
2026-04-23 20:50:36,167 [ genlib ] [ INFO ] Searching order 5
2026-04-23 20:50:36,167 [ genlib ] [ INFO ] Searching order 6
2026-04-23 20:50:36,167 [ genlib ] [ INFO ] Searching order 7
2026-04-23 20:50:36,167 [ genlib ] [ INFO ] Searching branch 2
2026-04-23 20:50:36,167 [ genlib ] [ INFO ] Searching order 2
2026-04-23 20:50:36,167 [ genlib ] [ INFO ] Searching order 3
2026-04-23 20:50:36,167 [ genlib ] [ INFO ] Checking atom OD2
2026-04-23 20:50:36,167 [ genlib ] [ INFO ] No partner found for atom OD2
2026-04-23 20:50:36,168 [ genlib ] [ INFO ] Searching order 4
2026-04-23 20:50:36,168 [ genlib ] [ INFO ] Searching order 5
2026-04-23 20:50:36,168 [ genlib ] [ INFO ] Searching order 6
2026-04-23 20:50:36,168 [ genlib ] [ INFO ] Searching order 7
2026-04-23 20:50:36,175 [ genlib ] [ INFO ] Updating bond lists
2026-04-23 20:50:36,175 [ genlib ] [ INFO ] Updating dihedrals
2026-04-23 20:50:36,175 [ genlib ] [ INFO ] Updating impropers
2026-04-23 20:50:36,176 [ genlib ] [ INFO ] Building library files for ASH --> ASN mutant
2026-04-23 20:50:36,176 [ genlib ] [ INFO ] reading rtp file "aminoacids.rtp"
2026-04-23 20:50:36,204 [ genlib ] [ INFO ] ENTERED SIMPLE
2026-04-23 20:50:36,204 [ genlib ] [ INFO ] Making atom pairs
2026-04-23 20:50:36,204 [ genlib ] [ INFO ] Searching branch 1
2026-04-23 20:50:36,204 [ genlib ] [ INFO ] Searching order 2
2026-04-23 20:50:36,204 [ genlib ] [ INFO ] Checking atom 1HB
2026-04-23 20:50:36,204 [ genlib ] [ INFO ] Define atom pair: ASH|1HB|HC|H         - > ASN|1HB|HC|H         (d = 0.09 A)
2026-04-23 20:50:36,204 [ genlib ] [ INFO ] Checking atom 2HB
2026-04-23 20:50:36,204 [ genlib ] [ INFO ] Define atom pair: ASH|2HB|HC|H         - > ASN|2HB|HC|H         (d = 0.11 A)
2026-04-23 20:50:36,204 [ genlib ] [ INFO ] Checking atom CG
2026-04-23 20:50:36,204 [ genlib ] [ INFO ] Define atom pair: ASH|CG|C|C.2         - > ASN|CG|C|C.2         (d = 0.05 A)
2026-04-23 20:50:36,204 [ genlib ] [ INFO ] Searching order 3
2026-04-23 20:50:36,204 [ genlib ] [ INFO ] Checking atom OD1
2026-04-23 20:50:36,204 [ genlib ] [ INFO ] Define atom pair: ASH|OD1|O|O.co2      - > ASN|OD1|O|O.2        (d = 0.14 A)
2026-04-23 20:50:36,204 [ genlib ] [ INFO ] Checking atom OD2
2026-04-23 20:50:36,204 [ genlib ] [ INFO ] Define atom pair: ASH|OD2|OH|O.co2     - > ASN|ND2|N|N.am       (d = 0.12 A)
2026-04-23 20:50:36,204 [ genlib ] [ INFO ] Searching order 4
2026-04-23 20:50:36,204 [ genlib ] [ INFO ] Checking atom HD2
2026-04-23 20:50:36,204 [ genlib ] [ INFO ] Define atom pair: ASH|HD2|HO|H         - > ASN|2HD2|H|H         (d = 0.22 A)
2026-04-23 20:50:36,204 [ genlib ] [ INFO ] Searching order 5
2026-04-23 20:50:36,204 [ genlib ] [ INFO ] Searching order 6
2026-04-23 20:50:36,204 [ genlib ] [ INFO ] Searching order 7
2026-04-23 20:50:36,204 [ genlib ] [ INFO ] Searching branch 2
2026-04-23 20:50:36,204 [ genlib ] [ INFO ] Searching order 2
2026-04-23 20:50:36,204 [ genlib ] [ INFO ] Searching order 3
2026-04-23 20:50:36,204 [ genlib ] [ INFO ] Searching order 4
2026-04-23 20:50:36,204 [ genlib ] [ INFO ] Searching order 5
2026-04-23 20:50:36,204 [ genlib ] [ INFO ] Searching order 6
2026-04-23 20:50:36,204 [ genlib ] [ INFO ] Searching order 7
2026-04-23 20:50:36,205 [ genlib ] [ INFO ] Updating bond lists
2026-04-23 20:50:36,205 [ genlib ] [ INFO ] Updating dihedrals
2026-04-23 20:50:36,205 [ genlib ] [ INFO ] Updating impropers
2026-04-23 20:50:36,206 [ genlib ] [ WARNING ] undefined
2026-04-23 20:50:36,206 [ genlib ] [ WARNING ] undefined
2026-04-23 20:50:36,206 [ genlib ] [ INFO ] Building library files for ASH --> ASP mutant
2026-04-23 20:50:36,207 [ genlib ] [ INFO ] reading rtp file "aminoacids.rtp"
2026-04-23 20:50:36,234 [ genlib ] [ INFO ] ENTERED SIMPLE
2026-04-23 20:50:36,234 [ genlib ] [ INFO ] Making atom pairs
2026-04-23 20:50:36,234 [ genlib ] [ INFO ] Searching branch 1
2026-04-23 20:50:36,234 [ genlib ] [ INFO ] Searching order 2
2026-04-23 20:50:36,234 [ genlib ] [ INFO ] Checking atom 1HB
2026-04-23 20:50:36,234 [ genlib ] [ INFO ] Define atom pair: ASH|1HB|HC|H         - > ASP|1HB|HC|H         (d = 0.10 A)
2026-04-23 20:50:36,234 [ genlib ] [ INFO ] Checking atom 2HB
2026-04-23 20:50:36,234 [ genlib ] [ INFO ] Define atom pair: ASH|2HB|HC|H         - > ASP|2HB|HC|H         (d = 0.09 A)
2026-04-23 20:50:36,234 [ genlib ] [ INFO ] Checking atom CG
2026-04-23 20:50:36,234 [ genlib ] [ INFO ] Define atom pair: ASH|CG|C|C.2         - > ASP|CG|C|C.2         (d = 0.00 A)
2026-04-23 20:50:36,234 [ genlib ] [ INFO ] Searching order 3
2026-04-23 20:50:36,234 [ genlib ] [ INFO ] Checking atom OD1
2026-04-23 20:50:36,234 [ genlib ] [ INFO ] Define atom pair: ASH|OD1|O|O.co2      - > ASP|OD1|O2|O.co2     (d = 0.00 A)
2026-04-23 20:50:36,234 [ genlib ] [ INFO ] Checking atom OD2
2026-04-23 20:50:36,234 [ genlib ] [ INFO ] Define atom pair: ASH|OD2|OH|O.co2     - > ASP|OD2|O2|O.co2     (d = 0.00 A)
2026-04-23 20:50:36,234 [ genlib ] [ INFO ] Searching order 4
2026-04-23 20:50:36,234 [ genlib ] [ INFO ] Checking atom HD2
2026-04-23 20:50:36,234 [ genlib ] [ INFO ] No partner found for atom HD2
2026-04-23 20:50:36,234 [ genlib ] [ INFO ] Searching order 5
2026-04-23 20:50:36,234 [ genlib ] [ INFO ] Searching order 6
2026-04-23 20:50:36,234 [ genlib ] [ INFO ] Searching order 7
2026-04-23 20:50:36,234 [ genlib ] [ INFO ] Searching branch 2
2026-04-23 20:50:36,234 [ genlib ] [ INFO ] Searching order 2
2026-04-23 20:50:36,234 [ genlib ] [ INFO ] Searching order 3
2026-04-23 20:50:36,234 [ genlib ] [ INFO ] Searching order 4
2026-04-23 20:50:36,234 [ genlib ] [ INFO ] Checking atom HD2
2026-04-23 20:50:36,235 [ genlib ] [ INFO ] No partner found for atom HD2
2026-04-23 20:50:36,235 [ genlib ] [ INFO ] Searching order 5
2026-04-23 20:50:36,235 [ genlib ] [ INFO ] Searching order 6
2026-04-23 20:50:36,235 [ genlib ] [ INFO ] Searching order 7
2026-04-23 20:50:36,235 [ genlib ] [ INFO ] Updating bond lists
2026-04-23 20:50:36,235 [ genlib ] [ INFO ] Updating dihedrals
2026-04-23 20:50:36,235 [ genlib ] [ INFO ] Updating impropers
2026-04-23 20:50:36,235 [ genlib ] [ INFO ] Building library files for ASH --> CYS mutant
2026-04-23 20:50:36,236 [ genlib ] [ INFO ] reading rtp file "aminoacids.rtp"
2026-04-23 20:50:36,262 [ genlib ] [ INFO ] ENTERED SIMPLE
2026-04-23 20:50:36,262 [ genlib ] [ INFO ] Making atom pairs
2026-04-23 20:50:36,262 [ genlib ] [ INFO ] Searching branch 1
2026-04-23 20:50:36,262 [ genlib ] [ INFO ] Searching order 2
2026-04-23 20:50:36,262 [ genlib ] [ INFO ] Checking atom 1HB
2026-04-23 20:50:36,262 [ genlib ] [ INFO ] Define atom pair: ASH|1HB|HC|H         - > CYS|1HB|H1|H         (d = 0.11 A)
2026-04-23 20:50:36,262 [ genlib ] [ INFO ] Checking atom 2HB
2026-04-23 20:50:36,262 [ genlib ] [ INFO ] Define atom pair: ASH|2HB|HC|H         - > CYS|2HB|H1|H         (d = 0.14 A)
2026-04-23 20:50:36,262 [ genlib ] [ INFO ] Checking atom CG
2026-04-23 20:50:36,262 [ genlib ] [ INFO ] Define atom pair: ASH|CG|C|C.2         - > CYS|SG|SH|S.3        (d = 0.25 A)
2026-04-23 20:50:36,262 [ genlib ] [ INFO ] Searching order 3
2026-04-23 20:50:36,262 [ genlib ] [ INFO ] Checking atom OD1
2026-04-23 20:50:36,262 [ genlib ] [ INFO ] Define atom pair: ASH|OD1|O|O.co2      - > CYS|HG|HS|H          (d = 0.24 A)
2026-04-23 20:50:36,262 [ genlib ] [ INFO ] Checking atom OD2
2026-04-23 20:50:36,262 [ genlib ] [ INFO ] No partner found for atom OD2
2026-04-23 20:50:36,262 [ genlib ] [ INFO ] Searching order 4
2026-04-23 20:50:36,262 [ genlib ] [ INFO ] Searching order 5
2026-04-23 20:50:36,262 [ genlib ] [ INFO ] Searching order 6
2026-04-23 20:50:36,262 [ genlib ] [ INFO ] Searching order 7
2026-04-23 20:50:36,262 [ genlib ] [ INFO ] Searching branch 2
2026-04-23 20:50:36,262 [ genlib ] [ INFO ] Searching order 2
2026-04-23 20:50:36,262 [ genlib ] [ INFO ] Searching order 3
2026-04-23 20:50:36,262 [ genlib ] [ INFO ] Checking atom OD2
2026-04-23 20:50:36,262 [ genlib ] [ INFO ] No partner found for atom OD2
2026-04-23 20:50:36,262 [ genlib ] [ INFO ] Searching order 4
2026-04-23 20:50:36,262 [ genlib ] [ INFO ] Searching order 5
2026-04-23 20:50:36,262 [ genlib ] [ INFO ] Searching order 6
2026-04-23 20:50:36,262 [ genlib ] [ INFO ] Searching order 7
2026-04-23 20:50:36,263 [ genlib ] [ INFO ] Updating bond lists
2026-04-23 20:50:36,263 [ genlib ] [ INFO ] Updating dihedrals
2026-04-23 20:50:36,263 [ genlib ] [ INFO ] Updating impropers
2026-04-23 20:50:36,263 [ genlib ] [ INFO ] Building library files for ASH --> GLH mutant
2026-04-23 20:50:36,264 [ genlib ] [ INFO ] reading rtp file "aminoacids.rtp"
2026-04-23 20:50:36,292 [ genlib ] [ INFO ] ENTERED SIMPLE
2026-04-23 20:50:36,292 [ genlib ] [ INFO ] Making atom pairs
2026-04-23 20:50:36,292 [ genlib ] [ INFO ] Searching branch 1
2026-04-23 20:50:36,292 [ genlib ] [ INFO ] Searching order 2
2026-04-23 20:50:36,292 [ genlib ] [ INFO ] Checking atom 1HB
2026-04-23 20:50:36,292 [ genlib ] [ INFO ] Define atom pair: ASH|1HB|HC|H         - > GLH|1HB|HC|H         (d = 0.11 A)
2026-04-23 20:50:36,292 [ genlib ] [ INFO ] Checking atom 2HB
2026-04-23 20:50:36,292 [ genlib ] [ INFO ] Define atom pair: ASH|2HB|HC|H         - > GLH|2HB|HC|H         (d = 0.10 A)
2026-04-23 20:50:36,292 [ genlib ] [ INFO ] Checking atom CG
2026-04-23 20:50:36,292 [ genlib ] [ INFO ] Define atom pair: ASH|CG|C|C.2         - > GLH|CG|CT|C.3        (d = 0.11 A)
2026-04-23 20:50:36,292 [ genlib ] [ INFO ] Searching order 3
2026-04-23 20:50:36,292 [ genlib ] [ INFO ] Checking atom OD1
2026-04-23 20:50:36,292 [ genlib ] [ INFO ] Define atom pair: ASH|OD1|O|O.co2      - > GLH|CD|C|C.2         (d = 0.28 A)
2026-04-23 20:50:36,292 [ genlib ] [ INFO ] Checking atom OD2
2026-04-23 20:50:36,292 [ genlib ] [ INFO ] No partner found for atom OD2
2026-04-23 20:50:36,292 [ genlib ] [ INFO ] Searching order 4
2026-04-23 20:50:36,293 [ genlib ] [ INFO ] Searching order 5
2026-04-23 20:50:36,293 [ genlib ] [ INFO ] Searching order 6
2026-04-23 20:50:36,293 [ genlib ] [ INFO ] Searching order 7
2026-04-23 20:50:36,293 [ genlib ] [ INFO ] Searching branch 2
2026-04-23 20:50:36,293 [ genlib ] [ INFO ] Searching order 2
2026-04-23 20:50:36,293 [ genlib ] [ INFO ] Searching order 3
2026-04-23 20:50:36,293 [ genlib ] [ INFO ] Checking atom OD2
2026-04-23 20:50:36,293 [ genlib ] [ INFO ] No partner found for atom OD2
2026-04-23 20:50:36,293 [ genlib ] [ INFO ] Searching order 4
2026-04-23 20:50:36,293 [ genlib ] [ INFO ] Searching order 5
2026-04-23 20:50:36,293 [ genlib ] [ INFO ] Searching order 6
2026-04-23 20:50:36,293 [ genlib ] [ INFO ] Searching order 7
2026-04-23 20:50:36,294 [ genlib ] [ INFO ] Updating bond lists
2026-04-23 20:50:36,295 [ genlib ] [ INFO ] Updating dihedrals
2026-04-23 20:50:36,295 [ genlib ] [ INFO ] Updating impropers
2026-04-23 20:50:36,295 [ genlib ] [ INFO ] Building library files for ASH --> GLN mutant
2026-04-23 20:50:36,296 [ genlib ] [ INFO ] reading rtp file "aminoacids.rtp"
2026-04-23 20:50:36,324 [ genlib ] [ INFO ] ENTERED SIMPLE
2026-04-23 20:50:36,324 [ genlib ] [ INFO ] Making atom pairs
2026-04-23 20:50:36,324 [ genlib ] [ INFO ] Searching branch 1
2026-04-23 20:50:36,324 [ genlib ] [ INFO ] Searching order 2
2026-04-23 20:50:36,324 [ genlib ] [ INFO ] Checking atom 1HB
2026-04-23 20:50:36,324 [ genlib ] [ INFO ] Define atom pair: ASH|1HB|HC|H         - > GLN|1HB|HC|H         (d = 0.14 A)
2026-04-23 20:50:36,324 [ genlib ] [ INFO ] Checking atom 2HB
2026-04-23 20:50:36,324 [ genlib ] [ INFO ] Define atom pair: ASH|2HB|HC|H         - > GLN|2HB|HC|H         (d = 0.15 A)
2026-04-23 20:50:36,324 [ genlib ] [ INFO ] Checking atom CG
2026-04-23 20:50:36,324 [ genlib ] [ INFO ] Define atom pair: ASH|CG|C|C.2         - > GLN|CG|CT|C.3        (d = 0.12 A)
2026-04-23 20:50:36,324 [ genlib ] [ INFO ] Searching order 3
2026-04-23 20:50:36,324 [ genlib ] [ INFO ] Checking atom OD1
2026-04-23 20:50:36,324 [ genlib ] [ INFO ] Define atom pair: ASH|OD1|O|O.co2      - > GLN|CD|C|C.2         (d = 0.20 A)
2026-04-23 20:50:36,324 [ genlib ] [ INFO ] Checking atom OD2
2026-04-23 20:50:36,324 [ genlib ] [ INFO ] No partner found for atom OD2
2026-04-23 20:50:36,324 [ genlib ] [ INFO ] Searching order 4
2026-04-23 20:50:36,324 [ genlib ] [ INFO ] Searching order 5
2026-04-23 20:50:36,324 [ genlib ] [ INFO ] Searching order 6
2026-04-23 20:50:36,324 [ genlib ] [ INFO ] Searching order 7
2026-04-23 20:50:36,324 [ genlib ] [ INFO ] Searching branch 2
2026-04-23 20:50:36,324 [ genlib ] [ INFO ] Searching order 2
2026-04-23 20:50:36,324 [ genlib ] [ INFO ] Searching order 3
2026-04-23 20:50:36,324 [ genlib ] [ INFO ] Checking atom OD2
2026-04-23 20:50:36,324 [ genlib ] [ INFO ] No partner found for atom OD2
2026-04-23 20:50:36,324 [ genlib ] [ INFO ] Searching order 4
2026-04-23 20:50:36,324 [ genlib ] [ INFO ] Searching order 5
2026-04-23 20:50:36,324 [ genlib ] [ INFO ] Searching order 6
2026-04-23 20:50:36,324 [ genlib ] [ INFO ] Searching order 7
2026-04-23 20:50:36,328 [ genlib ] [ INFO ] Updating bond lists
2026-04-23 20:50:36,328 [ genlib ] [ INFO ] Updating dihedrals
2026-04-23 20:50:36,328 [ genlib ] [ INFO ] Updating impropers
2026-04-23 20:50:36,328 [ genlib ] [ INFO ] Building library files for ASH --> GLU mutant
2026-04-23 20:50:36,329 [ genlib ] [ INFO ] reading rtp file "aminoacids.rtp"
2026-04-23 20:50:36,356 [ genlib ] [ INFO ] ENTERED SIMPLE
2026-04-23 20:50:36,356 [ genlib ] [ INFO ] Making atom pairs
2026-04-23 20:50:36,356 [ genlib ] [ INFO ] Searching branch 1
2026-04-23 20:50:36,357 [ genlib ] [ INFO ] Searching order 2
2026-04-23 20:50:36,357 [ genlib ] [ INFO ] Checking atom 1HB
2026-04-23 20:50:36,357 [ genlib ] [ INFO ] Define atom pair: ASH|1HB|HC|H         - > GLU|1HB|HC|H         (d = 0.17 A)
2026-04-23 20:50:36,357 [ genlib ] [ INFO ] Checking atom 2HB
2026-04-23 20:50:36,357 [ genlib ] [ INFO ] Define atom pair: ASH|2HB|HC|H         - > GLU|2HB|HC|H         (d = 0.15 A)
2026-04-23 20:50:36,357 [ genlib ] [ INFO ] Checking atom CG
2026-04-23 20:50:36,357 [ genlib ] [ INFO ] Define atom pair: ASH|CG|C|C.2         - > GLU|CG|CT|C.3        (d = 0.11 A)
2026-04-23 20:50:36,357 [ genlib ] [ INFO ] Searching order 3
2026-04-23 20:50:36,357 [ genlib ] [ INFO ] Checking atom OD1
2026-04-23 20:50:36,357 [ genlib ] [ INFO ] Define atom pair: ASH|OD1|O|O.co2      - > GLU|CD|C|C.2         (d = 0.28 A)
2026-04-23 20:50:36,357 [ genlib ] [ INFO ] Checking atom OD2
2026-04-23 20:50:36,357 [ genlib ] [ INFO ] No partner found for atom OD2
2026-04-23 20:50:36,357 [ genlib ] [ INFO ] Searching order 4
2026-04-23 20:50:36,357 [ genlib ] [ INFO ] Searching order 5
2026-04-23 20:50:36,357 [ genlib ] [ INFO ] Searching order 6
2026-04-23 20:50:36,357 [ genlib ] [ INFO ] Searching order 7
2026-04-23 20:50:36,357 [ genlib ] [ INFO ] Searching branch 2
2026-04-23 20:50:36,357 [ genlib ] [ INFO ] Searching order 2
2026-04-23 20:50:36,357 [ genlib ] [ INFO ] Searching order 3
2026-04-23 20:50:36,357 [ genlib ] [ INFO ] Checking atom OD2
2026-04-23 20:50:36,357 [ genlib ] [ INFO ] No partner found for atom OD2
2026-04-23 20:50:36,357 [ genlib ] [ INFO ] Searching order 4
2026-04-23 20:50:36,357 [ genlib ] [ INFO ] Searching order 5
2026-04-23 20:50:36,357 [ genlib ] [ INFO ] Searching order 6
2026-04-23 20:50:36,357 [ genlib ] [ INFO ] Searching order 7
2026-04-23 20:50:36,358 [ genlib ] [ INFO ] Updating bond lists
2026-04-23 20:50:36,358 [ genlib ] [ INFO ] Updating dihedrals
2026-04-23 20:50:36,358 [ genlib ] [ INFO ] Updating impropers
2026-04-23 20:50:36,359 [ genlib ] [ INFO ] Building library files for ASH --> GLY mutant
2026-04-23 20:50:36,359 [ genlib ] [ INFO ] reading rtp file "aminoacids.rtp"
2026-04-23 20:50:36,387 [ genlib ] [ INFO ] ENTERED G
2026-04-23 20:50:36,387 [ genlib ] [ INFO ] Making atom pairs
2026-04-23 20:50:36,388 [ genlib ] [ INFO ] Updating bond lists
2026-04-23 20:50:36,388 [ genlib ] [ INFO ] Updating dihedrals
2026-04-23 20:50:36,388 [ genlib ] [ INFO ] Updating impropers
2026-04-23 20:50:36,388 [ genlib ] [ WARNING ] undefined
2026-04-23 20:50:36,389 [ genlib ] [ INFO ] Building library files for ASH --> HID mutant
2026-04-23 20:50:36,390 [ genlib ] [ INFO ] reading rtp file "aminoacids.rtp"
2026-04-23 20:50:36,418 [ genlib ] [ INFO ] ENTERED RINGS
2026-04-23 20:50:36,418 [ genlib ] [ INFO ] Making atom pairs
2026-04-23 20:50:36,421 [ genlib ] [ INFO ] Updating bond lists
2026-04-23 20:50:36,421 [ genlib ] [ INFO ] Updating dihedrals
2026-04-23 20:50:36,421 [ genlib ] [ INFO ] Updating impropers
2026-04-23 20:50:36,422 [ genlib ] [ INFO ] Building library files for ASH --> HIE mutant
2026-04-23 20:50:36,423 [ genlib ] [ INFO ] reading rtp file "aminoacids.rtp"
2026-04-23 20:50:36,452 [ genlib ] [ INFO ] ENTERED RINGS
2026-04-23 20:50:36,452 [ genlib ] [ INFO ] Making atom pairs
2026-04-23 20:50:36,455 [ genlib ] [ INFO ] Updating bond lists
2026-04-23 20:50:36,456 [ genlib ] [ INFO ] Updating dihedrals
2026-04-23 20:50:36,456 [ genlib ] [ INFO ] Updating impropers
2026-04-23 20:50:36,456 [ genlib ] [ INFO ] Building library files for ASH --> HIP mutant
2026-04-23 20:50:36,458 [ genlib ] [ INFO ] reading rtp file "aminoacids.rtp"
2026-04-23 20:50:36,496 [ genlib ] [ INFO ] ENTERED RINGS
2026-04-23 20:50:36,496 [ genlib ] [ INFO ] Making atom pairs
2026-04-23 20:50:36,503 [ genlib ] [ INFO ] Updating bond lists
2026-04-23 20:50:36,503 [ genlib ] [ INFO ] Updating dihedrals
2026-04-23 20:50:36,503 [ genlib ] [ INFO ] Updating impropers
2026-04-23 20:50:36,504 [ genlib ] [ INFO ] Building library files for ASH --> ILE mutant
2026-04-23 20:50:36,505 [ genlib ] [ INFO ] reading rtp file "aminoacids.rtp"
2026-04-23 20:50:36,540 [ genlib ] [ INFO ] ENTERED SIMPLE
2026-04-23 20:50:36,540 [ genlib ] [ INFO ] Making atom pairs
2026-04-23 20:50:36,540 [ genlib ] [ INFO ] Searching branch 1
2026-04-23 20:50:36,540 [ genlib ] [ INFO ] Searching order 2
2026-04-23 20:50:36,540 [ genlib ] [ INFO ] Checking atom 1HB
2026-04-23 20:50:36,540 [ genlib ] [ INFO ] Define atom pair: ASH|1HB|HC|H         - > ILE|HB|HC|H          (d = 0.11 A)
2026-04-23 20:50:36,540 [ genlib ] [ INFO ] Checking atom 2HB
2026-04-23 20:50:36,540 [ genlib ] [ INFO ] No partner found for atom 2HB
2026-04-23 20:50:36,540 [ genlib ] [ INFO ] Checking atom CG
2026-04-23 20:50:36,540 [ genlib ] [ INFO ] Define atom pair: ASH|CG|C|C.2         - > ILE|CG1|CT|C.3       (d = 0.05 A)
2026-04-23 20:50:36,540 [ genlib ] [ INFO ] Searching order 3
2026-04-23 20:50:36,540 [ genlib ] [ INFO ] Checking atom OD1
2026-04-23 20:50:36,540 [ genlib ] [ INFO ] Define atom pair: ASH|OD1|O|O.co2      - > ILE|CD1|CT|C.3       (d = 0.30 A)
2026-04-23 20:50:36,540 [ genlib ] [ INFO ] Checking atom OD2
2026-04-23 20:50:36,540 [ genlib ] [ INFO ] No partner found for atom OD2
2026-04-23 20:50:36,540 [ genlib ] [ INFO ] Searching order 4
2026-04-23 20:50:36,540 [ genlib ] [ INFO ] Searching order 5
2026-04-23 20:50:36,540 [ genlib ] [ INFO ] Searching order 6
2026-04-23 20:50:36,540 [ genlib ] [ INFO ] Searching order 7
2026-04-23 20:50:36,541 [ genlib ] [ INFO ] Searching branch 2
2026-04-23 20:50:36,541 [ genlib ] [ INFO ] Searching order 2
2026-04-23 20:50:36,541 [ genlib ] [ INFO ] Checking atom 2HB
2026-04-23 20:50:36,541 [ genlib ] [ INFO ] No partner found for atom 2HB
2026-04-23 20:50:36,541 [ genlib ] [ INFO ] Searching order 3
2026-04-23 20:50:36,541 [ genlib ] [ INFO ] Checking atom OD2
2026-04-23 20:50:36,541 [ genlib ] [ INFO ] No partner found for atom OD2
2026-04-23 20:50:36,541 [ genlib ] [ INFO ] Searching order 4
2026-04-23 20:50:36,541 [ genlib ] [ INFO ] Searching order 5
2026-04-23 20:50:36,541 [ genlib ] [ INFO ] Searching order 6
2026-04-23 20:50:36,541 [ genlib ] [ INFO ] Searching order 7
2026-04-23 20:50:36,547 [ genlib ] [ INFO ] Updating bond lists
2026-04-23 20:50:36,547 [ genlib ] [ INFO ] Updating dihedrals
2026-04-23 20:50:36,547 [ genlib ] [ INFO ] Updating impropers
2026-04-23 20:50:36,547 [ genlib ] [ INFO ] Building library files for ASH --> LEU mutant
2026-04-23 20:50:36,548 [ genlib ] [ INFO ] reading rtp file "aminoacids.rtp"
2026-04-23 20:50:36,579 [ genlib ] [ INFO ] ENTERED SIMPLE
2026-04-23 20:50:36,579 [ genlib ] [ INFO ] Making atom pairs
2026-04-23 20:50:36,579 [ genlib ] [ INFO ] Searching branch 1
2026-04-23 20:50:36,579 [ genlib ] [ INFO ] Searching order 2
2026-04-23 20:50:36,579 [ genlib ] [ INFO ] Checking atom 1HB
2026-04-23 20:50:36,579 [ genlib ] [ INFO ] Define atom pair: ASH|1HB|HC|H         - > LEU|1HB|HC|H         (d = 0.10 A)
2026-04-23 20:50:36,579 [ genlib ] [ INFO ] Checking atom 2HB
2026-04-23 20:50:36,579 [ genlib ] [ INFO ] Define atom pair: ASH|2HB|HC|H         - > LEU|2HB|HC|H         (d = 0.12 A)
2026-04-23 20:50:36,579 [ genlib ] [ INFO ] Checking atom CG
2026-04-23 20:50:36,579 [ genlib ] [ INFO ] Define atom pair: ASH|CG|C|C.2         - > LEU|CG|CT|C.3        (d = 0.12 A)
2026-04-23 20:50:36,579 [ genlib ] [ INFO ] Searching order 3
2026-04-23 20:50:36,579 [ genlib ] [ INFO ] Checking atom OD1
2026-04-23 20:50:36,579 [ genlib ] [ INFO ] Define atom pair: ASH|OD1|O|O.co2      - > LEU|CD1|CT|C.3       (d = 0.21 A)
2026-04-23 20:50:36,579 [ genlib ] [ INFO ] Checking atom OD2
2026-04-23 20:50:36,579 [ genlib ] [ INFO ] No partner found for atom OD2
2026-04-23 20:50:36,579 [ genlib ] [ INFO ] Searching order 4
2026-04-23 20:50:36,579 [ genlib ] [ INFO ] Searching order 5
2026-04-23 20:50:36,579 [ genlib ] [ INFO ] Searching order 6
2026-04-23 20:50:36,579 [ genlib ] [ INFO ] Searching order 7
2026-04-23 20:50:36,579 [ genlib ] [ INFO ] Searching branch 2
2026-04-23 20:50:36,579 [ genlib ] [ INFO ] Searching order 2
2026-04-23 20:50:36,579 [ genlib ] [ INFO ] Searching order 3
2026-04-23 20:50:36,579 [ genlib ] [ INFO ] Checking atom OD2
2026-04-23 20:50:36,579 [ genlib ] [ INFO ] No partner found for atom OD2
2026-04-23 20:50:36,579 [ genlib ] [ INFO ] Searching order 4
2026-04-23 20:50:36,579 [ genlib ] [ INFO ] Searching order 5
2026-04-23 20:50:36,579 [ genlib ] [ INFO ] Searching order 6
2026-04-23 20:50:36,579 [ genlib ] [ INFO ] Searching order 7
2026-04-23 20:50:36,583 [ genlib ] [ INFO ] Updating bond lists
2026-04-23 20:50:36,583 [ genlib ] [ INFO ] Updating dihedrals
2026-04-23 20:50:36,583 [ genlib ] [ INFO ] Updating impropers
2026-04-23 20:50:36,584 [ genlib ] [ INFO ] Building library files for ASH --> LYN mutant
2026-04-23 20:50:36,585 [ genlib ] [ INFO ] reading rtp file "aminoacids.rtp"
2026-04-23 20:50:36,613 [ genlib ] [ INFO ] ENTERED SIMPLE
2026-04-23 20:50:36,613 [ genlib ] [ INFO ] Making atom pairs
2026-04-23 20:50:36,613 [ genlib ] [ INFO ] Searching branch 1
2026-04-23 20:50:36,613 [ genlib ] [ INFO ] Searching order 2
2026-04-23 20:50:36,613 [ genlib ] [ INFO ] Checking atom 1HB
2026-04-23 20:50:36,613 [ genlib ] [ INFO ] Define atom pair: ASH|1HB|HC|H         - > LYN|1HB|HC|H         (d = 0.10 A)
2026-04-23 20:50:36,613 [ genlib ] [ INFO ] Checking atom 2HB
2026-04-23 20:50:36,613 [ genlib ] [ INFO ] Define atom pair: ASH|2HB|HC|H         - > LYN|2HB|HC|H         (d = 0.10 A)
2026-04-23 20:50:36,613 [ genlib ] [ INFO ] Checking atom CG
2026-04-23 20:50:36,613 [ genlib ] [ INFO ] Define atom pair: ASH|CG|C|C.2         - > LYN|CG|CT|C.3        (d = 0.18 A)
2026-04-23 20:50:36,613 [ genlib ] [ INFO ] Searching order 3
2026-04-23 20:50:36,613 [ genlib ] [ INFO ] Checking atom OD1
2026-04-23 20:50:36,613 [ genlib ] [ INFO ] Define atom pair: ASH|OD1|O|O.co2      - > LYN|CD|CT|C.3        (d = 0.18 A)
2026-04-23 20:50:36,613 [ genlib ] [ INFO ] Checking atom OD2
2026-04-23 20:50:36,613 [ genlib ] [ INFO ] No partner found for atom OD2
2026-04-23 20:50:36,613 [ genlib ] [ INFO ] Searching order 4
2026-04-23 20:50:36,613 [ genlib ] [ INFO ] Searching order 5
2026-04-23 20:50:36,613 [ genlib ] [ INFO ] Searching order 6
2026-04-23 20:50:36,613 [ genlib ] [ INFO ] Searching order 7
2026-04-23 20:50:36,613 [ genlib ] [ INFO ] Searching branch 2
2026-04-23 20:50:36,613 [ genlib ] [ INFO ] Searching order 2
2026-04-23 20:50:36,613 [ genlib ] [ INFO ] Searching order 3
2026-04-23 20:50:36,613 [ genlib ] [ INFO ] Checking atom OD2
2026-04-23 20:50:36,613 [ genlib ] [ INFO ] No partner found for atom OD2
2026-04-23 20:50:36,613 [ genlib ] [ INFO ] Searching order 4
2026-04-23 20:50:36,613 [ genlib ] [ INFO ] Searching order 5
2026-04-23 20:50:36,613 [ genlib ] [ INFO ] Searching order 6
2026-04-23 20:50:36,613 [ genlib ] [ INFO ] Searching order 7
2026-04-23 20:50:36,617 [ genlib ] [ INFO ] Updating bond lists
2026-04-23 20:50:36,617 [ genlib ] [ INFO ] Updating dihedrals
2026-04-23 20:50:36,617 [ genlib ] [ INFO ] Updating impropers
2026-04-23 20:50:36,618 [ genlib ] [ INFO ] Building library files for ASH --> LYS mutant
2026-04-23 20:50:36,618 [ genlib ] [ INFO ] reading rtp file "aminoacids.rtp"
2026-04-23 20:50:36,646 [ genlib ] [ INFO ] ENTERED SIMPLE
2026-04-23 20:50:36,646 [ genlib ] [ INFO ] Making atom pairs
2026-04-23 20:50:36,646 [ genlib ] [ INFO ] Searching branch 1
2026-04-23 20:50:36,646 [ genlib ] [ INFO ] Searching order 2
2026-04-23 20:50:36,646 [ genlib ] [ INFO ] Checking atom 1HB
2026-04-23 20:50:36,646 [ genlib ] [ INFO ] Define atom pair: ASH|1HB|HC|H         - > LYS|1HB|HC|H         (d = 0.16 A)
2026-04-23 20:50:36,646 [ genlib ] [ INFO ] Checking atom 2HB
2026-04-23 20:50:36,646 [ genlib ] [ INFO ] Define atom pair: ASH|2HB|HC|H         - > LYS|2HB|HC|H         (d = 0.19 A)
2026-04-23 20:50:36,646 [ genlib ] [ INFO ] Checking atom CG
2026-04-23 20:50:36,646 [ genlib ] [ INFO ] Define atom pair: ASH|CG|C|C.2         - > LYS|CG|CT|C.3        (d = 0.18 A)
2026-04-23 20:50:36,646 [ genlib ] [ INFO ] Searching order 3
2026-04-23 20:50:36,646 [ genlib ] [ INFO ] Checking atom OD1
2026-04-23 20:50:36,646 [ genlib ] [ INFO ] Define atom pair: ASH|OD1|O|O.co2      - > LYS|CD|CT|C.3        (d = 0.17 A)
2026-04-23 20:50:36,646 [ genlib ] [ INFO ] Checking atom OD2
2026-04-23 20:50:36,646 [ genlib ] [ INFO ] No partner found for atom OD2
2026-04-23 20:50:36,646 [ genlib ] [ INFO ] Searching order 4
2026-04-23 20:50:36,646 [ genlib ] [ INFO ] Searching order 5
2026-04-23 20:50:36,646 [ genlib ] [ INFO ] Searching order 6
2026-04-23 20:50:36,646 [ genlib ] [ INFO ] Searching order 7
2026-04-23 20:50:36,646 [ genlib ] [ INFO ] Searching branch 2
2026-04-23 20:50:36,646 [ genlib ] [ INFO ] Searching order 2
2026-04-23 20:50:36,646 [ genlib ] [ INFO ] Searching order 3
2026-04-23 20:50:36,646 [ genlib ] [ INFO ] Checking atom OD2
2026-04-23 20:50:36,646 [ genlib ] [ INFO ] No partner found for atom OD2
2026-04-23 20:50:36,646 [ genlib ] [ INFO ] Searching order 4
2026-04-23 20:50:36,646 [ genlib ] [ INFO ] Searching order 5
2026-04-23 20:50:36,646 [ genlib ] [ INFO ] Searching order 6
2026-04-23 20:50:36,646 [ genlib ] [ INFO ] Searching order 7
2026-04-23 20:50:36,651 [ genlib ] [ INFO ] Updating bond lists
2026-04-23 20:50:36,651 [ genlib ] [ INFO ] Updating dihedrals
2026-04-23 20:50:36,651 [ genlib ] [ INFO ] Updating impropers
2026-04-23 20:50:36,651 [ genlib ] [ INFO ] Building library files for ASH --> MET mutant
2026-04-23 20:50:36,652 [ genlib ] [ INFO ] reading rtp file "aminoacids.rtp"
2026-04-23 20:50:36,678 [ genlib ] [ INFO ] ENTERED SIMPLE
2026-04-23 20:50:36,678 [ genlib ] [ INFO ] Making atom pairs
2026-04-23 20:50:36,678 [ genlib ] [ INFO ] Searching branch 1
2026-04-23 20:50:36,678 [ genlib ] [ INFO ] Searching order 2
2026-04-23 20:50:36,678 [ genlib ] [ INFO ] Checking atom 1HB
2026-04-23 20:50:36,678 [ genlib ] [ INFO ] Define atom pair: ASH|1HB|HC|H         - > MET|1HB|HC|H         (d = 0.12 A)
2026-04-23 20:50:36,678 [ genlib ] [ INFO ] Checking atom 2HB
2026-04-23 20:50:36,678 [ genlib ] [ INFO ] Define atom pair: ASH|2HB|HC|H         - > MET|2HB|HC|H         (d = 0.13 A)
2026-04-23 20:50:36,678 [ genlib ] [ INFO ] Checking atom CG
2026-04-23 20:50:36,678 [ genlib ] [ INFO ] Define atom pair: ASH|CG|C|C.2         - > MET|CG|CT|C.3        (d = 0.05 A)
2026-04-23 20:50:36,678 [ genlib ] [ INFO ] Searching order 3
2026-04-23 20:50:36,678 [ genlib ] [ INFO ] Checking atom OD1
2026-04-23 20:50:36,679 [ genlib ] [ INFO ] Define atom pair: ASH|OD1|O|O.co2      - > MET|SD|S|S.3         (d = 0.51 A)
2026-04-23 20:50:36,679 [ genlib ] [ INFO ] Checking atom OD2
2026-04-23 20:50:36,679 [ genlib ] [ INFO ] No partner found for atom OD2
2026-04-23 20:50:36,679 [ genlib ] [ INFO ] Searching order 4
2026-04-23 20:50:36,679 [ genlib ] [ INFO ] Searching order 5
2026-04-23 20:50:36,679 [ genlib ] [ INFO ] Searching order 6
2026-04-23 20:50:36,679 [ genlib ] [ INFO ] Searching order 7
2026-04-23 20:50:36,679 [ genlib ] [ INFO ] Searching branch 2
2026-04-23 20:50:36,679 [ genlib ] [ INFO ] Searching order 2
2026-04-23 20:50:36,679 [ genlib ] [ INFO ] Searching order 3
2026-04-23 20:50:36,679 [ genlib ] [ INFO ] Checking atom OD2
2026-04-23 20:50:36,679 [ genlib ] [ INFO ] No partner found for atom OD2
2026-04-23 20:50:36,679 [ genlib ] [ INFO ] Searching order 4
2026-04-23 20:50:36,679 [ genlib ] [ INFO ] Searching order 5
2026-04-23 20:50:36,679 [ genlib ] [ INFO ] Searching order 6
2026-04-23 20:50:36,679 [ genlib ] [ INFO ] Searching order 7
2026-04-23 20:50:36,681 [ genlib ] [ INFO ] Updating bond lists
2026-04-23 20:50:36,681 [ genlib ] [ INFO ] Updating dihedrals
2026-04-23 20:50:36,681 [ genlib ] [ INFO ] Updating impropers
2026-04-23 20:50:36,681 [ genlib ] [ INFO ] Building library files for ASH --> PHE mutant
2026-04-23 20:50:36,682 [ genlib ] [ INFO ] reading rtp file "aminoacids.rtp"
2026-04-23 20:50:36,709 [ genlib ] [ INFO ] ENTERED RINGS
2026-04-23 20:50:36,709 [ genlib ] [ INFO ] Making atom pairs
2026-04-23 20:50:36,714 [ genlib ] [ INFO ] Updating bond lists
2026-04-23 20:50:36,714 [ genlib ] [ INFO ] Updating dihedrals
2026-04-23 20:50:36,714 [ genlib ] [ INFO ] Updating impropers
2026-04-23 20:50:36,714 [ genlib ] [ INFO ] Building library files for ASH --> PRO mutant
2026-04-23 20:50:36,715 [ genlib ] [ INFO ] reading rtp file "aminoacids.rtp"
2026-04-23 20:50:36,741 [ genlib ] [ INFO ] ENTERED P
2026-04-23 20:50:36,741 [ genlib ] [ INFO ] Making atom pairs
2026-04-23 20:50:36,744 [ genlib ] [ INFO ] Updating bond lists
2026-04-23 20:50:36,744 [ genlib ] [ INFO ] Updating dihedrals
2026-04-23 20:50:36,744 [ genlib ] [ INFO ] Updating impropers
2026-04-23 20:50:36,744 [ genlib ] [ WARNING ] undefined
2026-04-23 20:50:36,744 [ genlib ] [ INFO ] Building library files for ASH --> SER mutant
2026-04-23 20:50:36,745 [ genlib ] [ INFO ] reading rtp file "aminoacids.rtp"
2026-04-23 20:50:36,771 [ genlib ] [ INFO ] ENTERED SIMPLE
2026-04-23 20:50:36,771 [ genlib ] [ INFO ] Making atom pairs
2026-04-23 20:50:36,771 [ genlib ] [ INFO ] Searching branch 1
2026-04-23 20:50:36,771 [ genlib ] [ INFO ] Searching order 2
2026-04-23 20:50:36,771 [ genlib ] [ INFO ] Checking atom 1HB
2026-04-23 20:50:36,771 [ genlib ] [ INFO ] Define atom pair: ASH|1HB|HC|H         - > SER|1HB|H1|H         (d = 0.13 A)
2026-04-23 20:50:36,771 [ genlib ] [ INFO ] Checking atom 2HB
2026-04-23 20:50:36,771 [ genlib ] [ INFO ] Define atom pair: ASH|2HB|HC|H         - > SER|2HB|H1|H         (d = 0.12 A)
2026-04-23 20:50:36,771 [ genlib ] [ INFO ] Checking atom CG
2026-04-23 20:50:36,771 [ genlib ] [ INFO ] Define atom pair: ASH|CG|C|C.2         - > SER|OG|OH|O.3        (d = 0.13 A)
2026-04-23 20:50:36,771 [ genlib ] [ INFO ] Searching order 3
2026-04-23 20:50:36,771 [ genlib ] [ INFO ] Checking atom OD1
2026-04-23 20:50:36,771 [ genlib ] [ INFO ] Define atom pair: ASH|OD1|O|O.co2      - > SER|HG|HO|H          (d = 0.42 A)
2026-04-23 20:50:36,771 [ genlib ] [ INFO ] Checking atom OD2
2026-04-23 20:50:36,771 [ genlib ] [ INFO ] No partner found for atom OD2
2026-04-23 20:50:36,771 [ genlib ] [ INFO ] Searching order 4
2026-04-23 20:50:36,771 [ genlib ] [ INFO ] Searching order 5
2026-04-23 20:50:36,771 [ genlib ] [ INFO ] Searching order 6
2026-04-23 20:50:36,771 [ genlib ] [ INFO ] Searching order 7
2026-04-23 20:50:36,771 [ genlib ] [ INFO ] Searching branch 2
2026-04-23 20:50:36,771 [ genlib ] [ INFO ] Searching order 2
2026-04-23 20:50:36,771 [ genlib ] [ INFO ] Searching order 3
2026-04-23 20:50:36,771 [ genlib ] [ INFO ] Checking atom OD2
2026-04-23 20:50:36,771 [ genlib ] [ INFO ] No partner found for atom OD2
2026-04-23 20:50:36,771 [ genlib ] [ INFO ] Searching order 4
2026-04-23 20:50:36,771 [ genlib ] [ INFO ] Searching order 5
2026-04-23 20:50:36,771 [ genlib ] [ INFO ] Searching order 6
2026-04-23 20:50:36,771 [ genlib ] [ INFO ] Searching order 7
2026-04-23 20:50:36,771 [ genlib ] [ INFO ] Updating bond lists
2026-04-23 20:50:36,771 [ genlib ] [ INFO ] Updating dihedrals
2026-04-23 20:50:36,771 [ genlib ] [ INFO ] Updating impropers
2026-04-23 20:50:36,772 [ genlib ] [ INFO ] Building library files for ASH --> THR mutant
2026-04-23 20:50:36,772 [ genlib ] [ INFO ] reading rtp file "aminoacids.rtp"
2026-04-23 20:50:36,798 [ genlib ] [ INFO ] ENTERED SIMPLE
2026-04-23 20:50:36,798 [ genlib ] [ INFO ] Making atom pairs
2026-04-23 20:50:36,798 [ genlib ] [ INFO ] Searching branch 1
2026-04-23 20:50:36,798 [ genlib ] [ INFO ] Searching order 2
2026-04-23 20:50:36,798 [ genlib ] [ INFO ] Checking atom 1HB
2026-04-23 20:50:36,798 [ genlib ] [ INFO ] Define atom pair: ASH|1HB|HC|H         - > THR|HB|H1|H          (d = 0.11 A)
2026-04-23 20:50:36,798 [ genlib ] [ INFO ] Checking atom 2HB
2026-04-23 20:50:36,798 [ genlib ] [ INFO ] No partner found for atom 2HB
2026-04-23 20:50:36,798 [ genlib ] [ INFO ] Checking atom CG
2026-04-23 20:50:36,798 [ genlib ] [ INFO ] Define atom pair: ASH|CG|C|C.2         - > THR|OG1|OH|O.3       (d = 0.15 A)
2026-04-23 20:50:36,798 [ genlib ] [ INFO ] Searching order 3
2026-04-23 20:50:36,798 [ genlib ] [ INFO ] Checking atom OD1
2026-04-23 20:50:36,798 [ genlib ] [ INFO ] Define atom pair: ASH|OD1|O|O.co2      - > THR|HG1|HO|H         (d = 0.48 A)
2026-04-23 20:50:36,798 [ genlib ] [ INFO ] Checking atom OD2
2026-04-23 20:50:36,798 [ genlib ] [ INFO ] No partner found for atom OD2
2026-04-23 20:50:36,798 [ genlib ] [ INFO ] Searching order 4
2026-04-23 20:50:36,798 [ genlib ] [ INFO ] Searching order 5
2026-04-23 20:50:36,798 [ genlib ] [ INFO ] Searching order 6
2026-04-23 20:50:36,798 [ genlib ] [ INFO ] Searching order 7
2026-04-23 20:50:36,798 [ genlib ] [ INFO ] Searching branch 2
2026-04-23 20:50:36,798 [ genlib ] [ INFO ] Searching order 2
2026-04-23 20:50:36,798 [ genlib ] [ INFO ] Checking atom 2HB
2026-04-23 20:50:36,798 [ genlib ] [ INFO ] No partner found for atom 2HB
2026-04-23 20:50:36,798 [ genlib ] [ INFO ] Searching order 3
2026-04-23 20:50:36,798 [ genlib ] [ INFO ] Checking atom OD2
2026-04-23 20:50:36,798 [ genlib ] [ INFO ] No partner found for atom OD2
2026-04-23 20:50:36,798 [ genlib ] [ INFO ] Searching order 4
2026-04-23 20:50:36,798 [ genlib ] [ INFO ] Searching order 5
2026-04-23 20:50:36,798 [ genlib ] [ INFO ] Searching order 6
2026-04-23 20:50:36,798 [ genlib ] [ INFO ] Searching order 7
2026-04-23 20:50:36,799 [ genlib ] [ INFO ] Updating bond lists
2026-04-23 20:50:36,799 [ genlib ] [ INFO ] Updating dihedrals
2026-04-23 20:50:36,799 [ genlib ] [ INFO ] Updating impropers
2026-04-23 20:50:36,800 [ genlib ] [ INFO ] Building library files for ASH --> TRP mutant
2026-04-23 20:50:36,800 [ genlib ] [ INFO ] reading rtp file "aminoacids.rtp"
2026-04-23 20:50:36,826 [ genlib ] [ INFO ] ENTERED RINGS
2026-04-23 20:50:36,826 [ genlib ] [ INFO ] Making atom pairs
2026-04-23 20:50:36,832 [ genlib ] [ INFO ] Updating bond lists
2026-04-23 20:50:36,832 [ genlib ] [ INFO ] Updating dihedrals
2026-04-23 20:50:36,833 [ genlib ] [ INFO ] Updating impropers
2026-04-23 20:50:36,833 [ genlib ] [ INFO ] Building library files for ASH --> TYR mutant
2026-04-23 20:50:36,834 [ genlib ] [ INFO ] reading rtp file "aminoacids.rtp"
2026-04-23 20:50:36,859 [ genlib ] [ INFO ] ENTERED RINGS
2026-04-23 20:50:36,859 [ genlib ] [ INFO ] Making atom pairs
2026-04-23 20:50:36,865 [ genlib ] [ INFO ] Updating bond lists
2026-04-23 20:50:36,865 [ genlib ] [ INFO ] Updating dihedrals
2026-04-23 20:50:36,865 [ genlib ] [ INFO ] Updating impropers
2026-04-23 20:50:36,865 [ genlib ] [ INFO ] Building library files for ASH --> VAL mutant
2026-04-23 20:50:36,866 [ genlib ] [ INFO ] reading rtp file "aminoacids.rtp"
2026-04-23 20:50:36,891 [ genlib ] [ INFO ] ENTERED SIMPLE
2026-04-23 20:50:36,891 [ genlib ] [ INFO ] Making atom pairs
2026-04-23 20:50:36,891 [ genlib ] [ INFO ] Searching branch 1
2026-04-23 20:50:36,891 [ genlib ] [ INFO ] Searching order 2
2026-04-23 20:50:36,891 [ genlib ] [ INFO ] Checking atom 1HB
2026-04-23 20:50:36,891 [ genlib ] [ INFO ] Define atom pair: ASH|1HB|HC|H         - > VAL|HB|HC|H          (d = 0.18 A)
2026-04-23 20:50:36,891 [ genlib ] [ INFO ] Checking atom 2HB
2026-04-23 20:50:36,891 [ genlib ] [ INFO ] No partner found for atom 2HB
2026-04-23 20:50:36,891 [ genlib ] [ INFO ] Checking atom CG
2026-04-23 20:50:36,891 [ genlib ] [ INFO ] Define atom pair: ASH|CG|C|C.2         - > VAL|CG2|CT|C.3       (d = 0.06 A)
2026-04-23 20:50:36,891 [ genlib ] [ INFO ] Searching order 3
2026-04-23 20:50:36,892 [ genlib ] [ INFO ] Checking atom OD1
2026-04-23 20:50:36,892 [ genlib ] [ INFO ] Define atom pair: ASH|OD1|O|O.co2      - > VAL|1HG2|HC|H        (d = 0.19 A)
2026-04-23 20:50:36,892 [ genlib ] [ INFO ] Checking atom OD2
2026-04-23 20:50:36,892 [ genlib ] [ INFO ] No partner found for atom OD2
2026-04-23 20:50:36,892 [ genlib ] [ INFO ] Searching order 4
2026-04-23 20:50:36,892 [ genlib ] [ INFO ] Searching order 5
2026-04-23 20:50:36,892 [ genlib ] [ INFO ] Searching order 6
2026-04-23 20:50:36,892 [ genlib ] [ INFO ] Searching order 7
2026-04-23 20:50:36,892 [ genlib ] [ INFO ] Searching branch 2
2026-04-23 20:50:36,892 [ genlib ] [ INFO ] Searching order 2
2026-04-23 20:50:36,892 [ genlib ] [ INFO ] Checking atom 2HB
2026-04-23 20:50:36,892 [ genlib ] [ INFO ] No partner found for atom 2HB
2026-04-23 20:50:36,892 [ genlib ] [ INFO ] Searching order 3
2026-04-23 20:50:36,892 [ genlib ] [ INFO ] Checking atom OD2
2026-04-23 20:50:36,892 [ genlib ] [ INFO ] No partner found for atom OD2
2026-04-23 20:50:36,892 [ genlib ] [ INFO ] Searching order 4
2026-04-23 20:50:36,892 [ genlib ] [ INFO ] Searching order 5
2026-04-23 20:50:36,892 [ genlib ] [ INFO ] Searching order 6
2026-04-23 20:50:36,892 [ genlib ] [ INFO ] Searching order 7
2026-04-23 20:50:36,894 [ genlib ] [ INFO ] Updating bond lists
2026-04-23 20:50:36,894 [ genlib ] [ INFO ] Updating dihedrals
2026-04-23 20:50:36,894 [ genlib ] [ INFO ] Updating impropers
2026-04-23 20:50:36,894 [ genlib ] [ INFO ] Building library files for ASN --> ALA mutant
2026-04-23 20:50:36,895 [ genlib ] [ INFO ] reading rtp file "aminoacids.rtp"
2026-04-23 20:50:36,920 [ genlib ] [ INFO ] ENTERED SIMPLE
2026-04-23 20:50:36,920 [ genlib ] [ INFO ] Making atom pairs
2026-04-23 20:50:36,920 [ genlib ] [ INFO ] Searching branch 1
2026-04-23 20:50:36,920 [ genlib ] [ INFO ] Searching order 2
2026-04-23 20:50:36,920 [ genlib ] [ INFO ] Checking atom 1HB
2026-04-23 20:50:36,920 [ genlib ] [ INFO ] Define atom pair: ASN|1HB|HC|H         - > ALA|2HB|HC|H         (d = 0.13 A)
2026-04-23 20:50:36,920 [ genlib ] [ INFO ] Checking atom 2HB
2026-04-23 20:50:36,920 [ genlib ] [ INFO ] Define atom pair: ASN|2HB|HC|H         - > ALA|3HB|HC|H         (d = 0.11 A)
2026-04-23 20:50:36,920 [ genlib ] [ INFO ] Checking atom CG
2026-04-23 20:50:36,920 [ genlib ] [ INFO ] Define atom pair: ASN|CG|C|C.2         - > ALA|1HB|HC|H         (d = 0.50 A)
2026-04-23 20:50:36,920 [ genlib ] [ INFO ] Searching order 3
2026-04-23 20:50:36,920 [ genlib ] [ INFO ] Checking atom OD1
2026-04-23 20:50:36,920 [ genlib ] [ INFO ] No partner found for atom OD1
2026-04-23 20:50:36,920 [ genlib ] [ INFO ] Checking atom ND2
2026-04-23 20:50:36,920 [ genlib ] [ INFO ] No partner found for atom ND2
2026-04-23 20:50:36,920 [ genlib ] [ INFO ] Searching order 4
2026-04-23 20:50:36,920 [ genlib ] [ INFO ] Searching order 5
2026-04-23 20:50:36,920 [ genlib ] [ INFO ] Searching order 6
2026-04-23 20:50:36,920 [ genlib ] [ INFO ] Searching order 7
2026-04-23 20:50:36,920 [ genlib ] [ INFO ] Searching branch 2
2026-04-23 20:50:36,920 [ genlib ] [ INFO ] Searching order 2
2026-04-23 20:50:36,920 [ genlib ] [ INFO ] Searching order 3
2026-04-23 20:50:36,920 [ genlib ] [ INFO ] Checking atom OD1
2026-04-23 20:50:36,920 [ genlib ] [ INFO ] No partner found for atom OD1
2026-04-23 20:50:36,920 [ genlib ] [ INFO ] Checking atom ND2
2026-04-23 20:50:36,920 [ genlib ] [ INFO ] No partner found for atom ND2
2026-04-23 20:50:36,920 [ genlib ] [ INFO ] Searching order 4
2026-04-23 20:50:36,920 [ genlib ] [ INFO ] Searching order 5
2026-04-23 20:50:36,920 [ genlib ] [ INFO ] Searching order 6
2026-04-23 20:50:36,920 [ genlib ] [ INFO ] Searching order 7
2026-04-23 20:50:36,920 [ genlib ] [ INFO ] Updating bond lists
2026-04-23 20:50:36,921 [ genlib ] [ INFO ] Updating dihedrals
2026-04-23 20:50:36,921 [ genlib ] [ INFO ] Updating impropers
2026-04-23 20:50:36,921 [ genlib ] [ INFO ] Building library files for ASN --> ARG mutant
2026-04-23 20:50:36,922 [ genlib ] [ INFO ] reading rtp file "aminoacids.rtp"
2026-04-23 20:50:36,947 [ genlib ] [ INFO ] ENTERED SIMPLE
2026-04-23 20:50:36,947 [ genlib ] [ INFO ] Making atom pairs
2026-04-23 20:50:36,947 [ genlib ] [ INFO ] Searching branch 1
2026-04-23 20:50:36,947 [ genlib ] [ INFO ] Searching order 2
2026-04-23 20:50:36,947 [ genlib ] [ INFO ] Checking atom 1HB
2026-04-23 20:50:36,947 [ genlib ] [ INFO ] Define atom pair: ASN|1HB|HC|H         - > ARG|1HB|HC|H         (d = 0.17 A)
2026-04-23 20:50:36,947 [ genlib ] [ INFO ] Checking atom 2HB
2026-04-23 20:50:36,947 [ genlib ] [ INFO ] Define atom pair: ASN|2HB|HC|H         - > ARG|2HB|HC|H         (d = 0.17 A)
2026-04-23 20:50:36,947 [ genlib ] [ INFO ] Checking atom CG
2026-04-23 20:50:36,947 [ genlib ] [ INFO ] Define atom pair: ASN|CG|C|C.2         - > ARG|CG|CT|C.3        (d = 0.18 A)
2026-04-23 20:50:36,947 [ genlib ] [ INFO ] Searching order 3
2026-04-23 20:50:36,947 [ genlib ] [ INFO ] Checking atom OD1
2026-04-23 20:50:36,947 [ genlib ] [ INFO ] Define atom pair: ASN|OD1|O|O.2        - > ARG|CD|CT|C.3        (d = 0.26 A)
2026-04-23 20:50:36,947 [ genlib ] [ INFO ] Checking atom ND2
2026-04-23 20:50:36,947 [ genlib ] [ INFO ] No partner found for atom ND2
2026-04-23 20:50:36,947 [ genlib ] [ INFO ] Searching order 4
2026-04-23 20:50:36,947 [ genlib ] [ INFO ] Searching order 5
2026-04-23 20:50:36,947 [ genlib ] [ INFO ] Searching order 6
2026-04-23 20:50:36,947 [ genlib ] [ INFO ] Searching order 7
2026-04-23 20:50:36,947 [ genlib ] [ INFO ] Searching branch 2
2026-04-23 20:50:36,947 [ genlib ] [ INFO ] Searching order 2
2026-04-23 20:50:36,947 [ genlib ] [ INFO ] Searching order 3
2026-04-23 20:50:36,947 [ genlib ] [ INFO ] Checking atom ND2
2026-04-23 20:50:36,947 [ genlib ] [ INFO ] No partner found for atom ND2
2026-04-23 20:50:36,947 [ genlib ] [ INFO ] Searching order 4
2026-04-23 20:50:36,947 [ genlib ] [ INFO ] Searching order 5
2026-04-23 20:50:36,947 [ genlib ] [ INFO ] Searching order 6
2026-04-23 20:50:36,947 [ genlib ] [ INFO ] Searching order 7
2026-04-23 20:50:36,953 [ genlib ] [ INFO ] Updating bond lists
2026-04-23 20:50:36,953 [ genlib ] [ INFO ] Updating dihedrals
2026-04-23 20:50:36,953 [ genlib ] [ INFO ] Updating impropers
2026-04-23 20:50:36,954 [ genlib ] [ INFO ] Building library files for ASN --> ASH mutant
2026-04-23 20:50:36,954 [ genlib ] [ INFO ] reading rtp file "aminoacids.rtp"
2026-04-23 20:50:36,979 [ genlib ] [ INFO ] ENTERED SIMPLE
2026-04-23 20:50:36,979 [ genlib ] [ INFO ] Making atom pairs
2026-04-23 20:50:36,979 [ genlib ] [ INFO ] Searching branch 1
2026-04-23 20:50:36,979 [ genlib ] [ INFO ] Searching order 2
2026-04-23 20:50:36,979 [ genlib ] [ INFO ] Checking atom 1HB
2026-04-23 20:50:36,979 [ genlib ] [ INFO ] Define atom pair: ASN|1HB|HC|H         - > ASH|1HB|HC|H         (d = 0.12 A)
2026-04-23 20:50:36,979 [ genlib ] [ INFO ] Checking atom 2HB
2026-04-23 20:50:36,979 [ genlib ] [ INFO ] Define atom pair: ASN|2HB|HC|H         - > ASH|2HB|HC|H         (d = 0.13 A)
2026-04-23 20:50:36,979 [ genlib ] [ INFO ] Checking atom CG
2026-04-23 20:50:36,980 [ genlib ] [ INFO ] Define atom pair: ASN|CG|C|C.2         - > ASH|CG|C|C.2         (d = 0.08 A)
2026-04-23 20:50:36,980 [ genlib ] [ INFO ] Searching order 3
2026-04-23 20:50:36,980 [ genlib ] [ INFO ] Checking atom OD1
2026-04-23 20:50:36,980 [ genlib ] [ INFO ] Define atom pair: ASN|OD1|O|O.2        - > ASH|OD1|O|O.co2      (d = 0.09 A)
2026-04-23 20:50:36,980 [ genlib ] [ INFO ] Checking atom ND2
2026-04-23 20:50:36,980 [ genlib ] [ INFO ] Define atom pair: ASN|ND2|N|N.am       - > ASH|OD2|OH|O.co2     (d = 0.10 A)
2026-04-23 20:50:36,980 [ genlib ] [ INFO ] Searching order 4
2026-04-23 20:50:36,980 [ genlib ] [ INFO ] Checking atom 1HD2
2026-04-23 20:50:36,980 [ genlib ] [ INFO ] No partner found for atom 1HD2
2026-04-23 20:50:36,980 [ genlib ] [ INFO ] Checking atom 2HD2
2026-04-23 20:50:36,980 [ genlib ] [ INFO ] Define atom pair: ASN|2HD2|H|H         - > ASH|HD2|HO|H         (d = 0.19 A)
2026-04-23 20:50:36,980 [ genlib ] [ INFO ] Searching order 5
2026-04-23 20:50:36,980 [ genlib ] [ INFO ] Searching order 6
2026-04-23 20:50:36,980 [ genlib ] [ INFO ] Searching order 7
2026-04-23 20:50:36,980 [ genlib ] [ INFO ] Searching branch 2
2026-04-23 20:50:36,980 [ genlib ] [ INFO ] Searching order 2
2026-04-23 20:50:36,980 [ genlib ] [ INFO ] Searching order 3
2026-04-23 20:50:36,980 [ genlib ] [ INFO ] Searching order 4
2026-04-23 20:50:36,980 [ genlib ] [ INFO ] Checking atom 1HD2
2026-04-23 20:50:36,980 [ genlib ] [ INFO ] No partner found for atom 1HD2
2026-04-23 20:50:36,980 [ genlib ] [ INFO ] Searching order 5
2026-04-23 20:50:36,980 [ genlib ] [ INFO ] Searching order 6
2026-04-23 20:50:36,980 [ genlib ] [ INFO ] Searching order 7
2026-04-23 20:50:36,980 [ genlib ] [ INFO ] Updating bond lists
2026-04-23 20:50:36,980 [ genlib ] [ INFO ] Updating dihedrals
2026-04-23 20:50:36,980 [ genlib ] [ INFO ] Updating impropers
2026-04-23 20:50:36,980 [ genlib ] [ WARNING ] undefined
2026-04-23 20:50:36,980 [ genlib ] [ WARNING ] undefined
2026-04-23 20:50:36,980 [ genlib ] [ INFO ] Building library files for ASN --> ASP mutant
2026-04-23 20:50:36,981 [ genlib ] [ INFO ] reading rtp file "aminoacids.rtp"
2026-04-23 20:50:37,006 [ genlib ] [ INFO ] ENTERED SIMPLE
2026-04-23 20:50:37,006 [ genlib ] [ INFO ] Making atom pairs
2026-04-23 20:50:37,006 [ genlib ] [ INFO ] Searching branch 1
2026-04-23 20:50:37,006 [ genlib ] [ INFO ] Searching order 2
2026-04-23 20:50:37,006 [ genlib ] [ INFO ] Checking atom 1HB
2026-04-23 20:50:37,006 [ genlib ] [ INFO ] Define atom pair: ASN|1HB|HC|H         - > ASP|1HB|HC|H         (d = 0.08 A)
2026-04-23 20:50:37,006 [ genlib ] [ INFO ] Checking atom 2HB
2026-04-23 20:50:37,006 [ genlib ] [ INFO ] Define atom pair: ASN|2HB|HC|H         - > ASP|2HB|HC|H         (d = 0.06 A)
2026-04-23 20:50:37,006 [ genlib ] [ INFO ] Checking atom CG
2026-04-23 20:50:37,006 [ genlib ] [ INFO ] Define atom pair: ASN|CG|C|C.2         - > ASP|CG|C|C.2         (d = 0.08 A)
2026-04-23 20:50:37,006 [ genlib ] [ INFO ] Searching order 3
2026-04-23 20:50:37,006 [ genlib ] [ INFO ] Checking atom OD1
2026-04-23 20:50:37,006 [ genlib ] [ INFO ] Define atom pair: ASN|OD1|O|O.2        - > ASP|OD1|O2|O.co2     (d = 0.09 A)
2026-04-23 20:50:37,006 [ genlib ] [ INFO ] Checking atom ND2
2026-04-23 20:50:37,006 [ genlib ] [ INFO ] Define atom pair: ASN|ND2|N|N.am       - > ASP|OD2|O2|O.co2     (d = 0.10 A)
2026-04-23 20:50:37,006 [ genlib ] [ INFO ] Searching order 4
2026-04-23 20:50:37,006 [ genlib ] [ INFO ] Checking atom 1HD2
2026-04-23 20:50:37,006 [ genlib ] [ INFO ] No partner found for atom 1HD2
2026-04-23 20:50:37,006 [ genlib ] [ INFO ] Checking atom 2HD2
2026-04-23 20:50:37,006 [ genlib ] [ INFO ] No partner found for atom 2HD2
2026-04-23 20:50:37,006 [ genlib ] [ INFO ] Searching order 5
2026-04-23 20:50:37,006 [ genlib ] [ INFO ] Searching order 6
2026-04-23 20:50:37,006 [ genlib ] [ INFO ] Searching order 7
2026-04-23 20:50:37,006 [ genlib ] [ INFO ] Searching branch 2
2026-04-23 20:50:37,006 [ genlib ] [ INFO ] Searching order 2
2026-04-23 20:50:37,006 [ genlib ] [ INFO ] Searching order 3
2026-04-23 20:50:37,006 [ genlib ] [ INFO ] Searching order 4
2026-04-23 20:50:37,006 [ genlib ] [ INFO ] Checking atom 1HD2
2026-04-23 20:50:37,006 [ genlib ] [ INFO ] No partner found for atom 1HD2
2026-04-23 20:50:37,006 [ genlib ] [ INFO ] Checking atom 2HD2
2026-04-23 20:50:37,006 [ genlib ] [ INFO ] No partner found for atom 2HD2
2026-04-23 20:50:37,006 [ genlib ] [ INFO ] Searching order 5
2026-04-23 20:50:37,006 [ genlib ] [ INFO ] Searching order 6
2026-04-23 20:50:37,006 [ genlib ] [ INFO ] Searching order 7
2026-04-23 20:50:37,006 [ genlib ] [ INFO ] Updating bond lists
2026-04-23 20:50:37,007 [ genlib ] [ INFO ] Updating dihedrals
2026-04-23 20:50:37,007 [ genlib ] [ INFO ] Updating impropers
2026-04-23 20:50:37,007 [ genlib ] [ WARNING ] undefined
2026-04-23 20:50:37,007 [ genlib ] [ WARNING ] undefined
2026-04-23 20:50:37,007 [ genlib ] [ INFO ] Building library files for ASN --> CYS mutant
2026-04-23 20:50:37,008 [ genlib ] [ INFO ] reading rtp file "aminoacids.rtp"
2026-04-23 20:50:37,033 [ genlib ] [ INFO ] ENTERED SIMPLE
2026-04-23 20:50:37,033 [ genlib ] [ INFO ] Making atom pairs
2026-04-23 20:50:37,033 [ genlib ] [ INFO ] Searching branch 1
2026-04-23 20:50:37,033 [ genlib ] [ INFO ] Searching order 2
2026-04-23 20:50:37,033 [ genlib ] [ INFO ] Checking atom 1HB
2026-04-23 20:50:37,033 [ genlib ] [ INFO ] Define atom pair: ASN|1HB|HC|H         - > CYS|1HB|H1|H         (d = 0.13 A)
2026-04-23 20:50:37,033 [ genlib ] [ INFO ] Checking atom 2HB
2026-04-23 20:50:37,033 [ genlib ] [ INFO ] Define atom pair: ASN|2HB|HC|H         - > CYS|2HB|H1|H         (d = 0.13 A)
2026-04-23 20:50:37,033 [ genlib ] [ INFO ] Checking atom CG
2026-04-23 20:50:37,033 [ genlib ] [ INFO ] Define atom pair: ASN|CG|C|C.2         - > CYS|SG|SH|S.3        (d = 0.27 A)
2026-04-23 20:50:37,033 [ genlib ] [ INFO ] Searching order 3
2026-04-23 20:50:37,033 [ genlib ] [ INFO ] Checking atom OD1
2026-04-23 20:50:37,033 [ genlib ] [ INFO ] Define atom pair: ASN|OD1|O|O.2        - > CYS|HG|HS|H          (d = 0.29 A)
2026-04-23 20:50:37,033 [ genlib ] [ INFO ] Checking atom ND2
2026-04-23 20:50:37,033 [ genlib ] [ INFO ] No partner found for atom ND2
2026-04-23 20:50:37,033 [ genlib ] [ INFO ] Searching order 4
2026-04-23 20:50:37,033 [ genlib ] [ INFO ] Searching order 5
2026-04-23 20:50:37,033 [ genlib ] [ INFO ] Searching order 6
2026-04-23 20:50:37,033 [ genlib ] [ INFO ] Searching order 7
2026-04-23 20:50:37,033 [ genlib ] [ INFO ] Searching branch 2
2026-04-23 20:50:37,033 [ genlib ] [ INFO ] Searching order 2
2026-04-23 20:50:37,033 [ genlib ] [ INFO ] Searching order 3
2026-04-23 20:50:37,033 [ genlib ] [ INFO ] Checking atom ND2
2026-04-23 20:50:37,033 [ genlib ] [ INFO ] No partner found for atom ND2
2026-04-23 20:50:37,033 [ genlib ] [ INFO ] Searching order 4
2026-04-23 20:50:37,033 [ genlib ] [ INFO ] Searching order 5
2026-04-23 20:50:37,033 [ genlib ] [ INFO ] Searching order 6
2026-04-23 20:50:37,033 [ genlib ] [ INFO ] Searching order 7
2026-04-23 20:50:37,033 [ genlib ] [ INFO ] Updating bond lists
2026-04-23 20:50:37,034 [ genlib ] [ INFO ] Updating dihedrals
2026-04-23 20:50:37,034 [ genlib ] [ INFO ] Updating impropers
2026-04-23 20:50:37,034 [ genlib ] [ INFO ] Building library files for ASN --> GLH mutant
2026-04-23 20:50:37,035 [ genlib ] [ INFO ] reading rtp file "aminoacids.rtp"
2026-04-23 20:50:37,060 [ genlib ] [ INFO ] ENTERED SIMPLE
2026-04-23 20:50:37,060 [ genlib ] [ INFO ] Making atom pairs
2026-04-23 20:50:37,060 [ genlib ] [ INFO ] Searching branch 1
2026-04-23 20:50:37,060 [ genlib ] [ INFO ] Searching order 2
2026-04-23 20:50:37,060 [ genlib ] [ INFO ] Checking atom 1HB
2026-04-23 20:50:37,060 [ genlib ] [ INFO ] Define atom pair: ASN|1HB|HC|H         - > GLH|1HB|HC|H         (d = 0.20 A)
2026-04-23 20:50:37,060 [ genlib ] [ INFO ] Checking atom 2HB
2026-04-23 20:50:37,060 [ genlib ] [ INFO ] Define atom pair: ASN|2HB|HC|H         - > GLH|2HB|HC|H         (d = 0.19 A)
2026-04-23 20:50:37,060 [ genlib ] [ INFO ] Checking atom CG
2026-04-23 20:50:37,060 [ genlib ] [ INFO ] Define atom pair: ASN|CG|C|C.2         - > GLH|CG|CT|C.3        (d = 0.12 A)
2026-04-23 20:50:37,060 [ genlib ] [ INFO ] Searching order 3
2026-04-23 20:50:37,060 [ genlib ] [ INFO ] Checking atom OD1
2026-04-23 20:50:37,060 [ genlib ] [ INFO ] Define atom pair: ASN|OD1|O|O.2        - > GLH|CD|C|C.2         (d = 0.32 A)
2026-04-23 20:50:37,060 [ genlib ] [ INFO ] Checking atom ND2
2026-04-23 20:50:37,060 [ genlib ] [ INFO ] No partner found for atom ND2
2026-04-23 20:50:37,060 [ genlib ] [ INFO ] Searching order 4
2026-04-23 20:50:37,060 [ genlib ] [ INFO ] Searching order 5
2026-04-23 20:50:37,060 [ genlib ] [ INFO ] Searching order 6
2026-04-23 20:50:37,060 [ genlib ] [ INFO ] Searching order 7
2026-04-23 20:50:37,060 [ genlib ] [ INFO ] Searching branch 2
2026-04-23 20:50:37,060 [ genlib ] [ INFO ] Searching order 2
2026-04-23 20:50:37,060 [ genlib ] [ INFO ] Searching order 3
2026-04-23 20:50:37,060 [ genlib ] [ INFO ] Checking atom ND2
2026-04-23 20:50:37,060 [ genlib ] [ INFO ] No partner found for atom ND2
2026-04-23 20:50:37,060 [ genlib ] [ INFO ] Searching order 4
2026-04-23 20:50:37,060 [ genlib ] [ INFO ] Searching order 5
2026-04-23 20:50:37,060 [ genlib ] [ INFO ] Searching order 6
2026-04-23 20:50:37,060 [ genlib ] [ INFO ] Searching order 7
2026-04-23 20:50:37,077 [ genlib ] [ INFO ] Updating bond lists
2026-04-23 20:50:37,077 [ genlib ] [ INFO ] Updating dihedrals
2026-04-23 20:50:37,077 [ genlib ] [ INFO ] Updating impropers
2026-04-23 20:50:37,077 [ genlib ] [ INFO ] Building library files for ASN --> GLN mutant
2026-04-23 20:50:37,078 [ genlib ] [ INFO ] reading rtp file "aminoacids.rtp"
2026-04-23 20:50:37,103 [ genlib ] [ INFO ] ENTERED SIMPLE
2026-04-23 20:50:37,103 [ genlib ] [ INFO ] Making atom pairs
2026-04-23 20:50:37,103 [ genlib ] [ INFO ] Searching branch 1
2026-04-23 20:50:37,103 [ genlib ] [ INFO ] Searching order 2
2026-04-23 20:50:37,103 [ genlib ] [ INFO ] Checking atom 1HB
2026-04-23 20:50:37,103 [ genlib ] [ INFO ] Define atom pair: ASN|1HB|HC|H         - > GLN|1HB|HC|H         (d = 0.16 A)
2026-04-23 20:50:37,103 [ genlib ] [ INFO ] Checking atom 2HB
2026-04-23 20:50:37,103 [ genlib ] [ INFO ] Define atom pair: ASN|2HB|HC|H         - > GLN|2HB|HC|H         (d = 0.14 A)
2026-04-23 20:50:37,103 [ genlib ] [ INFO ] Checking atom CG
2026-04-23 20:50:37,103 [ genlib ] [ INFO ] Define atom pair: ASN|CG|C|C.2         - > GLN|CG|CT|C.3        (d = 0.13 A)
2026-04-23 20:50:37,103 [ genlib ] [ INFO ] Searching order 3
2026-04-23 20:50:37,103 [ genlib ] [ INFO ] Checking atom OD1
2026-04-23 20:50:37,103 [ genlib ] [ INFO ] Define atom pair: ASN|OD1|O|O.2        - > GLN|CD|C|C.2         (d = 0.22 A)
2026-04-23 20:50:37,103 [ genlib ] [ INFO ] Checking atom ND2
2026-04-23 20:50:37,103 [ genlib ] [ INFO ] No partner found for atom ND2
2026-04-23 20:50:37,103 [ genlib ] [ INFO ] Searching order 4
2026-04-23 20:50:37,103 [ genlib ] [ INFO ] Searching order 5
2026-04-23 20:50:37,103 [ genlib ] [ INFO ] Searching order 6
2026-04-23 20:50:37,103 [ genlib ] [ INFO ] Searching order 7
2026-04-23 20:50:37,103 [ genlib ] [ INFO ] Searching branch 2
2026-04-23 20:50:37,103 [ genlib ] [ INFO ] Searching order 2
2026-04-23 20:50:37,103 [ genlib ] [ INFO ] Searching order 3
2026-04-23 20:50:37,103 [ genlib ] [ INFO ] Checking atom ND2
2026-04-23 20:50:37,103 [ genlib ] [ INFO ] No partner found for atom ND2
2026-04-23 20:50:37,103 [ genlib ] [ INFO ] Searching order 4
2026-04-23 20:50:37,103 [ genlib ] [ INFO ] Searching order 5
2026-04-23 20:50:37,103 [ genlib ] [ INFO ] Searching order 6
2026-04-23 20:50:37,103 [ genlib ] [ INFO ] Searching order 7
2026-04-23 20:50:37,105 [ genlib ] [ INFO ] Updating bond lists
2026-04-23 20:50:37,106 [ genlib ] [ INFO ] Updating dihedrals
2026-04-23 20:50:37,106 [ genlib ] [ INFO ] Updating impropers
2026-04-23 20:50:37,106 [ genlib ] [ INFO ] Building library files for ASN --> GLU mutant
2026-04-23 20:50:37,107 [ genlib ] [ INFO ] reading rtp file "aminoacids.rtp"
2026-04-23 20:50:37,132 [ genlib ] [ INFO ] ENTERED SIMPLE
2026-04-23 20:50:37,132 [ genlib ] [ INFO ] Making atom pairs
2026-04-23 20:50:37,132 [ genlib ] [ INFO ] Searching branch 1
2026-04-23 20:50:37,132 [ genlib ] [ INFO ] Searching order 2
2026-04-23 20:50:37,132 [ genlib ] [ INFO ] Checking atom 1HB
2026-04-23 20:50:37,132 [ genlib ] [ INFO ] Define atom pair: ASN|1HB|HC|H         - > GLU|1HB|HC|H         (d = 0.18 A)
2026-04-23 20:50:37,132 [ genlib ] [ INFO ] Checking atom 2HB
2026-04-23 20:50:37,132 [ genlib ] [ INFO ] Define atom pair: ASN|2HB|HC|H         - > GLU|2HB|HC|H         (d = 0.14 A)
2026-04-23 20:50:37,132 [ genlib ] [ INFO ] Checking atom CG
2026-04-23 20:50:37,132 [ genlib ] [ INFO ] Define atom pair: ASN|CG|C|C.2         - > GLU|CG|CT|C.3        (d = 0.12 A)
2026-04-23 20:50:37,132 [ genlib ] [ INFO ] Searching order 3
2026-04-23 20:50:37,132 [ genlib ] [ INFO ] Checking atom OD1
2026-04-23 20:50:37,132 [ genlib ] [ INFO ] Define atom pair: ASN|OD1|O|O.2        - > GLU|CD|C|C.2         (d = 0.31 A)
2026-04-23 20:50:37,132 [ genlib ] [ INFO ] Checking atom ND2
2026-04-23 20:50:37,132 [ genlib ] [ INFO ] No partner found for atom ND2
2026-04-23 20:50:37,132 [ genlib ] [ INFO ] Searching order 4
2026-04-23 20:50:37,132 [ genlib ] [ INFO ] Searching order 5
2026-04-23 20:50:37,132 [ genlib ] [ INFO ] Searching order 6
2026-04-23 20:50:37,132 [ genlib ] [ INFO ] Searching order 7
2026-04-23 20:50:37,132 [ genlib ] [ INFO ] Searching branch 2
2026-04-23 20:50:37,132 [ genlib ] [ INFO ] Searching order 2
2026-04-23 20:50:37,132 [ genlib ] [ INFO ] Searching order 3
2026-04-23 20:50:37,132 [ genlib ] [ INFO ] Checking atom ND2
2026-04-23 20:50:37,132 [ genlib ] [ INFO ] No partner found for atom ND2
2026-04-23 20:50:37,132 [ genlib ] [ INFO ] Searching order 4
2026-04-23 20:50:37,132 [ genlib ] [ INFO ] Searching order 5
2026-04-23 20:50:37,132 [ genlib ] [ INFO ] Searching order 6
2026-04-23 20:50:37,132 [ genlib ] [ INFO ] Searching order 7
2026-04-23 20:50:37,133 [ genlib ] [ INFO ] Updating bond lists
2026-04-23 20:50:37,134 [ genlib ] [ INFO ] Updating dihedrals
2026-04-23 20:50:37,134 [ genlib ] [ INFO ] Updating impropers
2026-04-23 20:50:37,134 [ genlib ] [ INFO ] Building library files for ASN --> GLY mutant
2026-04-23 20:50:37,134 [ genlib ] [ INFO ] reading rtp file "aminoacids.rtp"
2026-04-23 20:50:37,159 [ genlib ] [ INFO ] ENTERED G
2026-04-23 20:50:37,159 [ genlib ] [ INFO ] Making atom pairs
2026-04-23 20:50:37,160 [ genlib ] [ INFO ] Updating bond lists
2026-04-23 20:50:37,160 [ genlib ] [ INFO ] Updating dihedrals
2026-04-23 20:50:37,160 [ genlib ] [ INFO ] Updating impropers
2026-04-23 20:50:37,160 [ genlib ] [ WARNING ] undefined
2026-04-23 20:50:37,160 [ genlib ] [ INFO ] Building library files for ASN --> HID mutant
2026-04-23 20:50:37,161 [ genlib ] [ INFO ] reading rtp file "aminoacids.rtp"
2026-04-23 20:50:37,186 [ genlib ] [ INFO ] ENTERED RINGS
2026-04-23 20:50:37,186 [ genlib ] [ INFO ] Making atom pairs
2026-04-23 20:50:37,188 [ genlib ] [ INFO ] Updating bond lists
2026-04-23 20:50:37,189 [ genlib ] [ INFO ] Updating dihedrals
2026-04-23 20:50:37,189 [ genlib ] [ INFO ] Updating impropers
2026-04-23 20:50:37,189 [ genlib ] [ INFO ] Building library files for ASN --> HIE mutant
2026-04-23 20:50:37,190 [ genlib ] [ INFO ] reading rtp file "aminoacids.rtp"
2026-04-23 20:50:37,215 [ genlib ] [ INFO ] ENTERED RINGS
2026-04-23 20:50:37,215 [ genlib ] [ INFO ] Making atom pairs
2026-04-23 20:50:37,217 [ genlib ] [ INFO ] Updating bond lists
2026-04-23 20:50:37,218 [ genlib ] [ INFO ] Updating dihedrals
2026-04-23 20:50:37,218 [ genlib ] [ INFO ] Updating impropers
2026-04-23 20:50:37,218 [ genlib ] [ INFO ] Building library files for ASN --> HIP mutant
2026-04-23 20:50:37,219 [ genlib ] [ INFO ] reading rtp file "aminoacids.rtp"
2026-04-23 20:50:37,244 [ genlib ] [ INFO ] ENTERED RINGS
2026-04-23 20:50:37,244 [ genlib ] [ INFO ] Making atom pairs
2026-04-23 20:50:37,247 [ genlib ] [ INFO ] Updating bond lists
2026-04-23 20:50:37,247 [ genlib ] [ INFO ] Updating dihedrals
2026-04-23 20:50:37,247 [ genlib ] [ INFO ] Updating impropers
2026-04-23 20:50:37,248 [ genlib ] [ INFO ] Building library files for ASN --> ILE mutant
2026-04-23 20:50:37,248 [ genlib ] [ INFO ] reading rtp file "aminoacids.rtp"
2026-04-23 20:50:37,273 [ genlib ] [ INFO ] ENTERED SIMPLE
2026-04-23 20:50:37,274 [ genlib ] [ INFO ] Making atom pairs
2026-04-23 20:50:37,274 [ genlib ] [ INFO ] Searching branch 1
2026-04-23 20:50:37,274 [ genlib ] [ INFO ] Searching order 2
2026-04-23 20:50:37,274 [ genlib ] [ INFO ] Checking atom 1HB
2026-04-23 20:50:37,274 [ genlib ] [ INFO ] Define atom pair: ASN|1HB|HC|H         - > ILE|HB|HC|H          (d = 0.14 A)
2026-04-23 20:50:37,274 [ genlib ] [ INFO ] Checking atom 2HB
2026-04-23 20:50:37,274 [ genlib ] [ INFO ] Define atom pair: ASN|2HB|HC|H         - > ILE|CG2|CT|C.3       (d = 0.45 A)
2026-04-23 20:50:37,274 [ genlib ] [ INFO ] Checking atom CG
2026-04-23 20:50:37,274 [ genlib ] [ INFO ] Define atom pair: ASN|CG|C|C.2         - > ILE|CG1|CT|C.3       (d = 0.06 A)
2026-04-23 20:50:37,274 [ genlib ] [ INFO ] Searching order 3
2026-04-23 20:50:37,274 [ genlib ] [ INFO ] Checking atom OD1
2026-04-23 20:50:37,274 [ genlib ] [ INFO ] Define atom pair: ASN|OD1|O|O.2        - > ILE|CD1|CT|C.3       (d = 0.34 A)
2026-04-23 20:50:37,274 [ genlib ] [ INFO ] Checking atom ND2
2026-04-23 20:50:37,274 [ genlib ] [ INFO ] No partner found for atom ND2
2026-04-23 20:50:37,274 [ genlib ] [ INFO ] Searching order 4
2026-04-23 20:50:37,274 [ genlib ] [ INFO ] Searching order 5
2026-04-23 20:50:37,274 [ genlib ] [ INFO ] Searching order 6
2026-04-23 20:50:37,274 [ genlib ] [ INFO ] Searching order 7
2026-04-23 20:50:37,274 [ genlib ] [ INFO ] Searching branch 2
2026-04-23 20:50:37,274 [ genlib ] [ INFO ] Searching order 2
2026-04-23 20:50:37,274 [ genlib ] [ INFO ] Searching order 3
2026-04-23 20:50:37,274 [ genlib ] [ INFO ] Checking atom ND2
2026-04-23 20:50:37,274 [ genlib ] [ INFO ] No partner found for atom ND2
2026-04-23 20:50:37,274 [ genlib ] [ INFO ] Searching order 4
2026-04-23 20:50:37,274 [ genlib ] [ INFO ] Searching order 5
2026-04-23 20:50:37,274 [ genlib ] [ INFO ] Searching order 6
2026-04-23 20:50:37,274 [ genlib ] [ INFO ] Searching order 7
2026-04-23 20:50:37,277 [ genlib ] [ INFO ] Updating bond lists
2026-04-23 20:50:37,277 [ genlib ] [ INFO ] Updating dihedrals
2026-04-23 20:50:37,277 [ genlib ] [ INFO ] Updating impropers
2026-04-23 20:50:37,277 [ genlib ] [ INFO ] Building library files for ASN --> LEU mutant
2026-04-23 20:50:37,278 [ genlib ] [ INFO ] reading rtp file "aminoacids.rtp"
2026-04-23 20:50:37,303 [ genlib ] [ INFO ] ENTERED SIMPLE
2026-04-23 20:50:37,303 [ genlib ] [ INFO ] Making atom pairs
2026-04-23 20:50:37,303 [ genlib ] [ INFO ] Searching branch 1
2026-04-23 20:50:37,303 [ genlib ] [ INFO ] Searching order 2
2026-04-23 20:50:37,303 [ genlib ] [ INFO ] Checking atom 1HB
2026-04-23 20:50:37,303 [ genlib ] [ INFO ] Define atom pair: ASN|1HB|HC|H         - > LEU|1HB|HC|H         (d = 0.09 A)
2026-04-23 20:50:37,303 [ genlib ] [ INFO ] Checking atom 2HB
2026-04-23 20:50:37,303 [ genlib ] [ INFO ] Define atom pair: ASN|2HB|HC|H         - > LEU|2HB|HC|H         (d = 0.09 A)
2026-04-23 20:50:37,303 [ genlib ] [ INFO ] Checking atom CG
2026-04-23 20:50:37,303 [ genlib ] [ INFO ] Define atom pair: ASN|CG|C|C.2         - > LEU|CG|CT|C.3        (d = 0.11 A)
2026-04-23 20:50:37,303 [ genlib ] [ INFO ] Searching order 3
2026-04-23 20:50:37,303 [ genlib ] [ INFO ] Checking atom OD1
2026-04-23 20:50:37,303 [ genlib ] [ INFO ] Define atom pair: ASN|OD1|O|O.2        - > LEU|CD1|CT|C.3       (d = 0.35 A)
2026-04-23 20:50:37,303 [ genlib ] [ INFO ] Checking atom ND2
2026-04-23 20:50:37,303 [ genlib ] [ INFO ] No partner found for atom ND2
2026-04-23 20:50:37,303 [ genlib ] [ INFO ] Searching order 4
2026-04-23 20:50:37,303 [ genlib ] [ INFO ] Searching order 5
2026-04-23 20:50:37,303 [ genlib ] [ INFO ] Searching order 6
2026-04-23 20:50:37,303 [ genlib ] [ INFO ] Searching order 7
2026-04-23 20:50:37,303 [ genlib ] [ INFO ] Searching branch 2
2026-04-23 20:50:37,303 [ genlib ] [ INFO ] Searching order 2
2026-04-23 20:50:37,303 [ genlib ] [ INFO ] Searching order 3
2026-04-23 20:50:37,303 [ genlib ] [ INFO ] Checking atom ND2
2026-04-23 20:50:37,303 [ genlib ] [ INFO ] No partner found for atom ND2
2026-04-23 20:50:37,303 [ genlib ] [ INFO ] Searching order 4
2026-04-23 20:50:37,303 [ genlib ] [ INFO ] Searching order 5
2026-04-23 20:50:37,303 [ genlib ] [ INFO ] Searching order 6
2026-04-23 20:50:37,303 [ genlib ] [ INFO ] Searching order 7
2026-04-23 20:50:37,306 [ genlib ] [ INFO ] Updating bond lists
2026-04-23 20:50:37,306 [ genlib ] [ INFO ] Updating dihedrals
2026-04-23 20:50:37,306 [ genlib ] [ INFO ] Updating impropers
2026-04-23 20:50:37,307 [ genlib ] [ INFO ] Building library files for ASN --> LYN mutant
2026-04-23 20:50:37,307 [ genlib ] [ INFO ] reading rtp file "aminoacids.rtp"
2026-04-23 20:50:37,333 [ genlib ] [ INFO ] ENTERED SIMPLE
2026-04-23 20:50:37,333 [ genlib ] [ INFO ] Making atom pairs
2026-04-23 20:50:37,333 [ genlib ] [ INFO ] Searching branch 1
2026-04-23 20:50:37,333 [ genlib ] [ INFO ] Searching order 2
2026-04-23 20:50:37,333 [ genlib ] [ INFO ] Checking atom 1HB
2026-04-23 20:50:37,333 [ genlib ] [ INFO ] Define atom pair: ASN|1HB|HC|H         - > LYN|1HB|HC|H         (d = 0.15 A)
2026-04-23 20:50:37,333 [ genlib ] [ INFO ] Checking atom 2HB
2026-04-23 20:50:37,333 [ genlib ] [ INFO ] Define atom pair: ASN|2HB|HC|H         - > LYN|2HB|HC|H         (d = 0.18 A)
2026-04-23 20:50:37,333 [ genlib ] [ INFO ] Checking atom CG
2026-04-23 20:50:37,333 [ genlib ] [ INFO ] Define atom pair: ASN|CG|C|C.2         - > LYN|CG|CT|C.3        (d = 0.17 A)
2026-04-23 20:50:37,333 [ genlib ] [ INFO ] Searching order 3
2026-04-23 20:50:37,333 [ genlib ] [ INFO ] Checking atom OD1
2026-04-23 20:50:37,333 [ genlib ] [ INFO ] Define atom pair: ASN|OD1|O|O.2        - > LYN|CD|CT|C.3        (d = 0.27 A)
2026-04-23 20:50:37,333 [ genlib ] [ INFO ] Checking atom ND2
2026-04-23 20:50:37,333 [ genlib ] [ INFO ] No partner found for atom ND2
2026-04-23 20:50:37,333 [ genlib ] [ INFO ] Searching order 4
2026-04-23 20:50:37,333 [ genlib ] [ INFO ] Searching order 5
2026-04-23 20:50:37,333 [ genlib ] [ INFO ] Searching order 6
2026-04-23 20:50:37,333 [ genlib ] [ INFO ] Searching order 7
2026-04-23 20:50:37,333 [ genlib ] [ INFO ] Searching branch 2
2026-04-23 20:50:37,333 [ genlib ] [ INFO ] Searching order 2
2026-04-23 20:50:37,333 [ genlib ] [ INFO ] Searching order 3
2026-04-23 20:50:37,333 [ genlib ] [ INFO ] Checking atom ND2
2026-04-23 20:50:37,333 [ genlib ] [ INFO ] No partner found for atom ND2
2026-04-23 20:50:37,333 [ genlib ] [ INFO ] Searching order 4
2026-04-23 20:50:37,333 [ genlib ] [ INFO ] Searching order 5
2026-04-23 20:50:37,333 [ genlib ] [ INFO ] Searching order 6
2026-04-23 20:50:37,333 [ genlib ] [ INFO ] Searching order 7
2026-04-23 20:50:37,338 [ genlib ] [ INFO ] Updating bond lists
2026-04-23 20:50:37,338 [ genlib ] [ INFO ] Updating dihedrals
2026-04-23 20:50:37,338 [ genlib ] [ INFO ] Updating impropers
2026-04-23 20:50:37,339 [ genlib ] [ INFO ] Building library files for ASN --> LYS mutant
2026-04-23 20:50:37,339 [ genlib ] [ INFO ] reading rtp file "aminoacids.rtp"
2026-04-23 20:50:37,366 [ genlib ] [ INFO ] ENTERED SIMPLE
2026-04-23 20:50:37,366 [ genlib ] [ INFO ] Making atom pairs
2026-04-23 20:50:37,366 [ genlib ] [ INFO ] Searching branch 1
2026-04-23 20:50:37,366 [ genlib ] [ INFO ] Searching order 2
2026-04-23 20:50:37,366 [ genlib ] [ INFO ] Checking atom 1HB
2026-04-23 20:50:37,366 [ genlib ] [ INFO ] Define atom pair: ASN|1HB|HC|H         - > LYS|1HB|HC|H         (d = 0.18 A)
2026-04-23 20:50:37,366 [ genlib ] [ INFO ] Checking atom 2HB
2026-04-23 20:50:37,366 [ genlib ] [ INFO ] Define atom pair: ASN|2HB|HC|H         - > LYS|2HB|HC|H         (d = 0.17 A)
2026-04-23 20:50:37,366 [ genlib ] [ INFO ] Checking atom CG
2026-04-23 20:50:37,366 [ genlib ] [ INFO ] Define atom pair: ASN|CG|C|C.2         - > LYS|CG|CT|C.3        (d = 0.17 A)
2026-04-23 20:50:37,366 [ genlib ] [ INFO ] Searching order 3
2026-04-23 20:50:37,366 [ genlib ] [ INFO ] Checking atom OD1
2026-04-23 20:50:37,366 [ genlib ] [ INFO ] Define atom pair: ASN|OD1|O|O.2        - > LYS|CD|CT|C.3        (d = 0.25 A)
2026-04-23 20:50:37,366 [ genlib ] [ INFO ] Checking atom ND2
2026-04-23 20:50:37,366 [ genlib ] [ INFO ] No partner found for atom ND2
2026-04-23 20:50:37,366 [ genlib ] [ INFO ] Searching order 4
2026-04-23 20:50:37,366 [ genlib ] [ INFO ] Searching order 5
2026-04-23 20:50:37,366 [ genlib ] [ INFO ] Searching order 6
2026-04-23 20:50:37,366 [ genlib ] [ INFO ] Searching order 7
2026-04-23 20:50:37,366 [ genlib ] [ INFO ] Searching branch 2
2026-04-23 20:50:37,366 [ genlib ] [ INFO ] Searching order 2
2026-04-23 20:50:37,366 [ genlib ] [ INFO ] Searching order 3
2026-04-23 20:50:37,366 [ genlib ] [ INFO ] Checking atom ND2
2026-04-23 20:50:37,366 [ genlib ] [ INFO ] No partner found for atom ND2
2026-04-23 20:50:37,366 [ genlib ] [ INFO ] Searching order 4
2026-04-23 20:50:37,366 [ genlib ] [ INFO ] Searching order 5
2026-04-23 20:50:37,366 [ genlib ] [ INFO ] Searching order 6
2026-04-23 20:50:37,366 [ genlib ] [ INFO ] Searching order 7
2026-04-23 20:50:37,371 [ genlib ] [ INFO ] Updating bond lists
2026-04-23 20:50:37,371 [ genlib ] [ INFO ] Updating dihedrals
2026-04-23 20:50:37,371 [ genlib ] [ INFO ] Updating impropers
2026-04-23 20:50:37,372 [ genlib ] [ INFO ] Building library files for ASN --> MET mutant
2026-04-23 20:50:37,372 [ genlib ] [ INFO ] reading rtp file "aminoacids.rtp"
2026-04-23 20:50:37,398 [ genlib ] [ INFO ] ENTERED SIMPLE
2026-04-23 20:50:37,398 [ genlib ] [ INFO ] Making atom pairs
2026-04-23 20:50:37,398 [ genlib ] [ INFO ] Searching branch 1
2026-04-23 20:50:37,398 [ genlib ] [ INFO ] Searching order 2
2026-04-23 20:50:37,398 [ genlib ] [ INFO ] Checking atom 1HB
2026-04-23 20:50:37,398 [ genlib ] [ INFO ] Define atom pair: ASN|1HB|HC|H         - > MET|1HB|HC|H         (d = 0.08 A)
2026-04-23 20:50:37,398 [ genlib ] [ INFO ] Checking atom 2HB
2026-04-23 20:50:37,398 [ genlib ] [ INFO ] Define atom pair: ASN|2HB|HC|H         - > MET|2HB|HC|H         (d = 0.07 A)
2026-04-23 20:50:37,398 [ genlib ] [ INFO ] Checking atom CG
2026-04-23 20:50:37,398 [ genlib ] [ INFO ] Define atom pair: ASN|CG|C|C.2         - > MET|CG|CT|C.3        (d = 0.07 A)
2026-04-23 20:50:37,398 [ genlib ] [ INFO ] Searching order 3
2026-04-23 20:50:37,398 [ genlib ] [ INFO ] Checking atom OD1
2026-04-23 20:50:37,398 [ genlib ] [ INFO ] Define atom pair: ASN|OD1|O|O.2        - > MET|SD|S|S.3         (d = 0.52 A)
2026-04-23 20:50:37,398 [ genlib ] [ INFO ] Checking atom ND2
2026-04-23 20:50:37,398 [ genlib ] [ INFO ] No partner found for atom ND2
2026-04-23 20:50:37,398 [ genlib ] [ INFO ] Searching order 4
2026-04-23 20:50:37,398 [ genlib ] [ INFO ] Searching order 5
2026-04-23 20:50:37,398 [ genlib ] [ INFO ] Searching order 6
2026-04-23 20:50:37,398 [ genlib ] [ INFO ] Searching order 7
2026-04-23 20:50:37,398 [ genlib ] [ INFO ] Searching branch 2
2026-04-23 20:50:37,398 [ genlib ] [ INFO ] Searching order 2
2026-04-23 20:50:37,398 [ genlib ] [ INFO ] Searching order 3
2026-04-23 20:50:37,398 [ genlib ] [ INFO ] Checking atom ND2
2026-04-23 20:50:37,398 [ genlib ] [ INFO ] No partner found for atom ND2
2026-04-23 20:50:37,398 [ genlib ] [ INFO ] Searching order 4
2026-04-23 20:50:37,398 [ genlib ] [ INFO ] Searching order 5
2026-04-23 20:50:37,398 [ genlib ] [ INFO ] Searching order 6
2026-04-23 20:50:37,398 [ genlib ] [ INFO ] Searching order 7
2026-04-23 20:50:37,401 [ genlib ] [ INFO ] Updating bond lists
2026-04-23 20:50:37,401 [ genlib ] [ INFO ] Updating dihedrals
2026-04-23 20:50:37,401 [ genlib ] [ INFO ] Updating impropers
2026-04-23 20:50:37,401 [ genlib ] [ INFO ] Building library files for ASN --> PHE mutant
2026-04-23 20:50:37,402 [ genlib ] [ INFO ] reading rtp file "aminoacids.rtp"
2026-04-23 20:50:37,427 [ genlib ] [ INFO ] ENTERED RINGS
2026-04-23 20:50:37,427 [ genlib ] [ INFO ] Making atom pairs
2026-04-23 20:50:37,431 [ genlib ] [ INFO ] Updating bond lists
2026-04-23 20:50:37,432 [ genlib ] [ INFO ] Updating dihedrals
2026-04-23 20:50:37,432 [ genlib ] [ INFO ] Updating impropers
2026-04-23 20:50:37,432 [ genlib ] [ INFO ] Building library files for ASN --> PRO mutant
2026-04-23 20:50:37,433 [ genlib ] [ INFO ] reading rtp file "aminoacids.rtp"
2026-04-23 20:50:37,458 [ genlib ] [ INFO ] ENTERED P
2026-04-23 20:50:37,458 [ genlib ] [ INFO ] Making atom pairs
2026-04-23 20:50:37,460 [ genlib ] [ INFO ] Updating bond lists
2026-04-23 20:50:37,461 [ genlib ] [ INFO ] Updating dihedrals
2026-04-23 20:50:37,461 [ genlib ] [ INFO ] Updating impropers
2026-04-23 20:50:37,461 [ genlib ] [ WARNING ] undefined
2026-04-23 20:50:37,461 [ genlib ] [ INFO ] Building library files for ASN --> SER mutant
2026-04-23 20:50:37,462 [ genlib ] [ INFO ] reading rtp file "aminoacids.rtp"
2026-04-23 20:50:37,487 [ genlib ] [ INFO ] ENTERED SIMPLE
2026-04-23 20:50:37,487 [ genlib ] [ INFO ] Making atom pairs
2026-04-23 20:50:37,488 [ genlib ] [ INFO ] Searching branch 1
2026-04-23 20:50:37,488 [ genlib ] [ INFO ] Searching order 2
2026-04-23 20:50:37,488 [ genlib ] [ INFO ] Checking atom 1HB
2026-04-23 20:50:37,488 [ genlib ] [ INFO ] Define atom pair: ASN|1HB|HC|H         - > SER|1HB|H1|H         (d = 0.15 A)
2026-04-23 20:50:37,488 [ genlib ] [ INFO ] Checking atom 2HB
2026-04-23 20:50:37,488 [ genlib ] [ INFO ] Define atom pair: ASN|2HB|HC|H         - > SER|2HB|H1|H         (d = 0.13 A)
2026-04-23 20:50:37,488 [ genlib ] [ INFO ] Checking atom CG
2026-04-23 20:50:37,488 [ genlib ] [ INFO ] Define atom pair: ASN|CG|C|C.2         - > SER|OG|OH|O.3        (d = 0.14 A)
2026-04-23 20:50:37,488 [ genlib ] [ INFO ] Searching order 3
2026-04-23 20:50:37,488 [ genlib ] [ INFO ] Checking atom OD1
2026-04-23 20:50:37,488 [ genlib ] [ INFO ] Define atom pair: ASN|OD1|O|O.2        - > SER|HG|HO|H          (d = 0.46 A)
2026-04-23 20:50:37,488 [ genlib ] [ INFO ] Checking atom ND2
2026-04-23 20:50:37,488 [ genlib ] [ INFO ] No partner found for atom ND2
2026-04-23 20:50:37,488 [ genlib ] [ INFO ] Searching order 4
2026-04-23 20:50:37,488 [ genlib ] [ INFO ] Searching order 5
2026-04-23 20:50:37,488 [ genlib ] [ INFO ] Searching order 6
2026-04-23 20:50:37,488 [ genlib ] [ INFO ] Searching order 7
2026-04-23 20:50:37,488 [ genlib ] [ INFO ] Searching branch 2
2026-04-23 20:50:37,488 [ genlib ] [ INFO ] Searching order 2
2026-04-23 20:50:37,488 [ genlib ] [ INFO ] Searching order 3
2026-04-23 20:50:37,488 [ genlib ] [ INFO ] Checking atom ND2
2026-04-23 20:50:37,488 [ genlib ] [ INFO ] No partner found for atom ND2
2026-04-23 20:50:37,488 [ genlib ] [ INFO ] Searching order 4
2026-04-23 20:50:37,488 [ genlib ] [ INFO ] Searching order 5
2026-04-23 20:50:37,488 [ genlib ] [ INFO ] Searching order 6
2026-04-23 20:50:37,488 [ genlib ] [ INFO ] Searching order 7
2026-04-23 20:50:37,488 [ genlib ] [ INFO ] Updating bond lists
2026-04-23 20:50:37,488 [ genlib ] [ INFO ] Updating dihedrals
2026-04-23 20:50:37,488 [ genlib ] [ INFO ] Updating impropers
2026-04-23 20:50:37,488 [ genlib ] [ INFO ] Building library files for ASN --> THR mutant
2026-04-23 20:50:37,489 [ genlib ] [ INFO ] reading rtp file "aminoacids.rtp"
2026-04-23 20:50:37,514 [ genlib ] [ INFO ] ENTERED SIMPLE
2026-04-23 20:50:37,514 [ genlib ] [ INFO ] Making atom pairs
2026-04-23 20:50:37,514 [ genlib ] [ INFO ] Searching branch 1
2026-04-23 20:50:37,514 [ genlib ] [ INFO ] Searching order 2
2026-04-23 20:50:37,514 [ genlib ] [ INFO ] Checking atom 1HB
2026-04-23 20:50:37,514 [ genlib ] [ INFO ] Define atom pair: ASN|1HB|HC|H         - > THR|HB|H1|H          (d = 0.16 A)
2026-04-23 20:50:37,514 [ genlib ] [ INFO ] Checking atom 2HB
2026-04-23 20:50:37,514 [ genlib ] [ INFO ] Define atom pair: ASN|2HB|HC|H         - > THR|CG2|CT|C.3       (d = 0.43 A)
2026-04-23 20:50:37,514 [ genlib ] [ INFO ] Checking atom CG
2026-04-23 20:50:37,514 [ genlib ] [ INFO ] Define atom pair: ASN|CG|C|C.2         - > THR|OG1|OH|O.3       (d = 0.21 A)
2026-04-23 20:50:37,514 [ genlib ] [ INFO ] Searching order 3
2026-04-23 20:50:37,514 [ genlib ] [ INFO ] Checking atom OD1
2026-04-23 20:50:37,514 [ genlib ] [ INFO ] Define atom pair: ASN|OD1|O|O.2        - > THR|HG1|HO|H         (d = 0.53 A)
2026-04-23 20:50:37,514 [ genlib ] [ INFO ] Checking atom ND2
2026-04-23 20:50:37,514 [ genlib ] [ INFO ] No partner found for atom ND2
2026-04-23 20:50:37,514 [ genlib ] [ INFO ] Searching order 4
2026-04-23 20:50:37,514 [ genlib ] [ INFO ] Searching order 5
2026-04-23 20:50:37,514 [ genlib ] [ INFO ] Searching order 6
2026-04-23 20:50:37,514 [ genlib ] [ INFO ] Searching order 7
2026-04-23 20:50:37,514 [ genlib ] [ INFO ] Searching branch 2
2026-04-23 20:50:37,514 [ genlib ] [ INFO ] Searching order 2
2026-04-23 20:50:37,514 [ genlib ] [ INFO ] Searching order 3
2026-04-23 20:50:37,514 [ genlib ] [ INFO ] Checking atom ND2
2026-04-23 20:50:37,514 [ genlib ] [ INFO ] No partner found for atom ND2
2026-04-23 20:50:37,514 [ genlib ] [ INFO ] Searching order 4
2026-04-23 20:50:37,514 [ genlib ] [ INFO ] Searching order 5
2026-04-23 20:50:37,514 [ genlib ] [ INFO ] Searching order 6
2026-04-23 20:50:37,514 [ genlib ] [ INFO ] Searching order 7
2026-04-23 20:50:37,515 [ genlib ] [ INFO ] Updating bond lists
2026-04-23 20:50:37,516 [ genlib ] [ INFO ] Updating dihedrals
2026-04-23 20:50:37,516 [ genlib ] [ INFO ] Updating impropers
2026-04-23 20:50:37,516 [ genlib ] [ INFO ] Building library files for ASN --> TRP mutant
2026-04-23 20:50:37,517 [ genlib ] [ INFO ] reading rtp file "aminoacids.rtp"
2026-04-23 20:50:37,543 [ genlib ] [ INFO ] ENTERED RINGS
2026-04-23 20:50:37,543 [ genlib ] [ INFO ] Making atom pairs
2026-04-23 20:50:37,550 [ genlib ] [ INFO ] Updating bond lists
2026-04-23 20:50:37,550 [ genlib ] [ INFO ] Updating dihedrals
2026-04-23 20:50:37,550 [ genlib ] [ INFO ] Updating impropers
2026-04-23 20:50:37,551 [ genlib ] [ INFO ] Building library files for ASN --> TYR mutant
2026-04-23 20:50:37,552 [ genlib ] [ INFO ] reading rtp file "aminoacids.rtp"
2026-04-23 20:50:37,578 [ genlib ] [ INFO ] ENTERED RINGS
2026-04-23 20:50:37,578 [ genlib ] [ INFO ] Making atom pairs
2026-04-23 20:50:37,583 [ genlib ] [ INFO ] Updating bond lists
2026-04-23 20:50:37,583 [ genlib ] [ INFO ] Updating dihedrals
2026-04-23 20:50:37,583 [ genlib ] [ INFO ] Updating impropers
2026-04-23 20:50:37,583 [ genlib ] [ INFO ] Building library files for ASN --> VAL mutant
2026-04-23 20:50:37,584 [ genlib ] [ INFO ] reading rtp file "aminoacids.rtp"
2026-04-23 20:50:37,610 [ genlib ] [ INFO ] ENTERED SIMPLE
2026-04-23 20:50:37,610 [ genlib ] [ INFO ] Making atom pairs
2026-04-23 20:50:37,610 [ genlib ] [ INFO ] Searching branch 1
2026-04-23 20:50:37,610 [ genlib ] [ INFO ] Searching order 2
2026-04-23 20:50:37,610 [ genlib ] [ INFO ] Checking atom 1HB
2026-04-23 20:50:37,610 [ genlib ] [ INFO ] Define atom pair: ASN|1HB|HC|H         - > VAL|HB|HC|H          (d = 0.23 A)
2026-04-23 20:50:37,610 [ genlib ] [ INFO ] Checking atom 2HB
2026-04-23 20:50:37,610 [ genlib ] [ INFO ] Define atom pair: ASN|2HB|HC|H         - > VAL|CG1|CT|C.3       (d = 0.43 A)
2026-04-23 20:50:37,610 [ genlib ] [ INFO ] Checking atom CG
2026-04-23 20:50:37,610 [ genlib ] [ INFO ] Define atom pair: ASN|CG|C|C.2         - > VAL|CG2|CT|C.3       (d = 0.17 A)
2026-04-23 20:50:37,610 [ genlib ] [ INFO ] Searching order 3
2026-04-23 20:50:37,610 [ genlib ] [ INFO ] Checking atom OD1
2026-04-23 20:50:37,610 [ genlib ] [ INFO ] Define atom pair: ASN|OD1|O|O.2        - > VAL|1HG2|HC|H        (d = 0.25 A)
2026-04-23 20:50:37,610 [ genlib ] [ INFO ] Checking atom ND2
2026-04-23 20:50:37,610 [ genlib ] [ INFO ] No partner found for atom ND2
2026-04-23 20:50:37,610 [ genlib ] [ INFO ] Searching order 4
2026-04-23 20:50:37,610 [ genlib ] [ INFO ] Searching order 5
2026-04-23 20:50:37,610 [ genlib ] [ INFO ] Searching order 6
2026-04-23 20:50:37,610 [ genlib ] [ INFO ] Searching order 7
2026-04-23 20:50:37,610 [ genlib ] [ INFO ] Searching branch 2
2026-04-23 20:50:37,610 [ genlib ] [ INFO ] Searching order 2
2026-04-23 20:50:37,610 [ genlib ] [ INFO ] Searching order 3
2026-04-23 20:50:37,610 [ genlib ] [ INFO ] Checking atom ND2
2026-04-23 20:50:37,610 [ genlib ] [ INFO ] No partner found for atom ND2
2026-04-23 20:50:37,610 [ genlib ] [ INFO ] Searching order 4
2026-04-23 20:50:37,610 [ genlib ] [ INFO ] Searching order 5
2026-04-23 20:50:37,610 [ genlib ] [ INFO ] Searching order 6
2026-04-23 20:50:37,610 [ genlib ] [ INFO ] Searching order 7
2026-04-23 20:50:37,612 [ genlib ] [ INFO ] Updating bond lists
2026-04-23 20:50:37,612 [ genlib ] [ INFO ] Updating dihedrals
2026-04-23 20:50:37,612 [ genlib ] [ INFO ] Updating impropers
2026-04-23 20:50:37,612 [ genlib ] [ INFO ] Building library files for ASP --> ALA mutant
2026-04-23 20:50:37,613 [ genlib ] [ INFO ] reading rtp file "aminoacids.rtp"
2026-04-23 20:50:37,640 [ genlib ] [ INFO ] ENTERED SIMPLE
2026-04-23 20:50:37,640 [ genlib ] [ INFO ] Making atom pairs
2026-04-23 20:50:37,640 [ genlib ] [ INFO ] Searching branch 1
2026-04-23 20:50:37,640 [ genlib ] [ INFO ] Searching order 2
2026-04-23 20:50:37,640 [ genlib ] [ INFO ] Checking atom 1HB
2026-04-23 20:50:37,640 [ genlib ] [ INFO ] Define atom pair: ASP|1HB|HC|H         - > ALA|2HB|HC|H         (d = 0.06 A)
2026-04-23 20:50:37,640 [ genlib ] [ INFO ] Checking atom 2HB
2026-04-23 20:50:37,640 [ genlib ] [ INFO ] Define atom pair: ASP|2HB|HC|H         - > ALA|3HB|HC|H         (d = 0.07 A)
2026-04-23 20:50:37,640 [ genlib ] [ INFO ] Checking atom CG
2026-04-23 20:50:37,640 [ genlib ] [ INFO ] Define atom pair: ASP|CG|C|C.2         - > ALA|1HB|HC|H         (d = 0.49 A)
2026-04-23 20:50:37,640 [ genlib ] [ INFO ] Searching order 3
2026-04-23 20:50:37,640 [ genlib ] [ INFO ] Checking atom OD1
2026-04-23 20:50:37,640 [ genlib ] [ INFO ] No partner found for atom OD1
2026-04-23 20:50:37,640 [ genlib ] [ INFO ] Checking atom OD2
2026-04-23 20:50:37,640 [ genlib ] [ INFO ] No partner found for atom OD2
2026-04-23 20:50:37,640 [ genlib ] [ INFO ] Searching order 4
2026-04-23 20:50:37,640 [ genlib ] [ INFO ] Searching order 5
2026-04-23 20:50:37,640 [ genlib ] [ INFO ] Searching order 6
2026-04-23 20:50:37,640 [ genlib ] [ INFO ] Searching order 7
2026-04-23 20:50:37,640 [ genlib ] [ INFO ] Searching branch 2
2026-04-23 20:50:37,640 [ genlib ] [ INFO ] Searching order 2
2026-04-23 20:50:37,640 [ genlib ] [ INFO ] Searching order 3
2026-04-23 20:50:37,640 [ genlib ] [ INFO ] Checking atom OD1
2026-04-23 20:50:37,640 [ genlib ] [ INFO ] No partner found for atom OD1
2026-04-23 20:50:37,640 [ genlib ] [ INFO ] Checking atom OD2
2026-04-23 20:50:37,640 [ genlib ] [ INFO ] No partner found for atom OD2
2026-04-23 20:50:37,640 [ genlib ] [ INFO ] Searching order 4
2026-04-23 20:50:37,640 [ genlib ] [ INFO ] Searching order 5
2026-04-23 20:50:37,640 [ genlib ] [ INFO ] Searching order 6
2026-04-23 20:50:37,640 [ genlib ] [ INFO ] Searching order 7
2026-04-23 20:50:37,640 [ genlib ] [ INFO ] Updating bond lists
2026-04-23 20:50:37,640 [ genlib ] [ INFO ] Updating dihedrals
2026-04-23 20:50:37,640 [ genlib ] [ INFO ] Updating impropers
2026-04-23 20:50:37,641 [ genlib ] [ INFO ] Building library files for ASP --> ARG mutant
2026-04-23 20:50:37,641 [ genlib ] [ INFO ] reading rtp file "aminoacids.rtp"
2026-04-23 20:50:37,668 [ genlib ] [ INFO ] ENTERED SIMPLE
2026-04-23 20:50:37,668 [ genlib ] [ INFO ] Making atom pairs
2026-04-23 20:50:37,668 [ genlib ] [ INFO ] Searching branch 1
2026-04-23 20:50:37,668 [ genlib ] [ INFO ] Searching order 2
2026-04-23 20:50:37,668 [ genlib ] [ INFO ] Checking atom 1HB
2026-04-23 20:50:37,668 [ genlib ] [ INFO ] Define atom pair: ASP|1HB|HC|H         - > ARG|1HB|HC|H         (d = 0.13 A)
2026-04-23 20:50:37,668 [ genlib ] [ INFO ] Checking atom 2HB
2026-04-23 20:50:37,668 [ genlib ] [ INFO ] Define atom pair: ASP|2HB|HC|H         - > ARG|2HB|HC|H         (d = 0.13 A)
2026-04-23 20:50:37,668 [ genlib ] [ INFO ] Checking atom CG
2026-04-23 20:50:37,668 [ genlib ] [ INFO ] Define atom pair: ASP|CG|C|C.2         - > ARG|CG|CT|C.3        (d = 0.18 A)
2026-04-23 20:50:37,668 [ genlib ] [ INFO ] Searching order 3
2026-04-23 20:50:37,668 [ genlib ] [ INFO ] Checking atom OD1
2026-04-23 20:50:37,668 [ genlib ] [ INFO ] Define atom pair: ASP|OD1|O2|O.co2     - > ARG|CD|CT|C.3        (d = 0.17 A)
2026-04-23 20:50:37,668 [ genlib ] [ INFO ] Checking atom OD2
2026-04-23 20:50:37,668 [ genlib ] [ INFO ] No partner found for atom OD2
2026-04-23 20:50:37,668 [ genlib ] [ INFO ] Searching order 4
2026-04-23 20:50:37,668 [ genlib ] [ INFO ] Searching order 5
2026-04-23 20:50:37,668 [ genlib ] [ INFO ] Searching order 6
2026-04-23 20:50:37,668 [ genlib ] [ INFO ] Searching order 7
2026-04-23 20:50:37,668 [ genlib ] [ INFO ] Searching branch 2
2026-04-23 20:50:37,668 [ genlib ] [ INFO ] Searching order 2
2026-04-23 20:50:37,668 [ genlib ] [ INFO ] Searching order 3
2026-04-23 20:50:37,668 [ genlib ] [ INFO ] Checking atom OD2
2026-04-23 20:50:37,668 [ genlib ] [ INFO ] No partner found for atom OD2
2026-04-23 20:50:37,668 [ genlib ] [ INFO ] Searching order 4
2026-04-23 20:50:37,669 [ genlib ] [ INFO ] Searching order 5
2026-04-23 20:50:37,669 [ genlib ] [ INFO ] Searching order 6
2026-04-23 20:50:37,669 [ genlib ] [ INFO ] Searching order 7
2026-04-23 20:50:37,675 [ genlib ] [ INFO ] Updating bond lists
2026-04-23 20:50:37,675 [ genlib ] [ INFO ] Updating dihedrals
2026-04-23 20:50:37,675 [ genlib ] [ INFO ] Updating impropers
2026-04-23 20:50:37,676 [ genlib ] [ INFO ] Building library files for ASP --> ASH mutant
2026-04-23 20:50:37,676 [ genlib ] [ INFO ] reading rtp file "aminoacids.rtp"
2026-04-23 20:50:37,703 [ genlib ] [ INFO ] ENTERED SIMPLE
2026-04-23 20:50:37,703 [ genlib ] [ INFO ] Making atom pairs
2026-04-23 20:50:37,703 [ genlib ] [ INFO ] Searching branch 1
2026-04-23 20:50:37,703 [ genlib ] [ INFO ] Searching order 2
2026-04-23 20:50:37,703 [ genlib ] [ INFO ] Checking atom 1HB
2026-04-23 20:50:37,703 [ genlib ] [ INFO ] Define atom pair: ASP|1HB|HC|H         - > ASH|1HB|HC|H         (d = 0.10 A)
2026-04-23 20:50:37,703 [ genlib ] [ INFO ] Checking atom 2HB
2026-04-23 20:50:37,703 [ genlib ] [ INFO ] Define atom pair: ASP|2HB|HC|H         - > ASH|2HB|HC|H         (d = 0.09 A)
2026-04-23 20:50:37,703 [ genlib ] [ INFO ] Checking atom CG
2026-04-23 20:50:37,703 [ genlib ] [ INFO ] Define atom pair: ASP|CG|C|C.2         - > ASH|CG|C|C.2         (d = 0.00 A)
2026-04-23 20:50:37,704 [ genlib ] [ INFO ] Searching order 3
2026-04-23 20:50:37,704 [ genlib ] [ INFO ] Checking atom OD1
2026-04-23 20:50:37,704 [ genlib ] [ INFO ] Define atom pair: ASP|OD1|O2|O.co2     - > ASH|OD1|O|O.co2      (d = 0.00 A)
2026-04-23 20:50:37,704 [ genlib ] [ INFO ] Checking atom OD2
2026-04-23 20:50:37,704 [ genlib ] [ INFO ] Define atom pair: ASP|OD2|O2|O.co2     - > ASH|OD2|OH|O.co2     (d = 0.00 A)
2026-04-23 20:50:37,704 [ genlib ] [ INFO ] Searching order 4
2026-04-23 20:50:37,704 [ genlib ] [ INFO ] Searching order 5
2026-04-23 20:50:37,704 [ genlib ] [ INFO ] Searching order 6
2026-04-23 20:50:37,704 [ genlib ] [ INFO ] Searching order 7
2026-04-23 20:50:37,704 [ genlib ] [ INFO ] Searching branch 2
2026-04-23 20:50:37,704 [ genlib ] [ INFO ] Searching order 2
2026-04-23 20:50:37,704 [ genlib ] [ INFO ] Searching order 3
2026-04-23 20:50:37,704 [ genlib ] [ INFO ] Searching order 4
2026-04-23 20:50:37,704 [ genlib ] [ INFO ] Searching order 5
2026-04-23 20:50:37,704 [ genlib ] [ INFO ] Searching order 6
2026-04-23 20:50:37,704 [ genlib ] [ INFO ] Searching order 7
2026-04-23 20:50:37,705 [ genlib ] [ INFO ] Updating bond lists
2026-04-23 20:50:37,705 [ genlib ] [ INFO ] Updating dihedrals
2026-04-23 20:50:37,705 [ genlib ] [ INFO ] Updating impropers
2026-04-23 20:50:37,706 [ genlib ] [ INFO ] Building library files for ASP --> ASN mutant
2026-04-23 20:50:37,707 [ genlib ] [ INFO ] reading rtp file "aminoacids.rtp"
2026-04-23 20:50:37,734 [ genlib ] [ INFO ] ENTERED SIMPLE
2026-04-23 20:50:37,734 [ genlib ] [ INFO ] Making atom pairs
2026-04-23 20:50:37,734 [ genlib ] [ INFO ] Searching branch 1
2026-04-23 20:50:37,734 [ genlib ] [ INFO ] Searching order 2
2026-04-23 20:50:37,734 [ genlib ] [ INFO ] Checking atom 1HB
2026-04-23 20:50:37,734 [ genlib ] [ INFO ] Define atom pair: ASP|1HB|HC|H         - > ASN|1HB|HC|H         (d = 0.04 A)
2026-04-23 20:50:37,734 [ genlib ] [ INFO ] Checking atom 2HB
2026-04-23 20:50:37,734 [ genlib ] [ INFO ] Define atom pair: ASP|2HB|HC|H         - > ASN|2HB|HC|H         (d = 0.06 A)
2026-04-23 20:50:37,734 [ genlib ] [ INFO ] Checking atom CG
2026-04-23 20:50:37,734 [ genlib ] [ INFO ] Define atom pair: ASP|CG|C|C.2         - > ASN|CG|C|C.2         (d = 0.05 A)
2026-04-23 20:50:37,734 [ genlib ] [ INFO ] Searching order 3
2026-04-23 20:50:37,734 [ genlib ] [ INFO ] Checking atom OD1
2026-04-23 20:50:37,734 [ genlib ] [ INFO ] Define atom pair: ASP|OD1|O2|O.co2     - > ASN|OD1|O|O.2        (d = 0.14 A)
2026-04-23 20:50:37,734 [ genlib ] [ INFO ] Checking atom OD2
2026-04-23 20:50:37,734 [ genlib ] [ INFO ] Define atom pair: ASP|OD2|O2|O.co2     - > ASN|ND2|N|N.am       (d = 0.12 A)
2026-04-23 20:50:37,734 [ genlib ] [ INFO ] Searching order 4
2026-04-23 20:50:37,734 [ genlib ] [ INFO ] Searching order 5
2026-04-23 20:50:37,734 [ genlib ] [ INFO ] Searching order 6
2026-04-23 20:50:37,734 [ genlib ] [ INFO ] Searching order 7
2026-04-23 20:50:37,734 [ genlib ] [ INFO ] Searching branch 2
2026-04-23 20:50:37,734 [ genlib ] [ INFO ] Searching order 2
2026-04-23 20:50:37,734 [ genlib ] [ INFO ] Searching order 3
2026-04-23 20:50:37,734 [ genlib ] [ INFO ] Searching order 4
2026-04-23 20:50:37,735 [ genlib ] [ INFO ] Searching order 5
2026-04-23 20:50:37,735 [ genlib ] [ INFO ] Searching order 6
2026-04-23 20:50:37,735 [ genlib ] [ INFO ] Searching order 7
2026-04-23 20:50:37,735 [ genlib ] [ INFO ] Updating bond lists
2026-04-23 20:50:37,736 [ genlib ] [ INFO ] Updating dihedrals
2026-04-23 20:50:37,736 [ genlib ] [ INFO ] Updating impropers
2026-04-23 20:50:37,736 [ genlib ] [ WARNING ] undefined
2026-04-23 20:50:37,736 [ genlib ] [ WARNING ] undefined
2026-04-23 20:50:37,736 [ genlib ] [ INFO ] Building library files for ASP --> CYS mutant
2026-04-23 20:50:37,737 [ genlib ] [ INFO ] reading rtp file "aminoacids.rtp"
2026-04-23 20:50:37,765 [ genlib ] [ INFO ] ENTERED SIMPLE
2026-04-23 20:50:37,765 [ genlib ] [ INFO ] Making atom pairs
2026-04-23 20:50:37,765 [ genlib ] [ INFO ] Searching branch 1
2026-04-23 20:50:37,765 [ genlib ] [ INFO ] Searching order 2
2026-04-23 20:50:37,765 [ genlib ] [ INFO ] Checking atom 1HB
2026-04-23 20:50:37,765 [ genlib ] [ INFO ] Define atom pair: ASP|1HB|HC|H         - > CYS|1HB|H1|H         (d = 0.04 A)
2026-04-23 20:50:37,765 [ genlib ] [ INFO ] Checking atom 2HB
2026-04-23 20:50:37,765 [ genlib ] [ INFO ] Define atom pair: ASP|2HB|HC|H         - > CYS|2HB|H1|H         (d = 0.07 A)
2026-04-23 20:50:37,765 [ genlib ] [ INFO ] Checking atom CG
2026-04-23 20:50:37,765 [ genlib ] [ INFO ] Define atom pair: ASP|CG|C|C.2         - > CYS|SG|SH|S.3        (d = 0.25 A)
2026-04-23 20:50:37,765 [ genlib ] [ INFO ] Searching order 3
2026-04-23 20:50:37,765 [ genlib ] [ INFO ] Checking atom OD1
2026-04-23 20:50:37,765 [ genlib ] [ INFO ] Define atom pair: ASP|OD1|O2|O.co2     - > CYS|HG|HS|H          (d = 0.24 A)
2026-04-23 20:50:37,765 [ genlib ] [ INFO ] Checking atom OD2
2026-04-23 20:50:37,765 [ genlib ] [ INFO ] No partner found for atom OD2
2026-04-23 20:50:37,765 [ genlib ] [ INFO ] Searching order 4
2026-04-23 20:50:37,765 [ genlib ] [ INFO ] Searching order 5
2026-04-23 20:50:37,765 [ genlib ] [ INFO ] Searching order 6
2026-04-23 20:50:37,765 [ genlib ] [ INFO ] Searching order 7
2026-04-23 20:50:37,765 [ genlib ] [ INFO ] Searching branch 2
2026-04-23 20:50:37,765 [ genlib ] [ INFO ] Searching order 2
2026-04-23 20:50:37,765 [ genlib ] [ INFO ] Searching order 3
2026-04-23 20:50:37,765 [ genlib ] [ INFO ] Checking atom OD2
2026-04-23 20:50:37,765 [ genlib ] [ INFO ] No partner found for atom OD2
2026-04-23 20:50:37,765 [ genlib ] [ INFO ] Searching order 4
2026-04-23 20:50:37,765 [ genlib ] [ INFO ] Searching order 5
2026-04-23 20:50:37,765 [ genlib ] [ INFO ] Searching order 6
2026-04-23 20:50:37,765 [ genlib ] [ INFO ] Searching order 7
2026-04-23 20:50:37,765 [ genlib ] [ INFO ] Updating bond lists
2026-04-23 20:50:37,765 [ genlib ] [ INFO ] Updating dihedrals
2026-04-23 20:50:37,765 [ genlib ] [ INFO ] Updating impropers
2026-04-23 20:50:37,766 [ genlib ] [ INFO ] Building library files for ASP --> GLH mutant
2026-04-23 20:50:37,767 [ genlib ] [ INFO ] reading rtp file "aminoacids.rtp"
2026-04-23 20:50:37,796 [ genlib ] [ INFO ] ENTERED SIMPLE
2026-04-23 20:50:37,796 [ genlib ] [ INFO ] Making atom pairs
2026-04-23 20:50:37,796 [ genlib ] [ INFO ] Searching branch 1
2026-04-23 20:50:37,796 [ genlib ] [ INFO ] Searching order 2
2026-04-23 20:50:37,796 [ genlib ] [ INFO ] Checking atom 1HB
2026-04-23 20:50:37,796 [ genlib ] [ INFO ] Define atom pair: ASP|1HB|HC|H         - > GLH|1HB|HC|H         (d = 0.15 A)
2026-04-23 20:50:37,796 [ genlib ] [ INFO ] Checking atom 2HB
2026-04-23 20:50:37,796 [ genlib ] [ INFO ] Define atom pair: ASP|2HB|HC|H         - > GLH|2HB|HC|H         (d = 0.17 A)
2026-04-23 20:50:37,796 [ genlib ] [ INFO ] Checking atom CG
2026-04-23 20:50:37,796 [ genlib ] [ INFO ] Define atom pair: ASP|CG|C|C.2         - > GLH|CG|CT|C.3        (d = 0.11 A)
2026-04-23 20:50:37,796 [ genlib ] [ INFO ] Searching order 3
2026-04-23 20:50:37,796 [ genlib ] [ INFO ] Checking atom OD1
2026-04-23 20:50:37,796 [ genlib ] [ INFO ] Define atom pair: ASP|OD1|O2|O.co2     - > GLH|CD|C|C.2         (d = 0.28 A)
2026-04-23 20:50:37,796 [ genlib ] [ INFO ] Checking atom OD2
2026-04-23 20:50:37,796 [ genlib ] [ INFO ] No partner found for atom OD2
2026-04-23 20:50:37,796 [ genlib ] [ INFO ] Searching order 4
2026-04-23 20:50:37,796 [ genlib ] [ INFO ] Searching order 5
2026-04-23 20:50:37,796 [ genlib ] [ INFO ] Searching order 6
2026-04-23 20:50:37,796 [ genlib ] [ INFO ] Searching order 7
2026-04-23 20:50:37,796 [ genlib ] [ INFO ] Searching branch 2
2026-04-23 20:50:37,796 [ genlib ] [ INFO ] Searching order 2
2026-04-23 20:50:37,796 [ genlib ] [ INFO ] Searching order 3
2026-04-23 20:50:37,796 [ genlib ] [ INFO ] Checking atom OD2
2026-04-23 20:50:37,796 [ genlib ] [ INFO ] No partner found for atom OD2
2026-04-23 20:50:37,796 [ genlib ] [ INFO ] Searching order 4
2026-04-23 20:50:37,796 [ genlib ] [ INFO ] Searching order 5
2026-04-23 20:50:37,796 [ genlib ] [ INFO ] Searching order 6
2026-04-23 20:50:37,796 [ genlib ] [ INFO ] Searching order 7
2026-04-23 20:50:37,798 [ genlib ] [ INFO ] Updating bond lists
2026-04-23 20:50:37,798 [ genlib ] [ INFO ] Updating dihedrals
2026-04-23 20:50:37,798 [ genlib ] [ INFO ] Updating impropers
2026-04-23 20:50:37,798 [ genlib ] [ INFO ] Building library files for ASP --> GLN mutant
2026-04-23 20:50:37,799 [ genlib ] [ INFO ] reading rtp file "aminoacids.rtp"
2026-04-23 20:50:37,825 [ genlib ] [ INFO ] ENTERED SIMPLE
2026-04-23 20:50:37,825 [ genlib ] [ INFO ] Making atom pairs
2026-04-23 20:50:37,825 [ genlib ] [ INFO ] Searching branch 1
2026-04-23 20:50:37,825 [ genlib ] [ INFO ] Searching order 2
2026-04-23 20:50:37,825 [ genlib ] [ INFO ] Checking atom 1HB
2026-04-23 20:50:37,825 [ genlib ] [ INFO ] Define atom pair: ASP|1HB|HC|H         - > GLN|1HB|HC|H         (d = 0.10 A)
2026-04-23 20:50:37,825 [ genlib ] [ INFO ] Checking atom 2HB
2026-04-23 20:50:37,825 [ genlib ] [ INFO ] Define atom pair: ASP|2HB|HC|H         - > GLN|2HB|HC|H         (d = 0.10 A)
2026-04-23 20:50:37,825 [ genlib ] [ INFO ] Checking atom CG
2026-04-23 20:50:37,825 [ genlib ] [ INFO ] Define atom pair: ASP|CG|C|C.2         - > GLN|CG|CT|C.3        (d = 0.12 A)
2026-04-23 20:50:37,825 [ genlib ] [ INFO ] Searching order 3
2026-04-23 20:50:37,825 [ genlib ] [ INFO ] Checking atom OD1
2026-04-23 20:50:37,825 [ genlib ] [ INFO ] Define atom pair: ASP|OD1|O2|O.co2     - > GLN|CD|C|C.2         (d = 0.20 A)
2026-04-23 20:50:37,825 [ genlib ] [ INFO ] Checking atom OD2
2026-04-23 20:50:37,825 [ genlib ] [ INFO ] No partner found for atom OD2
2026-04-23 20:50:37,825 [ genlib ] [ INFO ] Searching order 4
2026-04-23 20:50:37,825 [ genlib ] [ INFO ] Searching order 5
2026-04-23 20:50:37,825 [ genlib ] [ INFO ] Searching order 6
2026-04-23 20:50:37,825 [ genlib ] [ INFO ] Searching order 7
2026-04-23 20:50:37,825 [ genlib ] [ INFO ] Searching branch 2
2026-04-23 20:50:37,825 [ genlib ] [ INFO ] Searching order 2
2026-04-23 20:50:37,825 [ genlib ] [ INFO ] Searching order 3
2026-04-23 20:50:37,825 [ genlib ] [ INFO ] Checking atom OD2
2026-04-23 20:50:37,825 [ genlib ] [ INFO ] No partner found for atom OD2
2026-04-23 20:50:37,825 [ genlib ] [ INFO ] Searching order 4
2026-04-23 20:50:37,825 [ genlib ] [ INFO ] Searching order 5
2026-04-23 20:50:37,825 [ genlib ] [ INFO ] Searching order 6
2026-04-23 20:50:37,825 [ genlib ] [ INFO ] Searching order 7
2026-04-23 20:50:37,827 [ genlib ] [ INFO ] Updating bond lists
2026-04-23 20:50:37,827 [ genlib ] [ INFO ] Updating dihedrals
2026-04-23 20:50:37,827 [ genlib ] [ INFO ] Updating impropers
2026-04-23 20:50:37,828 [ genlib ] [ INFO ] Building library files for ASP --> GLU mutant
2026-04-23 20:50:37,828 [ genlib ] [ INFO ] reading rtp file "aminoacids.rtp"
2026-04-23 20:50:37,856 [ genlib ] [ INFO ] ENTERED SIMPLE
2026-04-23 20:50:37,856 [ genlib ] [ INFO ] Making atom pairs
2026-04-23 20:50:37,856 [ genlib ] [ INFO ] Searching branch 1
2026-04-23 20:50:37,856 [ genlib ] [ INFO ] Searching order 2
2026-04-23 20:50:37,856 [ genlib ] [ INFO ] Checking atom 1HB
2026-04-23 20:50:37,856 [ genlib ] [ INFO ] Define atom pair: ASP|1HB|HC|H         - > GLU|1HB|HC|H         (d = 0.14 A)
2026-04-23 20:50:37,856 [ genlib ] [ INFO ] Checking atom 2HB
2026-04-23 20:50:37,856 [ genlib ] [ INFO ] Define atom pair: ASP|2HB|HC|H         - > GLU|2HB|HC|H         (d = 0.15 A)
2026-04-23 20:50:37,856 [ genlib ] [ INFO ] Checking atom CG
2026-04-23 20:50:37,857 [ genlib ] [ INFO ] Define atom pair: ASP|CG|C|C.2         - > GLU|CG|CT|C.3        (d = 0.11 A)
2026-04-23 20:50:37,857 [ genlib ] [ INFO ] Searching order 3
2026-04-23 20:50:37,857 [ genlib ] [ INFO ] Checking atom OD1
2026-04-23 20:50:37,857 [ genlib ] [ INFO ] Define atom pair: ASP|OD1|O2|O.co2     - > GLU|CD|C|C.2         (d = 0.28 A)
2026-04-23 20:50:37,857 [ genlib ] [ INFO ] Checking atom OD2
2026-04-23 20:50:37,857 [ genlib ] [ INFO ] No partner found for atom OD2
2026-04-23 20:50:37,857 [ genlib ] [ INFO ] Searching order 4
2026-04-23 20:50:37,857 [ genlib ] [ INFO ] Searching order 5
2026-04-23 20:50:37,858 [ genlib ] [ INFO ] Searching order 6
2026-04-23 20:50:37,858 [ genlib ] [ INFO ] Searching order 7
2026-04-23 20:50:37,858 [ genlib ] [ INFO ] Searching branch 2
2026-04-23 20:50:37,858 [ genlib ] [ INFO ] Searching order 2
2026-04-23 20:50:37,858 [ genlib ] [ INFO ] Searching order 3
2026-04-23 20:50:37,858 [ genlib ] [ INFO ] Checking atom OD2
2026-04-23 20:50:37,858 [ genlib ] [ INFO ] No partner found for atom OD2
2026-04-23 20:50:37,858 [ genlib ] [ INFO ] Searching order 4
2026-04-23 20:50:37,858 [ genlib ] [ INFO ] Searching order 5
2026-04-23 20:50:37,858 [ genlib ] [ INFO ] Searching order 6
2026-04-23 20:50:37,858 [ genlib ] [ INFO ] Searching order 7
2026-04-23 20:50:37,861 [ genlib ] [ INFO ] Updating bond lists
2026-04-23 20:50:37,861 [ genlib ] [ INFO ] Updating dihedrals
2026-04-23 20:50:37,861 [ genlib ] [ INFO ] Updating impropers
2026-04-23 20:50:37,861 [ genlib ] [ INFO ] Building library files for ASP --> GLY mutant
2026-04-23 20:50:37,862 [ genlib ] [ INFO ] reading rtp file "aminoacids.rtp"
2026-04-23 20:50:37,895 [ genlib ] [ INFO ] ENTERED G
2026-04-23 20:50:37,896 [ genlib ] [ INFO ] Making atom pairs
2026-04-23 20:50:37,896 [ genlib ] [ INFO ] Updating bond lists
2026-04-23 20:50:37,896 [ genlib ] [ INFO ] Updating dihedrals
2026-04-23 20:50:37,896 [ genlib ] [ INFO ] Updating impropers
2026-04-23 20:50:37,896 [ genlib ] [ WARNING ] undefined
2026-04-23 20:50:37,897 [ genlib ] [ INFO ] Building library files for ASP --> HID mutant
2026-04-23 20:50:37,898 [ genlib ] [ INFO ] reading rtp file "aminoacids.rtp"
2026-04-23 20:50:37,925 [ genlib ] [ INFO ] ENTERED RINGS
2026-04-23 20:50:37,925 [ genlib ] [ INFO ] Making atom pairs
2026-04-23 20:50:37,928 [ genlib ] [ INFO ] Updating bond lists
2026-04-23 20:50:37,928 [ genlib ] [ INFO ] Updating dihedrals
2026-04-23 20:50:37,928 [ genlib ] [ INFO ] Updating impropers
2026-04-23 20:50:37,929 [ genlib ] [ INFO ] Building library files for ASP --> HIE mutant
2026-04-23 20:50:37,929 [ genlib ] [ INFO ] reading rtp file "aminoacids.rtp"
2026-04-23 20:50:37,964 [ genlib ] [ INFO ] ENTERED RINGS
2026-04-23 20:50:37,964 [ genlib ] [ INFO ] Making atom pairs
2026-04-23 20:50:37,967 [ genlib ] [ INFO ] Updating bond lists
2026-04-23 20:50:37,967 [ genlib ] [ INFO ] Updating dihedrals
2026-04-23 20:50:37,967 [ genlib ] [ INFO ] Updating impropers
2026-04-23 20:50:37,967 [ genlib ] [ INFO ] Building library files for ASP --> HIP mutant
2026-04-23 20:50:37,968 [ genlib ] [ INFO ] reading rtp file "aminoacids.rtp"
2026-04-23 20:50:37,995 [ genlib ] [ INFO ] ENTERED RINGS
2026-04-23 20:50:37,996 [ genlib ] [ INFO ] Making atom pairs
2026-04-23 20:50:37,999 [ genlib ] [ INFO ] Updating bond lists
2026-04-23 20:50:37,999 [ genlib ] [ INFO ] Updating dihedrals
2026-04-23 20:50:37,999 [ genlib ] [ INFO ] Updating impropers
2026-04-23 20:50:37,999 [ genlib ] [ INFO ] Building library files for ASP --> ILE mutant
2026-04-23 20:50:38,000 [ genlib ] [ INFO ] reading rtp file "aminoacids.rtp"
2026-04-23 20:50:38,031 [ genlib ] [ INFO ] ENTERED SIMPLE
2026-04-23 20:50:38,031 [ genlib ] [ INFO ] Making atom pairs
2026-04-23 20:50:38,031 [ genlib ] [ INFO ] Searching branch 1
2026-04-23 20:50:38,031 [ genlib ] [ INFO ] Searching order 2
2026-04-23 20:50:38,031 [ genlib ] [ INFO ] Checking atom 1HB
2026-04-23 20:50:38,031 [ genlib ] [ INFO ] Define atom pair: ASP|1HB|HC|H         - > ILE|HB|HC|H          (d = 0.09 A)
2026-04-23 20:50:38,031 [ genlib ] [ INFO ] Checking atom 2HB
2026-04-23 20:50:38,031 [ genlib ] [ INFO ] Define atom pair: ASP|2HB|HC|H         - > ILE|CG2|CT|C.3       (d = 0.46 A)
2026-04-23 20:50:38,031 [ genlib ] [ INFO ] Checking atom CG
2026-04-23 20:50:38,031 [ genlib ] [ INFO ] Define atom pair: ASP|CG|C|C.2         - > ILE|CG1|CT|C.3       (d = 0.05 A)
2026-04-23 20:50:38,031 [ genlib ] [ INFO ] Searching order 3
2026-04-23 20:50:38,031 [ genlib ] [ INFO ] Checking atom OD1
2026-04-23 20:50:38,031 [ genlib ] [ INFO ] Define atom pair: ASP|OD1|O2|O.co2     - > ILE|CD1|CT|C.3       (d = 0.30 A)
2026-04-23 20:50:38,031 [ genlib ] [ INFO ] Checking atom OD2
2026-04-23 20:50:38,031 [ genlib ] [ INFO ] No partner found for atom OD2
2026-04-23 20:50:38,031 [ genlib ] [ INFO ] Searching order 4
2026-04-23 20:50:38,031 [ genlib ] [ INFO ] Searching order 5
2026-04-23 20:50:38,031 [ genlib ] [ INFO ] Searching order 6
2026-04-23 20:50:38,031 [ genlib ] [ INFO ] Searching order 7
2026-04-23 20:50:38,031 [ genlib ] [ INFO ] Searching branch 2
2026-04-23 20:50:38,031 [ genlib ] [ INFO ] Searching order 2
2026-04-23 20:50:38,031 [ genlib ] [ INFO ] Searching order 3
2026-04-23 20:50:38,031 [ genlib ] [ INFO ] Checking atom OD2
2026-04-23 20:50:38,031 [ genlib ] [ INFO ] No partner found for atom OD2
2026-04-23 20:50:38,031 [ genlib ] [ INFO ] Searching order 4
2026-04-23 20:50:38,031 [ genlib ] [ INFO ] Searching order 5
2026-04-23 20:50:38,031 [ genlib ] [ INFO ] Searching order 6
2026-04-23 20:50:38,031 [ genlib ] [ INFO ] Searching order 7
2026-04-23 20:50:38,038 [ genlib ] [ INFO ] Updating bond lists
2026-04-23 20:50:38,038 [ genlib ] [ INFO ] Updating dihedrals
2026-04-23 20:50:38,038 [ genlib ] [ INFO ] Updating impropers
2026-04-23 20:50:38,039 [ genlib ] [ INFO ] Building library files for ASP --> LEU mutant
2026-04-23 20:50:38,039 [ genlib ] [ INFO ] reading rtp file "aminoacids.rtp"
2026-04-23 20:50:38,068 [ genlib ] [ INFO ] ENTERED SIMPLE
2026-04-23 20:50:38,068 [ genlib ] [ INFO ] Making atom pairs
2026-04-23 20:50:38,068 [ genlib ] [ INFO ] Searching branch 1
2026-04-23 20:50:38,068 [ genlib ] [ INFO ] Searching order 2
2026-04-23 20:50:38,068 [ genlib ] [ INFO ] Checking atom 1HB
2026-04-23 20:50:38,068 [ genlib ] [ INFO ] Define atom pair: ASP|1HB|HC|H         - > LEU|1HB|HC|H         (d = 0.06 A)
2026-04-23 20:50:38,068 [ genlib ] [ INFO ] Checking atom 2HB
2026-04-23 20:50:38,068 [ genlib ] [ INFO ] Define atom pair: ASP|2HB|HC|H         - > LEU|2HB|HC|H         (d = 0.05 A)
2026-04-23 20:50:38,068 [ genlib ] [ INFO ] Checking atom CG
2026-04-23 20:50:38,068 [ genlib ] [ INFO ] Define atom pair: ASP|CG|C|C.2         - > LEU|CG|CT|C.3        (d = 0.12 A)
2026-04-23 20:50:38,068 [ genlib ] [ INFO ] Searching order 3
2026-04-23 20:50:38,068 [ genlib ] [ INFO ] Checking atom OD1
2026-04-23 20:50:38,068 [ genlib ] [ INFO ] Define atom pair: ASP|OD1|O2|O.co2     - > LEU|CD1|CT|C.3       (d = 0.21 A)
2026-04-23 20:50:38,068 [ genlib ] [ INFO ] Checking atom OD2
2026-04-23 20:50:38,068 [ genlib ] [ INFO ] No partner found for atom OD2
2026-04-23 20:50:38,068 [ genlib ] [ INFO ] Searching order 4
2026-04-23 20:50:38,068 [ genlib ] [ INFO ] Searching order 5
2026-04-23 20:50:38,068 [ genlib ] [ INFO ] Searching order 6
2026-04-23 20:50:38,068 [ genlib ] [ INFO ] Searching order 7
2026-04-23 20:50:38,068 [ genlib ] [ INFO ] Searching branch 2
2026-04-23 20:50:38,068 [ genlib ] [ INFO ] Searching order 2
2026-04-23 20:50:38,068 [ genlib ] [ INFO ] Searching order 3
2026-04-23 20:50:38,068 [ genlib ] [ INFO ] Checking atom OD2
2026-04-23 20:50:38,068 [ genlib ] [ INFO ] No partner found for atom OD2
2026-04-23 20:50:38,068 [ genlib ] [ INFO ] Searching order 4
2026-04-23 20:50:38,068 [ genlib ] [ INFO ] Searching order 5
2026-04-23 20:50:38,068 [ genlib ] [ INFO ] Searching order 6
2026-04-23 20:50:38,068 [ genlib ] [ INFO ] Searching order 7
2026-04-23 20:50:38,073 [ genlib ] [ INFO ] Updating bond lists
2026-04-23 20:50:38,073 [ genlib ] [ INFO ] Updating dihedrals
2026-04-23 20:50:38,073 [ genlib ] [ INFO ] Updating impropers
2026-04-23 20:50:38,074 [ genlib ] [ INFO ] Building library files for ASP --> LYN mutant
2026-04-23 20:50:38,074 [ genlib ] [ INFO ] reading rtp file "aminoacids.rtp"
2026-04-23 20:50:38,100 [ genlib ] [ INFO ] ENTERED SIMPLE
2026-04-23 20:50:38,100 [ genlib ] [ INFO ] Making atom pairs
2026-04-23 20:50:38,100 [ genlib ] [ INFO ] Searching branch 1
2026-04-23 20:50:38,100 [ genlib ] [ INFO ] Searching order 2
2026-04-23 20:50:38,100 [ genlib ] [ INFO ] Checking atom 1HB
2026-04-23 20:50:38,100 [ genlib ] [ INFO ] Define atom pair: ASP|1HB|HC|H         - > LYN|1HB|HC|H         (d = 0.13 A)
2026-04-23 20:50:38,100 [ genlib ] [ INFO ] Checking atom 2HB
2026-04-23 20:50:38,100 [ genlib ] [ INFO ] Define atom pair: ASP|2HB|HC|H         - > LYN|2HB|HC|H         (d = 0.10 A)
2026-04-23 20:50:38,100 [ genlib ] [ INFO ] Checking atom CG
2026-04-23 20:50:38,100 [ genlib ] [ INFO ] Define atom pair: ASP|CG|C|C.2         - > LYN|CG|CT|C.3        (d = 0.18 A)
2026-04-23 20:50:38,100 [ genlib ] [ INFO ] Searching order 3
2026-04-23 20:50:38,101 [ genlib ] [ INFO ] Checking atom OD1
2026-04-23 20:50:38,101 [ genlib ] [ INFO ] Define atom pair: ASP|OD1|O2|O.co2     - > LYN|CD|CT|C.3        (d = 0.18 A)
2026-04-23 20:50:38,101 [ genlib ] [ INFO ] Checking atom OD2
2026-04-23 20:50:38,101 [ genlib ] [ INFO ] No partner found for atom OD2
2026-04-23 20:50:38,101 [ genlib ] [ INFO ] Searching order 4
2026-04-23 20:50:38,101 [ genlib ] [ INFO ] Searching order 5
2026-04-23 20:50:38,101 [ genlib ] [ INFO ] Searching order 6
2026-04-23 20:50:38,101 [ genlib ] [ INFO ] Searching order 7
2026-04-23 20:50:38,101 [ genlib ] [ INFO ] Searching branch 2
2026-04-23 20:50:38,101 [ genlib ] [ INFO ] Searching order 2
2026-04-23 20:50:38,101 [ genlib ] [ INFO ] Searching order 3
2026-04-23 20:50:38,101 [ genlib ] [ INFO ] Checking atom OD2
2026-04-23 20:50:38,101 [ genlib ] [ INFO ] No partner found for atom OD2
2026-04-23 20:50:38,101 [ genlib ] [ INFO ] Searching order 4
2026-04-23 20:50:38,101 [ genlib ] [ INFO ] Searching order 5
2026-04-23 20:50:38,101 [ genlib ] [ INFO ] Searching order 6
2026-04-23 20:50:38,101 [ genlib ] [ INFO ] Searching order 7
2026-04-23 20:50:38,105 [ genlib ] [ INFO ] Updating bond lists
2026-04-23 20:50:38,105 [ genlib ] [ INFO ] Updating dihedrals
2026-04-23 20:50:38,105 [ genlib ] [ INFO ] Updating impropers
2026-04-23 20:50:38,105 [ genlib ] [ INFO ] Building library files for ASP --> LYS mutant
2026-04-23 20:50:38,106 [ genlib ] [ INFO ] reading rtp file "aminoacids.rtp"
2026-04-23 20:50:38,133 [ genlib ] [ INFO ] ENTERED SIMPLE
2026-04-23 20:50:38,133 [ genlib ] [ INFO ] Making atom pairs
2026-04-23 20:50:38,133 [ genlib ] [ INFO ] Searching branch 1
2026-04-23 20:50:38,133 [ genlib ] [ INFO ] Searching order 2
2026-04-23 20:50:38,133 [ genlib ] [ INFO ] Checking atom 1HB
2026-04-23 20:50:38,133 [ genlib ] [ INFO ] Define atom pair: ASP|1HB|HC|H         - > LYS|1HB|HC|H         (d = 0.13 A)
2026-04-23 20:50:38,133 [ genlib ] [ INFO ] Checking atom 2HB
2026-04-23 20:50:38,133 [ genlib ] [ INFO ] Define atom pair: ASP|2HB|HC|H         - > LYS|2HB|HC|H         (d = 0.13 A)
2026-04-23 20:50:38,133 [ genlib ] [ INFO ] Checking atom CG
2026-04-23 20:50:38,133 [ genlib ] [ INFO ] Define atom pair: ASP|CG|C|C.2         - > LYS|CG|CT|C.3        (d = 0.18 A)
2026-04-23 20:50:38,133 [ genlib ] [ INFO ] Searching order 3
2026-04-23 20:50:38,133 [ genlib ] [ INFO ] Checking atom OD1
2026-04-23 20:50:38,133 [ genlib ] [ INFO ] Define atom pair: ASP|OD1|O2|O.co2     - > LYS|CD|CT|C.3        (d = 0.17 A)
2026-04-23 20:50:38,133 [ genlib ] [ INFO ] Checking atom OD2
2026-04-23 20:50:38,133 [ genlib ] [ INFO ] No partner found for atom OD2
2026-04-23 20:50:38,133 [ genlib ] [ INFO ] Searching order 4
2026-04-23 20:50:38,133 [ genlib ] [ INFO ] Searching order 5
2026-04-23 20:50:38,133 [ genlib ] [ INFO ] Searching order 6
2026-04-23 20:50:38,133 [ genlib ] [ INFO ] Searching order 7
2026-04-23 20:50:38,133 [ genlib ] [ INFO ] Searching branch 2
2026-04-23 20:50:38,133 [ genlib ] [ INFO ] Searching order 2
2026-04-23 20:50:38,133 [ genlib ] [ INFO ] Searching order 3
2026-04-23 20:50:38,133 [ genlib ] [ INFO ] Checking atom OD2
2026-04-23 20:50:38,133 [ genlib ] [ INFO ] No partner found for atom OD2
2026-04-23 20:50:38,133 [ genlib ] [ INFO ] Searching order 4
2026-04-23 20:50:38,133 [ genlib ] [ INFO ] Searching order 5
2026-04-23 20:50:38,133 [ genlib ] [ INFO ] Searching order 6
2026-04-23 20:50:38,133 [ genlib ] [ INFO ] Searching order 7
2026-04-23 20:50:38,138 [ genlib ] [ INFO ] Updating bond lists
2026-04-23 20:50:38,138 [ genlib ] [ INFO ] Updating dihedrals
2026-04-23 20:50:38,138 [ genlib ] [ INFO ] Updating impropers
2026-04-23 20:50:38,138 [ genlib ] [ INFO ] Building library files for ASP --> MET mutant
2026-04-23 20:50:38,139 [ genlib ] [ INFO ] reading rtp file "aminoacids.rtp"
2026-04-23 20:50:38,165 [ genlib ] [ INFO ] ENTERED SIMPLE
2026-04-23 20:50:38,165 [ genlib ] [ INFO ] Making atom pairs
2026-04-23 20:50:38,165 [ genlib ] [ INFO ] Searching branch 1
2026-04-23 20:50:38,165 [ genlib ] [ INFO ] Searching order 2
2026-04-23 20:50:38,165 [ genlib ] [ INFO ] Checking atom 1HB
2026-04-23 20:50:38,165 [ genlib ] [ INFO ] Define atom pair: ASP|1HB|HC|H         - > MET|1HB|HC|H         (d = 0.08 A)
2026-04-23 20:50:38,165 [ genlib ] [ INFO ] Checking atom 2HB
2026-04-23 20:50:38,165 [ genlib ] [ INFO ] Define atom pair: ASP|2HB|HC|H         - > MET|2HB|HC|H         (d = 0.06 A)
2026-04-23 20:50:38,165 [ genlib ] [ INFO ] Checking atom CG
2026-04-23 20:50:38,165 [ genlib ] [ INFO ] Define atom pair: ASP|CG|C|C.2         - > MET|CG|CT|C.3        (d = 0.05 A)
2026-04-23 20:50:38,165 [ genlib ] [ INFO ] Searching order 3
2026-04-23 20:50:38,165 [ genlib ] [ INFO ] Checking atom OD1
2026-04-23 20:50:38,165 [ genlib ] [ INFO ] Define atom pair: ASP|OD1|O2|O.co2     - > MET|SD|S|S.3         (d = 0.51 A)
2026-04-23 20:50:38,165 [ genlib ] [ INFO ] Checking atom OD2
2026-04-23 20:50:38,165 [ genlib ] [ INFO ] No partner found for atom OD2
2026-04-23 20:50:38,165 [ genlib ] [ INFO ] Searching order 4
2026-04-23 20:50:38,165 [ genlib ] [ INFO ] Searching order 5
2026-04-23 20:50:38,165 [ genlib ] [ INFO ] Searching order 6
2026-04-23 20:50:38,165 [ genlib ] [ INFO ] Searching order 7
2026-04-23 20:50:38,165 [ genlib ] [ INFO ] Searching branch 2
2026-04-23 20:50:38,165 [ genlib ] [ INFO ] Searching order 2
2026-04-23 20:50:38,165 [ genlib ] [ INFO ] Searching order 3
2026-04-23 20:50:38,165 [ genlib ] [ INFO ] Checking atom OD2
2026-04-23 20:50:38,165 [ genlib ] [ INFO ] No partner found for atom OD2
2026-04-23 20:50:38,165 [ genlib ] [ INFO ] Searching order 4
2026-04-23 20:50:38,165 [ genlib ] [ INFO ] Searching order 5
2026-04-23 20:50:38,165 [ genlib ] [ INFO ] Searching order 6
2026-04-23 20:50:38,165 [ genlib ] [ INFO ] Searching order 7
2026-04-23 20:50:38,167 [ genlib ] [ INFO ] Updating bond lists
2026-04-23 20:50:38,167 [ genlib ] [ INFO ] Updating dihedrals
2026-04-23 20:50:38,167 [ genlib ] [ INFO ] Updating impropers
2026-04-23 20:50:38,167 [ genlib ] [ INFO ] Building library files for ASP --> PHE mutant
2026-04-23 20:50:38,168 [ genlib ] [ INFO ] reading rtp file "aminoacids.rtp"
2026-04-23 20:50:38,194 [ genlib ] [ INFO ] ENTERED RINGS
2026-04-23 20:50:38,194 [ genlib ] [ INFO ] Making atom pairs
2026-04-23 20:50:38,198 [ genlib ] [ INFO ] Updating bond lists
2026-04-23 20:50:38,198 [ genlib ] [ INFO ] Updating dihedrals
2026-04-23 20:50:38,198 [ genlib ] [ INFO ] Updating impropers
2026-04-23 20:50:38,199 [ genlib ] [ INFO ] Building library files for ASP --> PRO mutant
2026-04-23 20:50:38,199 [ genlib ] [ INFO ] reading rtp file "aminoacids.rtp"
2026-04-23 20:50:38,224 [ genlib ] [ INFO ] ENTERED P
2026-04-23 20:50:38,224 [ genlib ] [ INFO ] Making atom pairs
2026-04-23 20:50:38,227 [ genlib ] [ INFO ] Updating bond lists
2026-04-23 20:50:38,227 [ genlib ] [ INFO ] Updating dihedrals
2026-04-23 20:50:38,227 [ genlib ] [ INFO ] Updating impropers
2026-04-23 20:50:38,227 [ genlib ] [ WARNING ] undefined
2026-04-23 20:50:38,227 [ genlib ] [ INFO ] Building library files for ASP --> SER mutant
2026-04-23 20:50:38,228 [ genlib ] [ INFO ] reading rtp file "aminoacids.rtp"
2026-04-23 20:50:38,253 [ genlib ] [ INFO ] ENTERED SIMPLE
2026-04-23 20:50:38,253 [ genlib ] [ INFO ] Making atom pairs
2026-04-23 20:50:38,253 [ genlib ] [ INFO ] Searching branch 1
2026-04-23 20:50:38,254 [ genlib ] [ INFO ] Searching order 2
2026-04-23 20:50:38,254 [ genlib ] [ INFO ] Checking atom 1HB
2026-04-23 20:50:38,254 [ genlib ] [ INFO ] Define atom pair: ASP|1HB|HC|H         - > SER|1HB|H1|H         (d = 0.08 A)
2026-04-23 20:50:38,254 [ genlib ] [ INFO ] Checking atom 2HB
2026-04-23 20:50:38,254 [ genlib ] [ INFO ] Define atom pair: ASP|2HB|HC|H         - > SER|2HB|H1|H         (d = 0.09 A)
2026-04-23 20:50:38,254 [ genlib ] [ INFO ] Checking atom CG
2026-04-23 20:50:38,254 [ genlib ] [ INFO ] Define atom pair: ASP|CG|C|C.2         - > SER|OG|OH|O.3        (d = 0.13 A)
2026-04-23 20:50:38,254 [ genlib ] [ INFO ] Searching order 3
2026-04-23 20:50:38,254 [ genlib ] [ INFO ] Checking atom OD1
2026-04-23 20:50:38,254 [ genlib ] [ INFO ] Define atom pair: ASP|OD1|O2|O.co2     - > SER|HG|HO|H          (d = 0.42 A)
2026-04-23 20:50:38,254 [ genlib ] [ INFO ] Checking atom OD2
2026-04-23 20:50:38,254 [ genlib ] [ INFO ] No partner found for atom OD2
2026-04-23 20:50:38,254 [ genlib ] [ INFO ] Searching order 4
2026-04-23 20:50:38,254 [ genlib ] [ INFO ] Searching order 5
2026-04-23 20:50:38,254 [ genlib ] [ INFO ] Searching order 6
2026-04-23 20:50:38,254 [ genlib ] [ INFO ] Searching order 7
2026-04-23 20:50:38,254 [ genlib ] [ INFO ] Searching branch 2
2026-04-23 20:50:38,254 [ genlib ] [ INFO ] Searching order 2
2026-04-23 20:50:38,254 [ genlib ] [ INFO ] Searching order 3
2026-04-23 20:50:38,254 [ genlib ] [ INFO ] Checking atom OD2
2026-04-23 20:50:38,254 [ genlib ] [ INFO ] No partner found for atom OD2
2026-04-23 20:50:38,254 [ genlib ] [ INFO ] Searching order 4
2026-04-23 20:50:38,254 [ genlib ] [ INFO ] Searching order 5
2026-04-23 20:50:38,254 [ genlib ] [ INFO ] Searching order 6
2026-04-23 20:50:38,254 [ genlib ] [ INFO ] Searching order 7
2026-04-23 20:50:38,254 [ genlib ] [ INFO ] Updating bond lists
2026-04-23 20:50:38,254 [ genlib ] [ INFO ] Updating dihedrals
2026-04-23 20:50:38,254 [ genlib ] [ INFO ] Updating impropers
2026-04-23 20:50:38,254 [ genlib ] [ INFO ] Building library files for ASP --> THR mutant
2026-04-23 20:50:38,255 [ genlib ] [ INFO ] reading rtp file "aminoacids.rtp"
2026-04-23 20:50:38,280 [ genlib ] [ INFO ] ENTERED SIMPLE
2026-04-23 20:50:38,280 [ genlib ] [ INFO ] Making atom pairs
2026-04-23 20:50:38,280 [ genlib ] [ INFO ] Searching branch 1
2026-04-23 20:50:38,280 [ genlib ] [ INFO ] Searching order 2
2026-04-23 20:50:38,280 [ genlib ] [ INFO ] Checking atom 1HB
2026-04-23 20:50:38,280 [ genlib ] [ INFO ] Define atom pair: ASP|1HB|HC|H         - > THR|HB|H1|H          (d = 0.04 A)
2026-04-23 20:50:38,280 [ genlib ] [ INFO ] Checking atom 2HB
2026-04-23 20:50:38,280 [ genlib ] [ INFO ] Define atom pair: ASP|2HB|HC|H         - > THR|CG2|CT|C.3       (d = 0.48 A)
2026-04-23 20:50:38,280 [ genlib ] [ INFO ] Checking atom CG
2026-04-23 20:50:38,280 [ genlib ] [ INFO ] Define atom pair: ASP|CG|C|C.2         - > THR|OG1|OH|O.3       (d = 0.15 A)
2026-04-23 20:50:38,280 [ genlib ] [ INFO ] Searching order 3
2026-04-23 20:50:38,280 [ genlib ] [ INFO ] Checking atom OD1
2026-04-23 20:50:38,280 [ genlib ] [ INFO ] Define atom pair: ASP|OD1|O2|O.co2     - > THR|HG1|HO|H         (d = 0.48 A)
2026-04-23 20:50:38,280 [ genlib ] [ INFO ] Checking atom OD2
2026-04-23 20:50:38,280 [ genlib ] [ INFO ] No partner found for atom OD2
2026-04-23 20:50:38,280 [ genlib ] [ INFO ] Searching order 4
2026-04-23 20:50:38,280 [ genlib ] [ INFO ] Searching order 5
2026-04-23 20:50:38,280 [ genlib ] [ INFO ] Searching order 6
2026-04-23 20:50:38,280 [ genlib ] [ INFO ] Searching order 7
2026-04-23 20:50:38,280 [ genlib ] [ INFO ] Searching branch 2
2026-04-23 20:50:38,280 [ genlib ] [ INFO ] Searching order 2
2026-04-23 20:50:38,280 [ genlib ] [ INFO ] Searching order 3
2026-04-23 20:50:38,280 [ genlib ] [ INFO ] Checking atom OD2
2026-04-23 20:50:38,280 [ genlib ] [ INFO ] No partner found for atom OD2
2026-04-23 20:50:38,280 [ genlib ] [ INFO ] Searching order 4
2026-04-23 20:50:38,280 [ genlib ] [ INFO ] Searching order 5
2026-04-23 20:50:38,280 [ genlib ] [ INFO ] Searching order 6
2026-04-23 20:50:38,280 [ genlib ] [ INFO ] Searching order 7
2026-04-23 20:50:38,282 [ genlib ] [ INFO ] Updating bond lists
2026-04-23 20:50:38,282 [ genlib ] [ INFO ] Updating dihedrals
2026-04-23 20:50:38,282 [ genlib ] [ INFO ] Updating impropers
2026-04-23 20:50:38,283 [ genlib ] [ INFO ] Building library files for ASP --> TRP mutant
2026-04-23 20:50:38,283 [ genlib ] [ INFO ] reading rtp file "aminoacids.rtp"
2026-04-23 20:50:38,309 [ genlib ] [ INFO ] ENTERED RINGS
2026-04-23 20:50:38,309 [ genlib ] [ INFO ] Making atom pairs
2026-04-23 20:50:38,316 [ genlib ] [ INFO ] Updating bond lists
2026-04-23 20:50:38,316 [ genlib ] [ INFO ] Updating dihedrals
2026-04-23 20:50:38,316 [ genlib ] [ INFO ] Updating impropers
2026-04-23 20:50:38,316 [ genlib ] [ INFO ] Building library files for ASP --> TYR mutant
2026-04-23 20:50:38,317 [ genlib ] [ INFO ] reading rtp file "aminoacids.rtp"
2026-04-23 20:50:38,342 [ genlib ] [ INFO ] ENTERED RINGS
2026-04-23 20:50:38,342 [ genlib ] [ INFO ] Making atom pairs
2026-04-23 20:50:38,347 [ genlib ] [ INFO ] Updating bond lists
2026-04-23 20:50:38,347 [ genlib ] [ INFO ] Updating dihedrals
2026-04-23 20:50:38,347 [ genlib ] [ INFO ] Updating impropers
2026-04-23 20:50:38,347 [ genlib ] [ INFO ] Building library files for ASP --> VAL mutant
2026-04-23 20:50:38,348 [ genlib ] [ INFO ] reading rtp file "aminoacids.rtp"
2026-04-23 20:50:38,374 [ genlib ] [ INFO ] ENTERED SIMPLE
2026-04-23 20:50:38,374 [ genlib ] [ INFO ] Making atom pairs
2026-04-23 20:50:38,374 [ genlib ] [ INFO ] Searching branch 1
2026-04-23 20:50:38,374 [ genlib ] [ INFO ] Searching order 2
2026-04-23 20:50:38,374 [ genlib ] [ INFO ] Checking atom 1HB
2026-04-23 20:50:38,374 [ genlib ] [ INFO ] Define atom pair: ASP|1HB|HC|H         - > VAL|HB|HC|H          (d = 0.15 A)
2026-04-23 20:50:38,374 [ genlib ] [ INFO ] Checking atom 2HB
2026-04-23 20:50:38,374 [ genlib ] [ INFO ] Define atom pair: ASP|2HB|HC|H         - > VAL|CG1|CT|C.3       (d = 0.47 A)
2026-04-23 20:50:38,374 [ genlib ] [ INFO ] Checking atom CG
2026-04-23 20:50:38,374 [ genlib ] [ INFO ] Define atom pair: ASP|CG|C|C.2         - > VAL|CG2|CT|C.3       (d = 0.06 A)
2026-04-23 20:50:38,374 [ genlib ] [ INFO ] Searching order 3
2026-04-23 20:50:38,374 [ genlib ] [ INFO ] Checking atom OD1
2026-04-23 20:50:38,374 [ genlib ] [ INFO ] Define atom pair: ASP|OD1|O2|O.co2     - > VAL|1HG2|HC|H        (d = 0.19 A)
2026-04-23 20:50:38,374 [ genlib ] [ INFO ] Checking atom OD2
2026-04-23 20:50:38,374 [ genlib ] [ INFO ] No partner found for atom OD2
2026-04-23 20:50:38,374 [ genlib ] [ INFO ] Searching order 4
2026-04-23 20:50:38,374 [ genlib ] [ INFO ] Searching order 5
2026-04-23 20:50:38,374 [ genlib ] [ INFO ] Searching order 6
2026-04-23 20:50:38,374 [ genlib ] [ INFO ] Searching order 7
2026-04-23 20:50:38,374 [ genlib ] [ INFO ] Searching branch 2
2026-04-23 20:50:38,374 [ genlib ] [ INFO ] Searching order 2
2026-04-23 20:50:38,374 [ genlib ] [ INFO ] Searching order 3
2026-04-23 20:50:38,374 [ genlib ] [ INFO ] Checking atom OD2
2026-04-23 20:50:38,374 [ genlib ] [ INFO ] No partner found for atom OD2
2026-04-23 20:50:38,374 [ genlib ] [ INFO ] Searching order 4
2026-04-23 20:50:38,374 [ genlib ] [ INFO ] Searching order 5
2026-04-23 20:50:38,374 [ genlib ] [ INFO ] Searching order 6
2026-04-23 20:50:38,374 [ genlib ] [ INFO ] Searching order 7
2026-04-23 20:50:38,376 [ genlib ] [ INFO ] Updating bond lists
2026-04-23 20:50:38,376 [ genlib ] [ INFO ] Updating dihedrals
2026-04-23 20:50:38,376 [ genlib ] [ INFO ] Updating impropers
2026-04-23 20:50:38,377 [ genlib ] [ INFO ] Building library files for CYS --> ALA mutant
2026-04-23 20:50:38,377 [ genlib ] [ INFO ] reading rtp file "aminoacids.rtp"
2026-04-23 20:50:38,402 [ genlib ] [ INFO ] ENTERED SIMPLE
2026-04-23 20:50:38,402 [ genlib ] [ INFO ] Making atom pairs
2026-04-23 20:50:38,402 [ genlib ] [ INFO ] Searching branch 1
2026-04-23 20:50:38,402 [ genlib ] [ INFO ] Searching order 2
2026-04-23 20:50:38,402 [ genlib ] [ INFO ] Checking atom 1HB
2026-04-23 20:50:38,402 [ genlib ] [ INFO ] Define atom pair: CYS|1HB|H1|H         - > ALA|2HB|HC|H         (d = 0.02 A)
2026-04-23 20:50:38,402 [ genlib ] [ INFO ] Checking atom 2HB
2026-04-23 20:50:38,402 [ genlib ] [ INFO ] Define atom pair: CYS|2HB|H1|H         - > ALA|3HB|HC|H         (d = 0.03 A)
2026-04-23 20:50:38,402 [ genlib ] [ INFO ] Checking atom SG
2026-04-23 20:50:38,402 [ genlib ] [ INFO ] No partner found for atom SG
2026-04-23 20:50:38,402 [ genlib ] [ INFO ] Searching order 3
2026-04-23 20:50:38,402 [ genlib ] [ INFO ] Searching order 4
2026-04-23 20:50:38,402 [ genlib ] [ INFO ] Searching order 5
2026-04-23 20:50:38,402 [ genlib ] [ INFO ] Searching order 6
2026-04-23 20:50:38,402 [ genlib ] [ INFO ] Searching order 7
2026-04-23 20:50:38,402 [ genlib ] [ INFO ] Searching branch 2
2026-04-23 20:50:38,402 [ genlib ] [ INFO ] Searching order 2
2026-04-23 20:50:38,403 [ genlib ] [ INFO ] Checking atom SG
2026-04-23 20:50:38,403 [ genlib ] [ INFO ] No partner found for atom SG
2026-04-23 20:50:38,403 [ genlib ] [ INFO ] Searching order 3
2026-04-23 20:50:38,403 [ genlib ] [ INFO ] Searching order 4
2026-04-23 20:50:38,403 [ genlib ] [ INFO ] Searching order 5
2026-04-23 20:50:38,403 [ genlib ] [ INFO ] Searching order 6
2026-04-23 20:50:38,403 [ genlib ] [ INFO ] Searching order 7
2026-04-23 20:50:38,403 [ genlib ] [ INFO ] Updating bond lists
2026-04-23 20:50:38,403 [ genlib ] [ INFO ] Updating dihedrals
2026-04-23 20:50:38,403 [ genlib ] [ INFO ] Updating impropers
2026-04-23 20:50:38,403 [ genlib ] [ INFO ] Building library files for CYS --> ARG mutant
2026-04-23 20:50:38,404 [ genlib ] [ INFO ] reading rtp file "aminoacids.rtp"
2026-04-23 20:50:38,429 [ genlib ] [ INFO ] ENTERED SIMPLE
2026-04-23 20:50:38,429 [ genlib ] [ INFO ] Making atom pairs
2026-04-23 20:50:38,429 [ genlib ] [ INFO ] Searching branch 1
2026-04-23 20:50:38,429 [ genlib ] [ INFO ] Searching order 2
2026-04-23 20:50:38,429 [ genlib ] [ INFO ] Checking atom 1HB
2026-04-23 20:50:38,429 [ genlib ] [ INFO ] Define atom pair: CYS|1HB|H1|H         - > ARG|1HB|HC|H         (d = 0.09 A)
2026-04-23 20:50:38,429 [ genlib ] [ INFO ] Checking atom 2HB
2026-04-23 20:50:38,429 [ genlib ] [ INFO ] Define atom pair: CYS|2HB|H1|H         - > ARG|2HB|HC|H         (d = 0.06 A)
2026-04-23 20:50:38,429 [ genlib ] [ INFO ] Checking atom SG
2026-04-23 20:50:38,429 [ genlib ] [ INFO ] Define atom pair: CYS|SG|SH|S.3        - > ARG|CG|CT|C.3        (d = 0.33 A)
2026-04-23 20:50:38,429 [ genlib ] [ INFO ] Searching order 3
2026-04-23 20:50:38,429 [ genlib ] [ INFO ] Checking atom HG
2026-04-23 20:50:38,429 [ genlib ] [ INFO ] Define atom pair: CYS|HG|HS|H          - > ARG|CD|CT|C.3        (d = 0.26 A)
2026-04-23 20:50:38,429 [ genlib ] [ INFO ] Searching order 4
2026-04-23 20:50:38,429 [ genlib ] [ INFO ] Searching order 5
2026-04-23 20:50:38,429 [ genlib ] [ INFO ] Searching order 6
2026-04-23 20:50:38,429 [ genlib ] [ INFO ] Searching order 7
2026-04-23 20:50:38,429 [ genlib ] [ INFO ] Searching branch 2
2026-04-23 20:50:38,429 [ genlib ] [ INFO ] Searching order 2
2026-04-23 20:50:38,429 [ genlib ] [ INFO ] Searching order 3
2026-04-23 20:50:38,429 [ genlib ] [ INFO ] Searching order 4
2026-04-23 20:50:38,429 [ genlib ] [ INFO ] Searching order 5
2026-04-23 20:50:38,429 [ genlib ] [ INFO ] Searching order 6
2026-04-23 20:50:38,429 [ genlib ] [ INFO ] Searching order 7
2026-04-23 20:50:38,436 [ genlib ] [ INFO ] Updating bond lists
2026-04-23 20:50:38,436 [ genlib ] [ INFO ] Updating dihedrals
2026-04-23 20:50:38,436 [ genlib ] [ INFO ] Updating impropers
2026-04-23 20:50:38,437 [ genlib ] [ INFO ] Building library files for CYS --> ASH mutant
2026-04-23 20:50:38,437 [ genlib ] [ INFO ] reading rtp file "aminoacids.rtp"
2026-04-23 20:50:38,462 [ genlib ] [ INFO ] ENTERED SIMPLE
2026-04-23 20:50:38,462 [ genlib ] [ INFO ] Making atom pairs
2026-04-23 20:50:38,462 [ genlib ] [ INFO ] Searching branch 1
2026-04-23 20:50:38,462 [ genlib ] [ INFO ] Searching order 2
2026-04-23 20:50:38,462 [ genlib ] [ INFO ] Checking atom 1HB
2026-04-23 20:50:38,462 [ genlib ] [ INFO ] Define atom pair: CYS|1HB|H1|H         - > ASH|1HB|HC|H         (d = 0.11 A)
2026-04-23 20:50:38,463 [ genlib ] [ INFO ] Checking atom 2HB
2026-04-23 20:50:38,463 [ genlib ] [ INFO ] Define atom pair: CYS|2HB|H1|H         - > ASH|2HB|HC|H         (d = 0.14 A)
2026-04-23 20:50:38,463 [ genlib ] [ INFO ] Checking atom SG
2026-04-23 20:50:38,463 [ genlib ] [ INFO ] Define atom pair: CYS|SG|SH|S.3        - > ASH|CG|C|C.2         (d = 0.25 A)
2026-04-23 20:50:38,463 [ genlib ] [ INFO ] Searching order 3
2026-04-23 20:50:38,463 [ genlib ] [ INFO ] Checking atom HG
2026-04-23 20:50:38,463 [ genlib ] [ INFO ] Define atom pair: CYS|HG|HS|H          - > ASH|OD1|O|O.co2      (d = 0.24 A)
2026-04-23 20:50:38,463 [ genlib ] [ INFO ] Searching order 4
2026-04-23 20:50:38,463 [ genlib ] [ INFO ] Searching order 5
2026-04-23 20:50:38,463 [ genlib ] [ INFO ] Searching order 6
2026-04-23 20:50:38,463 [ genlib ] [ INFO ] Searching order 7
2026-04-23 20:50:38,463 [ genlib ] [ INFO ] Searching branch 2
2026-04-23 20:50:38,463 [ genlib ] [ INFO ] Searching order 2
2026-04-23 20:50:38,463 [ genlib ] [ INFO ] Searching order 3
2026-04-23 20:50:38,463 [ genlib ] [ INFO ] Searching order 4
2026-04-23 20:50:38,463 [ genlib ] [ INFO ] Searching order 5
2026-04-23 20:50:38,463 [ genlib ] [ INFO ] Searching order 6
2026-04-23 20:50:38,463 [ genlib ] [ INFO ] Searching order 7
2026-04-23 20:50:38,463 [ genlib ] [ INFO ] Updating bond lists
2026-04-23 20:50:38,464 [ genlib ] [ INFO ] Updating dihedrals
2026-04-23 20:50:38,464 [ genlib ] [ INFO ] Updating impropers
2026-04-23 20:50:38,464 [ genlib ] [ INFO ] Building library files for CYS --> ASN mutant
2026-04-23 20:50:38,464 [ genlib ] [ INFO ] reading rtp file "aminoacids.rtp"
2026-04-23 20:50:38,489 [ genlib ] [ INFO ] ENTERED SIMPLE
2026-04-23 20:50:38,489 [ genlib ] [ INFO ] Making atom pairs
2026-04-23 20:50:38,489 [ genlib ] [ INFO ] Searching branch 1
2026-04-23 20:50:38,489 [ genlib ] [ INFO ] Searching order 2
2026-04-23 20:50:38,489 [ genlib ] [ INFO ] Checking atom 1HB
2026-04-23 20:50:38,489 [ genlib ] [ INFO ] Define atom pair: CYS|1HB|H1|H         - > ASN|1HB|HC|H         (d = 0.06 A)
2026-04-23 20:50:38,489 [ genlib ] [ INFO ] Checking atom 2HB
2026-04-23 20:50:38,490 [ genlib ] [ INFO ] Define atom pair: CYS|2HB|H1|H         - > ASN|2HB|HC|H         (d = 0.12 A)
2026-04-23 20:50:38,490 [ genlib ] [ INFO ] Checking atom SG
2026-04-23 20:50:38,490 [ genlib ] [ INFO ] Define atom pair: CYS|SG|SH|S.3        - > ASN|CG|C|C.2         (d = 0.21 A)
2026-04-23 20:50:38,490 [ genlib ] [ INFO ] Searching order 3
2026-04-23 20:50:38,490 [ genlib ] [ INFO ] Checking atom HG
2026-04-23 20:50:38,490 [ genlib ] [ INFO ] Define atom pair: CYS|HG|HS|H          - > ASN|OD1|O|O.2        (d = 0.38 A)
2026-04-23 20:50:38,490 [ genlib ] [ INFO ] Searching order 4
2026-04-23 20:50:38,490 [ genlib ] [ INFO ] Searching order 5
2026-04-23 20:50:38,490 [ genlib ] [ INFO ] Searching order 6
2026-04-23 20:50:38,490 [ genlib ] [ INFO ] Searching order 7
2026-04-23 20:50:38,490 [ genlib ] [ INFO ] Searching branch 2
2026-04-23 20:50:38,490 [ genlib ] [ INFO ] Searching order 2
2026-04-23 20:50:38,490 [ genlib ] [ INFO ] Searching order 3
2026-04-23 20:50:38,490 [ genlib ] [ INFO ] Searching order 4
2026-04-23 20:50:38,490 [ genlib ] [ INFO ] Searching order 5
2026-04-23 20:50:38,490 [ genlib ] [ INFO ] Searching order 6
2026-04-23 20:50:38,490 [ genlib ] [ INFO ] Searching order 7
2026-04-23 20:50:38,491 [ genlib ] [ INFO ] Updating bond lists
2026-04-23 20:50:38,491 [ genlib ] [ INFO ] Updating dihedrals
2026-04-23 20:50:38,491 [ genlib ] [ INFO ] Updating impropers
2026-04-23 20:50:38,491 [ genlib ] [ INFO ] Building library files for CYS --> ASP mutant
2026-04-23 20:50:38,492 [ genlib ] [ INFO ] reading rtp file "aminoacids.rtp"
2026-04-23 20:50:38,518 [ genlib ] [ INFO ] ENTERED SIMPLE
2026-04-23 20:50:38,518 [ genlib ] [ INFO ] Making atom pairs
2026-04-23 20:50:38,518 [ genlib ] [ INFO ] Searching branch 1
2026-04-23 20:50:38,518 [ genlib ] [ INFO ] Searching order 2
2026-04-23 20:50:38,518 [ genlib ] [ INFO ] Checking atom 1HB
2026-04-23 20:50:38,518 [ genlib ] [ INFO ] Define atom pair: CYS|1HB|H1|H         - > ASP|1HB|HC|H         (d = 0.04 A)
2026-04-23 20:50:38,518 [ genlib ] [ INFO ] Checking atom 2HB
2026-04-23 20:50:38,518 [ genlib ] [ INFO ] Define atom pair: CYS|2HB|H1|H         - > ASP|2HB|HC|H         (d = 0.07 A)
2026-04-23 20:50:38,518 [ genlib ] [ INFO ] Checking atom SG
2026-04-23 20:50:38,518 [ genlib ] [ INFO ] Define atom pair: CYS|SG|SH|S.3        - > ASP|CG|C|C.2         (d = 0.25 A)
2026-04-23 20:50:38,518 [ genlib ] [ INFO ] Searching order 3
2026-04-23 20:50:38,518 [ genlib ] [ INFO ] Checking atom HG
2026-04-23 20:50:38,518 [ genlib ] [ INFO ] Define atom pair: CYS|HG|HS|H          - > ASP|OD1|O2|O.co2     (d = 0.24 A)
2026-04-23 20:50:38,518 [ genlib ] [ INFO ] Searching order 4
2026-04-23 20:50:38,518 [ genlib ] [ INFO ] Searching order 5
2026-04-23 20:50:38,518 [ genlib ] [ INFO ] Searching order 6
2026-04-23 20:50:38,518 [ genlib ] [ INFO ] Searching order 7
2026-04-23 20:50:38,518 [ genlib ] [ INFO ] Searching branch 2
2026-04-23 20:50:38,518 [ genlib ] [ INFO ] Searching order 2
2026-04-23 20:50:38,518 [ genlib ] [ INFO ] Searching order 3
2026-04-23 20:50:38,518 [ genlib ] [ INFO ] Searching order 4
2026-04-23 20:50:38,518 [ genlib ] [ INFO ] Searching order 5
2026-04-23 20:50:38,518 [ genlib ] [ INFO ] Searching order 6
2026-04-23 20:50:38,518 [ genlib ] [ INFO ] Searching order 7
2026-04-23 20:50:38,519 [ genlib ] [ INFO ] Updating bond lists
2026-04-23 20:50:38,519 [ genlib ] [ INFO ] Updating dihedrals
2026-04-23 20:50:38,519 [ genlib ] [ INFO ] Updating impropers
2026-04-23 20:50:38,519 [ genlib ] [ INFO ] Building library files for CYS --> GLH mutant
2026-04-23 20:50:38,520 [ genlib ] [ INFO ] reading rtp file "aminoacids.rtp"
2026-04-23 20:50:38,548 [ genlib ] [ INFO ] ENTERED SIMPLE
2026-04-23 20:50:38,548 [ genlib ] [ INFO ] Making atom pairs
2026-04-23 20:50:38,548 [ genlib ] [ INFO ] Searching branch 1
2026-04-23 20:50:38,548 [ genlib ] [ INFO ] Searching order 2
2026-04-23 20:50:38,548 [ genlib ] [ INFO ] Checking atom 1HB
2026-04-23 20:50:38,548 [ genlib ] [ INFO ] Define atom pair: CYS|1HB|H1|H         - > GLH|1HB|HC|H         (d = 0.17 A)
2026-04-23 20:50:38,548 [ genlib ] [ INFO ] Checking atom 2HB
2026-04-23 20:50:38,548 [ genlib ] [ INFO ] Define atom pair: CYS|2HB|H1|H         - > GLH|2HB|HC|H         (d = 0.21 A)
2026-04-23 20:50:38,548 [ genlib ] [ INFO ] Checking atom SG
2026-04-23 20:50:38,548 [ genlib ] [ INFO ] Define atom pair: CYS|SG|SH|S.3        - > GLH|CG|CT|C.3        (d = 0.25 A)
2026-04-23 20:50:38,548 [ genlib ] [ INFO ] Searching order 3
2026-04-23 20:50:38,548 [ genlib ] [ INFO ] Checking atom HG
2026-04-23 20:50:38,548 [ genlib ] [ INFO ] Define atom pair: CYS|HG|HS|H          - > GLH|CD|C|C.2         (d = 0.29 A)
2026-04-23 20:50:38,548 [ genlib ] [ INFO ] Searching order 4
2026-04-23 20:50:38,548 [ genlib ] [ INFO ] Searching order 5
2026-04-23 20:50:38,548 [ genlib ] [ INFO ] Searching order 6
2026-04-23 20:50:38,548 [ genlib ] [ INFO ] Searching order 7
2026-04-23 20:50:38,548 [ genlib ] [ INFO ] Searching branch 2
2026-04-23 20:50:38,548 [ genlib ] [ INFO ] Searching order 2
2026-04-23 20:50:38,548 [ genlib ] [ INFO ] Searching order 3
2026-04-23 20:50:38,548 [ genlib ] [ INFO ] Searching order 4
2026-04-23 20:50:38,548 [ genlib ] [ INFO ] Searching order 5
2026-04-23 20:50:38,548 [ genlib ] [ INFO ] Searching order 6
2026-04-23 20:50:38,548 [ genlib ] [ INFO ] Searching order 7
2026-04-23 20:50:38,550 [ genlib ] [ INFO ] Updating bond lists
2026-04-23 20:50:38,550 [ genlib ] [ INFO ] Updating dihedrals
2026-04-23 20:50:38,550 [ genlib ] [ INFO ] Updating impropers
2026-04-23 20:50:38,550 [ genlib ] [ INFO ] Building library files for CYS --> GLN mutant
2026-04-23 20:50:38,551 [ genlib ] [ INFO ] reading rtp file "aminoacids.rtp"
2026-04-23 20:50:38,579 [ genlib ] [ INFO ] ENTERED SIMPLE
2026-04-23 20:50:38,579 [ genlib ] [ INFO ] Making atom pairs
2026-04-23 20:50:38,579 [ genlib ] [ INFO ] Searching branch 1
2026-04-23 20:50:38,579 [ genlib ] [ INFO ] Searching order 2
2026-04-23 20:50:38,579 [ genlib ] [ INFO ] Checking atom 1HB
2026-04-23 20:50:38,579 [ genlib ] [ INFO ] Define atom pair: CYS|1HB|H1|H         - > GLN|1HB|HC|H         (d = 0.07 A)
2026-04-23 20:50:38,579 [ genlib ] [ INFO ] Checking atom 2HB
2026-04-23 20:50:38,579 [ genlib ] [ INFO ] Define atom pair: CYS|2HB|H1|H         - > GLN|2HB|HC|H         (d = 0.05 A)
2026-04-23 20:50:38,579 [ genlib ] [ INFO ] Checking atom SG
2026-04-23 20:50:38,579 [ genlib ] [ INFO ] Define atom pair: CYS|SG|SH|S.3        - > GLN|CG|CT|C.3        (d = 0.29 A)
2026-04-23 20:50:38,579 [ genlib ] [ INFO ] Searching order 3
2026-04-23 20:50:38,579 [ genlib ] [ INFO ] Checking atom HG
2026-04-23 20:50:38,579 [ genlib ] [ INFO ] Define atom pair: CYS|HG|HS|H          - > GLN|CD|C|C.2         (d = 0.29 A)
2026-04-23 20:50:38,579 [ genlib ] [ INFO ] Searching order 4
2026-04-23 20:50:38,579 [ genlib ] [ INFO ] Searching order 5
2026-04-23 20:50:38,579 [ genlib ] [ INFO ] Searching order 6
2026-04-23 20:50:38,579 [ genlib ] [ INFO ] Searching order 7
2026-04-23 20:50:38,579 [ genlib ] [ INFO ] Searching branch 2
2026-04-23 20:50:38,579 [ genlib ] [ INFO ] Searching order 2
2026-04-23 20:50:38,579 [ genlib ] [ INFO ] Searching order 3
2026-04-23 20:50:38,579 [ genlib ] [ INFO ] Searching order 4
2026-04-23 20:50:38,579 [ genlib ] [ INFO ] Searching order 5
2026-04-23 20:50:38,579 [ genlib ] [ INFO ] Searching order 6
2026-04-23 20:50:38,579 [ genlib ] [ INFO ] Searching order 7
2026-04-23 20:50:38,582 [ genlib ] [ INFO ] Updating bond lists
2026-04-23 20:50:38,582 [ genlib ] [ INFO ] Updating dihedrals
2026-04-23 20:50:38,582 [ genlib ] [ INFO ] Updating impropers
2026-04-23 20:50:38,582 [ genlib ] [ INFO ] Building library files for CYS --> GLU mutant
2026-04-23 20:50:38,583 [ genlib ] [ INFO ] reading rtp file "aminoacids.rtp"
2026-04-23 20:50:38,613 [ genlib ] [ INFO ] ENTERED SIMPLE
2026-04-23 20:50:38,613 [ genlib ] [ INFO ] Making atom pairs
2026-04-23 20:50:38,613 [ genlib ] [ INFO ] Searching branch 1
2026-04-23 20:50:38,613 [ genlib ] [ INFO ] Searching order 2
2026-04-23 20:50:38,613 [ genlib ] [ INFO ] Checking atom 1HB
2026-04-23 20:50:38,613 [ genlib ] [ INFO ] Define atom pair: CYS|1HB|H1|H         - > GLU|1HB|HC|H         (d = 0.16 A)
2026-04-23 20:50:38,613 [ genlib ] [ INFO ] Checking atom 2HB
2026-04-23 20:50:38,613 [ genlib ] [ INFO ] Define atom pair: CYS|2HB|H1|H         - > GLU|2HB|HC|H         (d = 0.17 A)
2026-04-23 20:50:38,613 [ genlib ] [ INFO ] Checking atom SG
2026-04-23 20:50:38,613 [ genlib ] [ INFO ] Define atom pair: CYS|SG|SH|S.3        - > GLU|CG|CT|C.3        (d = 0.25 A)
2026-04-23 20:50:38,613 [ genlib ] [ INFO ] Searching order 3
2026-04-23 20:50:38,613 [ genlib ] [ INFO ] Checking atom HG
2026-04-23 20:50:38,613 [ genlib ] [ INFO ] Define atom pair: CYS|HG|HS|H          - > GLU|CD|C|C.2         (d = 0.29 A)
2026-04-23 20:50:38,613 [ genlib ] [ INFO ] Searching order 4
2026-04-23 20:50:38,613 [ genlib ] [ INFO ] Searching order 5
2026-04-23 20:50:38,613 [ genlib ] [ INFO ] Searching order 6
2026-04-23 20:50:38,613 [ genlib ] [ INFO ] Searching order 7
2026-04-23 20:50:38,613 [ genlib ] [ INFO ] Searching branch 2
2026-04-23 20:50:38,613 [ genlib ] [ INFO ] Searching order 2
2026-04-23 20:50:38,613 [ genlib ] [ INFO ] Searching order 3
2026-04-23 20:50:38,614 [ genlib ] [ INFO ] Searching order 4
2026-04-23 20:50:38,614 [ genlib ] [ INFO ] Searching order 5
2026-04-23 20:50:38,614 [ genlib ] [ INFO ] Searching order 6
2026-04-23 20:50:38,614 [ genlib ] [ INFO ] Searching order 7
2026-04-23 20:50:38,615 [ genlib ] [ INFO ] Updating bond lists
2026-04-23 20:50:38,615 [ genlib ] [ INFO ] Updating dihedrals
2026-04-23 20:50:38,615 [ genlib ] [ INFO ] Updating impropers
2026-04-23 20:50:38,615 [ genlib ] [ INFO ] Building library files for CYS --> GLY mutant
2026-04-23 20:50:38,616 [ genlib ] [ INFO ] reading rtp file "aminoacids.rtp"
2026-04-23 20:50:38,646 [ genlib ] [ INFO ] ENTERED G
2026-04-23 20:50:38,646 [ genlib ] [ INFO ] Making atom pairs
2026-04-23 20:50:38,646 [ genlib ] [ INFO ] Updating bond lists
2026-04-23 20:50:38,647 [ genlib ] [ INFO ] Updating dihedrals
2026-04-23 20:50:38,647 [ genlib ] [ INFO ] Updating impropers
2026-04-23 20:50:38,647 [ genlib ] [ WARNING ] undefined
2026-04-23 20:50:38,647 [ genlib ] [ INFO ] Building library files for CYS --> HID mutant
2026-04-23 20:50:38,647 [ genlib ] [ INFO ] reading rtp file "aminoacids.rtp"
2026-04-23 20:50:38,676 [ genlib ] [ INFO ] ENTERED RINGS
2026-04-23 20:50:38,676 [ genlib ] [ INFO ] Making atom pairs
2026-04-23 20:50:38,678 [ genlib ] [ INFO ] Updating bond lists
2026-04-23 20:50:38,679 [ genlib ] [ INFO ] Updating dihedrals
2026-04-23 20:50:38,679 [ genlib ] [ INFO ] Updating impropers
2026-04-23 20:50:38,679 [ genlib ] [ INFO ] Building library files for CYS --> HIE mutant
2026-04-23 20:50:38,679 [ genlib ] [ INFO ] reading rtp file "aminoacids.rtp"
2026-04-23 20:50:38,706 [ genlib ] [ INFO ] ENTERED RINGS
2026-04-23 20:50:38,706 [ genlib ] [ INFO ] Making atom pairs
2026-04-23 20:50:38,708 [ genlib ] [ INFO ] Updating bond lists
2026-04-23 20:50:38,709 [ genlib ] [ INFO ] Updating dihedrals
2026-04-23 20:50:38,709 [ genlib ] [ INFO ] Updating impropers
2026-04-23 20:50:38,709 [ genlib ] [ INFO ] Building library files for CYS --> HIP mutant
2026-04-23 20:50:38,710 [ genlib ] [ INFO ] reading rtp file "aminoacids.rtp"
2026-04-23 20:50:38,740 [ genlib ] [ INFO ] ENTERED RINGS
2026-04-23 20:50:38,740 [ genlib ] [ INFO ] Making atom pairs
2026-04-23 20:50:38,744 [ genlib ] [ INFO ] Updating bond lists
2026-04-23 20:50:38,744 [ genlib ] [ INFO ] Updating dihedrals
2026-04-23 20:50:38,744 [ genlib ] [ INFO ] Updating impropers
2026-04-23 20:50:38,744 [ genlib ] [ INFO ] Building library files for CYS --> ILE mutant
2026-04-23 20:50:38,745 [ genlib ] [ INFO ] reading rtp file "aminoacids.rtp"
2026-04-23 20:50:38,771 [ genlib ] [ INFO ] ENTERED SIMPLE
2026-04-23 20:50:38,771 [ genlib ] [ INFO ] Making atom pairs
2026-04-23 20:50:38,771 [ genlib ] [ INFO ] Searching branch 1
2026-04-23 20:50:38,771 [ genlib ] [ INFO ] Searching order 2
2026-04-23 20:50:38,771 [ genlib ] [ INFO ] Checking atom 1HB
2026-04-23 20:50:38,771 [ genlib ] [ INFO ] Define atom pair: CYS|1HB|H1|H         - > ILE|HB|HC|H          (d = 0.12 A)
2026-04-23 20:50:38,771 [ genlib ] [ INFO ] Checking atom 2HB
2026-04-23 20:50:38,771 [ genlib ] [ INFO ] Define atom pair: CYS|2HB|H1|H         - > ILE|CG2|CT|C.3       (d = 0.42 A)
2026-04-23 20:50:38,771 [ genlib ] [ INFO ] Checking atom SG
2026-04-23 20:50:38,771 [ genlib ] [ INFO ] Define atom pair: CYS|SG|SH|S.3        - > ILE|CG1|CT|C.3       (d = 0.20 A)
2026-04-23 20:50:38,771 [ genlib ] [ INFO ] Searching order 3
2026-04-23 20:50:38,771 [ genlib ] [ INFO ] Checking atom HG
2026-04-23 20:50:38,771 [ genlib ] [ INFO ] Define atom pair: CYS|HG|HS|H          - > ILE|CD1|CT|C.3       (d = 0.29 A)
2026-04-23 20:50:38,772 [ genlib ] [ INFO ] Searching order 4
2026-04-23 20:50:38,772 [ genlib ] [ INFO ] Searching order 5
2026-04-23 20:50:38,772 [ genlib ] [ INFO ] Searching order 6
2026-04-23 20:50:38,772 [ genlib ] [ INFO ] Searching order 7
2026-04-23 20:50:38,772 [ genlib ] [ INFO ] Searching branch 2
2026-04-23 20:50:38,772 [ genlib ] [ INFO ] Searching order 2
2026-04-23 20:50:38,772 [ genlib ] [ INFO ] Searching order 3
2026-04-23 20:50:38,772 [ genlib ] [ INFO ] Searching order 4
2026-04-23 20:50:38,772 [ genlib ] [ INFO ] Searching order 5
2026-04-23 20:50:38,772 [ genlib ] [ INFO ] Searching order 6
2026-04-23 20:50:38,772 [ genlib ] [ INFO ] Searching order 7
2026-04-23 20:50:38,775 [ genlib ] [ INFO ] Updating bond lists
2026-04-23 20:50:38,775 [ genlib ] [ INFO ] Updating dihedrals
2026-04-23 20:50:38,775 [ genlib ] [ INFO ] Updating impropers
2026-04-23 20:50:38,775 [ genlib ] [ INFO ] Building library files for CYS --> LEU mutant
2026-04-23 20:50:38,776 [ genlib ] [ INFO ] reading rtp file "aminoacids.rtp"
2026-04-23 20:50:38,807 [ genlib ] [ INFO ] ENTERED SIMPLE
2026-04-23 20:50:38,807 [ genlib ] [ INFO ] Making atom pairs
2026-04-23 20:50:38,807 [ genlib ] [ INFO ] Searching branch 1
2026-04-23 20:50:38,807 [ genlib ] [ INFO ] Searching order 2
2026-04-23 20:50:38,807 [ genlib ] [ INFO ] Checking atom 1HB
2026-04-23 20:50:38,807 [ genlib ] [ INFO ] Define atom pair: CYS|1HB|H1|H         - > LEU|1HB|HC|H         (d = 0.03 A)
2026-04-23 20:50:38,807 [ genlib ] [ INFO ] Checking atom 2HB
2026-04-23 20:50:38,807 [ genlib ] [ INFO ] Define atom pair: CYS|2HB|H1|H         - > LEU|2HB|HC|H         (d = 0.03 A)
2026-04-23 20:50:38,807 [ genlib ] [ INFO ] Checking atom SG
2026-04-23 20:50:38,807 [ genlib ] [ INFO ] Define atom pair: CYS|SG|SH|S.3        - > LEU|CG|CT|C.3        (d = 0.25 A)
2026-04-23 20:50:38,807 [ genlib ] [ INFO ] Searching order 3
2026-04-23 20:50:38,807 [ genlib ] [ INFO ] Checking atom HG
2026-04-23 20:50:38,807 [ genlib ] [ INFO ] Define atom pair: CYS|HG|HS|H          - > LEU|CD1|CT|C.3       (d = 0.25 A)
2026-04-23 20:50:38,807 [ genlib ] [ INFO ] Searching order 4
2026-04-23 20:50:38,807 [ genlib ] [ INFO ] Searching order 5
2026-04-23 20:50:38,807 [ genlib ] [ INFO ] Searching order 6
2026-04-23 20:50:38,807 [ genlib ] [ INFO ] Searching order 7
2026-04-23 20:50:38,807 [ genlib ] [ INFO ] Searching branch 2
2026-04-23 20:50:38,807 [ genlib ] [ INFO ] Searching order 2
2026-04-23 20:50:38,807 [ genlib ] [ INFO ] Searching order 3
2026-04-23 20:50:38,807 [ genlib ] [ INFO ] Searching order 4
2026-04-23 20:50:38,807 [ genlib ] [ INFO ] Searching order 5
2026-04-23 20:50:38,807 [ genlib ] [ INFO ] Searching order 6
2026-04-23 20:50:38,807 [ genlib ] [ INFO ] Searching order 7
2026-04-23 20:50:38,811 [ genlib ] [ INFO ] Updating bond lists
2026-04-23 20:50:38,811 [ genlib ] [ INFO ] Updating dihedrals
2026-04-23 20:50:38,811 [ genlib ] [ INFO ] Updating impropers
2026-04-23 20:50:38,811 [ genlib ] [ INFO ] Building library files for CYS --> LYN mutant
2026-04-23 20:50:38,812 [ genlib ] [ INFO ] reading rtp file "aminoacids.rtp"
2026-04-23 20:50:38,838 [ genlib ] [ INFO ] ENTERED SIMPLE
2026-04-23 20:50:38,838 [ genlib ] [ INFO ] Making atom pairs
2026-04-23 20:50:38,838 [ genlib ] [ INFO ] Searching branch 1
2026-04-23 20:50:38,838 [ genlib ] [ INFO ] Searching order 2
2026-04-23 20:50:38,838 [ genlib ] [ INFO ] Checking atom 1HB
2026-04-23 20:50:38,838 [ genlib ] [ INFO ] Define atom pair: CYS|1HB|H1|H         - > LYN|1HB|HC|H         (d = 0.11 A)
2026-04-23 20:50:38,838 [ genlib ] [ INFO ] Checking atom 2HB
2026-04-23 20:50:38,838 [ genlib ] [ INFO ] Define atom pair: CYS|2HB|H1|H         - > LYN|2HB|HC|H         (d = 0.09 A)
2026-04-23 20:50:38,838 [ genlib ] [ INFO ] Checking atom SG
2026-04-23 20:50:38,838 [ genlib ] [ INFO ] Define atom pair: CYS|SG|SH|S.3        - > LYN|CG|CT|C.3        (d = 0.33 A)
2026-04-23 20:50:38,838 [ genlib ] [ INFO ] Searching order 3
2026-04-23 20:50:38,838 [ genlib ] [ INFO ] Checking atom HG
2026-04-23 20:50:38,838 [ genlib ] [ INFO ] Define atom pair: CYS|HG|HS|H          - > LYN|CD|CT|C.3        (d = 0.25 A)
2026-04-23 20:50:38,838 [ genlib ] [ INFO ] Searching order 4
2026-04-23 20:50:38,838 [ genlib ] [ INFO ] Searching order 5
2026-04-23 20:50:38,838 [ genlib ] [ INFO ] Searching order 6
2026-04-23 20:50:38,838 [ genlib ] [ INFO ] Searching order 7
2026-04-23 20:50:38,838 [ genlib ] [ INFO ] Searching branch 2
2026-04-23 20:50:38,838 [ genlib ] [ INFO ] Searching order 2
2026-04-23 20:50:38,838 [ genlib ] [ INFO ] Searching order 3
2026-04-23 20:50:38,838 [ genlib ] [ INFO ] Searching order 4
2026-04-23 20:50:38,838 [ genlib ] [ INFO ] Searching order 5
2026-04-23 20:50:38,838 [ genlib ] [ INFO ] Searching order 6
2026-04-23 20:50:38,838 [ genlib ] [ INFO ] Searching order 7
2026-04-23 20:50:38,842 [ genlib ] [ INFO ] Updating bond lists
2026-04-23 20:50:38,843 [ genlib ] [ INFO ] Updating dihedrals
2026-04-23 20:50:38,843 [ genlib ] [ INFO ] Updating impropers
2026-04-23 20:50:38,843 [ genlib ] [ INFO ] Building library files for CYS --> LYS mutant
2026-04-23 20:50:38,844 [ genlib ] [ INFO ] reading rtp file "aminoacids.rtp"
2026-04-23 20:50:38,869 [ genlib ] [ INFO ] ENTERED SIMPLE
2026-04-23 20:50:38,869 [ genlib ] [ INFO ] Making atom pairs
2026-04-23 20:50:38,869 [ genlib ] [ INFO ] Searching branch 1
2026-04-23 20:50:38,869 [ genlib ] [ INFO ] Searching order 2
2026-04-23 20:50:38,869 [ genlib ] [ INFO ] Checking atom 1HB
2026-04-23 20:50:38,869 [ genlib ] [ INFO ] Define atom pair: CYS|1HB|H1|H         - > LYS|1HB|HC|H         (d = 0.09 A)
2026-04-23 20:50:38,869 [ genlib ] [ INFO ] Checking atom 2HB
2026-04-23 20:50:38,869 [ genlib ] [ INFO ] Define atom pair: CYS|2HB|H1|H         - > LYS|2HB|HC|H         (d = 0.07 A)
2026-04-23 20:50:38,869 [ genlib ] [ INFO ] Checking atom SG
2026-04-23 20:50:38,869 [ genlib ] [ INFO ] Define atom pair: CYS|SG|SH|S.3        - > LYS|CG|CT|C.3        (d = 0.33 A)
2026-04-23 20:50:38,869 [ genlib ] [ INFO ] Searching order 3
2026-04-23 20:50:38,869 [ genlib ] [ INFO ] Checking atom HG
2026-04-23 20:50:38,869 [ genlib ] [ INFO ] Define atom pair: CYS|HG|HS|H          - > LYS|CD|CT|C.3        (d = 0.28 A)
2026-04-23 20:50:38,869 [ genlib ] [ INFO ] Searching order 4
2026-04-23 20:50:38,869 [ genlib ] [ INFO ] Searching order 5
2026-04-23 20:50:38,869 [ genlib ] [ INFO ] Searching order 6
2026-04-23 20:50:38,869 [ genlib ] [ INFO ] Searching order 7
2026-04-23 20:50:38,869 [ genlib ] [ INFO ] Searching branch 2
2026-04-23 20:50:38,869 [ genlib ] [ INFO ] Searching order 2
2026-04-23 20:50:38,869 [ genlib ] [ INFO ] Searching order 3
2026-04-23 20:50:38,869 [ genlib ] [ INFO ] Searching order 4
2026-04-23 20:50:38,869 [ genlib ] [ INFO ] Searching order 5
2026-04-23 20:50:38,869 [ genlib ] [ INFO ] Searching order 6
2026-04-23 20:50:38,869 [ genlib ] [ INFO ] Searching order 7
2026-04-23 20:50:38,874 [ genlib ] [ INFO ] Updating bond lists
2026-04-23 20:50:38,874 [ genlib ] [ INFO ] Updating dihedrals
2026-04-23 20:50:38,874 [ genlib ] [ INFO ] Updating impropers
2026-04-23 20:50:38,875 [ genlib ] [ INFO ] Building library files for CYS --> MET mutant
2026-04-23 20:50:38,875 [ genlib ] [ INFO ] reading rtp file "aminoacids.rtp"
2026-04-23 20:50:38,901 [ genlib ] [ INFO ] ENTERED SIMPLE
2026-04-23 20:50:38,901 [ genlib ] [ INFO ] Making atom pairs
2026-04-23 20:50:38,901 [ genlib ] [ INFO ] Searching branch 1
2026-04-23 20:50:38,901 [ genlib ] [ INFO ] Searching order 2
2026-04-23 20:50:38,901 [ genlib ] [ INFO ] Checking atom 1HB
2026-04-23 20:50:38,901 [ genlib ] [ INFO ] Define atom pair: CYS|1HB|H1|H         - > MET|1HB|HC|H         (d = 0.04 A)
2026-04-23 20:50:38,901 [ genlib ] [ INFO ] Checking atom 2HB
2026-04-23 20:50:38,901 [ genlib ] [ INFO ] Define atom pair: CYS|2HB|H1|H         - > MET|2HB|HC|H         (d = 0.06 A)
2026-04-23 20:50:38,901 [ genlib ] [ INFO ] Checking atom SG
2026-04-23 20:50:38,901 [ genlib ] [ INFO ] Define atom pair: CYS|SG|SH|S.3        - > MET|CG|CT|C.3        (d = 0.26 A)
2026-04-23 20:50:38,901 [ genlib ] [ INFO ] Searching order 3
2026-04-23 20:50:38,901 [ genlib ] [ INFO ] Checking atom HG
2026-04-23 20:50:38,901 [ genlib ] [ INFO ] Define atom pair: CYS|HG|HS|H          - > MET|SD|S|S.3         (d = 0.48 A)
2026-04-23 20:50:38,901 [ genlib ] [ INFO ] Searching order 4
2026-04-23 20:50:38,901 [ genlib ] [ INFO ] Searching order 5
2026-04-23 20:50:38,901 [ genlib ] [ INFO ] Searching order 6
2026-04-23 20:50:38,901 [ genlib ] [ INFO ] Searching order 7
2026-04-23 20:50:38,901 [ genlib ] [ INFO ] Searching branch 2
2026-04-23 20:50:38,901 [ genlib ] [ INFO ] Searching order 2
2026-04-23 20:50:38,901 [ genlib ] [ INFO ] Searching order 3
2026-04-23 20:50:38,901 [ genlib ] [ INFO ] Searching order 4
2026-04-23 20:50:38,901 [ genlib ] [ INFO ] Searching order 5
2026-04-23 20:50:38,901 [ genlib ] [ INFO ] Searching order 6
2026-04-23 20:50:38,901 [ genlib ] [ INFO ] Searching order 7
2026-04-23 20:50:38,903 [ genlib ] [ INFO ] Updating bond lists
2026-04-23 20:50:38,903 [ genlib ] [ INFO ] Updating dihedrals
2026-04-23 20:50:38,903 [ genlib ] [ INFO ] Updating impropers
2026-04-23 20:50:38,904 [ genlib ] [ INFO ] Building library files for CYS --> PHE mutant
2026-04-23 20:50:38,904 [ genlib ] [ INFO ] reading rtp file "aminoacids.rtp"
2026-04-23 20:50:38,930 [ genlib ] [ INFO ] ENTERED RINGS
2026-04-23 20:50:38,930 [ genlib ] [ INFO ] Making atom pairs
2026-04-23 20:50:38,934 [ genlib ] [ INFO ] Updating bond lists
2026-04-23 20:50:38,934 [ genlib ] [ INFO ] Updating dihedrals
2026-04-23 20:50:38,934 [ genlib ] [ INFO ] Updating impropers
2026-04-23 20:50:38,934 [ genlib ] [ INFO ] Building library files for CYS --> PRO mutant
2026-04-23 20:50:38,935 [ genlib ] [ INFO ] reading rtp file "aminoacids.rtp"
2026-04-23 20:50:38,962 [ genlib ] [ INFO ] ENTERED P
2026-04-23 20:50:38,962 [ genlib ] [ INFO ] Making atom pairs
2026-04-23 20:50:38,990 [ genlib ] [ INFO ] Updating bond lists
2026-04-23 20:50:38,990 [ genlib ] [ INFO ] Updating dihedrals
2026-04-23 20:50:38,990 [ genlib ] [ INFO ] Updating impropers
2026-04-23 20:50:38,990 [ genlib ] [ WARNING ] undefined
2026-04-23 20:50:38,990 [ genlib ] [ INFO ] Building library files for CYS --> SER mutant
2026-04-23 20:50:38,991 [ genlib ] [ INFO ] reading rtp file "aminoacids.rtp"
2026-04-23 20:50:39,018 [ genlib ] [ INFO ] ENTERED SIMPLE
2026-04-23 20:50:39,018 [ genlib ] [ INFO ] Making atom pairs
2026-04-23 20:50:39,018 [ genlib ] [ INFO ] Searching branch 1
2026-04-23 20:50:39,018 [ genlib ] [ INFO ] Searching order 2
2026-04-23 20:50:39,018 [ genlib ] [ INFO ] Checking atom 1HB
2026-04-23 20:50:39,018 [ genlib ] [ INFO ] Define atom pair: CYS|1HB|H1|H         - > SER|1HB|H1|H         (d = 0.09 A)
2026-04-23 20:50:39,018 [ genlib ] [ INFO ] Checking atom 2HB
2026-04-23 20:50:39,018 [ genlib ] [ INFO ] Define atom pair: CYS|2HB|H1|H         - > SER|2HB|H1|H         (d = 0.10 A)
2026-04-23 20:50:39,018 [ genlib ] [ INFO ] Checking atom SG
2026-04-23 20:50:39,018 [ genlib ] [ INFO ] Define atom pair: CYS|SG|SH|S.3        - > SER|OG|OH|O.3        (d = 0.37 A)
2026-04-23 20:50:39,018 [ genlib ] [ INFO ] Searching order 3
2026-04-23 20:50:39,019 [ genlib ] [ INFO ] Checking atom HG
2026-04-23 20:50:39,019 [ genlib ] [ INFO ] Define atom pair: CYS|HG|HS|H          - > SER|HG|HO|H          (d = 0.45 A)
2026-04-23 20:50:39,019 [ genlib ] [ INFO ] Searching order 4
2026-04-23 20:50:39,019 [ genlib ] [ INFO ] Searching order 5
2026-04-23 20:50:39,019 [ genlib ] [ INFO ] Searching order 6
2026-04-23 20:50:39,019 [ genlib ] [ INFO ] Searching order 7
2026-04-23 20:50:39,019 [ genlib ] [ INFO ] Searching branch 2
2026-04-23 20:50:39,019 [ genlib ] [ INFO ] Searching order 2
2026-04-23 20:50:39,019 [ genlib ] [ INFO ] Searching order 3
2026-04-23 20:50:39,019 [ genlib ] [ INFO ] Searching order 4
2026-04-23 20:50:39,019 [ genlib ] [ INFO ] Searching order 5
2026-04-23 20:50:39,019 [ genlib ] [ INFO ] Searching order 6
2026-04-23 20:50:39,019 [ genlib ] [ INFO ] Searching order 7
2026-04-23 20:50:39,019 [ genlib ] [ INFO ] Updating bond lists
2026-04-23 20:50:39,019 [ genlib ] [ INFO ] Updating dihedrals
2026-04-23 20:50:39,019 [ genlib ] [ INFO ] Updating impropers
2026-04-23 20:50:39,020 [ genlib ] [ INFO ] Building library files for CYS --> THR mutant
2026-04-23 20:50:39,020 [ genlib ] [ INFO ] reading rtp file "aminoacids.rtp"
2026-04-23 20:50:39,048 [ genlib ] [ INFO ] ENTERED SIMPLE
2026-04-23 20:50:39,048 [ genlib ] [ INFO ] Making atom pairs
2026-04-23 20:50:39,048 [ genlib ] [ INFO ] Searching branch 1
2026-04-23 20:50:39,048 [ genlib ] [ INFO ] Searching order 2
2026-04-23 20:50:39,048 [ genlib ] [ INFO ] Checking atom 1HB
2026-04-23 20:50:39,048 [ genlib ] [ INFO ] Define atom pair: CYS|1HB|H1|H         - > THR|HB|H1|H          (d = 0.06 A)
2026-04-23 20:50:39,048 [ genlib ] [ INFO ] Checking atom 2HB
2026-04-23 20:50:39,048 [ genlib ] [ INFO ] Define atom pair: CYS|2HB|H1|H         - > THR|CG2|CT|C.3       (d = 0.45 A)
2026-04-23 20:50:39,048 [ genlib ] [ INFO ] Checking atom SG
2026-04-23 20:50:39,048 [ genlib ] [ INFO ] Define atom pair: CYS|SG|SH|S.3        - > THR|OG1|OH|O.3       (d = 0.40 A)
2026-04-23 20:50:39,048 [ genlib ] [ INFO ] Searching order 3
2026-04-23 20:50:39,048 [ genlib ] [ INFO ] Checking atom HG
2026-04-23 20:50:39,048 [ genlib ] [ INFO ] Define atom pair: CYS|HG|HS|H          - > THR|HG1|HO|H         (d = 0.44 A)
2026-04-23 20:50:39,048 [ genlib ] [ INFO ] Searching order 4
2026-04-23 20:50:39,048 [ genlib ] [ INFO ] Searching order 5
2026-04-23 20:50:39,048 [ genlib ] [ INFO ] Searching order 6
2026-04-23 20:50:39,048 [ genlib ] [ INFO ] Searching order 7
2026-04-23 20:50:39,048 [ genlib ] [ INFO ] Searching branch 2
2026-04-23 20:50:39,048 [ genlib ] [ INFO ] Searching order 2
2026-04-23 20:50:39,048 [ genlib ] [ INFO ] Searching order 3
2026-04-23 20:50:39,048 [ genlib ] [ INFO ] Searching order 4
2026-04-23 20:50:39,048 [ genlib ] [ INFO ] Searching order 5
2026-04-23 20:50:39,048 [ genlib ] [ INFO ] Searching order 6
2026-04-23 20:50:39,048 [ genlib ] [ INFO ] Searching order 7
2026-04-23 20:50:39,049 [ genlib ] [ INFO ] Updating bond lists
2026-04-23 20:50:39,049 [ genlib ] [ INFO ] Updating dihedrals
2026-04-23 20:50:39,049 [ genlib ] [ INFO ] Updating impropers
2026-04-23 20:50:39,050 [ genlib ] [ INFO ] Building library files for CYS --> TRP mutant
2026-04-23 20:50:39,051 [ genlib ] [ INFO ] reading rtp file "aminoacids.rtp"
2026-04-23 20:50:39,079 [ genlib ] [ INFO ] ENTERED RINGS
2026-04-23 20:50:39,079 [ genlib ] [ INFO ] Making atom pairs
2026-04-23 20:50:39,086 [ genlib ] [ INFO ] Updating bond lists
2026-04-23 20:50:39,087 [ genlib ] [ INFO ] Updating dihedrals
2026-04-23 20:50:39,087 [ genlib ] [ INFO ] Updating impropers
2026-04-23 20:50:39,087 [ genlib ] [ INFO ] Building library files for CYS --> TYR mutant
2026-04-23 20:50:39,088 [ genlib ] [ INFO ] reading rtp file "aminoacids.rtp"
2026-04-23 20:50:39,114 [ genlib ] [ INFO ] ENTERED RINGS
2026-04-23 20:50:39,114 [ genlib ] [ INFO ] Making atom pairs
2026-04-23 20:50:39,118 [ genlib ] [ INFO ] Updating bond lists
2026-04-23 20:50:39,118 [ genlib ] [ INFO ] Updating dihedrals
2026-04-23 20:50:39,118 [ genlib ] [ INFO ] Updating impropers
2026-04-23 20:50:39,119 [ genlib ] [ INFO ] Building library files for CYS --> VAL mutant
2026-04-23 20:50:39,120 [ genlib ] [ INFO ] reading rtp file "aminoacids.rtp"
2026-04-23 20:50:39,145 [ genlib ] [ INFO ] ENTERED SIMPLE
2026-04-23 20:50:39,145 [ genlib ] [ INFO ] Making atom pairs
2026-04-23 20:50:39,145 [ genlib ] [ INFO ] Searching branch 1
2026-04-23 20:50:39,145 [ genlib ] [ INFO ] Searching order 2
2026-04-23 20:50:39,145 [ genlib ] [ INFO ] Checking atom 1HB
2026-04-23 20:50:39,145 [ genlib ] [ INFO ] Define atom pair: CYS|1HB|H1|H         - > VAL|HB|HC|H          (d = 0.18 A)
2026-04-23 20:50:39,145 [ genlib ] [ INFO ] Checking atom 2HB
2026-04-23 20:50:39,145 [ genlib ] [ INFO ] Define atom pair: CYS|2HB|H1|H         - > VAL|CG1|CT|C.3       (d = 0.43 A)
2026-04-23 20:50:39,145 [ genlib ] [ INFO ] Checking atom SG
2026-04-23 20:50:39,145 [ genlib ] [ INFO ] Define atom pair: CYS|SG|SH|S.3        - > VAL|CG2|CT|C.3       (d = 0.26 A)
2026-04-23 20:50:39,145 [ genlib ] [ INFO ] Searching order 3
2026-04-23 20:50:39,145 [ genlib ] [ INFO ] Checking atom HG
2026-04-23 20:50:39,145 [ genlib ] [ INFO ] Define atom pair: CYS|HG|HS|H          - > VAL|1HG2|HC|H        (d = 0.24 A)
2026-04-23 20:50:39,145 [ genlib ] [ INFO ] Searching order 4
2026-04-23 20:50:39,145 [ genlib ] [ INFO ] Searching order 5
2026-04-23 20:50:39,145 [ genlib ] [ INFO ] Searching order 6
2026-04-23 20:50:39,145 [ genlib ] [ INFO ] Searching order 7
2026-04-23 20:50:39,145 [ genlib ] [ INFO ] Searching branch 2
2026-04-23 20:50:39,145 [ genlib ] [ INFO ] Searching order 2
2026-04-23 20:50:39,145 [ genlib ] [ INFO ] Searching order 3
2026-04-23 20:50:39,145 [ genlib ] [ INFO ] Searching order 4
2026-04-23 20:50:39,145 [ genlib ] [ INFO ] Searching order 5
2026-04-23 20:50:39,145 [ genlib ] [ INFO ] Searching order 6
2026-04-23 20:50:39,145 [ genlib ] [ INFO ] Searching order 7
2026-04-23 20:50:39,148 [ genlib ] [ INFO ] Updating bond lists
2026-04-23 20:50:39,148 [ genlib ] [ INFO ] Updating dihedrals
2026-04-23 20:50:39,148 [ genlib ] [ INFO ] Updating impropers
2026-04-23 20:50:39,148 [ genlib ] [ INFO ] Building library files for GLH --> ALA mutant
2026-04-23 20:50:39,149 [ genlib ] [ INFO ] reading rtp file "aminoacids.rtp"
2026-04-23 20:50:39,174 [ genlib ] [ INFO ] ENTERED SIMPLE
2026-04-23 20:50:39,174 [ genlib ] [ INFO ] Making atom pairs
2026-04-23 20:50:39,174 [ genlib ] [ INFO ] Searching branch 1
2026-04-23 20:50:39,174 [ genlib ] [ INFO ] Searching order 2
2026-04-23 20:50:39,174 [ genlib ] [ INFO ] Checking atom 1HB
2026-04-23 20:50:39,174 [ genlib ] [ INFO ] Define atom pair: GLH|1HB|HC|H         - > ALA|2HB|HC|H         (d = 0.20 A)
2026-04-23 20:50:39,174 [ genlib ] [ INFO ] Checking atom 2HB
2026-04-23 20:50:39,174 [ genlib ] [ INFO ] Define atom pair: GLH|2HB|HC|H         - > ALA|3HB|HC|H         (d = 0.17 A)
2026-04-23 20:50:39,174 [ genlib ] [ INFO ] Checking atom CG
2026-04-23 20:50:39,174 [ genlib ] [ INFO ] No partner found for atom CG
2026-04-23 20:50:39,174 [ genlib ] [ INFO ] Searching order 3
2026-04-23 20:50:39,174 [ genlib ] [ INFO ] Searching order 4
2026-04-23 20:50:39,174 [ genlib ] [ INFO ] Searching order 5
2026-04-23 20:50:39,174 [ genlib ] [ INFO ] Searching order 6
2026-04-23 20:50:39,174 [ genlib ] [ INFO ] Searching order 7
2026-04-23 20:50:39,174 [ genlib ] [ INFO ] Searching branch 2
2026-04-23 20:50:39,174 [ genlib ] [ INFO ] Searching order 2
2026-04-23 20:50:39,174 [ genlib ] [ INFO ] Checking atom CG
2026-04-23 20:50:39,174 [ genlib ] [ INFO ] No partner found for atom CG
2026-04-23 20:50:39,174 [ genlib ] [ INFO ] Searching order 3
2026-04-23 20:50:39,174 [ genlib ] [ INFO ] Searching order 4
2026-04-23 20:50:39,174 [ genlib ] [ INFO ] Searching order 5
2026-04-23 20:50:39,174 [ genlib ] [ INFO ] Searching order 6
2026-04-23 20:50:39,174 [ genlib ] [ INFO ] Searching order 7
2026-04-23 20:50:39,175 [ genlib ] [ INFO ] Updating bond lists
2026-04-23 20:50:39,175 [ genlib ] [ INFO ] Updating dihedrals
2026-04-23 20:50:39,175 [ genlib ] [ INFO ] Updating impropers
2026-04-23 20:50:39,175 [ genlib ] [ INFO ] Building library files for GLH --> ARG mutant
2026-04-23 20:50:39,176 [ genlib ] [ INFO ] reading rtp file "aminoacids.rtp"
2026-04-23 20:50:39,201 [ genlib ] [ INFO ] ENTERED SIMPLE
2026-04-23 20:50:39,202 [ genlib ] [ INFO ] Making atom pairs
2026-04-23 20:50:39,202 [ genlib ] [ INFO ] Searching branch 1
2026-04-23 20:50:39,202 [ genlib ] [ INFO ] Searching order 2
2026-04-23 20:50:39,202 [ genlib ] [ INFO ] Checking atom 1HB
2026-04-23 20:50:39,202 [ genlib ] [ INFO ] Define atom pair: GLH|1HB|HC|H         - > ARG|1HB|HC|H         (d = 0.25 A)
2026-04-23 20:50:39,202 [ genlib ] [ INFO ] Checking atom 2HB
2026-04-23 20:50:39,202 [ genlib ] [ INFO ] Define atom pair: GLH|2HB|HC|H         - > ARG|2HB|HC|H         (d = 0.22 A)
2026-04-23 20:50:39,202 [ genlib ] [ INFO ] Checking atom CG
2026-04-23 20:50:39,202 [ genlib ] [ INFO ] Define atom pair: GLH|CG|CT|C.3        - > ARG|CG|CT|C.3        (d = 0.22 A)
2026-04-23 20:50:39,202 [ genlib ] [ INFO ] Searching order 3
2026-04-23 20:50:39,202 [ genlib ] [ INFO ] Checking atom 1HG
2026-04-23 20:50:39,202 [ genlib ] [ INFO ] Define atom pair: GLH|1HG|HC|H         - > ARG|1HG|HC|H         (d = 0.23 A)
2026-04-23 20:50:39,202 [ genlib ] [ INFO ] Checking atom 2HG
2026-04-23 20:50:39,202 [ genlib ] [ INFO ] Define atom pair: GLH|2HG|HC|H         - > ARG|2HG|HC|H         (d = 0.34 A)
2026-04-23 20:50:39,202 [ genlib ] [ INFO ] Checking atom CD
2026-04-23 20:50:39,202 [ genlib ] [ INFO ] Define atom pair: GLH|CD|C|C.2         - > ARG|CD|CT|C.3        (d = 0.24 A)
2026-04-23 20:50:39,202 [ genlib ] [ INFO ] Searching order 4
2026-04-23 20:50:39,202 [ genlib ] [ INFO ] Checking atom OE1
2026-04-23 20:50:39,202 [ genlib ] [ INFO ] Define atom pair: GLH|OE1|O|O.co2      - > ARG|NE|N2|N.pl3      (d = 0.43 A)
2026-04-23 20:50:39,202 [ genlib ] [ INFO ] Checking atom OE2
2026-04-23 20:50:39,202 [ genlib ] [ INFO ] No partner found for atom OE2
2026-04-23 20:50:39,202 [ genlib ] [ INFO ] Searching order 5
2026-04-23 20:50:39,202 [ genlib ] [ INFO ] Searching order 6
2026-04-23 20:50:39,202 [ genlib ] [ INFO ] Searching order 7
2026-04-23 20:50:39,202 [ genlib ] [ INFO ] Searching branch 2
2026-04-23 20:50:39,202 [ genlib ] [ INFO ] Searching order 2
2026-04-23 20:50:39,202 [ genlib ] [ INFO ] Searching order 3
2026-04-23 20:50:39,202 [ genlib ] [ INFO ] Searching order 4
2026-04-23 20:50:39,202 [ genlib ] [ INFO ] Checking atom OE2
2026-04-23 20:50:39,202 [ genlib ] [ INFO ] No partner found for atom OE2
2026-04-23 20:50:39,202 [ genlib ] [ INFO ] Searching order 5
2026-04-23 20:50:39,202 [ genlib ] [ INFO ] Searching order 6
2026-04-23 20:50:39,202 [ genlib ] [ INFO ] Searching order 7
2026-04-23 20:50:39,206 [ genlib ] [ INFO ] Updating bond lists
2026-04-23 20:50:39,207 [ genlib ] [ INFO ] Updating dihedrals
2026-04-23 20:50:39,207 [ genlib ] [ INFO ] Updating impropers
2026-04-23 20:50:39,207 [ genlib ] [ INFO ] Building library files for GLH --> ASH mutant
2026-04-23 20:50:39,208 [ genlib ] [ INFO ] reading rtp file "aminoacids.rtp"
2026-04-23 20:50:39,233 [ genlib ] [ INFO ] ENTERED SIMPLE
2026-04-23 20:50:39,233 [ genlib ] [ INFO ] Making atom pairs
2026-04-23 20:50:39,233 [ genlib ] [ INFO ] Searching branch 1
2026-04-23 20:50:39,233 [ genlib ] [ INFO ] Searching order 2
2026-04-23 20:50:39,233 [ genlib ] [ INFO ] Checking atom 1HB
2026-04-23 20:50:39,233 [ genlib ] [ INFO ] Define atom pair: GLH|1HB|HC|H         - > ASH|1HB|HC|H         (d = 0.09 A)
2026-04-23 20:50:39,233 [ genlib ] [ INFO ] Checking atom 2HB
2026-04-23 20:50:39,233 [ genlib ] [ INFO ] Define atom pair: GLH|2HB|HC|H         - > ASH|2HB|HC|H         (d = 0.07 A)
2026-04-23 20:50:39,233 [ genlib ] [ INFO ] Checking atom CG
2026-04-23 20:50:39,233 [ genlib ] [ INFO ] Define atom pair: GLH|CG|CT|C.3        - > ASH|CG|C|C.2         (d = 0.08 A)
2026-04-23 20:50:39,233 [ genlib ] [ INFO ] Searching order 3
2026-04-23 20:50:39,233 [ genlib ] [ INFO ] Checking atom 1HG
2026-04-23 20:50:39,233 [ genlib ] [ INFO ] No partner found for atom 1HG
2026-04-23 20:50:39,233 [ genlib ] [ INFO ] Checking atom 2HG
2026-04-23 20:50:39,233 [ genlib ] [ INFO ] No partner found for atom 2HG
2026-04-23 20:50:39,233 [ genlib ] [ INFO ] Checking atom CD
2026-04-23 20:50:39,233 [ genlib ] [ INFO ] Define atom pair: GLH|CD|C|C.2         - > ASH|OD1|O|O.co2      (d = 0.31 A)
2026-04-23 20:50:39,233 [ genlib ] [ INFO ] Searching order 4
2026-04-23 20:50:39,233 [ genlib ] [ INFO ] Checking atom OE1
2026-04-23 20:50:39,233 [ genlib ] [ INFO ] No partner found for atom OE1
2026-04-23 20:50:39,233 [ genlib ] [ INFO ] Checking atom OE2
2026-04-23 20:50:39,233 [ genlib ] [ INFO ] No partner found for atom OE2
2026-04-23 20:50:39,233 [ genlib ] [ INFO ] Searching order 5
2026-04-23 20:50:39,233 [ genlib ] [ INFO ] Searching order 6
2026-04-23 20:50:39,233 [ genlib ] [ INFO ] Searching order 7
2026-04-23 20:50:39,233 [ genlib ] [ INFO ] Searching branch 2
2026-04-23 20:50:39,233 [ genlib ] [ INFO ] Searching order 2
2026-04-23 20:50:39,234 [ genlib ] [ INFO ] Searching order 3
2026-04-23 20:50:39,234 [ genlib ] [ INFO ] Checking atom 1HG
2026-04-23 20:50:39,234 [ genlib ] [ INFO ] No partner found for atom 1HG
2026-04-23 20:50:39,234 [ genlib ] [ INFO ] Checking atom 2HG
2026-04-23 20:50:39,234 [ genlib ] [ INFO ] No partner found for atom 2HG
2026-04-23 20:50:39,234 [ genlib ] [ INFO ] Searching order 4
2026-04-23 20:50:39,234 [ genlib ] [ INFO ] Checking atom OE1
2026-04-23 20:50:39,234 [ genlib ] [ INFO ] No partner found for atom OE1
2026-04-23 20:50:39,234 [ genlib ] [ INFO ] Checking atom OE2
2026-04-23 20:50:39,234 [ genlib ] [ INFO ] No partner found for atom OE2
2026-04-23 20:50:39,234 [ genlib ] [ INFO ] Searching order 5
2026-04-23 20:50:39,234 [ genlib ] [ INFO ] Searching order 6
2026-04-23 20:50:39,234 [ genlib ] [ INFO ] Searching order 7
2026-04-23 20:50:39,234 [ genlib ] [ INFO ] Updating bond lists
2026-04-23 20:50:39,234 [ genlib ] [ INFO ] Updating dihedrals
2026-04-23 20:50:39,234 [ genlib ] [ INFO ] Updating impropers
2026-04-23 20:50:39,235 [ genlib ] [ INFO ] Building library files for GLH --> ASN mutant
2026-04-23 20:50:39,235 [ genlib ] [ INFO ] reading rtp file "aminoacids.rtp"
2026-04-23 20:50:39,261 [ genlib ] [ INFO ] ENTERED SIMPLE
2026-04-23 20:50:39,261 [ genlib ] [ INFO ] Making atom pairs
2026-04-23 20:50:39,261 [ genlib ] [ INFO ] Searching branch 1
2026-04-23 20:50:39,261 [ genlib ] [ INFO ] Searching order 2
2026-04-23 20:50:39,261 [ genlib ] [ INFO ] Checking atom 1HB
2026-04-23 20:50:39,261 [ genlib ] [ INFO ] Define atom pair: GLH|1HB|HC|H         - > ASN|1HB|HC|H         (d = 0.20 A)
2026-04-23 20:50:39,261 [ genlib ] [ INFO ] Checking atom 2HB
2026-04-23 20:50:39,261 [ genlib ] [ INFO ] Define atom pair: GLH|2HB|HC|H         - > ASN|2HB|HC|H         (d = 0.19 A)
2026-04-23 20:50:39,261 [ genlib ] [ INFO ] Checking atom CG
2026-04-23 20:50:39,261 [ genlib ] [ INFO ] Define atom pair: GLH|CG|CT|C.3        - > ASN|CG|C|C.2         (d = 0.12 A)
2026-04-23 20:50:39,261 [ genlib ] [ INFO ] Searching order 3
2026-04-23 20:50:39,261 [ genlib ] [ INFO ] Checking atom 1HG
2026-04-23 20:50:39,261 [ genlib ] [ INFO ] No partner found for atom 1HG
2026-04-23 20:50:39,261 [ genlib ] [ INFO ] Checking atom 2HG
2026-04-23 20:50:39,261 [ genlib ] [ INFO ] No partner found for atom 2HG
2026-04-23 20:50:39,261 [ genlib ] [ INFO ] Checking atom CD
2026-04-23 20:50:39,261 [ genlib ] [ INFO ] Define atom pair: GLH|CD|C|C.2         - > ASN|OD1|O|O.2        (d = 0.32 A)
2026-04-23 20:50:39,261 [ genlib ] [ INFO ] Searching order 4
2026-04-23 20:50:39,261 [ genlib ] [ INFO ] Checking atom OE1
2026-04-23 20:50:39,261 [ genlib ] [ INFO ] No partner found for atom OE1
2026-04-23 20:50:39,261 [ genlib ] [ INFO ] Checking atom OE2
2026-04-23 20:50:39,261 [ genlib ] [ INFO ] No partner found for atom OE2
2026-04-23 20:50:39,261 [ genlib ] [ INFO ] Searching order 5
2026-04-23 20:50:39,261 [ genlib ] [ INFO ] Searching order 6
2026-04-23 20:50:39,261 [ genlib ] [ INFO ] Searching order 7
2026-04-23 20:50:39,261 [ genlib ] [ INFO ] Searching branch 2
2026-04-23 20:50:39,261 [ genlib ] [ INFO ] Searching order 2
2026-04-23 20:50:39,261 [ genlib ] [ INFO ] Searching order 3
2026-04-23 20:50:39,261 [ genlib ] [ INFO ] Checking atom 1HG
2026-04-23 20:50:39,261 [ genlib ] [ INFO ] No partner found for atom 1HG
2026-04-23 20:50:39,261 [ genlib ] [ INFO ] Checking atom 2HG
2026-04-23 20:50:39,261 [ genlib ] [ INFO ] No partner found for atom 2HG
2026-04-23 20:50:39,261 [ genlib ] [ INFO ] Searching order 4
2026-04-23 20:50:39,261 [ genlib ] [ INFO ] Checking atom OE1
2026-04-23 20:50:39,261 [ genlib ] [ INFO ] No partner found for atom OE1
2026-04-23 20:50:39,261 [ genlib ] [ INFO ] Checking atom OE2
2026-04-23 20:50:39,261 [ genlib ] [ INFO ] No partner found for atom OE2
2026-04-23 20:50:39,261 [ genlib ] [ INFO ] Searching order 5
2026-04-23 20:50:39,261 [ genlib ] [ INFO ] Searching order 6
2026-04-23 20:50:39,261 [ genlib ] [ INFO ] Searching order 7
2026-04-23 20:50:39,262 [ genlib ] [ INFO ] Updating bond lists
2026-04-23 20:50:39,262 [ genlib ] [ INFO ] Updating dihedrals
2026-04-23 20:50:39,262 [ genlib ] [ INFO ] Updating impropers
2026-04-23 20:50:39,263 [ genlib ] [ INFO ] Building library files for GLH --> ASP mutant
2026-04-23 20:50:39,263 [ genlib ] [ INFO ] reading rtp file "aminoacids.rtp"
2026-04-23 20:50:39,289 [ genlib ] [ INFO ] ENTERED SIMPLE
2026-04-23 20:50:39,289 [ genlib ] [ INFO ] Making atom pairs
2026-04-23 20:50:39,289 [ genlib ] [ INFO ] Searching branch 1
2026-04-23 20:50:39,289 [ genlib ] [ INFO ] Searching order 2
2026-04-23 20:50:39,289 [ genlib ] [ INFO ] Checking atom 1HB
2026-04-23 20:50:39,289 [ genlib ] [ INFO ] Define atom pair: GLH|1HB|HC|H         - > ASP|1HB|HC|H         (d = 0.16 A)
2026-04-23 20:50:39,289 [ genlib ] [ INFO ] Checking atom 2HB
2026-04-23 20:50:39,289 [ genlib ] [ INFO ] Define atom pair: GLH|2HB|HC|H         - > ASP|2HB|HC|H         (d = 0.15 A)
2026-04-23 20:50:39,289 [ genlib ] [ INFO ] Checking atom CG
2026-04-23 20:50:39,289 [ genlib ] [ INFO ] Define atom pair: GLH|CG|CT|C.3        - > ASP|CG|C|C.2         (d = 0.08 A)
2026-04-23 20:50:39,289 [ genlib ] [ INFO ] Searching order 3
2026-04-23 20:50:39,289 [ genlib ] [ INFO ] Checking atom 1HG
2026-04-23 20:50:39,289 [ genlib ] [ INFO ] No partner found for atom 1HG
2026-04-23 20:50:39,289 [ genlib ] [ INFO ] Checking atom 2HG
2026-04-23 20:50:39,289 [ genlib ] [ INFO ] No partner found for atom 2HG
2026-04-23 20:50:39,289 [ genlib ] [ INFO ] Checking atom CD
2026-04-23 20:50:39,289 [ genlib ] [ INFO ] Define atom pair: GLH|CD|C|C.2         - > ASP|OD1|O2|O.co2     (d = 0.31 A)
2026-04-23 20:50:39,289 [ genlib ] [ INFO ] Searching order 4
2026-04-23 20:50:39,289 [ genlib ] [ INFO ] Checking atom OE1
2026-04-23 20:50:39,289 [ genlib ] [ INFO ] No partner found for atom OE1
2026-04-23 20:50:39,289 [ genlib ] [ INFO ] Checking atom OE2
2026-04-23 20:50:39,289 [ genlib ] [ INFO ] No partner found for atom OE2
2026-04-23 20:50:39,289 [ genlib ] [ INFO ] Searching order 5
2026-04-23 20:50:39,289 [ genlib ] [ INFO ] Searching order 6
2026-04-23 20:50:39,289 [ genlib ] [ INFO ] Searching order 7
2026-04-23 20:50:39,289 [ genlib ] [ INFO ] Searching branch 2
2026-04-23 20:50:39,289 [ genlib ] [ INFO ] Searching order 2
2026-04-23 20:50:39,289 [ genlib ] [ INFO ] Searching order 3
2026-04-23 20:50:39,289 [ genlib ] [ INFO ] Checking atom 1HG
2026-04-23 20:50:39,289 [ genlib ] [ INFO ] No partner found for atom 1HG
2026-04-23 20:50:39,289 [ genlib ] [ INFO ] Checking atom 2HG
2026-04-23 20:50:39,289 [ genlib ] [ INFO ] No partner found for atom 2HG
2026-04-23 20:50:39,289 [ genlib ] [ INFO ] Searching order 4
2026-04-23 20:50:39,289 [ genlib ] [ INFO ] Checking atom OE1
2026-04-23 20:50:39,289 [ genlib ] [ INFO ] No partner found for atom OE1
2026-04-23 20:50:39,289 [ genlib ] [ INFO ] Checking atom OE2
2026-04-23 20:50:39,289 [ genlib ] [ INFO ] No partner found for atom OE2
2026-04-23 20:50:39,289 [ genlib ] [ INFO ] Searching order 5
2026-04-23 20:50:39,289 [ genlib ] [ INFO ] Searching order 6
2026-04-23 20:50:39,289 [ genlib ] [ INFO ] Searching order 7
2026-04-23 20:50:39,290 [ genlib ] [ INFO ] Updating bond lists
2026-04-23 20:50:39,290 [ genlib ] [ INFO ] Updating dihedrals
2026-04-23 20:50:39,290 [ genlib ] [ INFO ] Updating impropers
2026-04-23 20:50:39,290 [ genlib ] [ INFO ] Building library files for GLH --> CYS mutant
2026-04-23 20:50:39,291 [ genlib ] [ INFO ] reading rtp file "aminoacids.rtp"
2026-04-23 20:50:39,317 [ genlib ] [ INFO ] ENTERED SIMPLE
2026-04-23 20:50:39,317 [ genlib ] [ INFO ] Making atom pairs
2026-04-23 20:50:39,317 [ genlib ] [ INFO ] Searching branch 1
2026-04-23 20:50:39,317 [ genlib ] [ INFO ] Searching order 2
2026-04-23 20:50:39,317 [ genlib ] [ INFO ] Checking atom 1HB
2026-04-23 20:50:39,317 [ genlib ] [ INFO ] Define atom pair: GLH|1HB|HC|H         - > CYS|1HB|H1|H         (d = 0.19 A)
2026-04-23 20:50:39,317 [ genlib ] [ INFO ] Checking atom 2HB
2026-04-23 20:50:39,317 [ genlib ] [ INFO ] Define atom pair: GLH|2HB|HC|H         - > CYS|2HB|H1|H         (d = 0.18 A)
2026-04-23 20:50:39,317 [ genlib ] [ INFO ] Checking atom CG
2026-04-23 20:50:39,317 [ genlib ] [ INFO ] Define atom pair: GLH|CG|CT|C.3        - > CYS|SG|SH|S.3        (d = 0.18 A)
2026-04-23 20:50:39,317 [ genlib ] [ INFO ] Searching order 3
2026-04-23 20:50:39,317 [ genlib ] [ INFO ] Checking atom 1HG
2026-04-23 20:50:39,317 [ genlib ] [ INFO ] No partner found for atom 1HG
2026-04-23 20:50:39,317 [ genlib ] [ INFO ] Checking atom 2HG
2026-04-23 20:50:39,317 [ genlib ] [ INFO ] No partner found for atom 2HG
2026-04-23 20:50:39,317 [ genlib ] [ INFO ] Checking atom CD
2026-04-23 20:50:39,317 [ genlib ] [ INFO ] Define atom pair: GLH|CD|C|C.2         - > CYS|HG|HS|H          (d = 0.29 A)
2026-04-23 20:50:39,317 [ genlib ] [ INFO ] Searching order 4
2026-04-23 20:50:39,317 [ genlib ] [ INFO ] Checking atom OE1
2026-04-23 20:50:39,317 [ genlib ] [ INFO ] No partner found for atom OE1
2026-04-23 20:50:39,317 [ genlib ] [ INFO ] Checking atom OE2
2026-04-23 20:50:39,317 [ genlib ] [ INFO ] No partner found for atom OE2
2026-04-23 20:50:39,317 [ genlib ] [ INFO ] Searching order 5
2026-04-23 20:50:39,317 [ genlib ] [ INFO ] Searching order 6
2026-04-23 20:50:39,317 [ genlib ] [ INFO ] Searching order 7
2026-04-23 20:50:39,317 [ genlib ] [ INFO ] Searching branch 2
2026-04-23 20:50:39,317 [ genlib ] [ INFO ] Searching order 2
2026-04-23 20:50:39,317 [ genlib ] [ INFO ] Searching order 3
2026-04-23 20:50:39,317 [ genlib ] [ INFO ] Checking atom 1HG
2026-04-23 20:50:39,317 [ genlib ] [ INFO ] No partner found for atom 1HG
2026-04-23 20:50:39,317 [ genlib ] [ INFO ] Checking atom 2HG
2026-04-23 20:50:39,317 [ genlib ] [ INFO ] No partner found for atom 2HG
2026-04-23 20:50:39,317 [ genlib ] [ INFO ] Searching order 4
2026-04-23 20:50:39,317 [ genlib ] [ INFO ] Checking atom OE1
2026-04-23 20:50:39,317 [ genlib ] [ INFO ] No partner found for atom OE1
2026-04-23 20:50:39,317 [ genlib ] [ INFO ] Checking atom OE2
2026-04-23 20:50:39,317 [ genlib ] [ INFO ] No partner found for atom OE2
2026-04-23 20:50:39,317 [ genlib ] [ INFO ] Searching order 5
2026-04-23 20:50:39,317 [ genlib ] [ INFO ] Searching order 6
2026-04-23 20:50:39,317 [ genlib ] [ INFO ] Searching order 7
2026-04-23 20:50:39,317 [ genlib ] [ INFO ] Updating bond lists
2026-04-23 20:50:39,317 [ genlib ] [ INFO ] Updating dihedrals
2026-04-23 20:50:39,317 [ genlib ] [ INFO ] Updating impropers
2026-04-23 20:50:39,318 [ genlib ] [ INFO ] Building library files for GLH --> GLN mutant
2026-04-23 20:50:39,319 [ genlib ] [ INFO ] reading rtp file "aminoacids.rtp"
2026-04-23 20:50:39,344 [ genlib ] [ INFO ] ENTERED SIMPLE
2026-04-23 20:50:39,344 [ genlib ] [ INFO ] Making atom pairs
2026-04-23 20:50:39,344 [ genlib ] [ INFO ] Searching branch 1
2026-04-23 20:50:39,344 [ genlib ] [ INFO ] Searching order 2
2026-04-23 20:50:39,344 [ genlib ] [ INFO ] Checking atom 1HB
2026-04-23 20:50:39,344 [ genlib ] [ INFO ] Define atom pair: GLH|1HB|HC|H         - > GLN|1HB|HC|H         (d = 0.20 A)
2026-04-23 20:50:39,344 [ genlib ] [ INFO ] Checking atom 2HB
2026-04-23 20:50:39,344 [ genlib ] [ INFO ] Define atom pair: GLH|2HB|HC|H         - > GLN|2HB|HC|H         (d = 0.18 A)
2026-04-23 20:50:39,344 [ genlib ] [ INFO ] Checking atom CG
2026-04-23 20:50:39,344 [ genlib ] [ INFO ] Define atom pair: GLH|CG|CT|C.3        - > GLN|CG|CT|C.3        (d = 0.14 A)
2026-04-23 20:50:39,344 [ genlib ] [ INFO ] Searching order 3
2026-04-23 20:50:39,344 [ genlib ] [ INFO ] Checking atom 1HG
2026-04-23 20:50:39,344 [ genlib ] [ INFO ] Define atom pair: GLH|1HG|HC|H         - > GLN|1HG|HC|H         (d = 0.13 A)
2026-04-23 20:50:39,344 [ genlib ] [ INFO ] Checking atom 2HG
2026-04-23 20:50:39,344 [ genlib ] [ INFO ] Define atom pair: GLH|2HG|HC|H         - > GLN|2HG|HC|H         (d = 0.22 A)
2026-04-23 20:50:39,344 [ genlib ] [ INFO ] Checking atom CD
2026-04-23 20:50:39,344 [ genlib ] [ INFO ] Define atom pair: GLH|CD|C|C.2         - > GLN|CD|C|C.2         (d = 0.16 A)
2026-04-23 20:50:39,344 [ genlib ] [ INFO ] Searching order 4
2026-04-23 20:50:39,344 [ genlib ] [ INFO ] Checking atom OE1
2026-04-23 20:50:39,344 [ genlib ] [ INFO ] Define atom pair: GLH|OE1|O|O.co2      - > GLN|OE1|O|O.2        (d = 0.20 A)
2026-04-23 20:50:39,344 [ genlib ] [ INFO ] Checking atom OE2
2026-04-23 20:50:39,344 [ genlib ] [ INFO ] Define atom pair: GLH|OE2|OH|O.co2     - > GLN|NE2|N|N.am       (d = 0.13 A)
2026-04-23 20:50:39,344 [ genlib ] [ INFO ] Searching order 5
2026-04-23 20:50:39,344 [ genlib ] [ INFO ] Checking atom HE2
2026-04-23 20:50:39,344 [ genlib ] [ INFO ] Define atom pair: GLH|HE2|HO|H         - > GLN|2HE2|H|H         (d = 0.13 A)
2026-04-23 20:50:39,344 [ genlib ] [ INFO ] Searching order 6
2026-04-23 20:50:39,344 [ genlib ] [ INFO ] Searching order 7
2026-04-23 20:50:39,344 [ genlib ] [ INFO ] Searching branch 2
2026-04-23 20:50:39,344 [ genlib ] [ INFO ] Searching order 2
2026-04-23 20:50:39,345 [ genlib ] [ INFO ] Searching order 3
2026-04-23 20:50:39,345 [ genlib ] [ INFO ] Searching order 4
2026-04-23 20:50:39,345 [ genlib ] [ INFO ] Searching order 5
2026-04-23 20:50:39,345 [ genlib ] [ INFO ] Searching order 6
2026-04-23 20:50:39,345 [ genlib ] [ INFO ] Searching order 7
2026-04-23 20:50:39,345 [ genlib ] [ INFO ] Updating bond lists
2026-04-23 20:50:39,345 [ genlib ] [ INFO ] Updating dihedrals
2026-04-23 20:50:39,345 [ genlib ] [ INFO ] Updating impropers
2026-04-23 20:50:39,345 [ genlib ] [ WARNING ] undefined
2026-04-23 20:50:39,345 [ genlib ] [ WARNING ] undefined
2026-04-23 20:50:39,346 [ genlib ] [ INFO ] Building library files for GLH --> GLU mutant
2026-04-23 20:50:39,346 [ genlib ] [ INFO ] reading rtp file "aminoacids.rtp"
2026-04-23 20:50:39,372 [ genlib ] [ INFO ] ENTERED SIMPLE
2026-04-23 20:50:39,372 [ genlib ] [ INFO ] Making atom pairs
2026-04-23 20:50:39,372 [ genlib ] [ INFO ] Searching branch 1
2026-04-23 20:50:39,372 [ genlib ] [ INFO ] Searching order 2
2026-04-23 20:50:39,372 [ genlib ] [ INFO ] Checking atom 1HB
2026-04-23 20:50:39,372 [ genlib ] [ INFO ] Define atom pair: GLH|1HB|HC|H         - > GLU|1HB|HC|H         (d = 0.09 A)
2026-04-23 20:50:39,372 [ genlib ] [ INFO ] Checking atom 2HB
2026-04-23 20:50:39,372 [ genlib ] [ INFO ] Define atom pair: GLH|2HB|HC|H         - > GLU|2HB|HC|H         (d = 0.12 A)
2026-04-23 20:50:39,372 [ genlib ] [ INFO ] Checking atom CG
2026-04-23 20:50:39,372 [ genlib ] [ INFO ] Define atom pair: GLH|CG|CT|C.3        - > GLU|CG|CT|C.3        (d = 0.00 A)
2026-04-23 20:50:39,372 [ genlib ] [ INFO ] Searching order 3
2026-04-23 20:50:39,372 [ genlib ] [ INFO ] Checking atom 1HG
2026-04-23 20:50:39,372 [ genlib ] [ INFO ] Define atom pair: GLH|1HG|HC|H         - > GLU|1HG|HC|H         (d = 0.09 A)
2026-04-23 20:50:39,372 [ genlib ] [ INFO ] Checking atom 2HG
2026-04-23 20:50:39,372 [ genlib ] [ INFO ] Define atom pair: GLH|2HG|HC|H         - > GLU|2HG|HC|H         (d = 0.10 A)
2026-04-23 20:50:39,372 [ genlib ] [ INFO ] Checking atom CD
2026-04-23 20:50:39,372 [ genlib ] [ INFO ] Define atom pair: GLH|CD|C|C.2         - > GLU|CD|C|C.2         (d = 0.00 A)
2026-04-23 20:50:39,372 [ genlib ] [ INFO ] Searching order 4
2026-04-23 20:50:39,372 [ genlib ] [ INFO ] Checking atom OE1
2026-04-23 20:50:39,372 [ genlib ] [ INFO ] Define atom pair: GLH|OE1|O|O.co2      - > GLU|OE1|O2|O.co2     (d = 0.00 A)
2026-04-23 20:50:39,372 [ genlib ] [ INFO ] Checking atom OE2
2026-04-23 20:50:39,372 [ genlib ] [ INFO ] Define atom pair: GLH|OE2|OH|O.co2     - > GLU|OE2|O2|O.co2     (d = 0.01 A)
2026-04-23 20:50:39,372 [ genlib ] [ INFO ] Searching order 5
2026-04-23 20:50:39,372 [ genlib ] [ INFO ] Checking atom HE2
2026-04-23 20:50:39,372 [ genlib ] [ INFO ] No partner found for atom HE2
2026-04-23 20:50:39,372 [ genlib ] [ INFO ] Searching order 6
2026-04-23 20:50:39,372 [ genlib ] [ INFO ] Searching order 7
2026-04-23 20:50:39,372 [ genlib ] [ INFO ] Searching branch 2
2026-04-23 20:50:39,372 [ genlib ] [ INFO ] Searching order 2
2026-04-23 20:50:39,372 [ genlib ] [ INFO ] Searching order 3
2026-04-23 20:50:39,372 [ genlib ] [ INFO ] Searching order 4
2026-04-23 20:50:39,372 [ genlib ] [ INFO ] Searching order 5
2026-04-23 20:50:39,372 [ genlib ] [ INFO ] Checking atom HE2
2026-04-23 20:50:39,372 [ genlib ] [ INFO ] No partner found for atom HE2
2026-04-23 20:50:39,372 [ genlib ] [ INFO ] Searching order 6
2026-04-23 20:50:39,372 [ genlib ] [ INFO ] Searching order 7
2026-04-23 20:50:39,372 [ genlib ] [ INFO ] Updating bond lists
2026-04-23 20:50:39,372 [ genlib ] [ INFO ] Updating dihedrals
2026-04-23 20:50:39,372 [ genlib ] [ INFO ] Updating impropers
2026-04-23 20:50:39,373 [ genlib ] [ INFO ] Building library files for GLH --> GLY mutant
2026-04-23 20:50:39,373 [ genlib ] [ INFO ] reading rtp file "aminoacids.rtp"
2026-04-23 20:50:39,398 [ genlib ] [ INFO ] ENTERED G
2026-04-23 20:50:39,398 [ genlib ] [ INFO ] Making atom pairs
2026-04-23 20:50:39,398 [ genlib ] [ INFO ] Updating bond lists
2026-04-23 20:50:39,398 [ genlib ] [ INFO ] Updating dihedrals
2026-04-23 20:50:39,399 [ genlib ] [ INFO ] Updating impropers
2026-04-23 20:50:39,399 [ genlib ] [ WARNING ] undefined
2026-04-23 20:50:39,399 [ genlib ] [ INFO ] Building library files for GLH --> HID mutant
2026-04-23 20:50:39,400 [ genlib ] [ INFO ] reading rtp file "aminoacids.rtp"
2026-04-23 20:50:39,425 [ genlib ] [ INFO ] ENTERED RINGS
2026-04-23 20:50:39,425 [ genlib ] [ INFO ] Making atom pairs
2026-04-23 20:50:39,428 [ genlib ] [ INFO ] Updating bond lists
2026-04-23 20:50:39,428 [ genlib ] [ INFO ] Updating dihedrals
2026-04-23 20:50:39,428 [ genlib ] [ INFO ] Updating impropers
2026-04-23 20:50:39,428 [ genlib ] [ INFO ] Building library files for GLH --> HIE mutant
2026-04-23 20:50:39,429 [ genlib ] [ INFO ] reading rtp file "aminoacids.rtp"
2026-04-23 20:50:39,455 [ genlib ] [ INFO ] ENTERED RINGS
2026-04-23 20:50:39,455 [ genlib ] [ INFO ] Making atom pairs
2026-04-23 20:50:39,457 [ genlib ] [ INFO ] Updating bond lists
2026-04-23 20:50:39,457 [ genlib ] [ INFO ] Updating dihedrals
2026-04-23 20:50:39,457 [ genlib ] [ INFO ] Updating impropers
2026-04-23 20:50:39,458 [ genlib ] [ INFO ] Building library files for GLH --> HIP mutant
2026-04-23 20:50:39,459 [ genlib ] [ INFO ] reading rtp file "aminoacids.rtp"
2026-04-23 20:50:39,484 [ genlib ] [ INFO ] ENTERED RINGS
2026-04-23 20:50:39,484 [ genlib ] [ INFO ] Making atom pairs
2026-04-23 20:50:39,488 [ genlib ] [ INFO ] Updating bond lists
2026-04-23 20:50:39,488 [ genlib ] [ INFO ] Updating dihedrals
2026-04-23 20:50:39,488 [ genlib ] [ INFO ] Updating impropers
2026-04-23 20:50:39,489 [ genlib ] [ INFO ] Building library files for GLH --> ILE mutant
2026-04-23 20:50:39,489 [ genlib ] [ INFO ] reading rtp file "aminoacids.rtp"
2026-04-23 20:50:39,515 [ genlib ] [ INFO ] ENTERED SIMPLE
2026-04-23 20:50:39,515 [ genlib ] [ INFO ] Making atom pairs
2026-04-23 20:50:39,515 [ genlib ] [ INFO ] Searching branch 1
2026-04-23 20:50:39,515 [ genlib ] [ INFO ] Searching order 2
2026-04-23 20:50:39,515 [ genlib ] [ INFO ] Checking atom 1HB
2026-04-23 20:50:39,515 [ genlib ] [ INFO ] Define atom pair: GLH|1HB|HC|H         - > ILE|HB|HC|H          (d = 0.11 A)
2026-04-23 20:50:39,515 [ genlib ] [ INFO ] Checking atom 2HB
2026-04-23 20:50:39,515 [ genlib ] [ INFO ] No partner found for atom 2HB
2026-04-23 20:50:39,515 [ genlib ] [ INFO ] Checking atom CG
2026-04-23 20:50:39,515 [ genlib ] [ INFO ] Define atom pair: GLH|CG|CT|C.3        - > ILE|CG1|CT|C.3       (d = 0.06 A)
2026-04-23 20:50:39,515 [ genlib ] [ INFO ] Searching order 3
2026-04-23 20:50:39,515 [ genlib ] [ INFO ] Checking atom 1HG
2026-04-23 20:50:39,515 [ genlib ] [ INFO ] Define atom pair: GLH|1HG|HC|H         - > ILE|1HG1|HC|H        (d = 0.11 A)
2026-04-23 20:50:39,515 [ genlib ] [ INFO ] Checking atom 2HG
2026-04-23 20:50:39,515 [ genlib ] [ INFO ] Define atom pair: GLH|2HG|HC|H         - > ILE|2HG1|HC|H        (d = 0.14 A)
2026-04-23 20:50:39,515 [ genlib ] [ INFO ] Checking atom CD
2026-04-23 20:50:39,515 [ genlib ] [ INFO ] Define atom pair: GLH|CD|C|C.2         - > ILE|CD1|CT|C.3       (d = 0.02 A)
2026-04-23 20:50:39,515 [ genlib ] [ INFO ] Searching order 4
2026-04-23 20:50:39,515 [ genlib ] [ INFO ] Checking atom OE1
2026-04-23 20:50:39,515 [ genlib ] [ INFO ] Define atom pair: GLH|OE1|O|O.co2      - > ILE|1HD1|HC|H        (d = 0.23 A)
2026-04-23 20:50:39,515 [ genlib ] [ INFO ] Checking atom OE2
2026-04-23 20:50:39,515 [ genlib ] [ INFO ] No partner found for atom OE2
2026-04-23 20:50:39,515 [ genlib ] [ INFO ] Searching order 5
2026-04-23 20:50:39,515 [ genlib ] [ INFO ] Searching order 6
2026-04-23 20:50:39,515 [ genlib ] [ INFO ] Searching order 7
2026-04-23 20:50:39,515 [ genlib ] [ INFO ] Searching branch 2
2026-04-23 20:50:39,515 [ genlib ] [ INFO ] Searching order 2
2026-04-23 20:50:39,515 [ genlib ] [ INFO ] Checking atom 2HB
2026-04-23 20:50:39,515 [ genlib ] [ INFO ] No partner found for atom 2HB
2026-04-23 20:50:39,515 [ genlib ] [ INFO ] Searching order 3
2026-04-23 20:50:39,515 [ genlib ] [ INFO ] Searching order 4
2026-04-23 20:50:39,515 [ genlib ] [ INFO ] Checking atom OE2
2026-04-23 20:50:39,515 [ genlib ] [ INFO ] No partner found for atom OE2
2026-04-23 20:50:39,515 [ genlib ] [ INFO ] Searching order 5
2026-04-23 20:50:39,515 [ genlib ] [ INFO ] Searching order 6
2026-04-23 20:50:39,515 [ genlib ] [ INFO ] Searching order 7
2026-04-23 20:50:39,517 [ genlib ] [ INFO ] Updating bond lists
2026-04-23 20:50:39,517 [ genlib ] [ INFO ] Updating dihedrals
2026-04-23 20:50:39,518 [ genlib ] [ INFO ] Updating impropers
2026-04-23 20:50:39,518 [ genlib ] [ INFO ] Building library files for GLH --> LEU mutant
2026-04-23 20:50:39,519 [ genlib ] [ INFO ] reading rtp file "aminoacids.rtp"
2026-04-23 20:50:39,544 [ genlib ] [ INFO ] ENTERED SIMPLE
2026-04-23 20:50:39,544 [ genlib ] [ INFO ] Making atom pairs
2026-04-23 20:50:39,544 [ genlib ] [ INFO ] Searching branch 1
2026-04-23 20:50:39,544 [ genlib ] [ INFO ] Searching order 2
2026-04-23 20:50:39,545 [ genlib ] [ INFO ] Checking atom 1HB
2026-04-23 20:50:39,545 [ genlib ] [ INFO ] Define atom pair: GLH|1HB|HC|H         - > LEU|1HB|HC|H         (d = 0.20 A)
2026-04-23 20:50:39,545 [ genlib ] [ INFO ] Checking atom 2HB
2026-04-23 20:50:39,545 [ genlib ] [ INFO ] Define atom pair: GLH|2HB|HC|H         - > LEU|2HB|HC|H         (d = 0.19 A)
2026-04-23 20:50:39,545 [ genlib ] [ INFO ] Checking atom CG
2026-04-23 20:50:39,545 [ genlib ] [ INFO ] Define atom pair: GLH|CG|CT|C.3        - > LEU|CG|CT|C.3        (d = 0.18 A)
2026-04-23 20:50:39,545 [ genlib ] [ INFO ] Searching order 3
2026-04-23 20:50:39,545 [ genlib ] [ INFO ] Checking atom 1HG
2026-04-23 20:50:39,545 [ genlib ] [ INFO ] Define atom pair: GLH|1HG|HC|H         - > LEU|CD2|CT|C.3       (d = 0.47 A)
2026-04-23 20:50:39,545 [ genlib ] [ INFO ] Checking atom 2HG
2026-04-23 20:50:39,545 [ genlib ] [ INFO ] Define atom pair: GLH|2HG|HC|H         - > LEU|HG|HC|H          (d = 0.33 A)
2026-04-23 20:50:39,545 [ genlib ] [ INFO ] Checking atom CD
2026-04-23 20:50:39,545 [ genlib ] [ INFO ] Define atom pair: GLH|CD|C|C.2         - > LEU|CD1|CT|C.3       (d = 0.19 A)
2026-04-23 20:50:39,545 [ genlib ] [ INFO ] Searching order 4
2026-04-23 20:50:39,545 [ genlib ] [ INFO ] Checking atom OE1
2026-04-23 20:50:39,545 [ genlib ] [ INFO ] Define atom pair: GLH|OE1|O|O.co2      - > LEU|1HD1|HC|H        (d = 0.37 A)
2026-04-23 20:50:39,545 [ genlib ] [ INFO ] Checking atom OE2
2026-04-23 20:50:39,545 [ genlib ] [ INFO ] No partner found for atom OE2
2026-04-23 20:50:39,545 [ genlib ] [ INFO ] Searching order 5
2026-04-23 20:50:39,545 [ genlib ] [ INFO ] Searching order 6
2026-04-23 20:50:39,545 [ genlib ] [ INFO ] Searching order 7
2026-04-23 20:50:39,545 [ genlib ] [ INFO ] Searching branch 2
2026-04-23 20:50:39,545 [ genlib ] [ INFO ] Searching order 2
2026-04-23 20:50:39,545 [ genlib ] [ INFO ] Searching order 3
2026-04-23 20:50:39,545 [ genlib ] [ INFO ] Searching order 4
2026-04-23 20:50:39,545 [ genlib ] [ INFO ] Checking atom OE2
2026-04-23 20:50:39,545 [ genlib ] [ INFO ] No partner found for atom OE2
2026-04-23 20:50:39,545 [ genlib ] [ INFO ] Searching order 5
2026-04-23 20:50:39,545 [ genlib ] [ INFO ] Searching order 6
2026-04-23 20:50:39,545 [ genlib ] [ INFO ] Searching order 7
2026-04-23 20:50:39,547 [ genlib ] [ INFO ] Updating bond lists
2026-04-23 20:50:39,547 [ genlib ] [ INFO ] Updating dihedrals
2026-04-23 20:50:39,547 [ genlib ] [ INFO ] Updating impropers
2026-04-23 20:50:39,547 [ genlib ] [ INFO ] Building library files for GLH --> LYN mutant
2026-04-23 20:50:39,548 [ genlib ] [ INFO ] reading rtp file "aminoacids.rtp"
2026-04-23 20:50:39,573 [ genlib ] [ INFO ] ENTERED SIMPLE
2026-04-23 20:50:39,573 [ genlib ] [ INFO ] Making atom pairs
2026-04-23 20:50:39,573 [ genlib ] [ INFO ] Searching branch 1
2026-04-23 20:50:39,573 [ genlib ] [ INFO ] Searching order 2
2026-04-23 20:50:39,573 [ genlib ] [ INFO ] Checking atom 1HB
2026-04-23 20:50:39,573 [ genlib ] [ INFO ] Define atom pair: GLH|1HB|HC|H         - > LYN|1HB|HC|H         (d = 0.17 A)
2026-04-23 20:50:39,573 [ genlib ] [ INFO ] Checking atom 2HB
2026-04-23 20:50:39,573 [ genlib ] [ INFO ] Define atom pair: GLH|2HB|HC|H         - > LYN|2HB|HC|H         (d = 0.13 A)
2026-04-23 20:50:39,573 [ genlib ] [ INFO ] Checking atom CG
2026-04-23 20:50:39,573 [ genlib ] [ INFO ] Define atom pair: GLH|CG|CT|C.3        - > LYN|CG|CT|C.3        (d = 0.22 A)
2026-04-23 20:50:39,574 [ genlib ] [ INFO ] Searching order 3
2026-04-23 20:50:39,574 [ genlib ] [ INFO ] Checking atom 1HG
2026-04-23 20:50:39,574 [ genlib ] [ INFO ] Define atom pair: GLH|1HG|HC|H         - > LYN|1HG|HC|H         (d = 0.22 A)
2026-04-23 20:50:39,574 [ genlib ] [ INFO ] Checking atom 2HG
2026-04-23 20:50:39,574 [ genlib ] [ INFO ] Define atom pair: GLH|2HG|HC|H         - > LYN|2HG|HC|H         (d = 0.28 A)
2026-04-23 20:50:39,574 [ genlib ] [ INFO ] Checking atom CD
2026-04-23 20:50:39,574 [ genlib ] [ INFO ] Define atom pair: GLH|CD|C|C.2         - > LYN|CD|CT|C.3        (d = 0.23 A)
2026-04-23 20:50:39,574 [ genlib ] [ INFO ] Searching order 4
2026-04-23 20:50:39,574 [ genlib ] [ INFO ] Checking atom OE1
2026-04-23 20:50:39,574 [ genlib ] [ INFO ] Define atom pair: GLH|OE1|O|O.co2      - > LYN|CE|CT|C.3        (d = 0.43 A)
2026-04-23 20:50:39,574 [ genlib ] [ INFO ] Checking atom OE2
2026-04-23 20:50:39,574 [ genlib ] [ INFO ] No partner found for atom OE2
2026-04-23 20:50:39,574 [ genlib ] [ INFO ] Searching order 5
2026-04-23 20:50:39,574 [ genlib ] [ INFO ] Searching order 6
2026-04-23 20:50:39,574 [ genlib ] [ INFO ] Searching order 7
2026-04-23 20:50:39,574 [ genlib ] [ INFO ] Searching branch 2
2026-04-23 20:50:39,574 [ genlib ] [ INFO ] Searching order 2
2026-04-23 20:50:39,574 [ genlib ] [ INFO ] Searching order 3
2026-04-23 20:50:39,574 [ genlib ] [ INFO ] Searching order 4
2026-04-23 20:50:39,574 [ genlib ] [ INFO ] Checking atom OE2
2026-04-23 20:50:39,574 [ genlib ] [ INFO ] No partner found for atom OE2
2026-04-23 20:50:39,574 [ genlib ] [ INFO ] Searching order 5
2026-04-23 20:50:39,574 [ genlib ] [ INFO ] Searching order 6
2026-04-23 20:50:39,574 [ genlib ] [ INFO ] Searching order 7
2026-04-23 20:50:39,576 [ genlib ] [ INFO ] Updating bond lists
2026-04-23 20:50:39,577 [ genlib ] [ INFO ] Updating dihedrals
2026-04-23 20:50:39,577 [ genlib ] [ INFO ] Updating impropers
2026-04-23 20:50:39,577 [ genlib ] [ INFO ] Building library files for GLH --> LYS mutant
2026-04-23 20:50:39,578 [ genlib ] [ INFO ] reading rtp file "aminoacids.rtp"
2026-04-23 20:50:39,603 [ genlib ] [ INFO ] ENTERED SIMPLE
2026-04-23 20:50:39,603 [ genlib ] [ INFO ] Making atom pairs
2026-04-23 20:50:39,603 [ genlib ] [ INFO ] Searching branch 1
2026-04-23 20:50:39,603 [ genlib ] [ INFO ] Searching order 2
2026-04-23 20:50:39,603 [ genlib ] [ INFO ] Checking atom 1HB
2026-04-23 20:50:39,603 [ genlib ] [ INFO ] Define atom pair: GLH|1HB|HC|H         - > LYS|1HB|HC|H         (d = 0.25 A)
2026-04-23 20:50:39,603 [ genlib ] [ INFO ] Checking atom 2HB
2026-04-23 20:50:39,603 [ genlib ] [ INFO ] Define atom pair: GLH|2HB|HC|H         - > LYS|2HB|HC|H         (d = 0.22 A)
2026-04-23 20:50:39,603 [ genlib ] [ INFO ] Checking atom CG
2026-04-23 20:50:39,603 [ genlib ] [ INFO ] Define atom pair: GLH|CG|CT|C.3        - > LYS|CG|CT|C.3        (d = 0.22 A)
2026-04-23 20:50:39,603 [ genlib ] [ INFO ] Searching order 3
2026-04-23 20:50:39,603 [ genlib ] [ INFO ] Checking atom 1HG
2026-04-23 20:50:39,603 [ genlib ] [ INFO ] Define atom pair: GLH|1HG|HC|H         - > LYS|1HG|HC|H         (d = 0.22 A)
2026-04-23 20:50:39,603 [ genlib ] [ INFO ] Checking atom 2HG
2026-04-23 20:50:39,603 [ genlib ] [ INFO ] Define atom pair: GLH|2HG|HC|H         - > LYS|2HG|HC|H         (d = 0.33 A)
2026-04-23 20:50:39,603 [ genlib ] [ INFO ] Checking atom CD
2026-04-23 20:50:39,603 [ genlib ] [ INFO ] Define atom pair: GLH|CD|C|C.2         - > LYS|CD|CT|C.3        (d = 0.24 A)
2026-04-23 20:50:39,603 [ genlib ] [ INFO ] Searching order 4
2026-04-23 20:50:39,603 [ genlib ] [ INFO ] Checking atom OE1
2026-04-23 20:50:39,603 [ genlib ] [ INFO ] Define atom pair: GLH|OE1|O|O.co2      - > LYS|CE|CT|C.3        (d = 0.47 A)
2026-04-23 20:50:39,603 [ genlib ] [ INFO ] Checking atom OE2
2026-04-23 20:50:39,603 [ genlib ] [ INFO ] No partner found for atom OE2
2026-04-23 20:50:39,603 [ genlib ] [ INFO ] Searching order 5
2026-04-23 20:50:39,603 [ genlib ] [ INFO ] Searching order 6
2026-04-23 20:50:39,603 [ genlib ] [ INFO ] Searching order 7
2026-04-23 20:50:39,603 [ genlib ] [ INFO ] Searching branch 2
2026-04-23 20:50:39,603 [ genlib ] [ INFO ] Searching order 2
2026-04-23 20:50:39,603 [ genlib ] [ INFO ] Searching order 3
2026-04-23 20:50:39,603 [ genlib ] [ INFO ] Searching order 4
2026-04-23 20:50:39,603 [ genlib ] [ INFO ] Checking atom OE2
2026-04-23 20:50:39,603 [ genlib ] [ INFO ] No partner found for atom OE2
2026-04-23 20:50:39,603 [ genlib ] [ INFO ] Searching order 5
2026-04-23 20:50:39,603 [ genlib ] [ INFO ] Searching order 6
2026-04-23 20:50:39,603 [ genlib ] [ INFO ] Searching order 7
2026-04-23 20:50:39,606 [ genlib ] [ INFO ] Updating bond lists
2026-04-23 20:50:39,607 [ genlib ] [ INFO ] Updating dihedrals
2026-04-23 20:50:39,607 [ genlib ] [ INFO ] Updating impropers
2026-04-23 20:50:39,607 [ genlib ] [ INFO ] Building library files for GLH --> MET mutant
2026-04-23 20:50:39,608 [ genlib ] [ INFO ] reading rtp file "aminoacids.rtp"
2026-04-23 20:50:39,633 [ genlib ] [ INFO ] ENTERED SIMPLE
2026-04-23 20:50:39,633 [ genlib ] [ INFO ] Making atom pairs
2026-04-23 20:50:39,633 [ genlib ] [ INFO ] Searching branch 1
2026-04-23 20:50:39,633 [ genlib ] [ INFO ] Searching order 2
2026-04-23 20:50:39,633 [ genlib ] [ INFO ] Checking atom 1HB
2026-04-23 20:50:39,633 [ genlib ] [ INFO ] Define atom pair: GLH|1HB|HC|H         - > MET|1HB|HC|H         (d = 0.22 A)
2026-04-23 20:50:39,633 [ genlib ] [ INFO ] Checking atom 2HB
2026-04-23 20:50:39,633 [ genlib ] [ INFO ] Define atom pair: GLH|2HB|HC|H         - > MET|2HB|HC|H         (d = 0.18 A)
2026-04-23 20:50:39,633 [ genlib ] [ INFO ] Checking atom CG
2026-04-23 20:50:39,633 [ genlib ] [ INFO ] Define atom pair: GLH|CG|CT|C.3        - > MET|CG|CT|C.3        (d = 0.13 A)
2026-04-23 20:50:39,633 [ genlib ] [ INFO ] Searching order 3
2026-04-23 20:50:39,633 [ genlib ] [ INFO ] Checking atom 1HG
2026-04-23 20:50:39,633 [ genlib ] [ INFO ] Define atom pair: GLH|1HG|HC|H         - > MET|1HG|H1|H         (d = 0.14 A)
2026-04-23 20:50:39,633 [ genlib ] [ INFO ] Checking atom 2HG
2026-04-23 20:50:39,633 [ genlib ] [ INFO ] Define atom pair: GLH|2HG|HC|H         - > MET|2HG|H1|H         (d = 0.19 A)
2026-04-23 20:50:39,633 [ genlib ] [ INFO ] Checking atom CD
2026-04-23 20:50:39,633 [ genlib ] [ INFO ] Define atom pair: GLH|CD|C|C.2         - > MET|SD|S|S.3         (d = 0.22 A)
2026-04-23 20:50:39,633 [ genlib ] [ INFO ] Searching order 4
2026-04-23 20:50:39,633 [ genlib ] [ INFO ] Checking atom OE1
2026-04-23 20:50:39,633 [ genlib ] [ INFO ] No partner found for atom OE1
2026-04-23 20:50:39,633 [ genlib ] [ INFO ] Checking atom OE2
2026-04-23 20:50:39,633 [ genlib ] [ INFO ] No partner found for atom OE2
2026-04-23 20:50:39,633 [ genlib ] [ INFO ] Searching order 5
2026-04-23 20:50:39,633 [ genlib ] [ INFO ] Searching order 6
2026-04-23 20:50:39,633 [ genlib ] [ INFO ] Searching order 7
2026-04-23 20:50:39,633 [ genlib ] [ INFO ] Searching branch 2
2026-04-23 20:50:39,633 [ genlib ] [ INFO ] Searching order 2
2026-04-23 20:50:39,633 [ genlib ] [ INFO ] Searching order 3
2026-04-23 20:50:39,633 [ genlib ] [ INFO ] Searching order 4
2026-04-23 20:50:39,633 [ genlib ] [ INFO ] Checking atom OE1
2026-04-23 20:50:39,633 [ genlib ] [ INFO ] No partner found for atom OE1
2026-04-23 20:50:39,633 [ genlib ] [ INFO ] Checking atom OE2
2026-04-23 20:50:39,633 [ genlib ] [ INFO ] No partner found for atom OE2
2026-04-23 20:50:39,633 [ genlib ] [ INFO ] Searching order 5
2026-04-23 20:50:39,633 [ genlib ] [ INFO ] Searching order 6
2026-04-23 20:50:39,633 [ genlib ] [ INFO ] Searching order 7
2026-04-23 20:50:39,635 [ genlib ] [ INFO ] Updating bond lists
2026-04-23 20:50:39,635 [ genlib ] [ INFO ] Updating dihedrals
2026-04-23 20:50:39,635 [ genlib ] [ INFO ] Updating impropers
2026-04-23 20:50:39,636 [ genlib ] [ INFO ] Building library files for GLH --> PHE mutant
2026-04-23 20:50:39,636 [ genlib ] [ INFO ] reading rtp file "aminoacids.rtp"
2026-04-23 20:50:39,661 [ genlib ] [ INFO ] ENTERED RINGS
2026-04-23 20:50:39,661 [ genlib ] [ INFO ] Making atom pairs
2026-04-23 20:50:39,666 [ genlib ] [ INFO ] Updating bond lists
2026-04-23 20:50:39,666 [ genlib ] [ INFO ] Updating dihedrals
2026-04-23 20:50:39,666 [ genlib ] [ INFO ] Updating impropers
2026-04-23 20:50:39,666 [ genlib ] [ INFO ] Building library files for GLH --> PRO mutant
2026-04-23 20:50:39,667 [ genlib ] [ INFO ] reading rtp file "aminoacids.rtp"
2026-04-23 20:50:39,692 [ genlib ] [ INFO ] ENTERED P
2026-04-23 20:50:39,692 [ genlib ] [ INFO ] Making atom pairs
2026-04-23 20:50:39,695 [ genlib ] [ INFO ] Updating bond lists
2026-04-23 20:50:39,695 [ genlib ] [ INFO ] Updating dihedrals
2026-04-23 20:50:39,695 [ genlib ] [ INFO ] Updating impropers
2026-04-23 20:50:39,695 [ genlib ] [ WARNING ] undefined
2026-04-23 20:50:39,695 [ genlib ] [ INFO ] Building library files for GLH --> SER mutant
2026-04-23 20:50:39,696 [ genlib ] [ INFO ] reading rtp file "aminoacids.rtp"
2026-04-23 20:50:39,721 [ genlib ] [ INFO ] ENTERED SIMPLE
2026-04-23 20:50:39,721 [ genlib ] [ INFO ] Making atom pairs
2026-04-23 20:50:39,721 [ genlib ] [ INFO ] Searching branch 1
2026-04-23 20:50:39,721 [ genlib ] [ INFO ] Searching order 2
2026-04-23 20:50:39,721 [ genlib ] [ INFO ] Checking atom 1HB
2026-04-23 20:50:39,721 [ genlib ] [ INFO ] Define atom pair: GLH|1HB|HC|H         - > SER|1HB|H1|H         (d = 0.13 A)
2026-04-23 20:50:39,721 [ genlib ] [ INFO ] Checking atom 2HB
2026-04-23 20:50:39,721 [ genlib ] [ INFO ] Define atom pair: GLH|2HB|HC|H         - > SER|2HB|H1|H         (d = 0.13 A)
2026-04-23 20:50:39,721 [ genlib ] [ INFO ] Checking atom CG
2026-04-23 20:50:39,721 [ genlib ] [ INFO ] Define atom pair: GLH|CG|CT|C.3        - > SER|OG|OH|O.3        (d = 0.17 A)
2026-04-23 20:50:39,721 [ genlib ] [ INFO ] Searching order 3
2026-04-23 20:50:39,721 [ genlib ] [ INFO ] Checking atom 1HG
2026-04-23 20:50:39,721 [ genlib ] [ INFO ] No partner found for atom 1HG
2026-04-23 20:50:39,721 [ genlib ] [ INFO ] Checking atom 2HG
2026-04-23 20:50:39,721 [ genlib ] [ INFO ] No partner found for atom 2HG
2026-04-23 20:50:39,721 [ genlib ] [ INFO ] Checking atom CD
2026-04-23 20:50:39,721 [ genlib ] [ INFO ] No partner found for atom CD
2026-04-23 20:50:39,721 [ genlib ] [ INFO ] Searching order 4
2026-04-23 20:50:39,721 [ genlib ] [ INFO ] Searching order 5
2026-04-23 20:50:39,721 [ genlib ] [ INFO ] Searching order 6
2026-04-23 20:50:39,721 [ genlib ] [ INFO ] Searching order 7
2026-04-23 20:50:39,721 [ genlib ] [ INFO ] Searching branch 2
2026-04-23 20:50:39,721 [ genlib ] [ INFO ] Searching order 2
2026-04-23 20:50:39,721 [ genlib ] [ INFO ] Searching order 3
2026-04-23 20:50:39,721 [ genlib ] [ INFO ] Checking atom 1HG
2026-04-23 20:50:39,721 [ genlib ] [ INFO ] No partner found for atom 1HG
2026-04-23 20:50:39,721 [ genlib ] [ INFO ] Checking atom 2HG
2026-04-23 20:50:39,721 [ genlib ] [ INFO ] No partner found for atom 2HG
2026-04-23 20:50:39,722 [ genlib ] [ INFO ] Checking atom CD
2026-04-23 20:50:39,722 [ genlib ] [ INFO ] No partner found for atom CD
2026-04-23 20:50:39,722 [ genlib ] [ INFO ] Searching order 4
2026-04-23 20:50:39,722 [ genlib ] [ INFO ] Searching order 5
2026-04-23 20:50:39,722 [ genlib ] [ INFO ] Searching order 6
2026-04-23 20:50:39,722 [ genlib ] [ INFO ] Searching order 7
2026-04-23 20:50:39,722 [ genlib ] [ INFO ] Updating bond lists
2026-04-23 20:50:39,722 [ genlib ] [ INFO ] Updating dihedrals
2026-04-23 20:50:39,722 [ genlib ] [ INFO ] Updating impropers
2026-04-23 20:50:39,723 [ genlib ] [ INFO ] Building library files for GLH --> THR mutant
2026-04-23 20:50:39,723 [ genlib ] [ INFO ] reading rtp file "aminoacids.rtp"
2026-04-23 20:50:39,749 [ genlib ] [ INFO ] ENTERED SIMPLE
2026-04-23 20:50:39,749 [ genlib ] [ INFO ] Making atom pairs
2026-04-23 20:50:39,749 [ genlib ] [ INFO ] Searching branch 1
2026-04-23 20:50:39,749 [ genlib ] [ INFO ] Searching order 2
2026-04-23 20:50:39,749 [ genlib ] [ INFO ] Checking atom 1HB
2026-04-23 20:50:39,749 [ genlib ] [ INFO ] Define atom pair: GLH|1HB|HC|H         - > THR|HB|H1|H          (d = 0.16 A)
2026-04-23 20:50:39,749 [ genlib ] [ INFO ] Checking atom 2HB
2026-04-23 20:50:39,749 [ genlib ] [ INFO ] No partner found for atom 2HB
2026-04-23 20:50:39,749 [ genlib ] [ INFO ] Checking atom CG
2026-04-23 20:50:39,749 [ genlib ] [ INFO ] Define atom pair: GLH|CG|CT|C.3        - > THR|OG1|OH|O.3       (d = 0.22 A)
2026-04-23 20:50:39,749 [ genlib ] [ INFO ] Searching order 3
2026-04-23 20:50:39,749 [ genlib ] [ INFO ] Checking atom 1HG
2026-04-23 20:50:39,749 [ genlib ] [ INFO ] No partner found for atom 1HG
2026-04-23 20:50:39,749 [ genlib ] [ INFO ] Checking atom 2HG
2026-04-23 20:50:39,749 [ genlib ] [ INFO ] No partner found for atom 2HG
2026-04-23 20:50:39,749 [ genlib ] [ INFO ] Checking atom CD
2026-04-23 20:50:39,749 [ genlib ] [ INFO ] No partner found for atom CD
2026-04-23 20:50:39,749 [ genlib ] [ INFO ] Searching order 4
2026-04-23 20:50:39,749 [ genlib ] [ INFO ] Searching order 5
2026-04-23 20:50:39,749 [ genlib ] [ INFO ] Searching order 6
2026-04-23 20:50:39,749 [ genlib ] [ INFO ] Searching order 7
2026-04-23 20:50:39,749 [ genlib ] [ INFO ] Searching branch 2
2026-04-23 20:50:39,749 [ genlib ] [ INFO ] Searching order 2
2026-04-23 20:50:39,749 [ genlib ] [ INFO ] Checking atom 2HB
2026-04-23 20:50:39,749 [ genlib ] [ INFO ] No partner found for atom 2HB
2026-04-23 20:50:39,749 [ genlib ] [ INFO ] Searching order 3
2026-04-23 20:50:39,749 [ genlib ] [ INFO ] Checking atom 1HG
2026-04-23 20:50:39,749 [ genlib ] [ INFO ] No partner found for atom 1HG
2026-04-23 20:50:39,749 [ genlib ] [ INFO ] Checking atom 2HG
2026-04-23 20:50:39,749 [ genlib ] [ INFO ] No partner found for atom 2HG
2026-04-23 20:50:39,749 [ genlib ] [ INFO ] Checking atom CD
2026-04-23 20:50:39,749 [ genlib ] [ INFO ] No partner found for atom CD
2026-04-23 20:50:39,749 [ genlib ] [ INFO ] Searching order 4
2026-04-23 20:50:39,749 [ genlib ] [ INFO ] Searching order 5
2026-04-23 20:50:39,749 [ genlib ] [ INFO ] Searching order 6
2026-04-23 20:50:39,749 [ genlib ] [ INFO ] Searching order 7
2026-04-23 20:50:39,751 [ genlib ] [ INFO ] Updating bond lists
2026-04-23 20:50:39,751 [ genlib ] [ INFO ] Updating dihedrals
2026-04-23 20:50:39,751 [ genlib ] [ INFO ] Updating impropers
2026-04-23 20:50:39,751 [ genlib ] [ INFO ] Building library files for GLH --> TRP mutant
2026-04-23 20:50:39,752 [ genlib ] [ INFO ] reading rtp file "aminoacids.rtp"
2026-04-23 20:50:39,777 [ genlib ] [ INFO ] ENTERED RINGS
2026-04-23 20:50:39,777 [ genlib ] [ INFO ] Making atom pairs
2026-04-23 20:50:39,784 [ genlib ] [ INFO ] Updating bond lists
2026-04-23 20:50:39,784 [ genlib ] [ INFO ] Updating dihedrals
2026-04-23 20:50:39,784 [ genlib ] [ INFO ] Updating impropers
2026-04-23 20:50:39,785 [ genlib ] [ INFO ] Building library files for GLH --> TYR mutant
2026-04-23 20:50:39,786 [ genlib ] [ INFO ] reading rtp file "aminoacids.rtp"
2026-04-23 20:50:39,811 [ genlib ] [ INFO ] ENTERED RINGS
2026-04-23 20:50:39,811 [ genlib ] [ INFO ] Making atom pairs
2026-04-23 20:50:39,817 [ genlib ] [ INFO ] Updating bond lists
2026-04-23 20:50:39,817 [ genlib ] [ INFO ] Updating dihedrals
2026-04-23 20:50:39,817 [ genlib ] [ INFO ] Updating impropers
2026-04-23 20:50:39,818 [ genlib ] [ INFO ] Building library files for GLH --> VAL mutant
2026-04-23 20:50:39,818 [ genlib ] [ INFO ] reading rtp file "aminoacids.rtp"
2026-04-23 20:50:39,844 [ genlib ] [ INFO ] ENTERED SIMPLE
2026-04-23 20:50:39,844 [ genlib ] [ INFO ] Making atom pairs
2026-04-23 20:50:39,844 [ genlib ] [ INFO ] Searching branch 1
2026-04-23 20:50:39,844 [ genlib ] [ INFO ] Searching order 2
2026-04-23 20:50:39,844 [ genlib ] [ INFO ] Checking atom 1HB
2026-04-23 20:50:39,844 [ genlib ] [ INFO ] Define atom pair: GLH|1HB|HC|H         - > VAL|HB|HC|H          (d = 0.13 A)
2026-04-23 20:50:39,844 [ genlib ] [ INFO ] Checking atom 2HB
2026-04-23 20:50:39,844 [ genlib ] [ INFO ] No partner found for atom 2HB
2026-04-23 20:50:39,844 [ genlib ] [ INFO ] Checking atom CG
2026-04-23 20:50:39,844 [ genlib ] [ INFO ] Define atom pair: GLH|CG|CT|C.3        - > VAL|CG2|CT|C.3       (d = 0.08 A)
2026-04-23 20:50:39,844 [ genlib ] [ INFO ] Searching order 3
2026-04-23 20:50:39,844 [ genlib ] [ INFO ] Checking atom 1HG
2026-04-23 20:50:39,844 [ genlib ] [ INFO ] Define atom pair: GLH|1HG|HC|H         - > VAL|2HG2|HC|H        (d = 0.16 A)
2026-04-23 20:50:39,844 [ genlib ] [ INFO ] Checking atom 2HG
2026-04-23 20:50:39,844 [ genlib ] [ INFO ] Define atom pair: GLH|2HG|HC|H         - > VAL|3HG2|HC|H        (d = 0.12 A)
2026-04-23 20:50:39,844 [ genlib ] [ INFO ] Checking atom CD
2026-04-23 20:50:39,844 [ genlib ] [ INFO ] Define atom pair: GLH|CD|C|C.2         - > VAL|1HG2|HC|H        (d = 0.48 A)
2026-04-23 20:50:39,844 [ genlib ] [ INFO ] Searching order 4
2026-04-23 20:50:39,844 [ genlib ] [ INFO ] Checking atom OE1
2026-04-23 20:50:39,844 [ genlib ] [ INFO ] No partner found for atom OE1
2026-04-23 20:50:39,844 [ genlib ] [ INFO ] Checking atom OE2
2026-04-23 20:50:39,844 [ genlib ] [ INFO ] No partner found for atom OE2
2026-04-23 20:50:39,844 [ genlib ] [ INFO ] Searching order 5
2026-04-23 20:50:39,844 [ genlib ] [ INFO ] Searching order 6
2026-04-23 20:50:39,844 [ genlib ] [ INFO ] Searching order 7
2026-04-23 20:50:39,844 [ genlib ] [ INFO ] Searching branch 2
2026-04-23 20:50:39,844 [ genlib ] [ INFO ] Searching order 2
2026-04-23 20:50:39,844 [ genlib ] [ INFO ] Checking atom 2HB
2026-04-23 20:50:39,844 [ genlib ] [ INFO ] No partner found for atom 2HB
2026-04-23 20:50:39,844 [ genlib ] [ INFO ] Searching order 3
2026-04-23 20:50:39,844 [ genlib ] [ INFO ] Searching order 4
2026-04-23 20:50:39,844 [ genlib ] [ INFO ] Checking atom OE1
2026-04-23 20:50:39,844 [ genlib ] [ INFO ] No partner found for atom OE1
2026-04-23 20:50:39,844 [ genlib ] [ INFO ] Checking atom OE2
2026-04-23 20:50:39,844 [ genlib ] [ INFO ] No partner found for atom OE2
2026-04-23 20:50:39,844 [ genlib ] [ INFO ] Searching order 5
2026-04-23 20:50:39,844 [ genlib ] [ INFO ] Searching order 6
2026-04-23 20:50:39,844 [ genlib ] [ INFO ] Searching order 7
2026-04-23 20:50:39,846 [ genlib ] [ INFO ] Updating bond lists
2026-04-23 20:50:39,846 [ genlib ] [ INFO ] Updating dihedrals
2026-04-23 20:50:39,846 [ genlib ] [ INFO ] Updating impropers
2026-04-23 20:50:39,846 [ genlib ] [ INFO ] Building library files for GLN --> ALA mutant
2026-04-23 20:50:39,847 [ genlib ] [ INFO ] reading rtp file "aminoacids.rtp"
2026-04-23 20:50:39,872 [ genlib ] [ INFO ] ENTERED SIMPLE
2026-04-23 20:50:39,872 [ genlib ] [ INFO ] Making atom pairs
2026-04-23 20:50:39,872 [ genlib ] [ INFO ] Searching branch 1
2026-04-23 20:50:39,872 [ genlib ] [ INFO ] Searching order 2
2026-04-23 20:50:39,872 [ genlib ] [ INFO ] Checking atom 1HB
2026-04-23 20:50:39,873 [ genlib ] [ INFO ] Define atom pair: GLN|1HB|HC|H         - > ALA|2HB|HC|H         (d = 0.06 A)
2026-04-23 20:50:39,873 [ genlib ] [ INFO ] Checking atom 2HB
2026-04-23 20:50:39,873 [ genlib ] [ INFO ] Define atom pair: GLN|2HB|HC|H         - > ALA|3HB|HC|H         (d = 0.09 A)
2026-04-23 20:50:39,873 [ genlib ] [ INFO ] Checking atom CG
2026-04-23 20:50:39,873 [ genlib ] [ INFO ] Define atom pair: GLN|CG|CT|C.3        - > ALA|1HB|HC|H         (d = 0.46 A)
2026-04-23 20:50:39,873 [ genlib ] [ INFO ] Searching order 3
2026-04-23 20:50:39,873 [ genlib ] [ INFO ] Checking atom 1HG
2026-04-23 20:50:39,873 [ genlib ] [ INFO ] No partner found for atom 1HG
2026-04-23 20:50:39,873 [ genlib ] [ INFO ] Checking atom 2HG
2026-04-23 20:50:39,873 [ genlib ] [ INFO ] No partner found for atom 2HG
2026-04-23 20:50:39,873 [ genlib ] [ INFO ] Checking atom CD
2026-04-23 20:50:39,873 [ genlib ] [ INFO ] No partner found for atom CD
2026-04-23 20:50:39,873 [ genlib ] [ INFO ] Searching order 4
2026-04-23 20:50:39,873 [ genlib ] [ INFO ] Searching order 5
2026-04-23 20:50:39,873 [ genlib ] [ INFO ] Searching order 6
2026-04-23 20:50:39,873 [ genlib ] [ INFO ] Searching order 7
2026-04-23 20:50:39,873 [ genlib ] [ INFO ] Searching branch 2
2026-04-23 20:50:39,873 [ genlib ] [ INFO ] Searching order 2
2026-04-23 20:50:39,873 [ genlib ] [ INFO ] Searching order 3
2026-04-23 20:50:39,873 [ genlib ] [ INFO ] Checking atom 1HG
2026-04-23 20:50:39,873 [ genlib ] [ INFO ] No partner found for atom 1HG
2026-04-23 20:50:39,873 [ genlib ] [ INFO ] Checking atom 2HG
2026-04-23 20:50:39,873 [ genlib ] [ INFO ] No partner found for atom 2HG
2026-04-23 20:50:39,873 [ genlib ] [ INFO ] Checking atom CD
2026-04-23 20:50:39,873 [ genlib ] [ INFO ] No partner found for atom CD
2026-04-23 20:50:39,873 [ genlib ] [ INFO ] Searching order 4
2026-04-23 20:50:39,873 [ genlib ] [ INFO ] Searching order 5
2026-04-23 20:50:39,873 [ genlib ] [ INFO ] Searching order 6
2026-04-23 20:50:39,873 [ genlib ] [ INFO ] Searching order 7
2026-04-23 20:50:39,873 [ genlib ] [ INFO ] Updating bond lists
2026-04-23 20:50:39,873 [ genlib ] [ INFO ] Updating dihedrals
2026-04-23 20:50:39,873 [ genlib ] [ INFO ] Updating impropers
2026-04-23 20:50:39,873 [ genlib ] [ INFO ] Building library files for GLN --> ARG mutant
2026-04-23 20:50:39,874 [ genlib ] [ INFO ] reading rtp file "aminoacids.rtp"
2026-04-23 20:50:39,900 [ genlib ] [ INFO ] ENTERED SIMPLE
2026-04-23 20:50:39,900 [ genlib ] [ INFO ] Making atom pairs
2026-04-23 20:50:39,900 [ genlib ] [ INFO ] Searching branch 1
2026-04-23 20:50:39,900 [ genlib ] [ INFO ] Searching order 2
2026-04-23 20:50:39,900 [ genlib ] [ INFO ] Checking atom 1HB
2026-04-23 20:50:39,900 [ genlib ] [ INFO ] Define atom pair: GLN|1HB|HC|H         - > ARG|1HB|HC|H         (d = 0.02 A)
2026-04-23 20:50:39,900 [ genlib ] [ INFO ] Checking atom 2HB
2026-04-23 20:50:39,900 [ genlib ] [ INFO ] Define atom pair: GLN|2HB|HC|H         - > ARG|2HB|HC|H         (d = 0.05 A)
2026-04-23 20:50:39,900 [ genlib ] [ INFO ] Checking atom CG
2026-04-23 20:50:39,900 [ genlib ] [ INFO ] Define atom pair: GLN|CG|CT|C.3        - > ARG|CG|CT|C.3        (d = 0.04 A)
2026-04-23 20:50:39,900 [ genlib ] [ INFO ] Searching order 3
2026-04-23 20:50:39,900 [ genlib ] [ INFO ] Checking atom 1HG
2026-04-23 20:50:39,900 [ genlib ] [ INFO ] Define atom pair: GLN|1HG|HC|H         - > ARG|1HG|HC|H         (d = 0.06 A)
2026-04-23 20:50:39,900 [ genlib ] [ INFO ] Checking atom 2HG
2026-04-23 20:50:39,900 [ genlib ] [ INFO ] Define atom pair: GLN|2HG|HC|H         - > ARG|2HG|HC|H         (d = 0.05 A)
2026-04-23 20:50:39,900 [ genlib ] [ INFO ] Checking atom CD
2026-04-23 20:50:39,900 [ genlib ] [ INFO ] Define atom pair: GLN|CD|C|C.2         - > ARG|CD|CT|C.3        (d = 0.04 A)
2026-04-23 20:50:39,900 [ genlib ] [ INFO ] Searching order 4
2026-04-23 20:50:39,900 [ genlib ] [ INFO ] Checking atom OE1
2026-04-23 20:50:39,900 [ genlib ] [ INFO ] Define atom pair: GLN|OE1|O|O.2        - > ARG|NE|N2|N.pl3      (d = 0.27 A)
2026-04-23 20:50:39,900 [ genlib ] [ INFO ] Checking atom NE2
2026-04-23 20:50:39,900 [ genlib ] [ INFO ] No partner found for atom NE2
2026-04-23 20:50:39,900 [ genlib ] [ INFO ] Searching order 5
2026-04-23 20:50:39,900 [ genlib ] [ INFO ] Searching order 6
2026-04-23 20:50:39,900 [ genlib ] [ INFO ] Searching order 7
2026-04-23 20:50:39,900 [ genlib ] [ INFO ] Searching branch 2
2026-04-23 20:50:39,900 [ genlib ] [ INFO ] Searching order 2
2026-04-23 20:50:39,900 [ genlib ] [ INFO ] Searching order 3
2026-04-23 20:50:39,900 [ genlib ] [ INFO ] Searching order 4
2026-04-23 20:50:39,900 [ genlib ] [ INFO ] Checking atom NE2
2026-04-23 20:50:39,900 [ genlib ] [ INFO ] No partner found for atom NE2
2026-04-23 20:50:39,900 [ genlib ] [ INFO ] Searching order 5
2026-04-23 20:50:39,900 [ genlib ] [ INFO ] Searching order 6
2026-04-23 20:50:39,900 [ genlib ] [ INFO ] Searching order 7
2026-04-23 20:50:39,905 [ genlib ] [ INFO ] Updating bond lists
2026-04-23 20:50:39,905 [ genlib ] [ INFO ] Updating dihedrals
2026-04-23 20:50:39,905 [ genlib ] [ INFO ] Updating impropers
2026-04-23 20:50:39,906 [ genlib ] [ INFO ] Building library files for GLN --> ASH mutant
2026-04-23 20:50:39,906 [ genlib ] [ INFO ] reading rtp file "aminoacids.rtp"
2026-04-23 20:50:39,931 [ genlib ] [ INFO ] ENTERED SIMPLE
2026-04-23 20:50:39,931 [ genlib ] [ INFO ] Making atom pairs
2026-04-23 20:50:39,932 [ genlib ] [ INFO ] Searching branch 1
2026-04-23 20:50:39,932 [ genlib ] [ INFO ] Searching order 2
2026-04-23 20:50:39,932 [ genlib ] [ INFO ] Checking atom 1HB
2026-04-23 20:50:39,932 [ genlib ] [ INFO ] Define atom pair: GLN|1HB|HC|H         - > ASH|1HB|HC|H         (d = 0.07 A)
2026-04-23 20:50:39,932 [ genlib ] [ INFO ] Checking atom 2HB
2026-04-23 20:50:39,932 [ genlib ] [ INFO ] Define atom pair: GLN|2HB|HC|H         - > ASH|2HB|HC|H         (d = 0.08 A)
2026-04-23 20:50:39,932 [ genlib ] [ INFO ] Checking atom CG
2026-04-23 20:50:39,932 [ genlib ] [ INFO ] Define atom pair: GLN|CG|CT|C.3        - > ASH|CG|C|C.2         (d = 0.07 A)
2026-04-23 20:50:39,932 [ genlib ] [ INFO ] Searching order 3
2026-04-23 20:50:39,932 [ genlib ] [ INFO ] Checking atom 1HG
2026-04-23 20:50:39,932 [ genlib ] [ INFO ] No partner found for atom 1HG
2026-04-23 20:50:39,932 [ genlib ] [ INFO ] Checking atom 2HG
2026-04-23 20:50:39,932 [ genlib ] [ INFO ] No partner found for atom 2HG
2026-04-23 20:50:39,932 [ genlib ] [ INFO ] Checking atom CD
2026-04-23 20:50:39,932 [ genlib ] [ INFO ] Define atom pair: GLN|CD|C|C.2         - > ASH|OD1|O|O.co2      (d = 0.33 A)
2026-04-23 20:50:39,932 [ genlib ] [ INFO ] Searching order 4
2026-04-23 20:50:39,932 [ genlib ] [ INFO ] Checking atom OE1
2026-04-23 20:50:39,932 [ genlib ] [ INFO ] No partner found for atom OE1
2026-04-23 20:50:39,932 [ genlib ] [ INFO ] Checking atom NE2
2026-04-23 20:50:39,932 [ genlib ] [ INFO ] No partner found for atom NE2
2026-04-23 20:50:39,932 [ genlib ] [ INFO ] Searching order 5
2026-04-23 20:50:39,932 [ genlib ] [ INFO ] Searching order 6
2026-04-23 20:50:39,932 [ genlib ] [ INFO ] Searching order 7
2026-04-23 20:50:39,932 [ genlib ] [ INFO ] Searching branch 2
2026-04-23 20:50:39,932 [ genlib ] [ INFO ] Searching order 2
2026-04-23 20:50:39,932 [ genlib ] [ INFO ] Searching order 3
2026-04-23 20:50:39,932 [ genlib ] [ INFO ] Checking atom 1HG
2026-04-23 20:50:39,932 [ genlib ] [ INFO ] No partner found for atom 1HG
2026-04-23 20:50:39,932 [ genlib ] [ INFO ] Checking atom 2HG
2026-04-23 20:50:39,932 [ genlib ] [ INFO ] No partner found for atom 2HG
2026-04-23 20:50:39,932 [ genlib ] [ INFO ] Searching order 4
2026-04-23 20:50:39,932 [ genlib ] [ INFO ] Checking atom OE1
2026-04-23 20:50:39,932 [ genlib ] [ INFO ] No partner found for atom OE1
2026-04-23 20:50:39,932 [ genlib ] [ INFO ] Checking atom NE2
2026-04-23 20:50:39,932 [ genlib ] [ INFO ] No partner found for atom NE2
2026-04-23 20:50:39,932 [ genlib ] [ INFO ] Searching order 5
2026-04-23 20:50:39,932 [ genlib ] [ INFO ] Searching order 6
2026-04-23 20:50:39,932 [ genlib ] [ INFO ] Searching order 7
2026-04-23 20:50:39,933 [ genlib ] [ INFO ] Updating bond lists
2026-04-23 20:50:39,933 [ genlib ] [ INFO ] Updating dihedrals
2026-04-23 20:50:39,933 [ genlib ] [ INFO ] Updating impropers
2026-04-23 20:50:39,933 [ genlib ] [ INFO ] Building library files for GLN --> ASN mutant
2026-04-23 20:50:39,934 [ genlib ] [ INFO ] reading rtp file "aminoacids.rtp"
2026-04-23 20:50:39,959 [ genlib ] [ INFO ] ENTERED SIMPLE
2026-04-23 20:50:39,959 [ genlib ] [ INFO ] Making atom pairs
2026-04-23 20:50:39,959 [ genlib ] [ INFO ] Searching branch 1
2026-04-23 20:50:39,959 [ genlib ] [ INFO ] Searching order 2
2026-04-23 20:50:39,959 [ genlib ] [ INFO ] Checking atom 1HB
2026-04-23 20:50:39,959 [ genlib ] [ INFO ] Define atom pair: GLN|1HB|HC|H         - > ASN|1HB|HC|H         (d = 0.12 A)
2026-04-23 20:50:39,959 [ genlib ] [ INFO ] Checking atom 2HB
2026-04-23 20:50:39,959 [ genlib ] [ INFO ] Define atom pair: GLN|2HB|HC|H         - > ASN|2HB|HC|H         (d = 0.08 A)
2026-04-23 20:50:39,959 [ genlib ] [ INFO ] Checking atom CG
2026-04-23 20:50:39,959 [ genlib ] [ INFO ] Define atom pair: GLN|CG|CT|C.3        - > ASN|CG|C|C.2         (d = 0.16 A)
2026-04-23 20:50:39,959 [ genlib ] [ INFO ] Searching order 3
2026-04-23 20:50:39,959 [ genlib ] [ INFO ] Checking atom 1HG
2026-04-23 20:50:39,959 [ genlib ] [ INFO ] No partner found for atom 1HG
2026-04-23 20:50:39,959 [ genlib ] [ INFO ] Checking atom 2HG
2026-04-23 20:50:39,959 [ genlib ] [ INFO ] No partner found for atom 2HG
2026-04-23 20:50:39,959 [ genlib ] [ INFO ] Checking atom CD
2026-04-23 20:50:39,959 [ genlib ] [ INFO ] Define atom pair: GLN|CD|C|C.2         - > ASN|OD1|O|O.2        (d = 0.51 A)
2026-04-23 20:50:39,959 [ genlib ] [ INFO ] Searching order 4
2026-04-23 20:50:39,959 [ genlib ] [ INFO ] Checking atom OE1
2026-04-23 20:50:39,959 [ genlib ] [ INFO ] No partner found for atom OE1
2026-04-23 20:50:39,959 [ genlib ] [ INFO ] Checking atom NE2
2026-04-23 20:50:39,959 [ genlib ] [ INFO ] No partner found for atom NE2
2026-04-23 20:50:39,959 [ genlib ] [ INFO ] Searching order 5
2026-04-23 20:50:39,959 [ genlib ] [ INFO ] Searching order 6
2026-04-23 20:50:39,959 [ genlib ] [ INFO ] Searching order 7
2026-04-23 20:50:39,959 [ genlib ] [ INFO ] Searching branch 2
2026-04-23 20:50:39,959 [ genlib ] [ INFO ] Searching order 2
2026-04-23 20:50:39,959 [ genlib ] [ INFO ] Searching order 3
2026-04-23 20:50:39,959 [ genlib ] [ INFO ] Checking atom 1HG
2026-04-23 20:50:39,959 [ genlib ] [ INFO ] No partner found for atom 1HG
2026-04-23 20:50:39,959 [ genlib ] [ INFO ] Checking atom 2HG
2026-04-23 20:50:39,959 [ genlib ] [ INFO ] No partner found for atom 2HG
2026-04-23 20:50:39,959 [ genlib ] [ INFO ] Searching order 4
2026-04-23 20:50:39,959 [ genlib ] [ INFO ] Checking atom OE1
2026-04-23 20:50:39,959 [ genlib ] [ INFO ] No partner found for atom OE1
2026-04-23 20:50:39,959 [ genlib ] [ INFO ] Checking atom NE2
2026-04-23 20:50:39,959 [ genlib ] [ INFO ] No partner found for atom NE2
2026-04-23 20:50:39,959 [ genlib ] [ INFO ] Searching order 5
2026-04-23 20:50:39,959 [ genlib ] [ INFO ] Searching order 6
2026-04-23 20:50:39,959 [ genlib ] [ INFO ] Searching order 7
2026-04-23 20:50:39,960 [ genlib ] [ INFO ] Updating bond lists
2026-04-23 20:50:39,961 [ genlib ] [ INFO ] Updating dihedrals
2026-04-23 20:50:39,961 [ genlib ] [ INFO ] Updating impropers
2026-04-23 20:50:39,961 [ genlib ] [ INFO ] Building library files for GLN --> ASP mutant
2026-04-23 20:50:39,962 [ genlib ] [ INFO ] reading rtp file "aminoacids.rtp"
2026-04-23 20:50:39,988 [ genlib ] [ INFO ] ENTERED SIMPLE
2026-04-23 20:50:39,988 [ genlib ] [ INFO ] Making atom pairs
2026-04-23 20:50:39,988 [ genlib ] [ INFO ] Searching branch 1
2026-04-23 20:50:39,988 [ genlib ] [ INFO ] Searching order 2
2026-04-23 20:50:39,988 [ genlib ] [ INFO ] Checking atom 1HB
2026-04-23 20:50:39,988 [ genlib ] [ INFO ] Define atom pair: GLN|1HB|HC|H         - > ASP|1HB|HC|H         (d = 0.05 A)
2026-04-23 20:50:39,988 [ genlib ] [ INFO ] Checking atom 2HB
2026-04-23 20:50:39,988 [ genlib ] [ INFO ] Define atom pair: GLN|2HB|HC|H         - > ASP|2HB|HC|H         (d = 0.03 A)
2026-04-23 20:50:39,988 [ genlib ] [ INFO ] Checking atom CG
2026-04-23 20:50:39,988 [ genlib ] [ INFO ] Define atom pair: GLN|CG|CT|C.3        - > ASP|CG|C|C.2         (d = 0.07 A)
2026-04-23 20:50:39,988 [ genlib ] [ INFO ] Searching order 3
2026-04-23 20:50:39,988 [ genlib ] [ INFO ] Checking atom 1HG
2026-04-23 20:50:39,988 [ genlib ] [ INFO ] No partner found for atom 1HG
2026-04-23 20:50:39,988 [ genlib ] [ INFO ] Checking atom 2HG
2026-04-23 20:50:39,988 [ genlib ] [ INFO ] No partner found for atom 2HG
2026-04-23 20:50:39,988 [ genlib ] [ INFO ] Checking atom CD
2026-04-23 20:50:39,988 [ genlib ] [ INFO ] Define atom pair: GLN|CD|C|C.2         - > ASP|OD1|O2|O.co2     (d = 0.33 A)
2026-04-23 20:50:39,988 [ genlib ] [ INFO ] Searching order 4
2026-04-23 20:50:39,988 [ genlib ] [ INFO ] Checking atom OE1
2026-04-23 20:50:39,988 [ genlib ] [ INFO ] No partner found for atom OE1
2026-04-23 20:50:39,988 [ genlib ] [ INFO ] Checking atom NE2
2026-04-23 20:50:39,988 [ genlib ] [ INFO ] No partner found for atom NE2
2026-04-23 20:50:39,988 [ genlib ] [ INFO ] Searching order 5
2026-04-23 20:50:39,988 [ genlib ] [ INFO ] Searching order 6
2026-04-23 20:50:39,988 [ genlib ] [ INFO ] Searching order 7
2026-04-23 20:50:39,988 [ genlib ] [ INFO ] Searching branch 2
2026-04-23 20:50:39,988 [ genlib ] [ INFO ] Searching order 2
2026-04-23 20:50:39,988 [ genlib ] [ INFO ] Searching order 3
2026-04-23 20:50:39,988 [ genlib ] [ INFO ] Checking atom 1HG
2026-04-23 20:50:39,988 [ genlib ] [ INFO ] No partner found for atom 1HG
2026-04-23 20:50:39,988 [ genlib ] [ INFO ] Checking atom 2HG
2026-04-23 20:50:39,988 [ genlib ] [ INFO ] No partner found for atom 2HG
2026-04-23 20:50:39,988 [ genlib ] [ INFO ] Searching order 4
2026-04-23 20:50:39,988 [ genlib ] [ INFO ] Checking atom OE1
2026-04-23 20:50:39,988 [ genlib ] [ INFO ] No partner found for atom OE1
2026-04-23 20:50:39,988 [ genlib ] [ INFO ] Checking atom NE2
2026-04-23 20:50:39,988 [ genlib ] [ INFO ] No partner found for atom NE2
2026-04-23 20:50:39,988 [ genlib ] [ INFO ] Searching order 5
2026-04-23 20:50:39,988 [ genlib ] [ INFO ] Searching order 6
2026-04-23 20:50:39,988 [ genlib ] [ INFO ] Searching order 7
2026-04-23 20:50:39,989 [ genlib ] [ INFO ] Updating bond lists
2026-04-23 20:50:39,989 [ genlib ] [ INFO ] Updating dihedrals
2026-04-23 20:50:39,989 [ genlib ] [ INFO ] Updating impropers
2026-04-23 20:50:39,989 [ genlib ] [ INFO ] Building library files for GLN --> CYS mutant
2026-04-23 20:50:39,990 [ genlib ] [ INFO ] reading rtp file "aminoacids.rtp"
2026-04-23 20:50:40,015 [ genlib ] [ INFO ] ENTERED SIMPLE
2026-04-23 20:50:40,015 [ genlib ] [ INFO ] Making atom pairs
2026-04-23 20:50:40,015 [ genlib ] [ INFO ] Searching branch 1
2026-04-23 20:50:40,015 [ genlib ] [ INFO ] Searching order 2
2026-04-23 20:50:40,015 [ genlib ] [ INFO ] Checking atom 1HB
2026-04-23 20:50:40,015 [ genlib ] [ INFO ] Define atom pair: GLN|1HB|HC|H         - > CYS|1HB|H1|H         (d = 0.06 A)
2026-04-23 20:50:40,015 [ genlib ] [ INFO ] Checking atom 2HB
2026-04-23 20:50:40,015 [ genlib ] [ INFO ] Define atom pair: GLN|2HB|HC|H         - > CYS|2HB|H1|H         (d = 0.06 A)
2026-04-23 20:50:40,015 [ genlib ] [ INFO ] Checking atom CG
2026-04-23 20:50:40,015 [ genlib ] [ INFO ] Define atom pair: GLN|CG|CT|C.3        - > CYS|SG|SH|S.3        (d = 0.29 A)
2026-04-23 20:50:40,015 [ genlib ] [ INFO ] Searching order 3
2026-04-23 20:50:40,015 [ genlib ] [ INFO ] Checking atom 1HG
2026-04-23 20:50:40,015 [ genlib ] [ INFO ] No partner found for atom 1HG
2026-04-23 20:50:40,015 [ genlib ] [ INFO ] Checking atom 2HG
2026-04-23 20:50:40,015 [ genlib ] [ INFO ] No partner found for atom 2HG
2026-04-23 20:50:40,015 [ genlib ] [ INFO ] Checking atom CD
2026-04-23 20:50:40,015 [ genlib ] [ INFO ] Define atom pair: GLN|CD|C|C.2         - > CYS|HG|HS|H          (d = 0.28 A)
2026-04-23 20:50:40,015 [ genlib ] [ INFO ] Searching order 4
2026-04-23 20:50:40,015 [ genlib ] [ INFO ] Checking atom OE1
2026-04-23 20:50:40,015 [ genlib ] [ INFO ] No partner found for atom OE1
2026-04-23 20:50:40,015 [ genlib ] [ INFO ] Checking atom NE2
2026-04-23 20:50:40,016 [ genlib ] [ INFO ] No partner found for atom NE2
2026-04-23 20:50:40,016 [ genlib ] [ INFO ] Searching order 5
2026-04-23 20:50:40,016 [ genlib ] [ INFO ] Searching order 6
2026-04-23 20:50:40,016 [ genlib ] [ INFO ] Searching order 7
2026-04-23 20:50:40,016 [ genlib ] [ INFO ] Searching branch 2
2026-04-23 20:50:40,016 [ genlib ] [ INFO ] Searching order 2
2026-04-23 20:50:40,016 [ genlib ] [ INFO ] Searching order 3
2026-04-23 20:50:40,016 [ genlib ] [ INFO ] Checking atom 1HG
2026-04-23 20:50:40,016 [ genlib ] [ INFO ] No partner found for atom 1HG
2026-04-23 20:50:40,016 [ genlib ] [ INFO ] Checking atom 2HG
2026-04-23 20:50:40,016 [ genlib ] [ INFO ] No partner found for atom 2HG
2026-04-23 20:50:40,016 [ genlib ] [ INFO ] Searching order 4
2026-04-23 20:50:40,016 [ genlib ] [ INFO ] Checking atom OE1
2026-04-23 20:50:40,016 [ genlib ] [ INFO ] No partner found for atom OE1
2026-04-23 20:50:40,016 [ genlib ] [ INFO ] Checking atom NE2
2026-04-23 20:50:40,016 [ genlib ] [ INFO ] No partner found for atom NE2
2026-04-23 20:50:40,016 [ genlib ] [ INFO ] Searching order 5
2026-04-23 20:50:40,016 [ genlib ] [ INFO ] Searching order 6
2026-04-23 20:50:40,016 [ genlib ] [ INFO ] Searching order 7
2026-04-23 20:50:40,016 [ genlib ] [ INFO ] Updating bond lists
2026-04-23 20:50:40,016 [ genlib ] [ INFO ] Updating dihedrals
2026-04-23 20:50:40,016 [ genlib ] [ INFO ] Updating impropers
2026-04-23 20:50:40,016 [ genlib ] [ INFO ] Building library files for GLN --> GLH mutant
2026-04-23 20:50:40,017 [ genlib ] [ INFO ] reading rtp file "aminoacids.rtp"
2026-04-23 20:50:40,042 [ genlib ] [ INFO ] ENTERED SIMPLE
2026-04-23 20:50:40,042 [ genlib ] [ INFO ] Making atom pairs
2026-04-23 20:50:40,042 [ genlib ] [ INFO ] Searching branch 1
2026-04-23 20:50:40,042 [ genlib ] [ INFO ] Searching order 2
2026-04-23 20:50:40,042 [ genlib ] [ INFO ] Checking atom 1HB
2026-04-23 20:50:40,042 [ genlib ] [ INFO ] Define atom pair: GLN|1HB|HC|H         - > GLH|1HB|HC|H         (d = 0.13 A)
2026-04-23 20:50:40,042 [ genlib ] [ INFO ] Checking atom 2HB
2026-04-23 20:50:40,042 [ genlib ] [ INFO ] Define atom pair: GLN|2HB|HC|H         - > GLH|2HB|HC|H         (d = 0.12 A)
2026-04-23 20:50:40,042 [ genlib ] [ INFO ] Checking atom CG
2026-04-23 20:50:40,042 [ genlib ] [ INFO ] Define atom pair: GLN|CG|CT|C.3        - > GLH|CG|CT|C.3        (d = 0.21 A)
2026-04-23 20:50:40,042 [ genlib ] [ INFO ] Searching order 3
2026-04-23 20:50:40,042 [ genlib ] [ INFO ] Checking atom 1HG
2026-04-23 20:50:40,042 [ genlib ] [ INFO ] Define atom pair: GLN|1HG|HC|H         - > GLH|1HG|HC|H         (d = 0.30 A)
2026-04-23 20:50:40,043 [ genlib ] [ INFO ] Checking atom 2HG
2026-04-23 20:50:40,043 [ genlib ] [ INFO ] Define atom pair: GLN|2HG|HC|H         - > GLH|2HG|HC|H         (d = 0.27 A)
2026-04-23 20:50:40,043 [ genlib ] [ INFO ] Checking atom CD
2026-04-23 20:50:40,043 [ genlib ] [ INFO ] Define atom pair: GLN|CD|C|C.2         - > GLH|CD|C|C.2         (d = 0.22 A)
2026-04-23 20:50:40,043 [ genlib ] [ INFO ] Searching order 4
2026-04-23 20:50:40,043 [ genlib ] [ INFO ] Checking atom OE1
2026-04-23 20:50:40,043 [ genlib ] [ INFO ] Define atom pair: GLN|OE1|O|O.2        - > GLH|OE1|O|O.co2      (d = 0.33 A)
2026-04-23 20:50:40,043 [ genlib ] [ INFO ] Checking atom NE2
2026-04-23 20:50:40,043 [ genlib ] [ INFO ] Define atom pair: GLN|NE2|N|N.am       - > GLH|OE2|OH|O.co2     (d = 0.21 A)
2026-04-23 20:50:40,043 [ genlib ] [ INFO ] Searching order 5
2026-04-23 20:50:40,043 [ genlib ] [ INFO ] Checking atom 1HE2
2026-04-23 20:50:40,043 [ genlib ] [ INFO ] No partner found for atom 1HE2
2026-04-23 20:50:40,043 [ genlib ] [ INFO ] Checking atom 2HE2
2026-04-23 20:50:40,043 [ genlib ] [ INFO ] Define atom pair: GLN|2HE2|H|H         - > GLH|HE2|HO|H         (d = 0.29 A)
2026-04-23 20:50:40,043 [ genlib ] [ INFO ] Searching order 6
2026-04-23 20:50:40,043 [ genlib ] [ INFO ] Searching order 7
2026-04-23 20:50:40,043 [ genlib ] [ INFO ] Searching branch 2
2026-04-23 20:50:40,043 [ genlib ] [ INFO ] Searching order 2
2026-04-23 20:50:40,043 [ genlib ] [ INFO ] Searching order 3
2026-04-23 20:50:40,043 [ genlib ] [ INFO ] Searching order 4
2026-04-23 20:50:40,043 [ genlib ] [ INFO ] Searching order 5
2026-04-23 20:50:40,043 [ genlib ] [ INFO ] Checking atom 1HE2
2026-04-23 20:50:40,043 [ genlib ] [ INFO ] No partner found for atom 1HE2
2026-04-23 20:50:40,043 [ genlib ] [ INFO ] Searching order 6
2026-04-23 20:50:40,043 [ genlib ] [ INFO ] Searching order 7
2026-04-23 20:50:40,043 [ genlib ] [ INFO ] Updating bond lists
2026-04-23 20:50:40,043 [ genlib ] [ INFO ] Updating dihedrals
2026-04-23 20:50:40,043 [ genlib ] [ INFO ] Updating impropers
2026-04-23 20:50:40,043 [ genlib ] [ WARNING ] undefined
2026-04-23 20:50:40,043 [ genlib ] [ WARNING ] undefined
2026-04-23 20:50:40,043 [ genlib ] [ INFO ] Building library files for GLN --> GLU mutant
2026-04-23 20:50:40,044 [ genlib ] [ INFO ] reading rtp file "aminoacids.rtp"
2026-04-23 20:50:40,070 [ genlib ] [ INFO ] ENTERED SIMPLE
2026-04-23 20:50:40,070 [ genlib ] [ INFO ] Making atom pairs
2026-04-23 20:50:40,070 [ genlib ] [ INFO ] Searching branch 1
2026-04-23 20:50:40,070 [ genlib ] [ INFO ] Searching order 2
2026-04-23 20:50:40,070 [ genlib ] [ INFO ] Checking atom 1HB
2026-04-23 20:50:40,070 [ genlib ] [ INFO ] Define atom pair: GLN|1HB|HC|H         - > GLU|1HB|HC|H         (d = 0.10 A)
2026-04-23 20:50:40,070 [ genlib ] [ INFO ] Checking atom 2HB
2026-04-23 20:50:40,070 [ genlib ] [ INFO ] Define atom pair: GLN|2HB|HC|H         - > GLU|2HB|HC|H         (d = 0.15 A)
2026-04-23 20:50:40,070 [ genlib ] [ INFO ] Checking atom CG
2026-04-23 20:50:40,070 [ genlib ] [ INFO ] Define atom pair: GLN|CG|CT|C.3        - > GLU|CG|CT|C.3        (d = 0.21 A)
2026-04-23 20:50:40,070 [ genlib ] [ INFO ] Searching order 3
2026-04-23 20:50:40,070 [ genlib ] [ INFO ] Checking atom 1HG
2026-04-23 20:50:40,070 [ genlib ] [ INFO ] Define atom pair: GLN|1HG|HC|H         - > GLU|1HG|HC|H         (d = 0.25 A)
2026-04-23 20:50:40,070 [ genlib ] [ INFO ] Checking atom 2HG
2026-04-23 20:50:40,070 [ genlib ] [ INFO ] Define atom pair: GLN|2HG|HC|H         - > GLU|2HG|HC|H         (d = 0.27 A)
2026-04-23 20:50:40,070 [ genlib ] [ INFO ] Checking atom CD
2026-04-23 20:50:40,070 [ genlib ] [ INFO ] Define atom pair: GLN|CD|C|C.2         - > GLU|CD|C|C.2         (d = 0.22 A)
2026-04-23 20:50:40,070 [ genlib ] [ INFO ] Searching order 4
2026-04-23 20:50:40,070 [ genlib ] [ INFO ] Checking atom OE1
2026-04-23 20:50:40,070 [ genlib ] [ INFO ] Define atom pair: GLN|OE1|O|O.2        - > GLU|OE1|O2|O.co2     (d = 0.33 A)
2026-04-23 20:50:40,070 [ genlib ] [ INFO ] Checking atom NE2
2026-04-23 20:50:40,070 [ genlib ] [ INFO ] Define atom pair: GLN|NE2|N|N.am       - > GLU|OE2|O2|O.co2     (d = 0.22 A)
2026-04-23 20:50:40,070 [ genlib ] [ INFO ] Searching order 5
2026-04-23 20:50:40,070 [ genlib ] [ INFO ] Checking atom 1HE2
2026-04-23 20:50:40,070 [ genlib ] [ INFO ] No partner found for atom 1HE2
2026-04-23 20:50:40,070 [ genlib ] [ INFO ] Checking atom 2HE2
2026-04-23 20:50:40,070 [ genlib ] [ INFO ] No partner found for atom 2HE2
2026-04-23 20:50:40,070 [ genlib ] [ INFO ] Searching order 6
2026-04-23 20:50:40,070 [ genlib ] [ INFO ] Searching order 7
2026-04-23 20:50:40,070 [ genlib ] [ INFO ] Searching branch 2
2026-04-23 20:50:40,070 [ genlib ] [ INFO ] Searching order 2
2026-04-23 20:50:40,070 [ genlib ] [ INFO ] Searching order 3
2026-04-23 20:50:40,070 [ genlib ] [ INFO ] Searching order 4
2026-04-23 20:50:40,070 [ genlib ] [ INFO ] Searching order 5
2026-04-23 20:50:40,070 [ genlib ] [ INFO ] Checking atom 1HE2
2026-04-23 20:50:40,070 [ genlib ] [ INFO ] No partner found for atom 1HE2
2026-04-23 20:50:40,070 [ genlib ] [ INFO ] Checking atom 2HE2
2026-04-23 20:50:40,070 [ genlib ] [ INFO ] No partner found for atom 2HE2
2026-04-23 20:50:40,070 [ genlib ] [ INFO ] Searching order 6
2026-04-23 20:50:40,070 [ genlib ] [ INFO ] Searching order 7
2026-04-23 20:50:40,070 [ genlib ] [ INFO ] Updating bond lists
2026-04-23 20:50:40,070 [ genlib ] [ INFO ] Updating dihedrals
2026-04-23 20:50:40,070 [ genlib ] [ INFO ] Updating impropers
2026-04-23 20:50:40,070 [ genlib ] [ WARNING ] undefined
2026-04-23 20:50:40,070 [ genlib ] [ WARNING ] undefined
2026-04-23 20:50:40,071 [ genlib ] [ INFO ] Building library files for GLN --> GLY mutant
2026-04-23 20:50:40,071 [ genlib ] [ INFO ] reading rtp file "aminoacids.rtp"
2026-04-23 20:50:40,098 [ genlib ] [ INFO ] ENTERED G
2026-04-23 20:50:40,098 [ genlib ] [ INFO ] Making atom pairs
2026-04-23 20:50:40,098 [ genlib ] [ INFO ] Updating bond lists
2026-04-23 20:50:40,098 [ genlib ] [ INFO ] Updating dihedrals
2026-04-23 20:50:40,098 [ genlib ] [ INFO ] Updating impropers
2026-04-23 20:50:40,098 [ genlib ] [ WARNING ] undefined
2026-04-23 20:50:40,099 [ genlib ] [ INFO ] Building library files for GLN --> HID mutant
2026-04-23 20:50:40,099 [ genlib ] [ INFO ] reading rtp file "aminoacids.rtp"
2026-04-23 20:50:40,124 [ genlib ] [ INFO ] ENTERED RINGS
2026-04-23 20:50:40,125 [ genlib ] [ INFO ] Making atom pairs
2026-04-23 20:50:40,127 [ genlib ] [ INFO ] Updating bond lists
2026-04-23 20:50:40,127 [ genlib ] [ INFO ] Updating dihedrals
2026-04-23 20:50:40,127 [ genlib ] [ INFO ] Updating impropers
2026-04-23 20:50:40,128 [ genlib ] [ INFO ] Building library files for GLN --> HIE mutant
2026-04-23 20:50:40,128 [ genlib ] [ INFO ] reading rtp file "aminoacids.rtp"
2026-04-23 20:50:40,154 [ genlib ] [ INFO ] ENTERED RINGS
2026-04-23 20:50:40,154 [ genlib ] [ INFO ] Making atom pairs
2026-04-23 20:50:40,157 [ genlib ] [ INFO ] Updating bond lists
2026-04-23 20:50:40,157 [ genlib ] [ INFO ] Updating dihedrals
2026-04-23 20:50:40,157 [ genlib ] [ INFO ] Updating impropers
2026-04-23 20:50:40,158 [ genlib ] [ INFO ] Building library files for GLN --> HIP mutant
2026-04-23 20:50:40,158 [ genlib ] [ INFO ] reading rtp file "aminoacids.rtp"
2026-04-23 20:50:40,184 [ genlib ] [ INFO ] ENTERED RINGS
2026-04-23 20:50:40,184 [ genlib ] [ INFO ] Making atom pairs
2026-04-23 20:50:40,187 [ genlib ] [ INFO ] Updating bond lists
2026-04-23 20:50:40,187 [ genlib ] [ INFO ] Updating dihedrals
2026-04-23 20:50:40,187 [ genlib ] [ INFO ] Updating impropers
2026-04-23 20:50:40,188 [ genlib ] [ INFO ] Building library files for GLN --> ILE mutant
2026-04-23 20:50:40,188 [ genlib ] [ INFO ] reading rtp file "aminoacids.rtp"
2026-04-23 20:50:40,214 [ genlib ] [ INFO ] ENTERED SIMPLE
2026-04-23 20:50:40,214 [ genlib ] [ INFO ] Making atom pairs
2026-04-23 20:50:40,214 [ genlib ] [ INFO ] Searching branch 1
2026-04-23 20:50:40,214 [ genlib ] [ INFO ] Searching order 2
2026-04-23 20:50:40,214 [ genlib ] [ INFO ] Checking atom 1HB
2026-04-23 20:50:40,214 [ genlib ] [ INFO ] Define atom pair: GLN|1HB|HC|H         - > ILE|HB|HC|H          (d = 0.08 A)
2026-04-23 20:50:40,214 [ genlib ] [ INFO ] Checking atom 2HB
2026-04-23 20:50:40,214 [ genlib ] [ INFO ] Define atom pair: GLN|2HB|HC|H         - > ILE|CG2|CT|C.3       (d = 0.49 A)
2026-04-23 20:50:40,214 [ genlib ] [ INFO ] Checking atom CG
2026-04-23 20:50:40,214 [ genlib ] [ INFO ] Define atom pair: GLN|CG|CT|C.3        - > ILE|CG1|CT|C.3       (d = 0.09 A)
2026-04-23 20:50:40,214 [ genlib ] [ INFO ] Searching order 3
2026-04-23 20:50:40,214 [ genlib ] [ INFO ] Checking atom 1HG
2026-04-23 20:50:40,214 [ genlib ] [ INFO ] Define atom pair: GLN|1HG|HC|H         - > ILE|1HG1|HC|H        (d = 0.13 A)
2026-04-23 20:50:40,214 [ genlib ] [ INFO ] Checking atom 2HG
2026-04-23 20:50:40,214 [ genlib ] [ INFO ] Define atom pair: GLN|2HG|HC|H         - > ILE|2HG1|HC|H        (d = 0.08 A)
2026-04-23 20:50:40,214 [ genlib ] [ INFO ] Checking atom CD
2026-04-23 20:50:40,214 [ genlib ] [ INFO ] Define atom pair: GLN|CD|C|C.2         - > ILE|CD1|CT|C.3       (d = 0.08 A)
2026-04-23 20:50:40,214 [ genlib ] [ INFO ] Searching order 4
2026-04-23 20:50:40,214 [ genlib ] [ INFO ] Checking atom OE1
2026-04-23 20:50:40,214 [ genlib ] [ INFO ] Define atom pair: GLN|OE1|O|O.2        - > ILE|1HD1|HC|H        (d = 0.31 A)
2026-04-23 20:50:40,214 [ genlib ] [ INFO ] Checking atom NE2
2026-04-23 20:50:40,214 [ genlib ] [ INFO ] No partner found for atom NE2
2026-04-23 20:50:40,214 [ genlib ] [ INFO ] Searching order 5
2026-04-23 20:50:40,214 [ genlib ] [ INFO ] Searching order 6
2026-04-23 20:50:40,214 [ genlib ] [ INFO ] Searching order 7
2026-04-23 20:50:40,214 [ genlib ] [ INFO ] Searching branch 2
2026-04-23 20:50:40,214 [ genlib ] [ INFO ] Searching order 2
2026-04-23 20:50:40,214 [ genlib ] [ INFO ] Searching order 3
2026-04-23 20:50:40,214 [ genlib ] [ INFO ] Searching order 4
2026-04-23 20:50:40,214 [ genlib ] [ INFO ] Checking atom NE2
2026-04-23 20:50:40,214 [ genlib ] [ INFO ] No partner found for atom NE2
2026-04-23 20:50:40,214 [ genlib ] [ INFO ] Searching order 5
2026-04-23 20:50:40,214 [ genlib ] [ INFO ] Searching order 6
2026-04-23 20:50:40,214 [ genlib ] [ INFO ] Searching order 7
2026-04-23 20:50:40,216 [ genlib ] [ INFO ] Updating bond lists
2026-04-23 20:50:40,216 [ genlib ] [ INFO ] Updating dihedrals
2026-04-23 20:50:40,216 [ genlib ] [ INFO ] Updating impropers
2026-04-23 20:50:40,216 [ genlib ] [ INFO ] Building library files for GLN --> LEU mutant
2026-04-23 20:50:40,217 [ genlib ] [ INFO ] reading rtp file "aminoacids.rtp"
2026-04-23 20:50:40,243 [ genlib ] [ INFO ] ENTERED SIMPLE
2026-04-23 20:50:40,243 [ genlib ] [ INFO ] Making atom pairs
2026-04-23 20:50:40,243 [ genlib ] [ INFO ] Searching branch 1
2026-04-23 20:50:40,243 [ genlib ] [ INFO ] Searching order 2
2026-04-23 20:50:40,243 [ genlib ] [ INFO ] Checking atom 1HB
2026-04-23 20:50:40,243 [ genlib ] [ INFO ] Define atom pair: GLN|1HB|HC|H         - > LEU|1HB|HC|H         (d = 0.08 A)
2026-04-23 20:50:40,243 [ genlib ] [ INFO ] Checking atom 2HB
2026-04-23 20:50:40,243 [ genlib ] [ INFO ] Define atom pair: GLN|2HB|HC|H         - > LEU|2HB|HC|H         (d = 0.07 A)
2026-04-23 20:50:40,243 [ genlib ] [ INFO ] Checking atom CG
2026-04-23 20:50:40,243 [ genlib ] [ INFO ] Define atom pair: GLN|CG|CT|C.3        - > LEU|CG|CT|C.3        (d = 0.14 A)
2026-04-23 20:50:40,243 [ genlib ] [ INFO ] Searching order 3
2026-04-23 20:50:40,243 [ genlib ] [ INFO ] Checking atom 1HG
2026-04-23 20:50:40,243 [ genlib ] [ INFO ] Define atom pair: GLN|1HG|HC|H         - > LEU|CD2|CT|C.3       (d = 0.52 A)
2026-04-23 20:50:40,243 [ genlib ] [ INFO ] Checking atom 2HG
2026-04-23 20:50:40,243 [ genlib ] [ INFO ] Define atom pair: GLN|2HG|HC|H         - > LEU|HG|HC|H          (d = 0.16 A)
2026-04-23 20:50:40,243 [ genlib ] [ INFO ] Checking atom CD
2026-04-23 20:50:40,243 [ genlib ] [ INFO ] Define atom pair: GLN|CD|C|C.2         - > LEU|CD1|CT|C.3       (d = 0.14 A)
2026-04-23 20:50:40,243 [ genlib ] [ INFO ] Searching order 4
2026-04-23 20:50:40,243 [ genlib ] [ INFO ] Checking atom OE1
2026-04-23 20:50:40,243 [ genlib ] [ INFO ] Define atom pair: GLN|OE1|O|O.2        - > LEU|1HD1|HC|H        (d = 0.35 A)
2026-04-23 20:50:40,243 [ genlib ] [ INFO ] Checking atom NE2
2026-04-23 20:50:40,243 [ genlib ] [ INFO ] No partner found for atom NE2
2026-04-23 20:50:40,243 [ genlib ] [ INFO ] Searching order 5
2026-04-23 20:50:40,243 [ genlib ] [ INFO ] Searching order 6
2026-04-23 20:50:40,243 [ genlib ] [ INFO ] Searching order 7
2026-04-23 20:50:40,243 [ genlib ] [ INFO ] Searching branch 2
2026-04-23 20:50:40,243 [ genlib ] [ INFO ] Searching order 2
2026-04-23 20:50:40,243 [ genlib ] [ INFO ] Searching order 3
2026-04-23 20:50:40,243 [ genlib ] [ INFO ] Searching order 4
2026-04-23 20:50:40,243 [ genlib ] [ INFO ] Checking atom NE2
2026-04-23 20:50:40,243 [ genlib ] [ INFO ] No partner found for atom NE2
2026-04-23 20:50:40,243 [ genlib ] [ INFO ] Searching order 5
2026-04-23 20:50:40,243 [ genlib ] [ INFO ] Searching order 6
2026-04-23 20:50:40,243 [ genlib ] [ INFO ] Searching order 7
2026-04-23 20:50:40,245 [ genlib ] [ INFO ] Updating bond lists
2026-04-23 20:50:40,245 [ genlib ] [ INFO ] Updating dihedrals
2026-04-23 20:50:40,245 [ genlib ] [ INFO ] Updating impropers
2026-04-23 20:50:40,245 [ genlib ] [ INFO ] Building library files for GLN --> LYN mutant
2026-04-23 20:50:40,246 [ genlib ] [ INFO ] reading rtp file "aminoacids.rtp"
2026-04-23 20:50:40,272 [ genlib ] [ INFO ] ENTERED SIMPLE
2026-04-23 20:50:40,272 [ genlib ] [ INFO ] Making atom pairs
2026-04-23 20:50:40,272 [ genlib ] [ INFO ] Searching branch 1
2026-04-23 20:50:40,272 [ genlib ] [ INFO ] Searching order 2
2026-04-23 20:50:40,272 [ genlib ] [ INFO ] Checking atom 1HB
2026-04-23 20:50:40,272 [ genlib ] [ INFO ] Define atom pair: GLN|1HB|HC|H         - > LYN|1HB|HC|H         (d = 0.10 A)
2026-04-23 20:50:40,272 [ genlib ] [ INFO ] Checking atom 2HB
2026-04-23 20:50:40,272 [ genlib ] [ INFO ] Define atom pair: GLN|2HB|HC|H         - > LYN|2HB|HC|H         (d = 0.13 A)
2026-04-23 20:50:40,272 [ genlib ] [ INFO ] Checking atom CG
2026-04-23 20:50:40,272 [ genlib ] [ INFO ] Define atom pair: GLN|CG|CT|C.3        - > LYN|CG|CT|C.3        (d = 0.04 A)
2026-04-23 20:50:40,272 [ genlib ] [ INFO ] Searching order 3
2026-04-23 20:50:40,272 [ genlib ] [ INFO ] Checking atom 1HG
2026-04-23 20:50:40,272 [ genlib ] [ INFO ] Define atom pair: GLN|1HG|HC|H         - > LYN|1HG|HC|H         (d = 0.07 A)
2026-04-23 20:50:40,272 [ genlib ] [ INFO ] Checking atom 2HG
2026-04-23 20:50:40,272 [ genlib ] [ INFO ] Define atom pair: GLN|2HG|HC|H         - > LYN|2HG|HC|H         (d = 0.10 A)
2026-04-23 20:50:40,272 [ genlib ] [ INFO ] Checking atom CD
2026-04-23 20:50:40,272 [ genlib ] [ INFO ] Define atom pair: GLN|CD|C|C.2         - > LYN|CD|CT|C.3        (d = 0.06 A)
2026-04-23 20:50:40,272 [ genlib ] [ INFO ] Searching order 4
2026-04-23 20:50:40,272 [ genlib ] [ INFO ] Checking atom OE1
2026-04-23 20:50:40,272 [ genlib ] [ INFO ] Define atom pair: GLN|OE1|O|O.2        - > LYN|CE|CT|C.3        (d = 0.30 A)
2026-04-23 20:50:40,272 [ genlib ] [ INFO ] Checking atom NE2
2026-04-23 20:50:40,272 [ genlib ] [ INFO ] No partner found for atom NE2
2026-04-23 20:50:40,272 [ genlib ] [ INFO ] Searching order 5
2026-04-23 20:50:40,272 [ genlib ] [ INFO ] Searching order 6
2026-04-23 20:50:40,272 [ genlib ] [ INFO ] Searching order 7
2026-04-23 20:50:40,272 [ genlib ] [ INFO ] Searching branch 2
2026-04-23 20:50:40,272 [ genlib ] [ INFO ] Searching order 2
2026-04-23 20:50:40,272 [ genlib ] [ INFO ] Searching order 3
2026-04-23 20:50:40,272 [ genlib ] [ INFO ] Searching order 4
2026-04-23 20:50:40,272 [ genlib ] [ INFO ] Checking atom NE2
2026-04-23 20:50:40,272 [ genlib ] [ INFO ] No partner found for atom NE2
2026-04-23 20:50:40,272 [ genlib ] [ INFO ] Searching order 5
2026-04-23 20:50:40,272 [ genlib ] [ INFO ] Searching order 6
2026-04-23 20:50:40,272 [ genlib ] [ INFO ] Searching order 7
2026-04-23 20:50:40,275 [ genlib ] [ INFO ] Updating bond lists
2026-04-23 20:50:40,275 [ genlib ] [ INFO ] Updating dihedrals
2026-04-23 20:50:40,275 [ genlib ] [ INFO ] Updating impropers
2026-04-23 20:50:40,275 [ genlib ] [ INFO ] Building library files for GLN --> LYS mutant
2026-04-23 20:50:40,276 [ genlib ] [ INFO ] reading rtp file "aminoacids.rtp"
2026-04-23 20:50:40,302 [ genlib ] [ INFO ] ENTERED SIMPLE
2026-04-23 20:50:40,302 [ genlib ] [ INFO ] Making atom pairs
2026-04-23 20:50:40,302 [ genlib ] [ INFO ] Searching branch 1
2026-04-23 20:50:40,302 [ genlib ] [ INFO ] Searching order 2
2026-04-23 20:50:40,302 [ genlib ] [ INFO ] Checking atom 1HB
2026-04-23 20:50:40,302 [ genlib ] [ INFO ] Define atom pair: GLN|1HB|HC|H         - > LYS|1HB|HC|H         (d = 0.02 A)
2026-04-23 20:50:40,302 [ genlib ] [ INFO ] Checking atom 2HB
2026-04-23 20:50:40,302 [ genlib ] [ INFO ] Define atom pair: GLN|2HB|HC|H         - > LYS|2HB|HC|H         (d = 0.04 A)
2026-04-23 20:50:40,302 [ genlib ] [ INFO ] Checking atom CG
2026-04-23 20:50:40,302 [ genlib ] [ INFO ] Define atom pair: GLN|CG|CT|C.3        - > LYS|CG|CT|C.3        (d = 0.04 A)
2026-04-23 20:50:40,302 [ genlib ] [ INFO ] Searching order 3
2026-04-23 20:50:40,302 [ genlib ] [ INFO ] Checking atom 1HG
2026-04-23 20:50:40,302 [ genlib ] [ INFO ] Define atom pair: GLN|1HG|HC|H         - > LYS|1HG|HC|H         (d = 0.06 A)
2026-04-23 20:50:40,302 [ genlib ] [ INFO ] Checking atom 2HG
2026-04-23 20:50:40,302 [ genlib ] [ INFO ] Define atom pair: GLN|2HG|HC|H         - > LYS|2HG|HC|H         (d = 0.06 A)
2026-04-23 20:50:40,302 [ genlib ] [ INFO ] Checking atom CD
2026-04-23 20:50:40,302 [ genlib ] [ INFO ] Define atom pair: GLN|CD|C|C.2         - > LYS|CD|CT|C.3        (d = 0.03 A)
2026-04-23 20:50:40,302 [ genlib ] [ INFO ] Searching order 4
2026-04-23 20:50:40,302 [ genlib ] [ INFO ] Checking atom OE1
2026-04-23 20:50:40,302 [ genlib ] [ INFO ] Define atom pair: GLN|OE1|O|O.2        - > LYS|CE|CT|C.3        (d = 0.34 A)
2026-04-23 20:50:40,302 [ genlib ] [ INFO ] Checking atom NE2
2026-04-23 20:50:40,302 [ genlib ] [ INFO ] No partner found for atom NE2
2026-04-23 20:50:40,302 [ genlib ] [ INFO ] Searching order 5
2026-04-23 20:50:40,302 [ genlib ] [ INFO ] Searching order 6
2026-04-23 20:50:40,302 [ genlib ] [ INFO ] Searching order 7
2026-04-23 20:50:40,302 [ genlib ] [ INFO ] Searching branch 2
2026-04-23 20:50:40,302 [ genlib ] [ INFO ] Searching order 2
2026-04-23 20:50:40,302 [ genlib ] [ INFO ] Searching order 3
2026-04-23 20:50:40,302 [ genlib ] [ INFO ] Searching order 4
2026-04-23 20:50:40,302 [ genlib ] [ INFO ] Checking atom NE2
2026-04-23 20:50:40,302 [ genlib ] [ INFO ] No partner found for atom NE2
2026-04-23 20:50:40,302 [ genlib ] [ INFO ] Searching order 5
2026-04-23 20:50:40,302 [ genlib ] [ INFO ] Searching order 6
2026-04-23 20:50:40,302 [ genlib ] [ INFO ] Searching order 7
2026-04-23 20:50:40,305 [ genlib ] [ INFO ] Updating bond lists
2026-04-23 20:50:40,305 [ genlib ] [ INFO ] Updating dihedrals
2026-04-23 20:50:40,305 [ genlib ] [ INFO ] Updating impropers
2026-04-23 20:50:40,306 [ genlib ] [ INFO ] Building library files for GLN --> MET mutant
2026-04-23 20:50:40,307 [ genlib ] [ INFO ] reading rtp file "aminoacids.rtp"
2026-04-23 20:50:40,332 [ genlib ] [ INFO ] ENTERED SIMPLE
2026-04-23 20:50:40,332 [ genlib ] [ INFO ] Making atom pairs
2026-04-23 20:50:40,332 [ genlib ] [ INFO ] Searching branch 1
2026-04-23 20:50:40,332 [ genlib ] [ INFO ] Searching order 2
2026-04-23 20:50:40,332 [ genlib ] [ INFO ] Checking atom 1HB
2026-04-23 20:50:40,332 [ genlib ] [ INFO ] Define atom pair: GLN|1HB|HC|H         - > MET|1HB|HC|H         (d = 0.05 A)
2026-04-23 20:50:40,332 [ genlib ] [ INFO ] Checking atom 2HB
2026-04-23 20:50:40,333 [ genlib ] [ INFO ] Define atom pair: GLN|2HB|HC|H         - > MET|2HB|HC|H         (d = 0.04 A)
2026-04-23 20:50:40,333 [ genlib ] [ INFO ] Checking atom CG
2026-04-23 20:50:40,333 [ genlib ] [ INFO ] Define atom pair: GLN|CG|CT|C.3        - > MET|CG|CT|C.3        (d = 0.07 A)
2026-04-23 20:50:40,333 [ genlib ] [ INFO ] Searching order 3
2026-04-23 20:50:40,333 [ genlib ] [ INFO ] Checking atom 1HG
2026-04-23 20:50:40,333 [ genlib ] [ INFO ] Define atom pair: GLN|1HG|HC|H         - > MET|1HG|H1|H         (d = 0.11 A)
2026-04-23 20:50:40,333 [ genlib ] [ INFO ] Checking atom 2HG
2026-04-23 20:50:40,333 [ genlib ] [ INFO ] Define atom pair: GLN|2HG|HC|H         - > MET|2HG|H1|H         (d = 0.10 A)
2026-04-23 20:50:40,333 [ genlib ] [ INFO ] Checking atom CD
2026-04-23 20:50:40,333 [ genlib ] [ INFO ] Define atom pair: GLN|CD|C|C.2         - > MET|SD|S|S.3         (d = 0.23 A)
2026-04-23 20:50:40,333 [ genlib ] [ INFO ] Searching order 4
2026-04-23 20:50:40,333 [ genlib ] [ INFO ] Checking atom OE1
2026-04-23 20:50:40,333 [ genlib ] [ INFO ] No partner found for atom OE1
2026-04-23 20:50:40,333 [ genlib ] [ INFO ] Checking atom NE2
2026-04-23 20:50:40,333 [ genlib ] [ INFO ] No partner found for atom NE2
2026-04-23 20:50:40,333 [ genlib ] [ INFO ] Searching order 5
2026-04-23 20:50:40,333 [ genlib ] [ INFO ] Searching order 6
2026-04-23 20:50:40,333 [ genlib ] [ INFO ] Searching order 7
2026-04-23 20:50:40,333 [ genlib ] [ INFO ] Searching branch 2
2026-04-23 20:50:40,333 [ genlib ] [ INFO ] Searching order 2
2026-04-23 20:50:40,333 [ genlib ] [ INFO ] Searching order 3
2026-04-23 20:50:40,333 [ genlib ] [ INFO ] Searching order 4
2026-04-23 20:50:40,333 [ genlib ] [ INFO ] Checking atom OE1
2026-04-23 20:50:40,333 [ genlib ] [ INFO ] No partner found for atom OE1
2026-04-23 20:50:40,333 [ genlib ] [ INFO ] Checking atom NE2
2026-04-23 20:50:40,333 [ genlib ] [ INFO ] No partner found for atom NE2
2026-04-23 20:50:40,333 [ genlib ] [ INFO ] Searching order 5
2026-04-23 20:50:40,333 [ genlib ] [ INFO ] Searching order 6
2026-04-23 20:50:40,333 [ genlib ] [ INFO ] Searching order 7
2026-04-23 20:50:40,334 [ genlib ] [ INFO ] Updating bond lists
2026-04-23 20:50:40,334 [ genlib ] [ INFO ] Updating dihedrals
2026-04-23 20:50:40,334 [ genlib ] [ INFO ] Updating impropers
2026-04-23 20:50:40,335 [ genlib ] [ INFO ] Building library files for GLN --> PHE mutant
2026-04-23 20:50:40,336 [ genlib ] [ INFO ] reading rtp file "aminoacids.rtp"
2026-04-23 20:50:40,361 [ genlib ] [ INFO ] ENTERED RINGS
2026-04-23 20:50:40,361 [ genlib ] [ INFO ] Making atom pairs
2026-04-23 20:50:40,365 [ genlib ] [ INFO ] Updating bond lists
2026-04-23 20:50:40,365 [ genlib ] [ INFO ] Updating dihedrals
2026-04-23 20:50:40,365 [ genlib ] [ INFO ] Updating impropers
2026-04-23 20:50:40,365 [ genlib ] [ INFO ] Building library files for GLN --> PRO mutant
2026-04-23 20:50:40,366 [ genlib ] [ INFO ] reading rtp file "aminoacids.rtp"
2026-04-23 20:50:40,391 [ genlib ] [ INFO ] ENTERED P
2026-04-23 20:50:40,391 [ genlib ] [ INFO ] Making atom pairs
2026-04-23 20:50:40,394 [ genlib ] [ INFO ] Updating bond lists
2026-04-23 20:50:40,394 [ genlib ] [ INFO ] Updating dihedrals
2026-04-23 20:50:40,394 [ genlib ] [ INFO ] Updating impropers
2026-04-23 20:50:40,394 [ genlib ] [ WARNING ] undefined
2026-04-23 20:50:40,394 [ genlib ] [ INFO ] Building library files for GLN --> SER mutant
2026-04-23 20:50:40,395 [ genlib ] [ INFO ] reading rtp file "aminoacids.rtp"
2026-04-23 20:50:40,420 [ genlib ] [ INFO ] ENTERED SIMPLE
2026-04-23 20:50:40,420 [ genlib ] [ INFO ] Making atom pairs
2026-04-23 20:50:40,420 [ genlib ] [ INFO ] Searching branch 1
2026-04-23 20:50:40,420 [ genlib ] [ INFO ] Searching order 2
2026-04-23 20:50:40,420 [ genlib ] [ INFO ] Checking atom 1HB
2026-04-23 20:50:40,420 [ genlib ] [ INFO ] Define atom pair: GLN|1HB|HC|H         - > SER|1HB|H1|H         (d = 0.05 A)
2026-04-23 20:50:40,420 [ genlib ] [ INFO ] Checking atom 2HB
2026-04-23 20:50:40,420 [ genlib ] [ INFO ] Define atom pair: GLN|2HB|HC|H         - > SER|2HB|H1|H         (d = 0.06 A)
2026-04-23 20:50:40,420 [ genlib ] [ INFO ] Checking atom CG
2026-04-23 20:50:40,420 [ genlib ] [ INFO ] Define atom pair: GLN|CG|CT|C.3        - > SER|OG|OH|O.3        (d = 0.19 A)
2026-04-23 20:50:40,420 [ genlib ] [ INFO ] Searching order 3
2026-04-23 20:50:40,420 [ genlib ] [ INFO ] Checking atom 1HG
2026-04-23 20:50:40,420 [ genlib ] [ INFO ] No partner found for atom 1HG
2026-04-23 20:50:40,420 [ genlib ] [ INFO ] Checking atom 2HG
2026-04-23 20:50:40,420 [ genlib ] [ INFO ] No partner found for atom 2HG
2026-04-23 20:50:40,420 [ genlib ] [ INFO ] Checking atom CD
2026-04-23 20:50:40,420 [ genlib ] [ INFO ] No partner found for atom CD
2026-04-23 20:50:40,420 [ genlib ] [ INFO ] Searching order 4
2026-04-23 20:50:40,420 [ genlib ] [ INFO ] Searching order 5
2026-04-23 20:50:40,420 [ genlib ] [ INFO ] Searching order 6
2026-04-23 20:50:40,420 [ genlib ] [ INFO ] Searching order 7
2026-04-23 20:50:40,420 [ genlib ] [ INFO ] Searching branch 2
2026-04-23 20:50:40,421 [ genlib ] [ INFO ] Searching order 2
2026-04-23 20:50:40,421 [ genlib ] [ INFO ] Searching order 3
2026-04-23 20:50:40,421 [ genlib ] [ INFO ] Checking atom 1HG
2026-04-23 20:50:40,421 [ genlib ] [ INFO ] No partner found for atom 1HG
2026-04-23 20:50:40,421 [ genlib ] [ INFO ] Checking atom 2HG
2026-04-23 20:50:40,421 [ genlib ] [ INFO ] No partner found for atom 2HG
2026-04-23 20:50:40,421 [ genlib ] [ INFO ] Checking atom CD
2026-04-23 20:50:40,421 [ genlib ] [ INFO ] No partner found for atom CD
2026-04-23 20:50:40,421 [ genlib ] [ INFO ] Searching order 4
2026-04-23 20:50:40,421 [ genlib ] [ INFO ] Searching order 5
2026-04-23 20:50:40,421 [ genlib ] [ INFO ] Searching order 6
2026-04-23 20:50:40,421 [ genlib ] [ INFO ] Searching order 7
2026-04-23 20:50:40,421 [ genlib ] [ INFO ] Updating bond lists
2026-04-23 20:50:40,421 [ genlib ] [ INFO ] Updating dihedrals
2026-04-23 20:50:40,421 [ genlib ] [ INFO ] Updating impropers
2026-04-23 20:50:40,422 [ genlib ] [ INFO ] Building library files for GLN --> THR mutant
2026-04-23 20:50:40,422 [ genlib ] [ INFO ] reading rtp file "aminoacids.rtp"
2026-04-23 20:50:40,447 [ genlib ] [ INFO ] ENTERED SIMPLE
2026-04-23 20:50:40,447 [ genlib ] [ INFO ] Making atom pairs
2026-04-23 20:50:40,447 [ genlib ] [ INFO ] Searching branch 1
2026-04-23 20:50:40,447 [ genlib ] [ INFO ] Searching order 2
2026-04-23 20:50:40,447 [ genlib ] [ INFO ] Checking atom 1HB
2026-04-23 20:50:40,447 [ genlib ] [ INFO ] Define atom pair: GLN|1HB|HC|H         - > THR|HB|H1|H          (d = 0.06 A)
2026-04-23 20:50:40,447 [ genlib ] [ INFO ] Checking atom 2HB
2026-04-23 20:50:40,447 [ genlib ] [ INFO ] Define atom pair: GLN|2HB|HC|H         - > THR|CG2|CT|C.3       (d = 0.47 A)
2026-04-23 20:50:40,447 [ genlib ] [ INFO ] Checking atom CG
2026-04-23 20:50:40,447 [ genlib ] [ INFO ] Define atom pair: GLN|CG|CT|C.3        - > THR|OG1|OH|O.3       (d = 0.19 A)
2026-04-23 20:50:40,447 [ genlib ] [ INFO ] Searching order 3
2026-04-23 20:50:40,447 [ genlib ] [ INFO ] Checking atom 1HG
2026-04-23 20:50:40,447 [ genlib ] [ INFO ] No partner found for atom 1HG
2026-04-23 20:50:40,447 [ genlib ] [ INFO ] Checking atom 2HG
2026-04-23 20:50:40,447 [ genlib ] [ INFO ] No partner found for atom 2HG
2026-04-23 20:50:40,447 [ genlib ] [ INFO ] Checking atom CD
2026-04-23 20:50:40,448 [ genlib ] [ INFO ] No partner found for atom CD
2026-04-23 20:50:40,448 [ genlib ] [ INFO ] Searching order 4
2026-04-23 20:50:40,448 [ genlib ] [ INFO ] Searching order 5
2026-04-23 20:50:40,448 [ genlib ] [ INFO ] Searching order 6
2026-04-23 20:50:40,448 [ genlib ] [ INFO ] Searching order 7
2026-04-23 20:50:40,448 [ genlib ] [ INFO ] Searching branch 2
2026-04-23 20:50:40,448 [ genlib ] [ INFO ] Searching order 2
2026-04-23 20:50:40,448 [ genlib ] [ INFO ] Searching order 3
2026-04-23 20:50:40,448 [ genlib ] [ INFO ] Checking atom 1HG
2026-04-23 20:50:40,448 [ genlib ] [ INFO ] No partner found for atom 1HG
2026-04-23 20:50:40,448 [ genlib ] [ INFO ] Checking atom 2HG
2026-04-23 20:50:40,448 [ genlib ] [ INFO ] No partner found for atom 2HG
2026-04-23 20:50:40,448 [ genlib ] [ INFO ] Checking atom CD
2026-04-23 20:50:40,448 [ genlib ] [ INFO ] No partner found for atom CD
2026-04-23 20:50:40,448 [ genlib ] [ INFO ] Searching order 4
2026-04-23 20:50:40,448 [ genlib ] [ INFO ] Searching order 5
2026-04-23 20:50:40,448 [ genlib ] [ INFO ] Searching order 6
2026-04-23 20:50:40,448 [ genlib ] [ INFO ] Searching order 7
2026-04-23 20:50:40,449 [ genlib ] [ INFO ] Updating bond lists
2026-04-23 20:50:40,449 [ genlib ] [ INFO ] Updating dihedrals
2026-04-23 20:50:40,449 [ genlib ] [ INFO ] Updating impropers
2026-04-23 20:50:40,449 [ genlib ] [ INFO ] Building library files for GLN --> TRP mutant
2026-04-23 20:50:40,450 [ genlib ] [ INFO ] reading rtp file "aminoacids.rtp"
2026-04-23 20:50:40,476 [ genlib ] [ INFO ] ENTERED RINGS
2026-04-23 20:50:40,476 [ genlib ] [ INFO ] Making atom pairs
2026-04-23 20:50:40,483 [ genlib ] [ INFO ] Updating bond lists
2026-04-23 20:50:40,483 [ genlib ] [ INFO ] Updating dihedrals
2026-04-23 20:50:40,483 [ genlib ] [ INFO ] Updating impropers
2026-04-23 20:50:40,483 [ genlib ] [ INFO ] Building library files for GLN --> TYR mutant
2026-04-23 20:50:40,484 [ genlib ] [ INFO ] reading rtp file "aminoacids.rtp"
2026-04-23 20:50:40,509 [ genlib ] [ INFO ] ENTERED RINGS
2026-04-23 20:50:40,510 [ genlib ] [ INFO ] Making atom pairs
2026-04-23 20:50:40,514 [ genlib ] [ INFO ] Updating bond lists
2026-04-23 20:50:40,514 [ genlib ] [ INFO ] Updating dihedrals
2026-04-23 20:50:40,514 [ genlib ] [ INFO ] Updating impropers
2026-04-23 20:50:40,515 [ genlib ] [ INFO ] Building library files for GLN --> VAL mutant
2026-04-23 20:50:40,515 [ genlib ] [ INFO ] reading rtp file "aminoacids.rtp"
2026-04-23 20:50:40,541 [ genlib ] [ INFO ] ENTERED SIMPLE
2026-04-23 20:50:40,541 [ genlib ] [ INFO ] Making atom pairs
2026-04-23 20:50:40,541 [ genlib ] [ INFO ] Searching branch 1
2026-04-23 20:50:40,541 [ genlib ] [ INFO ] Searching order 2
2026-04-23 20:50:40,541 [ genlib ] [ INFO ] Checking atom 1HB
2026-04-23 20:50:40,541 [ genlib ] [ INFO ] Define atom pair: GLN|1HB|HC|H         - > VAL|HB|HC|H          (d = 0.01 A)
2026-04-23 20:50:40,541 [ genlib ] [ INFO ] Checking atom 2HB
2026-04-23 20:50:40,541 [ genlib ] [ INFO ] Define atom pair: GLN|2HB|HC|H         - > VAL|CG1|CT|C.3       (d = 0.52 A)
2026-04-23 20:50:40,541 [ genlib ] [ INFO ] Checking atom CG
2026-04-23 20:50:40,541 [ genlib ] [ INFO ] Define atom pair: GLN|CG|CT|C.3        - > VAL|CG2|CT|C.3       (d = 0.09 A)
2026-04-23 20:50:40,541 [ genlib ] [ INFO ] Searching order 3
2026-04-23 20:50:40,541 [ genlib ] [ INFO ] Checking atom 1HG
2026-04-23 20:50:40,541 [ genlib ] [ INFO ] Define atom pair: GLN|1HG|HC|H         - > VAL|2HG2|HC|H        (d = 0.10 A)
2026-04-23 20:50:40,541 [ genlib ] [ INFO ] Checking atom 2HG
2026-04-23 20:50:40,541 [ genlib ] [ INFO ] Define atom pair: GLN|2HG|HC|H         - > VAL|3HG2|HC|H        (d = 0.15 A)
2026-04-23 20:50:40,541 [ genlib ] [ INFO ] Checking atom CD
2026-04-23 20:50:40,541 [ genlib ] [ INFO ] Define atom pair: GLN|CD|C|C.2         - > VAL|1HG2|HC|H        (d = 0.46 A)
2026-04-23 20:50:40,541 [ genlib ] [ INFO ] Searching order 4
2026-04-23 20:50:40,541 [ genlib ] [ INFO ] Checking atom OE1
2026-04-23 20:50:40,541 [ genlib ] [ INFO ] No partner found for atom OE1
2026-04-23 20:50:40,541 [ genlib ] [ INFO ] Checking atom NE2
2026-04-23 20:50:40,541 [ genlib ] [ INFO ] No partner found for atom NE2
2026-04-23 20:50:40,541 [ genlib ] [ INFO ] Searching order 5
2026-04-23 20:50:40,541 [ genlib ] [ INFO ] Searching order 6
2026-04-23 20:50:40,541 [ genlib ] [ INFO ] Searching order 7
2026-04-23 20:50:40,541 [ genlib ] [ INFO ] Searching branch 2
2026-04-23 20:50:40,541 [ genlib ] [ INFO ] Searching order 2
2026-04-23 20:50:40,541 [ genlib ] [ INFO ] Searching order 3
2026-04-23 20:50:40,541 [ genlib ] [ INFO ] Searching order 4
2026-04-23 20:50:40,541 [ genlib ] [ INFO ] Checking atom OE1
2026-04-23 20:50:40,541 [ genlib ] [ INFO ] No partner found for atom OE1
2026-04-23 20:50:40,541 [ genlib ] [ INFO ] Checking atom NE2
2026-04-23 20:50:40,541 [ genlib ] [ INFO ] No partner found for atom NE2
2026-04-23 20:50:40,541 [ genlib ] [ INFO ] Searching order 5
2026-04-23 20:50:40,541 [ genlib ] [ INFO ] Searching order 6
2026-04-23 20:50:40,541 [ genlib ] [ INFO ] Searching order 7
2026-04-23 20:50:40,542 [ genlib ] [ INFO ] Updating bond lists
2026-04-23 20:50:40,542 [ genlib ] [ INFO ] Updating dihedrals
2026-04-23 20:50:40,542 [ genlib ] [ INFO ] Updating impropers
2026-04-23 20:50:40,543 [ genlib ] [ INFO ] Building library files for GLU --> ALA mutant
2026-04-23 20:50:40,543 [ genlib ] [ INFO ] reading rtp file "aminoacids.rtp"
2026-04-23 20:50:40,568 [ genlib ] [ INFO ] ENTERED SIMPLE
2026-04-23 20:50:40,568 [ genlib ] [ INFO ] Making atom pairs
2026-04-23 20:50:40,568 [ genlib ] [ INFO ] Searching branch 1
2026-04-23 20:50:40,568 [ genlib ] [ INFO ] Searching order 2
2026-04-23 20:50:40,568 [ genlib ] [ INFO ] Checking atom 1HB
2026-04-23 20:50:40,568 [ genlib ] [ INFO ] Define atom pair: GLU|1HB|HC|H         - > ALA|2HB|HC|H         (d = 0.18 A)
2026-04-23 20:50:40,568 [ genlib ] [ INFO ] Checking atom 2HB
2026-04-23 20:50:40,568 [ genlib ] [ INFO ] Define atom pair: GLU|2HB|HC|H         - > ALA|3HB|HC|H         (d = 0.19 A)
2026-04-23 20:50:40,568 [ genlib ] [ INFO ] Checking atom CG
2026-04-23 20:50:40,568 [ genlib ] [ INFO ] Define atom pair: GLU|CG|CT|C.3        - > ALA|1HB|HC|H         (d = 0.53 A)
2026-04-23 20:50:40,568 [ genlib ] [ INFO ] Searching order 3
2026-04-23 20:50:40,568 [ genlib ] [ INFO ] Checking atom 1HG
2026-04-23 20:50:40,568 [ genlib ] [ INFO ] No partner found for atom 1HG
2026-04-23 20:50:40,568 [ genlib ] [ INFO ] Checking atom 2HG
2026-04-23 20:50:40,568 [ genlib ] [ INFO ] No partner found for atom 2HG
2026-04-23 20:50:40,568 [ genlib ] [ INFO ] Checking atom CD
2026-04-23 20:50:40,568 [ genlib ] [ INFO ] No partner found for atom CD
2026-04-23 20:50:40,568 [ genlib ] [ INFO ] Searching order 4
2026-04-23 20:50:40,568 [ genlib ] [ INFO ] Searching order 5
2026-04-23 20:50:40,568 [ genlib ] [ INFO ] Searching order 6
2026-04-23 20:50:40,568 [ genlib ] [ INFO ] Searching order 7
2026-04-23 20:50:40,568 [ genlib ] [ INFO ] Searching branch 2
2026-04-23 20:50:40,568 [ genlib ] [ INFO ] Searching order 2
2026-04-23 20:50:40,568 [ genlib ] [ INFO ] Searching order 3
2026-04-23 20:50:40,568 [ genlib ] [ INFO ] Checking atom 1HG
2026-04-23 20:50:40,568 [ genlib ] [ INFO ] No partner found for atom 1HG
2026-04-23 20:50:40,568 [ genlib ] [ INFO ] Checking atom 2HG
2026-04-23 20:50:40,568 [ genlib ] [ INFO ] No partner found for atom 2HG
2026-04-23 20:50:40,568 [ genlib ] [ INFO ] Checking atom CD
2026-04-23 20:50:40,568 [ genlib ] [ INFO ] No partner found for atom CD
2026-04-23 20:50:40,568 [ genlib ] [ INFO ] Searching order 4
2026-04-23 20:50:40,568 [ genlib ] [ INFO ] Searching order 5
2026-04-23 20:50:40,568 [ genlib ] [ INFO ] Searching order 6
2026-04-23 20:50:40,568 [ genlib ] [ INFO ] Searching order 7
2026-04-23 20:50:40,568 [ genlib ] [ INFO ] Updating bond lists
2026-04-23 20:50:40,568 [ genlib ] [ INFO ] Updating dihedrals
2026-04-23 20:50:40,568 [ genlib ] [ INFO ] Updating impropers
2026-04-23 20:50:40,569 [ genlib ] [ INFO ] Building library files for GLU --> ARG mutant
2026-04-23 20:50:40,570 [ genlib ] [ INFO ] reading rtp file "aminoacids.rtp"
2026-04-23 20:50:40,595 [ genlib ] [ INFO ] ENTERED SIMPLE
2026-04-23 20:50:40,595 [ genlib ] [ INFO ] Making atom pairs
2026-04-23 20:50:40,595 [ genlib ] [ INFO ] Searching branch 1
2026-04-23 20:50:40,595 [ genlib ] [ INFO ] Searching order 2
2026-04-23 20:50:40,595 [ genlib ] [ INFO ] Checking atom 1HB
2026-04-23 20:50:40,595 [ genlib ] [ INFO ] Define atom pair: GLU|1HB|HC|H         - > ARG|1HB|HC|H         (d = 0.21 A)
2026-04-23 20:50:40,595 [ genlib ] [ INFO ] Checking atom 2HB
2026-04-23 20:50:40,595 [ genlib ] [ INFO ] Define atom pair: GLU|2HB|HC|H         - > ARG|2HB|HC|H         (d = 0.20 A)
2026-04-23 20:50:40,595 [ genlib ] [ INFO ] Checking atom CG
2026-04-23 20:50:40,595 [ genlib ] [ INFO ] Define atom pair: GLU|CG|CT|C.3        - > ARG|CG|CT|C.3        (d = 0.17 A)
2026-04-23 20:50:40,595 [ genlib ] [ INFO ] Searching order 3
2026-04-23 20:50:40,595 [ genlib ] [ INFO ] Checking atom 1HG
2026-04-23 20:50:40,595 [ genlib ] [ INFO ] Define atom pair: GLU|1HG|HC|H         - > ARG|1HG|HC|H         (d = 0.29 A)
2026-04-23 20:50:40,595 [ genlib ] [ INFO ] Checking atom 2HG
2026-04-23 20:50:40,595 [ genlib ] [ INFO ] Define atom pair: GLU|2HG|HC|H         - > ARG|2HG|HC|H         (d = 0.19 A)
2026-04-23 20:50:40,595 [ genlib ] [ INFO ] Checking atom CD
2026-04-23 20:50:40,595 [ genlib ] [ INFO ] Define atom pair: GLU|CD|C|C.2         - > ARG|CD|CT|C.3        (d = 0.17 A)
2026-04-23 20:50:40,595 [ genlib ] [ INFO ] Searching order 4
2026-04-23 20:50:40,595 [ genlib ] [ INFO ] Checking atom OE1
2026-04-23 20:50:40,595 [ genlib ] [ INFO ] Define atom pair: GLU|OE1|O2|O.co2     - > ARG|NE|N2|N.pl3      (d = 0.29 A)
2026-04-23 20:50:40,595 [ genlib ] [ INFO ] Checking atom OE2
2026-04-23 20:50:40,595 [ genlib ] [ INFO ] No partner found for atom OE2
2026-04-23 20:50:40,595 [ genlib ] [ INFO ] Searching order 5
2026-04-23 20:50:40,595 [ genlib ] [ INFO ] Searching order 6
2026-04-23 20:50:40,595 [ genlib ] [ INFO ] Searching order 7
2026-04-23 20:50:40,595 [ genlib ] [ INFO ] Searching branch 2
2026-04-23 20:50:40,595 [ genlib ] [ INFO ] Searching order 2
2026-04-23 20:50:40,595 [ genlib ] [ INFO ] Searching order 3
2026-04-23 20:50:40,595 [ genlib ] [ INFO ] Searching order 4
2026-04-23 20:50:40,595 [ genlib ] [ INFO ] Checking atom OE2
2026-04-23 20:50:40,595 [ genlib ] [ INFO ] No partner found for atom OE2
2026-04-23 20:50:40,595 [ genlib ] [ INFO ] Searching order 5
2026-04-23 20:50:40,595 [ genlib ] [ INFO ] Searching order 6
2026-04-23 20:50:40,595 [ genlib ] [ INFO ] Searching order 7
2026-04-23 20:50:40,599 [ genlib ] [ INFO ] Updating bond lists
2026-04-23 20:50:40,599 [ genlib ] [ INFO ] Updating dihedrals
2026-04-23 20:50:40,599 [ genlib ] [ INFO ] Updating impropers
2026-04-23 20:50:40,600 [ genlib ] [ INFO ] Building library files for GLU --> ASH mutant
2026-04-23 20:50:40,600 [ genlib ] [ INFO ] reading rtp file "aminoacids.rtp"
2026-04-23 20:50:40,626 [ genlib ] [ INFO ] ENTERED SIMPLE
2026-04-23 20:50:40,626 [ genlib ] [ INFO ] Making atom pairs
2026-04-23 20:50:40,626 [ genlib ] [ INFO ] Searching branch 1
2026-04-23 20:50:40,626 [ genlib ] [ INFO ] Searching order 2
2026-04-23 20:50:40,626 [ genlib ] [ INFO ] Checking atom 1HB
2026-04-23 20:50:40,626 [ genlib ] [ INFO ] Define atom pair: GLU|1HB|HC|H         - > ASH|1HB|HC|H         (d = 0.17 A)
2026-04-23 20:50:40,626 [ genlib ] [ INFO ] Checking atom 2HB
2026-04-23 20:50:40,626 [ genlib ] [ INFO ] Define atom pair: GLU|2HB|HC|H         - > ASH|2HB|HC|H         (d = 0.15 A)
2026-04-23 20:50:40,626 [ genlib ] [ INFO ] Checking atom CG
2026-04-23 20:50:40,626 [ genlib ] [ INFO ] Define atom pair: GLU|CG|CT|C.3        - > ASH|CG|C|C.2         (d = 0.11 A)
2026-04-23 20:50:40,626 [ genlib ] [ INFO ] Searching order 3
2026-04-23 20:50:40,626 [ genlib ] [ INFO ] Checking atom 1HG
2026-04-23 20:50:40,626 [ genlib ] [ INFO ] No partner found for atom 1HG
2026-04-23 20:50:40,626 [ genlib ] [ INFO ] Checking atom 2HG
2026-04-23 20:50:40,626 [ genlib ] [ INFO ] No partner found for atom 2HG
2026-04-23 20:50:40,626 [ genlib ] [ INFO ] Checking atom CD
2026-04-23 20:50:40,626 [ genlib ] [ INFO ] Define atom pair: GLU|CD|C|C.2         - > ASH|OD1|O|O.co2      (d = 0.28 A)
2026-04-23 20:50:40,626 [ genlib ] [ INFO ] Searching order 4
2026-04-23 20:50:40,626 [ genlib ] [ INFO ] Checking atom OE1
2026-04-23 20:50:40,626 [ genlib ] [ INFO ] No partner found for atom OE1
2026-04-23 20:50:40,626 [ genlib ] [ INFO ] Checking atom OE2
2026-04-23 20:50:40,626 [ genlib ] [ INFO ] No partner found for atom OE2
2026-04-23 20:50:40,626 [ genlib ] [ INFO ] Searching order 5
2026-04-23 20:50:40,626 [ genlib ] [ INFO ] Searching order 6
2026-04-23 20:50:40,626 [ genlib ] [ INFO ] Searching order 7
2026-04-23 20:50:40,626 [ genlib ] [ INFO ] Searching branch 2
2026-04-23 20:50:40,626 [ genlib ] [ INFO ] Searching order 2
2026-04-23 20:50:40,626 [ genlib ] [ INFO ] Searching order 3
2026-04-23 20:50:40,626 [ genlib ] [ INFO ] Checking atom 1HG
2026-04-23 20:50:40,626 [ genlib ] [ INFO ] No partner found for atom 1HG
2026-04-23 20:50:40,626 [ genlib ] [ INFO ] Checking atom 2HG
2026-04-23 20:50:40,626 [ genlib ] [ INFO ] No partner found for atom 2HG
2026-04-23 20:50:40,626 [ genlib ] [ INFO ] Searching order 4
2026-04-23 20:50:40,626 [ genlib ] [ INFO ] Checking atom OE1
2026-04-23 20:50:40,626 [ genlib ] [ INFO ] No partner found for atom OE1
2026-04-23 20:50:40,626 [ genlib ] [ INFO ] Checking atom OE2
2026-04-23 20:50:40,626 [ genlib ] [ INFO ] No partner found for atom OE2
2026-04-23 20:50:40,626 [ genlib ] [ INFO ] Searching order 5
2026-04-23 20:50:40,626 [ genlib ] [ INFO ] Searching order 6
2026-04-23 20:50:40,626 [ genlib ] [ INFO ] Searching order 7
2026-04-23 20:50:40,628 [ genlib ] [ INFO ] Updating bond lists
2026-04-23 20:50:40,628 [ genlib ] [ INFO ] Updating dihedrals
2026-04-23 20:50:40,628 [ genlib ] [ INFO ] Updating impropers
2026-04-23 20:50:40,628 [ genlib ] [ INFO ] Building library files for GLU --> ASN mutant
2026-04-23 20:50:40,629 [ genlib ] [ INFO ] reading rtp file "aminoacids.rtp"
2026-04-23 20:50:40,654 [ genlib ] [ INFO ] ENTERED SIMPLE
2026-04-23 20:50:40,654 [ genlib ] [ INFO ] Making atom pairs
2026-04-23 20:50:40,654 [ genlib ] [ INFO ] Searching branch 1
2026-04-23 20:50:40,654 [ genlib ] [ INFO ] Searching order 2
2026-04-23 20:50:40,654 [ genlib ] [ INFO ] Checking atom 1HB
2026-04-23 20:50:40,654 [ genlib ] [ INFO ] Define atom pair: GLU|1HB|HC|H         - > ASN|1HB|HC|H         (d = 0.18 A)
2026-04-23 20:50:40,654 [ genlib ] [ INFO ] Checking atom 2HB
2026-04-23 20:50:40,654 [ genlib ] [ INFO ] Define atom pair: GLU|2HB|HC|H         - > ASN|2HB|HC|H         (d = 0.20 A)
2026-04-23 20:50:40,654 [ genlib ] [ INFO ] Checking atom CG
2026-04-23 20:50:40,654 [ genlib ] [ INFO ] Define atom pair: GLU|CG|CT|C.3        - > ASN|CG|C|C.2         (d = 0.13 A)
2026-04-23 20:50:40,654 [ genlib ] [ INFO ] Searching order 3
2026-04-23 20:50:40,654 [ genlib ] [ INFO ] Checking atom 1HG
2026-04-23 20:50:40,655 [ genlib ] [ INFO ] No partner found for atom 1HG
2026-04-23 20:50:40,655 [ genlib ] [ INFO ] Checking atom 2HG
2026-04-23 20:50:40,655 [ genlib ] [ INFO ] No partner found for atom 2HG
2026-04-23 20:50:40,655 [ genlib ] [ INFO ] Checking atom CD
2026-04-23 20:50:40,655 [ genlib ] [ INFO ] Define atom pair: GLU|CD|C|C.2         - > ASN|OD1|O|O.2        (d = 0.33 A)
2026-04-23 20:50:40,655 [ genlib ] [ INFO ] Searching order 4
2026-04-23 20:50:40,655 [ genlib ] [ INFO ] Checking atom OE1
2026-04-23 20:50:40,655 [ genlib ] [ INFO ] No partner found for atom OE1
2026-04-23 20:50:40,655 [ genlib ] [ INFO ] Checking atom OE2
2026-04-23 20:50:40,655 [ genlib ] [ INFO ] No partner found for atom OE2
2026-04-23 20:50:40,655 [ genlib ] [ INFO ] Searching order 5
2026-04-23 20:50:40,655 [ genlib ] [ INFO ] Searching order 6
2026-04-23 20:50:40,655 [ genlib ] [ INFO ] Searching order 7
2026-04-23 20:50:40,655 [ genlib ] [ INFO ] Searching branch 2
2026-04-23 20:50:40,655 [ genlib ] [ INFO ] Searching order 2
2026-04-23 20:50:40,655 [ genlib ] [ INFO ] Searching order 3
2026-04-23 20:50:40,655 [ genlib ] [ INFO ] Checking atom 1HG
2026-04-23 20:50:40,655 [ genlib ] [ INFO ] No partner found for atom 1HG
2026-04-23 20:50:40,655 [ genlib ] [ INFO ] Checking atom 2HG
2026-04-23 20:50:40,655 [ genlib ] [ INFO ] No partner found for atom 2HG
2026-04-23 20:50:40,655 [ genlib ] [ INFO ] Searching order 4
2026-04-23 20:50:40,655 [ genlib ] [ INFO ] Checking atom OE1
2026-04-23 20:50:40,655 [ genlib ] [ INFO ] No partner found for atom OE1
2026-04-23 20:50:40,655 [ genlib ] [ INFO ] Checking atom OE2
2026-04-23 20:50:40,655 [ genlib ] [ INFO ] No partner found for atom OE2
2026-04-23 20:50:40,655 [ genlib ] [ INFO ] Searching order 5
2026-04-23 20:50:40,655 [ genlib ] [ INFO ] Searching order 6
2026-04-23 20:50:40,655 [ genlib ] [ INFO ] Searching order 7
2026-04-23 20:50:40,656 [ genlib ] [ INFO ] Updating bond lists
2026-04-23 20:50:40,656 [ genlib ] [ INFO ] Updating dihedrals
2026-04-23 20:50:40,656 [ genlib ] [ INFO ] Updating impropers
2026-04-23 20:50:40,656 [ genlib ] [ INFO ] Building library files for GLU --> ASP mutant
2026-04-23 20:50:40,657 [ genlib ] [ INFO ] reading rtp file "aminoacids.rtp"
2026-04-23 20:50:40,682 [ genlib ] [ INFO ] ENTERED SIMPLE
2026-04-23 20:50:40,682 [ genlib ] [ INFO ] Making atom pairs
2026-04-23 20:50:40,682 [ genlib ] [ INFO ] Searching branch 1
2026-04-23 20:50:40,682 [ genlib ] [ INFO ] Searching order 2
2026-04-23 20:50:40,682 [ genlib ] [ INFO ] Checking atom 1HB
2026-04-23 20:50:40,682 [ genlib ] [ INFO ] Define atom pair: GLU|1HB|HC|H         - > ASP|1HB|HC|H         (d = 0.14 A)
2026-04-23 20:50:40,682 [ genlib ] [ INFO ] Checking atom 2HB
2026-04-23 20:50:40,682 [ genlib ] [ INFO ] Define atom pair: GLU|2HB|HC|H         - > ASP|2HB|HC|H         (d = 0.15 A)
2026-04-23 20:50:40,682 [ genlib ] [ INFO ] Checking atom CG
2026-04-23 20:50:40,682 [ genlib ] [ INFO ] Define atom pair: GLU|CG|CT|C.3        - > ASP|CG|C|C.2         (d = 0.11 A)
2026-04-23 20:50:40,682 [ genlib ] [ INFO ] Searching order 3
2026-04-23 20:50:40,682 [ genlib ] [ INFO ] Checking atom 1HG
2026-04-23 20:50:40,682 [ genlib ] [ INFO ] No partner found for atom 1HG
2026-04-23 20:50:40,682 [ genlib ] [ INFO ] Checking atom 2HG
2026-04-23 20:50:40,682 [ genlib ] [ INFO ] No partner found for atom 2HG
2026-04-23 20:50:40,682 [ genlib ] [ INFO ] Checking atom CD
2026-04-23 20:50:40,682 [ genlib ] [ INFO ] Define atom pair: GLU|CD|C|C.2         - > ASP|OD1|O2|O.co2     (d = 0.28 A)
2026-04-23 20:50:40,682 [ genlib ] [ INFO ] Searching order 4
2026-04-23 20:50:40,682 [ genlib ] [ INFO ] Checking atom OE1
2026-04-23 20:50:40,682 [ genlib ] [ INFO ] No partner found for atom OE1
2026-04-23 20:50:40,682 [ genlib ] [ INFO ] Checking atom OE2
2026-04-23 20:50:40,682 [ genlib ] [ INFO ] No partner found for atom OE2
2026-04-23 20:50:40,682 [ genlib ] [ INFO ] Searching order 5
2026-04-23 20:50:40,682 [ genlib ] [ INFO ] Searching order 6
2026-04-23 20:50:40,682 [ genlib ] [ INFO ] Searching order 7
2026-04-23 20:50:40,682 [ genlib ] [ INFO ] Searching branch 2
2026-04-23 20:50:40,682 [ genlib ] [ INFO ] Searching order 2
2026-04-23 20:50:40,682 [ genlib ] [ INFO ] Searching order 3
2026-04-23 20:50:40,682 [ genlib ] [ INFO ] Checking atom 1HG
2026-04-23 20:50:40,682 [ genlib ] [ INFO ] No partner found for atom 1HG
2026-04-23 20:50:40,682 [ genlib ] [ INFO ] Checking atom 2HG
2026-04-23 20:50:40,682 [ genlib ] [ INFO ] No partner found for atom 2HG
2026-04-23 20:50:40,682 [ genlib ] [ INFO ] Searching order 4
2026-04-23 20:50:40,682 [ genlib ] [ INFO ] Checking atom OE1
2026-04-23 20:50:40,682 [ genlib ] [ INFO ] No partner found for atom OE1
2026-04-23 20:50:40,682 [ genlib ] [ INFO ] Checking atom OE2
2026-04-23 20:50:40,682 [ genlib ] [ INFO ] No partner found for atom OE2
2026-04-23 20:50:40,682 [ genlib ] [ INFO ] Searching order 5
2026-04-23 20:50:40,682 [ genlib ] [ INFO ] Searching order 6
2026-04-23 20:50:40,682 [ genlib ] [ INFO ] Searching order 7
2026-04-23 20:50:40,683 [ genlib ] [ INFO ] Updating bond lists
2026-04-23 20:50:40,683 [ genlib ] [ INFO ] Updating dihedrals
2026-04-23 20:50:40,683 [ genlib ] [ INFO ] Updating impropers
2026-04-23 20:50:40,683 [ genlib ] [ INFO ] Building library files for GLU --> CYS mutant
2026-04-23 20:50:40,684 [ genlib ] [ INFO ] reading rtp file "aminoacids.rtp"
2026-04-23 20:50:40,709 [ genlib ] [ INFO ] ENTERED SIMPLE
2026-04-23 20:50:40,709 [ genlib ] [ INFO ] Making atom pairs
2026-04-23 20:50:40,709 [ genlib ] [ INFO ] Searching branch 1
2026-04-23 20:50:40,709 [ genlib ] [ INFO ] Searching order 2
2026-04-23 20:50:40,709 [ genlib ] [ INFO ] Checking atom 1HB
2026-04-23 20:50:40,709 [ genlib ] [ INFO ] Define atom pair: GLU|1HB|HC|H         - > CYS|1HB|H1|H         (d = 0.16 A)
2026-04-23 20:50:40,709 [ genlib ] [ INFO ] Checking atom 2HB
2026-04-23 20:50:40,709 [ genlib ] [ INFO ] Define atom pair: GLU|2HB|HC|H         - > CYS|2HB|H1|H         (d = 0.17 A)
2026-04-23 20:50:40,709 [ genlib ] [ INFO ] Checking atom CG
2026-04-23 20:50:40,709 [ genlib ] [ INFO ] Define atom pair: GLU|CG|CT|C.3        - > CYS|SG|SH|S.3        (d = 0.25 A)
2026-04-23 20:50:40,709 [ genlib ] [ INFO ] Searching order 3
2026-04-23 20:50:40,709 [ genlib ] [ INFO ] Checking atom 1HG
2026-04-23 20:50:40,709 [ genlib ] [ INFO ] No partner found for atom 1HG
2026-04-23 20:50:40,709 [ genlib ] [ INFO ] Checking atom 2HG
2026-04-23 20:50:40,709 [ genlib ] [ INFO ] No partner found for atom 2HG
2026-04-23 20:50:40,709 [ genlib ] [ INFO ] Checking atom CD
2026-04-23 20:50:40,709 [ genlib ] [ INFO ] Define atom pair: GLU|CD|C|C.2         - > CYS|HG|HS|H          (d = 0.29 A)
2026-04-23 20:50:40,709 [ genlib ] [ INFO ] Searching order 4
2026-04-23 20:50:40,709 [ genlib ] [ INFO ] Checking atom OE1
2026-04-23 20:50:40,709 [ genlib ] [ INFO ] No partner found for atom OE1
2026-04-23 20:50:40,709 [ genlib ] [ INFO ] Checking atom OE2
2026-04-23 20:50:40,709 [ genlib ] [ INFO ] No partner found for atom OE2
2026-04-23 20:50:40,709 [ genlib ] [ INFO ] Searching order 5
2026-04-23 20:50:40,709 [ genlib ] [ INFO ] Searching order 6
2026-04-23 20:50:40,709 [ genlib ] [ INFO ] Searching order 7
2026-04-23 20:50:40,709 [ genlib ] [ INFO ] Searching branch 2
2026-04-23 20:50:40,709 [ genlib ] [ INFO ] Searching order 2
2026-04-23 20:50:40,709 [ genlib ] [ INFO ] Searching order 3
2026-04-23 20:50:40,709 [ genlib ] [ INFO ] Checking atom 1HG
2026-04-23 20:50:40,709 [ genlib ] [ INFO ] No partner found for atom 1HG
2026-04-23 20:50:40,709 [ genlib ] [ INFO ] Checking atom 2HG
2026-04-23 20:50:40,709 [ genlib ] [ INFO ] No partner found for atom 2HG
2026-04-23 20:50:40,709 [ genlib ] [ INFO ] Searching order 4
2026-04-23 20:50:40,709 [ genlib ] [ INFO ] Checking atom OE1
2026-04-23 20:50:40,709 [ genlib ] [ INFO ] No partner found for atom OE1
2026-04-23 20:50:40,709 [ genlib ] [ INFO ] Checking atom OE2
2026-04-23 20:50:40,709 [ genlib ] [ INFO ] No partner found for atom OE2
2026-04-23 20:50:40,709 [ genlib ] [ INFO ] Searching order 5
2026-04-23 20:50:40,709 [ genlib ] [ INFO ] Searching order 6
2026-04-23 20:50:40,709 [ genlib ] [ INFO ] Searching order 7
2026-04-23 20:50:40,709 [ genlib ] [ INFO ] Updating bond lists
2026-04-23 20:50:40,709 [ genlib ] [ INFO ] Updating dihedrals
2026-04-23 20:50:40,710 [ genlib ] [ INFO ] Updating impropers
2026-04-23 20:50:40,710 [ genlib ] [ INFO ] Building library files for GLU --> GLH mutant
2026-04-23 20:50:40,710 [ genlib ] [ INFO ] reading rtp file "aminoacids.rtp"
2026-04-23 20:50:40,735 [ genlib ] [ INFO ] ENTERED SIMPLE
2026-04-23 20:50:40,735 [ genlib ] [ INFO ] Making atom pairs
2026-04-23 20:50:40,735 [ genlib ] [ INFO ] Searching branch 1
2026-04-23 20:50:40,735 [ genlib ] [ INFO ] Searching order 2
2026-04-23 20:50:40,735 [ genlib ] [ INFO ] Checking atom 1HB
2026-04-23 20:50:40,736 [ genlib ] [ INFO ] Define atom pair: GLU|1HB|HC|H         - > GLH|1HB|HC|H         (d = 0.09 A)
2026-04-23 20:50:40,736 [ genlib ] [ INFO ] Checking atom 2HB
2026-04-23 20:50:40,736 [ genlib ] [ INFO ] Define atom pair: GLU|2HB|HC|H         - > GLH|2HB|HC|H         (d = 0.12 A)
2026-04-23 20:50:40,736 [ genlib ] [ INFO ] Checking atom CG
2026-04-23 20:50:40,736 [ genlib ] [ INFO ] Define atom pair: GLU|CG|CT|C.3        - > GLH|CG|CT|C.3        (d = 0.00 A)
2026-04-23 20:50:40,736 [ genlib ] [ INFO ] Searching order 3
2026-04-23 20:50:40,736 [ genlib ] [ INFO ] Checking atom 1HG
2026-04-23 20:50:40,736 [ genlib ] [ INFO ] Define atom pair: GLU|1HG|HC|H         - > GLH|1HG|HC|H         (d = 0.09 A)
2026-04-23 20:50:40,736 [ genlib ] [ INFO ] Checking atom 2HG
2026-04-23 20:50:40,736 [ genlib ] [ INFO ] Define atom pair: GLU|2HG|HC|H         - > GLH|2HG|HC|H         (d = 0.10 A)
2026-04-23 20:50:40,736 [ genlib ] [ INFO ] Checking atom CD
2026-04-23 20:50:40,736 [ genlib ] [ INFO ] Define atom pair: GLU|CD|C|C.2         - > GLH|CD|C|C.2         (d = 0.00 A)
2026-04-23 20:50:40,736 [ genlib ] [ INFO ] Searching order 4
2026-04-23 20:50:40,736 [ genlib ] [ INFO ] Checking atom OE1
2026-04-23 20:50:40,736 [ genlib ] [ INFO ] Define atom pair: GLU|OE1|O2|O.co2     - > GLH|OE1|O|O.co2      (d = 0.00 A)
2026-04-23 20:50:40,736 [ genlib ] [ INFO ] Checking atom OE2
2026-04-23 20:50:40,736 [ genlib ] [ INFO ] Define atom pair: GLU|OE2|O2|O.co2     - > GLH|OE2|OH|O.co2     (d = 0.01 A)
2026-04-23 20:50:40,736 [ genlib ] [ INFO ] Searching order 5
2026-04-23 20:50:40,736 [ genlib ] [ INFO ] Searching order 6
2026-04-23 20:50:40,736 [ genlib ] [ INFO ] Searching order 7
2026-04-23 20:50:40,736 [ genlib ] [ INFO ] Searching branch 2
2026-04-23 20:50:40,736 [ genlib ] [ INFO ] Searching order 2
2026-04-23 20:50:40,736 [ genlib ] [ INFO ] Searching order 3
2026-04-23 20:50:40,736 [ genlib ] [ INFO ] Searching order 4
2026-04-23 20:50:40,736 [ genlib ] [ INFO ] Searching order 5
2026-04-23 20:50:40,736 [ genlib ] [ INFO ] Searching order 6
2026-04-23 20:50:40,736 [ genlib ] [ INFO ] Searching order 7
2026-04-23 20:50:40,736 [ genlib ] [ INFO ] Updating bond lists
2026-04-23 20:50:40,736 [ genlib ] [ INFO ] Updating dihedrals
2026-04-23 20:50:40,736 [ genlib ] [ INFO ] Updating impropers
2026-04-23 20:50:40,737 [ genlib ] [ INFO ] Building library files for GLU --> GLN mutant
2026-04-23 20:50:40,737 [ genlib ] [ INFO ] reading rtp file "aminoacids.rtp"
2026-04-23 20:50:40,763 [ genlib ] [ INFO ] ENTERED SIMPLE
2026-04-23 20:50:40,763 [ genlib ] [ INFO ] Making atom pairs
2026-04-23 20:50:40,763 [ genlib ] [ INFO ] Searching branch 1
2026-04-23 20:50:40,763 [ genlib ] [ INFO ] Searching order 2
2026-04-23 20:50:40,763 [ genlib ] [ INFO ] Checking atom 1HB
2026-04-23 20:50:40,763 [ genlib ] [ INFO ] Define atom pair: GLU|1HB|HC|H         - > GLN|1HB|HC|H         (d = 0.15 A)
2026-04-23 20:50:40,763 [ genlib ] [ INFO ] Checking atom 2HB
2026-04-23 20:50:40,763 [ genlib ] [ INFO ] Define atom pair: GLU|2HB|HC|H         - > GLN|2HB|HC|H         (d = 0.16 A)
2026-04-23 20:50:40,763 [ genlib ] [ INFO ] Checking atom CG
2026-04-23 20:50:40,763 [ genlib ] [ INFO ] Define atom pair: GLU|CG|CT|C.3        - > GLN|CG|CT|C.3        (d = 0.11 A)
2026-04-23 20:50:40,763 [ genlib ] [ INFO ] Searching order 3
2026-04-23 20:50:40,763 [ genlib ] [ INFO ] Checking atom 1HG
2026-04-23 20:50:40,763 [ genlib ] [ INFO ] Define atom pair: GLU|1HG|HC|H         - > GLN|1HG|HC|H         (d = 0.16 A)
2026-04-23 20:50:40,763 [ genlib ] [ INFO ] Checking atom 2HG
2026-04-23 20:50:40,763 [ genlib ] [ INFO ] Define atom pair: GLU|2HG|HC|H         - > GLN|2HG|HC|H         (d = 0.12 A)
2026-04-23 20:50:40,763 [ genlib ] [ INFO ] Checking atom CD
2026-04-23 20:50:40,763 [ genlib ] [ INFO ] Define atom pair: GLU|CD|C|C.2         - > GLN|CD|C|C.2         (d = 0.11 A)
2026-04-23 20:50:40,763 [ genlib ] [ INFO ] Searching order 4
2026-04-23 20:50:40,763 [ genlib ] [ INFO ] Checking atom OE1
2026-04-23 20:50:40,763 [ genlib ] [ INFO ] Define atom pair: GLU|OE1|O2|O.co2     - > GLN|OE1|O|O.2        (d = 0.15 A)
2026-04-23 20:50:40,763 [ genlib ] [ INFO ] Checking atom OE2
2026-04-23 20:50:40,763 [ genlib ] [ INFO ] Define atom pair: GLU|OE2|O2|O.co2     - > GLN|NE2|N|N.am       (d = 0.13 A)
2026-04-23 20:50:40,763 [ genlib ] [ INFO ] Searching order 5
2026-04-23 20:50:40,763 [ genlib ] [ INFO ] Searching order 6
2026-04-23 20:50:40,763 [ genlib ] [ INFO ] Searching order 7
2026-04-23 20:50:40,763 [ genlib ] [ INFO ] Searching branch 2
2026-04-23 20:50:40,763 [ genlib ] [ INFO ] Searching order 2
2026-04-23 20:50:40,763 [ genlib ] [ INFO ] Searching order 3
2026-04-23 20:50:40,763 [ genlib ] [ INFO ] Searching order 4
2026-04-23 20:50:40,763 [ genlib ] [ INFO ] Searching order 5
2026-04-23 20:50:40,763 [ genlib ] [ INFO ] Searching order 6
2026-04-23 20:50:40,763 [ genlib ] [ INFO ] Searching order 7
2026-04-23 20:50:40,764 [ genlib ] [ INFO ] Updating bond lists
2026-04-23 20:50:40,764 [ genlib ] [ INFO ] Updating dihedrals
2026-04-23 20:50:40,764 [ genlib ] [ INFO ] Updating impropers
2026-04-23 20:50:40,764 [ genlib ] [ WARNING ] undefined
2026-04-23 20:50:40,764 [ genlib ] [ WARNING ] undefined
2026-04-23 20:50:40,764 [ genlib ] [ INFO ] Building library files for GLU --> GLY mutant
2026-04-23 20:50:40,765 [ genlib ] [ INFO ] reading rtp file "aminoacids.rtp"
2026-04-23 20:50:40,790 [ genlib ] [ INFO ] ENTERED G
2026-04-23 20:50:40,790 [ genlib ] [ INFO ] Making atom pairs
2026-04-23 20:50:40,791 [ genlib ] [ INFO ] Updating bond lists
2026-04-23 20:50:40,791 [ genlib ] [ INFO ] Updating dihedrals
2026-04-23 20:50:40,791 [ genlib ] [ INFO ] Updating impropers
2026-04-23 20:50:40,791 [ genlib ] [ WARNING ] undefined
2026-04-23 20:50:40,791 [ genlib ] [ INFO ] Building library files for GLU --> HID mutant
2026-04-23 20:50:40,792 [ genlib ] [ INFO ] reading rtp file "aminoacids.rtp"
2026-04-23 20:50:40,833 [ genlib ] [ INFO ] ENTERED RINGS
2026-04-23 20:50:40,833 [ genlib ] [ INFO ] Making atom pairs
2026-04-23 20:50:40,836 [ genlib ] [ INFO ] Updating bond lists
2026-04-23 20:50:40,836 [ genlib ] [ INFO ] Updating dihedrals
2026-04-23 20:50:40,836 [ genlib ] [ INFO ] Updating impropers
2026-04-23 20:50:40,837 [ genlib ] [ INFO ] Building library files for GLU --> HIE mutant
2026-04-23 20:50:40,837 [ genlib ] [ INFO ] reading rtp file "aminoacids.rtp"
2026-04-23 20:50:40,863 [ genlib ] [ INFO ] ENTERED RINGS
2026-04-23 20:50:40,863 [ genlib ] [ INFO ] Making atom pairs
2026-04-23 20:50:40,865 [ genlib ] [ INFO ] Updating bond lists
2026-04-23 20:50:40,866 [ genlib ] [ INFO ] Updating dihedrals
2026-04-23 20:50:40,866 [ genlib ] [ INFO ] Updating impropers
2026-04-23 20:50:40,866 [ genlib ] [ INFO ] Building library files for GLU --> HIP mutant
2026-04-23 20:50:40,867 [ genlib ] [ INFO ] reading rtp file "aminoacids.rtp"
2026-04-23 20:50:40,892 [ genlib ] [ INFO ] ENTERED RINGS
2026-04-23 20:50:40,892 [ genlib ] [ INFO ] Making atom pairs
2026-04-23 20:50:40,895 [ genlib ] [ INFO ] Updating bond lists
2026-04-23 20:50:40,895 [ genlib ] [ INFO ] Updating dihedrals
2026-04-23 20:50:40,895 [ genlib ] [ INFO ] Updating impropers
2026-04-23 20:50:40,896 [ genlib ] [ INFO ] Building library files for GLU --> ILE mutant
2026-04-23 20:50:40,896 [ genlib ] [ INFO ] reading rtp file "aminoacids.rtp"
2026-04-23 20:50:40,922 [ genlib ] [ INFO ] ENTERED SIMPLE
2026-04-23 20:50:40,922 [ genlib ] [ INFO ] Making atom pairs
2026-04-23 20:50:40,922 [ genlib ] [ INFO ] Searching branch 1
2026-04-23 20:50:40,922 [ genlib ] [ INFO ] Searching order 2
2026-04-23 20:50:40,922 [ genlib ] [ INFO ] Checking atom 1HB
2026-04-23 20:50:40,922 [ genlib ] [ INFO ] Define atom pair: GLU|1HB|HC|H         - > ILE|HB|HC|H          (d = 0.09 A)
2026-04-23 20:50:40,922 [ genlib ] [ INFO ] Checking atom 2HB
2026-04-23 20:50:40,922 [ genlib ] [ INFO ] Define atom pair: GLU|2HB|HC|H         - > ILE|CG2|CT|C.3       (d = 0.52 A)
2026-04-23 20:50:40,922 [ genlib ] [ INFO ] Checking atom CG
2026-04-23 20:50:40,922 [ genlib ] [ INFO ] Define atom pair: GLU|CG|CT|C.3        - > ILE|CG1|CT|C.3       (d = 0.10 A)
2026-04-23 20:50:40,922 [ genlib ] [ INFO ] Searching order 3
2026-04-23 20:50:40,922 [ genlib ] [ INFO ] Checking atom 1HG
2026-04-23 20:50:40,922 [ genlib ] [ INFO ] Define atom pair: GLU|1HG|HC|H         - > ILE|1HG1|HC|H        (d = 0.19 A)
2026-04-23 20:50:40,922 [ genlib ] [ INFO ] Checking atom 2HG
2026-04-23 20:50:40,922 [ genlib ] [ INFO ] Define atom pair: GLU|2HG|HC|H         - > ILE|2HG1|HC|H        (d = 0.18 A)
2026-04-23 20:50:40,922 [ genlib ] [ INFO ] Checking atom CD
2026-04-23 20:50:40,922 [ genlib ] [ INFO ] Define atom pair: GLU|CD|C|C.2         - > ILE|CD1|CT|C.3       (d = 0.06 A)
2026-04-23 20:50:40,922 [ genlib ] [ INFO ] Searching order 4
2026-04-23 20:50:40,922 [ genlib ] [ INFO ] Checking atom OE1
2026-04-23 20:50:40,922 [ genlib ] [ INFO ] Define atom pair: GLU|OE1|O2|O.co2     - > ILE|1HD1|HC|H        (d = 0.20 A)
2026-04-23 20:50:40,922 [ genlib ] [ INFO ] Checking atom OE2
2026-04-23 20:50:40,922 [ genlib ] [ INFO ] No partner found for atom OE2
2026-04-23 20:50:40,922 [ genlib ] [ INFO ] Searching order 5
2026-04-23 20:50:40,922 [ genlib ] [ INFO ] Searching order 6
2026-04-23 20:50:40,922 [ genlib ] [ INFO ] Searching order 7
2026-04-23 20:50:40,922 [ genlib ] [ INFO ] Searching branch 2
2026-04-23 20:50:40,922 [ genlib ] [ INFO ] Searching order 2
2026-04-23 20:50:40,922 [ genlib ] [ INFO ] Searching order 3
2026-04-23 20:50:40,922 [ genlib ] [ INFO ] Searching order 4
2026-04-23 20:50:40,922 [ genlib ] [ INFO ] Checking atom OE2
2026-04-23 20:50:40,922 [ genlib ] [ INFO ] No partner found for atom OE2
2026-04-23 20:50:40,922 [ genlib ] [ INFO ] Searching order 5
2026-04-23 20:50:40,922 [ genlib ] [ INFO ] Searching order 6
2026-04-23 20:50:40,922 [ genlib ] [ INFO ] Searching order 7
2026-04-23 20:50:40,924 [ genlib ] [ INFO ] Updating bond lists
2026-04-23 20:50:40,924 [ genlib ] [ INFO ] Updating dihedrals
2026-04-23 20:50:40,924 [ genlib ] [ INFO ] Updating impropers
2026-04-23 20:50:40,924 [ genlib ] [ INFO ] Building library files for GLU --> LEU mutant
2026-04-23 20:50:40,925 [ genlib ] [ INFO ] reading rtp file "aminoacids.rtp"
2026-04-23 20:50:40,950 [ genlib ] [ INFO ] ENTERED SIMPLE
2026-04-23 20:50:40,950 [ genlib ] [ INFO ] Making atom pairs
2026-04-23 20:50:40,950 [ genlib ] [ INFO ] Searching branch 1
2026-04-23 20:50:40,950 [ genlib ] [ INFO ] Searching order 2
2026-04-23 20:50:40,950 [ genlib ] [ INFO ] Checking atom 1HB
2026-04-23 20:50:40,950 [ genlib ] [ INFO ] Define atom pair: GLU|1HB|HC|H         - > LEU|1HB|HC|H         (d = 0.16 A)
2026-04-23 20:50:40,950 [ genlib ] [ INFO ] Checking atom 2HB
2026-04-23 20:50:40,950 [ genlib ] [ INFO ] Define atom pair: GLU|2HB|HC|H         - > LEU|2HB|HC|H         (d = 0.17 A)
2026-04-23 20:50:40,951 [ genlib ] [ INFO ] Checking atom CG
2026-04-23 20:50:40,951 [ genlib ] [ INFO ] Define atom pair: GLU|CG|CT|C.3        - > LEU|CG|CT|C.3        (d = 0.12 A)
2026-04-23 20:50:40,951 [ genlib ] [ INFO ] Searching order 3
2026-04-23 20:50:40,951 [ genlib ] [ INFO ] Checking atom 1HG
2026-04-23 20:50:40,951 [ genlib ] [ INFO ] Define atom pair: GLU|1HG|HC|H         - > LEU|CD2|CT|C.3       (d = 0.51 A)
2026-04-23 20:50:40,951 [ genlib ] [ INFO ] Checking atom 2HG
2026-04-23 20:50:40,951 [ genlib ] [ INFO ] Define atom pair: GLU|2HG|HC|H         - > LEU|HG|HC|H          (d = 0.15 A)
2026-04-23 20:50:40,951 [ genlib ] [ INFO ] Checking atom CD
2026-04-23 20:50:40,951 [ genlib ] [ INFO ] Define atom pair: GLU|CD|C|C.2         - > LEU|CD1|CT|C.3       (d = 0.09 A)
2026-04-23 20:50:40,951 [ genlib ] [ INFO ] Searching order 4
2026-04-23 20:50:40,951 [ genlib ] [ INFO ] Checking atom OE1
2026-04-23 20:50:40,951 [ genlib ] [ INFO ] Define atom pair: GLU|OE1|O2|O.co2     - > LEU|1HD1|HC|H        (d = 0.32 A)
2026-04-23 20:50:40,951 [ genlib ] [ INFO ] Checking atom OE2
2026-04-23 20:50:40,951 [ genlib ] [ INFO ] No partner found for atom OE2
2026-04-23 20:50:40,951 [ genlib ] [ INFO ] Searching order 5
2026-04-23 20:50:40,951 [ genlib ] [ INFO ] Searching order 6
2026-04-23 20:50:40,951 [ genlib ] [ INFO ] Searching order 7
2026-04-23 20:50:40,951 [ genlib ] [ INFO ] Searching branch 2
2026-04-23 20:50:40,951 [ genlib ] [ INFO ] Searching order 2
2026-04-23 20:50:40,951 [ genlib ] [ INFO ] Searching order 3
2026-04-23 20:50:40,951 [ genlib ] [ INFO ] Searching order 4
2026-04-23 20:50:40,951 [ genlib ] [ INFO ] Checking atom OE2
2026-04-23 20:50:40,951 [ genlib ] [ INFO ] No partner found for atom OE2
2026-04-23 20:50:40,951 [ genlib ] [ INFO ] Searching order 5
2026-04-23 20:50:40,951 [ genlib ] [ INFO ] Searching order 6
2026-04-23 20:50:40,951 [ genlib ] [ INFO ] Searching order 7
2026-04-23 20:50:40,953 [ genlib ] [ INFO ] Updating bond lists
2026-04-23 20:50:40,953 [ genlib ] [ INFO ] Updating dihedrals
2026-04-23 20:50:40,953 [ genlib ] [ INFO ] Updating impropers
2026-04-23 20:50:40,953 [ genlib ] [ INFO ] Building library files for GLU --> LYN mutant
2026-04-23 20:50:40,954 [ genlib ] [ INFO ] reading rtp file "aminoacids.rtp"
2026-04-23 20:50:40,980 [ genlib ] [ INFO ] ENTERED SIMPLE
2026-04-23 20:50:40,980 [ genlib ] [ INFO ] Making atom pairs
2026-04-23 20:50:40,980 [ genlib ] [ INFO ] Searching branch 1
2026-04-23 20:50:40,980 [ genlib ] [ INFO ] Searching order 2
2026-04-23 20:50:40,980 [ genlib ] [ INFO ] Checking atom 1HB
2026-04-23 20:50:40,980 [ genlib ] [ INFO ] Define atom pair: GLU|1HB|HC|H         - > LYN|1HB|HC|H         (d = 0.22 A)
2026-04-23 20:50:40,980 [ genlib ] [ INFO ] Checking atom 2HB
2026-04-23 20:50:40,980 [ genlib ] [ INFO ] Define atom pair: GLU|2HB|HC|H         - > LYN|2HB|HC|H         (d = 0.18 A)
2026-04-23 20:50:40,980 [ genlib ] [ INFO ] Checking atom CG
2026-04-23 20:50:40,980 [ genlib ] [ INFO ] Define atom pair: GLU|CG|CT|C.3        - > LYN|CG|CT|C.3        (d = 0.17 A)
2026-04-23 20:50:40,980 [ genlib ] [ INFO ] Searching order 3
2026-04-23 20:50:40,980 [ genlib ] [ INFO ] Checking atom 1HG
2026-04-23 20:50:40,980 [ genlib ] [ INFO ] Define atom pair: GLU|1HG|HC|H         - > LYN|1HG|HC|H         (d = 0.26 A)
2026-04-23 20:50:40,980 [ genlib ] [ INFO ] Checking atom 2HG
2026-04-23 20:50:40,980 [ genlib ] [ INFO ] Define atom pair: GLU|2HG|HC|H         - > LYN|2HG|HC|H         (d = 0.16 A)
2026-04-23 20:50:40,980 [ genlib ] [ INFO ] Checking atom CD
2026-04-23 20:50:40,980 [ genlib ] [ INFO ] Define atom pair: GLU|CD|C|C.2         - > LYN|CD|CT|C.3        (d = 0.16 A)
2026-04-23 20:50:40,980 [ genlib ] [ INFO ] Searching order 4
2026-04-23 20:50:40,980 [ genlib ] [ INFO ] Checking atom OE1
2026-04-23 20:50:40,980 [ genlib ] [ INFO ] Define atom pair: GLU|OE1|O2|O.co2     - > LYN|CE|CT|C.3        (d = 0.35 A)
2026-04-23 20:50:40,980 [ genlib ] [ INFO ] Checking atom OE2
2026-04-23 20:50:40,980 [ genlib ] [ INFO ] No partner found for atom OE2
2026-04-23 20:50:40,980 [ genlib ] [ INFO ] Searching order 5
2026-04-23 20:50:40,980 [ genlib ] [ INFO ] Searching order 6
2026-04-23 20:50:40,980 [ genlib ] [ INFO ] Searching order 7
2026-04-23 20:50:40,980 [ genlib ] [ INFO ] Searching branch 2
2026-04-23 20:50:40,980 [ genlib ] [ INFO ] Searching order 2
2026-04-23 20:50:40,980 [ genlib ] [ INFO ] Searching order 3
2026-04-23 20:50:40,980 [ genlib ] [ INFO ] Searching order 4
2026-04-23 20:50:40,980 [ genlib ] [ INFO ] Checking atom OE2
2026-04-23 20:50:40,980 [ genlib ] [ INFO ] No partner found for atom OE2
2026-04-23 20:50:40,980 [ genlib ] [ INFO ] Searching order 5
2026-04-23 20:50:40,980 [ genlib ] [ INFO ] Searching order 6
2026-04-23 20:50:40,980 [ genlib ] [ INFO ] Searching order 7
2026-04-23 20:50:40,983 [ genlib ] [ INFO ] Updating bond lists
2026-04-23 20:50:40,983 [ genlib ] [ INFO ] Updating dihedrals
2026-04-23 20:50:40,983 [ genlib ] [ INFO ] Updating impropers
2026-04-23 20:50:40,983 [ genlib ] [ INFO ] Building library files for GLU --> LYS mutant
2026-04-23 20:50:40,984 [ genlib ] [ INFO ] reading rtp file "aminoacids.rtp"
2026-04-23 20:50:41,009 [ genlib ] [ INFO ] ENTERED SIMPLE
2026-04-23 20:50:41,009 [ genlib ] [ INFO ] Making atom pairs
2026-04-23 20:50:41,009 [ genlib ] [ INFO ] Searching branch 1
2026-04-23 20:50:41,009 [ genlib ] [ INFO ] Searching order 2
2026-04-23 20:50:41,009 [ genlib ] [ INFO ] Checking atom 1HB
2026-04-23 20:50:41,009 [ genlib ] [ INFO ] Define atom pair: GLU|1HB|HC|H         - > LYS|1HB|HC|H         (d = 0.20 A)
2026-04-23 20:50:41,009 [ genlib ] [ INFO ] Checking atom 2HB
2026-04-23 20:50:41,009 [ genlib ] [ INFO ] Define atom pair: GLU|2HB|HC|H         - > LYS|2HB|HC|H         (d = 0.20 A)
2026-04-23 20:50:41,009 [ genlib ] [ INFO ] Checking atom CG
2026-04-23 20:50:41,009 [ genlib ] [ INFO ] Define atom pair: GLU|CG|CT|C.3        - > LYS|CG|CT|C.3        (d = 0.17 A)
2026-04-23 20:50:41,009 [ genlib ] [ INFO ] Searching order 3
2026-04-23 20:50:41,009 [ genlib ] [ INFO ] Checking atom 1HG
2026-04-23 20:50:41,009 [ genlib ] [ INFO ] Define atom pair: GLU|1HG|HC|H         - > LYS|1HG|HC|H         (d = 0.28 A)
2026-04-23 20:50:41,009 [ genlib ] [ INFO ] Checking atom 2HG
2026-04-23 20:50:41,009 [ genlib ] [ INFO ] Define atom pair: GLU|2HG|HC|H         - > LYS|2HG|HC|H         (d = 0.19 A)
2026-04-23 20:50:41,009 [ genlib ] [ INFO ] Checking atom CD
2026-04-23 20:50:41,009 [ genlib ] [ INFO ] Define atom pair: GLU|CD|C|C.2         - > LYS|CD|CT|C.3        (d = 0.18 A)
2026-04-23 20:50:41,009 [ genlib ] [ INFO ] Searching order 4
2026-04-23 20:50:41,009 [ genlib ] [ INFO ] Checking atom OE1
2026-04-23 20:50:41,009 [ genlib ] [ INFO ] Define atom pair: GLU|OE1|O2|O.co2     - > LYS|CE|CT|C.3        (d = 0.30 A)
2026-04-23 20:50:41,009 [ genlib ] [ INFO ] Checking atom OE2
2026-04-23 20:50:41,009 [ genlib ] [ INFO ] No partner found for atom OE2
2026-04-23 20:50:41,009 [ genlib ] [ INFO ] Searching order 5
2026-04-23 20:50:41,009 [ genlib ] [ INFO ] Searching order 6
2026-04-23 20:50:41,009 [ genlib ] [ INFO ] Searching order 7
2026-04-23 20:50:41,009 [ genlib ] [ INFO ] Searching branch 2
2026-04-23 20:50:41,009 [ genlib ] [ INFO ] Searching order 2
2026-04-23 20:50:41,009 [ genlib ] [ INFO ] Searching order 3
2026-04-23 20:50:41,009 [ genlib ] [ INFO ] Searching order 4
2026-04-23 20:50:41,009 [ genlib ] [ INFO ] Checking atom OE2
2026-04-23 20:50:41,009 [ genlib ] [ INFO ] No partner found for atom OE2
2026-04-23 20:50:41,009 [ genlib ] [ INFO ] Searching order 5
2026-04-23 20:50:41,009 [ genlib ] [ INFO ] Searching order 6
2026-04-23 20:50:41,010 [ genlib ] [ INFO ] Searching order 7
2026-04-23 20:50:41,013 [ genlib ] [ INFO ] Updating bond lists
2026-04-23 20:50:41,013 [ genlib ] [ INFO ] Updating dihedrals
2026-04-23 20:50:41,013 [ genlib ] [ INFO ] Updating impropers
2026-04-23 20:50:41,013 [ genlib ] [ INFO ] Building library files for GLU --> MET mutant
2026-04-23 20:50:41,014 [ genlib ] [ INFO ] reading rtp file "aminoacids.rtp"
2026-04-23 20:50:41,039 [ genlib ] [ INFO ] ENTERED SIMPLE
2026-04-23 20:50:41,039 [ genlib ] [ INFO ] Making atom pairs
2026-04-23 20:50:41,039 [ genlib ] [ INFO ] Searching branch 1
2026-04-23 20:50:41,039 [ genlib ] [ INFO ] Searching order 2
2026-04-23 20:50:41,039 [ genlib ] [ INFO ] Checking atom 1HB
2026-04-23 20:50:41,039 [ genlib ] [ INFO ] Define atom pair: GLU|1HB|HC|H         - > MET|1HB|HC|H         (d = 0.20 A)
2026-04-23 20:50:41,040 [ genlib ] [ INFO ] Checking atom 2HB
2026-04-23 20:50:41,040 [ genlib ] [ INFO ] Define atom pair: GLU|2HB|HC|H         - > MET|2HB|HC|H         (d = 0.20 A)
2026-04-23 20:50:41,040 [ genlib ] [ INFO ] Checking atom CG
2026-04-23 20:50:41,040 [ genlib ] [ INFO ] Define atom pair: GLU|CG|CT|C.3        - > MET|CG|CT|C.3        (d = 0.12 A)
2026-04-23 20:50:41,040 [ genlib ] [ INFO ] Searching order 3
2026-04-23 20:50:41,040 [ genlib ] [ INFO ] Checking atom 1HG
2026-04-23 20:50:41,040 [ genlib ] [ INFO ] Define atom pair: GLU|1HG|HC|H         - > MET|1HG|H1|H         (d = 0.19 A)
2026-04-23 20:50:41,040 [ genlib ] [ INFO ] Checking atom 2HG
2026-04-23 20:50:41,040 [ genlib ] [ INFO ] Define atom pair: GLU|2HG|HC|H         - > MET|2HG|H1|H         (d = 0.18 A)
2026-04-23 20:50:41,040 [ genlib ] [ INFO ] Checking atom CD
2026-04-23 20:50:41,040 [ genlib ] [ INFO ] Define atom pair: GLU|CD|C|C.2         - > MET|SD|S|S.3         (d = 0.23 A)
2026-04-23 20:50:41,040 [ genlib ] [ INFO ] Searching order 4
2026-04-23 20:50:41,040 [ genlib ] [ INFO ] Checking atom OE1
2026-04-23 20:50:41,040 [ genlib ] [ INFO ] No partner found for atom OE1
2026-04-23 20:50:41,040 [ genlib ] [ INFO ] Checking atom OE2
2026-04-23 20:50:41,040 [ genlib ] [ INFO ] No partner found for atom OE2
2026-04-23 20:50:41,040 [ genlib ] [ INFO ] Searching order 5
2026-04-23 20:50:41,040 [ genlib ] [ INFO ] Searching order 6
2026-04-23 20:50:41,040 [ genlib ] [ INFO ] Searching order 7
2026-04-23 20:50:41,040 [ genlib ] [ INFO ] Searching branch 2
2026-04-23 20:50:41,040 [ genlib ] [ INFO ] Searching order 2
2026-04-23 20:50:41,040 [ genlib ] [ INFO ] Searching order 3
2026-04-23 20:50:41,040 [ genlib ] [ INFO ] Searching order 4
2026-04-23 20:50:41,040 [ genlib ] [ INFO ] Checking atom OE1
2026-04-23 20:50:41,040 [ genlib ] [ INFO ] No partner found for atom OE1
2026-04-23 20:50:41,040 [ genlib ] [ INFO ] Checking atom OE2
2026-04-23 20:50:41,040 [ genlib ] [ INFO ] No partner found for atom OE2
2026-04-23 20:50:41,040 [ genlib ] [ INFO ] Searching order 5
2026-04-23 20:50:41,040 [ genlib ] [ INFO ] Searching order 6
2026-04-23 20:50:41,040 [ genlib ] [ INFO ] Searching order 7
2026-04-23 20:50:41,041 [ genlib ] [ INFO ] Updating bond lists
2026-04-23 20:50:41,041 [ genlib ] [ INFO ] Updating dihedrals
2026-04-23 20:50:41,041 [ genlib ] [ INFO ] Updating impropers
2026-04-23 20:50:41,042 [ genlib ] [ INFO ] Building library files for GLU --> PHE mutant
2026-04-23 20:50:41,042 [ genlib ] [ INFO ] reading rtp file "aminoacids.rtp"
2026-04-23 20:50:41,067 [ genlib ] [ INFO ] ENTERED RINGS
2026-04-23 20:50:41,067 [ genlib ] [ INFO ] Making atom pairs
2026-04-23 20:50:41,072 [ genlib ] [ INFO ] Updating bond lists
2026-04-23 20:50:41,072 [ genlib ] [ INFO ] Updating dihedrals
2026-04-23 20:50:41,072 [ genlib ] [ INFO ] Updating impropers
2026-04-23 20:50:41,072 [ genlib ] [ INFO ] Building library files for GLU --> PRO mutant
2026-04-23 20:50:41,073 [ genlib ] [ INFO ] reading rtp file "aminoacids.rtp"
2026-04-23 20:50:41,098 [ genlib ] [ INFO ] ENTERED P
2026-04-23 20:50:41,098 [ genlib ] [ INFO ] Making atom pairs
2026-04-23 20:50:41,101 [ genlib ] [ INFO ] Updating bond lists
2026-04-23 20:50:41,101 [ genlib ] [ INFO ] Updating dihedrals
2026-04-23 20:50:41,101 [ genlib ] [ INFO ] Updating impropers
2026-04-23 20:50:41,101 [ genlib ] [ WARNING ] undefined
2026-04-23 20:50:41,101 [ genlib ] [ INFO ] Building library files for GLU --> SER mutant
2026-04-23 20:50:41,102 [ genlib ] [ INFO ] reading rtp file "aminoacids.rtp"
2026-04-23 20:50:41,127 [ genlib ] [ INFO ] ENTERED SIMPLE
2026-04-23 20:50:41,127 [ genlib ] [ INFO ] Making atom pairs
2026-04-23 20:50:41,127 [ genlib ] [ INFO ] Searching branch 1
2026-04-23 20:50:41,127 [ genlib ] [ INFO ] Searching order 2
2026-04-23 20:50:41,127 [ genlib ] [ INFO ] Checking atom 1HB
2026-04-23 20:50:41,127 [ genlib ] [ INFO ] Define atom pair: GLU|1HB|HC|H         - > SER|1HB|H1|H         (d = 0.07 A)
2026-04-23 20:50:41,127 [ genlib ] [ INFO ] Checking atom 2HB
2026-04-23 20:50:41,127 [ genlib ] [ INFO ] Define atom pair: GLU|2HB|HC|H         - > SER|2HB|H1|H         (d = 0.07 A)
2026-04-23 20:50:41,127 [ genlib ] [ INFO ] Checking atom CG
2026-04-23 20:50:41,127 [ genlib ] [ INFO ] Define atom pair: GLU|CG|CT|C.3        - > SER|OG|OH|O.3        (d = 0.16 A)
2026-04-23 20:50:41,127 [ genlib ] [ INFO ] Searching order 3
2026-04-23 20:50:41,127 [ genlib ] [ INFO ] Checking atom 1HG
2026-04-23 20:50:41,127 [ genlib ] [ INFO ] No partner found for atom 1HG
2026-04-23 20:50:41,127 [ genlib ] [ INFO ] Checking atom 2HG
2026-04-23 20:50:41,127 [ genlib ] [ INFO ] No partner found for atom 2HG
2026-04-23 20:50:41,127 [ genlib ] [ INFO ] Checking atom CD
2026-04-23 20:50:41,127 [ genlib ] [ INFO ] No partner found for atom CD
2026-04-23 20:50:41,127 [ genlib ] [ INFO ] Searching order 4
2026-04-23 20:50:41,127 [ genlib ] [ INFO ] Searching order 5
2026-04-23 20:50:41,127 [ genlib ] [ INFO ] Searching order 6
2026-04-23 20:50:41,127 [ genlib ] [ INFO ] Searching order 7
2026-04-23 20:50:41,127 [ genlib ] [ INFO ] Searching branch 2
2026-04-23 20:50:41,127 [ genlib ] [ INFO ] Searching order 2
2026-04-23 20:50:41,127 [ genlib ] [ INFO ] Searching order 3
2026-04-23 20:50:41,127 [ genlib ] [ INFO ] Checking atom 1HG
2026-04-23 20:50:41,127 [ genlib ] [ INFO ] No partner found for atom 1HG
2026-04-23 20:50:41,127 [ genlib ] [ INFO ] Checking atom 2HG
2026-04-23 20:50:41,127 [ genlib ] [ INFO ] No partner found for atom 2HG
2026-04-23 20:50:41,127 [ genlib ] [ INFO ] Checking atom CD
2026-04-23 20:50:41,127 [ genlib ] [ INFO ] No partner found for atom CD
2026-04-23 20:50:41,127 [ genlib ] [ INFO ] Searching order 4
2026-04-23 20:50:41,127 [ genlib ] [ INFO ] Searching order 5
2026-04-23 20:50:41,127 [ genlib ] [ INFO ] Searching order 6
2026-04-23 20:50:41,127 [ genlib ] [ INFO ] Searching order 7
2026-04-23 20:50:41,129 [ genlib ] [ INFO ] Updating bond lists
2026-04-23 20:50:41,129 [ genlib ] [ INFO ] Updating dihedrals
2026-04-23 20:50:41,129 [ genlib ] [ INFO ] Updating impropers
2026-04-23 20:50:41,129 [ genlib ] [ INFO ] Building library files for GLU --> THR mutant
2026-04-23 20:50:41,130 [ genlib ] [ INFO ] reading rtp file "aminoacids.rtp"
2026-04-23 20:50:41,155 [ genlib ] [ INFO ] ENTERED SIMPLE
2026-04-23 20:50:41,155 [ genlib ] [ INFO ] Making atom pairs
2026-04-23 20:50:41,155 [ genlib ] [ INFO ] Searching branch 1
2026-04-23 20:50:41,155 [ genlib ] [ INFO ] Searching order 2
2026-04-23 20:50:41,155 [ genlib ] [ INFO ] Checking atom 1HB
2026-04-23 20:50:41,155 [ genlib ] [ INFO ] Define atom pair: GLU|1HB|HC|H         - > THR|HB|H1|H          (d = 0.11 A)
2026-04-23 20:50:41,155 [ genlib ] [ INFO ] Checking atom 2HB
2026-04-23 20:50:41,155 [ genlib ] [ INFO ] No partner found for atom 2HB
2026-04-23 20:50:41,155 [ genlib ] [ INFO ] Checking atom CG
2026-04-23 20:50:41,155 [ genlib ] [ INFO ] Define atom pair: GLU|CG|CT|C.3        - > THR|OG1|OH|O.3       (d = 0.22 A)
2026-04-23 20:50:41,155 [ genlib ] [ INFO ] Searching order 3
2026-04-23 20:50:41,155 [ genlib ] [ INFO ] Checking atom 1HG
2026-04-23 20:50:41,155 [ genlib ] [ INFO ] No partner found for atom 1HG
2026-04-23 20:50:41,155 [ genlib ] [ INFO ] Checking atom 2HG
2026-04-23 20:50:41,155 [ genlib ] [ INFO ] No partner found for atom 2HG
2026-04-23 20:50:41,155 [ genlib ] [ INFO ] Checking atom CD
2026-04-23 20:50:41,155 [ genlib ] [ INFO ] No partner found for atom CD
2026-04-23 20:50:41,155 [ genlib ] [ INFO ] Searching order 4
2026-04-23 20:50:41,155 [ genlib ] [ INFO ] Searching order 5
2026-04-23 20:50:41,155 [ genlib ] [ INFO ] Searching order 6
2026-04-23 20:50:41,155 [ genlib ] [ INFO ] Searching order 7
2026-04-23 20:50:41,155 [ genlib ] [ INFO ] Searching branch 2
2026-04-23 20:50:41,155 [ genlib ] [ INFO ] Searching order 2
2026-04-23 20:50:41,155 [ genlib ] [ INFO ] Checking atom 2HB
2026-04-23 20:50:41,155 [ genlib ] [ INFO ] No partner found for atom 2HB
2026-04-23 20:50:41,155 [ genlib ] [ INFO ] Searching order 3
2026-04-23 20:50:41,155 [ genlib ] [ INFO ] Checking atom 1HG
2026-04-23 20:50:41,155 [ genlib ] [ INFO ] No partner found for atom 1HG
2026-04-23 20:50:41,155 [ genlib ] [ INFO ] Checking atom 2HG
2026-04-23 20:50:41,155 [ genlib ] [ INFO ] No partner found for atom 2HG
2026-04-23 20:50:41,155 [ genlib ] [ INFO ] Checking atom CD
2026-04-23 20:50:41,155 [ genlib ] [ INFO ] No partner found for atom CD
2026-04-23 20:50:41,156 [ genlib ] [ INFO ] Searching order 4
2026-04-23 20:50:41,156 [ genlib ] [ INFO ] Searching order 5
2026-04-23 20:50:41,156 [ genlib ] [ INFO ] Searching order 6
2026-04-23 20:50:41,156 [ genlib ] [ INFO ] Searching order 7
2026-04-23 20:50:41,157 [ genlib ] [ INFO ] Updating bond lists
2026-04-23 20:50:41,157 [ genlib ] [ INFO ] Updating dihedrals
2026-04-23 20:50:41,157 [ genlib ] [ INFO ] Updating impropers
2026-04-23 20:50:41,157 [ genlib ] [ INFO ] Building library files for GLU --> TRP mutant
2026-04-23 20:50:41,158 [ genlib ] [ INFO ] reading rtp file "aminoacids.rtp"
2026-04-23 20:50:41,184 [ genlib ] [ INFO ] ENTERED RINGS
2026-04-23 20:50:41,184 [ genlib ] [ INFO ] Making atom pairs
2026-04-23 20:50:41,190 [ genlib ] [ INFO ] Updating bond lists
2026-04-23 20:50:41,191 [ genlib ] [ INFO ] Updating dihedrals
2026-04-23 20:50:41,191 [ genlib ] [ INFO ] Updating impropers
2026-04-23 20:50:41,191 [ genlib ] [ INFO ] Building library files for GLU --> TYR mutant
2026-04-23 20:50:41,192 [ genlib ] [ INFO ] reading rtp file "aminoacids.rtp"
2026-04-23 20:50:41,218 [ genlib ] [ INFO ] ENTERED RINGS
2026-04-23 20:50:41,218 [ genlib ] [ INFO ] Making atom pairs
2026-04-23 20:50:41,223 [ genlib ] [ INFO ] Updating bond lists
2026-04-23 20:50:41,223 [ genlib ] [ INFO ] Updating dihedrals
2026-04-23 20:50:41,223 [ genlib ] [ INFO ] Updating impropers
2026-04-23 20:50:41,223 [ genlib ] [ INFO ] Building library files for GLU --> VAL mutant
2026-04-23 20:50:41,224 [ genlib ] [ INFO ] reading rtp file "aminoacids.rtp"
2026-04-23 20:50:41,249 [ genlib ] [ INFO ] ENTERED SIMPLE
2026-04-23 20:50:41,249 [ genlib ] [ INFO ] Making atom pairs
2026-04-23 20:50:41,249 [ genlib ] [ INFO ] Searching branch 1
2026-04-23 20:50:41,249 [ genlib ] [ INFO ] Searching order 2
2026-04-23 20:50:41,249 [ genlib ] [ INFO ] Checking atom 1HB
2026-04-23 20:50:41,249 [ genlib ] [ INFO ] Define atom pair: GLU|1HB|HC|H         - > VAL|HB|HC|H          (d = 0.02 A)
2026-04-23 20:50:41,249 [ genlib ] [ INFO ] Checking atom 2HB
2026-04-23 20:50:41,249 [ genlib ] [ INFO ] Define atom pair: GLU|2HB|HC|H         - > VAL|CG1|CT|C.3       (d = 0.49 A)
2026-04-23 20:50:41,249 [ genlib ] [ INFO ] Checking atom CG
2026-04-23 20:50:41,249 [ genlib ] [ INFO ] Define atom pair: GLU|CG|CT|C.3        - > VAL|CG2|CT|C.3       (d = 0.07 A)
2026-04-23 20:50:41,249 [ genlib ] [ INFO ] Searching order 3
2026-04-23 20:50:41,249 [ genlib ] [ INFO ] Checking atom 1HG
2026-04-23 20:50:41,249 [ genlib ] [ INFO ] Define atom pair: GLU|1HG|HC|H         - > VAL|2HG2|HC|H        (d = 0.11 A)
2026-04-23 20:50:41,249 [ genlib ] [ INFO ] Checking atom 2HG
2026-04-23 20:50:41,249 [ genlib ] [ INFO ] Define atom pair: GLU|2HG|HC|H         - > VAL|3HG2|HC|H        (d = 0.12 A)
2026-04-23 20:50:41,249 [ genlib ] [ INFO ] Checking atom CD
2026-04-23 20:50:41,249 [ genlib ] [ INFO ] Define atom pair: GLU|CD|C|C.2         - > VAL|1HG2|HC|H        (d = 0.43 A)
2026-04-23 20:50:41,249 [ genlib ] [ INFO ] Searching order 4
2026-04-23 20:50:41,249 [ genlib ] [ INFO ] Checking atom OE1
2026-04-23 20:50:41,249 [ genlib ] [ INFO ] No partner found for atom OE1
2026-04-23 20:50:41,249 [ genlib ] [ INFO ] Checking atom OE2
2026-04-23 20:50:41,249 [ genlib ] [ INFO ] No partner found for atom OE2
2026-04-23 20:50:41,249 [ genlib ] [ INFO ] Searching order 5
2026-04-23 20:50:41,249 [ genlib ] [ INFO ] Searching order 6
2026-04-23 20:50:41,249 [ genlib ] [ INFO ] Searching order 7
2026-04-23 20:50:41,249 [ genlib ] [ INFO ] Searching branch 2
2026-04-23 20:50:41,249 [ genlib ] [ INFO ] Searching order 2
2026-04-23 20:50:41,249 [ genlib ] [ INFO ] Searching order 3
2026-04-23 20:50:41,249 [ genlib ] [ INFO ] Searching order 4
2026-04-23 20:50:41,249 [ genlib ] [ INFO ] Checking atom OE1
2026-04-23 20:50:41,249 [ genlib ] [ INFO ] No partner found for atom OE1
2026-04-23 20:50:41,249 [ genlib ] [ INFO ] Checking atom OE2
2026-04-23 20:50:41,249 [ genlib ] [ INFO ] No partner found for atom OE2
2026-04-23 20:50:41,249 [ genlib ] [ INFO ] Searching order 5
2026-04-23 20:50:41,249 [ genlib ] [ INFO ] Searching order 6
2026-04-23 20:50:41,249 [ genlib ] [ INFO ] Searching order 7
2026-04-23 20:50:41,251 [ genlib ] [ INFO ] Updating bond lists
2026-04-23 20:50:41,251 [ genlib ] [ INFO ] Updating dihedrals
2026-04-23 20:50:41,251 [ genlib ] [ INFO ] Updating impropers
2026-04-23 20:50:41,251 [ genlib ] [ INFO ] Building library files for GLY --> ALA mutant
2026-04-23 20:50:41,251 [ genlib ] [ INFO ] reading rtp file "aminoacids.rtp"
2026-04-23 20:50:41,277 [ genlib ] [ INFO ] ENTERED G
2026-04-23 20:50:41,277 [ genlib ] [ INFO ] Making atom pairs
2026-04-23 20:50:41,279 [ genlib ] [ INFO ] Updating bond lists
2026-04-23 20:50:41,279 [ genlib ] [ INFO ] Updating dihedrals
2026-04-23 20:50:41,279 [ genlib ] [ INFO ] Updating impropers
2026-04-23 20:50:41,279 [ genlib ] [ WARNING ] undefined
2026-04-23 20:50:41,279 [ genlib ] [ INFO ] Building library files for GLY --> ARG mutant
2026-04-23 20:50:41,279 [ genlib ] [ INFO ] reading rtp file "aminoacids.rtp"
2026-04-23 20:50:41,305 [ genlib ] [ INFO ] ENTERED G
2026-04-23 20:50:41,305 [ genlib ] [ INFO ] Making atom pairs
2026-04-23 20:50:41,313 [ genlib ] [ INFO ] Updating bond lists
2026-04-23 20:50:41,313 [ genlib ] [ INFO ] Updating dihedrals
2026-04-23 20:50:41,313 [ genlib ] [ INFO ] Updating impropers
2026-04-23 20:50:41,313 [ genlib ] [ WARNING ] undefined
2026-04-23 20:50:41,313 [ genlib ] [ INFO ] Building library files for GLY --> ASH mutant
2026-04-23 20:50:41,314 [ genlib ] [ INFO ] reading rtp file "aminoacids.rtp"
2026-04-23 20:50:41,339 [ genlib ] [ INFO ] ENTERED G
2026-04-23 20:50:41,339 [ genlib ] [ INFO ] Making atom pairs
2026-04-23 20:50:41,341 [ genlib ] [ INFO ] Updating bond lists
2026-04-23 20:50:41,341 [ genlib ] [ INFO ] Updating dihedrals
2026-04-23 20:50:41,341 [ genlib ] [ INFO ] Updating impropers
2026-04-23 20:50:41,341 [ genlib ] [ WARNING ] undefined
2026-04-23 20:50:41,341 [ genlib ] [ INFO ] Building library files for GLY --> ASN mutant
2026-04-23 20:50:41,342 [ genlib ] [ INFO ] reading rtp file "aminoacids.rtp"
2026-04-23 20:50:41,367 [ genlib ] [ INFO ] ENTERED G
2026-04-23 20:50:41,367 [ genlib ] [ INFO ] Making atom pairs
2026-04-23 20:50:41,370 [ genlib ] [ INFO ] Updating bond lists
2026-04-23 20:50:41,370 [ genlib ] [ INFO ] Updating dihedrals
2026-04-23 20:50:41,370 [ genlib ] [ INFO ] Updating impropers
2026-04-23 20:50:41,370 [ genlib ] [ WARNING ] undefined
2026-04-23 20:50:41,370 [ genlib ] [ INFO ] Building library files for GLY --> ASP mutant
2026-04-23 20:50:41,370 [ genlib ] [ INFO ] reading rtp file "aminoacids.rtp"
2026-04-23 20:50:41,396 [ genlib ] [ INFO ] ENTERED G
2026-04-23 20:50:41,396 [ genlib ] [ INFO ] Making atom pairs
2026-04-23 20:50:41,397 [ genlib ] [ INFO ] Updating bond lists
2026-04-23 20:50:41,398 [ genlib ] [ INFO ] Updating dihedrals
2026-04-23 20:50:41,398 [ genlib ] [ INFO ] Updating impropers
2026-04-23 20:50:41,398 [ genlib ] [ WARNING ] undefined
2026-04-23 20:50:41,398 [ genlib ] [ INFO ] Building library files for GLY --> CYS mutant
2026-04-23 20:50:41,398 [ genlib ] [ INFO ] reading rtp file "aminoacids.rtp"
2026-04-23 20:50:41,423 [ genlib ] [ INFO ] ENTERED G
2026-04-23 20:50:41,423 [ genlib ] [ INFO ] Making atom pairs
2026-04-23 20:50:41,426 [ genlib ] [ INFO ] Updating bond lists
2026-04-23 20:50:41,426 [ genlib ] [ INFO ] Updating dihedrals
2026-04-23 20:50:41,426 [ genlib ] [ INFO ] Updating impropers
2026-04-23 20:50:41,426 [ genlib ] [ WARNING ] undefined
2026-04-23 20:50:41,426 [ genlib ] [ INFO ] Building library files for GLY --> GLH mutant
2026-04-23 20:50:41,426 [ genlib ] [ INFO ] reading rtp file "aminoacids.rtp"
2026-04-23 20:50:41,451 [ genlib ] [ INFO ] ENTERED G
2026-04-23 20:50:41,451 [ genlib ] [ INFO ] Making atom pairs
2026-04-23 20:50:41,455 [ genlib ] [ INFO ] Updating bond lists
2026-04-23 20:50:41,455 [ genlib ] [ INFO ] Updating dihedrals
2026-04-23 20:50:41,455 [ genlib ] [ INFO ] Updating impropers
2026-04-23 20:50:41,455 [ genlib ] [ WARNING ] undefined
2026-04-23 20:50:41,455 [ genlib ] [ INFO ] Building library files for GLY --> GLN mutant
2026-04-23 20:50:41,456 [ genlib ] [ INFO ] reading rtp file "aminoacids.rtp"
2026-04-23 20:50:41,481 [ genlib ] [ INFO ] ENTERED G
2026-04-23 20:50:41,481 [ genlib ] [ INFO ] Making atom pairs
2026-04-23 20:50:41,485 [ genlib ] [ INFO ] Updating bond lists
2026-04-23 20:50:41,485 [ genlib ] [ INFO ] Updating dihedrals
2026-04-23 20:50:41,485 [ genlib ] [ INFO ] Updating impropers
2026-04-23 20:50:41,485 [ genlib ] [ WARNING ] undefined
2026-04-23 20:50:41,485 [ genlib ] [ INFO ] Building library files for GLY --> GLU mutant
2026-04-23 20:50:41,486 [ genlib ] [ INFO ] reading rtp file "aminoacids.rtp"
2026-04-23 20:50:41,510 [ genlib ] [ INFO ] ENTERED G
2026-04-23 20:50:41,510 [ genlib ] [ INFO ] Making atom pairs
2026-04-23 20:50:41,513 [ genlib ] [ INFO ] Updating bond lists
2026-04-23 20:50:41,513 [ genlib ] [ INFO ] Updating dihedrals
2026-04-23 20:50:41,513 [ genlib ] [ INFO ] Updating impropers
2026-04-23 20:50:41,513 [ genlib ] [ WARNING ] undefined
2026-04-23 20:50:41,514 [ genlib ] [ INFO ] Building library files for GLY --> HID mutant
2026-04-23 20:50:41,514 [ genlib ] [ INFO ] reading rtp file "aminoacids.rtp"
2026-04-23 20:50:41,540 [ genlib ] [ INFO ] ENTERED G
2026-04-23 20:50:41,540 [ genlib ] [ INFO ] Making atom pairs
2026-04-23 20:50:41,544 [ genlib ] [ INFO ] Updating bond lists
2026-04-23 20:50:41,544 [ genlib ] [ INFO ] Updating dihedrals
2026-04-23 20:50:41,544 [ genlib ] [ INFO ] Updating impropers
2026-04-23 20:50:41,544 [ genlib ] [ WARNING ] undefined
2026-04-23 20:50:41,545 [ genlib ] [ INFO ] Building library files for GLY --> HIE mutant
2026-04-23 20:50:41,545 [ genlib ] [ INFO ] reading rtp file "aminoacids.rtp"
2026-04-23 20:50:41,571 [ genlib ] [ INFO ] ENTERED G
2026-04-23 20:50:41,571 [ genlib ] [ INFO ] Making atom pairs
2026-04-23 20:50:41,576 [ genlib ] [ INFO ] Updating bond lists
2026-04-23 20:50:41,577 [ genlib ] [ INFO ] Updating dihedrals
2026-04-23 20:50:41,577 [ genlib ] [ INFO ] Updating impropers
2026-04-23 20:50:41,577 [ genlib ] [ WARNING ] undefined
2026-04-23 20:50:41,577 [ genlib ] [ INFO ] Building library files for GLY --> HIP mutant
2026-04-23 20:50:41,578 [ genlib ] [ INFO ] reading rtp file "aminoacids.rtp"
2026-04-23 20:50:41,604 [ genlib ] [ INFO ] ENTERED G
2026-04-23 20:50:41,604 [ genlib ] [ INFO ] Making atom pairs
2026-04-23 20:50:41,608 [ genlib ] [ INFO ] Updating bond lists
2026-04-23 20:50:41,609 [ genlib ] [ INFO ] Updating dihedrals
2026-04-23 20:50:41,609 [ genlib ] [ INFO ] Updating impropers
2026-04-23 20:50:41,609 [ genlib ] [ WARNING ] undefined
2026-04-23 20:50:41,609 [ genlib ] [ INFO ] Building library files for GLY --> ILE mutant
2026-04-23 20:50:41,610 [ genlib ] [ INFO ] reading rtp file "aminoacids.rtp"
2026-04-23 20:50:41,635 [ genlib ] [ INFO ] ENTERED G
2026-04-23 20:50:41,635 [ genlib ] [ INFO ] Making atom pairs
2026-04-23 20:50:41,641 [ genlib ] [ INFO ] Updating bond lists
2026-04-23 20:50:41,641 [ genlib ] [ INFO ] Updating dihedrals
2026-04-23 20:50:41,641 [ genlib ] [ INFO ] Updating impropers
2026-04-23 20:50:41,641 [ genlib ] [ WARNING ] undefined
2026-04-23 20:50:41,641 [ genlib ] [ INFO ] Building library files for GLY --> LEU mutant
2026-04-23 20:50:41,642 [ genlib ] [ INFO ] reading rtp file "aminoacids.rtp"
2026-04-23 20:50:41,667 [ genlib ] [ INFO ] ENTERED G
2026-04-23 20:50:41,667 [ genlib ] [ INFO ] Making atom pairs
2026-04-23 20:50:41,672 [ genlib ] [ INFO ] Updating bond lists
2026-04-23 20:50:41,672 [ genlib ] [ INFO ] Updating dihedrals
2026-04-23 20:50:41,672 [ genlib ] [ INFO ] Updating impropers
2026-04-23 20:50:41,673 [ genlib ] [ WARNING ] undefined
2026-04-23 20:50:41,673 [ genlib ] [ INFO ] Building library files for GLY --> LYN mutant
2026-04-23 20:50:41,673 [ genlib ] [ INFO ] reading rtp file "aminoacids.rtp"
2026-04-23 20:50:41,700 [ genlib ] [ INFO ] ENTERED G
2026-04-23 20:50:41,700 [ genlib ] [ INFO ] Making atom pairs
2026-04-23 20:50:41,708 [ genlib ] [ INFO ] Updating bond lists
2026-04-23 20:50:41,708 [ genlib ] [ INFO ] Updating dihedrals
2026-04-23 20:50:41,708 [ genlib ] [ INFO ] Updating impropers
2026-04-23 20:50:41,708 [ genlib ] [ WARNING ] undefined
2026-04-23 20:50:41,708 [ genlib ] [ INFO ] Building library files for GLY --> LYS mutant
2026-04-23 20:50:41,709 [ genlib ] [ INFO ] reading rtp file "aminoacids.rtp"
2026-04-23 20:50:41,739 [ genlib ] [ INFO ] ENTERED G
2026-04-23 20:50:41,739 [ genlib ] [ INFO ] Making atom pairs
2026-04-23 20:50:41,747 [ genlib ] [ INFO ] Updating bond lists
2026-04-23 20:50:41,747 [ genlib ] [ INFO ] Updating dihedrals
2026-04-23 20:50:41,747 [ genlib ] [ INFO ] Updating impropers
2026-04-23 20:50:41,747 [ genlib ] [ WARNING ] undefined
2026-04-23 20:50:41,747 [ genlib ] [ INFO ] Building library files for GLY --> MET mutant
2026-04-23 20:50:41,748 [ genlib ] [ INFO ] reading rtp file "aminoacids.rtp"
2026-04-23 20:50:41,774 [ genlib ] [ INFO ] ENTERED G
2026-04-23 20:50:41,774 [ genlib ] [ INFO ] Making atom pairs
2026-04-23 20:50:41,779 [ genlib ] [ INFO ] Updating bond lists
2026-04-23 20:50:41,779 [ genlib ] [ INFO ] Updating dihedrals
2026-04-23 20:50:41,779 [ genlib ] [ INFO ] Updating impropers
2026-04-23 20:50:41,779 [ genlib ] [ WARNING ] undefined
2026-04-23 20:50:41,780 [ genlib ] [ INFO ] Building library files for GLY --> PHE mutant
2026-04-23 20:50:41,780 [ genlib ] [ INFO ] reading rtp file "aminoacids.rtp"
2026-04-23 20:50:41,812 [ genlib ] [ INFO ] ENTERED G
2026-04-23 20:50:41,812 [ genlib ] [ INFO ] Making atom pairs
2026-04-23 20:50:41,817 [ genlib ] [ INFO ] Updating bond lists
2026-04-23 20:50:41,818 [ genlib ] [ INFO ] Updating dihedrals
2026-04-23 20:50:41,818 [ genlib ] [ INFO ] Updating impropers
2026-04-23 20:50:41,818 [ genlib ] [ WARNING ] undefined
2026-04-23 20:50:41,818 [ genlib ] [ INFO ] Building library files for GLY --> PRO mutant
2026-04-23 20:50:41,818 [ genlib ] [ INFO ] reading rtp file "aminoacids.rtp"
2026-04-23 20:50:41,844 [ genlib ] [ INFO ] ENTERED P
2026-04-23 20:50:41,844 [ genlib ] [ INFO ] subENTERED G
2026-04-23 20:50:41,844 [ genlib ] [ INFO ] Making atom pairs
2026-04-23 20:50:41,851 [ genlib ] [ INFO ] Updating bond lists
2026-04-23 20:50:41,851 [ genlib ] [ INFO ] Updating dihedrals
2026-04-23 20:50:41,851 [ genlib ] [ INFO ] Updating impropers
2026-04-23 20:50:41,852 [ genlib ] [ INFO ] Building library files for GLY --> SER mutant
2026-04-23 20:50:41,853 [ genlib ] [ INFO ] reading rtp file "aminoacids.rtp"
2026-04-23 20:50:41,892 [ genlib ] [ INFO ] ENTERED G
2026-04-23 20:50:41,892 [ genlib ] [ INFO ] Making atom pairs
2026-04-23 20:50:41,893 [ genlib ] [ INFO ] Updating bond lists
2026-04-23 20:50:41,893 [ genlib ] [ INFO ] Updating dihedrals
2026-04-23 20:50:41,893 [ genlib ] [ INFO ] Updating impropers
2026-04-23 20:50:41,893 [ genlib ] [ WARNING ] undefined
2026-04-23 20:50:41,894 [ genlib ] [ INFO ] Building library files for GLY --> THR mutant
2026-04-23 20:50:41,894 [ genlib ] [ INFO ] reading rtp file "aminoacids.rtp"
2026-04-23 20:50:41,930 [ genlib ] [ INFO ] ENTERED G
2026-04-23 20:50:41,930 [ genlib ] [ INFO ] Making atom pairs
2026-04-23 20:50:41,934 [ genlib ] [ INFO ] Updating bond lists
2026-04-23 20:50:41,934 [ genlib ] [ INFO ] Updating dihedrals
2026-04-23 20:50:41,934 [ genlib ] [ INFO ] Updating impropers
2026-04-23 20:50:41,934 [ genlib ] [ WARNING ] undefined
2026-04-23 20:50:41,936 [ genlib ] [ INFO ] Building library files for GLY --> TRP mutant
2026-04-23 20:50:41,937 [ genlib ] [ INFO ] reading rtp file "aminoacids.rtp"
2026-04-23 20:50:41,970 [ genlib ] [ INFO ] ENTERED G
2026-04-23 20:50:41,970 [ genlib ] [ INFO ] Making atom pairs
2026-04-23 20:50:41,980 [ genlib ] [ INFO ] Updating bond lists
2026-04-23 20:50:41,980 [ genlib ] [ INFO ] Updating dihedrals
2026-04-23 20:50:41,980 [ genlib ] [ INFO ] Updating impropers
2026-04-23 20:50:41,980 [ genlib ] [ WARNING ] undefined
2026-04-23 20:50:41,981 [ genlib ] [ INFO ] Building library files for GLY --> TYR mutant
2026-04-23 20:50:41,981 [ genlib ] [ INFO ] reading rtp file "aminoacids.rtp"
2026-04-23 20:50:42,009 [ genlib ] [ INFO ] ENTERED G
2026-04-23 20:50:42,009 [ genlib ] [ INFO ] Making atom pairs
2026-04-23 20:50:42,015 [ genlib ] [ INFO ] Updating bond lists
2026-04-23 20:50:42,016 [ genlib ] [ INFO ] Updating dihedrals
2026-04-23 20:50:42,016 [ genlib ] [ INFO ] Updating impropers
2026-04-23 20:50:42,016 [ genlib ] [ WARNING ] undefined
2026-04-23 20:50:42,016 [ genlib ] [ INFO ] Building library files for GLY --> VAL mutant
2026-04-23 20:50:42,017 [ genlib ] [ INFO ] reading rtp file "aminoacids.rtp"
2026-04-23 20:50:42,048 [ genlib ] [ INFO ] ENTERED G
2026-04-23 20:50:42,048 [ genlib ] [ INFO ] Making atom pairs
2026-04-23 20:50:42,052 [ genlib ] [ INFO ] Updating bond lists
2026-04-23 20:50:42,052 [ genlib ] [ INFO ] Updating dihedrals
2026-04-23 20:50:42,052 [ genlib ] [ INFO ] Updating impropers
2026-04-23 20:50:42,052 [ genlib ] [ WARNING ] undefined
2026-04-23 20:50:42,053 [ genlib ] [ INFO ] Building library files for HID --> ALA mutant
2026-04-23 20:50:42,053 [ genlib ] [ INFO ] reading rtp file "aminoacids.rtp"
2026-04-23 20:50:42,081 [ genlib ] [ INFO ] ENTERED T,A,V,I
2026-04-23 20:50:42,081 [ genlib ] [ INFO ] Making atom pairs
2026-04-23 20:50:42,082 [ genlib ] [ INFO ] Updating bond lists
2026-04-23 20:50:42,082 [ genlib ] [ INFO ] Updating dihedrals
2026-04-23 20:50:42,082 [ genlib ] [ INFO ] Updating impropers
2026-04-23 20:50:42,082 [ genlib ] [ INFO ] Building library files for HID --> ARG mutant
2026-04-23 20:50:42,083 [ genlib ] [ INFO ] reading rtp file "aminoacids.rtp"
2026-04-23 20:50:42,111 [ genlib ] [ INFO ] ENTERED RINGS
2026-04-23 20:50:42,111 [ genlib ] [ INFO ] Making atom pairs
2026-04-23 20:50:42,117 [ genlib ] [ INFO ] Updating bond lists
2026-04-23 20:50:42,117 [ genlib ] [ INFO ] Updating dihedrals
2026-04-23 20:50:42,117 [ genlib ] [ INFO ] Updating impropers
2026-04-23 20:50:42,118 [ genlib ] [ INFO ] Building library files for HID --> ASH mutant
2026-04-23 20:50:42,119 [ genlib ] [ INFO ] reading rtp file "aminoacids.rtp"
2026-04-23 20:50:42,145 [ genlib ] [ INFO ] ENTERED RINGS
2026-04-23 20:50:42,145 [ genlib ] [ INFO ] Making atom pairs
2026-04-23 20:50:42,146 [ genlib ] [ INFO ] Updating bond lists
2026-04-23 20:50:42,146 [ genlib ] [ INFO ] Updating dihedrals
2026-04-23 20:50:42,146 [ genlib ] [ INFO ] Updating impropers
2026-04-23 20:50:42,147 [ genlib ] [ INFO ] Building library files for HID --> ASN mutant
2026-04-23 20:50:42,147 [ genlib ] [ INFO ] reading rtp file "aminoacids.rtp"
2026-04-23 20:50:42,173 [ genlib ] [ INFO ] ENTERED RINGS
2026-04-23 20:50:42,173 [ genlib ] [ INFO ] Making atom pairs
2026-04-23 20:50:42,174 [ genlib ] [ INFO ] Updating bond lists
2026-04-23 20:50:42,174 [ genlib ] [ INFO ] Updating dihedrals
2026-04-23 20:50:42,174 [ genlib ] [ INFO ] Updating impropers
2026-04-23 20:50:42,175 [ genlib ] [ INFO ] Building library files for HID --> ASP mutant
2026-04-23 20:50:42,175 [ genlib ] [ INFO ] reading rtp file "aminoacids.rtp"
2026-04-23 20:50:42,202 [ genlib ] [ INFO ] ENTERED RINGS
2026-04-23 20:50:42,202 [ genlib ] [ INFO ] Making atom pairs
2026-04-23 20:50:42,203 [ genlib ] [ INFO ] Updating bond lists
2026-04-23 20:50:42,203 [ genlib ] [ INFO ] Updating dihedrals
2026-04-23 20:50:42,203 [ genlib ] [ INFO ] Updating impropers
2026-04-23 20:50:42,204 [ genlib ] [ INFO ] Building library files for HID --> CYS mutant
2026-04-23 20:50:42,204 [ genlib ] [ INFO ] reading rtp file "aminoacids.rtp"
2026-04-23 20:50:42,230 [ genlib ] [ INFO ] ENTERED RINGS
2026-04-23 20:50:42,230 [ genlib ] [ INFO ] Making atom pairs
2026-04-23 20:50:42,231 [ genlib ] [ INFO ] Updating bond lists
2026-04-23 20:50:42,231 [ genlib ] [ INFO ] Updating dihedrals
2026-04-23 20:50:42,231 [ genlib ] [ INFO ] Updating impropers
2026-04-23 20:50:42,231 [ genlib ] [ INFO ] Building library files for HID --> GLH mutant
2026-04-23 20:50:42,232 [ genlib ] [ INFO ] reading rtp file "aminoacids.rtp"
2026-04-23 20:50:42,257 [ genlib ] [ INFO ] ENTERED RINGS
2026-04-23 20:50:42,257 [ genlib ] [ INFO ] Making atom pairs
2026-04-23 20:50:42,260 [ genlib ] [ INFO ] Updating bond lists
2026-04-23 20:50:42,260 [ genlib ] [ INFO ] Updating dihedrals
2026-04-23 20:50:42,260 [ genlib ] [ INFO ] Updating impropers
2026-04-23 20:50:42,260 [ genlib ] [ INFO ] Building library files for HID --> GLN mutant
2026-04-23 20:50:42,261 [ genlib ] [ INFO ] reading rtp file "aminoacids.rtp"
2026-04-23 20:50:42,287 [ genlib ] [ INFO ] ENTERED RINGS
2026-04-23 20:50:42,287 [ genlib ] [ INFO ] Making atom pairs
2026-04-23 20:50:42,290 [ genlib ] [ INFO ] Updating bond lists
2026-04-23 20:50:42,290 [ genlib ] [ INFO ] Updating dihedrals
2026-04-23 20:50:42,290 [ genlib ] [ INFO ] Updating impropers
2026-04-23 20:50:42,290 [ genlib ] [ INFO ] Building library files for HID --> GLU mutant
2026-04-23 20:50:42,291 [ genlib ] [ INFO ] reading rtp file "aminoacids.rtp"
2026-04-23 20:50:42,316 [ genlib ] [ INFO ] ENTERED RINGS
2026-04-23 20:50:42,316 [ genlib ] [ INFO ] Making atom pairs
2026-04-23 20:50:42,318 [ genlib ] [ INFO ] Updating bond lists
2026-04-23 20:50:42,318 [ genlib ] [ INFO ] Updating dihedrals
2026-04-23 20:50:42,318 [ genlib ] [ INFO ] Updating impropers
2026-04-23 20:50:42,319 [ genlib ] [ INFO ] Building library files for HID --> GLY mutant
2026-04-23 20:50:42,319 [ genlib ] [ INFO ] reading rtp file "aminoacids.rtp"
2026-04-23 20:50:42,344 [ genlib ] [ INFO ] ENTERED G
2026-04-23 20:50:42,344 [ genlib ] [ INFO ] Making atom pairs
2026-04-23 20:50:42,345 [ genlib ] [ INFO ] Updating bond lists
2026-04-23 20:50:42,345 [ genlib ] [ INFO ] Updating dihedrals
2026-04-23 20:50:42,345 [ genlib ] [ INFO ] Updating impropers
2026-04-23 20:50:42,345 [ genlib ] [ WARNING ] undefined
2026-04-23 20:50:42,345 [ genlib ] [ INFO ] Building library files for HID --> HIE mutant
2026-04-23 20:50:42,346 [ genlib ] [ INFO ] reading rtp file "aminoacids.rtp"
2026-04-23 20:50:42,372 [ genlib ] [ INFO ] ENTERED MERGE BY NAMES
2026-04-23 20:50:42,372 [ genlib ] [ INFO ] Making atom pairs.........MERGE BY NAMES...
2026-04-23 20:50:42,372 [ genlib ] [ INFO ] Updating bond lists
2026-04-23 20:50:42,372 [ genlib ] [ INFO ] Updating dihedrals
2026-04-23 20:50:42,372 [ genlib ] [ INFO ] Updating impropers
2026-04-23 20:50:42,373 [ genlib ] [ INFO ] Building library files for HID --> HIP mutant
2026-04-23 20:50:42,374 [ genlib ] [ INFO ] reading rtp file "aminoacids.rtp"
2026-04-23 20:50:42,399 [ genlib ] [ INFO ] ENTERED MERGE BY NAMES
2026-04-23 20:50:42,399 [ genlib ] [ INFO ] Making atom pairs.........MERGE BY NAMES...
2026-04-23 20:50:42,400 [ genlib ] [ INFO ] Updating bond lists
2026-04-23 20:50:42,400 [ genlib ] [ INFO ] Updating dihedrals
2026-04-23 20:50:42,400 [ genlib ] [ INFO ] Updating impropers
2026-04-23 20:50:42,400 [ genlib ] [ INFO ] Building library files for HID --> ILE mutant
2026-04-23 20:50:42,401 [ genlib ] [ INFO ] reading rtp file "aminoacids.rtp"
2026-04-23 20:50:42,427 [ genlib ] [ INFO ] ENTERED T,A,V,I
2026-04-23 20:50:42,427 [ genlib ] [ INFO ] Making atom pairs
2026-04-23 20:50:42,431 [ genlib ] [ INFO ] Updating bond lists
2026-04-23 20:50:42,431 [ genlib ] [ INFO ] Updating dihedrals
2026-04-23 20:50:42,431 [ genlib ] [ INFO ] Updating impropers
2026-04-23 20:50:42,432 [ genlib ] [ INFO ] Building library files for HID --> LEU mutant
2026-04-23 20:50:42,432 [ genlib ] [ INFO ] reading rtp file "aminoacids.rtp"
2026-04-23 20:50:42,461 [ genlib ] [ INFO ] ENTERED RINGS
2026-04-23 20:50:42,461 [ genlib ] [ INFO ] Making atom pairs
2026-04-23 20:50:42,465 [ genlib ] [ INFO ] Updating bond lists
2026-04-23 20:50:42,465 [ genlib ] [ INFO ] Updating dihedrals
2026-04-23 20:50:42,465 [ genlib ] [ INFO ] Updating impropers
2026-04-23 20:50:42,465 [ genlib ] [ INFO ] Building library files for HID --> LYN mutant
2026-04-23 20:50:42,466 [ genlib ] [ INFO ] reading rtp file "aminoacids.rtp"
2026-04-23 20:50:42,495 [ genlib ] [ INFO ] ENTERED RINGS
2026-04-23 20:50:42,495 [ genlib ] [ INFO ] Making atom pairs
2026-04-23 20:50:42,501 [ genlib ] [ INFO ] Updating bond lists
2026-04-23 20:50:42,501 [ genlib ] [ INFO ] Updating dihedrals
2026-04-23 20:50:42,501 [ genlib ] [ INFO ] Updating impropers
2026-04-23 20:50:42,502 [ genlib ] [ INFO ] Building library files for HID --> LYS mutant
2026-04-23 20:50:42,502 [ genlib ] [ INFO ] reading rtp file "aminoacids.rtp"
2026-04-23 20:50:42,561 [ genlib ] [ INFO ] ENTERED RINGS
2026-04-23 20:50:42,561 [ genlib ] [ INFO ] Making atom pairs
2026-04-23 20:50:42,567 [ genlib ] [ INFO ] Updating bond lists
2026-04-23 20:50:42,567 [ genlib ] [ INFO ] Updating dihedrals
2026-04-23 20:50:42,567 [ genlib ] [ INFO ] Updating impropers
2026-04-23 20:50:42,568 [ genlib ] [ INFO ] Building library files for HID --> MET mutant
2026-04-23 20:50:42,568 [ genlib ] [ INFO ] reading rtp file "aminoacids.rtp"
2026-04-23 20:50:42,596 [ genlib ] [ INFO ] ENTERED RINGS
2026-04-23 20:50:42,596 [ genlib ] [ INFO ] Making atom pairs
2026-04-23 20:50:42,598 [ genlib ] [ INFO ] Updating bond lists
2026-04-23 20:50:42,599 [ genlib ] [ INFO ] Updating dihedrals
2026-04-23 20:50:42,599 [ genlib ] [ INFO ] Updating impropers
2026-04-23 20:50:42,599 [ genlib ] [ INFO ] Building library files for HID --> PHE mutant
2026-04-23 20:50:42,600 [ genlib ] [ INFO ] reading rtp file "aminoacids.rtp"
2026-04-23 20:50:42,626 [ genlib ] [ INFO ] ENTERED STANDARD
2026-04-23 20:50:42,626 [ genlib ] [ INFO ] Making atom pairs
2026-04-23 20:50:42,629 [ genlib ] [ INFO ] Updating bond lists
2026-04-23 20:50:42,629 [ genlib ] [ INFO ] Updating dihedrals
2026-04-23 20:50:42,629 [ genlib ] [ INFO ] Updating impropers
2026-04-23 20:50:42,630 [ genlib ] [ INFO ] Building library files for HID --> PRO mutant
2026-04-23 20:50:42,631 [ genlib ] [ INFO ] reading rtp file "aminoacids.rtp"
2026-04-23 20:50:42,670 [ genlib ] [ INFO ] ENTERED P
2026-04-23 20:50:42,670 [ genlib ] [ INFO ] Making atom pairs
2026-04-23 20:50:42,673 [ genlib ] [ INFO ] Updating bond lists
2026-04-23 20:50:42,673 [ genlib ] [ INFO ] Updating dihedrals
2026-04-23 20:50:42,673 [ genlib ] [ INFO ] Updating impropers
2026-04-23 20:50:42,673 [ genlib ] [ WARNING ] undefined
2026-04-23 20:50:42,673 [ genlib ] [ INFO ] Building library files for HID --> SER mutant
2026-04-23 20:50:42,674 [ genlib ] [ INFO ] reading rtp file "aminoacids.rtp"
2026-04-23 20:50:42,701 [ genlib ] [ INFO ] ENTERED RINGS
2026-04-23 20:50:42,701 [ genlib ] [ INFO ] Making atom pairs
2026-04-23 20:50:42,702 [ genlib ] [ INFO ] Updating bond lists
2026-04-23 20:50:42,702 [ genlib ] [ INFO ] Updating dihedrals
2026-04-23 20:50:42,702 [ genlib ] [ INFO ] Updating impropers
2026-04-23 20:50:42,703 [ genlib ] [ INFO ] Building library files for HID --> THR mutant
2026-04-23 20:50:42,703 [ genlib ] [ INFO ] reading rtp file "aminoacids.rtp"
2026-04-23 20:50:42,730 [ genlib ] [ INFO ] ENTERED T,A,V,I
2026-04-23 20:50:42,730 [ genlib ] [ INFO ] Making atom pairs
2026-04-23 20:50:42,732 [ genlib ] [ INFO ] Updating bond lists
2026-04-23 20:50:42,732 [ genlib ] [ INFO ] Updating dihedrals
2026-04-23 20:50:42,732 [ genlib ] [ INFO ] Updating impropers
2026-04-23 20:50:42,733 [ genlib ] [ INFO ] Building library files for HID --> TRP mutant
2026-04-23 20:50:42,733 [ genlib ] [ INFO ] reading rtp file "aminoacids.rtp"
2026-04-23 20:50:42,759 [ genlib ] [ INFO ] ENTERED STANDARD
2026-04-23 20:50:42,759 [ genlib ] [ INFO ] Making atom pairs
2026-04-23 20:50:42,766 [ genlib ] [ INFO ] Updating bond lists
2026-04-23 20:50:42,766 [ genlib ] [ INFO ] Updating dihedrals
2026-04-23 20:50:42,766 [ genlib ] [ INFO ] Updating impropers
2026-04-23 20:50:42,766 [ genlib ] [ INFO ] Building library files for HID --> TYR mutant
2026-04-23 20:50:42,767 [ genlib ] [ INFO ] reading rtp file "aminoacids.rtp"
2026-04-23 20:50:42,793 [ genlib ] [ INFO ] ENTERED STANDARD
2026-04-23 20:50:42,793 [ genlib ] [ INFO ] Making atom pairs
2026-04-23 20:50:42,797 [ genlib ] [ INFO ] Updating bond lists
2026-04-23 20:50:42,798 [ genlib ] [ INFO ] Updating dihedrals
2026-04-23 20:50:42,798 [ genlib ] [ INFO ] Updating impropers
2026-04-23 20:50:42,798 [ genlib ] [ INFO ] Building library files for HID --> VAL mutant
2026-04-23 20:50:42,799 [ genlib ] [ INFO ] reading rtp file "aminoacids.rtp"
2026-04-23 20:50:42,824 [ genlib ] [ INFO ] ENTERED T,A,V,I
2026-04-23 20:50:42,824 [ genlib ] [ INFO ] Making atom pairs
2026-04-23 20:50:42,827 [ genlib ] [ INFO ] Updating bond lists
2026-04-23 20:50:42,827 [ genlib ] [ INFO ] Updating dihedrals
2026-04-23 20:50:42,827 [ genlib ] [ INFO ] Updating impropers
2026-04-23 20:50:42,827 [ genlib ] [ INFO ] Building library files for HIE --> ALA mutant
2026-04-23 20:50:42,828 [ genlib ] [ INFO ] reading rtp file "aminoacids.rtp"
2026-04-23 20:50:42,853 [ genlib ] [ INFO ] ENTERED T,A,V,I
2026-04-23 20:50:42,853 [ genlib ] [ INFO ] Making atom pairs
2026-04-23 20:50:42,855 [ genlib ] [ INFO ] Updating bond lists
2026-04-23 20:50:42,856 [ genlib ] [ INFO ] Updating dihedrals
2026-04-23 20:50:42,856 [ genlib ] [ INFO ] Updating impropers
2026-04-23 20:50:42,856 [ genlib ] [ INFO ] Building library files for HIE --> ARG mutant
2026-04-23 20:50:42,857 [ genlib ] [ INFO ] reading rtp file "aminoacids.rtp"
2026-04-23 20:50:42,882 [ genlib ] [ INFO ] ENTERED RINGS
2026-04-23 20:50:42,882 [ genlib ] [ INFO ] Making atom pairs
2026-04-23 20:50:42,889 [ genlib ] [ INFO ] Updating bond lists
2026-04-23 20:50:42,890 [ genlib ] [ INFO ] Updating dihedrals
2026-04-23 20:50:42,890 [ genlib ] [ INFO ] Updating impropers
2026-04-23 20:50:42,890 [ genlib ] [ INFO ] Building library files for HIE --> ASH mutant
2026-04-23 20:50:42,891 [ genlib ] [ INFO ] reading rtp file "aminoacids.rtp"
2026-04-23 20:50:42,917 [ genlib ] [ INFO ] ENTERED RINGS
2026-04-23 20:50:42,917 [ genlib ] [ INFO ] Making atom pairs
2026-04-23 20:50:42,918 [ genlib ] [ INFO ] Updating bond lists
2026-04-23 20:50:42,918 [ genlib ] [ INFO ] Updating dihedrals
2026-04-23 20:50:42,918 [ genlib ] [ INFO ] Updating impropers
2026-04-23 20:50:42,918 [ genlib ] [ INFO ] Building library files for HIE --> ASN mutant
2026-04-23 20:50:42,919 [ genlib ] [ INFO ] reading rtp file "aminoacids.rtp"
2026-04-23 20:50:42,944 [ genlib ] [ INFO ] ENTERED RINGS
2026-04-23 20:50:42,944 [ genlib ] [ INFO ] Making atom pairs
2026-04-23 20:50:42,946 [ genlib ] [ INFO ] Updating bond lists
2026-04-23 20:50:42,946 [ genlib ] [ INFO ] Updating dihedrals
2026-04-23 20:50:42,946 [ genlib ] [ INFO ] Updating impropers
2026-04-23 20:50:42,946 [ genlib ] [ INFO ] Building library files for HIE --> ASP mutant
2026-04-23 20:50:42,947 [ genlib ] [ INFO ] reading rtp file "aminoacids.rtp"
2026-04-23 20:50:42,973 [ genlib ] [ INFO ] ENTERED RINGS
2026-04-23 20:50:42,973 [ genlib ] [ INFO ] Making atom pairs
2026-04-23 20:50:42,974 [ genlib ] [ INFO ] Updating bond lists
2026-04-23 20:50:42,974 [ genlib ] [ INFO ] Updating dihedrals
2026-04-23 20:50:42,974 [ genlib ] [ INFO ] Updating impropers
2026-04-23 20:50:42,974 [ genlib ] [ INFO ] Building library files for HIE --> CYS mutant
2026-04-23 20:50:42,975 [ genlib ] [ INFO ] reading rtp file "aminoacids.rtp"
2026-04-23 20:50:43,000 [ genlib ] [ INFO ] ENTERED RINGS
2026-04-23 20:50:43,000 [ genlib ] [ INFO ] Making atom pairs
2026-04-23 20:50:43,002 [ genlib ] [ INFO ] Updating bond lists
2026-04-23 20:50:43,002 [ genlib ] [ INFO ] Updating dihedrals
2026-04-23 20:50:43,002 [ genlib ] [ INFO ] Updating impropers
2026-04-23 20:50:43,002 [ genlib ] [ INFO ] Building library files for HIE --> GLH mutant
2026-04-23 20:50:43,003 [ genlib ] [ INFO ] reading rtp file "aminoacids.rtp"
2026-04-23 20:50:43,028 [ genlib ] [ INFO ] ENTERED RINGS
2026-04-23 20:50:43,028 [ genlib ] [ INFO ] Making atom pairs
2026-04-23 20:50:43,031 [ genlib ] [ INFO ] Updating bond lists
2026-04-23 20:50:43,031 [ genlib ] [ INFO ] Updating dihedrals
2026-04-23 20:50:43,031 [ genlib ] [ INFO ] Updating impropers
2026-04-23 20:50:43,031 [ genlib ] [ INFO ] Building library files for HIE --> GLN mutant
2026-04-23 20:50:43,032 [ genlib ] [ INFO ] reading rtp file "aminoacids.rtp"
2026-04-23 20:50:43,058 [ genlib ] [ INFO ] ENTERED RINGS
2026-04-23 20:50:43,058 [ genlib ] [ INFO ] Making atom pairs
2026-04-23 20:50:43,060 [ genlib ] [ INFO ] Updating bond lists
2026-04-23 20:50:43,060 [ genlib ] [ INFO ] Updating dihedrals
2026-04-23 20:50:43,060 [ genlib ] [ INFO ] Updating impropers
2026-04-23 20:50:43,061 [ genlib ] [ INFO ] Building library files for HIE --> GLU mutant
2026-04-23 20:50:43,062 [ genlib ] [ INFO ] reading rtp file "aminoacids.rtp"
2026-04-23 20:50:43,087 [ genlib ] [ INFO ] ENTERED RINGS
2026-04-23 20:50:43,087 [ genlib ] [ INFO ] Making atom pairs
2026-04-23 20:50:43,090 [ genlib ] [ INFO ] Updating bond lists
2026-04-23 20:50:43,090 [ genlib ] [ INFO ] Updating dihedrals
2026-04-23 20:50:43,090 [ genlib ] [ INFO ] Updating impropers
2026-04-23 20:50:43,090 [ genlib ] [ INFO ] Building library files for HIE --> GLY mutant
2026-04-23 20:50:43,091 [ genlib ] [ INFO ] reading rtp file "aminoacids.rtp"
2026-04-23 20:50:43,117 [ genlib ] [ INFO ] ENTERED G
2026-04-23 20:50:43,117 [ genlib ] [ INFO ] Making atom pairs
2026-04-23 20:50:43,117 [ genlib ] [ INFO ] Updating bond lists
2026-04-23 20:50:43,118 [ genlib ] [ INFO ] Updating dihedrals
2026-04-23 20:50:43,118 [ genlib ] [ INFO ] Updating impropers
2026-04-23 20:50:43,118 [ genlib ] [ WARNING ] undefined
2026-04-23 20:50:43,118 [ genlib ] [ INFO ] Building library files for HIE --> HID mutant
2026-04-23 20:50:43,119 [ genlib ] [ INFO ] reading rtp file "aminoacids.rtp"
2026-04-23 20:50:43,146 [ genlib ] [ INFO ] ENTERED MERGE BY NAMES
2026-04-23 20:50:43,146 [ genlib ] [ INFO ] Making atom pairs.........MERGE BY NAMES...
2026-04-23 20:50:43,146 [ genlib ] [ INFO ] Updating bond lists
2026-04-23 20:50:43,146 [ genlib ] [ INFO ] Updating dihedrals
2026-04-23 20:50:43,146 [ genlib ] [ INFO ] Updating impropers
2026-04-23 20:50:43,147 [ genlib ] [ INFO ] Building library files for HIE --> HIP mutant
2026-04-23 20:50:43,147 [ genlib ] [ INFO ] reading rtp file "aminoacids.rtp"
2026-04-23 20:50:43,174 [ genlib ] [ INFO ] ENTERED MERGE BY NAMES
2026-04-23 20:50:43,174 [ genlib ] [ INFO ] Making atom pairs.........MERGE BY NAMES...
2026-04-23 20:50:43,176 [ genlib ] [ INFO ] Updating bond lists
2026-04-23 20:50:43,176 [ genlib ] [ INFO ] Updating dihedrals
2026-04-23 20:50:43,176 [ genlib ] [ INFO ] Updating impropers
2026-04-23 20:50:43,176 [ genlib ] [ INFO ] Building library files for HIE --> ILE mutant
2026-04-23 20:50:43,177 [ genlib ] [ INFO ] reading rtp file "aminoacids.rtp"
2026-04-23 20:50:43,203 [ genlib ] [ INFO ] ENTERED T,A,V,I
2026-04-23 20:50:43,203 [ genlib ] [ INFO ] Making atom pairs
2026-04-23 20:50:43,208 [ genlib ] [ INFO ] Updating bond lists
2026-04-23 20:50:43,208 [ genlib ] [ INFO ] Updating dihedrals
2026-04-23 20:50:43,208 [ genlib ] [ INFO ] Updating impropers
2026-04-23 20:50:43,209 [ genlib ] [ INFO ] Building library files for HIE --> LEU mutant
2026-04-23 20:50:43,209 [ genlib ] [ INFO ] reading rtp file "aminoacids.rtp"
2026-04-23 20:50:43,237 [ genlib ] [ INFO ] ENTERED RINGS
2026-04-23 20:50:43,237 [ genlib ] [ INFO ] Making atom pairs
2026-04-23 20:50:43,241 [ genlib ] [ INFO ] Updating bond lists
2026-04-23 20:50:43,241 [ genlib ] [ INFO ] Updating dihedrals
2026-04-23 20:50:43,241 [ genlib ] [ INFO ] Updating impropers
2026-04-23 20:50:43,242 [ genlib ] [ INFO ] Building library files for HIE --> LYN mutant
2026-04-23 20:50:43,242 [ genlib ] [ INFO ] reading rtp file "aminoacids.rtp"
2026-04-23 20:50:43,270 [ genlib ] [ INFO ] ENTERED RINGS
2026-04-23 20:50:43,270 [ genlib ] [ INFO ] Making atom pairs
2026-04-23 20:50:43,275 [ genlib ] [ INFO ] Updating bond lists
2026-04-23 20:50:43,275 [ genlib ] [ INFO ] Updating dihedrals
2026-04-23 20:50:43,275 [ genlib ] [ INFO ] Updating impropers
2026-04-23 20:50:43,275 [ genlib ] [ INFO ] Building library files for HIE --> LYS mutant
2026-04-23 20:50:43,276 [ genlib ] [ INFO ] reading rtp file "aminoacids.rtp"
2026-04-23 20:50:43,303 [ genlib ] [ INFO ] ENTERED RINGS
2026-04-23 20:50:43,304 [ genlib ] [ INFO ] Making atom pairs
2026-04-23 20:50:43,312 [ genlib ] [ INFO ] Updating bond lists
2026-04-23 20:50:43,312 [ genlib ] [ INFO ] Updating dihedrals
2026-04-23 20:50:43,312 [ genlib ] [ INFO ] Updating impropers
2026-04-23 20:50:43,313 [ genlib ] [ INFO ] Building library files for HIE --> MET mutant
2026-04-23 20:50:43,314 [ genlib ] [ INFO ] reading rtp file "aminoacids.rtp"
2026-04-23 20:50:43,340 [ genlib ] [ INFO ] ENTERED RINGS
2026-04-23 20:50:43,340 [ genlib ] [ INFO ] Making atom pairs
2026-04-23 20:50:43,343 [ genlib ] [ INFO ] Updating bond lists
2026-04-23 20:50:43,343 [ genlib ] [ INFO ] Updating dihedrals
2026-04-23 20:50:43,343 [ genlib ] [ INFO ] Updating impropers
2026-04-23 20:50:43,344 [ genlib ] [ INFO ] Building library files for HIE --> PHE mutant
2026-04-23 20:50:43,344 [ genlib ] [ INFO ] reading rtp file "aminoacids.rtp"
2026-04-23 20:50:43,370 [ genlib ] [ INFO ] ENTERED STANDARD
2026-04-23 20:50:43,370 [ genlib ] [ INFO ] Making atom pairs
2026-04-23 20:50:43,374 [ genlib ] [ INFO ] Updating bond lists
2026-04-23 20:50:43,374 [ genlib ] [ INFO ] Updating dihedrals
2026-04-23 20:50:43,374 [ genlib ] [ INFO ] Updating impropers
2026-04-23 20:50:43,375 [ genlib ] [ INFO ] Building library files for HIE --> PRO mutant
2026-04-23 20:50:43,376 [ genlib ] [ INFO ] reading rtp file "aminoacids.rtp"
2026-04-23 20:50:43,406 [ genlib ] [ INFO ] ENTERED P
2026-04-23 20:50:43,406 [ genlib ] [ INFO ] Making atom pairs
2026-04-23 20:50:43,408 [ genlib ] [ INFO ] Updating bond lists
2026-04-23 20:50:43,409 [ genlib ] [ INFO ] Updating dihedrals
2026-04-23 20:50:43,409 [ genlib ] [ INFO ] Updating impropers
2026-04-23 20:50:43,409 [ genlib ] [ WARNING ] undefined
2026-04-23 20:50:43,409 [ genlib ] [ INFO ] Building library files for HIE --> SER mutant
2026-04-23 20:50:43,410 [ genlib ] [ INFO ] reading rtp file "aminoacids.rtp"
2026-04-23 20:50:43,437 [ genlib ] [ INFO ] ENTERED RINGS
2026-04-23 20:50:43,437 [ genlib ] [ INFO ] Making atom pairs
2026-04-23 20:50:43,438 [ genlib ] [ INFO ] Updating bond lists
2026-04-23 20:50:43,438 [ genlib ] [ INFO ] Updating dihedrals
2026-04-23 20:50:43,438 [ genlib ] [ INFO ] Updating impropers
2026-04-23 20:50:43,438 [ genlib ] [ INFO ] Building library files for HIE --> THR mutant
2026-04-23 20:50:43,439 [ genlib ] [ INFO ] reading rtp file "aminoacids.rtp"
2026-04-23 20:50:43,466 [ genlib ] [ INFO ] ENTERED T,A,V,I
2026-04-23 20:50:43,466 [ genlib ] [ INFO ] Making atom pairs
2026-04-23 20:50:43,468 [ genlib ] [ INFO ] Updating bond lists
2026-04-23 20:50:43,468 [ genlib ] [ INFO ] Updating dihedrals
2026-04-23 20:50:43,468 [ genlib ] [ INFO ] Updating impropers
2026-04-23 20:50:43,469 [ genlib ] [ INFO ] Building library files for HIE --> TRP mutant
2026-04-23 20:50:43,470 [ genlib ] [ INFO ] reading rtp file "aminoacids.rtp"
2026-04-23 20:50:43,508 [ genlib ] [ INFO ] ENTERED STANDARD
2026-04-23 20:50:43,508 [ genlib ] [ INFO ] Making atom pairs
2026-04-23 20:50:43,527 [ genlib ] [ INFO ] Updating bond lists
2026-04-23 20:50:43,527 [ genlib ] [ INFO ] Updating dihedrals
2026-04-23 20:50:43,527 [ genlib ] [ INFO ] Updating impropers
2026-04-23 20:50:43,529 [ genlib ] [ INFO ] Building library files for HIE --> TYR mutant
2026-04-23 20:50:43,531 [ genlib ] [ INFO ] reading rtp file "aminoacids.rtp"
2026-04-23 20:50:43,578 [ genlib ] [ INFO ] ENTERED STANDARD
2026-04-23 20:50:43,578 [ genlib ] [ INFO ] Making atom pairs
2026-04-23 20:50:43,583 [ genlib ] [ INFO ] Updating bond lists
2026-04-23 20:50:43,583 [ genlib ] [ INFO ] Updating dihedrals
2026-04-23 20:50:43,583 [ genlib ] [ INFO ] Updating impropers
2026-04-23 20:50:43,584 [ genlib ] [ INFO ] Building library files for HIE --> VAL mutant
2026-04-23 20:50:43,584 [ genlib ] [ INFO ] reading rtp file "aminoacids.rtp"
2026-04-23 20:50:43,620 [ genlib ] [ INFO ] ENTERED T,A,V,I
2026-04-23 20:50:43,620 [ genlib ] [ INFO ] Making atom pairs
2026-04-23 20:50:43,625 [ genlib ] [ INFO ] Updating bond lists
2026-04-23 20:50:43,625 [ genlib ] [ INFO ] Updating dihedrals
2026-04-23 20:50:43,625 [ genlib ] [ INFO ] Updating impropers
2026-04-23 20:50:43,625 [ genlib ] [ INFO ] Building library files for HIP --> ALA mutant
2026-04-23 20:50:43,626 [ genlib ] [ INFO ] reading rtp file "aminoacids.rtp"
2026-04-23 20:50:43,655 [ genlib ] [ INFO ] ENTERED T,A,V,I
2026-04-23 20:50:43,655 [ genlib ] [ INFO ] Making atom pairs
2026-04-23 20:50:43,656 [ genlib ] [ INFO ] Updating bond lists
2026-04-23 20:50:43,656 [ genlib ] [ INFO ] Updating dihedrals
2026-04-23 20:50:43,656 [ genlib ] [ INFO ] Updating impropers
2026-04-23 20:50:43,656 [ genlib ] [ INFO ] Building library files for HIP --> ARG mutant
2026-04-23 20:50:43,657 [ genlib ] [ INFO ] reading rtp file "aminoacids.rtp"
2026-04-23 20:50:43,683 [ genlib ] [ INFO ] ENTERED RINGS
2026-04-23 20:50:43,683 [ genlib ] [ INFO ] Making atom pairs
2026-04-23 20:50:43,691 [ genlib ] [ INFO ] Updating bond lists
2026-04-23 20:50:43,692 [ genlib ] [ INFO ] Updating dihedrals
2026-04-23 20:50:43,692 [ genlib ] [ INFO ] Updating impropers
2026-04-23 20:50:43,692 [ genlib ] [ INFO ] Building library files for HIP --> ASH mutant
2026-04-23 20:50:43,693 [ genlib ] [ INFO ] reading rtp file "aminoacids.rtp"
2026-04-23 20:50:43,719 [ genlib ] [ INFO ] ENTERED RINGS
2026-04-23 20:50:43,719 [ genlib ] [ INFO ] Making atom pairs
2026-04-23 20:50:43,720 [ genlib ] [ INFO ] Updating bond lists
2026-04-23 20:50:43,720 [ genlib ] [ INFO ] Updating dihedrals
2026-04-23 20:50:43,720 [ genlib ] [ INFO ] Updating impropers
2026-04-23 20:50:43,721 [ genlib ] [ INFO ] Building library files for HIP --> ASN mutant
2026-04-23 20:50:43,722 [ genlib ] [ INFO ] reading rtp file "aminoacids.rtp"
2026-04-23 20:50:43,747 [ genlib ] [ INFO ] ENTERED RINGS
2026-04-23 20:50:43,747 [ genlib ] [ INFO ] Making atom pairs
2026-04-23 20:50:43,749 [ genlib ] [ INFO ] Updating bond lists
2026-04-23 20:50:43,749 [ genlib ] [ INFO ] Updating dihedrals
2026-04-23 20:50:43,749 [ genlib ] [ INFO ] Updating impropers
2026-04-23 20:50:43,749 [ genlib ] [ INFO ] Building library files for HIP --> ASP mutant
2026-04-23 20:50:43,750 [ genlib ] [ INFO ] reading rtp file "aminoacids.rtp"
2026-04-23 20:50:43,776 [ genlib ] [ INFO ] ENTERED RINGS
2026-04-23 20:50:43,776 [ genlib ] [ INFO ] Making atom pairs
2026-04-23 20:50:43,777 [ genlib ] [ INFO ] Updating bond lists
2026-04-23 20:50:43,777 [ genlib ] [ INFO ] Updating dihedrals
2026-04-23 20:50:43,777 [ genlib ] [ INFO ] Updating impropers
2026-04-23 20:50:43,777 [ genlib ] [ INFO ] Building library files for HIP --> CYS mutant
2026-04-23 20:50:43,778 [ genlib ] [ INFO ] reading rtp file "aminoacids.rtp"
2026-04-23 20:50:43,803 [ genlib ] [ INFO ] ENTERED RINGS
2026-04-23 20:50:43,803 [ genlib ] [ INFO ] Making atom pairs
2026-04-23 20:50:43,804 [ genlib ] [ INFO ] Updating bond lists
2026-04-23 20:50:43,804 [ genlib ] [ INFO ] Updating dihedrals
2026-04-23 20:50:43,804 [ genlib ] [ INFO ] Updating impropers
2026-04-23 20:50:43,805 [ genlib ] [ INFO ] Building library files for HIP --> GLH mutant
2026-04-23 20:50:43,806 [ genlib ] [ INFO ] reading rtp file "aminoacids.rtp"
2026-04-23 20:50:43,832 [ genlib ] [ INFO ] ENTERED RINGS
2026-04-23 20:50:43,832 [ genlib ] [ INFO ] Making atom pairs
2026-04-23 20:50:43,834 [ genlib ] [ INFO ] Updating bond lists
2026-04-23 20:50:43,834 [ genlib ] [ INFO ] Updating dihedrals
2026-04-23 20:50:43,834 [ genlib ] [ INFO ] Updating impropers
2026-04-23 20:50:43,835 [ genlib ] [ INFO ] Building library files for HIP --> GLN mutant
2026-04-23 20:50:43,835 [ genlib ] [ INFO ] reading rtp file "aminoacids.rtp"
2026-04-23 20:50:43,861 [ genlib ] [ INFO ] ENTERED RINGS
2026-04-23 20:50:43,861 [ genlib ] [ INFO ] Making atom pairs
2026-04-23 20:50:43,864 [ genlib ] [ INFO ] Updating bond lists
2026-04-23 20:50:43,864 [ genlib ] [ INFO ] Updating dihedrals
2026-04-23 20:50:43,864 [ genlib ] [ INFO ] Updating impropers
2026-04-23 20:50:43,865 [ genlib ] [ INFO ] Building library files for HIP --> GLU mutant
2026-04-23 20:50:43,866 [ genlib ] [ INFO ] reading rtp file "aminoacids.rtp"
2026-04-23 20:50:43,891 [ genlib ] [ INFO ] ENTERED RINGS
2026-04-23 20:50:43,891 [ genlib ] [ INFO ] Making atom pairs
2026-04-23 20:50:43,893 [ genlib ] [ INFO ] Updating bond lists
2026-04-23 20:50:43,893 [ genlib ] [ INFO ] Updating dihedrals
2026-04-23 20:50:43,893 [ genlib ] [ INFO ] Updating impropers
2026-04-23 20:50:43,894 [ genlib ] [ INFO ] Building library files for HIP --> GLY mutant
2026-04-23 20:50:43,894 [ genlib ] [ INFO ] reading rtp file "aminoacids.rtp"
2026-04-23 20:50:43,919 [ genlib ] [ INFO ] ENTERED G
2026-04-23 20:50:43,919 [ genlib ] [ INFO ] Making atom pairs
2026-04-23 20:50:43,920 [ genlib ] [ INFO ] Updating bond lists
2026-04-23 20:50:43,920 [ genlib ] [ INFO ] Updating dihedrals
2026-04-23 20:50:43,920 [ genlib ] [ INFO ] Updating impropers
2026-04-23 20:50:43,920 [ genlib ] [ WARNING ] undefined
2026-04-23 20:50:43,921 [ genlib ] [ INFO ] Building library files for HIP --> HID mutant
2026-04-23 20:50:43,921 [ genlib ] [ INFO ] reading rtp file "aminoacids.rtp"
2026-04-23 20:50:43,947 [ genlib ] [ INFO ] ENTERED MERGE BY NAMES
2026-04-23 20:50:43,947 [ genlib ] [ INFO ] Making atom pairs.........MERGE BY NAMES...
2026-04-23 20:50:43,947 [ genlib ] [ INFO ] Updating bond lists
2026-04-23 20:50:43,947 [ genlib ] [ INFO ] Updating dihedrals
2026-04-23 20:50:43,947 [ genlib ] [ INFO ] Updating impropers
2026-04-23 20:50:43,948 [ genlib ] [ INFO ] Building library files for HIP --> HIE mutant
2026-04-23 20:50:43,948 [ genlib ] [ INFO ] reading rtp file "aminoacids.rtp"
2026-04-23 20:50:43,974 [ genlib ] [ INFO ] ENTERED MERGE BY NAMES
2026-04-23 20:50:43,974 [ genlib ] [ INFO ] Making atom pairs.........MERGE BY NAMES...
2026-04-23 20:50:43,974 [ genlib ] [ INFO ] Updating bond lists
2026-04-23 20:50:43,974 [ genlib ] [ INFO ] Updating dihedrals
2026-04-23 20:50:43,974 [ genlib ] [ INFO ] Updating impropers
2026-04-23 20:50:43,974 [ genlib ] [ INFO ] Building library files for HIP --> ILE mutant
2026-04-23 20:50:43,975 [ genlib ] [ INFO ] reading rtp file "aminoacids.rtp"
2026-04-23 20:50:44,000 [ genlib ] [ INFO ] ENTERED T,A,V,I
2026-04-23 20:50:44,000 [ genlib ] [ INFO ] Making atom pairs
2026-04-23 20:50:44,005 [ genlib ] [ INFO ] Updating bond lists
2026-04-23 20:50:44,005 [ genlib ] [ INFO ] Updating dihedrals
2026-04-23 20:50:44,005 [ genlib ] [ INFO ] Updating impropers
2026-04-23 20:50:44,005 [ genlib ] [ INFO ] Building library files for HIP --> LEU mutant
2026-04-23 20:50:44,006 [ genlib ] [ INFO ] reading rtp file "aminoacids.rtp"
2026-04-23 20:50:44,032 [ genlib ] [ INFO ] ENTERED RINGS
2026-04-23 20:50:44,032 [ genlib ] [ INFO ] Making atom pairs
2026-04-23 20:50:44,036 [ genlib ] [ INFO ] Updating bond lists
2026-04-23 20:50:44,036 [ genlib ] [ INFO ] Updating dihedrals
2026-04-23 20:50:44,036 [ genlib ] [ INFO ] Updating impropers
2026-04-23 20:50:44,036 [ genlib ] [ INFO ] Building library files for HIP --> LYN mutant
2026-04-23 20:50:44,037 [ genlib ] [ INFO ] reading rtp file "aminoacids.rtp"
2026-04-23 20:50:44,063 [ genlib ] [ INFO ] ENTERED RINGS
2026-04-23 20:50:44,063 [ genlib ] [ INFO ] Making atom pairs
2026-04-23 20:50:44,067 [ genlib ] [ INFO ] Updating bond lists
2026-04-23 20:50:44,067 [ genlib ] [ INFO ] Updating dihedrals
2026-04-23 20:50:44,067 [ genlib ] [ INFO ] Updating impropers
2026-04-23 20:50:44,068 [ genlib ] [ INFO ] Building library files for HIP --> LYS mutant
2026-04-23 20:50:44,068 [ genlib ] [ INFO ] reading rtp file "aminoacids.rtp"
2026-04-23 20:50:44,094 [ genlib ] [ INFO ] ENTERED RINGS
2026-04-23 20:50:44,094 [ genlib ] [ INFO ] Making atom pairs
2026-04-23 20:50:44,099 [ genlib ] [ INFO ] Updating bond lists
2026-04-23 20:50:44,099 [ genlib ] [ INFO ] Updating dihedrals
2026-04-23 20:50:44,099 [ genlib ] [ INFO ] Updating impropers
2026-04-23 20:50:44,100 [ genlib ] [ INFO ] Building library files for HIP --> MET mutant
2026-04-23 20:50:44,100 [ genlib ] [ INFO ] reading rtp file "aminoacids.rtp"
2026-04-23 20:50:44,126 [ genlib ] [ INFO ] ENTERED RINGS
2026-04-23 20:50:44,126 [ genlib ] [ INFO ] Making atom pairs
2026-04-23 20:50:44,129 [ genlib ] [ INFO ] Updating bond lists
2026-04-23 20:50:44,129 [ genlib ] [ INFO ] Updating dihedrals
2026-04-23 20:50:44,129 [ genlib ] [ INFO ] Updating impropers
2026-04-23 20:50:44,129 [ genlib ] [ INFO ] Building library files for HIP --> PHE mutant
2026-04-23 20:50:44,130 [ genlib ] [ INFO ] reading rtp file "aminoacids.rtp"
2026-04-23 20:50:44,155 [ genlib ] [ INFO ] ENTERED STANDARD
2026-04-23 20:50:44,155 [ genlib ] [ INFO ] Making atom pairs
2026-04-23 20:50:44,160 [ genlib ] [ INFO ] Updating bond lists
2026-04-23 20:50:44,161 [ genlib ] [ INFO ] Updating dihedrals
2026-04-23 20:50:44,161 [ genlib ] [ INFO ] Updating impropers
2026-04-23 20:50:44,161 [ genlib ] [ INFO ] Building library files for HIP --> PRO mutant
2026-04-23 20:50:44,162 [ genlib ] [ INFO ] reading rtp file "aminoacids.rtp"
2026-04-23 20:50:44,187 [ genlib ] [ INFO ] ENTERED P
2026-04-23 20:50:44,187 [ genlib ] [ INFO ] Making atom pairs
2026-04-23 20:50:44,190 [ genlib ] [ INFO ] Updating bond lists
2026-04-23 20:50:44,190 [ genlib ] [ INFO ] Updating dihedrals
2026-04-23 20:50:44,190 [ genlib ] [ INFO ] Updating impropers
2026-04-23 20:50:44,190 [ genlib ] [ WARNING ] undefined
2026-04-23 20:50:44,190 [ genlib ] [ INFO ] Building library files for HIP --> SER mutant
2026-04-23 20:50:44,191 [ genlib ] [ INFO ] reading rtp file "aminoacids.rtp"
2026-04-23 20:50:44,217 [ genlib ] [ INFO ] ENTERED RINGS
2026-04-23 20:50:44,217 [ genlib ] [ INFO ] Making atom pairs
2026-04-23 20:50:44,217 [ genlib ] [ INFO ] Updating bond lists
2026-04-23 20:50:44,217 [ genlib ] [ INFO ] Updating dihedrals
2026-04-23 20:50:44,217 [ genlib ] [ INFO ] Updating impropers
2026-04-23 20:50:44,218 [ genlib ] [ INFO ] Building library files for HIP --> THR mutant
2026-04-23 20:50:44,218 [ genlib ] [ INFO ] reading rtp file "aminoacids.rtp"
2026-04-23 20:50:44,244 [ genlib ] [ INFO ] ENTERED T,A,V,I
2026-04-23 20:50:44,244 [ genlib ] [ INFO ] Making atom pairs
2026-04-23 20:50:44,246 [ genlib ] [ INFO ] Updating bond lists
2026-04-23 20:50:44,246 [ genlib ] [ INFO ] Updating dihedrals
2026-04-23 20:50:44,246 [ genlib ] [ INFO ] Updating impropers
2026-04-23 20:50:44,247 [ genlib ] [ INFO ] Building library files for HIP --> TRP mutant
2026-04-23 20:50:44,248 [ genlib ] [ INFO ] reading rtp file "aminoacids.rtp"
2026-04-23 20:50:44,273 [ genlib ] [ INFO ] ENTERED STANDARD
2026-04-23 20:50:44,273 [ genlib ] [ INFO ] Making atom pairs
2026-04-23 20:50:44,279 [ genlib ] [ INFO ] Updating bond lists
2026-04-23 20:50:44,280 [ genlib ] [ INFO ] Updating dihedrals
2026-04-23 20:50:44,280 [ genlib ] [ INFO ] Updating impropers
2026-04-23 20:50:44,280 [ genlib ] [ INFO ] Building library files for HIP --> TYR mutant
2026-04-23 20:50:44,281 [ genlib ] [ INFO ] reading rtp file "aminoacids.rtp"
2026-04-23 20:50:44,307 [ genlib ] [ INFO ] ENTERED STANDARD
2026-04-23 20:50:44,307 [ genlib ] [ INFO ] Making atom pairs
2026-04-23 20:50:44,329 [ genlib ] [ INFO ] Updating bond lists
2026-04-23 20:50:44,329 [ genlib ] [ INFO ] Updating dihedrals
2026-04-23 20:50:44,329 [ genlib ] [ INFO ] Updating impropers
2026-04-23 20:50:44,330 [ genlib ] [ INFO ] Building library files for HIP --> VAL mutant
2026-04-23 20:50:44,331 [ genlib ] [ INFO ] reading rtp file "aminoacids.rtp"
2026-04-23 20:50:44,356 [ genlib ] [ INFO ] ENTERED T,A,V,I
2026-04-23 20:50:44,356 [ genlib ] [ INFO ] Making atom pairs
2026-04-23 20:50:44,359 [ genlib ] [ INFO ] Updating bond lists
2026-04-23 20:50:44,359 [ genlib ] [ INFO ] Updating dihedrals
2026-04-23 20:50:44,359 [ genlib ] [ INFO ] Updating impropers
2026-04-23 20:50:44,359 [ genlib ] [ INFO ] Building library files for ILE --> ALA mutant
2026-04-23 20:50:44,360 [ genlib ] [ INFO ] reading rtp file "aminoacids.rtp"
2026-04-23 20:50:44,385 [ genlib ] [ INFO ] ENTERED SIMPLE
2026-04-23 20:50:44,386 [ genlib ] [ INFO ] Making atom pairs
2026-04-23 20:50:44,386 [ genlib ] [ INFO ] Searching branch 1
2026-04-23 20:50:44,386 [ genlib ] [ INFO ] Searching order 2
2026-04-23 20:50:44,386 [ genlib ] [ INFO ] Checking atom HB
2026-04-23 20:50:44,386 [ genlib ] [ INFO ] Define atom pair: ILE|HB|HC|H          - > ALA|2HB|HC|H         (d = 0.10 A)
2026-04-23 20:50:44,386 [ genlib ] [ INFO ] Checking atom CG1
2026-04-23 20:50:44,386 [ genlib ] [ INFO ] Define atom pair: ILE|CG1|CT|C.3       - > ALA|1HB|HC|H         (d = 0.53 A)
2026-04-23 20:50:44,386 [ genlib ] [ INFO ] Checking atom CG2
2026-04-23 20:50:44,386 [ genlib ] [ INFO ] Define atom pair: ILE|CG2|CT|C.3       - > ALA|3HB|HC|H         (d = 0.47 A)
2026-04-23 20:50:44,386 [ genlib ] [ INFO ] Searching order 3
2026-04-23 20:50:44,386 [ genlib ] [ INFO ] Checking atom 1HG1
2026-04-23 20:50:44,386 [ genlib ] [ INFO ] No partner found for atom 1HG1
2026-04-23 20:50:44,386 [ genlib ] [ INFO ] Checking atom 2HG1
2026-04-23 20:50:44,386 [ genlib ] [ INFO ] No partner found for atom 2HG1
2026-04-23 20:50:44,386 [ genlib ] [ INFO ] Checking atom 1HG2
2026-04-23 20:50:44,386 [ genlib ] [ INFO ] No partner found for atom 1HG2
2026-04-23 20:50:44,386 [ genlib ] [ INFO ] Checking atom 2HG2
2026-04-23 20:50:44,386 [ genlib ] [ INFO ] No partner found for atom 2HG2
2026-04-23 20:50:44,386 [ genlib ] [ INFO ] Checking atom 3HG2
2026-04-23 20:50:44,386 [ genlib ] [ INFO ] No partner found for atom 3HG2
2026-04-23 20:50:44,386 [ genlib ] [ INFO ] Checking atom CD1
2026-04-23 20:50:44,386 [ genlib ] [ INFO ] No partner found for atom CD1
2026-04-23 20:50:44,386 [ genlib ] [ INFO ] Searching order 4
2026-04-23 20:50:44,386 [ genlib ] [ INFO ] Searching order 5
2026-04-23 20:50:44,386 [ genlib ] [ INFO ] Searching order 6
2026-04-23 20:50:44,386 [ genlib ] [ INFO ] Searching order 7
2026-04-23 20:50:44,386 [ genlib ] [ INFO ] Searching branch 2
2026-04-23 20:50:44,386 [ genlib ] [ INFO ] Searching order 2
2026-04-23 20:50:44,386 [ genlib ] [ INFO ] Searching order 3
2026-04-23 20:50:44,386 [ genlib ] [ INFO ] Checking atom 1HG1
2026-04-23 20:50:44,386 [ genlib ] [ INFO ] No partner found for atom 1HG1
2026-04-23 20:50:44,386 [ genlib ] [ INFO ] Checking atom 2HG1
2026-04-23 20:50:44,386 [ genlib ] [ INFO ] No partner found for atom 2HG1
2026-04-23 20:50:44,386 [ genlib ] [ INFO ] Checking atom 1HG2
2026-04-23 20:50:44,386 [ genlib ] [ INFO ] No partner found for atom 1HG2
2026-04-23 20:50:44,386 [ genlib ] [ INFO ] Checking atom 2HG2
2026-04-23 20:50:44,386 [ genlib ] [ INFO ] No partner found for atom 2HG2
2026-04-23 20:50:44,386 [ genlib ] [ INFO ] Checking atom 3HG2
2026-04-23 20:50:44,386 [ genlib ] [ INFO ] No partner found for atom 3HG2
2026-04-23 20:50:44,386 [ genlib ] [ INFO ] Checking atom CD1
2026-04-23 20:50:44,386 [ genlib ] [ INFO ] No partner found for atom CD1
2026-04-23 20:50:44,386 [ genlib ] [ INFO ] Searching order 4
2026-04-23 20:50:44,386 [ genlib ] [ INFO ] Searching order 5
2026-04-23 20:50:44,386 [ genlib ] [ INFO ] Searching order 6
2026-04-23 20:50:44,386 [ genlib ] [ INFO ] Searching order 7
2026-04-23 20:50:44,386 [ genlib ] [ INFO ] Updating bond lists
2026-04-23 20:50:44,386 [ genlib ] [ INFO ] Updating dihedrals
2026-04-23 20:50:44,386 [ genlib ] [ INFO ] Updating impropers
2026-04-23 20:50:44,387 [ genlib ] [ INFO ] Building library files for ILE --> ARG mutant
2026-04-23 20:50:44,387 [ genlib ] [ INFO ] reading rtp file "aminoacids.rtp"
2026-04-23 20:50:44,413 [ genlib ] [ INFO ] ENTERED SIMPLE
2026-04-23 20:50:44,413 [ genlib ] [ INFO ] Making atom pairs
2026-04-23 20:50:44,413 [ genlib ] [ INFO ] Searching branch 1
2026-04-23 20:50:44,413 [ genlib ] [ INFO ] Searching order 2
2026-04-23 20:50:44,413 [ genlib ] [ INFO ] Checking atom HB
2026-04-23 20:50:44,413 [ genlib ] [ INFO ] Define atom pair: ILE|HB|HC|H          - > ARG|1HB|HC|H         (d = 0.16 A)
2026-04-23 20:50:44,413 [ genlib ] [ INFO ] Checking atom CG1
2026-04-23 20:50:44,413 [ genlib ] [ INFO ] Define atom pair: ILE|CG1|CT|C.3       - > ARG|CG|CT|C.3        (d = 0.18 A)
2026-04-23 20:50:44,413 [ genlib ] [ INFO ] Checking atom CG2
2026-04-23 20:50:44,413 [ genlib ] [ INFO ] Define atom pair: ILE|CG2|CT|C.3       - > ARG|2HB|HC|H         (d = 0.48 A)
2026-04-23 20:50:44,413 [ genlib ] [ INFO ] Searching order 3
2026-04-23 20:50:44,413 [ genlib ] [ INFO ] Checking atom 1HG1
2026-04-23 20:50:44,413 [ genlib ] [ INFO ] Define atom pair: ILE|1HG1|HC|H        - > ARG|1HG|HC|H         (d = 0.13 A)
2026-04-23 20:50:44,413 [ genlib ] [ INFO ] Checking atom 2HG1
2026-04-23 20:50:44,413 [ genlib ] [ INFO ] Define atom pair: ILE|2HG1|HC|H        - > ARG|2HG|HC|H         (d = 0.29 A)
2026-04-23 20:50:44,413 [ genlib ] [ INFO ] Checking atom 1HG2
2026-04-23 20:50:44,413 [ genlib ] [ INFO ] No partner found for atom 1HG2
2026-04-23 20:50:44,413 [ genlib ] [ INFO ] Checking atom 2HG2
2026-04-23 20:50:44,413 [ genlib ] [ INFO ] No partner found for atom 2HG2
2026-04-23 20:50:44,413 [ genlib ] [ INFO ] Checking atom 3HG2
2026-04-23 20:50:44,413 [ genlib ] [ INFO ] No partner found for atom 3HG2
2026-04-23 20:50:44,413 [ genlib ] [ INFO ] Checking atom CD1
2026-04-23 20:50:44,413 [ genlib ] [ INFO ] Define atom pair: ILE|CD1|CT|C.3       - > ARG|CD|CT|C.3        (d = 0.25 A)
2026-04-23 20:50:44,413 [ genlib ] [ INFO ] Searching order 4
2026-04-23 20:50:44,413 [ genlib ] [ INFO ] Checking atom 1HD1
2026-04-23 20:50:44,413 [ genlib ] [ INFO ] Define atom pair: ILE|1HD1|HC|H        - > ARG|NE|N2|N.pl3      (d = 0.45 A)
2026-04-23 20:50:44,413 [ genlib ] [ INFO ] Checking atom 2HD1
2026-04-23 20:50:44,413 [ genlib ] [ INFO ] Define atom pair: ILE|2HD1|HC|H        - > ARG|1HD|H1|H         (d = 0.31 A)
2026-04-23 20:50:44,413 [ genlib ] [ INFO ] Checking atom 3HD1
2026-04-23 20:50:44,413 [ genlib ] [ INFO ] Define atom pair: ILE|3HD1|HC|H        - > ARG|2HD|H1|H         (d = 0.25 A)
2026-04-23 20:50:44,413 [ genlib ] [ INFO ] Searching order 5
2026-04-23 20:50:44,413 [ genlib ] [ INFO ] Searching order 6
2026-04-23 20:50:44,413 [ genlib ] [ INFO ] Searching order 7
2026-04-23 20:50:44,413 [ genlib ] [ INFO ] Searching branch 2
2026-04-23 20:50:44,413 [ genlib ] [ INFO ] Searching order 2
2026-04-23 20:50:44,413 [ genlib ] [ INFO ] Searching order 3
2026-04-23 20:50:44,413 [ genlib ] [ INFO ] Checking atom 1HG2
2026-04-23 20:50:44,413 [ genlib ] [ INFO ] No partner found for atom 1HG2
2026-04-23 20:50:44,413 [ genlib ] [ INFO ] Checking atom 2HG2
2026-04-23 20:50:44,413 [ genlib ] [ INFO ] No partner found for atom 2HG2
2026-04-23 20:50:44,413 [ genlib ] [ INFO ] Checking atom 3HG2
2026-04-23 20:50:44,413 [ genlib ] [ INFO ] No partner found for atom 3HG2
2026-04-23 20:50:44,413 [ genlib ] [ INFO ] Searching order 4
2026-04-23 20:50:44,413 [ genlib ] [ INFO ] Searching order 5
2026-04-23 20:50:44,413 [ genlib ] [ INFO ] Searching order 6
2026-04-23 20:50:44,413 [ genlib ] [ INFO ] Searching order 7
2026-04-23 20:50:44,417 [ genlib ] [ INFO ] Updating bond lists
2026-04-23 20:50:44,417 [ genlib ] [ INFO ] Updating dihedrals
2026-04-23 20:50:44,417 [ genlib ] [ INFO ] Updating impropers
2026-04-23 20:50:44,417 [ genlib ] [ INFO ] Building library files for ILE --> ASH mutant
2026-04-23 20:50:44,418 [ genlib ] [ INFO ] reading rtp file "aminoacids.rtp"
2026-04-23 20:50:44,443 [ genlib ] [ INFO ] ENTERED SIMPLE
2026-04-23 20:50:44,443 [ genlib ] [ INFO ] Making atom pairs
2026-04-23 20:50:44,443 [ genlib ] [ INFO ] Searching branch 1
2026-04-23 20:50:44,443 [ genlib ] [ INFO ] Searching order 2
2026-04-23 20:50:44,443 [ genlib ] [ INFO ] Checking atom HB
2026-04-23 20:50:44,443 [ genlib ] [ INFO ] Define atom pair: ILE|HB|HC|H          - > ASH|1HB|HC|H         (d = 0.09 A)
2026-04-23 20:50:44,443 [ genlib ] [ INFO ] Checking atom CG1
2026-04-23 20:50:44,443 [ genlib ] [ INFO ] Define atom pair: ILE|CG1|CT|C.3       - > ASH|CG|C|C.2         (d = 0.05 A)
2026-04-23 20:50:44,443 [ genlib ] [ INFO ] Checking atom CG2
2026-04-23 20:50:44,443 [ genlib ] [ INFO ] No partner found for atom CG2
2026-04-23 20:50:44,443 [ genlib ] [ INFO ] Searching order 3
2026-04-23 20:50:44,443 [ genlib ] [ INFO ] Checking atom 1HG1
2026-04-23 20:50:44,443 [ genlib ] [ INFO ] No partner found for atom 1HG1
2026-04-23 20:50:44,443 [ genlib ] [ INFO ] Checking atom 2HG1
2026-04-23 20:50:44,444 [ genlib ] [ INFO ] No partner found for atom 2HG1
2026-04-23 20:50:44,444 [ genlib ] [ INFO ] Checking atom CD1
2026-04-23 20:50:44,444 [ genlib ] [ INFO ] Define atom pair: ILE|CD1|CT|C.3       - > ASH|OD1|O|O.co2      (d = 0.33 A)
2026-04-23 20:50:44,444 [ genlib ] [ INFO ] Searching order 4
2026-04-23 20:50:44,444 [ genlib ] [ INFO ] Checking atom 1HD1
2026-04-23 20:50:44,444 [ genlib ] [ INFO ] No partner found for atom 1HD1
2026-04-23 20:50:44,444 [ genlib ] [ INFO ] Checking atom 2HD1
2026-04-23 20:50:44,444 [ genlib ] [ INFO ] No partner found for atom 2HD1
2026-04-23 20:50:44,444 [ genlib ] [ INFO ] Checking atom 3HD1
2026-04-23 20:50:44,444 [ genlib ] [ INFO ] No partner found for atom 3HD1
2026-04-23 20:50:44,444 [ genlib ] [ INFO ] Searching order 5
2026-04-23 20:50:44,444 [ genlib ] [ INFO ] Searching order 6
2026-04-23 20:50:44,444 [ genlib ] [ INFO ] Searching order 7
2026-04-23 20:50:44,444 [ genlib ] [ INFO ] Searching branch 2
2026-04-23 20:50:44,444 [ genlib ] [ INFO ] Searching order 2
2026-04-23 20:50:44,444 [ genlib ] [ INFO ] Checking atom CG2
2026-04-23 20:50:44,444 [ genlib ] [ INFO ] No partner found for atom CG2
2026-04-23 20:50:44,444 [ genlib ] [ INFO ] Searching order 3
2026-04-23 20:50:44,444 [ genlib ] [ INFO ] Checking atom 1HG1
2026-04-23 20:50:44,444 [ genlib ] [ INFO ] No partner found for atom 1HG1
2026-04-23 20:50:44,444 [ genlib ] [ INFO ] Checking atom 2HG1
2026-04-23 20:50:44,444 [ genlib ] [ INFO ] No partner found for atom 2HG1
2026-04-23 20:50:44,444 [ genlib ] [ INFO ] Searching order 4
2026-04-23 20:50:44,444 [ genlib ] [ INFO ] Checking atom 1HD1
2026-04-23 20:50:44,444 [ genlib ] [ INFO ] No partner found for atom 1HD1
2026-04-23 20:50:44,444 [ genlib ] [ INFO ] Checking atom 2HD1
2026-04-23 20:50:44,444 [ genlib ] [ INFO ] No partner found for atom 2HD1
2026-04-23 20:50:44,444 [ genlib ] [ INFO ] Checking atom 3HD1
2026-04-23 20:50:44,444 [ genlib ] [ INFO ] No partner found for atom 3HD1
2026-04-23 20:50:44,444 [ genlib ] [ INFO ] Searching order 5
2026-04-23 20:50:44,444 [ genlib ] [ INFO ] Searching order 6
2026-04-23 20:50:44,444 [ genlib ] [ INFO ] Searching order 7
2026-04-23 20:50:44,445 [ genlib ] [ INFO ] Updating bond lists
2026-04-23 20:50:44,445 [ genlib ] [ INFO ] Updating dihedrals
2026-04-23 20:50:44,445 [ genlib ] [ INFO ] Updating impropers
2026-04-23 20:50:44,445 [ genlib ] [ INFO ] Building library files for ILE --> ASN mutant
2026-04-23 20:50:44,446 [ genlib ] [ INFO ] reading rtp file "aminoacids.rtp"
2026-04-23 20:50:44,471 [ genlib ] [ INFO ] ENTERED SIMPLE
2026-04-23 20:50:44,471 [ genlib ] [ INFO ] Making atom pairs
2026-04-23 20:50:44,471 [ genlib ] [ INFO ] Searching branch 1
2026-04-23 20:50:44,471 [ genlib ] [ INFO ] Searching order 2
2026-04-23 20:50:44,471 [ genlib ] [ INFO ] Checking atom HB
2026-04-23 20:50:44,471 [ genlib ] [ INFO ] Define atom pair: ILE|HB|HC|H          - > ASN|1HB|HC|H         (d = 0.14 A)
2026-04-23 20:50:44,471 [ genlib ] [ INFO ] Checking atom CG1
2026-04-23 20:50:44,471 [ genlib ] [ INFO ] Define atom pair: ILE|CG1|CT|C.3       - > ASN|CG|C|C.2         (d = 0.06 A)
2026-04-23 20:50:44,471 [ genlib ] [ INFO ] Checking atom CG2
2026-04-23 20:50:44,471 [ genlib ] [ INFO ] Define atom pair: ILE|CG2|CT|C.3       - > ASN|2HB|HC|H         (d = 0.45 A)
2026-04-23 20:50:44,471 [ genlib ] [ INFO ] Searching order 3
2026-04-23 20:50:44,471 [ genlib ] [ INFO ] Checking atom 1HG1
2026-04-23 20:50:44,471 [ genlib ] [ INFO ] No partner found for atom 1HG1
2026-04-23 20:50:44,471 [ genlib ] [ INFO ] Checking atom 2HG1
2026-04-23 20:50:44,471 [ genlib ] [ INFO ] No partner found for atom 2HG1
2026-04-23 20:50:44,471 [ genlib ] [ INFO ] Checking atom 1HG2
2026-04-23 20:50:44,471 [ genlib ] [ INFO ] No partner found for atom 1HG2
2026-04-23 20:50:44,471 [ genlib ] [ INFO ] Checking atom 2HG2
2026-04-23 20:50:44,471 [ genlib ] [ INFO ] No partner found for atom 2HG2
2026-04-23 20:50:44,471 [ genlib ] [ INFO ] Checking atom 3HG2
2026-04-23 20:50:44,471 [ genlib ] [ INFO ] No partner found for atom 3HG2
2026-04-23 20:50:44,471 [ genlib ] [ INFO ] Checking atom CD1
2026-04-23 20:50:44,471 [ genlib ] [ INFO ] Define atom pair: ILE|CD1|CT|C.3       - > ASN|OD1|O|O.2        (d = 0.34 A)
2026-04-23 20:50:44,471 [ genlib ] [ INFO ] Searching order 4
2026-04-23 20:50:44,471 [ genlib ] [ INFO ] Checking atom 1HD1
2026-04-23 20:50:44,471 [ genlib ] [ INFO ] No partner found for atom 1HD1
2026-04-23 20:50:44,471 [ genlib ] [ INFO ] Checking atom 2HD1
2026-04-23 20:50:44,471 [ genlib ] [ INFO ] No partner found for atom 2HD1
2026-04-23 20:50:44,471 [ genlib ] [ INFO ] Checking atom 3HD1
2026-04-23 20:50:44,471 [ genlib ] [ INFO ] No partner found for atom 3HD1
2026-04-23 20:50:44,471 [ genlib ] [ INFO ] Searching order 5
2026-04-23 20:50:44,471 [ genlib ] [ INFO ] Searching order 6
2026-04-23 20:50:44,471 [ genlib ] [ INFO ] Searching order 7
2026-04-23 20:50:44,471 [ genlib ] [ INFO ] Searching branch 2
2026-04-23 20:50:44,471 [ genlib ] [ INFO ] Searching order 2
2026-04-23 20:50:44,471 [ genlib ] [ INFO ] Searching order 3
2026-04-23 20:50:44,471 [ genlib ] [ INFO ] Checking atom 1HG1
2026-04-23 20:50:44,471 [ genlib ] [ INFO ] No partner found for atom 1HG1
2026-04-23 20:50:44,471 [ genlib ] [ INFO ] Checking atom 2HG1
2026-04-23 20:50:44,471 [ genlib ] [ INFO ] No partner found for atom 2HG1
2026-04-23 20:50:44,471 [ genlib ] [ INFO ] Checking atom 1HG2
2026-04-23 20:50:44,471 [ genlib ] [ INFO ] No partner found for atom 1HG2
2026-04-23 20:50:44,471 [ genlib ] [ INFO ] Checking atom 2HG2
2026-04-23 20:50:44,471 [ genlib ] [ INFO ] No partner found for atom 2HG2
2026-04-23 20:50:44,471 [ genlib ] [ INFO ] Checking atom 3HG2
2026-04-23 20:50:44,471 [ genlib ] [ INFO ] No partner found for atom 3HG2
2026-04-23 20:50:44,471 [ genlib ] [ INFO ] Searching order 4
2026-04-23 20:50:44,471 [ genlib ] [ INFO ] Checking atom 1HD1
2026-04-23 20:50:44,471 [ genlib ] [ INFO ] No partner found for atom 1HD1
2026-04-23 20:50:44,471 [ genlib ] [ INFO ] Checking atom 2HD1
2026-04-23 20:50:44,471 [ genlib ] [ INFO ] No partner found for atom 2HD1
2026-04-23 20:50:44,471 [ genlib ] [ INFO ] Checking atom 3HD1
2026-04-23 20:50:44,471 [ genlib ] [ INFO ] No partner found for atom 3HD1
2026-04-23 20:50:44,471 [ genlib ] [ INFO ] Searching order 5
2026-04-23 20:50:44,471 [ genlib ] [ INFO ] Searching order 6
2026-04-23 20:50:44,471 [ genlib ] [ INFO ] Searching order 7
2026-04-23 20:50:44,473 [ genlib ] [ INFO ] Updating bond lists
2026-04-23 20:50:44,473 [ genlib ] [ INFO ] Updating dihedrals
2026-04-23 20:50:44,473 [ genlib ] [ INFO ] Updating impropers
2026-04-23 20:50:44,473 [ genlib ] [ INFO ] Building library files for ILE --> ASP mutant
2026-04-23 20:50:44,474 [ genlib ] [ INFO ] reading rtp file "aminoacids.rtp"
2026-04-23 20:50:44,499 [ genlib ] [ INFO ] ENTERED SIMPLE
2026-04-23 20:50:44,499 [ genlib ] [ INFO ] Making atom pairs
2026-04-23 20:50:44,499 [ genlib ] [ INFO ] Searching branch 1
2026-04-23 20:50:44,499 [ genlib ] [ INFO ] Searching order 2
2026-04-23 20:50:44,499 [ genlib ] [ INFO ] Checking atom HB
2026-04-23 20:50:44,499 [ genlib ] [ INFO ] Define atom pair: ILE|HB|HC|H          - > ASP|1HB|HC|H         (d = 0.07 A)
2026-04-23 20:50:44,499 [ genlib ] [ INFO ] Checking atom CG1
2026-04-23 20:50:44,499 [ genlib ] [ INFO ] Define atom pair: ILE|CG1|CT|C.3       - > ASP|CG|C|C.2         (d = 0.05 A)
2026-04-23 20:50:44,499 [ genlib ] [ INFO ] Checking atom CG2
2026-04-23 20:50:44,499 [ genlib ] [ INFO ] Define atom pair: ILE|CG2|CT|C.3       - > ASP|2HB|HC|H         (d = 0.48 A)
2026-04-23 20:50:44,499 [ genlib ] [ INFO ] Searching order 3
2026-04-23 20:50:44,499 [ genlib ] [ INFO ] Checking atom 1HG1
2026-04-23 20:50:44,499 [ genlib ] [ INFO ] No partner found for atom 1HG1
2026-04-23 20:50:44,499 [ genlib ] [ INFO ] Checking atom 2HG1
2026-04-23 20:50:44,499 [ genlib ] [ INFO ] No partner found for atom 2HG1
2026-04-23 20:50:44,499 [ genlib ] [ INFO ] Checking atom 1HG2
2026-04-23 20:50:44,499 [ genlib ] [ INFO ] No partner found for atom 1HG2
2026-04-23 20:50:44,499 [ genlib ] [ INFO ] Checking atom 2HG2
2026-04-23 20:50:44,499 [ genlib ] [ INFO ] No partner found for atom 2HG2
2026-04-23 20:50:44,499 [ genlib ] [ INFO ] Checking atom 3HG2
2026-04-23 20:50:44,499 [ genlib ] [ INFO ] No partner found for atom 3HG2
2026-04-23 20:50:44,499 [ genlib ] [ INFO ] Checking atom CD1
2026-04-23 20:50:44,499 [ genlib ] [ INFO ] Define atom pair: ILE|CD1|CT|C.3       - > ASP|OD1|O2|O.co2     (d = 0.33 A)
2026-04-23 20:50:44,499 [ genlib ] [ INFO ] Searching order 4
2026-04-23 20:50:44,499 [ genlib ] [ INFO ] Checking atom 1HD1
2026-04-23 20:50:44,499 [ genlib ] [ INFO ] No partner found for atom 1HD1
2026-04-23 20:50:44,499 [ genlib ] [ INFO ] Checking atom 2HD1
2026-04-23 20:50:44,499 [ genlib ] [ INFO ] No partner found for atom 2HD1
2026-04-23 20:50:44,499 [ genlib ] [ INFO ] Checking atom 3HD1
2026-04-23 20:50:44,499 [ genlib ] [ INFO ] No partner found for atom 3HD1
2026-04-23 20:50:44,499 [ genlib ] [ INFO ] Searching order 5
2026-04-23 20:50:44,499 [ genlib ] [ INFO ] Searching order 6
2026-04-23 20:50:44,499 [ genlib ] [ INFO ] Searching order 7
2026-04-23 20:50:44,499 [ genlib ] [ INFO ] Searching branch 2
2026-04-23 20:50:44,499 [ genlib ] [ INFO ] Searching order 2
2026-04-23 20:50:44,499 [ genlib ] [ INFO ] Searching order 3
2026-04-23 20:50:44,499 [ genlib ] [ INFO ] Checking atom 1HG1
2026-04-23 20:50:44,499 [ genlib ] [ INFO ] No partner found for atom 1HG1
2026-04-23 20:50:44,499 [ genlib ] [ INFO ] Checking atom 2HG1
2026-04-23 20:50:44,499 [ genlib ] [ INFO ] No partner found for atom 2HG1
2026-04-23 20:50:44,499 [ genlib ] [ INFO ] Checking atom 1HG2
2026-04-23 20:50:44,499 [ genlib ] [ INFO ] No partner found for atom 1HG2
2026-04-23 20:50:44,499 [ genlib ] [ INFO ] Checking atom 2HG2
2026-04-23 20:50:44,499 [ genlib ] [ INFO ] No partner found for atom 2HG2
2026-04-23 20:50:44,499 [ genlib ] [ INFO ] Checking atom 3HG2
2026-04-23 20:50:44,499 [ genlib ] [ INFO ] No partner found for atom 3HG2
2026-04-23 20:50:44,499 [ genlib ] [ INFO ] Searching order 4
2026-04-23 20:50:44,499 [ genlib ] [ INFO ] Checking atom 1HD1
2026-04-23 20:50:44,499 [ genlib ] [ INFO ] No partner found for atom 1HD1
2026-04-23 20:50:44,499 [ genlib ] [ INFO ] Checking atom 2HD1
2026-04-23 20:50:44,499 [ genlib ] [ INFO ] No partner found for atom 2HD1
2026-04-23 20:50:44,499 [ genlib ] [ INFO ] Checking atom 3HD1
2026-04-23 20:50:44,499 [ genlib ] [ INFO ] No partner found for atom 3HD1
2026-04-23 20:50:44,499 [ genlib ] [ INFO ] Searching order 5
2026-04-23 20:50:44,499 [ genlib ] [ INFO ] Searching order 6
2026-04-23 20:50:44,499 [ genlib ] [ INFO ] Searching order 7
2026-04-23 20:50:44,501 [ genlib ] [ INFO ] Updating bond lists
2026-04-23 20:50:44,501 [ genlib ] [ INFO ] Updating dihedrals
2026-04-23 20:50:44,501 [ genlib ] [ INFO ] Updating impropers
2026-04-23 20:50:44,501 [ genlib ] [ INFO ] Building library files for ILE --> CYS mutant
2026-04-23 20:50:44,502 [ genlib ] [ INFO ] reading rtp file "aminoacids.rtp"
2026-04-23 20:50:44,527 [ genlib ] [ INFO ] ENTERED SIMPLE
2026-04-23 20:50:44,527 [ genlib ] [ INFO ] Making atom pairs
2026-04-23 20:50:44,527 [ genlib ] [ INFO ] Searching branch 1
2026-04-23 20:50:44,527 [ genlib ] [ INFO ] Searching order 2
2026-04-23 20:50:44,527 [ genlib ] [ INFO ] Checking atom HB
2026-04-23 20:50:44,527 [ genlib ] [ INFO ] Define atom pair: ILE|HB|HC|H          - > CYS|1HB|H1|H         (d = 0.08 A)
2026-04-23 20:50:44,527 [ genlib ] [ INFO ] Checking atom CG1
2026-04-23 20:50:44,527 [ genlib ] [ INFO ] Define atom pair: ILE|CG1|CT|C.3       - > CYS|SG|SH|S.3        (d = 0.23 A)
2026-04-23 20:50:44,527 [ genlib ] [ INFO ] Checking atom CG2
2026-04-23 20:50:44,527 [ genlib ] [ INFO ] Define atom pair: ILE|CG2|CT|C.3       - > CYS|2HB|H1|H         (d = 0.47 A)
2026-04-23 20:50:44,527 [ genlib ] [ INFO ] Searching order 3
2026-04-23 20:50:44,527 [ genlib ] [ INFO ] Checking atom 1HG1
2026-04-23 20:50:44,527 [ genlib ] [ INFO ] No partner found for atom 1HG1
2026-04-23 20:50:44,527 [ genlib ] [ INFO ] Checking atom 2HG1
2026-04-23 20:50:44,527 [ genlib ] [ INFO ] No partner found for atom 2HG1
2026-04-23 20:50:44,527 [ genlib ] [ INFO ] Checking atom 1HG2
2026-04-23 20:50:44,527 [ genlib ] [ INFO ] No partner found for atom 1HG2
2026-04-23 20:50:44,527 [ genlib ] [ INFO ] Checking atom 2HG2
2026-04-23 20:50:44,527 [ genlib ] [ INFO ] No partner found for atom 2HG2
2026-04-23 20:50:44,527 [ genlib ] [ INFO ] Checking atom 3HG2
2026-04-23 20:50:44,527 [ genlib ] [ INFO ] No partner found for atom 3HG2
2026-04-23 20:50:44,527 [ genlib ] [ INFO ] Checking atom CD1
2026-04-23 20:50:44,527 [ genlib ] [ INFO ] Define atom pair: ILE|CD1|CT|C.3       - > CYS|HG|HS|H          (d = 0.29 A)
2026-04-23 20:50:44,527 [ genlib ] [ INFO ] Searching order 4
2026-04-23 20:50:44,527 [ genlib ] [ INFO ] Checking atom 1HD1
2026-04-23 20:50:44,527 [ genlib ] [ INFO ] No partner found for atom 1HD1
2026-04-23 20:50:44,527 [ genlib ] [ INFO ] Checking atom 2HD1
2026-04-23 20:50:44,527 [ genlib ] [ INFO ] No partner found for atom 2HD1
2026-04-23 20:50:44,527 [ genlib ] [ INFO ] Checking atom 3HD1
2026-04-23 20:50:44,527 [ genlib ] [ INFO ] No partner found for atom 3HD1
2026-04-23 20:50:44,527 [ genlib ] [ INFO ] Searching order 5
2026-04-23 20:50:44,527 [ genlib ] [ INFO ] Searching order 6
2026-04-23 20:50:44,527 [ genlib ] [ INFO ] Searching order 7
2026-04-23 20:50:44,527 [ genlib ] [ INFO ] Searching branch 2
2026-04-23 20:50:44,527 [ genlib ] [ INFO ] Searching order 2
2026-04-23 20:50:44,527 [ genlib ] [ INFO ] Searching order 3
2026-04-23 20:50:44,527 [ genlib ] [ INFO ] Checking atom 1HG1
2026-04-23 20:50:44,527 [ genlib ] [ INFO ] No partner found for atom 1HG1
2026-04-23 20:50:44,527 [ genlib ] [ INFO ] Checking atom 2HG1
2026-04-23 20:50:44,527 [ genlib ] [ INFO ] No partner found for atom 2HG1
2026-04-23 20:50:44,527 [ genlib ] [ INFO ] Checking atom 1HG2
2026-04-23 20:50:44,528 [ genlib ] [ INFO ] No partner found for atom 1HG2
2026-04-23 20:50:44,528 [ genlib ] [ INFO ] Checking atom 2HG2
2026-04-23 20:50:44,528 [ genlib ] [ INFO ] No partner found for atom 2HG2
2026-04-23 20:50:44,528 [ genlib ] [ INFO ] Checking atom 3HG2
2026-04-23 20:50:44,528 [ genlib ] [ INFO ] No partner found for atom 3HG2
2026-04-23 20:50:44,528 [ genlib ] [ INFO ] Searching order 4
2026-04-23 20:50:44,528 [ genlib ] [ INFO ] Checking atom 1HD1
2026-04-23 20:50:44,528 [ genlib ] [ INFO ] No partner found for atom 1HD1
2026-04-23 20:50:44,528 [ genlib ] [ INFO ] Checking atom 2HD1
2026-04-23 20:50:44,528 [ genlib ] [ INFO ] No partner found for atom 2HD1
2026-04-23 20:50:44,528 [ genlib ] [ INFO ] Checking atom 3HD1
2026-04-23 20:50:44,528 [ genlib ] [ INFO ] No partner found for atom 3HD1
2026-04-23 20:50:44,528 [ genlib ] [ INFO ] Searching order 5
2026-04-23 20:50:44,528 [ genlib ] [ INFO ] Searching order 6
2026-04-23 20:50:44,528 [ genlib ] [ INFO ] Searching order 7
2026-04-23 20:50:44,528 [ genlib ] [ INFO ] Updating bond lists
2026-04-23 20:50:44,528 [ genlib ] [ INFO ] Updating dihedrals
2026-04-23 20:50:44,528 [ genlib ] [ INFO ] Updating impropers
2026-04-23 20:50:44,528 [ genlib ] [ INFO ] Building library files for ILE --> GLH mutant
2026-04-23 20:50:44,529 [ genlib ] [ INFO ] reading rtp file "aminoacids.rtp"
2026-04-23 20:50:44,555 [ genlib ] [ INFO ] ENTERED SIMPLE
2026-04-23 20:50:44,555 [ genlib ] [ INFO ] Making atom pairs
2026-04-23 20:50:44,555 [ genlib ] [ INFO ] Searching branch 1
2026-04-23 20:50:44,555 [ genlib ] [ INFO ] Searching order 2
2026-04-23 20:50:44,555 [ genlib ] [ INFO ] Checking atom HB
2026-04-23 20:50:44,555 [ genlib ] [ INFO ] Define atom pair: ILE|HB|HC|H          - > GLH|1HB|HC|H         (d = 0.11 A)
2026-04-23 20:50:44,555 [ genlib ] [ INFO ] Checking atom CG1
2026-04-23 20:50:44,555 [ genlib ] [ INFO ] Define atom pair: ILE|CG1|CT|C.3       - > GLH|CG|CT|C.3        (d = 0.06 A)
2026-04-23 20:50:44,555 [ genlib ] [ INFO ] Checking atom CG2
2026-04-23 20:50:44,555 [ genlib ] [ INFO ] No partner found for atom CG2
2026-04-23 20:50:44,555 [ genlib ] [ INFO ] Searching order 3
2026-04-23 20:50:44,555 [ genlib ] [ INFO ] Checking atom 1HG1
2026-04-23 20:50:44,555 [ genlib ] [ INFO ] Define atom pair: ILE|1HG1|HC|H        - > GLH|1HG|HC|H         (d = 0.11 A)
2026-04-23 20:50:44,555 [ genlib ] [ INFO ] Checking atom 2HG1
2026-04-23 20:50:44,555 [ genlib ] [ INFO ] Define atom pair: ILE|2HG1|HC|H        - > GLH|2HG|HC|H         (d = 0.14 A)
2026-04-23 20:50:44,555 [ genlib ] [ INFO ] Checking atom CD1
2026-04-23 20:50:44,555 [ genlib ] [ INFO ] Define atom pair: ILE|CD1|CT|C.3       - > GLH|CD|C|C.2         (d = 0.02 A)
2026-04-23 20:50:44,555 [ genlib ] [ INFO ] Searching order 4
2026-04-23 20:50:44,555 [ genlib ] [ INFO ] Checking atom 1HD1
2026-04-23 20:50:44,555 [ genlib ] [ INFO ] Define atom pair: ILE|1HD1|HC|H        - > GLH|OE1|O|O.co2      (d = 0.23 A)
2026-04-23 20:50:44,555 [ genlib ] [ INFO ] Checking atom 2HD1
2026-04-23 20:50:44,555 [ genlib ] [ INFO ] No partner found for atom 2HD1
2026-04-23 20:50:44,555 [ genlib ] [ INFO ] Checking atom 3HD1
2026-04-23 20:50:44,555 [ genlib ] [ INFO ] No partner found for atom 3HD1
2026-04-23 20:50:44,555 [ genlib ] [ INFO ] Searching order 5
2026-04-23 20:50:44,555 [ genlib ] [ INFO ] Searching order 6
2026-04-23 20:50:44,555 [ genlib ] [ INFO ] Searching order 7
2026-04-23 20:50:44,555 [ genlib ] [ INFO ] Searching branch 2
2026-04-23 20:50:44,555 [ genlib ] [ INFO ] Searching order 2
2026-04-23 20:50:44,555 [ genlib ] [ INFO ] Checking atom CG2
2026-04-23 20:50:44,555 [ genlib ] [ INFO ] No partner found for atom CG2
2026-04-23 20:50:44,555 [ genlib ] [ INFO ] Searching order 3
2026-04-23 20:50:44,555 [ genlib ] [ INFO ] Searching order 4
2026-04-23 20:50:44,555 [ genlib ] [ INFO ] Checking atom 2HD1
2026-04-23 20:50:44,555 [ genlib ] [ INFO ] No partner found for atom 2HD1
2026-04-23 20:50:44,555 [ genlib ] [ INFO ] Checking atom 3HD1
2026-04-23 20:50:44,555 [ genlib ] [ INFO ] No partner found for atom 3HD1
2026-04-23 20:50:44,555 [ genlib ] [ INFO ] Searching order 5
2026-04-23 20:50:44,555 [ genlib ] [ INFO ] Searching order 6
2026-04-23 20:50:44,555 [ genlib ] [ INFO ] Searching order 7
2026-04-23 20:50:44,556 [ genlib ] [ INFO ] Updating bond lists
2026-04-23 20:50:44,556 [ genlib ] [ INFO ] Updating dihedrals
2026-04-23 20:50:44,556 [ genlib ] [ INFO ] Updating impropers
2026-04-23 20:50:44,557 [ genlib ] [ INFO ] Building library files for ILE --> GLN mutant
2026-04-23 20:50:44,557 [ genlib ] [ INFO ] reading rtp file "aminoacids.rtp"
2026-04-23 20:50:44,583 [ genlib ] [ INFO ] ENTERED SIMPLE
2026-04-23 20:50:44,583 [ genlib ] [ INFO ] Making atom pairs
2026-04-23 20:50:44,583 [ genlib ] [ INFO ] Searching branch 1
2026-04-23 20:50:44,583 [ genlib ] [ INFO ] Searching order 2
2026-04-23 20:50:44,583 [ genlib ] [ INFO ] Checking atom HB
2026-04-23 20:50:44,583 [ genlib ] [ INFO ] Define atom pair: ILE|HB|HC|H          - > GLN|1HB|HC|H         (d = 0.11 A)
2026-04-23 20:50:44,583 [ genlib ] [ INFO ] Checking atom CG1
2026-04-23 20:50:44,583 [ genlib ] [ INFO ] Define atom pair: ILE|CG1|CT|C.3       - > GLN|CG|CT|C.3        (d = 0.11 A)
2026-04-23 20:50:44,583 [ genlib ] [ INFO ] Checking atom CG2
2026-04-23 20:50:44,583 [ genlib ] [ INFO ] Define atom pair: ILE|CG2|CT|C.3       - > GLN|2HB|HC|H         (d = 0.49 A)
2026-04-23 20:50:44,583 [ genlib ] [ INFO ] Searching order 3
2026-04-23 20:50:44,583 [ genlib ] [ INFO ] Checking atom 1HG1
2026-04-23 20:50:44,583 [ genlib ] [ INFO ] Define atom pair: ILE|1HG1|HC|H        - > GLN|1HG|HC|H         (d = 0.03 A)
2026-04-23 20:50:44,583 [ genlib ] [ INFO ] Checking atom 2HG1
2026-04-23 20:50:44,583 [ genlib ] [ INFO ] Define atom pair: ILE|2HG1|HC|H        - > GLN|2HG|HC|H         (d = 0.20 A)
2026-04-23 20:50:44,583 [ genlib ] [ INFO ] Checking atom 1HG2
2026-04-23 20:50:44,583 [ genlib ] [ INFO ] No partner found for atom 1HG2
2026-04-23 20:50:44,583 [ genlib ] [ INFO ] Checking atom 2HG2
2026-04-23 20:50:44,583 [ genlib ] [ INFO ] No partner found for atom 2HG2
2026-04-23 20:50:44,583 [ genlib ] [ INFO ] Checking atom 3HG2
2026-04-23 20:50:44,583 [ genlib ] [ INFO ] No partner found for atom 3HG2
2026-04-23 20:50:44,583 [ genlib ] [ INFO ] Checking atom CD1
2026-04-23 20:50:44,583 [ genlib ] [ INFO ] Define atom pair: ILE|CD1|CT|C.3       - > GLN|CD|C|C.2         (d = 0.17 A)
2026-04-23 20:50:44,583 [ genlib ] [ INFO ] Searching order 4
2026-04-23 20:50:44,583 [ genlib ] [ INFO ] Checking atom 1HD1
2026-04-23 20:50:44,583 [ genlib ] [ INFO ] Define atom pair: ILE|1HD1|HC|H        - > GLN|OE1|O|O.2        (d = 0.21 A)
2026-04-23 20:50:44,583 [ genlib ] [ INFO ] Checking atom 2HD1
2026-04-23 20:50:44,583 [ genlib ] [ INFO ] No partner found for atom 2HD1
2026-04-23 20:50:44,583 [ genlib ] [ INFO ] Checking atom 3HD1
2026-04-23 20:50:44,583 [ genlib ] [ INFO ] No partner found for atom 3HD1
2026-04-23 20:50:44,583 [ genlib ] [ INFO ] Searching order 5
2026-04-23 20:50:44,583 [ genlib ] [ INFO ] Searching order 6
2026-04-23 20:50:44,583 [ genlib ] [ INFO ] Searching order 7
2026-04-23 20:50:44,583 [ genlib ] [ INFO ] Searching branch 2
2026-04-23 20:50:44,583 [ genlib ] [ INFO ] Searching order 2
2026-04-23 20:50:44,583 [ genlib ] [ INFO ] Searching order 3
2026-04-23 20:50:44,583 [ genlib ] [ INFO ] Checking atom 1HG2
2026-04-23 20:50:44,583 [ genlib ] [ INFO ] No partner found for atom 1HG2
2026-04-23 20:50:44,583 [ genlib ] [ INFO ] Checking atom 2HG2
2026-04-23 20:50:44,583 [ genlib ] [ INFO ] No partner found for atom 2HG2
2026-04-23 20:50:44,583 [ genlib ] [ INFO ] Checking atom 3HG2
2026-04-23 20:50:44,583 [ genlib ] [ INFO ] No partner found for atom 3HG2
2026-04-23 20:50:44,583 [ genlib ] [ INFO ] Searching order 4
2026-04-23 20:50:44,583 [ genlib ] [ INFO ] Checking atom 2HD1
2026-04-23 20:50:44,583 [ genlib ] [ INFO ] No partner found for atom 2HD1
2026-04-23 20:50:44,583 [ genlib ] [ INFO ] Checking atom 3HD1
2026-04-23 20:50:44,583 [ genlib ] [ INFO ] No partner found for atom 3HD1
2026-04-23 20:50:44,583 [ genlib ] [ INFO ] Searching order 5
2026-04-23 20:50:44,583 [ genlib ] [ INFO ] Searching order 6
2026-04-23 20:50:44,583 [ genlib ] [ INFO ] Searching order 7
2026-04-23 20:50:44,584 [ genlib ] [ INFO ] Updating bond lists
2026-04-23 20:50:44,584 [ genlib ] [ INFO ] Updating dihedrals
2026-04-23 20:50:44,584 [ genlib ] [ INFO ] Updating impropers
2026-04-23 20:50:44,585 [ genlib ] [ INFO ] Building library files for ILE --> GLU mutant
2026-04-23 20:50:44,585 [ genlib ] [ INFO ] reading rtp file "aminoacids.rtp"
2026-04-23 20:50:44,611 [ genlib ] [ INFO ] ENTERED SIMPLE
2026-04-23 20:50:44,611 [ genlib ] [ INFO ] Making atom pairs
2026-04-23 20:50:44,611 [ genlib ] [ INFO ] Searching branch 1
2026-04-23 20:50:44,611 [ genlib ] [ INFO ] Searching order 2
2026-04-23 20:50:44,611 [ genlib ] [ INFO ] Checking atom HB
2026-04-23 20:50:44,611 [ genlib ] [ INFO ] Define atom pair: ILE|HB|HC|H          - > GLU|1HB|HC|H         (d = 0.05 A)
2026-04-23 20:50:44,611 [ genlib ] [ INFO ] Checking atom CG1
2026-04-23 20:50:44,611 [ genlib ] [ INFO ] Define atom pair: ILE|CG1|CT|C.3       - > GLU|CG|CT|C.3        (d = 0.06 A)
2026-04-23 20:50:44,611 [ genlib ] [ INFO ] Checking atom CG2
2026-04-23 20:50:44,611 [ genlib ] [ INFO ] Define atom pair: ILE|CG2|CT|C.3       - > GLU|2HB|HC|H         (d = 0.53 A)
2026-04-23 20:50:44,611 [ genlib ] [ INFO ] Searching order 3
2026-04-23 20:50:44,611 [ genlib ] [ INFO ] Checking atom 1HG1
2026-04-23 20:50:44,611 [ genlib ] [ INFO ] Define atom pair: ILE|1HG1|HC|H        - > GLU|1HG|HC|H         (d = 0.11 A)
2026-04-23 20:50:44,611 [ genlib ] [ INFO ] Checking atom 2HG1
2026-04-23 20:50:44,611 [ genlib ] [ INFO ] Define atom pair: ILE|2HG1|HC|H        - > GLU|2HG|HC|H         (d = 0.11 A)
2026-04-23 20:50:44,611 [ genlib ] [ INFO ] Checking atom 1HG2
2026-04-23 20:50:44,611 [ genlib ] [ INFO ] No partner found for atom 1HG2
2026-04-23 20:50:44,611 [ genlib ] [ INFO ] Checking atom 2HG2
2026-04-23 20:50:44,611 [ genlib ] [ INFO ] No partner found for atom 2HG2
2026-04-23 20:50:44,611 [ genlib ] [ INFO ] Checking atom 3HG2
2026-04-23 20:50:44,611 [ genlib ] [ INFO ] No partner found for atom 3HG2
2026-04-23 20:50:44,611 [ genlib ] [ INFO ] Checking atom CD1
2026-04-23 20:50:44,611 [ genlib ] [ INFO ] Define atom pair: ILE|CD1|CT|C.3       - > GLU|CD|C|C.2         (d = 0.03 A)
2026-04-23 20:50:44,611 [ genlib ] [ INFO ] Searching order 4
2026-04-23 20:50:44,611 [ genlib ] [ INFO ] Checking atom 1HD1
2026-04-23 20:50:44,611 [ genlib ] [ INFO ] Define atom pair: ILE|1HD1|HC|H        - > GLU|OE1|O2|O.co2     (d = 0.22 A)
2026-04-23 20:50:44,611 [ genlib ] [ INFO ] Checking atom 2HD1
2026-04-23 20:50:44,611 [ genlib ] [ INFO ] No partner found for atom 2HD1
2026-04-23 20:50:44,611 [ genlib ] [ INFO ] Checking atom 3HD1
2026-04-23 20:50:44,611 [ genlib ] [ INFO ] No partner found for atom 3HD1
2026-04-23 20:50:44,611 [ genlib ] [ INFO ] Searching order 5
2026-04-23 20:50:44,611 [ genlib ] [ INFO ] Searching order 6
2026-04-23 20:50:44,611 [ genlib ] [ INFO ] Searching order 7
2026-04-23 20:50:44,611 [ genlib ] [ INFO ] Searching branch 2
2026-04-23 20:50:44,611 [ genlib ] [ INFO ] Searching order 2
2026-04-23 20:50:44,611 [ genlib ] [ INFO ] Searching order 3
2026-04-23 20:50:44,611 [ genlib ] [ INFO ] Checking atom 1HG2
2026-04-23 20:50:44,611 [ genlib ] [ INFO ] No partner found for atom 1HG2
2026-04-23 20:50:44,611 [ genlib ] [ INFO ] Checking atom 2HG2
2026-04-23 20:50:44,611 [ genlib ] [ INFO ] No partner found for atom 2HG2
2026-04-23 20:50:44,611 [ genlib ] [ INFO ] Checking atom 3HG2
2026-04-23 20:50:44,611 [ genlib ] [ INFO ] No partner found for atom 3HG2
2026-04-23 20:50:44,611 [ genlib ] [ INFO ] Searching order 4
2026-04-23 20:50:44,611 [ genlib ] [ INFO ] Checking atom 2HD1
2026-04-23 20:50:44,612 [ genlib ] [ INFO ] No partner found for atom 2HD1
2026-04-23 20:50:44,612 [ genlib ] [ INFO ] Checking atom 3HD1
2026-04-23 20:50:44,612 [ genlib ] [ INFO ] No partner found for atom 3HD1
2026-04-23 20:50:44,612 [ genlib ] [ INFO ] Searching order 5
2026-04-23 20:50:44,612 [ genlib ] [ INFO ] Searching order 6
2026-04-23 20:50:44,612 [ genlib ] [ INFO ] Searching order 7
2026-04-23 20:50:44,612 [ genlib ] [ INFO ] Updating bond lists
2026-04-23 20:50:44,612 [ genlib ] [ INFO ] Updating dihedrals
2026-04-23 20:50:44,612 [ genlib ] [ INFO ] Updating impropers
2026-04-23 20:50:44,612 [ genlib ] [ INFO ] Building library files for ILE --> GLY mutant
2026-04-23 20:50:44,613 [ genlib ] [ INFO ] reading rtp file "aminoacids.rtp"
2026-04-23 20:50:44,639 [ genlib ] [ INFO ] ENTERED G
2026-04-23 20:50:44,639 [ genlib ] [ INFO ] Making atom pairs
2026-04-23 20:50:44,639 [ genlib ] [ INFO ] Updating bond lists
2026-04-23 20:50:44,639 [ genlib ] [ INFO ] Updating dihedrals
2026-04-23 20:50:44,639 [ genlib ] [ INFO ] Updating impropers
2026-04-23 20:50:44,639 [ genlib ] [ WARNING ] undefined
2026-04-23 20:50:44,640 [ genlib ] [ INFO ] Building library files for ILE --> HID mutant
2026-04-23 20:50:44,640 [ genlib ] [ INFO ] reading rtp file "aminoacids.rtp"
2026-04-23 20:50:44,667 [ genlib ] [ INFO ] ENTERED T,A,V,I
2026-04-23 20:50:44,667 [ genlib ] [ INFO ] Making atom pairs
2026-04-23 20:50:44,670 [ genlib ] [ INFO ] Updating bond lists
2026-04-23 20:50:44,670 [ genlib ] [ INFO ] Updating dihedrals
2026-04-23 20:50:44,670 [ genlib ] [ INFO ] Updating impropers
2026-04-23 20:50:44,671 [ genlib ] [ INFO ] Building library files for ILE --> HIE mutant
2026-04-23 20:50:44,671 [ genlib ] [ INFO ] reading rtp file "aminoacids.rtp"
2026-04-23 20:50:44,697 [ genlib ] [ INFO ] ENTERED T,A,V,I
2026-04-23 20:50:44,697 [ genlib ] [ INFO ] Making atom pairs
2026-04-23 20:50:44,701 [ genlib ] [ INFO ] Updating bond lists
2026-04-23 20:50:44,701 [ genlib ] [ INFO ] Updating dihedrals
2026-04-23 20:50:44,701 [ genlib ] [ INFO ] Updating impropers
2026-04-23 20:50:44,701 [ genlib ] [ INFO ] Building library files for ILE --> HIP mutant
2026-04-23 20:50:44,702 [ genlib ] [ INFO ] reading rtp file "aminoacids.rtp"
2026-04-23 20:50:44,728 [ genlib ] [ INFO ] ENTERED T,A,V,I
2026-04-23 20:50:44,728 [ genlib ] [ INFO ] Making atom pairs
2026-04-23 20:50:44,732 [ genlib ] [ INFO ] Updating bond lists
2026-04-23 20:50:44,732 [ genlib ] [ INFO ] Updating dihedrals
2026-04-23 20:50:44,732 [ genlib ] [ INFO ] Updating impropers
2026-04-23 20:50:44,732 [ genlib ] [ INFO ] Building library files for ILE --> LEU mutant
2026-04-23 20:50:44,733 [ genlib ] [ INFO ] reading rtp file "aminoacids.rtp"
2026-04-23 20:50:44,759 [ genlib ] [ INFO ] ENTERED SIMPLE
2026-04-23 20:50:44,759 [ genlib ] [ INFO ] Making atom pairs
2026-04-23 20:50:44,759 [ genlib ] [ INFO ] Searching branch 1
2026-04-23 20:50:44,759 [ genlib ] [ INFO ] Searching order 2
2026-04-23 20:50:44,759 [ genlib ] [ INFO ] Checking atom HB
2026-04-23 20:50:44,759 [ genlib ] [ INFO ] Define atom pair: ILE|HB|HC|H          - > LEU|1HB|HC|H         (d = 0.12 A)
2026-04-23 20:50:44,759 [ genlib ] [ INFO ] Checking atom CG1
2026-04-23 20:50:44,759 [ genlib ] [ INFO ] Define atom pair: ILE|CG1|CT|C.3       - > LEU|CG|CT|C.3        (d = 0.13 A)
2026-04-23 20:50:44,759 [ genlib ] [ INFO ] Checking atom CG2
2026-04-23 20:50:44,759 [ genlib ] [ INFO ] Define atom pair: ILE|CG2|CT|C.3       - > LEU|2HB|HC|H         (d = 0.46 A)
2026-04-23 20:50:44,759 [ genlib ] [ INFO ] Searching order 3
2026-04-23 20:50:44,759 [ genlib ] [ INFO ] Checking atom 1HG1
2026-04-23 20:50:44,759 [ genlib ] [ INFO ] Define atom pair: ILE|1HG1|HC|H        - > LEU|CD2|CT|C.3       (d = 0.40 A)
2026-04-23 20:50:44,759 [ genlib ] [ INFO ] Checking atom 2HG1
2026-04-23 20:50:44,759 [ genlib ] [ INFO ] Define atom pair: ILE|2HG1|HC|H        - > LEU|HG|HC|H          (d = 0.23 A)
2026-04-23 20:50:44,759 [ genlib ] [ INFO ] Checking atom 1HG2
2026-04-23 20:50:44,759 [ genlib ] [ INFO ] No partner found for atom 1HG2
2026-04-23 20:50:44,759 [ genlib ] [ INFO ] Checking atom 2HG2
2026-04-23 20:50:44,759 [ genlib ] [ INFO ] No partner found for atom 2HG2
2026-04-23 20:50:44,759 [ genlib ] [ INFO ] Checking atom 3HG2
2026-04-23 20:50:44,759 [ genlib ] [ INFO ] No partner found for atom 3HG2
2026-04-23 20:50:44,759 [ genlib ] [ INFO ] Checking atom CD1
2026-04-23 20:50:44,759 [ genlib ] [ INFO ] Define atom pair: ILE|CD1|CT|C.3       - > LEU|CD1|CT|C.3       (d = 0.19 A)
2026-04-23 20:50:44,759 [ genlib ] [ INFO ] Searching order 4
2026-04-23 20:50:44,759 [ genlib ] [ INFO ] Checking atom 1HD1
2026-04-23 20:50:44,759 [ genlib ] [ INFO ] Define atom pair: ILE|1HD1|HC|H        - > LEU|1HD1|HC|H        (d = 0.27 A)
2026-04-23 20:50:44,759 [ genlib ] [ INFO ] Checking atom 2HD1
2026-04-23 20:50:44,759 [ genlib ] [ INFO ] Define atom pair: ILE|2HD1|HC|H        - > LEU|2HD1|HC|H        (d = 0.24 A)
2026-04-23 20:50:44,759 [ genlib ] [ INFO ] Checking atom 3HD1
2026-04-23 20:50:44,759 [ genlib ] [ INFO ] Define atom pair: ILE|3HD1|HC|H        - > LEU|3HD1|HC|H        (d = 0.16 A)
2026-04-23 20:50:44,759 [ genlib ] [ INFO ] Searching order 5
2026-04-23 20:50:44,759 [ genlib ] [ INFO ] Searching order 6
2026-04-23 20:50:44,759 [ genlib ] [ INFO ] Searching order 7
2026-04-23 20:50:44,759 [ genlib ] [ INFO ] Searching branch 2
2026-04-23 20:50:44,759 [ genlib ] [ INFO ] Searching order 2
2026-04-23 20:50:44,759 [ genlib ] [ INFO ] Searching order 3
2026-04-23 20:50:44,760 [ genlib ] [ INFO ] Checking atom 1HG2
2026-04-23 20:50:44,760 [ genlib ] [ INFO ] No partner found for atom 1HG2
2026-04-23 20:50:44,760 [ genlib ] [ INFO ] Checking atom 2HG2
2026-04-23 20:50:44,760 [ genlib ] [ INFO ] No partner found for atom 2HG2
2026-04-23 20:50:44,760 [ genlib ] [ INFO ] Checking atom 3HG2
2026-04-23 20:50:44,760 [ genlib ] [ INFO ] No partner found for atom 3HG2
2026-04-23 20:50:44,760 [ genlib ] [ INFO ] Searching order 4
2026-04-23 20:50:44,760 [ genlib ] [ INFO ] Searching order 5
2026-04-23 20:50:44,760 [ genlib ] [ INFO ] Searching order 6
2026-04-23 20:50:44,760 [ genlib ] [ INFO ] Searching order 7
2026-04-23 20:50:44,761 [ genlib ] [ INFO ] Updating bond lists
2026-04-23 20:50:44,761 [ genlib ] [ INFO ] Updating dihedrals
2026-04-23 20:50:44,761 [ genlib ] [ INFO ] Updating impropers
2026-04-23 20:50:44,761 [ genlib ] [ INFO ] Building library files for ILE --> LYN mutant
2026-04-23 20:50:44,762 [ genlib ] [ INFO ] reading rtp file "aminoacids.rtp"
2026-04-23 20:50:44,789 [ genlib ] [ INFO ] ENTERED SIMPLE
2026-04-23 20:50:44,789 [ genlib ] [ INFO ] Making atom pairs
2026-04-23 20:50:44,789 [ genlib ] [ INFO ] Searching branch 1
2026-04-23 20:50:44,789 [ genlib ] [ INFO ] Searching order 2
2026-04-23 20:50:44,789 [ genlib ] [ INFO ] Checking atom HB
2026-04-23 20:50:44,789 [ genlib ] [ INFO ] Define atom pair: ILE|HB|HC|H          - > LYN|1HB|HC|H         (d = 0.12 A)
2026-04-23 20:50:44,789 [ genlib ] [ INFO ] Checking atom CG1
2026-04-23 20:50:44,789 [ genlib ] [ INFO ] Define atom pair: ILE|CG1|CT|C.3       - > LYN|CG|CT|C.3        (d = 0.18 A)
2026-04-23 20:50:44,789 [ genlib ] [ INFO ] Checking atom CG2
2026-04-23 20:50:44,789 [ genlib ] [ INFO ] No partner found for atom CG2
2026-04-23 20:50:44,789 [ genlib ] [ INFO ] Searching order 3
2026-04-23 20:50:44,789 [ genlib ] [ INFO ] Checking atom 1HG1
2026-04-23 20:50:44,789 [ genlib ] [ INFO ] Define atom pair: ILE|1HG1|HC|H        - > LYN|1HG|HC|H         (d = 0.17 A)
2026-04-23 20:50:44,789 [ genlib ] [ INFO ] Checking atom 2HG1
2026-04-23 20:50:44,789 [ genlib ] [ INFO ] Define atom pair: ILE|2HG1|HC|H        - > LYN|2HG|HC|H         (d = 0.25 A)
2026-04-23 20:50:44,789 [ genlib ] [ INFO ] Checking atom CD1
2026-04-23 20:50:44,789 [ genlib ] [ INFO ] Define atom pair: ILE|CD1|CT|C.3       - > LYN|CD|CT|C.3        (d = 0.24 A)
2026-04-23 20:50:44,789 [ genlib ] [ INFO ] Searching order 4
2026-04-23 20:50:44,789 [ genlib ] [ INFO ] Checking atom 1HD1
2026-04-23 20:50:44,789 [ genlib ] [ INFO ] Define atom pair: ILE|1HD1|HC|H        - > LYN|CE|CT|C.3        (d = 0.48 A)
2026-04-23 20:50:44,789 [ genlib ] [ INFO ] Checking atom 2HD1
2026-04-23 20:50:44,789 [ genlib ] [ INFO ] Define atom pair: ILE|2HD1|HC|H        - > LYN|1HD|HC|H         (d = 0.29 A)
2026-04-23 20:50:44,789 [ genlib ] [ INFO ] Checking atom 3HD1
2026-04-23 20:50:44,789 [ genlib ] [ INFO ] Define atom pair: ILE|3HD1|HC|H        - > LYN|2HD|HC|H         (d = 0.32 A)
2026-04-23 20:50:44,789 [ genlib ] [ INFO ] Searching order 5
2026-04-23 20:50:44,789 [ genlib ] [ INFO ] Searching order 6
2026-04-23 20:50:44,790 [ genlib ] [ INFO ] Searching order 7
2026-04-23 20:50:44,790 [ genlib ] [ INFO ] Searching branch 2
2026-04-23 20:50:44,790 [ genlib ] [ INFO ] Searching order 2
2026-04-23 20:50:44,790 [ genlib ] [ INFO ] Checking atom CG2
2026-04-23 20:50:44,790 [ genlib ] [ INFO ] No partner found for atom CG2
2026-04-23 20:50:44,790 [ genlib ] [ INFO ] Searching order 3
2026-04-23 20:50:44,790 [ genlib ] [ INFO ] Searching order 4
2026-04-23 20:50:44,790 [ genlib ] [ INFO ] Searching order 5
2026-04-23 20:50:44,790 [ genlib ] [ INFO ] Searching order 6
2026-04-23 20:50:44,790 [ genlib ] [ INFO ] Searching order 7
2026-04-23 20:50:44,792 [ genlib ] [ INFO ] Updating bond lists
2026-04-23 20:50:44,792 [ genlib ] [ INFO ] Updating dihedrals
2026-04-23 20:50:44,792 [ genlib ] [ INFO ] Updating impropers
2026-04-23 20:50:44,793 [ genlib ] [ INFO ] Building library files for ILE --> LYS mutant
2026-04-23 20:50:44,793 [ genlib ] [ INFO ] reading rtp file "aminoacids.rtp"
2026-04-23 20:50:44,823 [ genlib ] [ INFO ] ENTERED SIMPLE
2026-04-23 20:50:44,823 [ genlib ] [ INFO ] Making atom pairs
2026-04-23 20:50:44,823 [ genlib ] [ INFO ] Searching branch 1
2026-04-23 20:50:44,823 [ genlib ] [ INFO ] Searching order 2
2026-04-23 20:50:44,823 [ genlib ] [ INFO ] Checking atom HB
2026-04-23 20:50:44,823 [ genlib ] [ INFO ] Define atom pair: ILE|HB|HC|H          - > LYS|1HB|HC|H         (d = 0.15 A)
2026-04-23 20:50:44,823 [ genlib ] [ INFO ] Checking atom CG1
2026-04-23 20:50:44,823 [ genlib ] [ INFO ] Define atom pair: ILE|CG1|CT|C.3       - > LYS|CG|CT|C.3        (d = 0.18 A)
2026-04-23 20:50:44,823 [ genlib ] [ INFO ] Checking atom CG2
2026-04-23 20:50:44,823 [ genlib ] [ INFO ] Define atom pair: ILE|CG2|CT|C.3       - > LYS|2HB|HC|H         (d = 0.48 A)
2026-04-23 20:50:44,823 [ genlib ] [ INFO ] Searching order 3
2026-04-23 20:50:44,823 [ genlib ] [ INFO ] Checking atom 1HG1
2026-04-23 20:50:44,823 [ genlib ] [ INFO ] Define atom pair: ILE|1HG1|HC|H        - > LYS|1HG|HC|H         (d = 0.12 A)
2026-04-23 20:50:44,823 [ genlib ] [ INFO ] Checking atom 2HG1
2026-04-23 20:50:44,823 [ genlib ] [ INFO ] Define atom pair: ILE|2HG1|HC|H        - > LYS|2HG|HC|H         (d = 0.30 A)
2026-04-23 20:50:44,823 [ genlib ] [ INFO ] Checking atom 1HG2
2026-04-23 20:50:44,823 [ genlib ] [ INFO ] No partner found for atom 1HG2
2026-04-23 20:50:44,823 [ genlib ] [ INFO ] Checking atom 2HG2
2026-04-23 20:50:44,823 [ genlib ] [ INFO ] No partner found for atom 2HG2
2026-04-23 20:50:44,823 [ genlib ] [ INFO ] Checking atom 3HG2
2026-04-23 20:50:44,823 [ genlib ] [ INFO ] No partner found for atom 3HG2
2026-04-23 20:50:44,823 [ genlib ] [ INFO ] Checking atom CD1
2026-04-23 20:50:44,823 [ genlib ] [ INFO ] Define atom pair: ILE|CD1|CT|C.3       - > LYS|CD|CT|C.3        (d = 0.25 A)
2026-04-23 20:50:44,823 [ genlib ] [ INFO ] Searching order 4
2026-04-23 20:50:44,823 [ genlib ] [ INFO ] Checking atom 1HD1
2026-04-23 20:50:44,823 [ genlib ] [ INFO ] Define atom pair: ILE|1HD1|HC|H        - > LYS|CE|CT|C.3        (d = 0.51 A)
2026-04-23 20:50:44,823 [ genlib ] [ INFO ] Checking atom 2HD1
2026-04-23 20:50:44,823 [ genlib ] [ INFO ] Define atom pair: ILE|2HD1|HC|H        - > LYS|1HD|HC|H         (d = 0.31 A)
2026-04-23 20:50:44,823 [ genlib ] [ INFO ] Checking atom 3HD1
2026-04-23 20:50:44,823 [ genlib ] [ INFO ] Define atom pair: ILE|3HD1|HC|H        - > LYS|2HD|HC|H         (d = 0.25 A)
2026-04-23 20:50:44,823 [ genlib ] [ INFO ] Searching order 5
2026-04-23 20:50:44,823 [ genlib ] [ INFO ] Searching order 6
2026-04-23 20:50:44,823 [ genlib ] [ INFO ] Searching order 7
2026-04-23 20:50:44,823 [ genlib ] [ INFO ] Searching branch 2
2026-04-23 20:50:44,823 [ genlib ] [ INFO ] Searching order 2
2026-04-23 20:50:44,823 [ genlib ] [ INFO ] Searching order 3
2026-04-23 20:50:44,823 [ genlib ] [ INFO ] Checking atom 1HG2
2026-04-23 20:50:44,823 [ genlib ] [ INFO ] No partner found for atom 1HG2
2026-04-23 20:50:44,823 [ genlib ] [ INFO ] Checking atom 2HG2
2026-04-23 20:50:44,823 [ genlib ] [ INFO ] No partner found for atom 2HG2
2026-04-23 20:50:44,823 [ genlib ] [ INFO ] Checking atom 3HG2
2026-04-23 20:50:44,823 [ genlib ] [ INFO ] No partner found for atom 3HG2
2026-04-23 20:50:44,823 [ genlib ] [ INFO ] Searching order 4
2026-04-23 20:50:44,823 [ genlib ] [ INFO ] Searching order 5
2026-04-23 20:50:44,823 [ genlib ] [ INFO ] Searching order 6
2026-04-23 20:50:44,823 [ genlib ] [ INFO ] Searching order 7
2026-04-23 20:50:44,826 [ genlib ] [ INFO ] Updating bond lists
2026-04-23 20:50:44,826 [ genlib ] [ INFO ] Updating dihedrals
2026-04-23 20:50:44,826 [ genlib ] [ INFO ] Updating impropers
2026-04-23 20:50:44,827 [ genlib ] [ INFO ] Building library files for ILE --> MET mutant
2026-04-23 20:50:44,828 [ genlib ] [ INFO ] reading rtp file "aminoacids.rtp"
2026-04-23 20:50:44,857 [ genlib ] [ INFO ] ENTERED SIMPLE
2026-04-23 20:50:44,857 [ genlib ] [ INFO ] Making atom pairs
2026-04-23 20:50:44,857 [ genlib ] [ INFO ] Searching branch 1
2026-04-23 20:50:44,857 [ genlib ] [ INFO ] Searching order 2
2026-04-23 20:50:44,857 [ genlib ] [ INFO ] Checking atom HB
2026-04-23 20:50:44,857 [ genlib ] [ INFO ] Define atom pair: ILE|HB|HC|H          - > MET|1HB|HC|H         (d = 0.14 A)
2026-04-23 20:50:44,857 [ genlib ] [ INFO ] Checking atom CG1
2026-04-23 20:50:44,857 [ genlib ] [ INFO ] Define atom pair: ILE|CG1|CT|C.3       - > MET|CG|CT|C.3        (d = 0.08 A)
2026-04-23 20:50:44,857 [ genlib ] [ INFO ] Checking atom CG2
2026-04-23 20:50:44,857 [ genlib ] [ INFO ] Define atom pair: ILE|CG2|CT|C.3       - > MET|2HB|HC|H         (d = 0.46 A)
2026-04-23 20:50:44,857 [ genlib ] [ INFO ] Searching order 3
2026-04-23 20:50:44,857 [ genlib ] [ INFO ] Checking atom 1HG1
2026-04-23 20:50:44,857 [ genlib ] [ INFO ] Define atom pair: ILE|1HG1|HC|H        - > MET|1HG|H1|H         (d = 0.06 A)
2026-04-23 20:50:44,857 [ genlib ] [ INFO ] Checking atom 2HG1
2026-04-23 20:50:44,857 [ genlib ] [ INFO ] Define atom pair: ILE|2HG1|HC|H        - > MET|2HG|H1|H         (d = 0.14 A)
2026-04-23 20:50:44,857 [ genlib ] [ INFO ] Checking atom 1HG2
2026-04-23 20:50:44,857 [ genlib ] [ INFO ] No partner found for atom 1HG2
2026-04-23 20:50:44,857 [ genlib ] [ INFO ] Checking atom 2HG2
2026-04-23 20:50:44,857 [ genlib ] [ INFO ] No partner found for atom 2HG2
2026-04-23 20:50:44,857 [ genlib ] [ INFO ] Checking atom 3HG2
2026-04-23 20:50:44,857 [ genlib ] [ INFO ] No partner found for atom 3HG2
2026-04-23 20:50:44,857 [ genlib ] [ INFO ] Checking atom CD1
2026-04-23 20:50:44,857 [ genlib ] [ INFO ] Define atom pair: ILE|CD1|CT|C.3       - > MET|SD|S|S.3         (d = 0.21 A)
2026-04-23 20:50:44,857 [ genlib ] [ INFO ] Searching order 4
2026-04-23 20:50:44,857 [ genlib ] [ INFO ] Checking atom 1HD1
2026-04-23 20:50:44,857 [ genlib ] [ INFO ] No partner found for atom 1HD1
2026-04-23 20:50:44,857 [ genlib ] [ INFO ] Checking atom 2HD1
2026-04-23 20:50:44,857 [ genlib ] [ INFO ] No partner found for atom 2HD1
2026-04-23 20:50:44,857 [ genlib ] [ INFO ] Checking atom 3HD1
2026-04-23 20:50:44,857 [ genlib ] [ INFO ] No partner found for atom 3HD1
2026-04-23 20:50:44,857 [ genlib ] [ INFO ] Searching order 5
2026-04-23 20:50:44,857 [ genlib ] [ INFO ] Searching order 6
2026-04-23 20:50:44,857 [ genlib ] [ INFO ] Searching order 7
2026-04-23 20:50:44,857 [ genlib ] [ INFO ] Searching branch 2
2026-04-23 20:50:44,857 [ genlib ] [ INFO ] Searching order 2
2026-04-23 20:50:44,857 [ genlib ] [ INFO ] Searching order 3
2026-04-23 20:50:44,857 [ genlib ] [ INFO ] Checking atom 1HG2
2026-04-23 20:50:44,858 [ genlib ] [ INFO ] No partner found for atom 1HG2
2026-04-23 20:50:44,858 [ genlib ] [ INFO ] Checking atom 2HG2
2026-04-23 20:50:44,858 [ genlib ] [ INFO ] No partner found for atom 2HG2
2026-04-23 20:50:44,858 [ genlib ] [ INFO ] Checking atom 3HG2
2026-04-23 20:50:44,858 [ genlib ] [ INFO ] No partner found for atom 3HG2
2026-04-23 20:50:44,858 [ genlib ] [ INFO ] Searching order 4
2026-04-23 20:50:44,858 [ genlib ] [ INFO ] Checking atom 1HD1
2026-04-23 20:50:44,858 [ genlib ] [ INFO ] No partner found for atom 1HD1
2026-04-23 20:50:44,858 [ genlib ] [ INFO ] Checking atom 2HD1
2026-04-23 20:50:44,858 [ genlib ] [ INFO ] No partner found for atom 2HD1
2026-04-23 20:50:44,858 [ genlib ] [ INFO ] Checking atom 3HD1
2026-04-23 20:50:44,858 [ genlib ] [ INFO ] No partner found for atom 3HD1
2026-04-23 20:50:44,858 [ genlib ] [ INFO ] Searching order 5
2026-04-23 20:50:44,858 [ genlib ] [ INFO ] Searching order 6
2026-04-23 20:50:44,858 [ genlib ] [ INFO ] Searching order 7
2026-04-23 20:50:44,859 [ genlib ] [ INFO ] Updating bond lists
2026-04-23 20:50:44,859 [ genlib ] [ INFO ] Updating dihedrals
2026-04-23 20:50:44,859 [ genlib ] [ INFO ] Updating impropers
2026-04-23 20:50:44,860 [ genlib ] [ INFO ] Building library files for ILE --> PHE mutant
2026-04-23 20:50:44,860 [ genlib ] [ INFO ] reading rtp file "aminoacids.rtp"
2026-04-23 20:50:44,887 [ genlib ] [ INFO ] ENTERED T,A,V,I
2026-04-23 20:50:44,887 [ genlib ] [ INFO ] Making atom pairs
2026-04-23 20:50:44,892 [ genlib ] [ INFO ] Updating bond lists
2026-04-23 20:50:44,892 [ genlib ] [ INFO ] Updating dihedrals
2026-04-23 20:50:44,892 [ genlib ] [ INFO ] Updating impropers
2026-04-23 20:50:44,893 [ genlib ] [ INFO ] Building library files for ILE --> PRO mutant
2026-04-23 20:50:44,893 [ genlib ] [ INFO ] reading rtp file "aminoacids.rtp"
2026-04-23 20:50:44,919 [ genlib ] [ INFO ] ENTERED P
2026-04-23 20:50:44,919 [ genlib ] [ INFO ] Making atom pairs
2026-04-23 20:50:44,922 [ genlib ] [ INFO ] Updating bond lists
2026-04-23 20:50:44,923 [ genlib ] [ INFO ] Updating dihedrals
2026-04-23 20:50:44,923 [ genlib ] [ INFO ] Updating impropers
2026-04-23 20:50:44,923 [ genlib ] [ WARNING ] undefined
2026-04-23 20:50:44,923 [ genlib ] [ INFO ] Building library files for ILE --> SER mutant
2026-04-23 20:50:44,924 [ genlib ] [ INFO ] reading rtp file "aminoacids.rtp"
2026-04-23 20:50:44,950 [ genlib ] [ INFO ] ENTERED SIMPLE
2026-04-23 20:50:44,952 [ genlib ] [ INFO ] Making atom pairs
2026-04-23 20:50:44,952 [ genlib ] [ INFO ] Searching branch 1
2026-04-23 20:50:44,952 [ genlib ] [ INFO ] Searching order 2
2026-04-23 20:50:44,952 [ genlib ] [ INFO ] Checking atom HB
2026-04-23 20:50:44,952 [ genlib ] [ INFO ] Define atom pair: ILE|HB|HC|H          - > SER|1HB|H1|H         (d = 0.02 A)
2026-04-23 20:50:44,952 [ genlib ] [ INFO ] Checking atom CG1
2026-04-23 20:50:44,952 [ genlib ] [ INFO ] Define atom pair: ILE|CG1|CT|C.3       - > SER|OG|OH|O.3        (d = 0.14 A)
2026-04-23 20:50:44,952 [ genlib ] [ INFO ] Checking atom CG2
2026-04-23 20:50:44,952 [ genlib ] [ INFO ] Define atom pair: ILE|CG2|CT|C.3       - > SER|2HB|H1|H         (d = 0.51 A)
2026-04-23 20:50:44,952 [ genlib ] [ INFO ] Searching order 3
2026-04-23 20:50:44,953 [ genlib ] [ INFO ] Checking atom 1HG1
2026-04-23 20:50:44,953 [ genlib ] [ INFO ] No partner found for atom 1HG1
2026-04-23 20:50:44,953 [ genlib ] [ INFO ] Checking atom 2HG1
2026-04-23 20:50:44,953 [ genlib ] [ INFO ] No partner found for atom 2HG1
2026-04-23 20:50:44,953 [ genlib ] [ INFO ] Checking atom 1HG2
2026-04-23 20:50:44,953 [ genlib ] [ INFO ] No partner found for atom 1HG2
2026-04-23 20:50:44,953 [ genlib ] [ INFO ] Checking atom 2HG2
2026-04-23 20:50:44,953 [ genlib ] [ INFO ] No partner found for atom 2HG2
2026-04-23 20:50:44,953 [ genlib ] [ INFO ] Checking atom 3HG2
2026-04-23 20:50:44,953 [ genlib ] [ INFO ] No partner found for atom 3HG2
2026-04-23 20:50:44,953 [ genlib ] [ INFO ] Checking atom CD1
2026-04-23 20:50:44,953 [ genlib ] [ INFO ] No partner found for atom CD1
2026-04-23 20:50:44,953 [ genlib ] [ INFO ] Searching order 4
2026-04-23 20:50:44,953 [ genlib ] [ INFO ] Searching order 5
2026-04-23 20:50:44,953 [ genlib ] [ INFO ] Searching order 6
2026-04-23 20:50:44,953 [ genlib ] [ INFO ] Searching order 7
2026-04-23 20:50:44,953 [ genlib ] [ INFO ] Searching branch 2
2026-04-23 20:50:44,953 [ genlib ] [ INFO ] Searching order 2
2026-04-23 20:50:44,953 [ genlib ] [ INFO ] Searching order 3
2026-04-23 20:50:44,953 [ genlib ] [ INFO ] Checking atom 1HG1
2026-04-23 20:50:44,953 [ genlib ] [ INFO ] No partner found for atom 1HG1
2026-04-23 20:50:44,953 [ genlib ] [ INFO ] Checking atom 2HG1
2026-04-23 20:50:44,953 [ genlib ] [ INFO ] No partner found for atom 2HG1
2026-04-23 20:50:44,953 [ genlib ] [ INFO ] Checking atom 1HG2
2026-04-23 20:50:44,953 [ genlib ] [ INFO ] No partner found for atom 1HG2
2026-04-23 20:50:44,953 [ genlib ] [ INFO ] Checking atom 2HG2
2026-04-23 20:50:44,953 [ genlib ] [ INFO ] No partner found for atom 2HG2
2026-04-23 20:50:44,953 [ genlib ] [ INFO ] Checking atom 3HG2
2026-04-23 20:50:44,953 [ genlib ] [ INFO ] No partner found for atom 3HG2
2026-04-23 20:50:44,953 [ genlib ] [ INFO ] Checking atom CD1
2026-04-23 20:50:44,953 [ genlib ] [ INFO ] No partner found for atom CD1
2026-04-23 20:50:44,953 [ genlib ] [ INFO ] Searching order 4
2026-04-23 20:50:44,953 [ genlib ] [ INFO ] Searching order 5
2026-04-23 20:50:44,953 [ genlib ] [ INFO ] Searching order 6
2026-04-23 20:50:44,953 [ genlib ] [ INFO ] Searching order 7
2026-04-23 20:50:44,954 [ genlib ] [ INFO ] Updating bond lists
2026-04-23 20:50:44,954 [ genlib ] [ INFO ] Updating dihedrals
2026-04-23 20:50:44,954 [ genlib ] [ INFO ] Updating impropers
2026-04-23 20:50:44,954 [ genlib ] [ INFO ] Building library files for ILE --> THR mutant
2026-04-23 20:50:44,955 [ genlib ] [ INFO ] reading rtp file "aminoacids.rtp"
2026-04-23 20:50:44,982 [ genlib ] [ INFO ] ENTERED SIMPLE
2026-04-23 20:50:44,982 [ genlib ] [ INFO ] Making atom pairs
2026-04-23 20:50:44,983 [ genlib ] [ INFO ] Searching branch 1
2026-04-23 20:50:44,983 [ genlib ] [ INFO ] Searching order 2
2026-04-23 20:50:44,983 [ genlib ] [ INFO ] Checking atom HB
2026-04-23 20:50:44,983 [ genlib ] [ INFO ] Define atom pair: ILE|HB|HC|H          - > THR|HB|H1|H          (d = 0.05 A)
2026-04-23 20:50:44,983 [ genlib ] [ INFO ] Checking atom CG1
2026-04-23 20:50:44,983 [ genlib ] [ INFO ] Define atom pair: ILE|CG1|CT|C.3       - > THR|OG1|OH|O.3       (d = 0.20 A)
2026-04-23 20:50:44,983 [ genlib ] [ INFO ] Checking atom CG2
2026-04-23 20:50:44,983 [ genlib ] [ INFO ] Define atom pair: ILE|CG2|CT|C.3       - > THR|CG2|CT|C.3       (d = 0.16 A)
2026-04-23 20:50:44,983 [ genlib ] [ INFO ] Searching order 3
2026-04-23 20:50:44,983 [ genlib ] [ INFO ] Checking atom 1HG1
2026-04-23 20:50:44,983 [ genlib ] [ INFO ] No partner found for atom 1HG1
2026-04-23 20:50:44,983 [ genlib ] [ INFO ] Checking atom 2HG1
2026-04-23 20:50:44,983 [ genlib ] [ INFO ] No partner found for atom 2HG1
2026-04-23 20:50:44,983 [ genlib ] [ INFO ] Checking atom 1HG2
2026-04-23 20:50:44,983 [ genlib ] [ INFO ] Define atom pair: ILE|1HG2|HC|H        - > THR|1HG2|HC|H        (d = 0.23 A)
2026-04-23 20:50:44,983 [ genlib ] [ INFO ] Checking atom 2HG2
2026-04-23 20:50:44,983 [ genlib ] [ INFO ] Define atom pair: ILE|2HG2|HC|H        - > THR|2HG2|HC|H        (d = 0.20 A)
2026-04-23 20:50:44,983 [ genlib ] [ INFO ] Checking atom 3HG2
2026-04-23 20:50:44,983 [ genlib ] [ INFO ] Define atom pair: ILE|3HG2|HC|H        - > THR|3HG2|HC|H        (d = 0.27 A)
2026-04-23 20:50:44,983 [ genlib ] [ INFO ] Checking atom CD1
2026-04-23 20:50:44,983 [ genlib ] [ INFO ] No partner found for atom CD1
2026-04-23 20:50:44,983 [ genlib ] [ INFO ] Searching order 4
2026-04-23 20:50:44,983 [ genlib ] [ INFO ] Searching order 5
2026-04-23 20:50:44,983 [ genlib ] [ INFO ] Searching order 6
2026-04-23 20:50:44,983 [ genlib ] [ INFO ] Searching order 7
2026-04-23 20:50:44,983 [ genlib ] [ INFO ] Searching branch 2
2026-04-23 20:50:44,983 [ genlib ] [ INFO ] Searching order 2
2026-04-23 20:50:44,983 [ genlib ] [ INFO ] Searching order 3
2026-04-23 20:50:44,983 [ genlib ] [ INFO ] Checking atom 1HG1
2026-04-23 20:50:44,983 [ genlib ] [ INFO ] No partner found for atom 1HG1
2026-04-23 20:50:44,983 [ genlib ] [ INFO ] Checking atom 2HG1
2026-04-23 20:50:44,983 [ genlib ] [ INFO ] No partner found for atom 2HG1
2026-04-23 20:50:44,983 [ genlib ] [ INFO ] Checking atom CD1
2026-04-23 20:50:44,983 [ genlib ] [ INFO ] No partner found for atom CD1
2026-04-23 20:50:44,983 [ genlib ] [ INFO ] Searching order 4
2026-04-23 20:50:44,983 [ genlib ] [ INFO ] Searching order 5
2026-04-23 20:50:44,983 [ genlib ] [ INFO ] Searching order 6
2026-04-23 20:50:44,983 [ genlib ] [ INFO ] Searching order 7
2026-04-23 20:50:44,984 [ genlib ] [ INFO ] Updating bond lists
2026-04-23 20:50:44,984 [ genlib ] [ INFO ] Updating dihedrals
2026-04-23 20:50:44,984 [ genlib ] [ INFO ] Updating impropers
2026-04-23 20:50:44,984 [ genlib ] [ INFO ] Building library files for ILE --> TRP mutant
2026-04-23 20:50:44,985 [ genlib ] [ INFO ] reading rtp file "aminoacids.rtp"
2026-04-23 20:50:45,020 [ genlib ] [ INFO ] ENTERED T,A,V,I
2026-04-23 20:50:45,020 [ genlib ] [ INFO ] Making atom pairs
2026-04-23 20:50:45,029 [ genlib ] [ INFO ] Updating bond lists
2026-04-23 20:50:45,029 [ genlib ] [ INFO ] Updating dihedrals
2026-04-23 20:50:45,029 [ genlib ] [ INFO ] Updating impropers
2026-04-23 20:50:45,030 [ genlib ] [ INFO ] Building library files for ILE --> TYR mutant
2026-04-23 20:50:45,031 [ genlib ] [ INFO ] reading rtp file "aminoacids.rtp"
2026-04-23 20:50:45,058 [ genlib ] [ INFO ] ENTERED T,A,V,I
2026-04-23 20:50:45,058 [ genlib ] [ INFO ] Making atom pairs
2026-04-23 20:50:45,064 [ genlib ] [ INFO ] Updating bond lists
2026-04-23 20:50:45,064 [ genlib ] [ INFO ] Updating dihedrals
2026-04-23 20:50:45,064 [ genlib ] [ INFO ] Updating impropers
2026-04-23 20:50:45,065 [ genlib ] [ INFO ] Building library files for ILE --> VAL mutant
2026-04-23 20:50:45,066 [ genlib ] [ INFO ] reading rtp file "aminoacids.rtp"
2026-04-23 20:50:45,093 [ genlib ] [ INFO ] ENTERED SIMPLE
2026-04-23 20:50:45,093 [ genlib ] [ INFO ] Making atom pairs
2026-04-23 20:50:45,093 [ genlib ] [ INFO ] Searching branch 1
2026-04-23 20:50:45,093 [ genlib ] [ INFO ] Searching order 2
2026-04-23 20:50:45,093 [ genlib ] [ INFO ] Checking atom HB
2026-04-23 20:50:45,093 [ genlib ] [ INFO ] Define atom pair: ILE|HB|HC|H          - > VAL|HB|HC|H          (d = 0.09 A)
2026-04-23 20:50:45,093 [ genlib ] [ INFO ] Checking atom CG1
2026-04-23 20:50:45,094 [ genlib ] [ INFO ] Define atom pair: ILE|CG1|CT|C.3       - > VAL|CG2|CT|C.3       (d = 0.12 A)
2026-04-23 20:50:45,094 [ genlib ] [ INFO ] Checking atom CG2
2026-04-23 20:50:45,094 [ genlib ] [ INFO ] Define atom pair: ILE|CG2|CT|C.3       - > VAL|CG1|CT|C.3       (d = 0.18 A)
2026-04-23 20:50:45,094 [ genlib ] [ INFO ] Searching order 3
2026-04-23 20:50:45,094 [ genlib ] [ INFO ] Checking atom 1HG1
2026-04-23 20:50:45,094 [ genlib ] [ INFO ] Define atom pair: ILE|1HG1|HC|H        - > VAL|2HG2|HC|H        (d = 0.20 A)
2026-04-23 20:50:45,094 [ genlib ] [ INFO ] Checking atom 2HG1
2026-04-23 20:50:45,094 [ genlib ] [ INFO ] Define atom pair: ILE|2HG1|HC|H        - > VAL|3HG2|HC|H        (d = 0.20 A)
2026-04-23 20:50:45,094 [ genlib ] [ INFO ] Checking atom 1HG2
2026-04-23 20:50:45,094 [ genlib ] [ INFO ] Define atom pair: ILE|1HG2|HC|H        - > VAL|1HG1|HC|H        (d = 0.29 A)
2026-04-23 20:50:45,094 [ genlib ] [ INFO ] Checking atom 2HG2
2026-04-23 20:50:45,094 [ genlib ] [ INFO ] Define atom pair: ILE|2HG2|HC|H        - > VAL|2HG1|HC|H        (d = 0.18 A)
2026-04-23 20:50:45,094 [ genlib ] [ INFO ] Checking atom 3HG2
2026-04-23 20:50:45,094 [ genlib ] [ INFO ] Define atom pair: ILE|3HG2|HC|H        - > VAL|3HG1|HC|H        (d = 0.23 A)
2026-04-23 20:50:45,094 [ genlib ] [ INFO ] Checking atom CD1
2026-04-23 20:50:45,094 [ genlib ] [ INFO ] Define atom pair: ILE|CD1|CT|C.3       - > VAL|1HG2|HC|H        (d = 0.49 A)
2026-04-23 20:50:45,094 [ genlib ] [ INFO ] Searching order 4
2026-04-23 20:50:45,094 [ genlib ] [ INFO ] Checking atom 1HD1
2026-04-23 20:50:45,094 [ genlib ] [ INFO ] No partner found for atom 1HD1
2026-04-23 20:50:45,094 [ genlib ] [ INFO ] Checking atom 2HD1
2026-04-23 20:50:45,094 [ genlib ] [ INFO ] No partner found for atom 2HD1
2026-04-23 20:50:45,094 [ genlib ] [ INFO ] Checking atom 3HD1
2026-04-23 20:50:45,094 [ genlib ] [ INFO ] No partner found for atom 3HD1
2026-04-23 20:50:45,094 [ genlib ] [ INFO ] Searching order 5
2026-04-23 20:50:45,094 [ genlib ] [ INFO ] Searching order 6
2026-04-23 20:50:45,094 [ genlib ] [ INFO ] Searching order 7
2026-04-23 20:50:45,094 [ genlib ] [ INFO ] Searching branch 2
2026-04-23 20:50:45,094 [ genlib ] [ INFO ] Searching order 2
2026-04-23 20:50:45,094 [ genlib ] [ INFO ] Searching order 3
2026-04-23 20:50:45,094 [ genlib ] [ INFO ] Searching order 4
2026-04-23 20:50:45,095 [ genlib ] [ INFO ] Checking atom 1HD1
2026-04-23 20:50:45,095 [ genlib ] [ INFO ] No partner found for atom 1HD1
2026-04-23 20:50:45,095 [ genlib ] [ INFO ] Checking atom 2HD1
2026-04-23 20:50:45,095 [ genlib ] [ INFO ] No partner found for atom 2HD1
2026-04-23 20:50:45,095 [ genlib ] [ INFO ] Checking atom 3HD1
2026-04-23 20:50:45,095 [ genlib ] [ INFO ] No partner found for atom 3HD1
2026-04-23 20:50:45,095 [ genlib ] [ INFO ] Searching order 5
2026-04-23 20:50:45,095 [ genlib ] [ INFO ] Searching order 6
2026-04-23 20:50:45,095 [ genlib ] [ INFO ] Searching order 7
2026-04-23 20:50:45,095 [ genlib ] [ INFO ] Updating bond lists
2026-04-23 20:50:45,095 [ genlib ] [ INFO ] Updating dihedrals
2026-04-23 20:50:45,095 [ genlib ] [ INFO ] Updating impropers
2026-04-23 20:50:45,096 [ genlib ] [ INFO ] Building library files for LEU --> ALA mutant
2026-04-23 20:50:45,097 [ genlib ] [ INFO ] reading rtp file "aminoacids.rtp"
2026-04-23 20:50:45,132 [ genlib ] [ INFO ] ENTERED SIMPLE
2026-04-23 20:50:45,133 [ genlib ] [ INFO ] Making atom pairs
2026-04-23 20:50:45,133 [ genlib ] [ INFO ] Searching branch 1
2026-04-23 20:50:45,133 [ genlib ] [ INFO ] Searching order 2
2026-04-23 20:50:45,133 [ genlib ] [ INFO ] Checking atom 1HB
2026-04-23 20:50:45,134 [ genlib ] [ INFO ] Define atom pair: LEU|1HB|HC|H         - > ALA|2HB|HC|H         (d = 0.06 A)
2026-04-23 20:50:45,134 [ genlib ] [ INFO ] Checking atom 2HB
2026-04-23 20:50:45,134 [ genlib ] [ INFO ] Define atom pair: LEU|2HB|HC|H         - > ALA|3HB|HC|H         (d = 0.06 A)
2026-04-23 20:50:45,134 [ genlib ] [ INFO ] Checking atom CG
2026-04-23 20:50:45,134 [ genlib ] [ INFO ] Define atom pair: LEU|CG|CT|C.3        - > ALA|1HB|HC|H         (d = 0.50 A)
2026-04-23 20:50:45,134 [ genlib ] [ INFO ] Searching order 3
2026-04-23 20:50:45,134 [ genlib ] [ INFO ] Checking atom HG
2026-04-23 20:50:45,134 [ genlib ] [ INFO ] No partner found for atom HG
2026-04-23 20:50:45,134 [ genlib ] [ INFO ] Checking atom CD1
2026-04-23 20:50:45,134 [ genlib ] [ INFO ] No partner found for atom CD1
2026-04-23 20:50:45,134 [ genlib ] [ INFO ] Checking atom CD2
2026-04-23 20:50:45,134 [ genlib ] [ INFO ] No partner found for atom CD2
2026-04-23 20:50:45,134 [ genlib ] [ INFO ] Searching order 4
2026-04-23 20:50:45,134 [ genlib ] [ INFO ] Searching order 5
2026-04-23 20:50:45,134 [ genlib ] [ INFO ] Searching order 6
2026-04-23 20:50:45,134 [ genlib ] [ INFO ] Searching order 7
2026-04-23 20:50:45,134 [ genlib ] [ INFO ] Searching branch 2
2026-04-23 20:50:45,134 [ genlib ] [ INFO ] Searching order 2
2026-04-23 20:50:45,134 [ genlib ] [ INFO ] Searching order 3
2026-04-23 20:50:45,134 [ genlib ] [ INFO ] Checking atom HG
2026-04-23 20:50:45,134 [ genlib ] [ INFO ] No partner found for atom HG
2026-04-23 20:50:45,134 [ genlib ] [ INFO ] Checking atom CD1
2026-04-23 20:50:45,134 [ genlib ] [ INFO ] No partner found for atom CD1
2026-04-23 20:50:45,134 [ genlib ] [ INFO ] Checking atom CD2
2026-04-23 20:50:45,134 [ genlib ] [ INFO ] No partner found for atom CD2
2026-04-23 20:50:45,134 [ genlib ] [ INFO ] Searching order 4
2026-04-23 20:50:45,134 [ genlib ] [ INFO ] Searching order 5
2026-04-23 20:50:45,134 [ genlib ] [ INFO ] Searching order 6
2026-04-23 20:50:45,134 [ genlib ] [ INFO ] Searching order 7
2026-04-23 20:50:45,134 [ genlib ] [ INFO ] Updating bond lists
2026-04-23 20:50:45,134 [ genlib ] [ INFO ] Updating dihedrals
2026-04-23 20:50:45,134 [ genlib ] [ INFO ] Updating impropers
2026-04-23 20:50:45,135 [ genlib ] [ INFO ] Building library files for LEU --> ARG mutant
2026-04-23 20:50:45,136 [ genlib ] [ INFO ] reading rtp file "aminoacids.rtp"
2026-04-23 20:50:45,168 [ genlib ] [ INFO ] ENTERED SIMPLE
2026-04-23 20:50:45,168 [ genlib ] [ INFO ] Making atom pairs
2026-04-23 20:50:45,168 [ genlib ] [ INFO ] Searching branch 1
2026-04-23 20:50:45,168 [ genlib ] [ INFO ] Searching order 2
2026-04-23 20:50:45,168 [ genlib ] [ INFO ] Checking atom 1HB
2026-04-23 20:50:45,168 [ genlib ] [ INFO ] Define atom pair: LEU|1HB|HC|H         - > ARG|1HB|HC|H         (d = 0.08 A)
2026-04-23 20:50:45,168 [ genlib ] [ INFO ] Checking atom 2HB
2026-04-23 20:50:45,168 [ genlib ] [ INFO ] Define atom pair: LEU|2HB|HC|H         - > ARG|2HB|HC|H         (d = 0.09 A)
2026-04-23 20:50:45,168 [ genlib ] [ INFO ] Checking atom CG
2026-04-23 20:50:45,168 [ genlib ] [ INFO ] Define atom pair: LEU|CG|CT|C.3        - > ARG|CG|CT|C.3        (d = 0.09 A)
2026-04-23 20:50:45,168 [ genlib ] [ INFO ] Searching order 3
2026-04-23 20:50:45,168 [ genlib ] [ INFO ] Checking atom HG
2026-04-23 20:50:45,168 [ genlib ] [ INFO ] Define atom pair: LEU|HG|HC|H          - > ARG|2HG|HC|H         (d = 0.22 A)
2026-04-23 20:50:45,168 [ genlib ] [ INFO ] Checking atom CD1
2026-04-23 20:50:45,168 [ genlib ] [ INFO ] Define atom pair: LEU|CD1|CT|C.3       - > ARG|CD|CT|C.3        (d = 0.13 A)
2026-04-23 20:50:45,168 [ genlib ] [ INFO ] Checking atom CD2
2026-04-23 20:50:45,168 [ genlib ] [ INFO ] Define atom pair: LEU|CD2|CT|C.3       - > ARG|1HG|HC|H         (d = 0.44 A)
2026-04-23 20:50:45,168 [ genlib ] [ INFO ] Searching order 4
2026-04-23 20:50:45,168 [ genlib ] [ INFO ] Checking atom 1HD1
2026-04-23 20:50:45,168 [ genlib ] [ INFO ] Define atom pair: LEU|1HD1|HC|H        - > ARG|NE|N2|N.pl3      (d = 0.45 A)
2026-04-23 20:50:45,168 [ genlib ] [ INFO ] Checking atom 2HD1
2026-04-23 20:50:45,168 [ genlib ] [ INFO ] Define atom pair: LEU|2HD1|HC|H        - > ARG|1HD|H1|H         (d = 0.17 A)
2026-04-23 20:50:45,168 [ genlib ] [ INFO ] Checking atom 3HD1
2026-04-23 20:50:45,168 [ genlib ] [ INFO ] Define atom pair: LEU|3HD1|HC|H        - > ARG|2HD|H1|H         (d = 0.11 A)
2026-04-23 20:50:45,168 [ genlib ] [ INFO ] Checking atom 1HD2
2026-04-23 20:50:45,168 [ genlib ] [ INFO ] No partner found for atom 1HD2
2026-04-23 20:50:45,168 [ genlib ] [ INFO ] Checking atom 2HD2
2026-04-23 20:50:45,168 [ genlib ] [ INFO ] No partner found for atom 2HD2
2026-04-23 20:50:45,168 [ genlib ] [ INFO ] Checking atom 3HD2
2026-04-23 20:50:45,168 [ genlib ] [ INFO ] No partner found for atom 3HD2
2026-04-23 20:50:45,168 [ genlib ] [ INFO ] Searching order 5
2026-04-23 20:50:45,168 [ genlib ] [ INFO ] Searching order 6
2026-04-23 20:50:45,168 [ genlib ] [ INFO ] Searching order 7
2026-04-23 20:50:45,168 [ genlib ] [ INFO ] Searching branch 2
2026-04-23 20:50:45,168 [ genlib ] [ INFO ] Searching order 2
2026-04-23 20:50:45,168 [ genlib ] [ INFO ] Searching order 3
2026-04-23 20:50:45,168 [ genlib ] [ INFO ] Searching order 4
2026-04-23 20:50:45,168 [ genlib ] [ INFO ] Checking atom 1HD2
2026-04-23 20:50:45,168 [ genlib ] [ INFO ] No partner found for atom 1HD2
2026-04-23 20:50:45,168 [ genlib ] [ INFO ] Checking atom 2HD2
2026-04-23 20:50:45,168 [ genlib ] [ INFO ] No partner found for atom 2HD2
2026-04-23 20:50:45,168 [ genlib ] [ INFO ] Checking atom 3HD2
2026-04-23 20:50:45,168 [ genlib ] [ INFO ] No partner found for atom 3HD2
2026-04-23 20:50:45,168 [ genlib ] [ INFO ] Searching order 5
2026-04-23 20:50:45,168 [ genlib ] [ INFO ] Searching order 6
2026-04-23 20:50:45,168 [ genlib ] [ INFO ] Searching order 7
2026-04-23 20:50:45,172 [ genlib ] [ INFO ] Updating bond lists
2026-04-23 20:50:45,173 [ genlib ] [ INFO ] Updating dihedrals
2026-04-23 20:50:45,173 [ genlib ] [ INFO ] Updating impropers
2026-04-23 20:50:45,173 [ genlib ] [ INFO ] Building library files for LEU --> ASH mutant
2026-04-23 20:50:45,174 [ genlib ] [ INFO ] reading rtp file "aminoacids.rtp"
2026-04-23 20:50:45,207 [ genlib ] [ INFO ] ENTERED SIMPLE
2026-04-23 20:50:45,207 [ genlib ] [ INFO ] Making atom pairs
2026-04-23 20:50:45,207 [ genlib ] [ INFO ] Searching branch 1
2026-04-23 20:50:45,207 [ genlib ] [ INFO ] Searching order 2
2026-04-23 20:50:45,207 [ genlib ] [ INFO ] Checking atom 1HB
2026-04-23 20:50:45,207 [ genlib ] [ INFO ] Define atom pair: LEU|1HB|HC|H         - > ASH|1HB|HC|H         (d = 0.12 A)
2026-04-23 20:50:45,207 [ genlib ] [ INFO ] Checking atom 2HB
2026-04-23 20:50:45,207 [ genlib ] [ INFO ] Define atom pair: LEU|2HB|HC|H         - > ASH|2HB|HC|H         (d = 0.13 A)
2026-04-23 20:50:45,207 [ genlib ] [ INFO ] Checking atom CG
2026-04-23 20:50:45,207 [ genlib ] [ INFO ] Define atom pair: LEU|CG|CT|C.3        - > ASH|CG|C|C.2         (d = 0.15 A)
2026-04-23 20:50:45,207 [ genlib ] [ INFO ] Searching order 3
2026-04-23 20:50:45,207 [ genlib ] [ INFO ] Checking atom HG
2026-04-23 20:50:45,207 [ genlib ] [ INFO ] No partner found for atom HG
2026-04-23 20:50:45,207 [ genlib ] [ INFO ] Checking atom CD1
2026-04-23 20:50:45,207 [ genlib ] [ INFO ] Define atom pair: LEU|CD1|CT|C.3       - > ASH|OD1|O|O.co2      (d = 0.35 A)
2026-04-23 20:50:45,207 [ genlib ] [ INFO ] Checking atom CD2
2026-04-23 20:50:45,207 [ genlib ] [ INFO ] No partner found for atom CD2
2026-04-23 20:50:45,207 [ genlib ] [ INFO ] Searching order 4
2026-04-23 20:50:45,207 [ genlib ] [ INFO ] Checking atom 1HD1
2026-04-23 20:50:45,207 [ genlib ] [ INFO ] No partner found for atom 1HD1
2026-04-23 20:50:45,207 [ genlib ] [ INFO ] Checking atom 2HD1
2026-04-23 20:50:45,207 [ genlib ] [ INFO ] No partner found for atom 2HD1
2026-04-23 20:50:45,207 [ genlib ] [ INFO ] Checking atom 3HD1
2026-04-23 20:50:45,207 [ genlib ] [ INFO ] No partner found for atom 3HD1
2026-04-23 20:50:45,207 [ genlib ] [ INFO ] Searching order 5
2026-04-23 20:50:45,207 [ genlib ] [ INFO ] Searching order 6
2026-04-23 20:50:45,207 [ genlib ] [ INFO ] Searching order 7
2026-04-23 20:50:45,207 [ genlib ] [ INFO ] Searching branch 2
2026-04-23 20:50:45,207 [ genlib ] [ INFO ] Searching order 2
2026-04-23 20:50:45,207 [ genlib ] [ INFO ] Searching order 3
2026-04-23 20:50:45,207 [ genlib ] [ INFO ] Checking atom HG
2026-04-23 20:50:45,207 [ genlib ] [ INFO ] No partner found for atom HG
2026-04-23 20:50:45,207 [ genlib ] [ INFO ] Checking atom CD2
2026-04-23 20:50:45,207 [ genlib ] [ INFO ] No partner found for atom CD2
2026-04-23 20:50:45,207 [ genlib ] [ INFO ] Searching order 4
2026-04-23 20:50:45,207 [ genlib ] [ INFO ] Checking atom 1HD1
2026-04-23 20:50:45,207 [ genlib ] [ INFO ] No partner found for atom 1HD1
2026-04-23 20:50:45,207 [ genlib ] [ INFO ] Checking atom 2HD1
2026-04-23 20:50:45,207 [ genlib ] [ INFO ] No partner found for atom 2HD1
2026-04-23 20:50:45,207 [ genlib ] [ INFO ] Checking atom 3HD1
2026-04-23 20:50:45,207 [ genlib ] [ INFO ] No partner found for atom 3HD1
2026-04-23 20:50:45,207 [ genlib ] [ INFO ] Searching order 5
2026-04-23 20:50:45,207 [ genlib ] [ INFO ] Searching order 6
2026-04-23 20:50:45,207 [ genlib ] [ INFO ] Searching order 7
2026-04-23 20:50:45,208 [ genlib ] [ INFO ] Updating bond lists
2026-04-23 20:50:45,208 [ genlib ] [ INFO ] Updating dihedrals
2026-04-23 20:50:45,208 [ genlib ] [ INFO ] Updating impropers
2026-04-23 20:50:45,209 [ genlib ] [ INFO ] Building library files for LEU --> ASN mutant
2026-04-23 20:50:45,210 [ genlib ] [ INFO ] reading rtp file "aminoacids.rtp"
2026-04-23 20:50:45,242 [ genlib ] [ INFO ] ENTERED SIMPLE
2026-04-23 20:50:45,242 [ genlib ] [ INFO ] Making atom pairs
2026-04-23 20:50:45,242 [ genlib ] [ INFO ] Searching branch 1
2026-04-23 20:50:45,242 [ genlib ] [ INFO ] Searching order 2
2026-04-23 20:50:45,242 [ genlib ] [ INFO ] Checking atom 1HB
2026-04-23 20:50:45,242 [ genlib ] [ INFO ] Define atom pair: LEU|1HB|HC|H         - > ASN|1HB|HC|H         (d = 0.09 A)
2026-04-23 20:50:45,242 [ genlib ] [ INFO ] Checking atom 2HB
2026-04-23 20:50:45,242 [ genlib ] [ INFO ] Define atom pair: LEU|2HB|HC|H         - > ASN|2HB|HC|H         (d = 0.09 A)
2026-04-23 20:50:45,242 [ genlib ] [ INFO ] Checking atom CG
2026-04-23 20:50:45,242 [ genlib ] [ INFO ] Define atom pair: LEU|CG|CT|C.3        - > ASN|CG|C|C.2         (d = 0.11 A)
2026-04-23 20:50:45,242 [ genlib ] [ INFO ] Searching order 3
2026-04-23 20:50:45,242 [ genlib ] [ INFO ] Checking atom HG
2026-04-23 20:50:45,242 [ genlib ] [ INFO ] No partner found for atom HG
2026-04-23 20:50:45,242 [ genlib ] [ INFO ] Checking atom CD1
2026-04-23 20:50:45,242 [ genlib ] [ INFO ] Define atom pair: LEU|CD1|CT|C.3       - > ASN|OD1|O|O.2        (d = 0.35 A)
2026-04-23 20:50:45,242 [ genlib ] [ INFO ] Checking atom CD2
2026-04-23 20:50:45,242 [ genlib ] [ INFO ] No partner found for atom CD2
2026-04-23 20:50:45,242 [ genlib ] [ INFO ] Searching order 4
2026-04-23 20:50:45,242 [ genlib ] [ INFO ] Checking atom 1HD1
2026-04-23 20:50:45,242 [ genlib ] [ INFO ] No partner found for atom 1HD1
2026-04-23 20:50:45,242 [ genlib ] [ INFO ] Checking atom 2HD1
2026-04-23 20:50:45,242 [ genlib ] [ INFO ] No partner found for atom 2HD1
2026-04-23 20:50:45,242 [ genlib ] [ INFO ] Checking atom 3HD1
2026-04-23 20:50:45,242 [ genlib ] [ INFO ] No partner found for atom 3HD1
2026-04-23 20:50:45,242 [ genlib ] [ INFO ] Searching order 5
2026-04-23 20:50:45,242 [ genlib ] [ INFO ] Searching order 6
2026-04-23 20:50:45,242 [ genlib ] [ INFO ] Searching order 7
2026-04-23 20:50:45,242 [ genlib ] [ INFO ] Searching branch 2
2026-04-23 20:50:45,242 [ genlib ] [ INFO ] Searching order 2
2026-04-23 20:50:45,242 [ genlib ] [ INFO ] Searching order 3
2026-04-23 20:50:45,242 [ genlib ] [ INFO ] Checking atom HG
2026-04-23 20:50:45,242 [ genlib ] [ INFO ] No partner found for atom HG
2026-04-23 20:50:45,242 [ genlib ] [ INFO ] Checking atom CD2
2026-04-23 20:50:45,242 [ genlib ] [ INFO ] No partner found for atom CD2
2026-04-23 20:50:45,242 [ genlib ] [ INFO ] Searching order 4
2026-04-23 20:50:45,242 [ genlib ] [ INFO ] Checking atom 1HD1
2026-04-23 20:50:45,242 [ genlib ] [ INFO ] No partner found for atom 1HD1
2026-04-23 20:50:45,242 [ genlib ] [ INFO ] Checking atom 2HD1
2026-04-23 20:50:45,242 [ genlib ] [ INFO ] No partner found for atom 2HD1
2026-04-23 20:50:45,242 [ genlib ] [ INFO ] Checking atom 3HD1
2026-04-23 20:50:45,242 [ genlib ] [ INFO ] No partner found for atom 3HD1
2026-04-23 20:50:45,242 [ genlib ] [ INFO ] Searching order 5
2026-04-23 20:50:45,242 [ genlib ] [ INFO ] Searching order 6
2026-04-23 20:50:45,242 [ genlib ] [ INFO ] Searching order 7
2026-04-23 20:50:45,244 [ genlib ] [ INFO ] Updating bond lists
2026-04-23 20:50:45,244 [ genlib ] [ INFO ] Updating dihedrals
2026-04-23 20:50:45,244 [ genlib ] [ INFO ] Updating impropers
2026-04-23 20:50:45,244 [ genlib ] [ INFO ] Building library files for LEU --> ASP mutant
2026-04-23 20:50:45,245 [ genlib ] [ INFO ] reading rtp file "aminoacids.rtp"
2026-04-23 20:50:45,272 [ genlib ] [ INFO ] ENTERED SIMPLE
2026-04-23 20:50:45,272 [ genlib ] [ INFO ] Making atom pairs
2026-04-23 20:50:45,272 [ genlib ] [ INFO ] Searching branch 1
2026-04-23 20:50:45,272 [ genlib ] [ INFO ] Searching order 2
2026-04-23 20:50:45,272 [ genlib ] [ INFO ] Checking atom 1HB
2026-04-23 20:50:45,272 [ genlib ] [ INFO ] Define atom pair: LEU|1HB|HC|H         - > ASP|1HB|HC|H         (d = 0.09 A)
2026-04-23 20:50:45,272 [ genlib ] [ INFO ] Checking atom 2HB
2026-04-23 20:50:45,272 [ genlib ] [ INFO ] Define atom pair: LEU|2HB|HC|H         - > ASP|2HB|HC|H         (d = 0.07 A)
2026-04-23 20:50:45,272 [ genlib ] [ INFO ] Checking atom CG
2026-04-23 20:50:45,272 [ genlib ] [ INFO ] Define atom pair: LEU|CG|CT|C.3        - > ASP|CG|C|C.2         (d = 0.15 A)
2026-04-23 20:50:45,272 [ genlib ] [ INFO ] Searching order 3
2026-04-23 20:50:45,272 [ genlib ] [ INFO ] Checking atom HG
2026-04-23 20:50:45,272 [ genlib ] [ INFO ] No partner found for atom HG
2026-04-23 20:50:45,272 [ genlib ] [ INFO ] Checking atom CD1
2026-04-23 20:50:45,273 [ genlib ] [ INFO ] Define atom pair: LEU|CD1|CT|C.3       - > ASP|OD1|O2|O.co2     (d = 0.35 A)
2026-04-23 20:50:45,273 [ genlib ] [ INFO ] Checking atom CD2
2026-04-23 20:50:45,273 [ genlib ] [ INFO ] No partner found for atom CD2
2026-04-23 20:50:45,273 [ genlib ] [ INFO ] Searching order 4
2026-04-23 20:50:45,273 [ genlib ] [ INFO ] Checking atom 1HD1
2026-04-23 20:50:45,273 [ genlib ] [ INFO ] No partner found for atom 1HD1
2026-04-23 20:50:45,273 [ genlib ] [ INFO ] Checking atom 2HD1
2026-04-23 20:50:45,273 [ genlib ] [ INFO ] No partner found for atom 2HD1
2026-04-23 20:50:45,273 [ genlib ] [ INFO ] Checking atom 3HD1
2026-04-23 20:50:45,273 [ genlib ] [ INFO ] No partner found for atom 3HD1
2026-04-23 20:50:45,273 [ genlib ] [ INFO ] Searching order 5
2026-04-23 20:50:45,273 [ genlib ] [ INFO ] Searching order 6
2026-04-23 20:50:45,273 [ genlib ] [ INFO ] Searching order 7
2026-04-23 20:50:45,273 [ genlib ] [ INFO ] Searching branch 2
2026-04-23 20:50:45,273 [ genlib ] [ INFO ] Searching order 2
2026-04-23 20:50:45,273 [ genlib ] [ INFO ] Searching order 3
2026-04-23 20:50:45,273 [ genlib ] [ INFO ] Checking atom HG
2026-04-23 20:50:45,273 [ genlib ] [ INFO ] No partner found for atom HG
2026-04-23 20:50:45,273 [ genlib ] [ INFO ] Checking atom CD2
2026-04-23 20:50:45,273 [ genlib ] [ INFO ] No partner found for atom CD2
2026-04-23 20:50:45,273 [ genlib ] [ INFO ] Searching order 4
2026-04-23 20:50:45,273 [ genlib ] [ INFO ] Checking atom 1HD1
2026-04-23 20:50:45,273 [ genlib ] [ INFO ] No partner found for atom 1HD1
2026-04-23 20:50:45,273 [ genlib ] [ INFO ] Checking atom 2HD1
2026-04-23 20:50:45,273 [ genlib ] [ INFO ] No partner found for atom 2HD1
2026-04-23 20:50:45,273 [ genlib ] [ INFO ] Checking atom 3HD1
2026-04-23 20:50:45,273 [ genlib ] [ INFO ] No partner found for atom 3HD1
2026-04-23 20:50:45,273 [ genlib ] [ INFO ] Searching order 5
2026-04-23 20:50:45,273 [ genlib ] [ INFO ] Searching order 6
2026-04-23 20:50:45,273 [ genlib ] [ INFO ] Searching order 7
2026-04-23 20:50:45,273 [ genlib ] [ INFO ] Updating bond lists
2026-04-23 20:50:45,274 [ genlib ] [ INFO ] Updating dihedrals
2026-04-23 20:50:45,274 [ genlib ] [ INFO ] Updating impropers
2026-04-23 20:50:45,274 [ genlib ] [ INFO ] Building library files for LEU --> CYS mutant
2026-04-23 20:50:45,275 [ genlib ] [ INFO ] reading rtp file "aminoacids.rtp"
2026-04-23 20:50:45,303 [ genlib ] [ INFO ] ENTERED SIMPLE
2026-04-23 20:50:45,303 [ genlib ] [ INFO ] Making atom pairs
2026-04-23 20:50:45,303 [ genlib ] [ INFO ] Searching branch 1
2026-04-23 20:50:45,303 [ genlib ] [ INFO ] Searching order 2
2026-04-23 20:50:45,303 [ genlib ] [ INFO ] Checking atom 1HB
2026-04-23 20:50:45,303 [ genlib ] [ INFO ] Define atom pair: LEU|1HB|HC|H         - > CYS|1HB|H1|H         (d = 0.07 A)
2026-04-23 20:50:45,303 [ genlib ] [ INFO ] Checking atom 2HB
2026-04-23 20:50:45,303 [ genlib ] [ INFO ] Define atom pair: LEU|2HB|HC|H         - > CYS|2HB|H1|H         (d = 0.06 A)
2026-04-23 20:50:45,303 [ genlib ] [ INFO ] Checking atom CG
2026-04-23 20:50:45,303 [ genlib ] [ INFO ] Define atom pair: LEU|CG|CT|C.3        - > CYS|SG|SH|S.3        (d = 0.29 A)
2026-04-23 20:50:45,303 [ genlib ] [ INFO ] Searching order 3
2026-04-23 20:50:45,303 [ genlib ] [ INFO ] Checking atom HG
2026-04-23 20:50:45,304 [ genlib ] [ INFO ] No partner found for atom HG
2026-04-23 20:50:45,304 [ genlib ] [ INFO ] Checking atom CD1
2026-04-23 20:50:45,304 [ genlib ] [ INFO ] Define atom pair: LEU|CD1|CT|C.3       - > CYS|HG|HS|H          (d = 0.24 A)
2026-04-23 20:50:45,304 [ genlib ] [ INFO ] Checking atom CD2
2026-04-23 20:50:45,304 [ genlib ] [ INFO ] No partner found for atom CD2
2026-04-23 20:50:45,304 [ genlib ] [ INFO ] Searching order 4
2026-04-23 20:50:45,304 [ genlib ] [ INFO ] Checking atom 1HD1
2026-04-23 20:50:45,304 [ genlib ] [ INFO ] No partner found for atom 1HD1
2026-04-23 20:50:45,304 [ genlib ] [ INFO ] Checking atom 2HD1
2026-04-23 20:50:45,304 [ genlib ] [ INFO ] No partner found for atom 2HD1
2026-04-23 20:50:45,304 [ genlib ] [ INFO ] Checking atom 3HD1
2026-04-23 20:50:45,304 [ genlib ] [ INFO ] No partner found for atom 3HD1
2026-04-23 20:50:45,304 [ genlib ] [ INFO ] Searching order 5
2026-04-23 20:50:45,304 [ genlib ] [ INFO ] Searching order 6
2026-04-23 20:50:45,304 [ genlib ] [ INFO ] Searching order 7
2026-04-23 20:50:45,304 [ genlib ] [ INFO ] Searching branch 2
2026-04-23 20:50:45,304 [ genlib ] [ INFO ] Searching order 2
2026-04-23 20:50:45,304 [ genlib ] [ INFO ] Searching order 3
2026-04-23 20:50:45,304 [ genlib ] [ INFO ] Checking atom HG
2026-04-23 20:50:45,304 [ genlib ] [ INFO ] No partner found for atom HG
2026-04-23 20:50:45,304 [ genlib ] [ INFO ] Checking atom CD2
2026-04-23 20:50:45,304 [ genlib ] [ INFO ] No partner found for atom CD2
2026-04-23 20:50:45,304 [ genlib ] [ INFO ] Searching order 4
2026-04-23 20:50:45,304 [ genlib ] [ INFO ] Checking atom 1HD1
2026-04-23 20:50:45,304 [ genlib ] [ INFO ] No partner found for atom 1HD1
2026-04-23 20:50:45,304 [ genlib ] [ INFO ] Checking atom 2HD1
2026-04-23 20:50:45,304 [ genlib ] [ INFO ] No partner found for atom 2HD1
2026-04-23 20:50:45,304 [ genlib ] [ INFO ] Checking atom 3HD1
2026-04-23 20:50:45,304 [ genlib ] [ INFO ] No partner found for atom 3HD1
2026-04-23 20:50:45,304 [ genlib ] [ INFO ] Searching order 5
2026-04-23 20:50:45,304 [ genlib ] [ INFO ] Searching order 6
2026-04-23 20:50:45,304 [ genlib ] [ INFO ] Searching order 7
2026-04-23 20:50:45,304 [ genlib ] [ INFO ] Updating bond lists
2026-04-23 20:50:45,304 [ genlib ] [ INFO ] Updating dihedrals
2026-04-23 20:50:45,304 [ genlib ] [ INFO ] Updating impropers
2026-04-23 20:50:45,305 [ genlib ] [ INFO ] Building library files for LEU --> GLH mutant
2026-04-23 20:50:45,306 [ genlib ] [ INFO ] reading rtp file "aminoacids.rtp"
2026-04-23 20:50:45,333 [ genlib ] [ INFO ] ENTERED SIMPLE
2026-04-23 20:50:45,333 [ genlib ] [ INFO ] Making atom pairs
2026-04-23 20:50:45,333 [ genlib ] [ INFO ] Searching branch 1
2026-04-23 20:50:45,333 [ genlib ] [ INFO ] Searching order 2
2026-04-23 20:50:45,333 [ genlib ] [ INFO ] Checking atom 1HB
2026-04-23 20:50:45,333 [ genlib ] [ INFO ] Define atom pair: LEU|1HB|HC|H         - > GLH|1HB|HC|H         (d = 0.20 A)
2026-04-23 20:50:45,333 [ genlib ] [ INFO ] Checking atom 2HB
2026-04-23 20:50:45,333 [ genlib ] [ INFO ] Define atom pair: LEU|2HB|HC|H         - > GLH|2HB|HC|H         (d = 0.19 A)
2026-04-23 20:50:45,333 [ genlib ] [ INFO ] Checking atom CG
2026-04-23 20:50:45,333 [ genlib ] [ INFO ] Define atom pair: LEU|CG|CT|C.3        - > GLH|CG|CT|C.3        (d = 0.18 A)
2026-04-23 20:50:45,333 [ genlib ] [ INFO ] Searching order 3
2026-04-23 20:50:45,333 [ genlib ] [ INFO ] Checking atom HG
2026-04-23 20:50:45,333 [ genlib ] [ INFO ] Define atom pair: LEU|HG|HC|H          - > GLH|2HG|HC|H         (d = 0.33 A)
2026-04-23 20:50:45,333 [ genlib ] [ INFO ] Checking atom CD1
2026-04-23 20:50:45,333 [ genlib ] [ INFO ] Define atom pair: LEU|CD1|CT|C.3       - > GLH|CD|C|C.2         (d = 0.19 A)
2026-04-23 20:50:45,333 [ genlib ] [ INFO ] Checking atom CD2
2026-04-23 20:50:45,333 [ genlib ] [ INFO ] Define atom pair: LEU|CD2|CT|C.3       - > GLH|1HG|HC|H         (d = 0.47 A)
2026-04-23 20:50:45,333 [ genlib ] [ INFO ] Searching order 4
2026-04-23 20:50:45,333 [ genlib ] [ INFO ] Checking atom 1HD1
2026-04-23 20:50:45,333 [ genlib ] [ INFO ] Define atom pair: LEU|1HD1|HC|H        - > GLH|OE1|O|O.co2      (d = 0.37 A)
2026-04-23 20:50:45,333 [ genlib ] [ INFO ] Checking atom 2HD1
2026-04-23 20:50:45,333 [ genlib ] [ INFO ] No partner found for atom 2HD1
2026-04-23 20:50:45,333 [ genlib ] [ INFO ] Checking atom 3HD1
2026-04-23 20:50:45,333 [ genlib ] [ INFO ] No partner found for atom 3HD1
2026-04-23 20:50:45,333 [ genlib ] [ INFO ] Checking atom 1HD2
2026-04-23 20:50:45,333 [ genlib ] [ INFO ] No partner found for atom 1HD2
2026-04-23 20:50:45,333 [ genlib ] [ INFO ] Checking atom 2HD2
2026-04-23 20:50:45,333 [ genlib ] [ INFO ] No partner found for atom 2HD2
2026-04-23 20:50:45,333 [ genlib ] [ INFO ] Checking atom 3HD2
2026-04-23 20:50:45,333 [ genlib ] [ INFO ] No partner found for atom 3HD2
2026-04-23 20:50:45,333 [ genlib ] [ INFO ] Searching order 5
2026-04-23 20:50:45,333 [ genlib ] [ INFO ] Searching order 6
2026-04-23 20:50:45,333 [ genlib ] [ INFO ] Searching order 7
2026-04-23 20:50:45,333 [ genlib ] [ INFO ] Searching branch 2
2026-04-23 20:50:45,333 [ genlib ] [ INFO ] Searching order 2
2026-04-23 20:50:45,333 [ genlib ] [ INFO ] Searching order 3
2026-04-23 20:50:45,333 [ genlib ] [ INFO ] Searching order 4
2026-04-23 20:50:45,333 [ genlib ] [ INFO ] Checking atom 2HD1
2026-04-23 20:50:45,333 [ genlib ] [ INFO ] No partner found for atom 2HD1
2026-04-23 20:50:45,333 [ genlib ] [ INFO ] Checking atom 3HD1
2026-04-23 20:50:45,333 [ genlib ] [ INFO ] No partner found for atom 3HD1
2026-04-23 20:50:45,333 [ genlib ] [ INFO ] Checking atom 1HD2
2026-04-23 20:50:45,333 [ genlib ] [ INFO ] No partner found for atom 1HD2
2026-04-23 20:50:45,333 [ genlib ] [ INFO ] Checking atom 2HD2
2026-04-23 20:50:45,333 [ genlib ] [ INFO ] No partner found for atom 2HD2
2026-04-23 20:50:45,333 [ genlib ] [ INFO ] Checking atom 3HD2
2026-04-23 20:50:45,333 [ genlib ] [ INFO ] No partner found for atom 3HD2
2026-04-23 20:50:45,333 [ genlib ] [ INFO ] Searching order 5
2026-04-23 20:50:45,333 [ genlib ] [ INFO ] Searching order 6
2026-04-23 20:50:45,333 [ genlib ] [ INFO ] Searching order 7
2026-04-23 20:50:45,334 [ genlib ] [ INFO ] Updating bond lists
2026-04-23 20:50:45,334 [ genlib ] [ INFO ] Updating dihedrals
2026-04-23 20:50:45,334 [ genlib ] [ INFO ] Updating impropers
2026-04-23 20:50:45,335 [ genlib ] [ INFO ] Building library files for LEU --> GLN mutant
2026-04-23 20:50:45,336 [ genlib ] [ INFO ] reading rtp file "aminoacids.rtp"
2026-04-23 20:50:45,361 [ genlib ] [ INFO ] ENTERED SIMPLE
2026-04-23 20:50:45,361 [ genlib ] [ INFO ] Making atom pairs
2026-04-23 20:50:45,361 [ genlib ] [ INFO ] Searching branch 1
2026-04-23 20:50:45,361 [ genlib ] [ INFO ] Searching order 2
2026-04-23 20:50:45,361 [ genlib ] [ INFO ] Checking atom 1HB
2026-04-23 20:50:45,361 [ genlib ] [ INFO ] Define atom pair: LEU|1HB|HC|H         - > GLN|1HB|HC|H         (d = 0.08 A)
2026-04-23 20:50:45,361 [ genlib ] [ INFO ] Checking atom 2HB
2026-04-23 20:50:45,361 [ genlib ] [ INFO ] Define atom pair: LEU|2HB|HC|H         - > GLN|2HB|HC|H         (d = 0.07 A)
2026-04-23 20:50:45,361 [ genlib ] [ INFO ] Checking atom CG
2026-04-23 20:50:45,361 [ genlib ] [ INFO ] Define atom pair: LEU|CG|CT|C.3        - > GLN|CG|CT|C.3        (d = 0.10 A)
2026-04-23 20:50:45,361 [ genlib ] [ INFO ] Searching order 3
2026-04-23 20:50:45,361 [ genlib ] [ INFO ] Checking atom HG
2026-04-23 20:50:45,361 [ genlib ] [ INFO ] Define atom pair: LEU|HG|HC|H          - > GLN|2HG|HC|H         (d = 0.23 A)
2026-04-23 20:50:45,361 [ genlib ] [ INFO ] Checking atom CD1
2026-04-23 20:50:45,361 [ genlib ] [ INFO ] Define atom pair: LEU|CD1|CT|C.3       - > GLN|CD|C|C.2         (d = 0.16 A)
2026-04-23 20:50:45,361 [ genlib ] [ INFO ] Checking atom CD2
2026-04-23 20:50:45,361 [ genlib ] [ INFO ] Define atom pair: LEU|CD2|CT|C.3       - > GLN|1HG|HC|H         (d = 0.40 A)
2026-04-23 20:50:45,361 [ genlib ] [ INFO ] Searching order 4
2026-04-23 20:50:45,361 [ genlib ] [ INFO ] Checking atom 1HD1
2026-04-23 20:50:45,361 [ genlib ] [ INFO ] Define atom pair: LEU|1HD1|HC|H        - > GLN|OE1|O|O.2        (d = 0.24 A)
2026-04-23 20:50:45,361 [ genlib ] [ INFO ] Checking atom 2HD1
2026-04-23 20:50:45,361 [ genlib ] [ INFO ] No partner found for atom 2HD1
2026-04-23 20:50:45,361 [ genlib ] [ INFO ] Checking atom 3HD1
2026-04-23 20:50:45,361 [ genlib ] [ INFO ] No partner found for atom 3HD1
2026-04-23 20:50:45,361 [ genlib ] [ INFO ] Checking atom 1HD2
2026-04-23 20:50:45,361 [ genlib ] [ INFO ] No partner found for atom 1HD2
2026-04-23 20:50:45,361 [ genlib ] [ INFO ] Checking atom 2HD2
2026-04-23 20:50:45,361 [ genlib ] [ INFO ] No partner found for atom 2HD2
2026-04-23 20:50:45,361 [ genlib ] [ INFO ] Checking atom 3HD2
2026-04-23 20:50:45,361 [ genlib ] [ INFO ] No partner found for atom 3HD2
2026-04-23 20:50:45,361 [ genlib ] [ INFO ] Searching order 5
2026-04-23 20:50:45,361 [ genlib ] [ INFO ] Searching order 6
2026-04-23 20:50:45,361 [ genlib ] [ INFO ] Searching order 7
2026-04-23 20:50:45,361 [ genlib ] [ INFO ] Searching branch 2
2026-04-23 20:50:45,361 [ genlib ] [ INFO ] Searching order 2
2026-04-23 20:50:45,361 [ genlib ] [ INFO ] Searching order 3
2026-04-23 20:50:45,361 [ genlib ] [ INFO ] Searching order 4
2026-04-23 20:50:45,361 [ genlib ] [ INFO ] Checking atom 2HD1
2026-04-23 20:50:45,361 [ genlib ] [ INFO ] No partner found for atom 2HD1
2026-04-23 20:50:45,362 [ genlib ] [ INFO ] Checking atom 3HD1
2026-04-23 20:50:45,362 [ genlib ] [ INFO ] No partner found for atom 3HD1
2026-04-23 20:50:45,362 [ genlib ] [ INFO ] Checking atom 1HD2
2026-04-23 20:50:45,362 [ genlib ] [ INFO ] No partner found for atom 1HD2
2026-04-23 20:50:45,362 [ genlib ] [ INFO ] Checking atom 2HD2
2026-04-23 20:50:45,362 [ genlib ] [ INFO ] No partner found for atom 2HD2
2026-04-23 20:50:45,362 [ genlib ] [ INFO ] Checking atom 3HD2
2026-04-23 20:50:45,362 [ genlib ] [ INFO ] No partner found for atom 3HD2
2026-04-23 20:50:45,362 [ genlib ] [ INFO ] Searching order 5
2026-04-23 20:50:45,362 [ genlib ] [ INFO ] Searching order 6
2026-04-23 20:50:45,362 [ genlib ] [ INFO ] Searching order 7
2026-04-23 20:50:45,363 [ genlib ] [ INFO ] Updating bond lists
2026-04-23 20:50:45,363 [ genlib ] [ INFO ] Updating dihedrals
2026-04-23 20:50:45,363 [ genlib ] [ INFO ] Updating impropers
2026-04-23 20:50:45,363 [ genlib ] [ INFO ] Building library files for LEU --> GLU mutant
2026-04-23 20:50:45,364 [ genlib ] [ INFO ] reading rtp file "aminoacids.rtp"
2026-04-23 20:50:45,389 [ genlib ] [ INFO ] ENTERED SIMPLE
2026-04-23 20:50:45,389 [ genlib ] [ INFO ] Making atom pairs
2026-04-23 20:50:45,389 [ genlib ] [ INFO ] Searching branch 1
2026-04-23 20:50:45,390 [ genlib ] [ INFO ] Searching order 2
2026-04-23 20:50:45,390 [ genlib ] [ INFO ] Checking atom 1HB
2026-04-23 20:50:45,390 [ genlib ] [ INFO ] Define atom pair: LEU|1HB|HC|H         - > GLU|1HB|HC|H         (d = 0.17 A)
2026-04-23 20:50:45,390 [ genlib ] [ INFO ] Checking atom 2HB
2026-04-23 20:50:45,390 [ genlib ] [ INFO ] Define atom pair: LEU|2HB|HC|H         - > GLU|2HB|HC|H         (d = 0.12 A)
2026-04-23 20:50:45,390 [ genlib ] [ INFO ] Checking atom CG
2026-04-23 20:50:45,390 [ genlib ] [ INFO ] Define atom pair: LEU|CG|CT|C.3        - > GLU|CG|CT|C.3        (d = 0.18 A)
2026-04-23 20:50:45,390 [ genlib ] [ INFO ] Searching order 3
2026-04-23 20:50:45,390 [ genlib ] [ INFO ] Checking atom HG
2026-04-23 20:50:45,390 [ genlib ] [ INFO ] Define atom pair: LEU|HG|HC|H          - > GLU|2HG|HC|H         (d = 0.33 A)
2026-04-23 20:50:45,390 [ genlib ] [ INFO ] Checking atom CD1
2026-04-23 20:50:45,390 [ genlib ] [ INFO ] Define atom pair: LEU|CD1|CT|C.3       - > GLU|CD|C|C.2         (d = 0.19 A)
2026-04-23 20:50:45,390 [ genlib ] [ INFO ] Checking atom CD2
2026-04-23 20:50:45,390 [ genlib ] [ INFO ] Define atom pair: LEU|CD2|CT|C.3       - > GLU|1HG|HC|H         (d = 0.38 A)
2026-04-23 20:50:45,390 [ genlib ] [ INFO ] Searching order 4
2026-04-23 20:50:45,390 [ genlib ] [ INFO ] Checking atom 1HD1
2026-04-23 20:50:45,390 [ genlib ] [ INFO ] Define atom pair: LEU|1HD1|HC|H        - > GLU|OE1|O2|O.co2     (d = 0.37 A)
2026-04-23 20:50:45,390 [ genlib ] [ INFO ] Checking atom 2HD1
2026-04-23 20:50:45,390 [ genlib ] [ INFO ] No partner found for atom 2HD1
2026-04-23 20:50:45,390 [ genlib ] [ INFO ] Checking atom 3HD1
2026-04-23 20:50:45,390 [ genlib ] [ INFO ] No partner found for atom 3HD1
2026-04-23 20:50:45,390 [ genlib ] [ INFO ] Checking atom 1HD2
2026-04-23 20:50:45,390 [ genlib ] [ INFO ] No partner found for atom 1HD2
2026-04-23 20:50:45,390 [ genlib ] [ INFO ] Checking atom 2HD2
2026-04-23 20:50:45,390 [ genlib ] [ INFO ] No partner found for atom 2HD2
2026-04-23 20:50:45,390 [ genlib ] [ INFO ] Checking atom 3HD2
2026-04-23 20:50:45,390 [ genlib ] [ INFO ] No partner found for atom 3HD2
2026-04-23 20:50:45,390 [ genlib ] [ INFO ] Searching order 5
2026-04-23 20:50:45,390 [ genlib ] [ INFO ] Searching order 6
2026-04-23 20:50:45,390 [ genlib ] [ INFO ] Searching order 7
2026-04-23 20:50:45,390 [ genlib ] [ INFO ] Searching branch 2
2026-04-23 20:50:45,390 [ genlib ] [ INFO ] Searching order 2
2026-04-23 20:50:45,390 [ genlib ] [ INFO ] Searching order 3
2026-04-23 20:50:45,390 [ genlib ] [ INFO ] Searching order 4
2026-04-23 20:50:45,390 [ genlib ] [ INFO ] Checking atom 2HD1
2026-04-23 20:50:45,390 [ genlib ] [ INFO ] No partner found for atom 2HD1
2026-04-23 20:50:45,390 [ genlib ] [ INFO ] Checking atom 3HD1
2026-04-23 20:50:45,390 [ genlib ] [ INFO ] No partner found for atom 3HD1
2026-04-23 20:50:45,390 [ genlib ] [ INFO ] Checking atom 1HD2
2026-04-23 20:50:45,390 [ genlib ] [ INFO ] No partner found for atom 1HD2
2026-04-23 20:50:45,390 [ genlib ] [ INFO ] Checking atom 2HD2
2026-04-23 20:50:45,390 [ genlib ] [ INFO ] No partner found for atom 2HD2
2026-04-23 20:50:45,390 [ genlib ] [ INFO ] Checking atom 3HD2
2026-04-23 20:50:45,390 [ genlib ] [ INFO ] No partner found for atom 3HD2
2026-04-23 20:50:45,390 [ genlib ] [ INFO ] Searching order 5
2026-04-23 20:50:45,390 [ genlib ] [ INFO ] Searching order 6
2026-04-23 20:50:45,390 [ genlib ] [ INFO ] Searching order 7
2026-04-23 20:50:45,391 [ genlib ] [ INFO ] Updating bond lists
2026-04-23 20:50:45,391 [ genlib ] [ INFO ] Updating dihedrals
2026-04-23 20:50:45,391 [ genlib ] [ INFO ] Updating impropers
2026-04-23 20:50:45,391 [ genlib ] [ INFO ] Building library files for LEU --> GLY mutant
2026-04-23 20:50:45,392 [ genlib ] [ INFO ] reading rtp file "aminoacids.rtp"
2026-04-23 20:50:45,417 [ genlib ] [ INFO ] ENTERED G
2026-04-23 20:50:45,417 [ genlib ] [ INFO ] Making atom pairs
2026-04-23 20:50:45,418 [ genlib ] [ INFO ] Updating bond lists
2026-04-23 20:50:45,418 [ genlib ] [ INFO ] Updating dihedrals
2026-04-23 20:50:45,418 [ genlib ] [ INFO ] Updating impropers
2026-04-23 20:50:45,418 [ genlib ] [ WARNING ] undefined
2026-04-23 20:50:45,419 [ genlib ] [ INFO ] Building library files for LEU --> HID mutant
2026-04-23 20:50:45,420 [ genlib ] [ INFO ] reading rtp file "aminoacids.rtp"
2026-04-23 20:50:45,447 [ genlib ] [ INFO ] ENTERED RINGS
2026-04-23 20:50:45,447 [ genlib ] [ INFO ] Making atom pairs
2026-04-23 20:50:45,450 [ genlib ] [ INFO ] Updating bond lists
2026-04-23 20:50:45,450 [ genlib ] [ INFO ] Updating dihedrals
2026-04-23 20:50:45,450 [ genlib ] [ INFO ] Updating impropers
2026-04-23 20:50:45,451 [ genlib ] [ INFO ] Building library files for LEU --> HIE mutant
2026-04-23 20:50:45,452 [ genlib ] [ INFO ] reading rtp file "aminoacids.rtp"
2026-04-23 20:50:45,481 [ genlib ] [ INFO ] ENTERED RINGS
2026-04-23 20:50:45,481 [ genlib ] [ INFO ] Making atom pairs
2026-04-23 20:50:45,484 [ genlib ] [ INFO ] Updating bond lists
2026-04-23 20:50:45,484 [ genlib ] [ INFO ] Updating dihedrals
2026-04-23 20:50:45,484 [ genlib ] [ INFO ] Updating impropers
2026-04-23 20:50:45,485 [ genlib ] [ INFO ] Building library files for LEU --> HIP mutant
2026-04-23 20:50:45,487 [ genlib ] [ INFO ] reading rtp file "aminoacids.rtp"
2026-04-23 20:50:45,514 [ genlib ] [ INFO ] ENTERED RINGS
2026-04-23 20:50:45,514 [ genlib ] [ INFO ] Making atom pairs
2026-04-23 20:50:45,519 [ genlib ] [ INFO ] Updating bond lists
2026-04-23 20:50:45,519 [ genlib ] [ INFO ] Updating dihedrals
2026-04-23 20:50:45,519 [ genlib ] [ INFO ] Updating impropers
2026-04-23 20:50:45,520 [ genlib ] [ INFO ] Building library files for LEU --> ILE mutant
2026-04-23 20:50:45,521 [ genlib ] [ INFO ] reading rtp file "aminoacids.rtp"
2026-04-23 20:50:45,548 [ genlib ] [ INFO ] ENTERED SIMPLE
2026-04-23 20:50:45,548 [ genlib ] [ INFO ] Making atom pairs
2026-04-23 20:50:45,548 [ genlib ] [ INFO ] Searching branch 1
2026-04-23 20:50:45,548 [ genlib ] [ INFO ] Searching order 2
2026-04-23 20:50:45,548 [ genlib ] [ INFO ] Checking atom 1HB
2026-04-23 20:50:45,548 [ genlib ] [ INFO ] Define atom pair: LEU|1HB|HC|H         - > ILE|HB|HC|H          (d = 0.12 A)
2026-04-23 20:50:45,548 [ genlib ] [ INFO ] Checking atom 2HB
2026-04-23 20:50:45,548 [ genlib ] [ INFO ] Define atom pair: LEU|2HB|HC|H         - > ILE|CG2|CT|C.3       (d = 0.46 A)
2026-04-23 20:50:45,548 [ genlib ] [ INFO ] Checking atom CG
2026-04-23 20:50:45,548 [ genlib ] [ INFO ] Define atom pair: LEU|CG|CT|C.3        - > ILE|CG1|CT|C.3       (d = 0.13 A)
2026-04-23 20:50:45,548 [ genlib ] [ INFO ] Searching order 3
2026-04-23 20:50:45,548 [ genlib ] [ INFO ] Checking atom HG
2026-04-23 20:50:45,548 [ genlib ] [ INFO ] Define atom pair: LEU|HG|HC|H          - > ILE|2HG1|HC|H        (d = 0.23 A)
2026-04-23 20:50:45,548 [ genlib ] [ INFO ] Checking atom CD1
2026-04-23 20:50:45,548 [ genlib ] [ INFO ] Define atom pair: LEU|CD1|CT|C.3       - > ILE|CD1|CT|C.3       (d = 0.19 A)
2026-04-23 20:50:45,548 [ genlib ] [ INFO ] Checking atom CD2
2026-04-23 20:50:45,548 [ genlib ] [ INFO ] Define atom pair: LEU|CD2|CT|C.3       - > ILE|1HG1|HC|H        (d = 0.40 A)
2026-04-23 20:50:45,549 [ genlib ] [ INFO ] Searching order 4
2026-04-23 20:50:45,549 [ genlib ] [ INFO ] Checking atom 1HD1
2026-04-23 20:50:45,549 [ genlib ] [ INFO ] Define atom pair: LEU|1HD1|HC|H        - > ILE|1HD1|HC|H        (d = 0.27 A)
2026-04-23 20:50:45,549 [ genlib ] [ INFO ] Checking atom 2HD1
2026-04-23 20:50:45,549 [ genlib ] [ INFO ] Define atom pair: LEU|2HD1|HC|H        - > ILE|2HD1|HC|H        (d = 0.24 A)
2026-04-23 20:50:45,549 [ genlib ] [ INFO ] Checking atom 3HD1
2026-04-23 20:50:45,549 [ genlib ] [ INFO ] Define atom pair: LEU|3HD1|HC|H        - > ILE|3HD1|HC|H        (d = 0.16 A)
2026-04-23 20:50:45,549 [ genlib ] [ INFO ] Checking atom 1HD2
2026-04-23 20:50:45,549 [ genlib ] [ INFO ] No partner found for atom 1HD2
2026-04-23 20:50:45,549 [ genlib ] [ INFO ] Checking atom 2HD2
2026-04-23 20:50:45,549 [ genlib ] [ INFO ] No partner found for atom 2HD2
2026-04-23 20:50:45,549 [ genlib ] [ INFO ] Checking atom 3HD2
2026-04-23 20:50:45,549 [ genlib ] [ INFO ] No partner found for atom 3HD2
2026-04-23 20:50:45,549 [ genlib ] [ INFO ] Searching order 5
2026-04-23 20:50:45,549 [ genlib ] [ INFO ] Searching order 6
2026-04-23 20:50:45,549 [ genlib ] [ INFO ] Searching order 7
2026-04-23 20:50:45,549 [ genlib ] [ INFO ] Searching branch 2
2026-04-23 20:50:45,549 [ genlib ] [ INFO ] Searching order 2
2026-04-23 20:50:45,549 [ genlib ] [ INFO ] Searching order 3
2026-04-23 20:50:45,549 [ genlib ] [ INFO ] Searching order 4
2026-04-23 20:50:45,549 [ genlib ] [ INFO ] Checking atom 1HD2
2026-04-23 20:50:45,549 [ genlib ] [ INFO ] No partner found for atom 1HD2
2026-04-23 20:50:45,549 [ genlib ] [ INFO ] Checking atom 2HD2
2026-04-23 20:50:45,549 [ genlib ] [ INFO ] No partner found for atom 2HD2
2026-04-23 20:50:45,549 [ genlib ] [ INFO ] Checking atom 3HD2
2026-04-23 20:50:45,549 [ genlib ] [ INFO ] No partner found for atom 3HD2
2026-04-23 20:50:45,549 [ genlib ] [ INFO ] Searching order 5
2026-04-23 20:50:45,549 [ genlib ] [ INFO ] Searching order 6
2026-04-23 20:50:45,549 [ genlib ] [ INFO ] Searching order 7
2026-04-23 20:50:45,551 [ genlib ] [ INFO ] Updating bond lists
2026-04-23 20:50:45,551 [ genlib ] [ INFO ] Updating dihedrals
2026-04-23 20:50:45,551 [ genlib ] [ INFO ] Updating impropers
2026-04-23 20:50:45,552 [ genlib ] [ INFO ] Building library files for LEU --> LYN mutant
2026-04-23 20:50:45,553 [ genlib ] [ INFO ] reading rtp file "aminoacids.rtp"
2026-04-23 20:50:45,582 [ genlib ] [ INFO ] ENTERED SIMPLE
2026-04-23 20:50:45,582 [ genlib ] [ INFO ] Making atom pairs
2026-04-23 20:50:45,582 [ genlib ] [ INFO ] Searching branch 1
2026-04-23 20:50:45,582 [ genlib ] [ INFO ] Searching order 2
2026-04-23 20:50:45,582 [ genlib ] [ INFO ] Checking atom 1HB
2026-04-23 20:50:45,582 [ genlib ] [ INFO ] Define atom pair: LEU|1HB|HC|H         - > LYN|1HB|HC|H         (d = 0.08 A)
2026-04-23 20:50:45,582 [ genlib ] [ INFO ] Checking atom 2HB
2026-04-23 20:50:45,582 [ genlib ] [ INFO ] Define atom pair: LEU|2HB|HC|H         - > LYN|2HB|HC|H         (d = 0.13 A)
2026-04-23 20:50:45,582 [ genlib ] [ INFO ] Checking atom CG
2026-04-23 20:50:45,582 [ genlib ] [ INFO ] Define atom pair: LEU|CG|CT|C.3        - > LYN|CG|CT|C.3        (d = 0.09 A)
2026-04-23 20:50:45,583 [ genlib ] [ INFO ] Searching order 3
2026-04-23 20:50:45,583 [ genlib ] [ INFO ] Checking atom HG
2026-04-23 20:50:45,583 [ genlib ] [ INFO ] Define atom pair: LEU|HG|HC|H          - > LYN|2HG|HC|H         (d = 0.20 A)
2026-04-23 20:50:45,583 [ genlib ] [ INFO ] Checking atom CD1
2026-04-23 20:50:45,583 [ genlib ] [ INFO ] Define atom pair: LEU|CD1|CT|C.3       - > LYN|CD|CT|C.3        (d = 0.11 A)
2026-04-23 20:50:45,583 [ genlib ] [ INFO ] Checking atom CD2
2026-04-23 20:50:45,583 [ genlib ] [ INFO ] Define atom pair: LEU|CD2|CT|C.3       - > LYN|1HG|HC|H         (d = 0.53 A)
2026-04-23 20:50:45,583 [ genlib ] [ INFO ] Searching order 4
2026-04-23 20:50:45,583 [ genlib ] [ INFO ] Checking atom 1HD1
2026-04-23 20:50:45,583 [ genlib ] [ INFO ] Define atom pair: LEU|1HD1|HC|H        - > LYN|CE|CT|C.3        (d = 0.49 A)
2026-04-23 20:50:45,583 [ genlib ] [ INFO ] Checking atom 2HD1
2026-04-23 20:50:45,583 [ genlib ] [ INFO ] Define atom pair: LEU|2HD1|HC|H        - > LYN|1HD|HC|H         (d = 0.21 A)
2026-04-23 20:50:45,583 [ genlib ] [ INFO ] Checking atom 3HD1
2026-04-23 20:50:45,583 [ genlib ] [ INFO ] Define atom pair: LEU|3HD1|HC|H        - > LYN|2HD|HC|H         (d = 0.19 A)
2026-04-23 20:50:45,583 [ genlib ] [ INFO ] Checking atom 1HD2
2026-04-23 20:50:45,583 [ genlib ] [ INFO ] No partner found for atom 1HD2
2026-04-23 20:50:45,583 [ genlib ] [ INFO ] Checking atom 2HD2
2026-04-23 20:50:45,583 [ genlib ] [ INFO ] No partner found for atom 2HD2
2026-04-23 20:50:45,583 [ genlib ] [ INFO ] Checking atom 3HD2
2026-04-23 20:50:45,583 [ genlib ] [ INFO ] No partner found for atom 3HD2
2026-04-23 20:50:45,583 [ genlib ] [ INFO ] Searching order 5
2026-04-23 20:50:45,583 [ genlib ] [ INFO ] Searching order 6
2026-04-23 20:50:45,583 [ genlib ] [ INFO ] Searching order 7
2026-04-23 20:50:45,583 [ genlib ] [ INFO ] Searching branch 2
2026-04-23 20:50:45,583 [ genlib ] [ INFO ] Searching order 2
2026-04-23 20:50:45,583 [ genlib ] [ INFO ] Searching order 3
2026-04-23 20:50:45,583 [ genlib ] [ INFO ] Searching order 4
2026-04-23 20:50:45,583 [ genlib ] [ INFO ] Checking atom 1HD2
2026-04-23 20:50:45,583 [ genlib ] [ INFO ] No partner found for atom 1HD2
2026-04-23 20:50:45,583 [ genlib ] [ INFO ] Checking atom 2HD2
2026-04-23 20:50:45,583 [ genlib ] [ INFO ] No partner found for atom 2HD2
2026-04-23 20:50:45,583 [ genlib ] [ INFO ] Checking atom 3HD2
2026-04-23 20:50:45,583 [ genlib ] [ INFO ] No partner found for atom 3HD2
2026-04-23 20:50:45,583 [ genlib ] [ INFO ] Searching order 5
2026-04-23 20:50:45,583 [ genlib ] [ INFO ] Searching order 6
2026-04-23 20:50:45,583 [ genlib ] [ INFO ] Searching order 7
2026-04-23 20:50:45,585 [ genlib ] [ INFO ] Updating bond lists
2026-04-23 20:50:45,586 [ genlib ] [ INFO ] Updating dihedrals
2026-04-23 20:50:45,586 [ genlib ] [ INFO ] Updating impropers
2026-04-23 20:50:45,586 [ genlib ] [ INFO ] Building library files for LEU --> LYS mutant
2026-04-23 20:50:45,587 [ genlib ] [ INFO ] reading rtp file "aminoacids.rtp"
2026-04-23 20:50:45,614 [ genlib ] [ INFO ] ENTERED SIMPLE
2026-04-23 20:50:45,614 [ genlib ] [ INFO ] Making atom pairs
2026-04-23 20:50:45,614 [ genlib ] [ INFO ] Searching branch 1
2026-04-23 20:50:45,614 [ genlib ] [ INFO ] Searching order 2
2026-04-23 20:50:45,614 [ genlib ] [ INFO ] Checking atom 1HB
2026-04-23 20:50:45,614 [ genlib ] [ INFO ] Define atom pair: LEU|1HB|HC|H         - > LYS|1HB|HC|H         (d = 0.09 A)
2026-04-23 20:50:45,614 [ genlib ] [ INFO ] Checking atom 2HB
2026-04-23 20:50:45,614 [ genlib ] [ INFO ] Define atom pair: LEU|2HB|HC|H         - > LYS|2HB|HC|H         (d = 0.09 A)
2026-04-23 20:50:45,614 [ genlib ] [ INFO ] Checking atom CG
2026-04-23 20:50:45,614 [ genlib ] [ INFO ] Define atom pair: LEU|CG|CT|C.3        - > LYS|CG|CT|C.3        (d = 0.09 A)
2026-04-23 20:50:45,614 [ genlib ] [ INFO ] Searching order 3
2026-04-23 20:50:45,614 [ genlib ] [ INFO ] Checking atom HG
2026-04-23 20:50:45,614 [ genlib ] [ INFO ] Define atom pair: LEU|HG|HC|H          - > LYS|2HG|HC|H         (d = 0.23 A)
2026-04-23 20:50:45,614 [ genlib ] [ INFO ] Checking atom CD1
2026-04-23 20:50:45,614 [ genlib ] [ INFO ] Define atom pair: LEU|CD1|CT|C.3       - > LYS|CD|CT|C.3        (d = 0.14 A)
2026-04-23 20:50:45,614 [ genlib ] [ INFO ] Checking atom CD2
2026-04-23 20:50:45,614 [ genlib ] [ INFO ] Define atom pair: LEU|CD2|CT|C.3       - > LYS|1HG|HC|H         (d = 0.44 A)
2026-04-23 20:50:45,614 [ genlib ] [ INFO ] Searching order 4
2026-04-23 20:50:45,614 [ genlib ] [ INFO ] Checking atom 1HD1
2026-04-23 20:50:45,614 [ genlib ] [ INFO ] Define atom pair: LEU|1HD1|HC|H        - > LYS|CE|CT|C.3        (d = 0.52 A)
2026-04-23 20:50:45,614 [ genlib ] [ INFO ] Checking atom 2HD1
2026-04-23 20:50:45,614 [ genlib ] [ INFO ] Define atom pair: LEU|2HD1|HC|H        - > LYS|1HD|HC|H         (d = 0.16 A)
2026-04-23 20:50:45,614 [ genlib ] [ INFO ] Checking atom 3HD1
2026-04-23 20:50:45,614 [ genlib ] [ INFO ] Define atom pair: LEU|3HD1|HC|H        - > LYS|2HD|HC|H         (d = 0.12 A)
2026-04-23 20:50:45,614 [ genlib ] [ INFO ] Checking atom 1HD2
2026-04-23 20:50:45,614 [ genlib ] [ INFO ] No partner found for atom 1HD2
2026-04-23 20:50:45,614 [ genlib ] [ INFO ] Checking atom 2HD2
2026-04-23 20:50:45,614 [ genlib ] [ INFO ] No partner found for atom 2HD2
2026-04-23 20:50:45,614 [ genlib ] [ INFO ] Checking atom 3HD2
2026-04-23 20:50:45,614 [ genlib ] [ INFO ] No partner found for atom 3HD2
2026-04-23 20:50:45,614 [ genlib ] [ INFO ] Searching order 5
2026-04-23 20:50:45,614 [ genlib ] [ INFO ] Searching order 6
2026-04-23 20:50:45,614 [ genlib ] [ INFO ] Searching order 7
2026-04-23 20:50:45,614 [ genlib ] [ INFO ] Searching branch 2
2026-04-23 20:50:45,614 [ genlib ] [ INFO ] Searching order 2
2026-04-23 20:50:45,614 [ genlib ] [ INFO ] Searching order 3
2026-04-23 20:50:45,614 [ genlib ] [ INFO ] Searching order 4
2026-04-23 20:50:45,614 [ genlib ] [ INFO ] Checking atom 1HD2
2026-04-23 20:50:45,614 [ genlib ] [ INFO ] No partner found for atom 1HD2
2026-04-23 20:50:45,614 [ genlib ] [ INFO ] Checking atom 2HD2
2026-04-23 20:50:45,614 [ genlib ] [ INFO ] No partner found for atom 2HD2
2026-04-23 20:50:45,614 [ genlib ] [ INFO ] Checking atom 3HD2
2026-04-23 20:50:45,614 [ genlib ] [ INFO ] No partner found for atom 3HD2
2026-04-23 20:50:45,614 [ genlib ] [ INFO ] Searching order 5
2026-04-23 20:50:45,614 [ genlib ] [ INFO ] Searching order 6
2026-04-23 20:50:45,614 [ genlib ] [ INFO ] Searching order 7
2026-04-23 20:50:45,617 [ genlib ] [ INFO ] Updating bond lists
2026-04-23 20:50:45,617 [ genlib ] [ INFO ] Updating dihedrals
2026-04-23 20:50:45,617 [ genlib ] [ INFO ] Updating impropers
2026-04-23 20:50:45,618 [ genlib ] [ INFO ] Building library files for LEU --> MET mutant
2026-04-23 20:50:45,619 [ genlib ] [ INFO ] reading rtp file "aminoacids.rtp"
2026-04-23 20:50:45,646 [ genlib ] [ INFO ] ENTERED SIMPLE
2026-04-23 20:50:45,646 [ genlib ] [ INFO ] Making atom pairs
2026-04-23 20:50:45,646 [ genlib ] [ INFO ] Searching branch 1
2026-04-23 20:50:45,646 [ genlib ] [ INFO ] Searching order 2
2026-04-23 20:50:45,646 [ genlib ] [ INFO ] Checking atom 1HB
2026-04-23 20:50:45,646 [ genlib ] [ INFO ] Define atom pair: LEU|1HB|HC|H         - > MET|1HB|HC|H         (d = 0.03 A)
2026-04-23 20:50:45,646 [ genlib ] [ INFO ] Checking atom 2HB
2026-04-23 20:50:45,646 [ genlib ] [ INFO ] Define atom pair: LEU|2HB|HC|H         - > MET|2HB|HC|H         (d = 0.02 A)
2026-04-23 20:50:45,646 [ genlib ] [ INFO ] Checking atom CG
2026-04-23 20:50:45,646 [ genlib ] [ INFO ] Define atom pair: LEU|CG|CT|C.3        - > MET|CG|CT|C.3        (d = 0.09 A)
2026-04-23 20:50:45,646 [ genlib ] [ INFO ] Searching order 3
2026-04-23 20:50:45,646 [ genlib ] [ INFO ] Checking atom HG
2026-04-23 20:50:45,646 [ genlib ] [ INFO ] Define atom pair: LEU|HG|HC|H          - > MET|2HG|H1|H         (d = 0.17 A)
2026-04-23 20:50:45,646 [ genlib ] [ INFO ] Checking atom CD1
2026-04-23 20:50:45,646 [ genlib ] [ INFO ] Define atom pair: LEU|CD1|CT|C.3       - > MET|SD|S|S.3         (d = 0.30 A)
2026-04-23 20:50:45,646 [ genlib ] [ INFO ] Checking atom CD2
2026-04-23 20:50:45,646 [ genlib ] [ INFO ] Define atom pair: LEU|CD2|CT|C.3       - > MET|1HG|H1|H         (d = 0.44 A)
2026-04-23 20:50:45,646 [ genlib ] [ INFO ] Searching order 4
2026-04-23 20:50:45,646 [ genlib ] [ INFO ] Checking atom 1HD1
2026-04-23 20:50:45,646 [ genlib ] [ INFO ] No partner found for atom 1HD1
2026-04-23 20:50:45,646 [ genlib ] [ INFO ] Checking atom 2HD1
2026-04-23 20:50:45,646 [ genlib ] [ INFO ] No partner found for atom 2HD1
2026-04-23 20:50:45,646 [ genlib ] [ INFO ] Checking atom 3HD1
2026-04-23 20:50:45,646 [ genlib ] [ INFO ] No partner found for atom 3HD1
2026-04-23 20:50:45,646 [ genlib ] [ INFO ] Checking atom 1HD2
2026-04-23 20:50:45,646 [ genlib ] [ INFO ] No partner found for atom 1HD2
2026-04-23 20:50:45,646 [ genlib ] [ INFO ] Checking atom 2HD2
2026-04-23 20:50:45,646 [ genlib ] [ INFO ] No partner found for atom 2HD2
2026-04-23 20:50:45,646 [ genlib ] [ INFO ] Checking atom 3HD2
2026-04-23 20:50:45,646 [ genlib ] [ INFO ] No partner found for atom 3HD2
2026-04-23 20:50:45,646 [ genlib ] [ INFO ] Searching order 5
2026-04-23 20:50:45,646 [ genlib ] [ INFO ] Searching order 6
2026-04-23 20:50:45,646 [ genlib ] [ INFO ] Searching order 7
2026-04-23 20:50:45,646 [ genlib ] [ INFO ] Searching branch 2
2026-04-23 20:50:45,646 [ genlib ] [ INFO ] Searching order 2
2026-04-23 20:50:45,646 [ genlib ] [ INFO ] Searching order 3
2026-04-23 20:50:45,646 [ genlib ] [ INFO ] Searching order 4
2026-04-23 20:50:45,646 [ genlib ] [ INFO ] Checking atom 1HD1
2026-04-23 20:50:45,646 [ genlib ] [ INFO ] No partner found for atom 1HD1
2026-04-23 20:50:45,646 [ genlib ] [ INFO ] Checking atom 2HD1
2026-04-23 20:50:45,646 [ genlib ] [ INFO ] No partner found for atom 2HD1
2026-04-23 20:50:45,646 [ genlib ] [ INFO ] Checking atom 3HD1
2026-04-23 20:50:45,646 [ genlib ] [ INFO ] No partner found for atom 3HD1
2026-04-23 20:50:45,646 [ genlib ] [ INFO ] Checking atom 1HD2
2026-04-23 20:50:45,646 [ genlib ] [ INFO ] No partner found for atom 1HD2
2026-04-23 20:50:45,646 [ genlib ] [ INFO ] Checking atom 2HD2
2026-04-23 20:50:45,646 [ genlib ] [ INFO ] No partner found for atom 2HD2
2026-04-23 20:50:45,646 [ genlib ] [ INFO ] Checking atom 3HD2
2026-04-23 20:50:45,646 [ genlib ] [ INFO ] No partner found for atom 3HD2
2026-04-23 20:50:45,646 [ genlib ] [ INFO ] Searching order 5
2026-04-23 20:50:45,646 [ genlib ] [ INFO ] Searching order 6
2026-04-23 20:50:45,646 [ genlib ] [ INFO ] Searching order 7
2026-04-23 20:50:45,648 [ genlib ] [ INFO ] Updating bond lists
2026-04-23 20:50:45,648 [ genlib ] [ INFO ] Updating dihedrals
2026-04-23 20:50:45,648 [ genlib ] [ INFO ] Updating impropers
2026-04-23 20:50:45,649 [ genlib ] [ INFO ] Building library files for LEU --> PHE mutant
2026-04-23 20:50:45,649 [ genlib ] [ INFO ] reading rtp file "aminoacids.rtp"
2026-04-23 20:50:45,675 [ genlib ] [ INFO ] ENTERED RINGS
2026-04-23 20:50:45,675 [ genlib ] [ INFO ] Making atom pairs
2026-04-23 20:50:45,679 [ genlib ] [ INFO ] Updating bond lists
2026-04-23 20:50:45,679 [ genlib ] [ INFO ] Updating dihedrals
2026-04-23 20:50:45,679 [ genlib ] [ INFO ] Updating impropers
2026-04-23 20:50:45,680 [ genlib ] [ INFO ] Building library files for LEU --> PRO mutant
2026-04-23 20:50:45,681 [ genlib ] [ INFO ] reading rtp file "aminoacids.rtp"
2026-04-23 20:50:45,707 [ genlib ] [ INFO ] ENTERED P
2026-04-23 20:50:45,707 [ genlib ] [ INFO ] Making atom pairs
2026-04-23 20:50:45,710 [ genlib ] [ INFO ] Updating bond lists
2026-04-23 20:50:45,710 [ genlib ] [ INFO ] Updating dihedrals
2026-04-23 20:50:45,710 [ genlib ] [ INFO ] Updating impropers
2026-04-23 20:50:45,710 [ genlib ] [ WARNING ] undefined
2026-04-23 20:50:45,711 [ genlib ] [ INFO ] Building library files for LEU --> SER mutant
2026-04-23 20:50:45,711 [ genlib ] [ INFO ] reading rtp file "aminoacids.rtp"
2026-04-23 20:50:45,737 [ genlib ] [ INFO ] ENTERED SIMPLE
2026-04-23 20:50:45,737 [ genlib ] [ INFO ] Making atom pairs
2026-04-23 20:50:45,737 [ genlib ] [ INFO ] Searching branch 1
2026-04-23 20:50:45,737 [ genlib ] [ INFO ] Searching order 2
2026-04-23 20:50:45,737 [ genlib ] [ INFO ] Checking atom 1HB
2026-04-23 20:50:45,737 [ genlib ] [ INFO ] Define atom pair: LEU|1HB|HC|H         - > SER|1HB|H1|H         (d = 0.13 A)
2026-04-23 20:50:45,737 [ genlib ] [ INFO ] Checking atom 2HB
2026-04-23 20:50:45,737 [ genlib ] [ INFO ] Define atom pair: LEU|2HB|HC|H         - > SER|2HB|H1|H         (d = 0.11 A)
2026-04-23 20:50:45,737 [ genlib ] [ INFO ] Checking atom CG
2026-04-23 20:50:45,737 [ genlib ] [ INFO ] Define atom pair: LEU|CG|CT|C.3        - > SER|OG|OH|O.3        (d = 0.19 A)
2026-04-23 20:50:45,737 [ genlib ] [ INFO ] Searching order 3
2026-04-23 20:50:45,737 [ genlib ] [ INFO ] Checking atom HG
2026-04-23 20:50:45,737 [ genlib ] [ INFO ] No partner found for atom HG
2026-04-23 20:50:45,737 [ genlib ] [ INFO ] Checking atom CD1
2026-04-23 20:50:45,737 [ genlib ] [ INFO ] No partner found for atom CD1
2026-04-23 20:50:45,737 [ genlib ] [ INFO ] Checking atom CD2
2026-04-23 20:50:45,737 [ genlib ] [ INFO ] No partner found for atom CD2
2026-04-23 20:50:45,737 [ genlib ] [ INFO ] Searching order 4
2026-04-23 20:50:45,737 [ genlib ] [ INFO ] Searching order 5
2026-04-23 20:50:45,737 [ genlib ] [ INFO ] Searching order 6
2026-04-23 20:50:45,737 [ genlib ] [ INFO ] Searching order 7
2026-04-23 20:50:45,737 [ genlib ] [ INFO ] Searching branch 2
2026-04-23 20:50:45,737 [ genlib ] [ INFO ] Searching order 2
2026-04-23 20:50:45,737 [ genlib ] [ INFO ] Searching order 3
2026-04-23 20:50:45,737 [ genlib ] [ INFO ] Checking atom HG
2026-04-23 20:50:45,737 [ genlib ] [ INFO ] No partner found for atom HG
2026-04-23 20:50:45,737 [ genlib ] [ INFO ] Checking atom CD1
2026-04-23 20:50:45,737 [ genlib ] [ INFO ] No partner found for atom CD1
2026-04-23 20:50:45,737 [ genlib ] [ INFO ] Checking atom CD2
2026-04-23 20:50:45,737 [ genlib ] [ INFO ] No partner found for atom CD2
2026-04-23 20:50:45,737 [ genlib ] [ INFO ] Searching order 4
2026-04-23 20:50:45,737 [ genlib ] [ INFO ] Searching order 5
2026-04-23 20:50:45,737 [ genlib ] [ INFO ] Searching order 6
2026-04-23 20:50:45,737 [ genlib ] [ INFO ] Searching order 7
2026-04-23 20:50:45,738 [ genlib ] [ INFO ] Updating bond lists
2026-04-23 20:50:45,738 [ genlib ] [ INFO ] Updating dihedrals
2026-04-23 20:50:45,738 [ genlib ] [ INFO ] Updating impropers
2026-04-23 20:50:45,738 [ genlib ] [ INFO ] Building library files for LEU --> THR mutant
2026-04-23 20:50:45,739 [ genlib ] [ INFO ] reading rtp file "aminoacids.rtp"
2026-04-23 20:50:45,765 [ genlib ] [ INFO ] ENTERED SIMPLE
2026-04-23 20:50:45,765 [ genlib ] [ INFO ] Making atom pairs
2026-04-23 20:50:45,765 [ genlib ] [ INFO ] Searching branch 1
2026-04-23 20:50:45,765 [ genlib ] [ INFO ] Searching order 2
2026-04-23 20:50:45,765 [ genlib ] [ INFO ] Checking atom 1HB
2026-04-23 20:50:45,765 [ genlib ] [ INFO ] Define atom pair: LEU|1HB|HC|H         - > THR|HB|H1|H          (d = 0.12 A)
2026-04-23 20:50:45,765 [ genlib ] [ INFO ] Checking atom 2HB
2026-04-23 20:50:45,765 [ genlib ] [ INFO ] Define atom pair: LEU|2HB|HC|H         - > THR|CG2|CT|C.3       (d = 0.45 A)
2026-04-23 20:50:45,765 [ genlib ] [ INFO ] Checking atom CG
2026-04-23 20:50:45,765 [ genlib ] [ INFO ] Define atom pair: LEU|CG|CT|C.3        - > THR|OG1|OH|O.3       (d = 0.26 A)
2026-04-23 20:50:45,765 [ genlib ] [ INFO ] Searching order 3
2026-04-23 20:50:45,765 [ genlib ] [ INFO ] Checking atom HG
2026-04-23 20:50:45,765 [ genlib ] [ INFO ] No partner found for atom HG
2026-04-23 20:50:45,765 [ genlib ] [ INFO ] Checking atom CD1
2026-04-23 20:50:45,765 [ genlib ] [ INFO ] No partner found for atom CD1
2026-04-23 20:50:45,765 [ genlib ] [ INFO ] Checking atom CD2
2026-04-23 20:50:45,765 [ genlib ] [ INFO ] No partner found for atom CD2
2026-04-23 20:50:45,765 [ genlib ] [ INFO ] Searching order 4
2026-04-23 20:50:45,765 [ genlib ] [ INFO ] Searching order 5
2026-04-23 20:50:45,765 [ genlib ] [ INFO ] Searching order 6
2026-04-23 20:50:45,765 [ genlib ] [ INFO ] Searching order 7
2026-04-23 20:50:45,765 [ genlib ] [ INFO ] Searching branch 2
2026-04-23 20:50:45,765 [ genlib ] [ INFO ] Searching order 2
2026-04-23 20:50:45,765 [ genlib ] [ INFO ] Searching order 3
2026-04-23 20:50:45,765 [ genlib ] [ INFO ] Checking atom HG
2026-04-23 20:50:45,765 [ genlib ] [ INFO ] No partner found for atom HG
2026-04-23 20:50:45,765 [ genlib ] [ INFO ] Checking atom CD1
2026-04-23 20:50:45,765 [ genlib ] [ INFO ] No partner found for atom CD1
2026-04-23 20:50:45,765 [ genlib ] [ INFO ] Checking atom CD2
2026-04-23 20:50:45,765 [ genlib ] [ INFO ] No partner found for atom CD2
2026-04-23 20:50:45,765 [ genlib ] [ INFO ] Searching order 4
2026-04-23 20:50:45,765 [ genlib ] [ INFO ] Searching order 5
2026-04-23 20:50:45,765 [ genlib ] [ INFO ] Searching order 6
2026-04-23 20:50:45,765 [ genlib ] [ INFO ] Searching order 7
2026-04-23 20:50:45,766 [ genlib ] [ INFO ] Updating bond lists
2026-04-23 20:50:45,766 [ genlib ] [ INFO ] Updating dihedrals
2026-04-23 20:50:45,766 [ genlib ] [ INFO ] Updating impropers
2026-04-23 20:50:45,767 [ genlib ] [ INFO ] Building library files for LEU --> TRP mutant
2026-04-23 20:50:45,767 [ genlib ] [ INFO ] reading rtp file "aminoacids.rtp"
2026-04-23 20:50:45,794 [ genlib ] [ INFO ] ENTERED RINGS
2026-04-23 20:50:45,794 [ genlib ] [ INFO ] Making atom pairs
2026-04-23 20:50:45,800 [ genlib ] [ INFO ] Updating bond lists
2026-04-23 20:50:45,800 [ genlib ] [ INFO ] Updating dihedrals
2026-04-23 20:50:45,800 [ genlib ] [ INFO ] Updating impropers
2026-04-23 20:50:45,801 [ genlib ] [ INFO ] Building library files for LEU --> TYR mutant
2026-04-23 20:50:45,802 [ genlib ] [ INFO ] reading rtp file "aminoacids.rtp"
2026-04-23 20:50:45,828 [ genlib ] [ INFO ] ENTERED RINGS
2026-04-23 20:50:45,828 [ genlib ] [ INFO ] Making atom pairs
2026-04-23 20:50:45,833 [ genlib ] [ INFO ] Updating bond lists
2026-04-23 20:50:45,833 [ genlib ] [ INFO ] Updating dihedrals
2026-04-23 20:50:45,833 [ genlib ] [ INFO ] Updating impropers
2026-04-23 20:50:45,834 [ genlib ] [ INFO ] Building library files for LEU --> VAL mutant
2026-04-23 20:50:45,835 [ genlib ] [ INFO ] reading rtp file "aminoacids.rtp"
2026-04-23 20:50:45,861 [ genlib ] [ INFO ] ENTERED SIMPLE
2026-04-23 20:50:45,861 [ genlib ] [ INFO ] Making atom pairs
2026-04-23 20:50:45,861 [ genlib ] [ INFO ] Searching branch 1
2026-04-23 20:50:45,861 [ genlib ] [ INFO ] Searching order 2
2026-04-23 20:50:45,861 [ genlib ] [ INFO ] Checking atom 1HB
2026-04-23 20:50:45,861 [ genlib ] [ INFO ] Define atom pair: LEU|1HB|HC|H         - > VAL|HB|HC|H          (d = 0.21 A)
2026-04-23 20:50:45,861 [ genlib ] [ INFO ] Checking atom 2HB
2026-04-23 20:50:45,861 [ genlib ] [ INFO ] Define atom pair: LEU|2HB|HC|H         - > VAL|CG1|CT|C.3       (d = 0.43 A)
2026-04-23 20:50:45,861 [ genlib ] [ INFO ] Checking atom CG
2026-04-23 20:50:45,861 [ genlib ] [ INFO ] Define atom pair: LEU|CG|CT|C.3        - > VAL|CG2|CT|C.3       (d = 0.24 A)
2026-04-23 20:50:45,861 [ genlib ] [ INFO ] Searching order 3
2026-04-23 20:50:45,861 [ genlib ] [ INFO ] Checking atom HG
2026-04-23 20:50:45,861 [ genlib ] [ INFO ] Define atom pair: LEU|HG|HC|H          - > VAL|3HG2|HC|H        (d = 0.42 A)
2026-04-23 20:50:45,861 [ genlib ] [ INFO ] Checking atom CD1
2026-04-23 20:50:45,861 [ genlib ] [ INFO ] Define atom pair: LEU|CD1|CT|C.3       - > VAL|1HG2|HC|H        (d = 0.49 A)
2026-04-23 20:50:45,861 [ genlib ] [ INFO ] Checking atom CD2
2026-04-23 20:50:45,861 [ genlib ] [ INFO ] Define atom pair: LEU|CD2|CT|C.3       - > VAL|2HG2|HC|H        (d = 0.42 A)
2026-04-23 20:50:45,861 [ genlib ] [ INFO ] Searching order 4
2026-04-23 20:50:45,861 [ genlib ] [ INFO ] Checking atom 1HD1
2026-04-23 20:50:45,861 [ genlib ] [ INFO ] No partner found for atom 1HD1
2026-04-23 20:50:45,861 [ genlib ] [ INFO ] Checking atom 2HD1
2026-04-23 20:50:45,861 [ genlib ] [ INFO ] No partner found for atom 2HD1
2026-04-23 20:50:45,861 [ genlib ] [ INFO ] Checking atom 3HD1
2026-04-23 20:50:45,861 [ genlib ] [ INFO ] No partner found for atom 3HD1
2026-04-23 20:50:45,861 [ genlib ] [ INFO ] Checking atom 1HD2
2026-04-23 20:50:45,861 [ genlib ] [ INFO ] No partner found for atom 1HD2
2026-04-23 20:50:45,861 [ genlib ] [ INFO ] Checking atom 2HD2
2026-04-23 20:50:45,861 [ genlib ] [ INFO ] No partner found for atom 2HD2
2026-04-23 20:50:45,861 [ genlib ] [ INFO ] Checking atom 3HD2
2026-04-23 20:50:45,861 [ genlib ] [ INFO ] No partner found for atom 3HD2
2026-04-23 20:50:45,861 [ genlib ] [ INFO ] Searching order 5
2026-04-23 20:50:45,861 [ genlib ] [ INFO ] Searching order 6
2026-04-23 20:50:45,861 [ genlib ] [ INFO ] Searching order 7
2026-04-23 20:50:45,861 [ genlib ] [ INFO ] Searching branch 2
2026-04-23 20:50:45,861 [ genlib ] [ INFO ] Searching order 2
2026-04-23 20:50:45,861 [ genlib ] [ INFO ] Searching order 3
2026-04-23 20:50:45,861 [ genlib ] [ INFO ] Searching order 4
2026-04-23 20:50:45,861 [ genlib ] [ INFO ] Checking atom 1HD1
2026-04-23 20:50:45,861 [ genlib ] [ INFO ] No partner found for atom 1HD1
2026-04-23 20:50:45,861 [ genlib ] [ INFO ] Checking atom 2HD1
2026-04-23 20:50:45,861 [ genlib ] [ INFO ] No partner found for atom 2HD1
2026-04-23 20:50:45,861 [ genlib ] [ INFO ] Checking atom 3HD1
2026-04-23 20:50:45,861 [ genlib ] [ INFO ] No partner found for atom 3HD1
2026-04-23 20:50:45,861 [ genlib ] [ INFO ] Checking atom 1HD2
2026-04-23 20:50:45,861 [ genlib ] [ INFO ] No partner found for atom 1HD2
2026-04-23 20:50:45,861 [ genlib ] [ INFO ] Checking atom 2HD2
2026-04-23 20:50:45,861 [ genlib ] [ INFO ] No partner found for atom 2HD2
2026-04-23 20:50:45,861 [ genlib ] [ INFO ] Checking atom 3HD2
2026-04-23 20:50:45,861 [ genlib ] [ INFO ] No partner found for atom 3HD2
2026-04-23 20:50:45,861 [ genlib ] [ INFO ] Searching order 5
2026-04-23 20:50:45,861 [ genlib ] [ INFO ] Searching order 6
2026-04-23 20:50:45,861 [ genlib ] [ INFO ] Searching order 7
2026-04-23 20:50:45,862 [ genlib ] [ INFO ] Updating bond lists
2026-04-23 20:50:45,862 [ genlib ] [ INFO ] Updating dihedrals
2026-04-23 20:50:45,862 [ genlib ] [ INFO ] Updating impropers
2026-04-23 20:50:45,863 [ genlib ] [ INFO ] Building library files for LYN --> ALA mutant
2026-04-23 20:50:45,863 [ genlib ] [ INFO ] reading rtp file "aminoacids.rtp"
2026-04-23 20:50:45,889 [ genlib ] [ INFO ] ENTERED SIMPLE
2026-04-23 20:50:45,889 [ genlib ] [ INFO ] Making atom pairs
2026-04-23 20:50:45,889 [ genlib ] [ INFO ] Searching branch 1
2026-04-23 20:50:45,889 [ genlib ] [ INFO ] Searching order 2
2026-04-23 20:50:45,889 [ genlib ] [ INFO ] Checking atom 1HB
2026-04-23 20:50:45,889 [ genlib ] [ INFO ] Define atom pair: LYN|1HB|HC|H         - > ALA|2HB|HC|H         (d = 0.09 A)
2026-04-23 20:50:45,889 [ genlib ] [ INFO ] Checking atom 2HB
2026-04-23 20:50:45,889 [ genlib ] [ INFO ] Define atom pair: LYN|2HB|HC|H         - > ALA|3HB|HC|H         (d = 0.10 A)
2026-04-23 20:50:45,889 [ genlib ] [ INFO ] Checking atom CG
2026-04-23 20:50:45,889 [ genlib ] [ INFO ] Define atom pair: LYN|CG|CT|C.3        - > ALA|1HB|HC|H         (d = 0.47 A)
2026-04-23 20:50:45,889 [ genlib ] [ INFO ] Searching order 3
2026-04-23 20:50:45,889 [ genlib ] [ INFO ] Checking atom 1HG
2026-04-23 20:50:45,889 [ genlib ] [ INFO ] No partner found for atom 1HG
2026-04-23 20:50:45,889 [ genlib ] [ INFO ] Checking atom 2HG
2026-04-23 20:50:45,889 [ genlib ] [ INFO ] No partner found for atom 2HG
2026-04-23 20:50:45,889 [ genlib ] [ INFO ] Checking atom CD
2026-04-23 20:50:45,889 [ genlib ] [ INFO ] No partner found for atom CD
2026-04-23 20:50:45,889 [ genlib ] [ INFO ] Searching order 4
2026-04-23 20:50:45,889 [ genlib ] [ INFO ] Searching order 5
2026-04-23 20:50:45,889 [ genlib ] [ INFO ] Searching order 6
2026-04-23 20:50:45,889 [ genlib ] [ INFO ] Searching order 7
2026-04-23 20:50:45,889 [ genlib ] [ INFO ] Searching branch 2
2026-04-23 20:50:45,889 [ genlib ] [ INFO ] Searching order 2
2026-04-23 20:50:45,889 [ genlib ] [ INFO ] Searching order 3
2026-04-23 20:50:45,889 [ genlib ] [ INFO ] Checking atom 1HG
2026-04-23 20:50:45,889 [ genlib ] [ INFO ] No partner found for atom 1HG
2026-04-23 20:50:45,889 [ genlib ] [ INFO ] Checking atom 2HG
2026-04-23 20:50:45,889 [ genlib ] [ INFO ] No partner found for atom 2HG
2026-04-23 20:50:45,889 [ genlib ] [ INFO ] Checking atom CD
2026-04-23 20:50:45,889 [ genlib ] [ INFO ] No partner found for atom CD
2026-04-23 20:50:45,889 [ genlib ] [ INFO ] Searching order 4
2026-04-23 20:50:45,889 [ genlib ] [ INFO ] Searching order 5
2026-04-23 20:50:45,889 [ genlib ] [ INFO ] Searching order 6
2026-04-23 20:50:45,889 [ genlib ] [ INFO ] Searching order 7
2026-04-23 20:50:45,890 [ genlib ] [ INFO ] Updating bond lists
2026-04-23 20:50:45,890 [ genlib ] [ INFO ] Updating dihedrals
2026-04-23 20:50:45,890 [ genlib ] [ INFO ] Updating impropers
2026-04-23 20:50:45,890 [ genlib ] [ INFO ] Building library files for LYN --> ARG mutant
2026-04-23 20:50:45,891 [ genlib ] [ INFO ] reading rtp file "aminoacids.rtp"
2026-04-23 20:50:45,916 [ genlib ] [ INFO ] ENTERED SIMPLE
2026-04-23 20:50:45,916 [ genlib ] [ INFO ] Making atom pairs
2026-04-23 20:50:45,916 [ genlib ] [ INFO ] Searching branch 1
2026-04-23 20:50:45,916 [ genlib ] [ INFO ] Searching order 2
2026-04-23 20:50:45,916 [ genlib ] [ INFO ] Checking atom 1HB
2026-04-23 20:50:45,916 [ genlib ] [ INFO ] Define atom pair: LYN|1HB|HC|H         - > ARG|1HB|HC|H         (d = 0.09 A)
2026-04-23 20:50:45,916 [ genlib ] [ INFO ] Checking atom 2HB
2026-04-23 20:50:45,916 [ genlib ] [ INFO ] Define atom pair: LYN|2HB|HC|H         - > ARG|2HB|HC|H         (d = 0.11 A)
2026-04-23 20:50:45,916 [ genlib ] [ INFO ] Checking atom CG
2026-04-23 20:50:45,916 [ genlib ] [ INFO ] Define atom pair: LYN|CG|CT|C.3        - > ARG|CG|CT|C.3        (d = 0.01 A)
2026-04-23 20:50:45,916 [ genlib ] [ INFO ] Searching order 3
2026-04-23 20:50:45,917 [ genlib ] [ INFO ] Checking atom 1HG
2026-04-23 20:50:45,917 [ genlib ] [ INFO ] Define atom pair: LYN|1HG|HC|H         - > ARG|1HG|HC|H         (d = 0.11 A)
2026-04-23 20:50:45,917 [ genlib ] [ INFO ] Checking atom 2HG
2026-04-23 20:50:45,917 [ genlib ] [ INFO ] Define atom pair: LYN|2HG|HC|H         - > ARG|2HG|HC|H         (d = 0.09 A)
2026-04-23 20:50:45,917 [ genlib ] [ INFO ] Checking atom CD
2026-04-23 20:50:45,917 [ genlib ] [ INFO ] Define atom pair: LYN|CD|CT|C.3        - > ARG|CD|CT|C.3        (d = 0.02 A)
2026-04-23 20:50:45,917 [ genlib ] [ INFO ] Searching order 4
2026-04-23 20:50:45,917 [ genlib ] [ INFO ] Checking atom 1HD
2026-04-23 20:50:45,917 [ genlib ] [ INFO ] Define atom pair: LYN|1HD|HC|H         - > ARG|1HD|H1|H         (d = 0.08 A)
2026-04-23 20:50:45,917 [ genlib ] [ INFO ] Checking atom 2HD
2026-04-23 20:50:45,917 [ genlib ] [ INFO ] Define atom pair: LYN|2HD|HC|H         - > ARG|2HD|H1|H         (d = 0.08 A)
2026-04-23 20:50:45,917 [ genlib ] [ INFO ] Checking atom CE
2026-04-23 20:50:45,917 [ genlib ] [ INFO ] Define atom pair: LYN|CE|CT|C.3        - > ARG|NE|N2|N.pl3      (d = 0.07 A)
2026-04-23 20:50:45,917 [ genlib ] [ INFO ] Searching order 5
2026-04-23 20:50:45,917 [ genlib ] [ INFO ] Checking atom 1HE
2026-04-23 20:50:45,917 [ genlib ] [ INFO ] No partner found for atom 1HE
2026-04-23 20:50:45,917 [ genlib ] [ INFO ] Checking atom 2HE
2026-04-23 20:50:45,917 [ genlib ] [ INFO ] No partner found for atom 2HE
2026-04-23 20:50:45,917 [ genlib ] [ INFO ] Checking atom NZ
2026-04-23 20:50:45,917 [ genlib ] [ INFO ] Define atom pair: LYN|NZ|N3|N.4        - > ARG|CZ|CA|C.cat      (d = 0.41 A)
2026-04-23 20:50:45,917 [ genlib ] [ INFO ] Searching order 6
2026-04-23 20:50:45,917 [ genlib ] [ INFO ] Checking atom 1HZ
2026-04-23 20:50:45,917 [ genlib ] [ INFO ] No partner found for atom 1HZ
2026-04-23 20:50:45,917 [ genlib ] [ INFO ] Checking atom 2HZ
2026-04-23 20:50:45,917 [ genlib ] [ INFO ] No partner found for atom 2HZ
2026-04-23 20:50:45,917 [ genlib ] [ INFO ] Searching order 7
2026-04-23 20:50:45,917 [ genlib ] [ INFO ] Searching branch 2
2026-04-23 20:50:45,917 [ genlib ] [ INFO ] Searching order 2
2026-04-23 20:50:45,917 [ genlib ] [ INFO ] Searching order 3
2026-04-23 20:50:45,917 [ genlib ] [ INFO ] Searching order 4
2026-04-23 20:50:45,917 [ genlib ] [ INFO ] Searching order 5
2026-04-23 20:50:45,917 [ genlib ] [ INFO ] Checking atom 1HE
2026-04-23 20:50:45,917 [ genlib ] [ INFO ] No partner found for atom 1HE
2026-04-23 20:50:45,917 [ genlib ] [ INFO ] Checking atom 2HE
2026-04-23 20:50:45,917 [ genlib ] [ INFO ] No partner found for atom 2HE
2026-04-23 20:50:45,917 [ genlib ] [ INFO ] Searching order 6
2026-04-23 20:50:45,917 [ genlib ] [ INFO ] Checking atom 1HZ
2026-04-23 20:50:45,917 [ genlib ] [ INFO ] No partner found for atom 1HZ
2026-04-23 20:50:45,917 [ genlib ] [ INFO ] Checking atom 2HZ
2026-04-23 20:50:45,917 [ genlib ] [ INFO ] No partner found for atom 2HZ
2026-04-23 20:50:45,917 [ genlib ] [ INFO ] Searching order 7
2026-04-23 20:50:45,920 [ genlib ] [ INFO ] Updating bond lists
2026-04-23 20:50:45,920 [ genlib ] [ INFO ] Updating dihedrals
2026-04-23 20:50:45,920 [ genlib ] [ INFO ] Updating impropers
2026-04-23 20:50:45,921 [ genlib ] [ INFO ] Building library files for LYN --> ASH mutant
2026-04-23 20:50:45,922 [ genlib ] [ INFO ] reading rtp file "aminoacids.rtp"
2026-04-23 20:50:45,947 [ genlib ] [ INFO ] ENTERED SIMPLE
2026-04-23 20:50:45,947 [ genlib ] [ INFO ] Making atom pairs
2026-04-23 20:50:45,947 [ genlib ] [ INFO ] Searching branch 1
2026-04-23 20:50:45,947 [ genlib ] [ INFO ] Searching order 2
2026-04-23 20:50:45,947 [ genlib ] [ INFO ] Checking atom 1HB
2026-04-23 20:50:45,947 [ genlib ] [ INFO ] Define atom pair: LYN|1HB|HC|H         - > ASH|1HB|HC|H         (d = 0.11 A)
2026-04-23 20:50:45,947 [ genlib ] [ INFO ] Checking atom 2HB
2026-04-23 20:50:45,947 [ genlib ] [ INFO ] Define atom pair: LYN|2HB|HC|H         - > ASH|2HB|HC|H         (d = 0.09 A)
2026-04-23 20:50:45,947 [ genlib ] [ INFO ] Checking atom CG
2026-04-23 20:50:45,947 [ genlib ] [ INFO ] Define atom pair: LYN|CG|CT|C.3        - > ASH|CG|C|C.2         (d = 0.18 A)
2026-04-23 20:50:45,947 [ genlib ] [ INFO ] Searching order 3
2026-04-23 20:50:45,947 [ genlib ] [ INFO ] Checking atom 1HG
2026-04-23 20:50:45,947 [ genlib ] [ INFO ] No partner found for atom 1HG
2026-04-23 20:50:45,947 [ genlib ] [ INFO ] Checking atom 2HG
2026-04-23 20:50:45,947 [ genlib ] [ INFO ] No partner found for atom 2HG
2026-04-23 20:50:45,947 [ genlib ] [ INFO ] Checking atom CD
2026-04-23 20:50:45,947 [ genlib ] [ INFO ] Define atom pair: LYN|CD|CT|C.3        - > ASH|OD1|O|O.co2      (d = 0.29 A)
2026-04-23 20:50:45,947 [ genlib ] [ INFO ] Searching order 4
2026-04-23 20:50:45,947 [ genlib ] [ INFO ] Checking atom 1HD
2026-04-23 20:50:45,947 [ genlib ] [ INFO ] No partner found for atom 1HD
2026-04-23 20:50:45,947 [ genlib ] [ INFO ] Checking atom 2HD
2026-04-23 20:50:45,947 [ genlib ] [ INFO ] No partner found for atom 2HD
2026-04-23 20:50:45,947 [ genlib ] [ INFO ] Checking atom CE
2026-04-23 20:50:45,947 [ genlib ] [ INFO ] No partner found for atom CE
2026-04-23 20:50:45,947 [ genlib ] [ INFO ] Searching order 5
2026-04-23 20:50:45,947 [ genlib ] [ INFO ] Searching order 6
2026-04-23 20:50:45,947 [ genlib ] [ INFO ] Searching order 7
2026-04-23 20:50:45,947 [ genlib ] [ INFO ] Searching branch 2
2026-04-23 20:50:45,947 [ genlib ] [ INFO ] Searching order 2
2026-04-23 20:50:45,947 [ genlib ] [ INFO ] Searching order 3
2026-04-23 20:50:45,947 [ genlib ] [ INFO ] Checking atom 1HG
2026-04-23 20:50:45,947 [ genlib ] [ INFO ] No partner found for atom 1HG
2026-04-23 20:50:45,947 [ genlib ] [ INFO ] Checking atom 2HG
2026-04-23 20:50:45,947 [ genlib ] [ INFO ] No partner found for atom 2HG
2026-04-23 20:50:45,947 [ genlib ] [ INFO ] Searching order 4
2026-04-23 20:50:45,947 [ genlib ] [ INFO ] Checking atom 1HD
2026-04-23 20:50:45,947 [ genlib ] [ INFO ] No partner found for atom 1HD
2026-04-23 20:50:45,947 [ genlib ] [ INFO ] Checking atom 2HD
2026-04-23 20:50:45,947 [ genlib ] [ INFO ] No partner found for atom 2HD
2026-04-23 20:50:45,947 [ genlib ] [ INFO ] Checking atom CE
2026-04-23 20:50:45,947 [ genlib ] [ INFO ] No partner found for atom CE
2026-04-23 20:50:45,947 [ genlib ] [ INFO ] Searching order 5
2026-04-23 20:50:45,947 [ genlib ] [ INFO ] Searching order 6
2026-04-23 20:50:45,947 [ genlib ] [ INFO ] Searching order 7
2026-04-23 20:50:45,948 [ genlib ] [ INFO ] Updating bond lists
2026-04-23 20:50:45,948 [ genlib ] [ INFO ] Updating dihedrals
2026-04-23 20:50:45,948 [ genlib ] [ INFO ] Updating impropers
2026-04-23 20:50:45,948 [ genlib ] [ INFO ] Building library files for LYN --> ASN mutant
2026-04-23 20:50:45,949 [ genlib ] [ INFO ] reading rtp file "aminoacids.rtp"
2026-04-23 20:50:45,975 [ genlib ] [ INFO ] ENTERED SIMPLE
2026-04-23 20:50:45,975 [ genlib ] [ INFO ] Making atom pairs
2026-04-23 20:50:45,975 [ genlib ] [ INFO ] Searching branch 1
2026-04-23 20:50:45,975 [ genlib ] [ INFO ] Searching order 2
2026-04-23 20:50:45,975 [ genlib ] [ INFO ] Checking atom 1HB
2026-04-23 20:50:45,975 [ genlib ] [ INFO ] Define atom pair: LYN|1HB|HC|H         - > ASN|1HB|HC|H         (d = 0.15 A)
2026-04-23 20:50:45,975 [ genlib ] [ INFO ] Checking atom 2HB
2026-04-23 20:50:45,975 [ genlib ] [ INFO ] Define atom pair: LYN|2HB|HC|H         - > ASN|2HB|HC|H         (d = 0.18 A)
2026-04-23 20:50:45,975 [ genlib ] [ INFO ] Checking atom CG
2026-04-23 20:50:45,975 [ genlib ] [ INFO ] Define atom pair: LYN|CG|CT|C.3        - > ASN|CG|C|C.2         (d = 0.17 A)
2026-04-23 20:50:45,975 [ genlib ] [ INFO ] Searching order 3
2026-04-23 20:50:45,975 [ genlib ] [ INFO ] Checking atom 1HG
2026-04-23 20:50:45,975 [ genlib ] [ INFO ] No partner found for atom 1HG
2026-04-23 20:50:45,975 [ genlib ] [ INFO ] Checking atom 2HG
2026-04-23 20:50:45,975 [ genlib ] [ INFO ] No partner found for atom 2HG
2026-04-23 20:50:45,975 [ genlib ] [ INFO ] Checking atom CD
2026-04-23 20:50:45,975 [ genlib ] [ INFO ] Define atom pair: LYN|CD|CT|C.3        - > ASN|OD1|O|O.2        (d = 0.27 A)
2026-04-23 20:50:45,975 [ genlib ] [ INFO ] Searching order 4
2026-04-23 20:50:45,975 [ genlib ] [ INFO ] Checking atom 1HD
2026-04-23 20:50:45,975 [ genlib ] [ INFO ] No partner found for atom 1HD
2026-04-23 20:50:45,975 [ genlib ] [ INFO ] Checking atom 2HD
2026-04-23 20:50:45,975 [ genlib ] [ INFO ] No partner found for atom 2HD
2026-04-23 20:50:45,975 [ genlib ] [ INFO ] Checking atom CE
2026-04-23 20:50:45,975 [ genlib ] [ INFO ] No partner found for atom CE
2026-04-23 20:50:45,975 [ genlib ] [ INFO ] Searching order 5
2026-04-23 20:50:45,975 [ genlib ] [ INFO ] Searching order 6
2026-04-23 20:50:45,975 [ genlib ] [ INFO ] Searching order 7
2026-04-23 20:50:45,975 [ genlib ] [ INFO ] Searching branch 2
2026-04-23 20:50:45,975 [ genlib ] [ INFO ] Searching order 2
2026-04-23 20:50:45,975 [ genlib ] [ INFO ] Searching order 3
2026-04-23 20:50:45,975 [ genlib ] [ INFO ] Checking atom 1HG
2026-04-23 20:50:45,975 [ genlib ] [ INFO ] No partner found for atom 1HG
2026-04-23 20:50:45,975 [ genlib ] [ INFO ] Checking atom 2HG
2026-04-23 20:50:45,975 [ genlib ] [ INFO ] No partner found for atom 2HG
2026-04-23 20:50:45,975 [ genlib ] [ INFO ] Searching order 4
2026-04-23 20:50:45,975 [ genlib ] [ INFO ] Checking atom 1HD
2026-04-23 20:50:45,975 [ genlib ] [ INFO ] No partner found for atom 1HD
2026-04-23 20:50:45,975 [ genlib ] [ INFO ] Checking atom 2HD
2026-04-23 20:50:45,975 [ genlib ] [ INFO ] No partner found for atom 2HD
2026-04-23 20:50:45,975 [ genlib ] [ INFO ] Checking atom CE
2026-04-23 20:50:45,975 [ genlib ] [ INFO ] No partner found for atom CE
2026-04-23 20:50:45,975 [ genlib ] [ INFO ] Searching order 5
2026-04-23 20:50:45,975 [ genlib ] [ INFO ] Searching order 6
2026-04-23 20:50:45,975 [ genlib ] [ INFO ] Searching order 7
2026-04-23 20:50:45,976 [ genlib ] [ INFO ] Updating bond lists
2026-04-23 20:50:45,976 [ genlib ] [ INFO ] Updating dihedrals
2026-04-23 20:50:45,976 [ genlib ] [ INFO ] Updating impropers
2026-04-23 20:50:45,977 [ genlib ] [ INFO ] Building library files for LYN --> ASP mutant
2026-04-23 20:50:45,977 [ genlib ] [ INFO ] reading rtp file "aminoacids.rtp"
2026-04-23 20:50:46,003 [ genlib ] [ INFO ] ENTERED SIMPLE
2026-04-23 20:50:46,003 [ genlib ] [ INFO ] Making atom pairs
2026-04-23 20:50:46,003 [ genlib ] [ INFO ] Searching branch 1
2026-04-23 20:50:46,003 [ genlib ] [ INFO ] Searching order 2
2026-04-23 20:50:46,003 [ genlib ] [ INFO ] Checking atom 1HB
2026-04-23 20:50:46,003 [ genlib ] [ INFO ] Define atom pair: LYN|1HB|HC|H         - > ASP|1HB|HC|H         (d = 0.13 A)
2026-04-23 20:50:46,003 [ genlib ] [ INFO ] Checking atom 2HB
2026-04-23 20:50:46,003 [ genlib ] [ INFO ] Define atom pair: LYN|2HB|HC|H         - > ASP|2HB|HC|H         (d = 0.13 A)
2026-04-23 20:50:46,003 [ genlib ] [ INFO ] Checking atom CG
2026-04-23 20:50:46,003 [ genlib ] [ INFO ] Define atom pair: LYN|CG|CT|C.3        - > ASP|CG|C|C.2         (d = 0.18 A)
2026-04-23 20:50:46,003 [ genlib ] [ INFO ] Searching order 3
2026-04-23 20:50:46,003 [ genlib ] [ INFO ] Checking atom 1HG
2026-04-23 20:50:46,003 [ genlib ] [ INFO ] No partner found for atom 1HG
2026-04-23 20:50:46,003 [ genlib ] [ INFO ] Checking atom 2HG
2026-04-23 20:50:46,003 [ genlib ] [ INFO ] No partner found for atom 2HG
2026-04-23 20:50:46,003 [ genlib ] [ INFO ] Checking atom CD
2026-04-23 20:50:46,003 [ genlib ] [ INFO ] Define atom pair: LYN|CD|CT|C.3        - > ASP|OD1|O2|O.co2     (d = 0.29 A)
2026-04-23 20:50:46,003 [ genlib ] [ INFO ] Searching order 4
2026-04-23 20:50:46,003 [ genlib ] [ INFO ] Checking atom 1HD
2026-04-23 20:50:46,003 [ genlib ] [ INFO ] No partner found for atom 1HD
2026-04-23 20:50:46,003 [ genlib ] [ INFO ] Checking atom 2HD
2026-04-23 20:50:46,003 [ genlib ] [ INFO ] No partner found for atom 2HD
2026-04-23 20:50:46,003 [ genlib ] [ INFO ] Checking atom CE
2026-04-23 20:50:46,003 [ genlib ] [ INFO ] No partner found for atom CE
2026-04-23 20:50:46,003 [ genlib ] [ INFO ] Searching order 5
2026-04-23 20:50:46,003 [ genlib ] [ INFO ] Searching order 6
2026-04-23 20:50:46,003 [ genlib ] [ INFO ] Searching order 7
2026-04-23 20:50:46,003 [ genlib ] [ INFO ] Searching branch 2
2026-04-23 20:50:46,003 [ genlib ] [ INFO ] Searching order 2
2026-04-23 20:50:46,003 [ genlib ] [ INFO ] Searching order 3
2026-04-23 20:50:46,003 [ genlib ] [ INFO ] Checking atom 1HG
2026-04-23 20:50:46,003 [ genlib ] [ INFO ] No partner found for atom 1HG
2026-04-23 20:50:46,003 [ genlib ] [ INFO ] Checking atom 2HG
2026-04-23 20:50:46,003 [ genlib ] [ INFO ] No partner found for atom 2HG
2026-04-23 20:50:46,003 [ genlib ] [ INFO ] Searching order 4
2026-04-23 20:50:46,003 [ genlib ] [ INFO ] Checking atom 1HD
2026-04-23 20:50:46,003 [ genlib ] [ INFO ] No partner found for atom 1HD
2026-04-23 20:50:46,003 [ genlib ] [ INFO ] Checking atom 2HD
2026-04-23 20:50:46,003 [ genlib ] [ INFO ] No partner found for atom 2HD
2026-04-23 20:50:46,003 [ genlib ] [ INFO ] Checking atom CE
2026-04-23 20:50:46,003 [ genlib ] [ INFO ] No partner found for atom CE
2026-04-23 20:50:46,003 [ genlib ] [ INFO ] Searching order 5
2026-04-23 20:50:46,003 [ genlib ] [ INFO ] Searching order 6
2026-04-23 20:50:46,003 [ genlib ] [ INFO ] Searching order 7
2026-04-23 20:50:46,005 [ genlib ] [ INFO ] Updating bond lists
2026-04-23 20:50:46,005 [ genlib ] [ INFO ] Updating dihedrals
2026-04-23 20:50:46,005 [ genlib ] [ INFO ] Updating impropers
2026-04-23 20:50:46,005 [ genlib ] [ INFO ] Building library files for LYN --> CYS mutant
2026-04-23 20:50:46,006 [ genlib ] [ INFO ] reading rtp file "aminoacids.rtp"
2026-04-23 20:50:46,031 [ genlib ] [ INFO ] ENTERED SIMPLE
2026-04-23 20:50:46,031 [ genlib ] [ INFO ] Making atom pairs
2026-04-23 20:50:46,031 [ genlib ] [ INFO ] Searching branch 1
2026-04-23 20:50:46,031 [ genlib ] [ INFO ] Searching order 2
2026-04-23 20:50:46,031 [ genlib ] [ INFO ] Checking atom 1HB
2026-04-23 20:50:46,031 [ genlib ] [ INFO ] Define atom pair: LYN|1HB|HC|H         - > CYS|1HB|H1|H         (d = 0.10 A)
2026-04-23 20:50:46,031 [ genlib ] [ INFO ] Checking atom 2HB
2026-04-23 20:50:46,031 [ genlib ] [ INFO ] Define atom pair: LYN|2HB|HC|H         - > CYS|2HB|H1|H         (d = 0.10 A)
2026-04-23 20:50:46,031 [ genlib ] [ INFO ] Checking atom CG
2026-04-23 20:50:46,031 [ genlib ] [ INFO ] Define atom pair: LYN|CG|CT|C.3        - > CYS|SG|SH|S.3        (d = 0.32 A)
2026-04-23 20:50:46,031 [ genlib ] [ INFO ] Searching order 3
2026-04-23 20:50:46,031 [ genlib ] [ INFO ] Checking atom 1HG
2026-04-23 20:50:46,031 [ genlib ] [ INFO ] No partner found for atom 1HG
2026-04-23 20:50:46,031 [ genlib ] [ INFO ] Checking atom 2HG
2026-04-23 20:50:46,032 [ genlib ] [ INFO ] No partner found for atom 2HG
2026-04-23 20:50:46,032 [ genlib ] [ INFO ] Checking atom CD
2026-04-23 20:50:46,032 [ genlib ] [ INFO ] Define atom pair: LYN|CD|CT|C.3        - > CYS|HG|HS|H          (d = 0.24 A)
2026-04-23 20:50:46,032 [ genlib ] [ INFO ] Searching order 4
2026-04-23 20:50:46,032 [ genlib ] [ INFO ] Checking atom 1HD
2026-04-23 20:50:46,032 [ genlib ] [ INFO ] No partner found for atom 1HD
2026-04-23 20:50:46,032 [ genlib ] [ INFO ] Checking atom 2HD
2026-04-23 20:50:46,032 [ genlib ] [ INFO ] No partner found for atom 2HD
2026-04-23 20:50:46,032 [ genlib ] [ INFO ] Checking atom CE
2026-04-23 20:50:46,032 [ genlib ] [ INFO ] No partner found for atom CE
2026-04-23 20:50:46,032 [ genlib ] [ INFO ] Searching order 5
2026-04-23 20:50:46,032 [ genlib ] [ INFO ] Searching order 6
2026-04-23 20:50:46,032 [ genlib ] [ INFO ] Searching order 7
2026-04-23 20:50:46,032 [ genlib ] [ INFO ] Searching branch 2
2026-04-23 20:50:46,032 [ genlib ] [ INFO ] Searching order 2
2026-04-23 20:50:46,032 [ genlib ] [ INFO ] Searching order 3
2026-04-23 20:50:46,032 [ genlib ] [ INFO ] Checking atom 1HG
2026-04-23 20:50:46,032 [ genlib ] [ INFO ] No partner found for atom 1HG
2026-04-23 20:50:46,032 [ genlib ] [ INFO ] Checking atom 2HG
2026-04-23 20:50:46,032 [ genlib ] [ INFO ] No partner found for atom 2HG
2026-04-23 20:50:46,032 [ genlib ] [ INFO ] Searching order 4
2026-04-23 20:50:46,032 [ genlib ] [ INFO ] Checking atom 1HD
2026-04-23 20:50:46,032 [ genlib ] [ INFO ] No partner found for atom 1HD
2026-04-23 20:50:46,032 [ genlib ] [ INFO ] Checking atom 2HD
2026-04-23 20:50:46,032 [ genlib ] [ INFO ] No partner found for atom 2HD
2026-04-23 20:50:46,032 [ genlib ] [ INFO ] Checking atom CE
2026-04-23 20:50:46,032 [ genlib ] [ INFO ] No partner found for atom CE
2026-04-23 20:50:46,032 [ genlib ] [ INFO ] Searching order 5
2026-04-23 20:50:46,032 [ genlib ] [ INFO ] Searching order 6
2026-04-23 20:50:46,032 [ genlib ] [ INFO ] Searching order 7
2026-04-23 20:50:46,032 [ genlib ] [ INFO ] Updating bond lists
2026-04-23 20:50:46,032 [ genlib ] [ INFO ] Updating dihedrals
2026-04-23 20:50:46,032 [ genlib ] [ INFO ] Updating impropers
2026-04-23 20:50:46,032 [ genlib ] [ INFO ] Building library files for LYN --> GLH mutant
2026-04-23 20:50:46,033 [ genlib ] [ INFO ] reading rtp file "aminoacids.rtp"
2026-04-23 20:50:46,059 [ genlib ] [ INFO ] ENTERED SIMPLE
2026-04-23 20:50:46,059 [ genlib ] [ INFO ] Making atom pairs
2026-04-23 20:50:46,059 [ genlib ] [ INFO ] Searching branch 1
2026-04-23 20:50:46,059 [ genlib ] [ INFO ] Searching order 2
2026-04-23 20:50:46,059 [ genlib ] [ INFO ] Checking atom 1HB
2026-04-23 20:50:46,059 [ genlib ] [ INFO ] Define atom pair: LYN|1HB|HC|H         - > GLH|1HB|HC|H         (d = 0.17 A)
2026-04-23 20:50:46,059 [ genlib ] [ INFO ] Checking atom 2HB
2026-04-23 20:50:46,059 [ genlib ] [ INFO ] Define atom pair: LYN|2HB|HC|H         - > GLH|2HB|HC|H         (d = 0.13 A)
2026-04-23 20:50:46,059 [ genlib ] [ INFO ] Checking atom CG
2026-04-23 20:50:46,059 [ genlib ] [ INFO ] Define atom pair: LYN|CG|CT|C.3        - > GLH|CG|CT|C.3        (d = 0.22 A)
2026-04-23 20:50:46,060 [ genlib ] [ INFO ] Searching order 3
2026-04-23 20:50:46,060 [ genlib ] [ INFO ] Checking atom 1HG
2026-04-23 20:50:46,060 [ genlib ] [ INFO ] Define atom pair: LYN|1HG|HC|H         - > GLH|1HG|HC|H         (d = 0.22 A)
2026-04-23 20:50:46,060 [ genlib ] [ INFO ] Checking atom 2HG
2026-04-23 20:50:46,060 [ genlib ] [ INFO ] Define atom pair: LYN|2HG|HC|H         - > GLH|2HG|HC|H         (d = 0.28 A)
2026-04-23 20:50:46,060 [ genlib ] [ INFO ] Checking atom CD
2026-04-23 20:50:46,060 [ genlib ] [ INFO ] Define atom pair: LYN|CD|CT|C.3        - > GLH|CD|C|C.2         (d = 0.23 A)
2026-04-23 20:50:46,060 [ genlib ] [ INFO ] Searching order 4
2026-04-23 20:50:46,060 [ genlib ] [ INFO ] Checking atom 1HD
2026-04-23 20:50:46,060 [ genlib ] [ INFO ] No partner found for atom 1HD
2026-04-23 20:50:46,060 [ genlib ] [ INFO ] Checking atom 2HD
2026-04-23 20:50:46,060 [ genlib ] [ INFO ] No partner found for atom 2HD
2026-04-23 20:50:46,060 [ genlib ] [ INFO ] Checking atom CE
2026-04-23 20:50:46,060 [ genlib ] [ INFO ] Define atom pair: LYN|CE|CT|C.3        - > GLH|OE1|O|O.co2      (d = 0.42 A)
2026-04-23 20:50:46,060 [ genlib ] [ INFO ] Searching order 5
2026-04-23 20:50:46,060 [ genlib ] [ INFO ] Checking atom 1HE
2026-04-23 20:50:46,060 [ genlib ] [ INFO ] No partner found for atom 1HE
2026-04-23 20:50:46,060 [ genlib ] [ INFO ] Checking atom 2HE
2026-04-23 20:50:46,060 [ genlib ] [ INFO ] No partner found for atom 2HE
2026-04-23 20:50:46,060 [ genlib ] [ INFO ] Checking atom NZ
2026-04-23 20:50:46,060 [ genlib ] [ INFO ] No partner found for atom NZ
2026-04-23 20:50:46,060 [ genlib ] [ INFO ] Searching order 6
2026-04-23 20:50:46,060 [ genlib ] [ INFO ] Searching order 7
2026-04-23 20:50:46,060 [ genlib ] [ INFO ] Searching branch 2
2026-04-23 20:50:46,060 [ genlib ] [ INFO ] Searching order 2
2026-04-23 20:50:46,060 [ genlib ] [ INFO ] Searching order 3
2026-04-23 20:50:46,060 [ genlib ] [ INFO ] Searching order 4
2026-04-23 20:50:46,060 [ genlib ] [ INFO ] Checking atom 1HD
2026-04-23 20:50:46,060 [ genlib ] [ INFO ] No partner found for atom 1HD
2026-04-23 20:50:46,060 [ genlib ] [ INFO ] Checking atom 2HD
2026-04-23 20:50:46,060 [ genlib ] [ INFO ] No partner found for atom 2HD
2026-04-23 20:50:46,060 [ genlib ] [ INFO ] Searching order 5
2026-04-23 20:50:46,060 [ genlib ] [ INFO ] Checking atom 1HE
2026-04-23 20:50:46,060 [ genlib ] [ INFO ] No partner found for atom 1HE
2026-04-23 20:50:46,060 [ genlib ] [ INFO ] Checking atom 2HE
2026-04-23 20:50:46,060 [ genlib ] [ INFO ] No partner found for atom 2HE
2026-04-23 20:50:46,060 [ genlib ] [ INFO ] Checking atom NZ
2026-04-23 20:50:46,060 [ genlib ] [ INFO ] No partner found for atom NZ
2026-04-23 20:50:46,060 [ genlib ] [ INFO ] Searching order 6
2026-04-23 20:50:46,060 [ genlib ] [ INFO ] Searching order 7
2026-04-23 20:50:46,061 [ genlib ] [ INFO ] Updating bond lists
2026-04-23 20:50:46,061 [ genlib ] [ INFO ] Updating dihedrals
2026-04-23 20:50:46,061 [ genlib ] [ INFO ] Updating impropers
2026-04-23 20:50:46,061 [ genlib ] [ INFO ] Building library files for LYN --> GLN mutant
2026-04-23 20:50:46,062 [ genlib ] [ INFO ] reading rtp file "aminoacids.rtp"
2026-04-23 20:50:46,087 [ genlib ] [ INFO ] ENTERED SIMPLE
2026-04-23 20:50:46,088 [ genlib ] [ INFO ] Making atom pairs
2026-04-23 20:50:46,088 [ genlib ] [ INFO ] Searching branch 1
2026-04-23 20:50:46,088 [ genlib ] [ INFO ] Searching order 2
2026-04-23 20:50:46,088 [ genlib ] [ INFO ] Checking atom 1HB
2026-04-23 20:50:46,088 [ genlib ] [ INFO ] Define atom pair: LYN|1HB|HC|H         - > GLN|1HB|HC|H         (d = 0.08 A)
2026-04-23 20:50:46,088 [ genlib ] [ INFO ] Checking atom 2HB
2026-04-23 20:50:46,088 [ genlib ] [ INFO ] Define atom pair: LYN|2HB|HC|H         - > GLN|2HB|HC|H         (d = 0.08 A)
2026-04-23 20:50:46,088 [ genlib ] [ INFO ] Checking atom CG
2026-04-23 20:50:46,088 [ genlib ] [ INFO ] Define atom pair: LYN|CG|CT|C.3        - > GLN|CG|CT|C.3        (d = 0.08 A)
2026-04-23 20:50:46,088 [ genlib ] [ INFO ] Searching order 3
2026-04-23 20:50:46,088 [ genlib ] [ INFO ] Checking atom 1HG
2026-04-23 20:50:46,088 [ genlib ] [ INFO ] Define atom pair: LYN|1HG|HC|H         - > GLN|1HG|HC|H         (d = 0.15 A)
2026-04-23 20:50:46,088 [ genlib ] [ INFO ] Checking atom 2HG
2026-04-23 20:50:46,088 [ genlib ] [ INFO ] Define atom pair: LYN|2HG|HC|H         - > GLN|2HG|HC|H         (d = 0.11 A)
2026-04-23 20:50:46,088 [ genlib ] [ INFO ] Checking atom CD
2026-04-23 20:50:46,088 [ genlib ] [ INFO ] Define atom pair: LYN|CD|CT|C.3        - > GLN|CD|C|C.2         (d = 0.11 A)
2026-04-23 20:50:46,088 [ genlib ] [ INFO ] Searching order 4
2026-04-23 20:50:46,088 [ genlib ] [ INFO ] Checking atom 1HD
2026-04-23 20:50:46,088 [ genlib ] [ INFO ] No partner found for atom 1HD
2026-04-23 20:50:46,088 [ genlib ] [ INFO ] Checking atom 2HD
2026-04-23 20:50:46,088 [ genlib ] [ INFO ] No partner found for atom 2HD
2026-04-23 20:50:46,088 [ genlib ] [ INFO ] Checking atom CE
2026-04-23 20:50:46,088 [ genlib ] [ INFO ] Define atom pair: LYN|CE|CT|C.3        - > GLN|OE1|O|O.2        (d = 0.30 A)
2026-04-23 20:50:46,088 [ genlib ] [ INFO ] Searching order 5
2026-04-23 20:50:46,088 [ genlib ] [ INFO ] Checking atom 1HE
2026-04-23 20:50:46,088 [ genlib ] [ INFO ] No partner found for atom 1HE
2026-04-23 20:50:46,088 [ genlib ] [ INFO ] Checking atom 2HE
2026-04-23 20:50:46,088 [ genlib ] [ INFO ] No partner found for atom 2HE
2026-04-23 20:50:46,088 [ genlib ] [ INFO ] Checking atom NZ
2026-04-23 20:50:46,088 [ genlib ] [ INFO ] No partner found for atom NZ
2026-04-23 20:50:46,088 [ genlib ] [ INFO ] Searching order 6
2026-04-23 20:50:46,088 [ genlib ] [ INFO ] Searching order 7
2026-04-23 20:50:46,088 [ genlib ] [ INFO ] Searching branch 2
2026-04-23 20:50:46,088 [ genlib ] [ INFO ] Searching order 2
2026-04-23 20:50:46,088 [ genlib ] [ INFO ] Searching order 3
2026-04-23 20:50:46,088 [ genlib ] [ INFO ] Searching order 4
2026-04-23 20:50:46,088 [ genlib ] [ INFO ] Checking atom 1HD
2026-04-23 20:50:46,088 [ genlib ] [ INFO ] No partner found for atom 1HD
2026-04-23 20:50:46,088 [ genlib ] [ INFO ] Checking atom 2HD
2026-04-23 20:50:46,088 [ genlib ] [ INFO ] No partner found for atom 2HD
2026-04-23 20:50:46,088 [ genlib ] [ INFO ] Searching order 5
2026-04-23 20:50:46,088 [ genlib ] [ INFO ] Checking atom 1HE
2026-04-23 20:50:46,088 [ genlib ] [ INFO ] No partner found for atom 1HE
2026-04-23 20:50:46,088 [ genlib ] [ INFO ] Checking atom 2HE
2026-04-23 20:50:46,088 [ genlib ] [ INFO ] No partner found for atom 2HE
2026-04-23 20:50:46,088 [ genlib ] [ INFO ] Checking atom NZ
2026-04-23 20:50:46,088 [ genlib ] [ INFO ] No partner found for atom NZ
2026-04-23 20:50:46,088 [ genlib ] [ INFO ] Searching order 6
2026-04-23 20:50:46,088 [ genlib ] [ INFO ] Searching order 7
2026-04-23 20:50:46,089 [ genlib ] [ INFO ] Updating bond lists
2026-04-23 20:50:46,089 [ genlib ] [ INFO ] Updating dihedrals
2026-04-23 20:50:46,089 [ genlib ] [ INFO ] Updating impropers
2026-04-23 20:50:46,090 [ genlib ] [ INFO ] Building library files for LYN --> GLU mutant
2026-04-23 20:50:46,090 [ genlib ] [ INFO ] reading rtp file "aminoacids.rtp"
2026-04-23 20:50:46,116 [ genlib ] [ INFO ] ENTERED SIMPLE
2026-04-23 20:50:46,116 [ genlib ] [ INFO ] Making atom pairs
2026-04-23 20:50:46,116 [ genlib ] [ INFO ] Searching branch 1
2026-04-23 20:50:46,116 [ genlib ] [ INFO ] Searching order 2
2026-04-23 20:50:46,116 [ genlib ] [ INFO ] Checking atom 1HB
2026-04-23 20:50:46,116 [ genlib ] [ INFO ] Define atom pair: LYN|1HB|HC|H         - > GLU|1HB|HC|H         (d = 0.16 A)
2026-04-23 20:50:46,116 [ genlib ] [ INFO ] Checking atom 2HB
2026-04-23 20:50:46,116 [ genlib ] [ INFO ] Define atom pair: LYN|2HB|HC|H         - > GLU|2HB|HC|H         (d = 0.10 A)
2026-04-23 20:50:46,116 [ genlib ] [ INFO ] Checking atom CG
2026-04-23 20:50:46,116 [ genlib ] [ INFO ] Define atom pair: LYN|CG|CT|C.3        - > GLU|CG|CT|C.3        (d = 0.22 A)
2026-04-23 20:50:46,116 [ genlib ] [ INFO ] Searching order 3
2026-04-23 20:50:46,116 [ genlib ] [ INFO ] Checking atom 1HG
2026-04-23 20:50:46,116 [ genlib ] [ INFO ] Define atom pair: LYN|1HG|HC|H         - > GLU|1HG|HC|H         (d = 0.27 A)
2026-04-23 20:50:46,116 [ genlib ] [ INFO ] Checking atom 2HG
2026-04-23 20:50:46,116 [ genlib ] [ INFO ] Define atom pair: LYN|2HG|HC|H         - > GLU|2HG|HC|H         (d = 0.29 A)
2026-04-23 20:50:46,116 [ genlib ] [ INFO ] Checking atom CD
2026-04-23 20:50:46,116 [ genlib ] [ INFO ] Define atom pair: LYN|CD|CT|C.3        - > GLU|CD|C|C.2         (d = 0.23 A)
2026-04-23 20:50:46,116 [ genlib ] [ INFO ] Searching order 4
2026-04-23 20:50:46,116 [ genlib ] [ INFO ] Checking atom 1HD
2026-04-23 20:50:46,116 [ genlib ] [ INFO ] No partner found for atom 1HD
2026-04-23 20:50:46,116 [ genlib ] [ INFO ] Checking atom 2HD
2026-04-23 20:50:46,116 [ genlib ] [ INFO ] No partner found for atom 2HD
2026-04-23 20:50:46,116 [ genlib ] [ INFO ] Checking atom CE
2026-04-23 20:50:46,116 [ genlib ] [ INFO ] Define atom pair: LYN|CE|CT|C.3        - > GLU|OE1|O2|O.co2     (d = 0.42 A)
2026-04-23 20:50:46,116 [ genlib ] [ INFO ] Searching order 5
2026-04-23 20:50:46,116 [ genlib ] [ INFO ] Checking atom 1HE
2026-04-23 20:50:46,116 [ genlib ] [ INFO ] No partner found for atom 1HE
2026-04-23 20:50:46,116 [ genlib ] [ INFO ] Checking atom 2HE
2026-04-23 20:50:46,116 [ genlib ] [ INFO ] No partner found for atom 2HE
2026-04-23 20:50:46,116 [ genlib ] [ INFO ] Checking atom NZ
2026-04-23 20:50:46,116 [ genlib ] [ INFO ] No partner found for atom NZ
2026-04-23 20:50:46,116 [ genlib ] [ INFO ] Searching order 6
2026-04-23 20:50:46,116 [ genlib ] [ INFO ] Searching order 7
2026-04-23 20:50:46,116 [ genlib ] [ INFO ] Searching branch 2
2026-04-23 20:50:46,116 [ genlib ] [ INFO ] Searching order 2
2026-04-23 20:50:46,116 [ genlib ] [ INFO ] Searching order 3
2026-04-23 20:50:46,116 [ genlib ] [ INFO ] Searching order 4
2026-04-23 20:50:46,116 [ genlib ] [ INFO ] Checking atom 1HD
2026-04-23 20:50:46,116 [ genlib ] [ INFO ] No partner found for atom 1HD
2026-04-23 20:50:46,116 [ genlib ] [ INFO ] Checking atom 2HD
2026-04-23 20:50:46,116 [ genlib ] [ INFO ] No partner found for atom 2HD
2026-04-23 20:50:46,116 [ genlib ] [ INFO ] Searching order 5
2026-04-23 20:50:46,116 [ genlib ] [ INFO ] Checking atom 1HE
2026-04-23 20:50:46,116 [ genlib ] [ INFO ] No partner found for atom 1HE
2026-04-23 20:50:46,116 [ genlib ] [ INFO ] Checking atom 2HE
2026-04-23 20:50:46,116 [ genlib ] [ INFO ] No partner found for atom 2HE
2026-04-23 20:50:46,116 [ genlib ] [ INFO ] Checking atom NZ
2026-04-23 20:50:46,116 [ genlib ] [ INFO ] No partner found for atom NZ
2026-04-23 20:50:46,116 [ genlib ] [ INFO ] Searching order 6
2026-04-23 20:50:46,116 [ genlib ] [ INFO ] Searching order 7
2026-04-23 20:50:46,117 [ genlib ] [ INFO ] Updating bond lists
2026-04-23 20:50:46,117 [ genlib ] [ INFO ] Updating dihedrals
2026-04-23 20:50:46,117 [ genlib ] [ INFO ] Updating impropers
2026-04-23 20:50:46,117 [ genlib ] [ INFO ] Building library files for LYN --> GLY mutant
2026-04-23 20:50:46,118 [ genlib ] [ INFO ] reading rtp file "aminoacids.rtp"
2026-04-23 20:50:46,145 [ genlib ] [ INFO ] ENTERED G
2026-04-23 20:50:46,145 [ genlib ] [ INFO ] Making atom pairs
2026-04-23 20:50:46,146 [ genlib ] [ INFO ] Updating bond lists
2026-04-23 20:50:46,146 [ genlib ] [ INFO ] Updating dihedrals
2026-04-23 20:50:46,146 [ genlib ] [ INFO ] Updating impropers
2026-04-23 20:50:46,146 [ genlib ] [ WARNING ] undefined
2026-04-23 20:50:46,146 [ genlib ] [ INFO ] Building library files for LYN --> HID mutant
2026-04-23 20:50:46,147 [ genlib ] [ INFO ] reading rtp file "aminoacids.rtp"
2026-04-23 20:50:46,175 [ genlib ] [ INFO ] ENTERED RINGS
2026-04-23 20:50:46,175 [ genlib ] [ INFO ] Making atom pairs
2026-04-23 20:50:46,177 [ genlib ] [ INFO ] Updating bond lists
2026-04-23 20:50:46,177 [ genlib ] [ INFO ] Updating dihedrals
2026-04-23 20:50:46,177 [ genlib ] [ INFO ] Updating impropers
2026-04-23 20:50:46,178 [ genlib ] [ INFO ] Building library files for LYN --> HIE mutant
2026-04-23 20:50:46,179 [ genlib ] [ INFO ] reading rtp file "aminoacids.rtp"
2026-04-23 20:50:46,225 [ genlib ] [ INFO ] ENTERED RINGS
2026-04-23 20:50:46,226 [ genlib ] [ INFO ] Making atom pairs
2026-04-23 20:50:46,228 [ genlib ] [ INFO ] Updating bond lists
2026-04-23 20:50:46,228 [ genlib ] [ INFO ] Updating dihedrals
2026-04-23 20:50:46,229 [ genlib ] [ INFO ] Updating impropers
2026-04-23 20:50:46,229 [ genlib ] [ INFO ] Building library files for LYN --> HIP mutant
2026-04-23 20:50:46,230 [ genlib ] [ INFO ] reading rtp file "aminoacids.rtp"
2026-04-23 20:50:46,257 [ genlib ] [ INFO ] ENTERED RINGS
2026-04-23 20:50:46,257 [ genlib ] [ INFO ] Making atom pairs
2026-04-23 20:50:46,261 [ genlib ] [ INFO ] Updating bond lists
2026-04-23 20:50:46,261 [ genlib ] [ INFO ] Updating dihedrals
2026-04-23 20:50:46,261 [ genlib ] [ INFO ] Updating impropers
2026-04-23 20:50:46,261 [ genlib ] [ INFO ] Building library files for LYN --> ILE mutant
2026-04-23 20:50:46,262 [ genlib ] [ INFO ] reading rtp file "aminoacids.rtp"
2026-04-23 20:50:46,290 [ genlib ] [ INFO ] ENTERED SIMPLE
2026-04-23 20:50:46,290 [ genlib ] [ INFO ] Making atom pairs
2026-04-23 20:50:46,290 [ genlib ] [ INFO ] Searching branch 1
2026-04-23 20:50:46,290 [ genlib ] [ INFO ] Searching order 2
2026-04-23 20:50:46,290 [ genlib ] [ INFO ] Checking atom 1HB
2026-04-23 20:50:46,290 [ genlib ] [ INFO ] Define atom pair: LYN|1HB|HC|H         - > ILE|HB|HC|H          (d = 0.12 A)
2026-04-23 20:50:46,290 [ genlib ] [ INFO ] Checking atom 2HB
2026-04-23 20:50:46,290 [ genlib ] [ INFO ] No partner found for atom 2HB
2026-04-23 20:50:46,290 [ genlib ] [ INFO ] Checking atom CG
2026-04-23 20:50:46,290 [ genlib ] [ INFO ] Define atom pair: LYN|CG|CT|C.3        - > ILE|CG1|CT|C.3       (d = 0.18 A)
2026-04-23 20:50:46,290 [ genlib ] [ INFO ] Searching order 3
2026-04-23 20:50:46,290 [ genlib ] [ INFO ] Checking atom 1HG
2026-04-23 20:50:46,290 [ genlib ] [ INFO ] Define atom pair: LYN|1HG|HC|H         - > ILE|1HG1|HC|H        (d = 0.17 A)
2026-04-23 20:50:46,290 [ genlib ] [ INFO ] Checking atom 2HG
2026-04-23 20:50:46,290 [ genlib ] [ INFO ] Define atom pair: LYN|2HG|HC|H         - > ILE|2HG1|HC|H        (d = 0.25 A)
2026-04-23 20:50:46,290 [ genlib ] [ INFO ] Checking atom CD
2026-04-23 20:50:46,290 [ genlib ] [ INFO ] Define atom pair: LYN|CD|CT|C.3        - > ILE|CD1|CT|C.3       (d = 0.24 A)
2026-04-23 20:50:46,290 [ genlib ] [ INFO ] Searching order 4
2026-04-23 20:50:46,290 [ genlib ] [ INFO ] Checking atom 1HD
2026-04-23 20:50:46,290 [ genlib ] [ INFO ] Define atom pair: LYN|1HD|HC|H         - > ILE|2HD1|HC|H        (d = 0.30 A)
2026-04-23 20:50:46,290 [ genlib ] [ INFO ] Checking atom 2HD
2026-04-23 20:50:46,290 [ genlib ] [ INFO ] Define atom pair: LYN|2HD|HC|H         - > ILE|3HD1|HC|H        (d = 0.32 A)
2026-04-23 20:50:46,290 [ genlib ] [ INFO ] Checking atom CE
2026-04-23 20:50:46,290 [ genlib ] [ INFO ] Define atom pair: LYN|CE|CT|C.3        - > ILE|1HD1|HC|H        (d = 0.47 A)
2026-04-23 20:50:46,290 [ genlib ] [ INFO ] Searching order 5
2026-04-23 20:50:46,290 [ genlib ] [ INFO ] Checking atom 1HE
2026-04-23 20:50:46,290 [ genlib ] [ INFO ] No partner found for atom 1HE
2026-04-23 20:50:46,290 [ genlib ] [ INFO ] Checking atom 2HE
2026-04-23 20:50:46,290 [ genlib ] [ INFO ] No partner found for atom 2HE
2026-04-23 20:50:46,290 [ genlib ] [ INFO ] Checking atom NZ
2026-04-23 20:50:46,290 [ genlib ] [ INFO ] No partner found for atom NZ
2026-04-23 20:50:46,290 [ genlib ] [ INFO ] Searching order 6
2026-04-23 20:50:46,290 [ genlib ] [ INFO ] Searching order 7
2026-04-23 20:50:46,290 [ genlib ] [ INFO ] Searching branch 2
2026-04-23 20:50:46,290 [ genlib ] [ INFO ] Searching order 2
2026-04-23 20:50:46,290 [ genlib ] [ INFO ] Checking atom 2HB
2026-04-23 20:50:46,290 [ genlib ] [ INFO ] No partner found for atom 2HB
2026-04-23 20:50:46,290 [ genlib ] [ INFO ] Searching order 3
2026-04-23 20:50:46,290 [ genlib ] [ INFO ] Searching order 4
2026-04-23 20:50:46,291 [ genlib ] [ INFO ] Searching order 5
2026-04-23 20:50:46,291 [ genlib ] [ INFO ] Checking atom 1HE
2026-04-23 20:50:46,291 [ genlib ] [ INFO ] No partner found for atom 1HE
2026-04-23 20:50:46,291 [ genlib ] [ INFO ] Checking atom 2HE
2026-04-23 20:50:46,291 [ genlib ] [ INFO ] No partner found for atom 2HE
2026-04-23 20:50:46,291 [ genlib ] [ INFO ] Checking atom NZ
2026-04-23 20:50:46,291 [ genlib ] [ INFO ] No partner found for atom NZ
2026-04-23 20:50:46,291 [ genlib ] [ INFO ] Searching order 6
2026-04-23 20:50:46,291 [ genlib ] [ INFO ] Searching order 7
2026-04-23 20:50:46,293 [ genlib ] [ INFO ] Updating bond lists
2026-04-23 20:50:46,293 [ genlib ] [ INFO ] Updating dihedrals
2026-04-23 20:50:46,293 [ genlib ] [ INFO ] Updating impropers
2026-04-23 20:50:46,294 [ genlib ] [ INFO ] Building library files for LYN --> LEU mutant
2026-04-23 20:50:46,295 [ genlib ] [ INFO ] reading rtp file "aminoacids.rtp"
2026-04-23 20:50:46,322 [ genlib ] [ INFO ] ENTERED SIMPLE
2026-04-23 20:50:46,322 [ genlib ] [ INFO ] Making atom pairs
2026-04-23 20:50:46,322 [ genlib ] [ INFO ] Searching branch 1
2026-04-23 20:50:46,322 [ genlib ] [ INFO ] Searching order 2
2026-04-23 20:50:46,322 [ genlib ] [ INFO ] Checking atom 1HB
2026-04-23 20:50:46,322 [ genlib ] [ INFO ] Define atom pair: LYN|1HB|HC|H         - > LEU|1HB|HC|H         (d = 0.08 A)
2026-04-23 20:50:46,323 [ genlib ] [ INFO ] Checking atom 2HB
2026-04-23 20:50:46,323 [ genlib ] [ INFO ] Define atom pair: LYN|2HB|HC|H         - > LEU|2HB|HC|H         (d = 0.13 A)
2026-04-23 20:50:46,323 [ genlib ] [ INFO ] Checking atom CG
2026-04-23 20:50:46,323 [ genlib ] [ INFO ] Define atom pair: LYN|CG|CT|C.3        - > LEU|CG|CT|C.3        (d = 0.09 A)
2026-04-23 20:50:46,323 [ genlib ] [ INFO ] Searching order 3
2026-04-23 20:50:46,323 [ genlib ] [ INFO ] Checking atom 1HG
2026-04-23 20:50:46,323 [ genlib ] [ INFO ] Define atom pair: LYN|1HG|HC|H         - > LEU|CD2|CT|C.3       (d = 0.53 A)
2026-04-23 20:50:46,323 [ genlib ] [ INFO ] Checking atom 2HG
2026-04-23 20:50:46,323 [ genlib ] [ INFO ] Define atom pair: LYN|2HG|HC|H         - > LEU|HG|HC|H          (d = 0.20 A)
2026-04-23 20:50:46,323 [ genlib ] [ INFO ] Checking atom CD
2026-04-23 20:50:46,323 [ genlib ] [ INFO ] Define atom pair: LYN|CD|CT|C.3        - > LEU|CD1|CT|C.3       (d = 0.11 A)
2026-04-23 20:50:46,323 [ genlib ] [ INFO ] Searching order 4
2026-04-23 20:50:46,323 [ genlib ] [ INFO ] Checking atom 1HD
2026-04-23 20:50:46,323 [ genlib ] [ INFO ] Define atom pair: LYN|1HD|HC|H         - > LEU|2HD1|HC|H        (d = 0.21 A)
2026-04-23 20:50:46,323 [ genlib ] [ INFO ] Checking atom 2HD
2026-04-23 20:50:46,323 [ genlib ] [ INFO ] Define atom pair: LYN|2HD|HC|H         - > LEU|3HD1|HC|H        (d = 0.19 A)
2026-04-23 20:50:46,323 [ genlib ] [ INFO ] Checking atom CE
2026-04-23 20:50:46,323 [ genlib ] [ INFO ] Define atom pair: LYN|CE|CT|C.3        - > LEU|1HD1|HC|H        (d = 0.49 A)
2026-04-23 20:50:46,323 [ genlib ] [ INFO ] Searching order 5
2026-04-23 20:50:46,323 [ genlib ] [ INFO ] Checking atom 1HE
2026-04-23 20:50:46,323 [ genlib ] [ INFO ] No partner found for atom 1HE
2026-04-23 20:50:46,323 [ genlib ] [ INFO ] Checking atom 2HE
2026-04-23 20:50:46,323 [ genlib ] [ INFO ] No partner found for atom 2HE
2026-04-23 20:50:46,323 [ genlib ] [ INFO ] Checking atom NZ
2026-04-23 20:50:46,323 [ genlib ] [ INFO ] No partner found for atom NZ
2026-04-23 20:50:46,323 [ genlib ] [ INFO ] Searching order 6
2026-04-23 20:50:46,323 [ genlib ] [ INFO ] Searching order 7
2026-04-23 20:50:46,323 [ genlib ] [ INFO ] Searching branch 2
2026-04-23 20:50:46,323 [ genlib ] [ INFO ] Searching order 2
2026-04-23 20:50:46,323 [ genlib ] [ INFO ] Searching order 3
2026-04-23 20:50:46,323 [ genlib ] [ INFO ] Searching order 4
2026-04-23 20:50:46,323 [ genlib ] [ INFO ] Searching order 5
2026-04-23 20:50:46,323 [ genlib ] [ INFO ] Checking atom 1HE
2026-04-23 20:50:46,323 [ genlib ] [ INFO ] No partner found for atom 1HE
2026-04-23 20:50:46,323 [ genlib ] [ INFO ] Checking atom 2HE
2026-04-23 20:50:46,323 [ genlib ] [ INFO ] No partner found for atom 2HE
2026-04-23 20:50:46,323 [ genlib ] [ INFO ] Checking atom NZ
2026-04-23 20:50:46,323 [ genlib ] [ INFO ] No partner found for atom NZ
2026-04-23 20:50:46,323 [ genlib ] [ INFO ] Searching order 6
2026-04-23 20:50:46,323 [ genlib ] [ INFO ] Searching order 7
2026-04-23 20:50:46,325 [ genlib ] [ INFO ] Updating bond lists
2026-04-23 20:50:46,325 [ genlib ] [ INFO ] Updating dihedrals
2026-04-23 20:50:46,325 [ genlib ] [ INFO ] Updating impropers
2026-04-23 20:50:46,325 [ genlib ] [ INFO ] Building library files for LYN --> LYS mutant
2026-04-23 20:50:46,326 [ genlib ] [ INFO ] reading rtp file "aminoacids.rtp"
2026-04-23 20:50:46,353 [ genlib ] [ INFO ] ENTERED SIMPLE
2026-04-23 20:50:46,353 [ genlib ] [ INFO ] Making atom pairs
2026-04-23 20:50:46,353 [ genlib ] [ INFO ] Searching branch 1
2026-04-23 20:50:46,353 [ genlib ] [ INFO ] Searching order 2
2026-04-23 20:50:46,353 [ genlib ] [ INFO ] Checking atom 1HB
2026-04-23 20:50:46,353 [ genlib ] [ INFO ] Define atom pair: LYN|1HB|HC|H         - > LYS|1HB|HC|H         (d = 0.09 A)
2026-04-23 20:50:46,353 [ genlib ] [ INFO ] Checking atom 2HB
2026-04-23 20:50:46,353 [ genlib ] [ INFO ] Define atom pair: LYN|2HB|HC|H         - > LYS|2HB|HC|H         (d = 0.10 A)
2026-04-23 20:50:46,353 [ genlib ] [ INFO ] Checking atom CG
2026-04-23 20:50:46,353 [ genlib ] [ INFO ] Define atom pair: LYN|CG|CT|C.3        - > LYS|CG|CT|C.3        (d = 0.00 A)
2026-04-23 20:50:46,353 [ genlib ] [ INFO ] Searching order 3
2026-04-23 20:50:46,353 [ genlib ] [ INFO ] Checking atom 1HG
2026-04-23 20:50:46,353 [ genlib ] [ INFO ] Define atom pair: LYN|1HG|HC|H         - > LYS|1HG|HC|H         (d = 0.11 A)
2026-04-23 20:50:46,353 [ genlib ] [ INFO ] Checking atom 2HG
2026-04-23 20:50:46,353 [ genlib ] [ INFO ] Define atom pair: LYN|2HG|HC|H         - > LYS|2HG|HC|H         (d = 0.10 A)
2026-04-23 20:50:46,353 [ genlib ] [ INFO ] Checking atom CD
2026-04-23 20:50:46,353 [ genlib ] [ INFO ] Define atom pair: LYN|CD|CT|C.3        - > LYS|CD|CT|C.3        (d = 0.03 A)
2026-04-23 20:50:46,353 [ genlib ] [ INFO ] Searching order 4
2026-04-23 20:50:46,353 [ genlib ] [ INFO ] Checking atom 1HD
2026-04-23 20:50:46,353 [ genlib ] [ INFO ] Define atom pair: LYN|1HD|HC|H         - > LYS|1HD|HC|H         (d = 0.07 A)
2026-04-23 20:50:46,353 [ genlib ] [ INFO ] Checking atom 2HD
2026-04-23 20:50:46,353 [ genlib ] [ INFO ] Define atom pair: LYN|2HD|HC|H         - > LYS|2HD|HC|H         (d = 0.08 A)
2026-04-23 20:50:46,353 [ genlib ] [ INFO ] Checking atom CE
2026-04-23 20:50:46,353 [ genlib ] [ INFO ] Define atom pair: LYN|CE|CT|C.3        - > LYS|CE|CT|C.3        (d = 0.05 A)
2026-04-23 20:50:46,353 [ genlib ] [ INFO ] Searching order 5
2026-04-23 20:50:46,353 [ genlib ] [ INFO ] Checking atom 1HE
2026-04-23 20:50:46,353 [ genlib ] [ INFO ] Define atom pair: LYN|1HE|HP|H         - > LYS|1HE|HP|H         (d = 0.14 A)
2026-04-23 20:50:46,353 [ genlib ] [ INFO ] Checking atom 2HE
2026-04-23 20:50:46,353 [ genlib ] [ INFO ] Define atom pair: LYN|2HE|HP|H         - > LYS|2HE|HP|H         (d = 0.14 A)
2026-04-23 20:50:46,353 [ genlib ] [ INFO ] Checking atom NZ
2026-04-23 20:50:46,353 [ genlib ] [ INFO ] Define atom pair: LYN|NZ|N3|N.4        - > LYS|NZ|N3|N.4        (d = 0.06 A)
2026-04-23 20:50:46,353 [ genlib ] [ INFO ] Searching order 6
2026-04-23 20:50:46,353 [ genlib ] [ INFO ] Checking atom 1HZ
2026-04-23 20:50:46,353 [ genlib ] [ INFO ] Define atom pair: LYN|1HZ|H|H          - > LYS|1HZ|H|H          (d = 0.07 A)
2026-04-23 20:50:46,353 [ genlib ] [ INFO ] Checking atom 2HZ
2026-04-23 20:50:46,353 [ genlib ] [ INFO ] Define atom pair: LYN|2HZ|H|H          - > LYS|2HZ|H|H          (d = 0.06 A)
2026-04-23 20:50:46,353 [ genlib ] [ INFO ] Searching order 7
2026-04-23 20:50:46,353 [ genlib ] [ INFO ] Searching branch 2
2026-04-23 20:50:46,353 [ genlib ] [ INFO ] Searching order 2
2026-04-23 20:50:46,353 [ genlib ] [ INFO ] Searching order 3
2026-04-23 20:50:46,353 [ genlib ] [ INFO ] Searching order 4
2026-04-23 20:50:46,353 [ genlib ] [ INFO ] Searching order 5
2026-04-23 20:50:46,353 [ genlib ] [ INFO ] Searching order 6
2026-04-23 20:50:46,353 [ genlib ] [ INFO ] Searching order 7
2026-04-23 20:50:46,354 [ genlib ] [ INFO ] Updating bond lists
2026-04-23 20:50:46,354 [ genlib ] [ INFO ] Updating dihedrals
2026-04-23 20:50:46,354 [ genlib ] [ INFO ] Updating impropers
2026-04-23 20:50:46,355 [ genlib ] [ INFO ] Building library files for LYN --> MET mutant
2026-04-23 20:50:46,355 [ genlib ] [ INFO ] reading rtp file "aminoacids.rtp"
2026-04-23 20:50:46,384 [ genlib ] [ INFO ] ENTERED SIMPLE
2026-04-23 20:50:46,384 [ genlib ] [ INFO ] Making atom pairs
2026-04-23 20:50:46,384 [ genlib ] [ INFO ] Searching branch 1
2026-04-23 20:50:46,384 [ genlib ] [ INFO ] Searching order 2
2026-04-23 20:50:46,384 [ genlib ] [ INFO ] Checking atom 1HB
2026-04-23 20:50:46,384 [ genlib ] [ INFO ] Define atom pair: LYN|1HB|HC|H         - > MET|1HB|HC|H         (d = 0.10 A)
2026-04-23 20:50:46,384 [ genlib ] [ INFO ] Checking atom 2HB
2026-04-23 20:50:46,384 [ genlib ] [ INFO ] Define atom pair: LYN|2HB|HC|H         - > MET|2HB|HC|H         (d = 0.13 A)
2026-04-23 20:50:46,384 [ genlib ] [ INFO ] Checking atom CG
2026-04-23 20:50:46,384 [ genlib ] [ INFO ] Define atom pair: LYN|CG|CT|C.3        - > MET|CG|CT|C.3        (d = 0.11 A)
2026-04-23 20:50:46,384 [ genlib ] [ INFO ] Searching order 3
2026-04-23 20:50:46,384 [ genlib ] [ INFO ] Checking atom 1HG
2026-04-23 20:50:46,384 [ genlib ] [ INFO ] Define atom pair: LYN|1HG|HC|H         - > MET|1HG|H1|H         (d = 0.13 A)
2026-04-23 20:50:46,384 [ genlib ] [ INFO ] Checking atom 2HG
2026-04-23 20:50:46,384 [ genlib ] [ INFO ] Define atom pair: LYN|2HG|HC|H         - > MET|2HG|H1|H         (d = 0.11 A)
2026-04-23 20:50:46,384 [ genlib ] [ INFO ] Checking atom CD
2026-04-23 20:50:46,384 [ genlib ] [ INFO ] Define atom pair: LYN|CD|CT|C.3        - > MET|SD|S|S.3         (d = 0.37 A)
2026-04-23 20:50:46,384 [ genlib ] [ INFO ] Searching order 4
2026-04-23 20:50:46,384 [ genlib ] [ INFO ] Checking atom 1HD
2026-04-23 20:50:46,384 [ genlib ] [ INFO ] No partner found for atom 1HD
2026-04-23 20:50:46,384 [ genlib ] [ INFO ] Checking atom 2HD
2026-04-23 20:50:46,384 [ genlib ] [ INFO ] No partner found for atom 2HD
2026-04-23 20:50:46,384 [ genlib ] [ INFO ] Checking atom CE
2026-04-23 20:50:46,384 [ genlib ] [ INFO ] Define atom pair: LYN|CE|CT|C.3        - > MET|CE|CT|C.3        (d = 0.48 A)
2026-04-23 20:50:46,384 [ genlib ] [ INFO ] Searching order 5
2026-04-23 20:50:46,384 [ genlib ] [ INFO ] Checking atom 1HE
2026-04-23 20:50:46,384 [ genlib ] [ INFO ] Define atom pair: LYN|1HE|HP|H         - > MET|2HE|H1|H         (d = 0.52 A)
2026-04-23 20:50:46,384 [ genlib ] [ INFO ] Checking atom 2HE
2026-04-23 20:50:46,384 [ genlib ] [ INFO ] Define atom pair: LYN|2HE|HP|H         - > MET|3HE|H1|H         (d = 0.45 A)
2026-04-23 20:50:46,384 [ genlib ] [ INFO ] Checking atom NZ
2026-04-23 20:50:46,384 [ genlib ] [ INFO ] No partner found for atom NZ
2026-04-23 20:50:46,384 [ genlib ] [ INFO ] Searching order 6
2026-04-23 20:50:46,384 [ genlib ] [ INFO ] Searching order 7
2026-04-23 20:50:46,384 [ genlib ] [ INFO ] Searching branch 2
2026-04-23 20:50:46,384 [ genlib ] [ INFO ] Searching order 2
2026-04-23 20:50:46,384 [ genlib ] [ INFO ] Searching order 3
2026-04-23 20:50:46,384 [ genlib ] [ INFO ] Searching order 4
2026-04-23 20:50:46,384 [ genlib ] [ INFO ] Checking atom 1HD
2026-04-23 20:50:46,384 [ genlib ] [ INFO ] No partner found for atom 1HD
2026-04-23 20:50:46,384 [ genlib ] [ INFO ] Checking atom 2HD
2026-04-23 20:50:46,384 [ genlib ] [ INFO ] No partner found for atom 2HD
2026-04-23 20:50:46,384 [ genlib ] [ INFO ] Searching order 5
2026-04-23 20:50:46,384 [ genlib ] [ INFO ] Checking atom NZ
2026-04-23 20:50:46,384 [ genlib ] [ INFO ] No partner found for atom NZ
2026-04-23 20:50:46,384 [ genlib ] [ INFO ] Searching order 6
2026-04-23 20:50:46,384 [ genlib ] [ INFO ] Searching order 7
2026-04-23 20:50:46,385 [ genlib ] [ INFO ] Updating bond lists
2026-04-23 20:50:46,385 [ genlib ] [ INFO ] Updating dihedrals
2026-04-23 20:50:46,385 [ genlib ] [ INFO ] Updating impropers
2026-04-23 20:50:46,386 [ genlib ] [ INFO ] Building library files for LYN --> PHE mutant
2026-04-23 20:50:46,387 [ genlib ] [ INFO ] reading rtp file "aminoacids.rtp"
2026-04-23 20:50:46,414 [ genlib ] [ INFO ] ENTERED RINGS
2026-04-23 20:50:46,414 [ genlib ] [ INFO ] Making atom pairs
2026-04-23 20:50:46,419 [ genlib ] [ INFO ] Updating bond lists
2026-04-23 20:50:46,419 [ genlib ] [ INFO ] Updating dihedrals
2026-04-23 20:50:46,419 [ genlib ] [ INFO ] Updating impropers
2026-04-23 20:50:46,420 [ genlib ] [ INFO ] Building library files for LYN --> PRO mutant
2026-04-23 20:50:46,420 [ genlib ] [ INFO ] reading rtp file "aminoacids.rtp"
2026-04-23 20:50:46,448 [ genlib ] [ INFO ] ENTERED P
2026-04-23 20:50:46,448 [ genlib ] [ INFO ] Making atom pairs
2026-04-23 20:50:46,451 [ genlib ] [ INFO ] Updating bond lists
2026-04-23 20:50:46,451 [ genlib ] [ INFO ] Updating dihedrals
2026-04-23 20:50:46,451 [ genlib ] [ INFO ] Updating impropers
2026-04-23 20:50:46,451 [ genlib ] [ WARNING ] undefined
2026-04-23 20:50:46,452 [ genlib ] [ INFO ] Building library files for LYN --> SER mutant
2026-04-23 20:50:46,452 [ genlib ] [ INFO ] reading rtp file "aminoacids.rtp"
2026-04-23 20:50:46,481 [ genlib ] [ INFO ] ENTERED SIMPLE
2026-04-23 20:50:46,481 [ genlib ] [ INFO ] Making atom pairs
2026-04-23 20:50:46,481 [ genlib ] [ INFO ] Searching branch 1
2026-04-23 20:50:46,481 [ genlib ] [ INFO ] Searching order 2
2026-04-23 20:50:46,481 [ genlib ] [ INFO ] Checking atom 1HB
2026-04-23 20:50:46,481 [ genlib ] [ INFO ] Define atom pair: LYN|1HB|HC|H         - > SER|1HB|H1|H         (d = 0.13 A)
2026-04-23 20:50:46,481 [ genlib ] [ INFO ] Checking atom 2HB
2026-04-23 20:50:46,481 [ genlib ] [ INFO ] Define atom pair: LYN|2HB|HC|H         - > SER|2HB|H1|H         (d = 0.11 A)
2026-04-23 20:50:46,481 [ genlib ] [ INFO ] Checking atom CG
2026-04-23 20:50:46,481 [ genlib ] [ INFO ] Define atom pair: LYN|CG|CT|C.3        - > SER|OG|OH|O.3        (d = 0.19 A)
2026-04-23 20:50:46,481 [ genlib ] [ INFO ] Searching order 3
2026-04-23 20:50:46,481 [ genlib ] [ INFO ] Checking atom 1HG
2026-04-23 20:50:46,481 [ genlib ] [ INFO ] No partner found for atom 1HG
2026-04-23 20:50:46,481 [ genlib ] [ INFO ] Checking atom 2HG
2026-04-23 20:50:46,481 [ genlib ] [ INFO ] No partner found for atom 2HG
2026-04-23 20:50:46,481 [ genlib ] [ INFO ] Checking atom CD
2026-04-23 20:50:46,481 [ genlib ] [ INFO ] No partner found for atom CD
2026-04-23 20:50:46,481 [ genlib ] [ INFO ] Searching order 4
2026-04-23 20:50:46,481 [ genlib ] [ INFO ] Searching order 5
2026-04-23 20:50:46,481 [ genlib ] [ INFO ] Searching order 6
2026-04-23 20:50:46,481 [ genlib ] [ INFO ] Searching order 7
2026-04-23 20:50:46,481 [ genlib ] [ INFO ] Searching branch 2
2026-04-23 20:50:46,481 [ genlib ] [ INFO ] Searching order 2
2026-04-23 20:50:46,481 [ genlib ] [ INFO ] Searching order 3
2026-04-23 20:50:46,481 [ genlib ] [ INFO ] Checking atom 1HG
2026-04-23 20:50:46,481 [ genlib ] [ INFO ] No partner found for atom 1HG
2026-04-23 20:50:46,481 [ genlib ] [ INFO ] Checking atom 2HG
2026-04-23 20:50:46,481 [ genlib ] [ INFO ] No partner found for atom 2HG
2026-04-23 20:50:46,481 [ genlib ] [ INFO ] Checking atom CD
2026-04-23 20:50:46,481 [ genlib ] [ INFO ] No partner found for atom CD
2026-04-23 20:50:46,481 [ genlib ] [ INFO ] Searching order 4
2026-04-23 20:50:46,481 [ genlib ] [ INFO ] Searching order 5
2026-04-23 20:50:46,481 [ genlib ] [ INFO ] Searching order 6
2026-04-23 20:50:46,481 [ genlib ] [ INFO ] Searching order 7
2026-04-23 20:50:46,482 [ genlib ] [ INFO ] Updating bond lists
2026-04-23 20:50:46,482 [ genlib ] [ INFO ] Updating dihedrals
2026-04-23 20:50:46,482 [ genlib ] [ INFO ] Updating impropers
2026-04-23 20:50:46,482 [ genlib ] [ INFO ] Building library files for LYN --> THR mutant
2026-04-23 20:50:46,483 [ genlib ] [ INFO ] reading rtp file "aminoacids.rtp"
2026-04-23 20:50:46,512 [ genlib ] [ INFO ] ENTERED SIMPLE
2026-04-23 20:50:46,512 [ genlib ] [ INFO ] Making atom pairs
2026-04-23 20:50:46,512 [ genlib ] [ INFO ] Searching branch 1
2026-04-23 20:50:46,512 [ genlib ] [ INFO ] Searching order 2
2026-04-23 20:50:46,512 [ genlib ] [ INFO ] Checking atom 1HB
2026-04-23 20:50:46,512 [ genlib ] [ INFO ] Define atom pair: LYN|1HB|HC|H         - > THR|HB|H1|H          (d = 0.12 A)
2026-04-23 20:50:46,512 [ genlib ] [ INFO ] Checking atom 2HB
2026-04-23 20:50:46,512 [ genlib ] [ INFO ] No partner found for atom 2HB
2026-04-23 20:50:46,512 [ genlib ] [ INFO ] Checking atom CG
2026-04-23 20:50:46,512 [ genlib ] [ INFO ] Define atom pair: LYN|CG|CT|C.3        - > THR|OG1|OH|O.3       (d = 0.24 A)
2026-04-23 20:50:46,512 [ genlib ] [ INFO ] Searching order 3
2026-04-23 20:50:46,512 [ genlib ] [ INFO ] Checking atom 1HG
2026-04-23 20:50:46,512 [ genlib ] [ INFO ] No partner found for atom 1HG
2026-04-23 20:50:46,512 [ genlib ] [ INFO ] Checking atom 2HG
2026-04-23 20:50:46,512 [ genlib ] [ INFO ] No partner found for atom 2HG
2026-04-23 20:50:46,512 [ genlib ] [ INFO ] Checking atom CD
2026-04-23 20:50:46,512 [ genlib ] [ INFO ] No partner found for atom CD
2026-04-23 20:50:46,512 [ genlib ] [ INFO ] Searching order 4
2026-04-23 20:50:46,512 [ genlib ] [ INFO ] Searching order 5
2026-04-23 20:50:46,512 [ genlib ] [ INFO ] Searching order 6
2026-04-23 20:50:46,512 [ genlib ] [ INFO ] Searching order 7
2026-04-23 20:50:46,512 [ genlib ] [ INFO ] Searching branch 2
2026-04-23 20:50:46,512 [ genlib ] [ INFO ] Searching order 2
2026-04-23 20:50:46,512 [ genlib ] [ INFO ] Checking atom 2HB
2026-04-23 20:50:46,512 [ genlib ] [ INFO ] No partner found for atom 2HB
2026-04-23 20:50:46,512 [ genlib ] [ INFO ] Searching order 3
2026-04-23 20:50:46,512 [ genlib ] [ INFO ] Checking atom 1HG
2026-04-23 20:50:46,512 [ genlib ] [ INFO ] No partner found for atom 1HG
2026-04-23 20:50:46,512 [ genlib ] [ INFO ] Checking atom 2HG
2026-04-23 20:50:46,512 [ genlib ] [ INFO ] No partner found for atom 2HG
2026-04-23 20:50:46,512 [ genlib ] [ INFO ] Checking atom CD
2026-04-23 20:50:46,512 [ genlib ] [ INFO ] No partner found for atom CD
2026-04-23 20:50:46,512 [ genlib ] [ INFO ] Searching order 4
2026-04-23 20:50:46,512 [ genlib ] [ INFO ] Searching order 5
2026-04-23 20:50:46,512 [ genlib ] [ INFO ] Searching order 6
2026-04-23 20:50:46,512 [ genlib ] [ INFO ] Searching order 7
2026-04-23 20:50:46,514 [ genlib ] [ INFO ] Updating bond lists
2026-04-23 20:50:46,514 [ genlib ] [ INFO ] Updating dihedrals
2026-04-23 20:50:46,514 [ genlib ] [ INFO ] Updating impropers
2026-04-23 20:50:46,514 [ genlib ] [ INFO ] Building library files for LYN --> TRP mutant
2026-04-23 20:50:46,515 [ genlib ] [ INFO ] reading rtp file "aminoacids.rtp"
2026-04-23 20:50:46,544 [ genlib ] [ INFO ] ENTERED RINGS
2026-04-23 20:50:46,544 [ genlib ] [ INFO ] Making atom pairs
2026-04-23 20:50:46,552 [ genlib ] [ INFO ] Updating bond lists
2026-04-23 20:50:46,553 [ genlib ] [ INFO ] Updating dihedrals
2026-04-23 20:50:46,553 [ genlib ] [ INFO ] Updating impropers
2026-04-23 20:50:46,554 [ genlib ] [ INFO ] Building library files for LYN --> TYR mutant
2026-04-23 20:50:46,555 [ genlib ] [ INFO ] reading rtp file "aminoacids.rtp"
2026-04-23 20:50:46,595 [ genlib ] [ INFO ] ENTERED RINGS
2026-04-23 20:50:46,595 [ genlib ] [ INFO ] Making atom pairs
2026-04-23 20:50:46,601 [ genlib ] [ INFO ] Updating bond lists
2026-04-23 20:50:46,601 [ genlib ] [ INFO ] Updating dihedrals
2026-04-23 20:50:46,601 [ genlib ] [ INFO ] Updating impropers
2026-04-23 20:50:46,602 [ genlib ] [ INFO ] Building library files for LYN --> VAL mutant
2026-04-23 20:50:46,603 [ genlib ] [ INFO ] reading rtp file "aminoacids.rtp"
2026-04-23 20:50:46,630 [ genlib ] [ INFO ] ENTERED SIMPLE
2026-04-23 20:50:46,630 [ genlib ] [ INFO ] Making atom pairs
2026-04-23 20:50:46,630 [ genlib ] [ INFO ] Searching branch 1
2026-04-23 20:50:46,630 [ genlib ] [ INFO ] Searching order 2
2026-04-23 20:50:46,630 [ genlib ] [ INFO ] Checking atom 1HB
2026-04-23 20:50:46,630 [ genlib ] [ INFO ] Define atom pair: LYN|1HB|HC|H         - > VAL|HB|HC|H          (d = 0.19 A)
2026-04-23 20:50:46,630 [ genlib ] [ INFO ] Checking atom 2HB
2026-04-23 20:50:46,630 [ genlib ] [ INFO ] Define atom pair: LYN|2HB|HC|H         - > VAL|CG1|CT|C.3       (d = 0.53 A)
2026-04-23 20:50:46,630 [ genlib ] [ INFO ] Checking atom CG
2026-04-23 20:50:46,630 [ genlib ] [ INFO ] Define atom pair: LYN|CG|CT|C.3        - > VAL|CG2|CT|C.3       (d = 0.25 A)
2026-04-23 20:50:46,630 [ genlib ] [ INFO ] Searching order 3
2026-04-23 20:50:46,630 [ genlib ] [ INFO ] Checking atom 1HG
2026-04-23 20:50:46,630 [ genlib ] [ INFO ] Define atom pair: LYN|1HG|HC|H         - > VAL|2HG2|HC|H        (d = 0.35 A)
2026-04-23 20:50:46,630 [ genlib ] [ INFO ] Checking atom 2HG
2026-04-23 20:50:46,630 [ genlib ] [ INFO ] Define atom pair: LYN|2HG|HC|H         - > VAL|3HG2|HC|H        (d = 0.37 A)
2026-04-23 20:50:46,630 [ genlib ] [ INFO ] Checking atom CD
2026-04-23 20:50:46,630 [ genlib ] [ INFO ] Define atom pair: LYN|CD|CT|C.3        - > VAL|1HG2|HC|H        (d = 0.44 A)
2026-04-23 20:50:46,630 [ genlib ] [ INFO ] Searching order 4
2026-04-23 20:50:46,630 [ genlib ] [ INFO ] Checking atom 1HD
2026-04-23 20:50:46,631 [ genlib ] [ INFO ] No partner found for atom 1HD
2026-04-23 20:50:46,631 [ genlib ] [ INFO ] Checking atom 2HD
2026-04-23 20:50:46,631 [ genlib ] [ INFO ] No partner found for atom 2HD
2026-04-23 20:50:46,631 [ genlib ] [ INFO ] Checking atom CE
2026-04-23 20:50:46,631 [ genlib ] [ INFO ] No partner found for atom CE
2026-04-23 20:50:46,631 [ genlib ] [ INFO ] Searching order 5
2026-04-23 20:50:46,631 [ genlib ] [ INFO ] Searching order 6
2026-04-23 20:50:46,631 [ genlib ] [ INFO ] Searching order 7
2026-04-23 20:50:46,631 [ genlib ] [ INFO ] Searching branch 2
2026-04-23 20:50:46,631 [ genlib ] [ INFO ] Searching order 2
2026-04-23 20:50:46,631 [ genlib ] [ INFO ] Searching order 3
2026-04-23 20:50:46,631 [ genlib ] [ INFO ] Searching order 4
2026-04-23 20:50:46,631 [ genlib ] [ INFO ] Checking atom 1HD
2026-04-23 20:50:46,631 [ genlib ] [ INFO ] No partner found for atom 1HD
2026-04-23 20:50:46,631 [ genlib ] [ INFO ] Checking atom 2HD
2026-04-23 20:50:46,631 [ genlib ] [ INFO ] No partner found for atom 2HD
2026-04-23 20:50:46,631 [ genlib ] [ INFO ] Checking atom CE
2026-04-23 20:50:46,631 [ genlib ] [ INFO ] No partner found for atom CE
2026-04-23 20:50:46,631 [ genlib ] [ INFO ] Searching order 5
2026-04-23 20:50:46,631 [ genlib ] [ INFO ] Searching order 6
2026-04-23 20:50:46,631 [ genlib ] [ INFO ] Searching order 7
2026-04-23 20:50:46,632 [ genlib ] [ INFO ] Updating bond lists
2026-04-23 20:50:46,633 [ genlib ] [ INFO ] Updating dihedrals
2026-04-23 20:50:46,633 [ genlib ] [ INFO ] Updating impropers
2026-04-23 20:50:46,633 [ genlib ] [ INFO ] Building library files for LYS --> ALA mutant
2026-04-23 20:50:46,634 [ genlib ] [ INFO ] reading rtp file "aminoacids.rtp"
2026-04-23 20:50:46,661 [ genlib ] [ INFO ] ENTERED SIMPLE
2026-04-23 20:50:46,661 [ genlib ] [ INFO ] Making atom pairs
2026-04-23 20:50:46,661 [ genlib ] [ INFO ] Searching branch 1
2026-04-23 20:50:46,661 [ genlib ] [ INFO ] Searching order 2
2026-04-23 20:50:46,661 [ genlib ] [ INFO ] Checking atom 1HB
2026-04-23 20:50:46,661 [ genlib ] [ INFO ] Define atom pair: LYS|1HB|HC|H         - > ALA|2HB|HC|H         (d = 0.06 A)
2026-04-23 20:50:46,661 [ genlib ] [ INFO ] Checking atom 2HB
2026-04-23 20:50:46,661 [ genlib ] [ INFO ] Define atom pair: LYS|2HB|HC|H         - > ALA|3HB|HC|H         (d = 0.07 A)
2026-04-23 20:50:46,661 [ genlib ] [ INFO ] Checking atom CG
2026-04-23 20:50:46,661 [ genlib ] [ INFO ] Define atom pair: LYS|CG|CT|C.3        - > ALA|1HB|HC|H         (d = 0.47 A)
2026-04-23 20:50:46,661 [ genlib ] [ INFO ] Searching order 3
2026-04-23 20:50:46,661 [ genlib ] [ INFO ] Checking atom 1HG
2026-04-23 20:50:46,661 [ genlib ] [ INFO ] No partner found for atom 1HG
2026-04-23 20:50:46,661 [ genlib ] [ INFO ] Checking atom 2HG
2026-04-23 20:50:46,661 [ genlib ] [ INFO ] No partner found for atom 2HG
2026-04-23 20:50:46,662 [ genlib ] [ INFO ] Checking atom CD
2026-04-23 20:50:46,662 [ genlib ] [ INFO ] No partner found for atom CD
2026-04-23 20:50:46,662 [ genlib ] [ INFO ] Searching order 4
2026-04-23 20:50:46,662 [ genlib ] [ INFO ] Searching order 5
2026-04-23 20:50:46,662 [ genlib ] [ INFO ] Searching order 6
2026-04-23 20:50:46,662 [ genlib ] [ INFO ] Searching order 7
2026-04-23 20:50:46,662 [ genlib ] [ INFO ] Searching branch 2
2026-04-23 20:50:46,662 [ genlib ] [ INFO ] Searching order 2
2026-04-23 20:50:46,662 [ genlib ] [ INFO ] Searching order 3
2026-04-23 20:50:46,662 [ genlib ] [ INFO ] Checking atom 1HG
2026-04-23 20:50:46,662 [ genlib ] [ INFO ] No partner found for atom 1HG
2026-04-23 20:50:46,662 [ genlib ] [ INFO ] Checking atom 2HG
2026-04-23 20:50:46,662 [ genlib ] [ INFO ] No partner found for atom 2HG
2026-04-23 20:50:46,662 [ genlib ] [ INFO ] Checking atom CD
2026-04-23 20:50:46,662 [ genlib ] [ INFO ] No partner found for atom CD
2026-04-23 20:50:46,662 [ genlib ] [ INFO ] Searching order 4
2026-04-23 20:50:46,662 [ genlib ] [ INFO ] Searching order 5
2026-04-23 20:50:46,662 [ genlib ] [ INFO ] Searching order 6
2026-04-23 20:50:46,662 [ genlib ] [ INFO ] Searching order 7
2026-04-23 20:50:46,662 [ genlib ] [ INFO ] Updating bond lists
2026-04-23 20:50:46,662 [ genlib ] [ INFO ] Updating dihedrals
2026-04-23 20:50:46,662 [ genlib ] [ INFO ] Updating impropers
2026-04-23 20:50:46,663 [ genlib ] [ INFO ] Building library files for LYS --> ARG mutant
2026-04-23 20:50:46,664 [ genlib ] [ INFO ] reading rtp file "aminoacids.rtp"
2026-04-23 20:50:46,692 [ genlib ] [ INFO ] ENTERED SIMPLE
2026-04-23 20:50:46,692 [ genlib ] [ INFO ] Making atom pairs
2026-04-23 20:50:46,692 [ genlib ] [ INFO ] Searching branch 1
2026-04-23 20:50:46,692 [ genlib ] [ INFO ] Searching order 2
2026-04-23 20:50:46,692 [ genlib ] [ INFO ] Checking atom 1HB
2026-04-23 20:50:46,692 [ genlib ] [ INFO ] Define atom pair: LYS|1HB|HC|H         - > ARG|1HB|HC|H         (d = 0.01 A)
2026-04-23 20:50:46,692 [ genlib ] [ INFO ] Checking atom 2HB
2026-04-23 20:50:46,692 [ genlib ] [ INFO ] Define atom pair: LYS|2HB|HC|H         - > ARG|2HB|HC|H         (d = 0.00 A)
2026-04-23 20:50:46,692 [ genlib ] [ INFO ] Checking atom CG
2026-04-23 20:50:46,692 [ genlib ] [ INFO ] Define atom pair: LYS|CG|CT|C.3        - > ARG|CG|CT|C.3        (d = 0.01 A)
2026-04-23 20:50:46,692 [ genlib ] [ INFO ] Searching order 3
2026-04-23 20:50:46,692 [ genlib ] [ INFO ] Checking atom 1HG
2026-04-23 20:50:46,692 [ genlib ] [ INFO ] Define atom pair: LYS|1HG|HC|H         - > ARG|1HG|HC|H         (d = 0.01 A)
2026-04-23 20:50:46,692 [ genlib ] [ INFO ] Checking atom 2HG
2026-04-23 20:50:46,692 [ genlib ] [ INFO ] Define atom pair: LYS|2HG|HC|H         - > ARG|2HG|HC|H         (d = 0.02 A)
2026-04-23 20:50:46,692 [ genlib ] [ INFO ] Checking atom CD
2026-04-23 20:50:46,692 [ genlib ] [ INFO ] Define atom pair: LYS|CD|CT|C.3        - > ARG|CD|CT|C.3        (d = 0.01 A)
2026-04-23 20:50:46,692 [ genlib ] [ INFO ] Searching order 4
2026-04-23 20:50:46,692 [ genlib ] [ INFO ] Checking atom 1HD
2026-04-23 20:50:46,692 [ genlib ] [ INFO ] Define atom pair: LYS|1HD|HC|H         - > ARG|1HD|H1|H         (d = 0.02 A)
2026-04-23 20:50:46,692 [ genlib ] [ INFO ] Checking atom 2HD
2026-04-23 20:50:46,692 [ genlib ] [ INFO ] Define atom pair: LYS|2HD|HC|H         - > ARG|2HD|H1|H         (d = 0.02 A)
2026-04-23 20:50:46,692 [ genlib ] [ INFO ] Checking atom CE
2026-04-23 20:50:46,692 [ genlib ] [ INFO ] Define atom pair: LYS|CE|CT|C.3        - > ARG|NE|N2|N.pl3      (d = 0.08 A)
2026-04-23 20:50:46,692 [ genlib ] [ INFO ] Searching order 5
2026-04-23 20:50:46,692 [ genlib ] [ INFO ] Checking atom 1HE
2026-04-23 20:50:46,692 [ genlib ] [ INFO ] No partner found for atom 1HE
2026-04-23 20:50:46,692 [ genlib ] [ INFO ] Checking atom 2HE
2026-04-23 20:50:46,692 [ genlib ] [ INFO ] No partner found for atom 2HE
2026-04-23 20:50:46,692 [ genlib ] [ INFO ] Checking atom NZ
2026-04-23 20:50:46,692 [ genlib ] [ INFO ] Define atom pair: LYS|NZ|N3|N.4        - > ARG|CZ|CA|C.cat      (d = 0.35 A)
2026-04-23 20:50:46,692 [ genlib ] [ INFO ] Searching order 6
2026-04-23 20:50:46,692 [ genlib ] [ INFO ] Checking atom 1HZ
2026-04-23 20:50:46,692 [ genlib ] [ INFO ] No partner found for atom 1HZ
2026-04-23 20:50:46,692 [ genlib ] [ INFO ] Checking atom 2HZ
2026-04-23 20:50:46,692 [ genlib ] [ INFO ] No partner found for atom 2HZ
2026-04-23 20:50:46,692 [ genlib ] [ INFO ] Checking atom 3HZ
2026-04-23 20:50:46,692 [ genlib ] [ INFO ] No partner found for atom 3HZ
2026-04-23 20:50:46,692 [ genlib ] [ INFO ] Searching order 7
2026-04-23 20:50:46,692 [ genlib ] [ INFO ] Searching branch 2
2026-04-23 20:50:46,692 [ genlib ] [ INFO ] Searching order 2
2026-04-23 20:50:46,692 [ genlib ] [ INFO ] Searching order 3
2026-04-23 20:50:46,692 [ genlib ] [ INFO ] Searching order 4
2026-04-23 20:50:46,692 [ genlib ] [ INFO ] Searching order 5
2026-04-23 20:50:46,692 [ genlib ] [ INFO ] Checking atom 1HE
2026-04-23 20:50:46,692 [ genlib ] [ INFO ] No partner found for atom 1HE
2026-04-23 20:50:46,692 [ genlib ] [ INFO ] Checking atom 2HE
2026-04-23 20:50:46,692 [ genlib ] [ INFO ] No partner found for atom 2HE
2026-04-23 20:50:46,692 [ genlib ] [ INFO ] Searching order 6
2026-04-23 20:50:46,692 [ genlib ] [ INFO ] Checking atom 1HZ
2026-04-23 20:50:46,692 [ genlib ] [ INFO ] No partner found for atom 1HZ
2026-04-23 20:50:46,692 [ genlib ] [ INFO ] Checking atom 2HZ
2026-04-23 20:50:46,692 [ genlib ] [ INFO ] No partner found for atom 2HZ
2026-04-23 20:50:46,692 [ genlib ] [ INFO ] Checking atom 3HZ
2026-04-23 20:50:46,692 [ genlib ] [ INFO ] No partner found for atom 3HZ
2026-04-23 20:50:46,692 [ genlib ] [ INFO ] Searching order 7
2026-04-23 20:50:46,695 [ genlib ] [ INFO ] Updating bond lists
2026-04-23 20:50:46,696 [ genlib ] [ INFO ] Updating dihedrals
2026-04-23 20:50:46,696 [ genlib ] [ INFO ] Updating impropers
2026-04-23 20:50:46,696 [ genlib ] [ INFO ] Building library files for LYS --> ASH mutant
2026-04-23 20:50:46,697 [ genlib ] [ INFO ] reading rtp file "aminoacids.rtp"
2026-04-23 20:50:46,724 [ genlib ] [ INFO ] ENTERED SIMPLE
2026-04-23 20:50:46,724 [ genlib ] [ INFO ] Making atom pairs
2026-04-23 20:50:46,724 [ genlib ] [ INFO ] Searching branch 1
2026-04-23 20:50:46,724 [ genlib ] [ INFO ] Searching order 2
2026-04-23 20:50:46,724 [ genlib ] [ INFO ] Checking atom 1HB
2026-04-23 20:50:46,724 [ genlib ] [ INFO ] Define atom pair: LYS|1HB|HC|H         - > ASH|1HB|HC|H         (d = 0.18 A)
2026-04-23 20:50:46,724 [ genlib ] [ INFO ] Checking atom 2HB
2026-04-23 20:50:46,724 [ genlib ] [ INFO ] Define atom pair: LYS|2HB|HC|H         - > ASH|2HB|HC|H         (d = 0.16 A)
2026-04-23 20:50:46,724 [ genlib ] [ INFO ] Checking atom CG
2026-04-23 20:50:46,724 [ genlib ] [ INFO ] Define atom pair: LYS|CG|CT|C.3        - > ASH|CG|C|C.2         (d = 0.18 A)
2026-04-23 20:50:46,724 [ genlib ] [ INFO ] Searching order 3
2026-04-23 20:50:46,724 [ genlib ] [ INFO ] Checking atom 1HG
2026-04-23 20:50:46,724 [ genlib ] [ INFO ] No partner found for atom 1HG
2026-04-23 20:50:46,724 [ genlib ] [ INFO ] Checking atom 2HG
2026-04-23 20:50:46,724 [ genlib ] [ INFO ] No partner found for atom 2HG
2026-04-23 20:50:46,724 [ genlib ] [ INFO ] Checking atom CD
2026-04-23 20:50:46,724 [ genlib ] [ INFO ] Define atom pair: LYS|CD|CT|C.3        - > ASH|OD1|O|O.co2      (d = 0.28 A)
2026-04-23 20:50:46,724 [ genlib ] [ INFO ] Searching order 4
2026-04-23 20:50:46,724 [ genlib ] [ INFO ] Checking atom 1HD
2026-04-23 20:50:46,724 [ genlib ] [ INFO ] No partner found for atom 1HD
2026-04-23 20:50:46,724 [ genlib ] [ INFO ] Checking atom 2HD
2026-04-23 20:50:46,724 [ genlib ] [ INFO ] No partner found for atom 2HD
2026-04-23 20:50:46,724 [ genlib ] [ INFO ] Checking atom CE
2026-04-23 20:50:46,724 [ genlib ] [ INFO ] No partner found for atom CE
2026-04-23 20:50:46,724 [ genlib ] [ INFO ] Searching order 5
2026-04-23 20:50:46,724 [ genlib ] [ INFO ] Searching order 6
2026-04-23 20:50:46,724 [ genlib ] [ INFO ] Searching order 7
2026-04-23 20:50:46,724 [ genlib ] [ INFO ] Searching branch 2
2026-04-23 20:50:46,724 [ genlib ] [ INFO ] Searching order 2
2026-04-23 20:50:46,724 [ genlib ] [ INFO ] Searching order 3
2026-04-23 20:50:46,724 [ genlib ] [ INFO ] Checking atom 1HG
2026-04-23 20:50:46,724 [ genlib ] [ INFO ] No partner found for atom 1HG
2026-04-23 20:50:46,724 [ genlib ] [ INFO ] Checking atom 2HG
2026-04-23 20:50:46,724 [ genlib ] [ INFO ] No partner found for atom 2HG
2026-04-23 20:50:46,724 [ genlib ] [ INFO ] Searching order 4
2026-04-23 20:50:46,724 [ genlib ] [ INFO ] Checking atom 1HD
2026-04-23 20:50:46,724 [ genlib ] [ INFO ] No partner found for atom 1HD
2026-04-23 20:50:46,724 [ genlib ] [ INFO ] Checking atom 2HD
2026-04-23 20:50:46,724 [ genlib ] [ INFO ] No partner found for atom 2HD
2026-04-23 20:50:46,724 [ genlib ] [ INFO ] Checking atom CE
2026-04-23 20:50:46,724 [ genlib ] [ INFO ] No partner found for atom CE
2026-04-23 20:50:46,724 [ genlib ] [ INFO ] Searching order 5
2026-04-23 20:50:46,724 [ genlib ] [ INFO ] Searching order 6
2026-04-23 20:50:46,724 [ genlib ] [ INFO ] Searching order 7
2026-04-23 20:50:46,725 [ genlib ] [ INFO ] Updating bond lists
2026-04-23 20:50:46,725 [ genlib ] [ INFO ] Updating dihedrals
2026-04-23 20:50:46,725 [ genlib ] [ INFO ] Updating impropers
2026-04-23 20:50:46,725 [ genlib ] [ INFO ] Building library files for LYS --> ASN mutant
2026-04-23 20:50:46,726 [ genlib ] [ INFO ] reading rtp file "aminoacids.rtp"
2026-04-23 20:50:46,751 [ genlib ] [ INFO ] ENTERED SIMPLE
2026-04-23 20:50:46,751 [ genlib ] [ INFO ] Making atom pairs
2026-04-23 20:50:46,751 [ genlib ] [ INFO ] Searching branch 1
2026-04-23 20:50:46,751 [ genlib ] [ INFO ] Searching order 2
2026-04-23 20:50:46,751 [ genlib ] [ INFO ] Checking atom 1HB
2026-04-23 20:50:46,751 [ genlib ] [ INFO ] Define atom pair: LYS|1HB|HC|H         - > ASN|1HB|HC|H         (d = 0.18 A)
2026-04-23 20:50:46,751 [ genlib ] [ INFO ] Checking atom 2HB
2026-04-23 20:50:46,751 [ genlib ] [ INFO ] Define atom pair: LYS|2HB|HC|H         - > ASN|2HB|HC|H         (d = 0.17 A)
2026-04-23 20:50:46,751 [ genlib ] [ INFO ] Checking atom CG
2026-04-23 20:50:46,751 [ genlib ] [ INFO ] Define atom pair: LYS|CG|CT|C.3        - > ASN|CG|C|C.2         (d = 0.17 A)
2026-04-23 20:50:46,751 [ genlib ] [ INFO ] Searching order 3
2026-04-23 20:50:46,751 [ genlib ] [ INFO ] Checking atom 1HG
2026-04-23 20:50:46,751 [ genlib ] [ INFO ] No partner found for atom 1HG
2026-04-23 20:50:46,751 [ genlib ] [ INFO ] Checking atom 2HG
2026-04-23 20:50:46,751 [ genlib ] [ INFO ] No partner found for atom 2HG
2026-04-23 20:50:46,751 [ genlib ] [ INFO ] Checking atom CD
2026-04-23 20:50:46,751 [ genlib ] [ INFO ] Define atom pair: LYS|CD|CT|C.3        - > ASN|OD1|O|O.2        (d = 0.25 A)
2026-04-23 20:50:46,751 [ genlib ] [ INFO ] Searching order 4
2026-04-23 20:50:46,751 [ genlib ] [ INFO ] Checking atom 1HD
2026-04-23 20:50:46,751 [ genlib ] [ INFO ] No partner found for atom 1HD
2026-04-23 20:50:46,751 [ genlib ] [ INFO ] Checking atom 2HD
2026-04-23 20:50:46,751 [ genlib ] [ INFO ] No partner found for atom 2HD
2026-04-23 20:50:46,751 [ genlib ] [ INFO ] Checking atom CE
2026-04-23 20:50:46,751 [ genlib ] [ INFO ] No partner found for atom CE
2026-04-23 20:50:46,751 [ genlib ] [ INFO ] Searching order 5
2026-04-23 20:50:46,751 [ genlib ] [ INFO ] Searching order 6
2026-04-23 20:50:46,751 [ genlib ] [ INFO ] Searching order 7
2026-04-23 20:50:46,751 [ genlib ] [ INFO ] Searching branch 2
2026-04-23 20:50:46,751 [ genlib ] [ INFO ] Searching order 2
2026-04-23 20:50:46,751 [ genlib ] [ INFO ] Searching order 3
2026-04-23 20:50:46,751 [ genlib ] [ INFO ] Checking atom 1HG
2026-04-23 20:50:46,751 [ genlib ] [ INFO ] No partner found for atom 1HG
2026-04-23 20:50:46,751 [ genlib ] [ INFO ] Checking atom 2HG
2026-04-23 20:50:46,751 [ genlib ] [ INFO ] No partner found for atom 2HG
2026-04-23 20:50:46,751 [ genlib ] [ INFO ] Searching order 4
2026-04-23 20:50:46,751 [ genlib ] [ INFO ] Checking atom 1HD
2026-04-23 20:50:46,751 [ genlib ] [ INFO ] No partner found for atom 1HD
2026-04-23 20:50:46,751 [ genlib ] [ INFO ] Checking atom 2HD
2026-04-23 20:50:46,752 [ genlib ] [ INFO ] No partner found for atom 2HD
2026-04-23 20:50:46,752 [ genlib ] [ INFO ] Checking atom CE
2026-04-23 20:50:46,752 [ genlib ] [ INFO ] No partner found for atom CE
2026-04-23 20:50:46,752 [ genlib ] [ INFO ] Searching order 5
2026-04-23 20:50:46,752 [ genlib ] [ INFO ] Searching order 6
2026-04-23 20:50:46,752 [ genlib ] [ INFO ] Searching order 7
2026-04-23 20:50:46,753 [ genlib ] [ INFO ] Updating bond lists
2026-04-23 20:50:46,753 [ genlib ] [ INFO ] Updating dihedrals
2026-04-23 20:50:46,753 [ genlib ] [ INFO ] Updating impropers
2026-04-23 20:50:46,753 [ genlib ] [ INFO ] Building library files for LYS --> ASP mutant
2026-04-23 20:50:46,754 [ genlib ] [ INFO ] reading rtp file "aminoacids.rtp"
2026-04-23 20:50:46,779 [ genlib ] [ INFO ] ENTERED SIMPLE
2026-04-23 20:50:46,779 [ genlib ] [ INFO ] Making atom pairs
2026-04-23 20:50:46,779 [ genlib ] [ INFO ] Searching branch 1
2026-04-23 20:50:46,779 [ genlib ] [ INFO ] Searching order 2
2026-04-23 20:50:46,779 [ genlib ] [ INFO ] Checking atom 1HB
2026-04-23 20:50:46,779 [ genlib ] [ INFO ] Define atom pair: LYS|1HB|HC|H         - > ASP|1HB|HC|H         (d = 0.15 A)
2026-04-23 20:50:46,779 [ genlib ] [ INFO ] Checking atom 2HB
2026-04-23 20:50:46,779 [ genlib ] [ INFO ] Define atom pair: LYS|2HB|HC|H         - > ASP|2HB|HC|H         (d = 0.13 A)
2026-04-23 20:50:46,779 [ genlib ] [ INFO ] Checking atom CG
2026-04-23 20:50:46,779 [ genlib ] [ INFO ] Define atom pair: LYS|CG|CT|C.3        - > ASP|CG|C|C.2         (d = 0.18 A)
2026-04-23 20:50:46,779 [ genlib ] [ INFO ] Searching order 3
2026-04-23 20:50:46,779 [ genlib ] [ INFO ] Checking atom 1HG
2026-04-23 20:50:46,780 [ genlib ] [ INFO ] No partner found for atom 1HG
2026-04-23 20:50:46,780 [ genlib ] [ INFO ] Checking atom 2HG
2026-04-23 20:50:46,780 [ genlib ] [ INFO ] No partner found for atom 2HG
2026-04-23 20:50:46,780 [ genlib ] [ INFO ] Checking atom CD
2026-04-23 20:50:46,780 [ genlib ] [ INFO ] Define atom pair: LYS|CD|CT|C.3        - > ASP|OD1|O2|O.co2     (d = 0.28 A)
2026-04-23 20:50:46,780 [ genlib ] [ INFO ] Searching order 4
2026-04-23 20:50:46,780 [ genlib ] [ INFO ] Checking atom 1HD
2026-04-23 20:50:46,780 [ genlib ] [ INFO ] No partner found for atom 1HD
2026-04-23 20:50:46,780 [ genlib ] [ INFO ] Checking atom 2HD
2026-04-23 20:50:46,780 [ genlib ] [ INFO ] No partner found for atom 2HD
2026-04-23 20:50:46,780 [ genlib ] [ INFO ] Checking atom CE
2026-04-23 20:50:46,780 [ genlib ] [ INFO ] No partner found for atom CE
2026-04-23 20:50:46,780 [ genlib ] [ INFO ] Searching order 5
2026-04-23 20:50:46,780 [ genlib ] [ INFO ] Searching order 6
2026-04-23 20:50:46,780 [ genlib ] [ INFO ] Searching order 7
2026-04-23 20:50:46,780 [ genlib ] [ INFO ] Searching branch 2
2026-04-23 20:50:46,780 [ genlib ] [ INFO ] Searching order 2
2026-04-23 20:50:46,780 [ genlib ] [ INFO ] Searching order 3
2026-04-23 20:50:46,780 [ genlib ] [ INFO ] Checking atom 1HG
2026-04-23 20:50:46,780 [ genlib ] [ INFO ] No partner found for atom 1HG
2026-04-23 20:50:46,780 [ genlib ] [ INFO ] Checking atom 2HG
2026-04-23 20:50:46,780 [ genlib ] [ INFO ] No partner found for atom 2HG
2026-04-23 20:50:46,780 [ genlib ] [ INFO ] Searching order 4
2026-04-23 20:50:46,780 [ genlib ] [ INFO ] Checking atom 1HD
2026-04-23 20:50:46,780 [ genlib ] [ INFO ] No partner found for atom 1HD
2026-04-23 20:50:46,780 [ genlib ] [ INFO ] Checking atom 2HD
2026-04-23 20:50:46,780 [ genlib ] [ INFO ] No partner found for atom 2HD
2026-04-23 20:50:46,780 [ genlib ] [ INFO ] Checking atom CE
2026-04-23 20:50:46,780 [ genlib ] [ INFO ] No partner found for atom CE
2026-04-23 20:50:46,780 [ genlib ] [ INFO ] Searching order 5
2026-04-23 20:50:46,780 [ genlib ] [ INFO ] Searching order 6
2026-04-23 20:50:46,780 [ genlib ] [ INFO ] Searching order 7
2026-04-23 20:50:46,780 [ genlib ] [ INFO ] Updating bond lists
2026-04-23 20:50:46,780 [ genlib ] [ INFO ] Updating dihedrals
2026-04-23 20:50:46,780 [ genlib ] [ INFO ] Updating impropers
2026-04-23 20:50:46,781 [ genlib ] [ INFO ] Building library files for LYS --> CYS mutant
2026-04-23 20:50:46,782 [ genlib ] [ INFO ] reading rtp file "aminoacids.rtp"
2026-04-23 20:50:46,807 [ genlib ] [ INFO ] ENTERED SIMPLE
2026-04-23 20:50:46,807 [ genlib ] [ INFO ] Making atom pairs
2026-04-23 20:50:46,807 [ genlib ] [ INFO ] Searching branch 1
2026-04-23 20:50:46,807 [ genlib ] [ INFO ] Searching order 2
2026-04-23 20:50:46,807 [ genlib ] [ INFO ] Checking atom 1HB
2026-04-23 20:50:46,807 [ genlib ] [ INFO ] Define atom pair: LYS|1HB|HC|H         - > CYS|1HB|H1|H         (d = 0.08 A)
2026-04-23 20:50:46,807 [ genlib ] [ INFO ] Checking atom 2HB
2026-04-23 20:50:46,807 [ genlib ] [ INFO ] Define atom pair: LYS|2HB|HC|H         - > CYS|2HB|H1|H         (d = 0.05 A)
2026-04-23 20:50:46,807 [ genlib ] [ INFO ] Checking atom CG
2026-04-23 20:50:46,807 [ genlib ] [ INFO ] Define atom pair: LYS|CG|CT|C.3        - > CYS|SG|SH|S.3        (d = 0.32 A)
2026-04-23 20:50:46,807 [ genlib ] [ INFO ] Searching order 3
2026-04-23 20:50:46,807 [ genlib ] [ INFO ] Checking atom 1HG
2026-04-23 20:50:46,807 [ genlib ] [ INFO ] No partner found for atom 1HG
2026-04-23 20:50:46,807 [ genlib ] [ INFO ] Checking atom 2HG
2026-04-23 20:50:46,807 [ genlib ] [ INFO ] No partner found for atom 2HG
2026-04-23 20:50:46,807 [ genlib ] [ INFO ] Checking atom CD
2026-04-23 20:50:46,807 [ genlib ] [ INFO ] Define atom pair: LYS|CD|CT|C.3        - > CYS|HG|HS|H          (d = 0.26 A)
2026-04-23 20:50:46,807 [ genlib ] [ INFO ] Searching order 4
2026-04-23 20:50:46,807 [ genlib ] [ INFO ] Checking atom 1HD
2026-04-23 20:50:46,807 [ genlib ] [ INFO ] No partner found for atom 1HD
2026-04-23 20:50:46,807 [ genlib ] [ INFO ] Checking atom 2HD
2026-04-23 20:50:46,807 [ genlib ] [ INFO ] No partner found for atom 2HD
2026-04-23 20:50:46,807 [ genlib ] [ INFO ] Checking atom CE
2026-04-23 20:50:46,807 [ genlib ] [ INFO ] No partner found for atom CE
2026-04-23 20:50:46,807 [ genlib ] [ INFO ] Searching order 5
2026-04-23 20:50:46,807 [ genlib ] [ INFO ] Searching order 6
2026-04-23 20:50:46,807 [ genlib ] [ INFO ] Searching order 7
2026-04-23 20:50:46,807 [ genlib ] [ INFO ] Searching branch 2
2026-04-23 20:50:46,807 [ genlib ] [ INFO ] Searching order 2
2026-04-23 20:50:46,807 [ genlib ] [ INFO ] Searching order 3
2026-04-23 20:50:46,807 [ genlib ] [ INFO ] Checking atom 1HG
2026-04-23 20:50:46,807 [ genlib ] [ INFO ] No partner found for atom 1HG
2026-04-23 20:50:46,807 [ genlib ] [ INFO ] Checking atom 2HG
2026-04-23 20:50:46,807 [ genlib ] [ INFO ] No partner found for atom 2HG
2026-04-23 20:50:46,807 [ genlib ] [ INFO ] Searching order 4
2026-04-23 20:50:46,807 [ genlib ] [ INFO ] Checking atom 1HD
2026-04-23 20:50:46,807 [ genlib ] [ INFO ] No partner found for atom 1HD
2026-04-23 20:50:46,807 [ genlib ] [ INFO ] Checking atom 2HD
2026-04-23 20:50:46,807 [ genlib ] [ INFO ] No partner found for atom 2HD
2026-04-23 20:50:46,807 [ genlib ] [ INFO ] Checking atom CE
2026-04-23 20:50:46,807 [ genlib ] [ INFO ] No partner found for atom CE
2026-04-23 20:50:46,807 [ genlib ] [ INFO ] Searching order 5
2026-04-23 20:50:46,807 [ genlib ] [ INFO ] Searching order 6
2026-04-23 20:50:46,807 [ genlib ] [ INFO ] Searching order 7
2026-04-23 20:50:46,808 [ genlib ] [ INFO ] Updating bond lists
2026-04-23 20:50:46,808 [ genlib ] [ INFO ] Updating dihedrals
2026-04-23 20:50:46,808 [ genlib ] [ INFO ] Updating impropers
2026-04-23 20:50:46,808 [ genlib ] [ INFO ] Building library files for LYS --> GLH mutant
2026-04-23 20:50:46,809 [ genlib ] [ INFO ] reading rtp file "aminoacids.rtp"
2026-04-23 20:50:46,834 [ genlib ] [ INFO ] ENTERED SIMPLE
2026-04-23 20:50:46,834 [ genlib ] [ INFO ] Making atom pairs
2026-04-23 20:50:46,834 [ genlib ] [ INFO ] Searching branch 1
2026-04-23 20:50:46,834 [ genlib ] [ INFO ] Searching order 2
2026-04-23 20:50:46,834 [ genlib ] [ INFO ] Checking atom 1HB
2026-04-23 20:50:46,834 [ genlib ] [ INFO ] Define atom pair: LYS|1HB|HC|H         - > GLH|1HB|HC|H         (d = 0.25 A)
2026-04-23 20:50:46,834 [ genlib ] [ INFO ] Checking atom 2HB
2026-04-23 20:50:46,834 [ genlib ] [ INFO ] Define atom pair: LYS|2HB|HC|H         - > GLH|2HB|HC|H         (d = 0.22 A)
2026-04-23 20:50:46,834 [ genlib ] [ INFO ] Checking atom CG
2026-04-23 20:50:46,834 [ genlib ] [ INFO ] Define atom pair: LYS|CG|CT|C.3        - > GLH|CG|CT|C.3        (d = 0.22 A)
2026-04-23 20:50:46,834 [ genlib ] [ INFO ] Searching order 3
2026-04-23 20:50:46,834 [ genlib ] [ INFO ] Checking atom 1HG
2026-04-23 20:50:46,834 [ genlib ] [ INFO ] Define atom pair: LYS|1HG|HC|H         - > GLH|1HG|HC|H         (d = 0.22 A)
2026-04-23 20:50:46,834 [ genlib ] [ INFO ] Checking atom 2HG
2026-04-23 20:50:46,834 [ genlib ] [ INFO ] Define atom pair: LYS|2HG|HC|H         - > GLH|2HG|HC|H         (d = 0.33 A)
2026-04-23 20:50:46,834 [ genlib ] [ INFO ] Checking atom CD
2026-04-23 20:50:46,834 [ genlib ] [ INFO ] Define atom pair: LYS|CD|CT|C.3        - > GLH|CD|C|C.2         (d = 0.24 A)
2026-04-23 20:50:46,834 [ genlib ] [ INFO ] Searching order 4
2026-04-23 20:50:46,834 [ genlib ] [ INFO ] Checking atom 1HD
2026-04-23 20:50:46,834 [ genlib ] [ INFO ] No partner found for atom 1HD
2026-04-23 20:50:46,834 [ genlib ] [ INFO ] Checking atom 2HD
2026-04-23 20:50:46,834 [ genlib ] [ INFO ] No partner found for atom 2HD
2026-04-23 20:50:46,834 [ genlib ] [ INFO ] Checking atom CE
2026-04-23 20:50:46,834 [ genlib ] [ INFO ] Define atom pair: LYS|CE|CT|C.3        - > GLH|OE1|O|O.co2      (d = 0.47 A)
2026-04-23 20:50:46,834 [ genlib ] [ INFO ] Searching order 5
2026-04-23 20:50:46,834 [ genlib ] [ INFO ] Checking atom 1HE
2026-04-23 20:50:46,834 [ genlib ] [ INFO ] No partner found for atom 1HE
2026-04-23 20:50:46,834 [ genlib ] [ INFO ] Checking atom 2HE
2026-04-23 20:50:46,834 [ genlib ] [ INFO ] No partner found for atom 2HE
2026-04-23 20:50:46,834 [ genlib ] [ INFO ] Checking atom NZ
2026-04-23 20:50:46,834 [ genlib ] [ INFO ] No partner found for atom NZ
2026-04-23 20:50:46,834 [ genlib ] [ INFO ] Searching order 6
2026-04-23 20:50:46,834 [ genlib ] [ INFO ] Searching order 7
2026-04-23 20:50:46,834 [ genlib ] [ INFO ] Searching branch 2
2026-04-23 20:50:46,834 [ genlib ] [ INFO ] Searching order 2
2026-04-23 20:50:46,834 [ genlib ] [ INFO ] Searching order 3
2026-04-23 20:50:46,834 [ genlib ] [ INFO ] Searching order 4
2026-04-23 20:50:46,834 [ genlib ] [ INFO ] Checking atom 1HD
2026-04-23 20:50:46,834 [ genlib ] [ INFO ] No partner found for atom 1HD
2026-04-23 20:50:46,834 [ genlib ] [ INFO ] Checking atom 2HD
2026-04-23 20:50:46,834 [ genlib ] [ INFO ] No partner found for atom 2HD
2026-04-23 20:50:46,834 [ genlib ] [ INFO ] Searching order 5
2026-04-23 20:50:46,834 [ genlib ] [ INFO ] Checking atom 1HE
2026-04-23 20:50:46,834 [ genlib ] [ INFO ] No partner found for atom 1HE
2026-04-23 20:50:46,834 [ genlib ] [ INFO ] Checking atom 2HE
2026-04-23 20:50:46,834 [ genlib ] [ INFO ] No partner found for atom 2HE
2026-04-23 20:50:46,834 [ genlib ] [ INFO ] Checking atom NZ
2026-04-23 20:50:46,834 [ genlib ] [ INFO ] No partner found for atom NZ
2026-04-23 20:50:46,834 [ genlib ] [ INFO ] Searching order 6
2026-04-23 20:50:46,834 [ genlib ] [ INFO ] Searching order 7
2026-04-23 20:50:46,835 [ genlib ] [ INFO ] Updating bond lists
2026-04-23 20:50:46,835 [ genlib ] [ INFO ] Updating dihedrals
2026-04-23 20:50:46,835 [ genlib ] [ INFO ] Updating impropers
2026-04-23 20:50:46,836 [ genlib ] [ INFO ] Building library files for LYS --> GLN mutant
2026-04-23 20:50:46,837 [ genlib ] [ INFO ] reading rtp file "aminoacids.rtp"
2026-04-23 20:50:46,862 [ genlib ] [ INFO ] ENTERED SIMPLE
2026-04-23 20:50:46,862 [ genlib ] [ INFO ] Making atom pairs
2026-04-23 20:50:46,862 [ genlib ] [ INFO ] Searching branch 1
2026-04-23 20:50:46,862 [ genlib ] [ INFO ] Searching order 2
2026-04-23 20:50:46,862 [ genlib ] [ INFO ] Checking atom 1HB
2026-04-23 20:50:46,862 [ genlib ] [ INFO ] Define atom pair: LYS|1HB|HC|H         - > GLN|1HB|HC|H         (d = 0.05 A)
2026-04-23 20:50:46,862 [ genlib ] [ INFO ] Checking atom 2HB
2026-04-23 20:50:46,862 [ genlib ] [ INFO ] Define atom pair: LYS|2HB|HC|H         - > GLN|2HB|HC|H         (d = 0.04 A)
2026-04-23 20:50:46,862 [ genlib ] [ INFO ] Checking atom CG
2026-04-23 20:50:46,862 [ genlib ] [ INFO ] Define atom pair: LYS|CG|CT|C.3        - > GLN|CG|CT|C.3        (d = 0.08 A)
2026-04-23 20:50:46,862 [ genlib ] [ INFO ] Searching order 3
2026-04-23 20:50:46,862 [ genlib ] [ INFO ] Checking atom 1HG
2026-04-23 20:50:46,862 [ genlib ] [ INFO ] Define atom pair: LYS|1HG|HC|H         - > GLN|1HG|HC|H         (d = 0.09 A)
2026-04-23 20:50:46,862 [ genlib ] [ INFO ] Checking atom 2HG
2026-04-23 20:50:46,862 [ genlib ] [ INFO ] Define atom pair: LYS|2HG|HC|H         - > GLN|2HG|HC|H         (d = 0.11 A)
2026-04-23 20:50:46,862 [ genlib ] [ INFO ] Checking atom CD
2026-04-23 20:50:46,862 [ genlib ] [ INFO ] Define atom pair: LYS|CD|CT|C.3        - > GLN|CD|C|C.2         (d = 0.10 A)
2026-04-23 20:50:46,862 [ genlib ] [ INFO ] Searching order 4
2026-04-23 20:50:46,862 [ genlib ] [ INFO ] Checking atom 1HD
2026-04-23 20:50:46,862 [ genlib ] [ INFO ] No partner found for atom 1HD
2026-04-23 20:50:46,862 [ genlib ] [ INFO ] Checking atom 2HD
2026-04-23 20:50:46,862 [ genlib ] [ INFO ] No partner found for atom 2HD
2026-04-23 20:50:46,862 [ genlib ] [ INFO ] Checking atom CE
2026-04-23 20:50:46,862 [ genlib ] [ INFO ] Define atom pair: LYS|CE|CT|C.3        - > GLN|OE1|O|O.2        (d = 0.34 A)
2026-04-23 20:50:46,862 [ genlib ] [ INFO ] Searching order 5
2026-04-23 20:50:46,862 [ genlib ] [ INFO ] Checking atom 1HE
2026-04-23 20:50:46,862 [ genlib ] [ INFO ] No partner found for atom 1HE
2026-04-23 20:50:46,862 [ genlib ] [ INFO ] Checking atom 2HE
2026-04-23 20:50:46,862 [ genlib ] [ INFO ] No partner found for atom 2HE
2026-04-23 20:50:46,862 [ genlib ] [ INFO ] Checking atom NZ
2026-04-23 20:50:46,862 [ genlib ] [ INFO ] No partner found for atom NZ
2026-04-23 20:50:46,862 [ genlib ] [ INFO ] Searching order 6
2026-04-23 20:50:46,862 [ genlib ] [ INFO ] Searching order 7
2026-04-23 20:50:46,862 [ genlib ] [ INFO ] Searching branch 2
2026-04-23 20:50:46,862 [ genlib ] [ INFO ] Searching order 2
2026-04-23 20:50:46,863 [ genlib ] [ INFO ] Searching order 3
2026-04-23 20:50:46,863 [ genlib ] [ INFO ] Searching order 4
2026-04-23 20:50:46,863 [ genlib ] [ INFO ] Checking atom 1HD
2026-04-23 20:50:46,863 [ genlib ] [ INFO ] No partner found for atom 1HD
2026-04-23 20:50:46,863 [ genlib ] [ INFO ] Checking atom 2HD
2026-04-23 20:50:46,863 [ genlib ] [ INFO ] No partner found for atom 2HD
2026-04-23 20:50:46,863 [ genlib ] [ INFO ] Searching order 5
2026-04-23 20:50:46,863 [ genlib ] [ INFO ] Checking atom 1HE
2026-04-23 20:50:46,863 [ genlib ] [ INFO ] No partner found for atom 1HE
2026-04-23 20:50:46,863 [ genlib ] [ INFO ] Checking atom 2HE
2026-04-23 20:50:46,863 [ genlib ] [ INFO ] No partner found for atom 2HE
2026-04-23 20:50:46,863 [ genlib ] [ INFO ] Checking atom NZ
2026-04-23 20:50:46,863 [ genlib ] [ INFO ] No partner found for atom NZ
2026-04-23 20:50:46,863 [ genlib ] [ INFO ] Searching order 6
2026-04-23 20:50:46,863 [ genlib ] [ INFO ] Searching order 7
2026-04-23 20:50:46,864 [ genlib ] [ INFO ] Updating bond lists
2026-04-23 20:50:46,864 [ genlib ] [ INFO ] Updating dihedrals
2026-04-23 20:50:46,864 [ genlib ] [ INFO ] Updating impropers
2026-04-23 20:50:46,864 [ genlib ] [ INFO ] Building library files for LYS --> GLU mutant
2026-04-23 20:50:46,865 [ genlib ] [ INFO ] reading rtp file "aminoacids.rtp"
2026-04-23 20:50:46,905 [ genlib ] [ INFO ] ENTERED SIMPLE
2026-04-23 20:50:46,905 [ genlib ] [ INFO ] Making atom pairs
2026-04-23 20:50:46,905 [ genlib ] [ INFO ] Searching branch 1
2026-04-23 20:50:46,905 [ genlib ] [ INFO ] Searching order 2
2026-04-23 20:50:46,905 [ genlib ] [ INFO ] Checking atom 1HB
2026-04-23 20:50:46,905 [ genlib ] [ INFO ] Define atom pair: LYS|1HB|HC|H         - > GLU|1HB|HC|H         (d = 0.19 A)
2026-04-23 20:50:46,906 [ genlib ] [ INFO ] Checking atom 2HB
2026-04-23 20:50:46,906 [ genlib ] [ INFO ] Define atom pair: LYS|2HB|HC|H         - > GLU|2HB|HC|H         (d = 0.13 A)
2026-04-23 20:50:46,906 [ genlib ] [ INFO ] Checking atom CG
2026-04-23 20:50:46,906 [ genlib ] [ INFO ] Define atom pair: LYS|CG|CT|C.3        - > GLU|CG|CT|C.3        (d = 0.22 A)
2026-04-23 20:50:46,906 [ genlib ] [ INFO ] Searching order 3
2026-04-23 20:50:46,906 [ genlib ] [ INFO ] Checking atom 1HG
2026-04-23 20:50:46,906 [ genlib ] [ INFO ] Define atom pair: LYS|1HG|HC|H         - > GLU|1HG|HC|H         (d = 0.23 A)
2026-04-23 20:50:46,906 [ genlib ] [ INFO ] Checking atom 2HG
2026-04-23 20:50:46,906 [ genlib ] [ INFO ] Define atom pair: LYS|2HG|HC|H         - > GLU|2HG|HC|H         (d = 0.32 A)
2026-04-23 20:50:46,906 [ genlib ] [ INFO ] Checking atom CD
2026-04-23 20:50:46,906 [ genlib ] [ INFO ] Define atom pair: LYS|CD|CT|C.3        - > GLU|CD|C|C.2         (d = 0.24 A)
2026-04-23 20:50:46,906 [ genlib ] [ INFO ] Searching order 4
2026-04-23 20:50:46,906 [ genlib ] [ INFO ] Checking atom 1HD
2026-04-23 20:50:46,906 [ genlib ] [ INFO ] No partner found for atom 1HD
2026-04-23 20:50:46,906 [ genlib ] [ INFO ] Checking atom 2HD
2026-04-23 20:50:46,906 [ genlib ] [ INFO ] No partner found for atom 2HD
2026-04-23 20:50:46,906 [ genlib ] [ INFO ] Checking atom CE
2026-04-23 20:50:46,906 [ genlib ] [ INFO ] Define atom pair: LYS|CE|CT|C.3        - > GLU|OE1|O2|O.co2     (d = 0.47 A)
2026-04-23 20:50:46,906 [ genlib ] [ INFO ] Searching order 5
2026-04-23 20:50:46,906 [ genlib ] [ INFO ] Checking atom 1HE
2026-04-23 20:50:46,906 [ genlib ] [ INFO ] No partner found for atom 1HE
2026-04-23 20:50:46,906 [ genlib ] [ INFO ] Checking atom 2HE
2026-04-23 20:50:46,906 [ genlib ] [ INFO ] No partner found for atom 2HE
2026-04-23 20:50:46,906 [ genlib ] [ INFO ] Checking atom NZ
2026-04-23 20:50:46,906 [ genlib ] [ INFO ] No partner found for atom NZ
2026-04-23 20:50:46,906 [ genlib ] [ INFO ] Searching order 6
2026-04-23 20:50:46,906 [ genlib ] [ INFO ] Searching order 7
2026-04-23 20:50:46,906 [ genlib ] [ INFO ] Searching branch 2
2026-04-23 20:50:46,906 [ genlib ] [ INFO ] Searching order 2
2026-04-23 20:50:46,906 [ genlib ] [ INFO ] Searching order 3
2026-04-23 20:50:46,906 [ genlib ] [ INFO ] Searching order 4
2026-04-23 20:50:46,906 [ genlib ] [ INFO ] Checking atom 1HD
2026-04-23 20:50:46,906 [ genlib ] [ INFO ] No partner found for atom 1HD
2026-04-23 20:50:46,906 [ genlib ] [ INFO ] Checking atom 2HD
2026-04-23 20:50:46,906 [ genlib ] [ INFO ] No partner found for atom 2HD
2026-04-23 20:50:46,906 [ genlib ] [ INFO ] Searching order 5
2026-04-23 20:50:46,906 [ genlib ] [ INFO ] Checking atom 1HE
2026-04-23 20:50:46,906 [ genlib ] [ INFO ] No partner found for atom 1HE
2026-04-23 20:50:46,906 [ genlib ] [ INFO ] Checking atom 2HE
2026-04-23 20:50:46,906 [ genlib ] [ INFO ] No partner found for atom 2HE
2026-04-23 20:50:46,906 [ genlib ] [ INFO ] Checking atom NZ
2026-04-23 20:50:46,906 [ genlib ] [ INFO ] No partner found for atom NZ
2026-04-23 20:50:46,906 [ genlib ] [ INFO ] Searching order 6
2026-04-23 20:50:46,906 [ genlib ] [ INFO ] Searching order 7
2026-04-23 20:50:46,907 [ genlib ] [ INFO ] Updating bond lists
2026-04-23 20:50:46,907 [ genlib ] [ INFO ] Updating dihedrals
2026-04-23 20:50:46,907 [ genlib ] [ INFO ] Updating impropers
2026-04-23 20:50:46,907 [ genlib ] [ INFO ] Building library files for LYS --> GLY mutant
2026-04-23 20:50:46,908 [ genlib ] [ INFO ] reading rtp file "aminoacids.rtp"
2026-04-23 20:50:46,952 [ genlib ] [ INFO ] ENTERED G
2026-04-23 20:50:46,952 [ genlib ] [ INFO ] Making atom pairs
2026-04-23 20:50:46,953 [ genlib ] [ INFO ] Updating bond lists
2026-04-23 20:50:46,953 [ genlib ] [ INFO ] Updating dihedrals
2026-04-23 20:50:46,953 [ genlib ] [ INFO ] Updating impropers
2026-04-23 20:50:46,953 [ genlib ] [ WARNING ] undefined
2026-04-23 20:50:46,953 [ genlib ] [ INFO ] Building library files for LYS --> HID mutant
2026-04-23 20:50:46,954 [ genlib ] [ INFO ] reading rtp file "aminoacids.rtp"
2026-04-23 20:50:46,985 [ genlib ] [ INFO ] ENTERED RINGS
2026-04-23 20:50:46,985 [ genlib ] [ INFO ] Making atom pairs
2026-04-23 20:50:46,988 [ genlib ] [ INFO ] Updating bond lists
2026-04-23 20:50:46,988 [ genlib ] [ INFO ] Updating dihedrals
2026-04-23 20:50:46,988 [ genlib ] [ INFO ] Updating impropers
2026-04-23 20:50:46,989 [ genlib ] [ INFO ] Building library files for LYS --> HIE mutant
2026-04-23 20:50:46,990 [ genlib ] [ INFO ] reading rtp file "aminoacids.rtp"
2026-04-23 20:50:47,017 [ genlib ] [ INFO ] ENTERED RINGS
2026-04-23 20:50:47,017 [ genlib ] [ INFO ] Making atom pairs
2026-04-23 20:50:47,020 [ genlib ] [ INFO ] Updating bond lists
2026-04-23 20:50:47,020 [ genlib ] [ INFO ] Updating dihedrals
2026-04-23 20:50:47,020 [ genlib ] [ INFO ] Updating impropers
2026-04-23 20:50:47,021 [ genlib ] [ INFO ] Building library files for LYS --> HIP mutant
2026-04-23 20:50:47,022 [ genlib ] [ INFO ] reading rtp file "aminoacids.rtp"
2026-04-23 20:50:47,050 [ genlib ] [ INFO ] ENTERED RINGS
2026-04-23 20:50:47,050 [ genlib ] [ INFO ] Making atom pairs
2026-04-23 20:50:47,053 [ genlib ] [ INFO ] Updating bond lists
2026-04-23 20:50:47,053 [ genlib ] [ INFO ] Updating dihedrals
2026-04-23 20:50:47,053 [ genlib ] [ INFO ] Updating impropers
2026-04-23 20:50:47,054 [ genlib ] [ INFO ] Building library files for LYS --> ILE mutant
2026-04-23 20:50:47,055 [ genlib ] [ INFO ] reading rtp file "aminoacids.rtp"
2026-04-23 20:50:47,083 [ genlib ] [ INFO ] ENTERED SIMPLE
2026-04-23 20:50:47,083 [ genlib ] [ INFO ] Making atom pairs
2026-04-23 20:50:47,083 [ genlib ] [ INFO ] Searching branch 1
2026-04-23 20:50:47,083 [ genlib ] [ INFO ] Searching order 2
2026-04-23 20:50:47,083 [ genlib ] [ INFO ] Checking atom 1HB
2026-04-23 20:50:47,083 [ genlib ] [ INFO ] Define atom pair: LYS|1HB|HC|H         - > ILE|HB|HC|H          (d = 0.15 A)
2026-04-23 20:50:47,083 [ genlib ] [ INFO ] Checking atom 2HB
2026-04-23 20:50:47,083 [ genlib ] [ INFO ] Define atom pair: LYS|2HB|HC|H         - > ILE|CG2|CT|C.3       (d = 0.48 A)
2026-04-23 20:50:47,083 [ genlib ] [ INFO ] Checking atom CG
2026-04-23 20:50:47,083 [ genlib ] [ INFO ] Define atom pair: LYS|CG|CT|C.3        - > ILE|CG1|CT|C.3       (d = 0.18 A)
2026-04-23 20:50:47,083 [ genlib ] [ INFO ] Searching order 3
2026-04-23 20:50:47,083 [ genlib ] [ INFO ] Checking atom 1HG
2026-04-23 20:50:47,083 [ genlib ] [ INFO ] Define atom pair: LYS|1HG|HC|H         - > ILE|1HG1|HC|H        (d = 0.12 A)
2026-04-23 20:50:47,083 [ genlib ] [ INFO ] Checking atom 2HG
2026-04-23 20:50:47,083 [ genlib ] [ INFO ] Define atom pair: LYS|2HG|HC|H         - > ILE|2HG1|HC|H        (d = 0.30 A)
2026-04-23 20:50:47,083 [ genlib ] [ INFO ] Checking atom CD
2026-04-23 20:50:47,083 [ genlib ] [ INFO ] Define atom pair: LYS|CD|CT|C.3        - > ILE|CD1|CT|C.3       (d = 0.25 A)
2026-04-23 20:50:47,083 [ genlib ] [ INFO ] Searching order 4
2026-04-23 20:50:47,083 [ genlib ] [ INFO ] Checking atom 1HD
2026-04-23 20:50:47,083 [ genlib ] [ INFO ] Define atom pair: LYS|1HD|HC|H         - > ILE|2HD1|HC|H        (d = 0.31 A)
2026-04-23 20:50:47,083 [ genlib ] [ INFO ] Checking atom 2HD
2026-04-23 20:50:47,083 [ genlib ] [ INFO ] Define atom pair: LYS|2HD|HC|H         - > ILE|3HD1|HC|H        (d = 0.25 A)
2026-04-23 20:50:47,083 [ genlib ] [ INFO ] Checking atom CE
2026-04-23 20:50:47,083 [ genlib ] [ INFO ] Define atom pair: LYS|CE|CT|C.3        - > ILE|1HD1|HC|H        (d = 0.51 A)
2026-04-23 20:50:47,083 [ genlib ] [ INFO ] Searching order 5
2026-04-23 20:50:47,083 [ genlib ] [ INFO ] Checking atom 1HE
2026-04-23 20:50:47,083 [ genlib ] [ INFO ] No partner found for atom 1HE
2026-04-23 20:50:47,083 [ genlib ] [ INFO ] Checking atom 2HE
2026-04-23 20:50:47,083 [ genlib ] [ INFO ] No partner found for atom 2HE
2026-04-23 20:50:47,083 [ genlib ] [ INFO ] Checking atom NZ
2026-04-23 20:50:47,083 [ genlib ] [ INFO ] No partner found for atom NZ
2026-04-23 20:50:47,083 [ genlib ] [ INFO ] Searching order 6
2026-04-23 20:50:47,083 [ genlib ] [ INFO ] Searching order 7
2026-04-23 20:50:47,083 [ genlib ] [ INFO ] Searching branch 2
2026-04-23 20:50:47,083 [ genlib ] [ INFO ] Searching order 2
2026-04-23 20:50:47,083 [ genlib ] [ INFO ] Searching order 3
2026-04-23 20:50:47,083 [ genlib ] [ INFO ] Searching order 4
2026-04-23 20:50:47,083 [ genlib ] [ INFO ] Searching order 5
2026-04-23 20:50:47,083 [ genlib ] [ INFO ] Checking atom 1HE
2026-04-23 20:50:47,083 [ genlib ] [ INFO ] No partner found for atom 1HE
2026-04-23 20:50:47,083 [ genlib ] [ INFO ] Checking atom 2HE
2026-04-23 20:50:47,083 [ genlib ] [ INFO ] No partner found for atom 2HE
2026-04-23 20:50:47,083 [ genlib ] [ INFO ] Checking atom NZ
2026-04-23 20:50:47,083 [ genlib ] [ INFO ] No partner found for atom NZ
2026-04-23 20:50:47,083 [ genlib ] [ INFO ] Searching order 6
2026-04-23 20:50:47,083 [ genlib ] [ INFO ] Searching order 7
2026-04-23 20:50:47,085 [ genlib ] [ INFO ] Updating bond lists
2026-04-23 20:50:47,085 [ genlib ] [ INFO ] Updating dihedrals
2026-04-23 20:50:47,085 [ genlib ] [ INFO ] Updating impropers
2026-04-23 20:50:47,085 [ genlib ] [ INFO ] Building library files for LYS --> LEU mutant
2026-04-23 20:50:47,086 [ genlib ] [ INFO ] reading rtp file "aminoacids.rtp"
2026-04-23 20:50:47,115 [ genlib ] [ INFO ] ENTERED SIMPLE
2026-04-23 20:50:47,115 [ genlib ] [ INFO ] Making atom pairs
2026-04-23 20:50:47,115 [ genlib ] [ INFO ] Searching branch 1
2026-04-23 20:50:47,115 [ genlib ] [ INFO ] Searching order 2
2026-04-23 20:50:47,116 [ genlib ] [ INFO ] Checking atom 1HB
2026-04-23 20:50:47,116 [ genlib ] [ INFO ] Define atom pair: LYS|1HB|HC|H         - > LEU|1HB|HC|H         (d = 0.09 A)
2026-04-23 20:50:47,116 [ genlib ] [ INFO ] Checking atom 2HB
2026-04-23 20:50:47,116 [ genlib ] [ INFO ] Define atom pair: LYS|2HB|HC|H         - > LEU|2HB|HC|H         (d = 0.09 A)
2026-04-23 20:50:47,116 [ genlib ] [ INFO ] Checking atom CG
2026-04-23 20:50:47,116 [ genlib ] [ INFO ] Define atom pair: LYS|CG|CT|C.3        - > LEU|CG|CT|C.3        (d = 0.09 A)
2026-04-23 20:50:47,116 [ genlib ] [ INFO ] Searching order 3
2026-04-23 20:50:47,116 [ genlib ] [ INFO ] Checking atom 1HG
2026-04-23 20:50:47,116 [ genlib ] [ INFO ] Define atom pair: LYS|1HG|HC|H         - > LEU|CD2|CT|C.3       (d = 0.44 A)
2026-04-23 20:50:47,116 [ genlib ] [ INFO ] Checking atom 2HG
2026-04-23 20:50:47,116 [ genlib ] [ INFO ] Define atom pair: LYS|2HG|HC|H         - > LEU|HG|HC|H          (d = 0.23 A)
2026-04-23 20:50:47,116 [ genlib ] [ INFO ] Checking atom CD
2026-04-23 20:50:47,116 [ genlib ] [ INFO ] Define atom pair: LYS|CD|CT|C.3        - > LEU|CD1|CT|C.3       (d = 0.14 A)
2026-04-23 20:50:47,116 [ genlib ] [ INFO ] Searching order 4
2026-04-23 20:50:47,116 [ genlib ] [ INFO ] Checking atom 1HD
2026-04-23 20:50:47,116 [ genlib ] [ INFO ] Define atom pair: LYS|1HD|HC|H         - > LEU|2HD1|HC|H        (d = 0.16 A)
2026-04-23 20:50:47,116 [ genlib ] [ INFO ] Checking atom 2HD
2026-04-23 20:50:47,116 [ genlib ] [ INFO ] Define atom pair: LYS|2HD|HC|H         - > LEU|3HD1|HC|H        (d = 0.12 A)
2026-04-23 20:50:47,116 [ genlib ] [ INFO ] Checking atom CE
2026-04-23 20:50:47,116 [ genlib ] [ INFO ] Define atom pair: LYS|CE|CT|C.3        - > LEU|1HD1|HC|H        (d = 0.52 A)
2026-04-23 20:50:47,116 [ genlib ] [ INFO ] Searching order 5
2026-04-23 20:50:47,116 [ genlib ] [ INFO ] Checking atom 1HE
2026-04-23 20:50:47,116 [ genlib ] [ INFO ] No partner found for atom 1HE
2026-04-23 20:50:47,116 [ genlib ] [ INFO ] Checking atom 2HE
2026-04-23 20:50:47,116 [ genlib ] [ INFO ] No partner found for atom 2HE
2026-04-23 20:50:47,116 [ genlib ] [ INFO ] Checking atom NZ
2026-04-23 20:50:47,116 [ genlib ] [ INFO ] No partner found for atom NZ
2026-04-23 20:50:47,116 [ genlib ] [ INFO ] Searching order 6
2026-04-23 20:50:47,116 [ genlib ] [ INFO ] Searching order 7
2026-04-23 20:50:47,116 [ genlib ] [ INFO ] Searching branch 2
2026-04-23 20:50:47,116 [ genlib ] [ INFO ] Searching order 2
2026-04-23 20:50:47,116 [ genlib ] [ INFO ] Searching order 3
2026-04-23 20:50:47,116 [ genlib ] [ INFO ] Searching order 4
2026-04-23 20:50:47,116 [ genlib ] [ INFO ] Searching order 5
2026-04-23 20:50:47,116 [ genlib ] [ INFO ] Checking atom 1HE
2026-04-23 20:50:47,116 [ genlib ] [ INFO ] No partner found for atom 1HE
2026-04-23 20:50:47,116 [ genlib ] [ INFO ] Checking atom 2HE
2026-04-23 20:50:47,116 [ genlib ] [ INFO ] No partner found for atom 2HE
2026-04-23 20:50:47,116 [ genlib ] [ INFO ] Checking atom NZ
2026-04-23 20:50:47,116 [ genlib ] [ INFO ] No partner found for atom NZ
2026-04-23 20:50:47,116 [ genlib ] [ INFO ] Searching order 6
2026-04-23 20:50:47,116 [ genlib ] [ INFO ] Searching order 7
2026-04-23 20:50:47,117 [ genlib ] [ INFO ] Updating bond lists
2026-04-23 20:50:47,118 [ genlib ] [ INFO ] Updating dihedrals
2026-04-23 20:50:47,118 [ genlib ] [ INFO ] Updating impropers
2026-04-23 20:50:47,118 [ genlib ] [ INFO ] Building library files for LYS --> LYN mutant
2026-04-23 20:50:47,119 [ genlib ] [ INFO ] reading rtp file "aminoacids.rtp"
2026-04-23 20:50:47,146 [ genlib ] [ INFO ] ENTERED SIMPLE
2026-04-23 20:50:47,147 [ genlib ] [ INFO ] Making atom pairs
2026-04-23 20:50:47,147 [ genlib ] [ INFO ] Searching branch 1
2026-04-23 20:50:47,147 [ genlib ] [ INFO ] Searching order 2
2026-04-23 20:50:47,147 [ genlib ] [ INFO ] Checking atom 1HB
2026-04-23 20:50:47,147 [ genlib ] [ INFO ] Define atom pair: LYS|1HB|HC|H         - > LYN|1HB|HC|H         (d = 0.09 A)
2026-04-23 20:50:47,147 [ genlib ] [ INFO ] Checking atom 2HB
2026-04-23 20:50:47,147 [ genlib ] [ INFO ] Define atom pair: LYS|2HB|HC|H         - > LYN|2HB|HC|H         (d = 0.10 A)
2026-04-23 20:50:47,147 [ genlib ] [ INFO ] Checking atom CG
2026-04-23 20:50:47,147 [ genlib ] [ INFO ] Define atom pair: LYS|CG|CT|C.3        - > LYN|CG|CT|C.3        (d = 0.00 A)
2026-04-23 20:50:47,147 [ genlib ] [ INFO ] Searching order 3
2026-04-23 20:50:47,147 [ genlib ] [ INFO ] Checking atom 1HG
2026-04-23 20:50:47,147 [ genlib ] [ INFO ] Define atom pair: LYS|1HG|HC|H         - > LYN|1HG|HC|H         (d = 0.11 A)
2026-04-23 20:50:47,147 [ genlib ] [ INFO ] Checking atom 2HG
2026-04-23 20:50:47,147 [ genlib ] [ INFO ] Define atom pair: LYS|2HG|HC|H         - > LYN|2HG|HC|H         (d = 0.10 A)
2026-04-23 20:50:47,147 [ genlib ] [ INFO ] Checking atom CD
2026-04-23 20:50:47,147 [ genlib ] [ INFO ] Define atom pair: LYS|CD|CT|C.3        - > LYN|CD|CT|C.3        (d = 0.03 A)
2026-04-23 20:50:47,147 [ genlib ] [ INFO ] Searching order 4
2026-04-23 20:50:47,147 [ genlib ] [ INFO ] Checking atom 1HD
2026-04-23 20:50:47,147 [ genlib ] [ INFO ] Define atom pair: LYS|1HD|HC|H         - > LYN|1HD|HC|H         (d = 0.07 A)
2026-04-23 20:50:47,147 [ genlib ] [ INFO ] Checking atom 2HD
2026-04-23 20:50:47,147 [ genlib ] [ INFO ] Define atom pair: LYS|2HD|HC|H         - > LYN|2HD|HC|H         (d = 0.08 A)
2026-04-23 20:50:47,147 [ genlib ] [ INFO ] Checking atom CE
2026-04-23 20:50:47,147 [ genlib ] [ INFO ] Define atom pair: LYS|CE|CT|C.3        - > LYN|CE|CT|C.3        (d = 0.05 A)
2026-04-23 20:50:47,147 [ genlib ] [ INFO ] Searching order 5
2026-04-23 20:50:47,147 [ genlib ] [ INFO ] Checking atom 1HE
2026-04-23 20:50:47,147 [ genlib ] [ INFO ] Define atom pair: LYS|1HE|HP|H         - > LYN|1HE|HP|H         (d = 0.14 A)
2026-04-23 20:50:47,147 [ genlib ] [ INFO ] Checking atom 2HE
2026-04-23 20:50:47,147 [ genlib ] [ INFO ] Define atom pair: LYS|2HE|HP|H         - > LYN|2HE|HP|H         (d = 0.14 A)
2026-04-23 20:50:47,147 [ genlib ] [ INFO ] Checking atom NZ
2026-04-23 20:50:47,147 [ genlib ] [ INFO ] Define atom pair: LYS|NZ|N3|N.4        - > LYN|NZ|N3|N.4        (d = 0.06 A)
2026-04-23 20:50:47,147 [ genlib ] [ INFO ] Searching order 6
2026-04-23 20:50:47,147 [ genlib ] [ INFO ] Checking atom 1HZ
2026-04-23 20:50:47,147 [ genlib ] [ INFO ] Define atom pair: LYS|1HZ|H|H          - > LYN|1HZ|H|H          (d = 0.07 A)
2026-04-23 20:50:47,147 [ genlib ] [ INFO ] Checking atom 2HZ
2026-04-23 20:50:47,147 [ genlib ] [ INFO ] Define atom pair: LYS|2HZ|H|H          - > LYN|2HZ|H|H          (d = 0.06 A)
2026-04-23 20:50:47,147 [ genlib ] [ INFO ] Checking atom 3HZ
2026-04-23 20:50:47,147 [ genlib ] [ INFO ] No partner found for atom 3HZ
2026-04-23 20:50:47,147 [ genlib ] [ INFO ] Searching order 7
2026-04-23 20:50:47,147 [ genlib ] [ INFO ] Searching branch 2
2026-04-23 20:50:47,147 [ genlib ] [ INFO ] Searching order 2
2026-04-23 20:50:47,147 [ genlib ] [ INFO ] Searching order 3
2026-04-23 20:50:47,147 [ genlib ] [ INFO ] Searching order 4
2026-04-23 20:50:47,147 [ genlib ] [ INFO ] Searching order 5
2026-04-23 20:50:47,147 [ genlib ] [ INFO ] Searching order 6
2026-04-23 20:50:47,147 [ genlib ] [ INFO ] Checking atom 3HZ
2026-04-23 20:50:47,147 [ genlib ] [ INFO ] No partner found for atom 3HZ
2026-04-23 20:50:47,147 [ genlib ] [ INFO ] Searching order 7
2026-04-23 20:50:47,147 [ genlib ] [ INFO ] Updating bond lists
2026-04-23 20:50:47,147 [ genlib ] [ INFO ] Updating dihedrals
2026-04-23 20:50:47,147 [ genlib ] [ INFO ] Updating impropers
2026-04-23 20:50:47,148 [ genlib ] [ INFO ] Building library files for LYS --> MET mutant
2026-04-23 20:50:47,148 [ genlib ] [ INFO ] reading rtp file "aminoacids.rtp"
2026-04-23 20:50:47,176 [ genlib ] [ INFO ] ENTERED SIMPLE
2026-04-23 20:50:47,176 [ genlib ] [ INFO ] Making atom pairs
2026-04-23 20:50:47,176 [ genlib ] [ INFO ] Searching branch 1
2026-04-23 20:50:47,176 [ genlib ] [ INFO ] Searching order 2
2026-04-23 20:50:47,176 [ genlib ] [ INFO ] Checking atom 1HB
2026-04-23 20:50:47,176 [ genlib ] [ INFO ] Define atom pair: LYS|1HB|HC|H         - > MET|1HB|HC|H         (d = 0.10 A)
2026-04-23 20:50:47,176 [ genlib ] [ INFO ] Checking atom 2HB
2026-04-23 20:50:47,176 [ genlib ] [ INFO ] Define atom pair: LYS|2HB|HC|H         - > MET|2HB|HC|H         (d = 0.11 A)
2026-04-23 20:50:47,176 [ genlib ] [ INFO ] Checking atom CG
2026-04-23 20:50:47,176 [ genlib ] [ INFO ] Define atom pair: LYS|CG|CT|C.3        - > MET|CG|CT|C.3        (d = 0.11 A)
2026-04-23 20:50:47,176 [ genlib ] [ INFO ] Searching order 3
2026-04-23 20:50:47,176 [ genlib ] [ INFO ] Checking atom 1HG
2026-04-23 20:50:47,176 [ genlib ] [ INFO ] Define atom pair: LYS|1HG|HC|H         - > MET|1HG|H1|H         (d = 0.09 A)
2026-04-23 20:50:47,176 [ genlib ] [ INFO ] Checking atom 2HG
2026-04-23 20:50:47,176 [ genlib ] [ INFO ] Define atom pair: LYS|2HG|HC|H         - > MET|2HG|H1|H         (d = 0.17 A)
2026-04-23 20:50:47,176 [ genlib ] [ INFO ] Checking atom CD
2026-04-23 20:50:47,176 [ genlib ] [ INFO ] Define atom pair: LYS|CD|CT|C.3        - > MET|SD|S|S.3         (d = 0.38 A)
2026-04-23 20:50:47,176 [ genlib ] [ INFO ] Searching order 4
2026-04-23 20:50:47,176 [ genlib ] [ INFO ] Checking atom 1HD
2026-04-23 20:50:47,176 [ genlib ] [ INFO ] No partner found for atom 1HD
2026-04-23 20:50:47,176 [ genlib ] [ INFO ] Checking atom 2HD
2026-04-23 20:50:47,176 [ genlib ] [ INFO ] No partner found for atom 2HD
2026-04-23 20:50:47,176 [ genlib ] [ INFO ] Checking atom CE
2026-04-23 20:50:47,176 [ genlib ] [ INFO ] Define atom pair: LYS|CE|CT|C.3        - > MET|CE|CT|C.3        (d = 0.44 A)
2026-04-23 20:50:47,176 [ genlib ] [ INFO ] Searching order 5
2026-04-23 20:50:47,176 [ genlib ] [ INFO ] Checking atom 1HE
2026-04-23 20:50:47,176 [ genlib ] [ INFO ] Define atom pair: LYS|1HE|HP|H         - > MET|2HE|H1|H         (d = 0.38 A)
2026-04-23 20:50:47,176 [ genlib ] [ INFO ] Checking atom 2HE
2026-04-23 20:50:47,176 [ genlib ] [ INFO ] Define atom pair: LYS|2HE|HP|H         - > MET|3HE|H1|H         (d = 0.36 A)
2026-04-23 20:50:47,176 [ genlib ] [ INFO ] Checking atom NZ
2026-04-23 20:50:47,176 [ genlib ] [ INFO ] No partner found for atom NZ
2026-04-23 20:50:47,176 [ genlib ] [ INFO ] Searching order 6
2026-04-23 20:50:47,176 [ genlib ] [ INFO ] Searching order 7
2026-04-23 20:50:47,176 [ genlib ] [ INFO ] Searching branch 2
2026-04-23 20:50:47,176 [ genlib ] [ INFO ] Searching order 2
2026-04-23 20:50:47,176 [ genlib ] [ INFO ] Searching order 3
2026-04-23 20:50:47,176 [ genlib ] [ INFO ] Searching order 4
2026-04-23 20:50:47,176 [ genlib ] [ INFO ] Checking atom 1HD
2026-04-23 20:50:47,176 [ genlib ] [ INFO ] No partner found for atom 1HD
2026-04-23 20:50:47,176 [ genlib ] [ INFO ] Checking atom 2HD
2026-04-23 20:50:47,176 [ genlib ] [ INFO ] No partner found for atom 2HD
2026-04-23 20:50:47,176 [ genlib ] [ INFO ] Searching order 5
2026-04-23 20:50:47,177 [ genlib ] [ INFO ] Checking atom NZ
2026-04-23 20:50:47,177 [ genlib ] [ INFO ] No partner found for atom NZ
2026-04-23 20:50:47,177 [ genlib ] [ INFO ] Searching order 6
2026-04-23 20:50:47,177 [ genlib ] [ INFO ] Searching order 7
2026-04-23 20:50:47,177 [ genlib ] [ INFO ] Updating bond lists
2026-04-23 20:50:47,177 [ genlib ] [ INFO ] Updating dihedrals
2026-04-23 20:50:47,177 [ genlib ] [ INFO ] Updating impropers
2026-04-23 20:50:47,178 [ genlib ] [ INFO ] Building library files for LYS --> PHE mutant
2026-04-23 20:50:47,179 [ genlib ] [ INFO ] reading rtp file "aminoacids.rtp"
2026-04-23 20:50:47,207 [ genlib ] [ INFO ] ENTERED RINGS
2026-04-23 20:50:47,207 [ genlib ] [ INFO ] Making atom pairs
2026-04-23 20:50:47,211 [ genlib ] [ INFO ] Updating bond lists
2026-04-23 20:50:47,212 [ genlib ] [ INFO ] Updating dihedrals
2026-04-23 20:50:47,212 [ genlib ] [ INFO ] Updating impropers
2026-04-23 20:50:47,212 [ genlib ] [ INFO ] Building library files for LYS --> PRO mutant
2026-04-23 20:50:47,213 [ genlib ] [ INFO ] reading rtp file "aminoacids.rtp"
2026-04-23 20:50:47,240 [ genlib ] [ INFO ] ENTERED P
2026-04-23 20:50:47,241 [ genlib ] [ INFO ] Making atom pairs
2026-04-23 20:50:47,243 [ genlib ] [ INFO ] Updating bond lists
2026-04-23 20:50:47,243 [ genlib ] [ INFO ] Updating dihedrals
2026-04-23 20:50:47,243 [ genlib ] [ INFO ] Updating impropers
2026-04-23 20:50:47,243 [ genlib ] [ WARNING ] undefined
2026-04-23 20:50:47,244 [ genlib ] [ INFO ] Building library files for LYS --> SER mutant
2026-04-23 20:50:47,245 [ genlib ] [ INFO ] reading rtp file "aminoacids.rtp"
2026-04-23 20:50:47,273 [ genlib ] [ INFO ] ENTERED SIMPLE
2026-04-23 20:50:47,273 [ genlib ] [ INFO ] Making atom pairs
2026-04-23 20:50:47,273 [ genlib ] [ INFO ] Searching branch 1
2026-04-23 20:50:47,273 [ genlib ] [ INFO ] Searching order 2
2026-04-23 20:50:47,273 [ genlib ] [ INFO ] Checking atom 1HB
2026-04-23 20:50:47,273 [ genlib ] [ INFO ] Define atom pair: LYS|1HB|HC|H         - > SER|1HB|H1|H         (d = 0.15 A)
2026-04-23 20:50:47,273 [ genlib ] [ INFO ] Checking atom 2HB
2026-04-23 20:50:47,273 [ genlib ] [ INFO ] Define atom pair: LYS|2HB|HC|H         - > SER|2HB|H1|H         (d = 0.12 A)
2026-04-23 20:50:47,273 [ genlib ] [ INFO ] Checking atom CG
2026-04-23 20:50:47,273 [ genlib ] [ INFO ] Define atom pair: LYS|CG|CT|C.3        - > SER|OG|OH|O.3        (d = 0.19 A)
2026-04-23 20:50:47,273 [ genlib ] [ INFO ] Searching order 3
2026-04-23 20:50:47,273 [ genlib ] [ INFO ] Checking atom 1HG
2026-04-23 20:50:47,273 [ genlib ] [ INFO ] No partner found for atom 1HG
2026-04-23 20:50:47,273 [ genlib ] [ INFO ] Checking atom 2HG
2026-04-23 20:50:47,273 [ genlib ] [ INFO ] No partner found for atom 2HG
2026-04-23 20:50:47,273 [ genlib ] [ INFO ] Checking atom CD
2026-04-23 20:50:47,274 [ genlib ] [ INFO ] No partner found for atom CD
2026-04-23 20:50:47,274 [ genlib ] [ INFO ] Searching order 4
2026-04-23 20:50:47,274 [ genlib ] [ INFO ] Searching order 5
2026-04-23 20:50:47,274 [ genlib ] [ INFO ] Searching order 6
2026-04-23 20:50:47,274 [ genlib ] [ INFO ] Searching order 7
2026-04-23 20:50:47,274 [ genlib ] [ INFO ] Searching branch 2
2026-04-23 20:50:47,274 [ genlib ] [ INFO ] Searching order 2
2026-04-23 20:50:47,274 [ genlib ] [ INFO ] Searching order 3
2026-04-23 20:50:47,274 [ genlib ] [ INFO ] Checking atom 1HG
2026-04-23 20:50:47,274 [ genlib ] [ INFO ] No partner found for atom 1HG
2026-04-23 20:50:47,274 [ genlib ] [ INFO ] Checking atom 2HG
2026-04-23 20:50:47,274 [ genlib ] [ INFO ] No partner found for atom 2HG
2026-04-23 20:50:47,274 [ genlib ] [ INFO ] Checking atom CD
2026-04-23 20:50:47,274 [ genlib ] [ INFO ] No partner found for atom CD
2026-04-23 20:50:47,274 [ genlib ] [ INFO ] Searching order 4
2026-04-23 20:50:47,274 [ genlib ] [ INFO ] Searching order 5
2026-04-23 20:50:47,274 [ genlib ] [ INFO ] Searching order 6
2026-04-23 20:50:47,274 [ genlib ] [ INFO ] Searching order 7
2026-04-23 20:50:47,274 [ genlib ] [ INFO ] Updating bond lists
2026-04-23 20:50:47,274 [ genlib ] [ INFO ] Updating dihedrals
2026-04-23 20:50:47,274 [ genlib ] [ INFO ] Updating impropers
2026-04-23 20:50:47,275 [ genlib ] [ INFO ] Building library files for LYS --> THR mutant
2026-04-23 20:50:47,276 [ genlib ] [ INFO ] reading rtp file "aminoacids.rtp"
2026-04-23 20:50:47,304 [ genlib ] [ INFO ] ENTERED SIMPLE
2026-04-23 20:50:47,304 [ genlib ] [ INFO ] Making atom pairs
2026-04-23 20:50:47,304 [ genlib ] [ INFO ] Searching branch 1
2026-04-23 20:50:47,304 [ genlib ] [ INFO ] Searching order 2
2026-04-23 20:50:47,304 [ genlib ] [ INFO ] Checking atom 1HB
2026-04-23 20:50:47,304 [ genlib ] [ INFO ] Define atom pair: LYS|1HB|HC|H         - > THR|HB|H1|H          (d = 0.12 A)
2026-04-23 20:50:47,304 [ genlib ] [ INFO ] Checking atom 2HB
2026-04-23 20:50:47,304 [ genlib ] [ INFO ] Define atom pair: LYS|2HB|HC|H         - > THR|CG2|CT|C.3       (d = 0.48 A)
2026-04-23 20:50:47,304 [ genlib ] [ INFO ] Checking atom CG
2026-04-23 20:50:47,304 [ genlib ] [ INFO ] Define atom pair: LYS|CG|CT|C.3        - > THR|OG1|OH|O.3       (d = 0.24 A)
2026-04-23 20:50:47,304 [ genlib ] [ INFO ] Searching order 3
2026-04-23 20:50:47,304 [ genlib ] [ INFO ] Checking atom 1HG
2026-04-23 20:50:47,304 [ genlib ] [ INFO ] No partner found for atom 1HG
2026-04-23 20:50:47,304 [ genlib ] [ INFO ] Checking atom 2HG
2026-04-23 20:50:47,304 [ genlib ] [ INFO ] No partner found for atom 2HG
2026-04-23 20:50:47,304 [ genlib ] [ INFO ] Checking atom CD
2026-04-23 20:50:47,304 [ genlib ] [ INFO ] No partner found for atom CD
2026-04-23 20:50:47,304 [ genlib ] [ INFO ] Searching order 4
2026-04-23 20:50:47,304 [ genlib ] [ INFO ] Searching order 5
2026-04-23 20:50:47,305 [ genlib ] [ INFO ] Searching order 6
2026-04-23 20:50:47,305 [ genlib ] [ INFO ] Searching order 7
2026-04-23 20:50:47,305 [ genlib ] [ INFO ] Searching branch 2
2026-04-23 20:50:47,305 [ genlib ] [ INFO ] Searching order 2
2026-04-23 20:50:47,305 [ genlib ] [ INFO ] Searching order 3
2026-04-23 20:50:47,305 [ genlib ] [ INFO ] Checking atom 1HG
2026-04-23 20:50:47,305 [ genlib ] [ INFO ] No partner found for atom 1HG
2026-04-23 20:50:47,305 [ genlib ] [ INFO ] Checking atom 2HG
2026-04-23 20:50:47,305 [ genlib ] [ INFO ] No partner found for atom 2HG
2026-04-23 20:50:47,305 [ genlib ] [ INFO ] Checking atom CD
2026-04-23 20:50:47,305 [ genlib ] [ INFO ] No partner found for atom CD
2026-04-23 20:50:47,305 [ genlib ] [ INFO ] Searching order 4
2026-04-23 20:50:47,305 [ genlib ] [ INFO ] Searching order 5
2026-04-23 20:50:47,305 [ genlib ] [ INFO ] Searching order 6
2026-04-23 20:50:47,305 [ genlib ] [ INFO ] Searching order 7
2026-04-23 20:50:47,306 [ genlib ] [ INFO ] Updating bond lists
2026-04-23 20:50:47,306 [ genlib ] [ INFO ] Updating dihedrals
2026-04-23 20:50:47,306 [ genlib ] [ INFO ] Updating impropers
2026-04-23 20:50:47,307 [ genlib ] [ INFO ] Building library files for LYS --> TRP mutant
2026-04-23 20:50:47,308 [ genlib ] [ INFO ] reading rtp file "aminoacids.rtp"
2026-04-23 20:50:47,335 [ genlib ] [ INFO ] ENTERED RINGS
2026-04-23 20:50:47,335 [ genlib ] [ INFO ] Making atom pairs
2026-04-23 20:50:47,342 [ genlib ] [ INFO ] Updating bond lists
2026-04-23 20:50:47,342 [ genlib ] [ INFO ] Updating dihedrals
2026-04-23 20:50:47,343 [ genlib ] [ INFO ] Updating impropers
2026-04-23 20:50:47,343 [ genlib ] [ INFO ] Building library files for LYS --> TYR mutant
2026-04-23 20:50:47,344 [ genlib ] [ INFO ] reading rtp file "aminoacids.rtp"
2026-04-23 20:50:47,371 [ genlib ] [ INFO ] ENTERED RINGS
2026-04-23 20:50:47,371 [ genlib ] [ INFO ] Making atom pairs
2026-04-23 20:50:47,376 [ genlib ] [ INFO ] Updating bond lists
2026-04-23 20:50:47,376 [ genlib ] [ INFO ] Updating dihedrals
2026-04-23 20:50:47,376 [ genlib ] [ INFO ] Updating impropers
2026-04-23 20:50:47,377 [ genlib ] [ INFO ] Building library files for LYS --> VAL mutant
2026-04-23 20:50:47,377 [ genlib ] [ INFO ] reading rtp file "aminoacids.rtp"
2026-04-23 20:50:47,404 [ genlib ] [ INFO ] ENTERED SIMPLE
2026-04-23 20:50:47,404 [ genlib ] [ INFO ] Making atom pairs
2026-04-23 20:50:47,404 [ genlib ] [ INFO ] Searching branch 1
2026-04-23 20:50:47,404 [ genlib ] [ INFO ] Searching order 2
2026-04-23 20:50:47,404 [ genlib ] [ INFO ] Checking atom 1HB
2026-04-23 20:50:47,404 [ genlib ] [ INFO ] Define atom pair: LYS|1HB|HC|H         - > VAL|HB|HC|H          (d = 0.21 A)
2026-04-23 20:50:47,404 [ genlib ] [ INFO ] Checking atom 2HB
2026-04-23 20:50:47,404 [ genlib ] [ INFO ] Define atom pair: LYS|2HB|HC|H         - > VAL|CG1|CT|C.3       (d = 0.45 A)
2026-04-23 20:50:47,404 [ genlib ] [ INFO ] Checking atom CG
2026-04-23 20:50:47,404 [ genlib ] [ INFO ] Define atom pair: LYS|CG|CT|C.3        - > VAL|CG2|CT|C.3       (d = 0.25 A)
2026-04-23 20:50:47,404 [ genlib ] [ INFO ] Searching order 3
2026-04-23 20:50:47,404 [ genlib ] [ INFO ] Checking atom 1HG
2026-04-23 20:50:47,404 [ genlib ] [ INFO ] Define atom pair: LYS|1HG|HC|H         - > VAL|2HG2|HC|H        (d = 0.30 A)
2026-04-23 20:50:47,404 [ genlib ] [ INFO ] Checking atom 2HG
2026-04-23 20:50:47,404 [ genlib ] [ INFO ] Define atom pair: LYS|2HG|HC|H         - > VAL|3HG2|HC|H        (d = 0.40 A)
2026-04-23 20:50:47,404 [ genlib ] [ INFO ] Checking atom CD
2026-04-23 20:50:47,404 [ genlib ] [ INFO ] Define atom pair: LYS|CD|CT|C.3        - > VAL|1HG2|HC|H        (d = 0.43 A)
2026-04-23 20:50:47,404 [ genlib ] [ INFO ] Searching order 4
2026-04-23 20:50:47,404 [ genlib ] [ INFO ] Checking atom 1HD
2026-04-23 20:50:47,404 [ genlib ] [ INFO ] No partner found for atom 1HD
2026-04-23 20:50:47,404 [ genlib ] [ INFO ] Checking atom 2HD
2026-04-23 20:50:47,404 [ genlib ] [ INFO ] No partner found for atom 2HD
2026-04-23 20:50:47,404 [ genlib ] [ INFO ] Checking atom CE
2026-04-23 20:50:47,404 [ genlib ] [ INFO ] No partner found for atom CE
2026-04-23 20:50:47,404 [ genlib ] [ INFO ] Searching order 5
2026-04-23 20:50:47,404 [ genlib ] [ INFO ] Searching order 6
2026-04-23 20:50:47,404 [ genlib ] [ INFO ] Searching order 7
2026-04-23 20:50:47,404 [ genlib ] [ INFO ] Searching branch 2
2026-04-23 20:50:47,404 [ genlib ] [ INFO ] Searching order 2
2026-04-23 20:50:47,404 [ genlib ] [ INFO ] Searching order 3
2026-04-23 20:50:47,404 [ genlib ] [ INFO ] Searching order 4
2026-04-23 20:50:47,404 [ genlib ] [ INFO ] Checking atom 1HD
2026-04-23 20:50:47,404 [ genlib ] [ INFO ] No partner found for atom 1HD
2026-04-23 20:50:47,404 [ genlib ] [ INFO ] Checking atom 2HD
2026-04-23 20:50:47,404 [ genlib ] [ INFO ] No partner found for atom 2HD
2026-04-23 20:50:47,404 [ genlib ] [ INFO ] Checking atom CE
2026-04-23 20:50:47,404 [ genlib ] [ INFO ] No partner found for atom CE
2026-04-23 20:50:47,404 [ genlib ] [ INFO ] Searching order 5
2026-04-23 20:50:47,404 [ genlib ] [ INFO ] Searching order 6
2026-04-23 20:50:47,404 [ genlib ] [ INFO ] Searching order 7
2026-04-23 20:50:47,405 [ genlib ] [ INFO ] Updating bond lists
2026-04-23 20:50:47,405 [ genlib ] [ INFO ] Updating dihedrals
2026-04-23 20:50:47,405 [ genlib ] [ INFO ] Updating impropers
2026-04-23 20:50:47,406 [ genlib ] [ INFO ] Building library files for MET --> ALA mutant
2026-04-23 20:50:47,407 [ genlib ] [ INFO ] reading rtp file "aminoacids.rtp"
2026-04-23 20:50:47,432 [ genlib ] [ INFO ] ENTERED SIMPLE
2026-04-23 20:50:47,432 [ genlib ] [ INFO ] Making atom pairs
2026-04-23 20:50:47,432 [ genlib ] [ INFO ] Searching branch 1
2026-04-23 20:50:47,432 [ genlib ] [ INFO ] Searching order 2
2026-04-23 20:50:47,432 [ genlib ] [ INFO ] Checking atom 1HB
2026-04-23 20:50:47,433 [ genlib ] [ INFO ] Define atom pair: MET|1HB|HC|H         - > ALA|2HB|HC|H         (d = 0.07 A)
2026-04-23 20:50:47,433 [ genlib ] [ INFO ] Checking atom 2HB
2026-04-23 20:50:47,433 [ genlib ] [ INFO ] Define atom pair: MET|2HB|HC|H         - > ALA|3HB|HC|H         (d = 0.07 A)
2026-04-23 20:50:47,433 [ genlib ] [ INFO ] Checking atom CG
2026-04-23 20:50:47,433 [ genlib ] [ INFO ] Define atom pair: MET|CG|CT|C.3        - > ALA|1HB|HC|H         (d = 0.47 A)
2026-04-23 20:50:47,433 [ genlib ] [ INFO ] Searching order 3
2026-04-23 20:50:47,433 [ genlib ] [ INFO ] Checking atom 1HG
2026-04-23 20:50:47,433 [ genlib ] [ INFO ] No partner found for atom 1HG
2026-04-23 20:50:47,433 [ genlib ] [ INFO ] Checking atom 2HG
2026-04-23 20:50:47,433 [ genlib ] [ INFO ] No partner found for atom 2HG
2026-04-23 20:50:47,433 [ genlib ] [ INFO ] Checking atom SD
2026-04-23 20:50:47,433 [ genlib ] [ INFO ] No partner found for atom SD
2026-04-23 20:50:47,433 [ genlib ] [ INFO ] Searching order 4
2026-04-23 20:50:47,433 [ genlib ] [ INFO ] Searching order 5
2026-04-23 20:50:47,433 [ genlib ] [ INFO ] Searching order 6
2026-04-23 20:50:47,433 [ genlib ] [ INFO ] Searching order 7
2026-04-23 20:50:47,433 [ genlib ] [ INFO ] Searching branch 2
2026-04-23 20:50:47,433 [ genlib ] [ INFO ] Searching order 2
2026-04-23 20:50:47,433 [ genlib ] [ INFO ] Searching order 3
2026-04-23 20:50:47,433 [ genlib ] [ INFO ] Checking atom 1HG
2026-04-23 20:50:47,433 [ genlib ] [ INFO ] No partner found for atom 1HG
2026-04-23 20:50:47,433 [ genlib ] [ INFO ] Checking atom 2HG
2026-04-23 20:50:47,433 [ genlib ] [ INFO ] No partner found for atom 2HG
2026-04-23 20:50:47,433 [ genlib ] [ INFO ] Checking atom SD
2026-04-23 20:50:47,433 [ genlib ] [ INFO ] No partner found for atom SD
2026-04-23 20:50:47,433 [ genlib ] [ INFO ] Searching order 4
2026-04-23 20:50:47,433 [ genlib ] [ INFO ] Searching order 5
2026-04-23 20:50:47,433 [ genlib ] [ INFO ] Searching order 6
2026-04-23 20:50:47,433 [ genlib ] [ INFO ] Searching order 7
2026-04-23 20:50:47,433 [ genlib ] [ INFO ] Updating bond lists
2026-04-23 20:50:47,433 [ genlib ] [ INFO ] Updating dihedrals
2026-04-23 20:50:47,433 [ genlib ] [ INFO ] Updating impropers
2026-04-23 20:50:47,433 [ genlib ] [ INFO ] Building library files for MET --> ARG mutant
2026-04-23 20:50:47,434 [ genlib ] [ INFO ] reading rtp file "aminoacids.rtp"
2026-04-23 20:50:47,461 [ genlib ] [ INFO ] ENTERED SIMPLE
2026-04-23 20:50:47,461 [ genlib ] [ INFO ] Making atom pairs
2026-04-23 20:50:47,461 [ genlib ] [ INFO ] Searching branch 1
2026-04-23 20:50:47,462 [ genlib ] [ INFO ] Searching order 2
2026-04-23 20:50:47,462 [ genlib ] [ INFO ] Checking atom 1HB
2026-04-23 20:50:47,462 [ genlib ] [ INFO ] Define atom pair: MET|1HB|HC|H         - > ARG|1HB|HC|H         (d = 0.09 A)
2026-04-23 20:50:47,462 [ genlib ] [ INFO ] Checking atom 2HB
2026-04-23 20:50:47,462 [ genlib ] [ INFO ] Define atom pair: MET|2HB|HC|H         - > ARG|2HB|HC|H         (d = 0.11 A)
2026-04-23 20:50:47,462 [ genlib ] [ INFO ] Checking atom CG
2026-04-23 20:50:47,462 [ genlib ] [ INFO ] Define atom pair: MET|CG|CT|C.3        - > ARG|CG|CT|C.3        (d = 0.11 A)
2026-04-23 20:50:47,462 [ genlib ] [ INFO ] Searching order 3
2026-04-23 20:50:47,462 [ genlib ] [ INFO ] Checking atom 1HG
2026-04-23 20:50:47,462 [ genlib ] [ INFO ] Define atom pair: MET|1HG|H1|H         - > ARG|1HG|HC|H         (d = 0.10 A)
2026-04-23 20:50:47,462 [ genlib ] [ INFO ] Checking atom 2HG
2026-04-23 20:50:47,462 [ genlib ] [ INFO ] Define atom pair: MET|2HG|H1|H         - > ARG|2HG|HC|H         (d = 0.16 A)
2026-04-23 20:50:47,462 [ genlib ] [ INFO ] Checking atom SD
2026-04-23 20:50:47,462 [ genlib ] [ INFO ] Define atom pair: MET|SD|S|S.3         - > ARG|CD|CT|C.3        (d = 0.38 A)
2026-04-23 20:50:47,462 [ genlib ] [ INFO ] Searching order 4
2026-04-23 20:50:47,462 [ genlib ] [ INFO ] Checking atom CE
2026-04-23 20:50:47,462 [ genlib ] [ INFO ] Define atom pair: MET|CE|CT|C.3        - > ARG|NE|N2|N.pl3      (d = 0.51 A)
2026-04-23 20:50:47,462 [ genlib ] [ INFO ] Searching order 5
2026-04-23 20:50:47,462 [ genlib ] [ INFO ] Checking atom 1HE
2026-04-23 20:50:47,462 [ genlib ] [ INFO ] Define atom pair: MET|1HE|H1|H         - > ARG|CZ|CA|C.cat      (d = 0.52 A)
2026-04-23 20:50:47,462 [ genlib ] [ INFO ] Checking atom 2HE
2026-04-23 20:50:47,462 [ genlib ] [ INFO ] No partner found for atom 2HE
2026-04-23 20:50:47,462 [ genlib ] [ INFO ] Checking atom 3HE
2026-04-23 20:50:47,462 [ genlib ] [ INFO ] No partner found for atom 3HE
2026-04-23 20:50:47,462 [ genlib ] [ INFO ] Searching order 6
2026-04-23 20:50:47,462 [ genlib ] [ INFO ] Searching order 7
2026-04-23 20:50:47,462 [ genlib ] [ INFO ] Searching branch 2
2026-04-23 20:50:47,462 [ genlib ] [ INFO ] Searching order 2
2026-04-23 20:50:47,462 [ genlib ] [ INFO ] Searching order 3
2026-04-23 20:50:47,462 [ genlib ] [ INFO ] Searching order 4
2026-04-23 20:50:47,462 [ genlib ] [ INFO ] Searching order 5
2026-04-23 20:50:47,462 [ genlib ] [ INFO ] Checking atom 2HE
2026-04-23 20:50:47,462 [ genlib ] [ INFO ] No partner found for atom 2HE
2026-04-23 20:50:47,462 [ genlib ] [ INFO ] Checking atom 3HE
2026-04-23 20:50:47,462 [ genlib ] [ INFO ] No partner found for atom 3HE
2026-04-23 20:50:47,462 [ genlib ] [ INFO ] Searching order 6
2026-04-23 20:50:47,462 [ genlib ] [ INFO ] Searching order 7
2026-04-23 20:50:47,466 [ genlib ] [ INFO ] Updating bond lists
2026-04-23 20:50:47,466 [ genlib ] [ INFO ] Updating dihedrals
2026-04-23 20:50:47,466 [ genlib ] [ INFO ] Updating impropers
2026-04-23 20:50:47,466 [ genlib ] [ INFO ] Building library files for MET --> ASH mutant
2026-04-23 20:50:47,467 [ genlib ] [ INFO ] reading rtp file "aminoacids.rtp"
2026-04-23 20:50:47,493 [ genlib ] [ INFO ] ENTERED SIMPLE
2026-04-23 20:50:47,493 [ genlib ] [ INFO ] Making atom pairs
2026-04-23 20:50:47,493 [ genlib ] [ INFO ] Searching branch 1
2026-04-23 20:50:47,493 [ genlib ] [ INFO ] Searching order 2
2026-04-23 20:50:47,493 [ genlib ] [ INFO ] Checking atom 1HB
2026-04-23 20:50:47,493 [ genlib ] [ INFO ] Define atom pair: MET|1HB|HC|H         - > ASH|1HB|HC|H         (d = 0.14 A)
2026-04-23 20:50:47,493 [ genlib ] [ INFO ] Checking atom 2HB
2026-04-23 20:50:47,493 [ genlib ] [ INFO ] Define atom pair: MET|2HB|HC|H         - > ASH|2HB|HC|H         (d = 0.12 A)
2026-04-23 20:50:47,493 [ genlib ] [ INFO ] Checking atom CG
2026-04-23 20:50:47,493 [ genlib ] [ INFO ] Define atom pair: MET|CG|CT|C.3        - > ASH|CG|C|C.2         (d = 0.07 A)
2026-04-23 20:50:47,493 [ genlib ] [ INFO ] Searching order 3
2026-04-23 20:50:47,493 [ genlib ] [ INFO ] Checking atom 1HG
2026-04-23 20:50:47,493 [ genlib ] [ INFO ] No partner found for atom 1HG
2026-04-23 20:50:47,493 [ genlib ] [ INFO ] Checking atom 2HG
2026-04-23 20:50:47,493 [ genlib ] [ INFO ] No partner found for atom 2HG
2026-04-23 20:50:47,493 [ genlib ] [ INFO ] Checking atom SD
2026-04-23 20:50:47,493 [ genlib ] [ INFO ] Define atom pair: MET|SD|S|S.3         - > ASH|OD1|O|O.co2      (d = 0.53 A)
2026-04-23 20:50:47,493 [ genlib ] [ INFO ] Searching order 4
2026-04-23 20:50:47,493 [ genlib ] [ INFO ] Checking atom CE
2026-04-23 20:50:47,493 [ genlib ] [ INFO ] No partner found for atom CE
2026-04-23 20:50:47,493 [ genlib ] [ INFO ] Searching order 5
2026-04-23 20:50:47,493 [ genlib ] [ INFO ] Searching order 6
2026-04-23 20:50:47,493 [ genlib ] [ INFO ] Searching order 7
2026-04-23 20:50:47,493 [ genlib ] [ INFO ] Searching branch 2
2026-04-23 20:50:47,493 [ genlib ] [ INFO ] Searching order 2
2026-04-23 20:50:47,493 [ genlib ] [ INFO ] Searching order 3
2026-04-23 20:50:47,493 [ genlib ] [ INFO ] Checking atom 1HG
2026-04-23 20:50:47,493 [ genlib ] [ INFO ] No partner found for atom 1HG
2026-04-23 20:50:47,493 [ genlib ] [ INFO ] Checking atom 2HG
2026-04-23 20:50:47,493 [ genlib ] [ INFO ] No partner found for atom 2HG
2026-04-23 20:50:47,493 [ genlib ] [ INFO ] Searching order 4
2026-04-23 20:50:47,493 [ genlib ] [ INFO ] Checking atom CE
2026-04-23 20:50:47,493 [ genlib ] [ INFO ] No partner found for atom CE
2026-04-23 20:50:47,493 [ genlib ] [ INFO ] Searching order 5
2026-04-23 20:50:47,493 [ genlib ] [ INFO ] Searching order 6
2026-04-23 20:50:47,493 [ genlib ] [ INFO ] Searching order 7
2026-04-23 20:50:47,494 [ genlib ] [ INFO ] Updating bond lists
2026-04-23 20:50:47,494 [ genlib ] [ INFO ] Updating dihedrals
2026-04-23 20:50:47,494 [ genlib ] [ INFO ] Updating impropers
2026-04-23 20:50:47,494 [ genlib ] [ INFO ] Building library files for MET --> ASN mutant
2026-04-23 20:50:47,495 [ genlib ] [ INFO ] reading rtp file "aminoacids.rtp"
2026-04-23 20:50:47,520 [ genlib ] [ INFO ] ENTERED SIMPLE
2026-04-23 20:50:47,520 [ genlib ] [ INFO ] Making atom pairs
2026-04-23 20:50:47,520 [ genlib ] [ INFO ] Searching branch 1
2026-04-23 20:50:47,520 [ genlib ] [ INFO ] Searching order 2
2026-04-23 20:50:47,520 [ genlib ] [ INFO ] Checking atom 1HB
2026-04-23 20:50:47,520 [ genlib ] [ INFO ] Define atom pair: MET|1HB|HC|H         - > ASN|1HB|HC|H         (d = 0.08 A)
2026-04-23 20:50:47,520 [ genlib ] [ INFO ] Checking atom 2HB
2026-04-23 20:50:47,520 [ genlib ] [ INFO ] Define atom pair: MET|2HB|HC|H         - > ASN|2HB|HC|H         (d = 0.07 A)
2026-04-23 20:50:47,520 [ genlib ] [ INFO ] Checking atom CG
2026-04-23 20:50:47,521 [ genlib ] [ INFO ] Define atom pair: MET|CG|CT|C.3        - > ASN|CG|C|C.2         (d = 0.07 A)
2026-04-23 20:50:47,521 [ genlib ] [ INFO ] Searching order 3
2026-04-23 20:50:47,521 [ genlib ] [ INFO ] Checking atom 1HG
2026-04-23 20:50:47,521 [ genlib ] [ INFO ] No partner found for atom 1HG
2026-04-23 20:50:47,521 [ genlib ] [ INFO ] Checking atom 2HG
2026-04-23 20:50:47,521 [ genlib ] [ INFO ] No partner found for atom 2HG
2026-04-23 20:50:47,521 [ genlib ] [ INFO ] Checking atom SD
2026-04-23 20:50:47,521 [ genlib ] [ INFO ] Define atom pair: MET|SD|S|S.3         - > ASN|OD1|O|O.2        (d = 0.52 A)
2026-04-23 20:50:47,521 [ genlib ] [ INFO ] Searching order 4
2026-04-23 20:50:47,521 [ genlib ] [ INFO ] Checking atom CE
2026-04-23 20:50:47,521 [ genlib ] [ INFO ] No partner found for atom CE
2026-04-23 20:50:47,521 [ genlib ] [ INFO ] Searching order 5
2026-04-23 20:50:47,521 [ genlib ] [ INFO ] Searching order 6
2026-04-23 20:50:47,521 [ genlib ] [ INFO ] Searching order 7
2026-04-23 20:50:47,521 [ genlib ] [ INFO ] Searching branch 2
2026-04-23 20:50:47,521 [ genlib ] [ INFO ] Searching order 2
2026-04-23 20:50:47,521 [ genlib ] [ INFO ] Searching order 3
2026-04-23 20:50:47,521 [ genlib ] [ INFO ] Checking atom 1HG
2026-04-23 20:50:47,521 [ genlib ] [ INFO ] No partner found for atom 1HG
2026-04-23 20:50:47,521 [ genlib ] [ INFO ] Checking atom 2HG
2026-04-23 20:50:47,521 [ genlib ] [ INFO ] No partner found for atom 2HG
2026-04-23 20:50:47,521 [ genlib ] [ INFO ] Searching order 4
2026-04-23 20:50:47,521 [ genlib ] [ INFO ] Checking atom CE
2026-04-23 20:50:47,521 [ genlib ] [ INFO ] No partner found for atom CE
2026-04-23 20:50:47,521 [ genlib ] [ INFO ] Searching order 5
2026-04-23 20:50:47,521 [ genlib ] [ INFO ] Searching order 6
2026-04-23 20:50:47,521 [ genlib ] [ INFO ] Searching order 7
2026-04-23 20:50:47,522 [ genlib ] [ INFO ] Updating bond lists
2026-04-23 20:50:47,522 [ genlib ] [ INFO ] Updating dihedrals
2026-04-23 20:50:47,522 [ genlib ] [ INFO ] Updating impropers
2026-04-23 20:50:47,522 [ genlib ] [ INFO ] Building library files for MET --> ASP mutant
2026-04-23 20:50:47,523 [ genlib ] [ INFO ] reading rtp file "aminoacids.rtp"
2026-04-23 20:50:47,548 [ genlib ] [ INFO ] ENTERED SIMPLE
2026-04-23 20:50:47,548 [ genlib ] [ INFO ] Making atom pairs
2026-04-23 20:50:47,548 [ genlib ] [ INFO ] Searching branch 1
2026-04-23 20:50:47,548 [ genlib ] [ INFO ] Searching order 2
2026-04-23 20:50:47,548 [ genlib ] [ INFO ] Checking atom 1HB
2026-04-23 20:50:47,548 [ genlib ] [ INFO ] Define atom pair: MET|1HB|HC|H         - > ASP|1HB|HC|H         (d = 0.09 A)
2026-04-23 20:50:47,548 [ genlib ] [ INFO ] Checking atom 2HB
2026-04-23 20:50:47,548 [ genlib ] [ INFO ] Define atom pair: MET|2HB|HC|H         - > ASP|2HB|HC|H         (d = 0.06 A)
2026-04-23 20:50:47,548 [ genlib ] [ INFO ] Checking atom CG
2026-04-23 20:50:47,548 [ genlib ] [ INFO ] Define atom pair: MET|CG|CT|C.3        - > ASP|CG|C|C.2         (d = 0.07 A)
2026-04-23 20:50:47,548 [ genlib ] [ INFO ] Searching order 3
2026-04-23 20:50:47,548 [ genlib ] [ INFO ] Checking atom 1HG
2026-04-23 20:50:47,548 [ genlib ] [ INFO ] No partner found for atom 1HG
2026-04-23 20:50:47,548 [ genlib ] [ INFO ] Checking atom 2HG
2026-04-23 20:50:47,548 [ genlib ] [ INFO ] No partner found for atom 2HG
2026-04-23 20:50:47,548 [ genlib ] [ INFO ] Checking atom SD
2026-04-23 20:50:47,548 [ genlib ] [ INFO ] Define atom pair: MET|SD|S|S.3         - > ASP|OD1|O2|O.co2     (d = 0.53 A)
2026-04-23 20:50:47,548 [ genlib ] [ INFO ] Searching order 4
2026-04-23 20:50:47,548 [ genlib ] [ INFO ] Checking atom CE
2026-04-23 20:50:47,548 [ genlib ] [ INFO ] No partner found for atom CE
2026-04-23 20:50:47,548 [ genlib ] [ INFO ] Searching order 5
2026-04-23 20:50:47,548 [ genlib ] [ INFO ] Searching order 6
2026-04-23 20:50:47,548 [ genlib ] [ INFO ] Searching order 7
2026-04-23 20:50:47,548 [ genlib ] [ INFO ] Searching branch 2
2026-04-23 20:50:47,548 [ genlib ] [ INFO ] Searching order 2
2026-04-23 20:50:47,548 [ genlib ] [ INFO ] Searching order 3
2026-04-23 20:50:47,548 [ genlib ] [ INFO ] Checking atom 1HG
2026-04-23 20:50:47,548 [ genlib ] [ INFO ] No partner found for atom 1HG
2026-04-23 20:50:47,548 [ genlib ] [ INFO ] Checking atom 2HG
2026-04-23 20:50:47,548 [ genlib ] [ INFO ] No partner found for atom 2HG
2026-04-23 20:50:47,548 [ genlib ] [ INFO ] Searching order 4
2026-04-23 20:50:47,548 [ genlib ] [ INFO ] Checking atom CE
2026-04-23 20:50:47,548 [ genlib ] [ INFO ] No partner found for atom CE
2026-04-23 20:50:47,548 [ genlib ] [ INFO ] Searching order 5
2026-04-23 20:50:47,548 [ genlib ] [ INFO ] Searching order 6
2026-04-23 20:50:47,548 [ genlib ] [ INFO ] Searching order 7
2026-04-23 20:50:47,549 [ genlib ] [ INFO ] Updating bond lists
2026-04-23 20:50:47,549 [ genlib ] [ INFO ] Updating dihedrals
2026-04-23 20:50:47,549 [ genlib ] [ INFO ] Updating impropers
2026-04-23 20:50:47,549 [ genlib ] [ INFO ] Building library files for MET --> CYS mutant
2026-04-23 20:50:47,550 [ genlib ] [ INFO ] reading rtp file "aminoacids.rtp"
2026-04-23 20:50:47,576 [ genlib ] [ INFO ] ENTERED SIMPLE
2026-04-23 20:50:47,576 [ genlib ] [ INFO ] Making atom pairs
2026-04-23 20:50:47,576 [ genlib ] [ INFO ] Searching branch 1
2026-04-23 20:50:47,576 [ genlib ] [ INFO ] Searching order 2
2026-04-23 20:50:47,576 [ genlib ] [ INFO ] Checking atom 1HB
2026-04-23 20:50:47,576 [ genlib ] [ INFO ] Define atom pair: MET|1HB|HC|H         - > CYS|1HB|H1|H         (d = 0.08 A)
2026-04-23 20:50:47,576 [ genlib ] [ INFO ] Checking atom 2HB
2026-04-23 20:50:47,576 [ genlib ] [ INFO ] Define atom pair: MET|2HB|HC|H         - > CYS|2HB|H1|H         (d = 0.08 A)
2026-04-23 20:50:47,576 [ genlib ] [ INFO ] Checking atom CG
2026-04-23 20:50:47,576 [ genlib ] [ INFO ] Define atom pair: MET|CG|CT|C.3        - > CYS|SG|SH|S.3        (d = 0.28 A)
2026-04-23 20:50:47,576 [ genlib ] [ INFO ] Searching order 3
2026-04-23 20:50:47,576 [ genlib ] [ INFO ] Checking atom 1HG
2026-04-23 20:50:47,576 [ genlib ] [ INFO ] No partner found for atom 1HG
2026-04-23 20:50:47,576 [ genlib ] [ INFO ] Checking atom 2HG
2026-04-23 20:50:47,576 [ genlib ] [ INFO ] No partner found for atom 2HG
2026-04-23 20:50:47,576 [ genlib ] [ INFO ] Checking atom SD
2026-04-23 20:50:47,576 [ genlib ] [ INFO ] Define atom pair: MET|SD|S|S.3         - > CYS|HG|HS|H          (d = 0.48 A)
2026-04-23 20:50:47,576 [ genlib ] [ INFO ] Searching order 4
2026-04-23 20:50:47,576 [ genlib ] [ INFO ] Checking atom CE
2026-04-23 20:50:47,576 [ genlib ] [ INFO ] No partner found for atom CE
2026-04-23 20:50:47,576 [ genlib ] [ INFO ] Searching order 5
2026-04-23 20:50:47,576 [ genlib ] [ INFO ] Searching order 6
2026-04-23 20:50:47,576 [ genlib ] [ INFO ] Searching order 7
2026-04-23 20:50:47,576 [ genlib ] [ INFO ] Searching branch 2
2026-04-23 20:50:47,576 [ genlib ] [ INFO ] Searching order 2
2026-04-23 20:50:47,576 [ genlib ] [ INFO ] Searching order 3
2026-04-23 20:50:47,576 [ genlib ] [ INFO ] Checking atom 1HG
2026-04-23 20:50:47,576 [ genlib ] [ INFO ] No partner found for atom 1HG
2026-04-23 20:50:47,576 [ genlib ] [ INFO ] Checking atom 2HG
2026-04-23 20:50:47,576 [ genlib ] [ INFO ] No partner found for atom 2HG
2026-04-23 20:50:47,576 [ genlib ] [ INFO ] Searching order 4
2026-04-23 20:50:47,576 [ genlib ] [ INFO ] Checking atom CE
2026-04-23 20:50:47,576 [ genlib ] [ INFO ] No partner found for atom CE
2026-04-23 20:50:47,576 [ genlib ] [ INFO ] Searching order 5
2026-04-23 20:50:47,576 [ genlib ] [ INFO ] Searching order 6
2026-04-23 20:50:47,576 [ genlib ] [ INFO ] Searching order 7
2026-04-23 20:50:47,577 [ genlib ] [ INFO ] Updating bond lists
2026-04-23 20:50:47,577 [ genlib ] [ INFO ] Updating dihedrals
2026-04-23 20:50:47,577 [ genlib ] [ INFO ] Updating impropers
2026-04-23 20:50:47,577 [ genlib ] [ INFO ] Building library files for MET --> GLH mutant
2026-04-23 20:50:47,578 [ genlib ] [ INFO ] reading rtp file "aminoacids.rtp"
2026-04-23 20:50:47,606 [ genlib ] [ INFO ] ENTERED SIMPLE
2026-04-23 20:50:47,606 [ genlib ] [ INFO ] Making atom pairs
2026-04-23 20:50:47,606 [ genlib ] [ INFO ] Searching branch 1
2026-04-23 20:50:47,606 [ genlib ] [ INFO ] Searching order 2
2026-04-23 20:50:47,606 [ genlib ] [ INFO ] Checking atom 1HB
2026-04-23 20:50:47,606 [ genlib ] [ INFO ] Define atom pair: MET|1HB|HC|H         - > GLH|1HB|HC|H         (d = 0.22 A)
2026-04-23 20:50:47,606 [ genlib ] [ INFO ] Checking atom 2HB
2026-04-23 20:50:47,606 [ genlib ] [ INFO ] Define atom pair: MET|2HB|HC|H         - > GLH|2HB|HC|H         (d = 0.18 A)
2026-04-23 20:50:47,606 [ genlib ] [ INFO ] Checking atom CG
2026-04-23 20:50:47,606 [ genlib ] [ INFO ] Define atom pair: MET|CG|CT|C.3        - > GLH|CG|CT|C.3        (d = 0.13 A)
2026-04-23 20:50:47,606 [ genlib ] [ INFO ] Searching order 3
2026-04-23 20:50:47,606 [ genlib ] [ INFO ] Checking atom 1HG
2026-04-23 20:50:47,606 [ genlib ] [ INFO ] Define atom pair: MET|1HG|H1|H         - > GLH|1HG|HC|H         (d = 0.14 A)
2026-04-23 20:50:47,606 [ genlib ] [ INFO ] Checking atom 2HG
2026-04-23 20:50:47,606 [ genlib ] [ INFO ] Define atom pair: MET|2HG|H1|H         - > GLH|2HG|HC|H         (d = 0.19 A)
2026-04-23 20:50:47,606 [ genlib ] [ INFO ] Checking atom SD
2026-04-23 20:50:47,606 [ genlib ] [ INFO ] Define atom pair: MET|SD|S|S.3         - > GLH|CD|C|C.2         (d = 0.22 A)
2026-04-23 20:50:47,606 [ genlib ] [ INFO ] Searching order 4
2026-04-23 20:50:47,606 [ genlib ] [ INFO ] Checking atom CE
2026-04-23 20:50:47,606 [ genlib ] [ INFO ] No partner found for atom CE
2026-04-23 20:50:47,606 [ genlib ] [ INFO ] Searching order 5
2026-04-23 20:50:47,606 [ genlib ] [ INFO ] Searching order 6
2026-04-23 20:50:47,606 [ genlib ] [ INFO ] Searching order 7
2026-04-23 20:50:47,606 [ genlib ] [ INFO ] Searching branch 2
2026-04-23 20:50:47,606 [ genlib ] [ INFO ] Searching order 2
2026-04-23 20:50:47,606 [ genlib ] [ INFO ] Searching order 3
2026-04-23 20:50:47,606 [ genlib ] [ INFO ] Searching order 4
2026-04-23 20:50:47,606 [ genlib ] [ INFO ] Checking atom CE
2026-04-23 20:50:47,606 [ genlib ] [ INFO ] No partner found for atom CE
2026-04-23 20:50:47,606 [ genlib ] [ INFO ] Searching order 5
2026-04-23 20:50:47,606 [ genlib ] [ INFO ] Searching order 6
2026-04-23 20:50:47,606 [ genlib ] [ INFO ] Searching order 7
2026-04-23 20:50:47,608 [ genlib ] [ INFO ] Updating bond lists
2026-04-23 20:50:47,608 [ genlib ] [ INFO ] Updating dihedrals
2026-04-23 20:50:47,608 [ genlib ] [ INFO ] Updating impropers
2026-04-23 20:50:47,608 [ genlib ] [ INFO ] Building library files for MET --> GLN mutant
2026-04-23 20:50:47,609 [ genlib ] [ INFO ] reading rtp file "aminoacids.rtp"
2026-04-23 20:50:47,636 [ genlib ] [ INFO ] ENTERED SIMPLE
2026-04-23 20:50:47,636 [ genlib ] [ INFO ] Making atom pairs
2026-04-23 20:50:47,636 [ genlib ] [ INFO ] Searching branch 1
2026-04-23 20:50:47,636 [ genlib ] [ INFO ] Searching order 2
2026-04-23 20:50:47,636 [ genlib ] [ INFO ] Checking atom 1HB
2026-04-23 20:50:47,636 [ genlib ] [ INFO ] Define atom pair: MET|1HB|HC|H         - > GLN|1HB|HC|H         (d = 0.10 A)
2026-04-23 20:50:47,636 [ genlib ] [ INFO ] Checking atom 2HB
2026-04-23 20:50:47,636 [ genlib ] [ INFO ] Define atom pair: MET|2HB|HC|H         - > GLN|2HB|HC|H         (d = 0.08 A)
2026-04-23 20:50:47,636 [ genlib ] [ INFO ] Checking atom CG
2026-04-23 20:50:47,636 [ genlib ] [ INFO ] Define atom pair: MET|CG|CT|C.3        - > GLN|CG|CT|C.3        (d = 0.06 A)
2026-04-23 20:50:47,636 [ genlib ] [ INFO ] Searching order 3
2026-04-23 20:50:47,636 [ genlib ] [ INFO ] Checking atom 1HG
2026-04-23 20:50:47,636 [ genlib ] [ INFO ] Define atom pair: MET|1HG|H1|H         - > GLN|1HG|HC|H         (d = 0.04 A)
2026-04-23 20:50:47,636 [ genlib ] [ INFO ] Checking atom 2HG
2026-04-23 20:50:47,636 [ genlib ] [ INFO ] Define atom pair: MET|2HG|H1|H         - > GLN|2HG|HC|H         (d = 0.09 A)
2026-04-23 20:50:47,636 [ genlib ] [ INFO ] Checking atom SD
2026-04-23 20:50:47,636 [ genlib ] [ INFO ] Define atom pair: MET|SD|S|S.3         - > GLN|CD|C|C.2         (d = 0.32 A)
2026-04-23 20:50:47,636 [ genlib ] [ INFO ] Searching order 4
2026-04-23 20:50:47,636 [ genlib ] [ INFO ] Checking atom CE
2026-04-23 20:50:47,636 [ genlib ] [ INFO ] No partner found for atom CE
2026-04-23 20:50:47,636 [ genlib ] [ INFO ] Searching order 5
2026-04-23 20:50:47,636 [ genlib ] [ INFO ] Searching order 6
2026-04-23 20:50:47,636 [ genlib ] [ INFO ] Searching order 7
2026-04-23 20:50:47,636 [ genlib ] [ INFO ] Searching branch 2
2026-04-23 20:50:47,636 [ genlib ] [ INFO ] Searching order 2
2026-04-23 20:50:47,636 [ genlib ] [ INFO ] Searching order 3
2026-04-23 20:50:47,637 [ genlib ] [ INFO ] Searching order 4
2026-04-23 20:50:47,637 [ genlib ] [ INFO ] Checking atom CE
2026-04-23 20:50:47,637 [ genlib ] [ INFO ] No partner found for atom CE
2026-04-23 20:50:47,637 [ genlib ] [ INFO ] Searching order 5
2026-04-23 20:50:47,637 [ genlib ] [ INFO ] Searching order 6
2026-04-23 20:50:47,637 [ genlib ] [ INFO ] Searching order 7
2026-04-23 20:50:47,638 [ genlib ] [ INFO ] Updating bond lists
2026-04-23 20:50:47,638 [ genlib ] [ INFO ] Updating dihedrals
2026-04-23 20:50:47,638 [ genlib ] [ INFO ] Updating impropers
2026-04-23 20:50:47,639 [ genlib ] [ INFO ] Building library files for MET --> GLU mutant
2026-04-23 20:50:47,640 [ genlib ] [ INFO ] reading rtp file "aminoacids.rtp"
2026-04-23 20:50:47,697 [ genlib ] [ INFO ] ENTERED SIMPLE
2026-04-23 20:50:47,698 [ genlib ] [ INFO ] Making atom pairs
2026-04-23 20:50:47,698 [ genlib ] [ INFO ] Searching branch 1
2026-04-23 20:50:47,698 [ genlib ] [ INFO ] Searching order 2
2026-04-23 20:50:47,698 [ genlib ] [ INFO ] Checking atom 1HB
2026-04-23 20:50:47,698 [ genlib ] [ INFO ] Define atom pair: MET|1HB|HC|H         - > GLU|1HB|HC|H         (d = 0.18 A)
2026-04-23 20:50:47,698 [ genlib ] [ INFO ] Checking atom 2HB
2026-04-23 20:50:47,698 [ genlib ] [ INFO ] Define atom pair: MET|2HB|HC|H         - > GLU|2HB|HC|H         (d = 0.12 A)
2026-04-23 20:50:47,698 [ genlib ] [ INFO ] Checking atom CG
2026-04-23 20:50:47,698 [ genlib ] [ INFO ] Define atom pair: MET|CG|CT|C.3        - > GLU|CG|CT|C.3        (d = 0.13 A)
2026-04-23 20:50:47,698 [ genlib ] [ INFO ] Searching order 3
2026-04-23 20:50:47,698 [ genlib ] [ INFO ] Checking atom 1HG
2026-04-23 20:50:47,698 [ genlib ] [ INFO ] Define atom pair: MET|1HG|H1|H         - > GLU|1HG|HC|H         (d = 0.16 A)
2026-04-23 20:50:47,698 [ genlib ] [ INFO ] Checking atom 2HG
2026-04-23 20:50:47,698 [ genlib ] [ INFO ] Define atom pair: MET|2HG|H1|H         - > GLU|2HG|HC|H         (d = 0.20 A)
2026-04-23 20:50:47,698 [ genlib ] [ INFO ] Checking atom SD
2026-04-23 20:50:47,698 [ genlib ] [ INFO ] Define atom pair: MET|SD|S|S.3         - > GLU|CD|C|C.2         (d = 0.22 A)
2026-04-23 20:50:47,698 [ genlib ] [ INFO ] Searching order 4
2026-04-23 20:50:47,698 [ genlib ] [ INFO ] Checking atom CE
2026-04-23 20:50:47,698 [ genlib ] [ INFO ] No partner found for atom CE
2026-04-23 20:50:47,698 [ genlib ] [ INFO ] Searching order 5
2026-04-23 20:50:47,699 [ genlib ] [ INFO ] Searching order 6
2026-04-23 20:50:47,699 [ genlib ] [ INFO ] Searching order 7
2026-04-23 20:50:47,699 [ genlib ] [ INFO ] Searching branch 2
2026-04-23 20:50:47,699 [ genlib ] [ INFO ] Searching order 2
2026-04-23 20:50:47,699 [ genlib ] [ INFO ] Searching order 3
2026-04-23 20:50:47,699 [ genlib ] [ INFO ] Searching order 4
2026-04-23 20:50:47,699 [ genlib ] [ INFO ] Checking atom CE
2026-04-23 20:50:47,699 [ genlib ] [ INFO ] No partner found for atom CE
2026-04-23 20:50:47,699 [ genlib ] [ INFO ] Searching order 5
2026-04-23 20:50:47,699 [ genlib ] [ INFO ] Searching order 6
2026-04-23 20:50:47,699 [ genlib ] [ INFO ] Searching order 7
2026-04-23 20:50:47,706 [ genlib ] [ INFO ] Updating bond lists
2026-04-23 20:50:47,707 [ genlib ] [ INFO ] Updating dihedrals
2026-04-23 20:50:47,707 [ genlib ] [ INFO ] Updating impropers
2026-04-23 20:50:47,708 [ genlib ] [ INFO ] Building library files for MET --> GLY mutant
2026-04-23 20:50:47,711 [ genlib ] [ INFO ] reading rtp file "aminoacids.rtp"
2026-04-23 20:50:47,774 [ genlib ] [ INFO ] ENTERED G
2026-04-23 20:50:47,775 [ genlib ] [ INFO ] Making atom pairs
2026-04-23 20:50:47,776 [ genlib ] [ INFO ] Updating bond lists
2026-04-23 20:50:47,776 [ genlib ] [ INFO ] Updating dihedrals
2026-04-23 20:50:47,776 [ genlib ] [ INFO ] Updating impropers
2026-04-23 20:50:47,776 [ genlib ] [ WARNING ] undefined
2026-04-23 20:50:47,776 [ genlib ] [ INFO ] Building library files for MET --> HID mutant
2026-04-23 20:50:47,777 [ genlib ] [ INFO ] reading rtp file "aminoacids.rtp"
2026-04-23 20:50:47,804 [ genlib ] [ INFO ] ENTERED RINGS
2026-04-23 20:50:47,804 [ genlib ] [ INFO ] Making atom pairs
2026-04-23 20:50:47,806 [ genlib ] [ INFO ] Updating bond lists
2026-04-23 20:50:47,807 [ genlib ] [ INFO ] Updating dihedrals
2026-04-23 20:50:47,807 [ genlib ] [ INFO ] Updating impropers
2026-04-23 20:50:47,807 [ genlib ] [ INFO ] Building library files for MET --> HIE mutant
2026-04-23 20:50:47,808 [ genlib ] [ INFO ] reading rtp file "aminoacids.rtp"
2026-04-23 20:50:47,834 [ genlib ] [ INFO ] ENTERED RINGS
2026-04-23 20:50:47,835 [ genlib ] [ INFO ] Making atom pairs
2026-04-23 20:50:47,837 [ genlib ] [ INFO ] Updating bond lists
2026-04-23 20:50:47,838 [ genlib ] [ INFO ] Updating dihedrals
2026-04-23 20:50:47,838 [ genlib ] [ INFO ] Updating impropers
2026-04-23 20:50:47,838 [ genlib ] [ INFO ] Building library files for MET --> HIP mutant
2026-04-23 20:50:47,839 [ genlib ] [ INFO ] reading rtp file "aminoacids.rtp"
2026-04-23 20:50:47,865 [ genlib ] [ INFO ] ENTERED RINGS
2026-04-23 20:50:47,865 [ genlib ] [ INFO ] Making atom pairs
2026-04-23 20:50:47,869 [ genlib ] [ INFO ] Updating bond lists
2026-04-23 20:50:47,869 [ genlib ] [ INFO ] Updating dihedrals
2026-04-23 20:50:47,869 [ genlib ] [ INFO ] Updating impropers
2026-04-23 20:50:47,870 [ genlib ] [ INFO ] Building library files for MET --> ILE mutant
2026-04-23 20:50:47,871 [ genlib ] [ INFO ] reading rtp file "aminoacids.rtp"
2026-04-23 20:50:47,897 [ genlib ] [ INFO ] ENTERED SIMPLE
2026-04-23 20:50:47,897 [ genlib ] [ INFO ] Making atom pairs
2026-04-23 20:50:47,897 [ genlib ] [ INFO ] Searching branch 1
2026-04-23 20:50:47,897 [ genlib ] [ INFO ] Searching order 2
2026-04-23 20:50:47,897 [ genlib ] [ INFO ] Checking atom 1HB
2026-04-23 20:50:47,897 [ genlib ] [ INFO ] Define atom pair: MET|1HB|HC|H         - > ILE|HB|HC|H          (d = 0.14 A)
2026-04-23 20:50:47,897 [ genlib ] [ INFO ] Checking atom 2HB
2026-04-23 20:50:47,897 [ genlib ] [ INFO ] Define atom pair: MET|2HB|HC|H         - > ILE|CG2|CT|C.3       (d = 0.46 A)
2026-04-23 20:50:47,897 [ genlib ] [ INFO ] Checking atom CG
2026-04-23 20:50:47,897 [ genlib ] [ INFO ] Define atom pair: MET|CG|CT|C.3        - > ILE|CG1|CT|C.3       (d = 0.08 A)
2026-04-23 20:50:47,897 [ genlib ] [ INFO ] Searching order 3
2026-04-23 20:50:47,897 [ genlib ] [ INFO ] Checking atom 1HG
2026-04-23 20:50:47,897 [ genlib ] [ INFO ] Define atom pair: MET|1HG|H1|H         - > ILE|1HG1|HC|H        (d = 0.06 A)
2026-04-23 20:50:47,897 [ genlib ] [ INFO ] Checking atom 2HG
2026-04-23 20:50:47,897 [ genlib ] [ INFO ] Define atom pair: MET|2HG|H1|H         - > ILE|2HG1|HC|H        (d = 0.14 A)
2026-04-23 20:50:47,897 [ genlib ] [ INFO ] Checking atom SD
2026-04-23 20:50:47,897 [ genlib ] [ INFO ] Define atom pair: MET|SD|S|S.3         - > ILE|CD1|CT|C.3       (d = 0.21 A)
2026-04-23 20:50:47,897 [ genlib ] [ INFO ] Searching order 4
2026-04-23 20:50:47,897 [ genlib ] [ INFO ] Checking atom CE
2026-04-23 20:50:47,897 [ genlib ] [ INFO ] No partner found for atom CE
2026-04-23 20:50:47,897 [ genlib ] [ INFO ] Searching order 5
2026-04-23 20:50:47,897 [ genlib ] [ INFO ] Searching order 6
2026-04-23 20:50:47,897 [ genlib ] [ INFO ] Searching order 7
2026-04-23 20:50:47,897 [ genlib ] [ INFO ] Searching branch 2
2026-04-23 20:50:47,897 [ genlib ] [ INFO ] Searching order 2
2026-04-23 20:50:47,897 [ genlib ] [ INFO ] Searching order 3
2026-04-23 20:50:47,897 [ genlib ] [ INFO ] Searching order 4
2026-04-23 20:50:47,897 [ genlib ] [ INFO ] Checking atom CE
2026-04-23 20:50:47,897 [ genlib ] [ INFO ] No partner found for atom CE
2026-04-23 20:50:47,897 [ genlib ] [ INFO ] Searching order 5
2026-04-23 20:50:47,897 [ genlib ] [ INFO ] Searching order 6
2026-04-23 20:50:47,897 [ genlib ] [ INFO ] Searching order 7
2026-04-23 20:50:47,900 [ genlib ] [ INFO ] Updating bond lists
2026-04-23 20:50:47,900 [ genlib ] [ INFO ] Updating dihedrals
2026-04-23 20:50:47,900 [ genlib ] [ INFO ] Updating impropers
2026-04-23 20:50:47,900 [ genlib ] [ INFO ] Building library files for MET --> LEU mutant
2026-04-23 20:50:47,901 [ genlib ] [ INFO ] reading rtp file "aminoacids.rtp"
2026-04-23 20:50:47,928 [ genlib ] [ INFO ] ENTERED SIMPLE
2026-04-23 20:50:47,928 [ genlib ] [ INFO ] Making atom pairs
2026-04-23 20:50:47,928 [ genlib ] [ INFO ] Searching branch 1
2026-04-23 20:50:47,928 [ genlib ] [ INFO ] Searching order 2
2026-04-23 20:50:47,928 [ genlib ] [ INFO ] Checking atom 1HB
2026-04-23 20:50:47,928 [ genlib ] [ INFO ] Define atom pair: MET|1HB|HC|H         - > LEU|1HB|HC|H         (d = 0.03 A)
2026-04-23 20:50:47,928 [ genlib ] [ INFO ] Checking atom 2HB
2026-04-23 20:50:47,928 [ genlib ] [ INFO ] Define atom pair: MET|2HB|HC|H         - > LEU|2HB|HC|H         (d = 0.02 A)
2026-04-23 20:50:47,928 [ genlib ] [ INFO ] Checking atom CG
2026-04-23 20:50:47,928 [ genlib ] [ INFO ] Define atom pair: MET|CG|CT|C.3        - > LEU|CG|CT|C.3        (d = 0.09 A)
2026-04-23 20:50:47,928 [ genlib ] [ INFO ] Searching order 3
2026-04-23 20:50:47,928 [ genlib ] [ INFO ] Checking atom 1HG
2026-04-23 20:50:47,928 [ genlib ] [ INFO ] Define atom pair: MET|1HG|H1|H         - > LEU|CD2|CT|C.3       (d = 0.44 A)
2026-04-23 20:50:47,928 [ genlib ] [ INFO ] Checking atom 2HG
2026-04-23 20:50:47,928 [ genlib ] [ INFO ] Define atom pair: MET|2HG|H1|H         - > LEU|HG|HC|H          (d = 0.17 A)
2026-04-23 20:50:47,928 [ genlib ] [ INFO ] Checking atom SD
2026-04-23 20:50:47,928 [ genlib ] [ INFO ] Define atom pair: MET|SD|S|S.3         - > LEU|CD1|CT|C.3       (d = 0.30 A)
2026-04-23 20:50:47,928 [ genlib ] [ INFO ] Searching order 4
2026-04-23 20:50:47,928 [ genlib ] [ INFO ] Checking atom CE
2026-04-23 20:50:47,928 [ genlib ] [ INFO ] No partner found for atom CE
2026-04-23 20:50:47,928 [ genlib ] [ INFO ] Searching order 5
2026-04-23 20:50:47,928 [ genlib ] [ INFO ] Searching order 6
2026-04-23 20:50:47,928 [ genlib ] [ INFO ] Searching order 7
2026-04-23 20:50:47,928 [ genlib ] [ INFO ] Searching branch 2
2026-04-23 20:50:47,928 [ genlib ] [ INFO ] Searching order 2
2026-04-23 20:50:47,928 [ genlib ] [ INFO ] Searching order 3
2026-04-23 20:50:47,928 [ genlib ] [ INFO ] Searching order 4
2026-04-23 20:50:47,928 [ genlib ] [ INFO ] Checking atom CE
2026-04-23 20:50:47,928 [ genlib ] [ INFO ] No partner found for atom CE
2026-04-23 20:50:47,928 [ genlib ] [ INFO ] Searching order 5
2026-04-23 20:50:47,928 [ genlib ] [ INFO ] Searching order 6
2026-04-23 20:50:47,928 [ genlib ] [ INFO ] Searching order 7
2026-04-23 20:50:47,931 [ genlib ] [ INFO ] Updating bond lists
2026-04-23 20:50:47,931 [ genlib ] [ INFO ] Updating dihedrals
2026-04-23 20:50:47,931 [ genlib ] [ INFO ] Updating impropers
2026-04-23 20:50:47,931 [ genlib ] [ INFO ] Building library files for MET --> LYN mutant
2026-04-23 20:50:47,932 [ genlib ] [ INFO ] reading rtp file "aminoacids.rtp"
2026-04-23 20:50:47,959 [ genlib ] [ INFO ] ENTERED SIMPLE
2026-04-23 20:50:47,959 [ genlib ] [ INFO ] Making atom pairs
2026-04-23 20:50:47,959 [ genlib ] [ INFO ] Searching branch 1
2026-04-23 20:50:47,959 [ genlib ] [ INFO ] Searching order 2
2026-04-23 20:50:47,959 [ genlib ] [ INFO ] Checking atom 1HB
2026-04-23 20:50:47,959 [ genlib ] [ INFO ] Define atom pair: MET|1HB|HC|H         - > LYN|1HB|HC|H         (d = 0.10 A)
2026-04-23 20:50:47,959 [ genlib ] [ INFO ] Checking atom 2HB
2026-04-23 20:50:47,959 [ genlib ] [ INFO ] Define atom pair: MET|2HB|HC|H         - > LYN|2HB|HC|H         (d = 0.13 A)
2026-04-23 20:50:47,959 [ genlib ] [ INFO ] Checking atom CG
2026-04-23 20:50:47,959 [ genlib ] [ INFO ] Define atom pair: MET|CG|CT|C.3        - > LYN|CG|CT|C.3        (d = 0.11 A)
2026-04-23 20:50:47,959 [ genlib ] [ INFO ] Searching order 3
2026-04-23 20:50:47,959 [ genlib ] [ INFO ] Checking atom 1HG
2026-04-23 20:50:47,959 [ genlib ] [ INFO ] Define atom pair: MET|1HG|H1|H         - > LYN|1HG|HC|H         (d = 0.13 A)
2026-04-23 20:50:47,959 [ genlib ] [ INFO ] Checking atom 2HG
2026-04-23 20:50:47,959 [ genlib ] [ INFO ] Define atom pair: MET|2HG|H1|H         - > LYN|2HG|HC|H         (d = 0.11 A)
2026-04-23 20:50:47,959 [ genlib ] [ INFO ] Checking atom SD
2026-04-23 20:50:47,959 [ genlib ] [ INFO ] Define atom pair: MET|SD|S|S.3         - > LYN|CD|CT|C.3        (d = 0.37 A)
2026-04-23 20:50:47,959 [ genlib ] [ INFO ] Searching order 4
2026-04-23 20:50:47,959 [ genlib ] [ INFO ] Checking atom CE
2026-04-23 20:50:47,959 [ genlib ] [ INFO ] Define atom pair: MET|CE|CT|C.3        - > LYN|CE|CT|C.3        (d = 0.48 A)
2026-04-23 20:50:47,959 [ genlib ] [ INFO ] Searching order 5
2026-04-23 20:50:47,959 [ genlib ] [ INFO ] Checking atom 1HE
2026-04-23 20:50:47,959 [ genlib ] [ INFO ] No partner found for atom 1HE
2026-04-23 20:50:47,959 [ genlib ] [ INFO ] Checking atom 2HE
2026-04-23 20:50:47,959 [ genlib ] [ INFO ] Define atom pair: MET|2HE|H1|H         - > LYN|1HE|HP|H         (d = 0.51 A)
2026-04-23 20:50:47,959 [ genlib ] [ INFO ] Checking atom 3HE
2026-04-23 20:50:47,959 [ genlib ] [ INFO ] Define atom pair: MET|3HE|H1|H         - > LYN|2HE|HP|H         (d = 0.44 A)
2026-04-23 20:50:47,960 [ genlib ] [ INFO ] Searching order 6
2026-04-23 20:50:47,960 [ genlib ] [ INFO ] Searching order 7
2026-04-23 20:50:47,960 [ genlib ] [ INFO ] Searching branch 2
2026-04-23 20:50:47,960 [ genlib ] [ INFO ] Searching order 2
2026-04-23 20:50:47,960 [ genlib ] [ INFO ] Searching order 3
2026-04-23 20:50:47,960 [ genlib ] [ INFO ] Searching order 4
2026-04-23 20:50:47,960 [ genlib ] [ INFO ] Searching order 5
2026-04-23 20:50:47,960 [ genlib ] [ INFO ] Checking atom 1HE
2026-04-23 20:50:47,960 [ genlib ] [ INFO ] No partner found for atom 1HE
2026-04-23 20:50:47,960 [ genlib ] [ INFO ] Searching order 6
2026-04-23 20:50:47,960 [ genlib ] [ INFO ] Searching order 7
2026-04-23 20:50:47,962 [ genlib ] [ INFO ] Updating bond lists
2026-04-23 20:50:47,962 [ genlib ] [ INFO ] Updating dihedrals
2026-04-23 20:50:47,962 [ genlib ] [ INFO ] Updating impropers
2026-04-23 20:50:47,962 [ genlib ] [ INFO ] Building library files for MET --> LYS mutant
2026-04-23 20:50:47,963 [ genlib ] [ INFO ] reading rtp file "aminoacids.rtp"
2026-04-23 20:50:47,990 [ genlib ] [ INFO ] ENTERED SIMPLE
2026-04-23 20:50:47,990 [ genlib ] [ INFO ] Making atom pairs
2026-04-23 20:50:47,990 [ genlib ] [ INFO ] Searching branch 1
2026-04-23 20:50:47,990 [ genlib ] [ INFO ] Searching order 2
2026-04-23 20:50:47,990 [ genlib ] [ INFO ] Checking atom 1HB
2026-04-23 20:50:47,990 [ genlib ] [ INFO ] Define atom pair: MET|1HB|HC|H         - > LYS|1HB|HC|H         (d = 0.10 A)
2026-04-23 20:50:47,990 [ genlib ] [ INFO ] Checking atom 2HB
2026-04-23 20:50:47,990 [ genlib ] [ INFO ] Define atom pair: MET|2HB|HC|H         - > LYS|2HB|HC|H         (d = 0.11 A)
2026-04-23 20:50:47,990 [ genlib ] [ INFO ] Checking atom CG
2026-04-23 20:50:47,990 [ genlib ] [ INFO ] Define atom pair: MET|CG|CT|C.3        - > LYS|CG|CT|C.3        (d = 0.11 A)
2026-04-23 20:50:47,990 [ genlib ] [ INFO ] Searching order 3
2026-04-23 20:50:47,990 [ genlib ] [ INFO ] Checking atom 1HG
2026-04-23 20:50:47,990 [ genlib ] [ INFO ] Define atom pair: MET|1HG|H1|H         - > LYS|1HG|HC|H         (d = 0.09 A)
2026-04-23 20:50:47,990 [ genlib ] [ INFO ] Checking atom 2HG
2026-04-23 20:50:47,990 [ genlib ] [ INFO ] Define atom pair: MET|2HG|H1|H         - > LYS|2HG|HC|H         (d = 0.17 A)
2026-04-23 20:50:47,990 [ genlib ] [ INFO ] Checking atom SD
2026-04-23 20:50:47,990 [ genlib ] [ INFO ] Define atom pair: MET|SD|S|S.3         - > LYS|CD|CT|C.3        (d = 0.38 A)
2026-04-23 20:50:47,990 [ genlib ] [ INFO ] Searching order 4
2026-04-23 20:50:47,990 [ genlib ] [ INFO ] Checking atom CE
2026-04-23 20:50:47,990 [ genlib ] [ INFO ] Define atom pair: MET|CE|CT|C.3        - > LYS|CE|CT|C.3        (d = 0.44 A)
2026-04-23 20:50:47,990 [ genlib ] [ INFO ] Searching order 5
2026-04-23 20:50:47,990 [ genlib ] [ INFO ] Checking atom 1HE
2026-04-23 20:50:47,990 [ genlib ] [ INFO ] No partner found for atom 1HE
2026-04-23 20:50:47,990 [ genlib ] [ INFO ] Checking atom 2HE
2026-04-23 20:50:47,990 [ genlib ] [ INFO ] Define atom pair: MET|2HE|H1|H         - > LYS|1HE|HP|H         (d = 0.38 A)
2026-04-23 20:50:47,990 [ genlib ] [ INFO ] Checking atom 3HE
2026-04-23 20:50:47,990 [ genlib ] [ INFO ] Define atom pair: MET|3HE|H1|H         - > LYS|2HE|HP|H         (d = 0.36 A)
2026-04-23 20:50:47,990 [ genlib ] [ INFO ] Searching order 6
2026-04-23 20:50:47,990 [ genlib ] [ INFO ] Searching order 7
2026-04-23 20:50:47,990 [ genlib ] [ INFO ] Searching branch 2
2026-04-23 20:50:47,990 [ genlib ] [ INFO ] Searching order 2
2026-04-23 20:50:47,990 [ genlib ] [ INFO ] Searching order 3
2026-04-23 20:50:47,990 [ genlib ] [ INFO ] Searching order 4
2026-04-23 20:50:47,990 [ genlib ] [ INFO ] Searching order 5
2026-04-23 20:50:47,990 [ genlib ] [ INFO ] Checking atom 1HE
2026-04-23 20:50:47,990 [ genlib ] [ INFO ] No partner found for atom 1HE
2026-04-23 20:50:47,990 [ genlib ] [ INFO ] Searching order 6
2026-04-23 20:50:47,990 [ genlib ] [ INFO ] Searching order 7
2026-04-23 20:50:47,993 [ genlib ] [ INFO ] Updating bond lists
2026-04-23 20:50:47,993 [ genlib ] [ INFO ] Updating dihedrals
2026-04-23 20:50:47,993 [ genlib ] [ INFO ] Updating impropers
2026-04-23 20:50:47,994 [ genlib ] [ INFO ] Building library files for MET --> PHE mutant
2026-04-23 20:50:47,995 [ genlib ] [ INFO ] reading rtp file "aminoacids.rtp"
2026-04-23 20:50:48,021 [ genlib ] [ INFO ] ENTERED RINGS
2026-04-23 20:50:48,021 [ genlib ] [ INFO ] Making atom pairs
2026-04-23 20:50:48,026 [ genlib ] [ INFO ] Updating bond lists
2026-04-23 20:50:48,026 [ genlib ] [ INFO ] Updating dihedrals
2026-04-23 20:50:48,026 [ genlib ] [ INFO ] Updating impropers
2026-04-23 20:50:48,026 [ genlib ] [ INFO ] Building library files for MET --> PRO mutant
2026-04-23 20:50:48,027 [ genlib ] [ INFO ] reading rtp file "aminoacids.rtp"
2026-04-23 20:50:48,053 [ genlib ] [ INFO ] ENTERED P
2026-04-23 20:50:48,053 [ genlib ] [ INFO ] Making atom pairs
2026-04-23 20:50:48,056 [ genlib ] [ INFO ] Updating bond lists
2026-04-23 20:50:48,056 [ genlib ] [ INFO ] Updating dihedrals
2026-04-23 20:50:48,056 [ genlib ] [ INFO ] Updating impropers
2026-04-23 20:50:48,056 [ genlib ] [ WARNING ] undefined
2026-04-23 20:50:48,056 [ genlib ] [ INFO ] Building library files for MET --> SER mutant
2026-04-23 20:50:48,057 [ genlib ] [ INFO ] reading rtp file "aminoacids.rtp"
2026-04-23 20:50:48,083 [ genlib ] [ INFO ] ENTERED SIMPLE
2026-04-23 20:50:48,083 [ genlib ] [ INFO ] Making atom pairs
2026-04-23 20:50:48,083 [ genlib ] [ INFO ] Searching branch 1
2026-04-23 20:50:48,083 [ genlib ] [ INFO ] Searching order 2
2026-04-23 20:50:48,083 [ genlib ] [ INFO ] Checking atom 1HB
2026-04-23 20:50:48,083 [ genlib ] [ INFO ] Define atom pair: MET|1HB|HC|H         - > SER|1HB|H1|H         (d = 0.14 A)
2026-04-23 20:50:48,083 [ genlib ] [ INFO ] Checking atom 2HB
2026-04-23 20:50:48,083 [ genlib ] [ INFO ] Define atom pair: MET|2HB|HC|H         - > SER|2HB|H1|H         (d = 0.11 A)
2026-04-23 20:50:48,083 [ genlib ] [ INFO ] Checking atom CG
2026-04-23 20:50:48,083 [ genlib ] [ INFO ] Define atom pair: MET|CG|CT|C.3        - > SER|OG|OH|O.3        (d = 0.11 A)
2026-04-23 20:50:48,083 [ genlib ] [ INFO ] Searching order 3
2026-04-23 20:50:48,083 [ genlib ] [ INFO ] Checking atom 1HG
2026-04-23 20:50:48,083 [ genlib ] [ INFO ] No partner found for atom 1HG
2026-04-23 20:50:48,083 [ genlib ] [ INFO ] Checking atom 2HG
2026-04-23 20:50:48,083 [ genlib ] [ INFO ] No partner found for atom 2HG
2026-04-23 20:50:48,083 [ genlib ] [ INFO ] Checking atom SD
2026-04-23 20:50:48,083 [ genlib ] [ INFO ] No partner found for atom SD
2026-04-23 20:50:48,083 [ genlib ] [ INFO ] Searching order 4
2026-04-23 20:50:48,083 [ genlib ] [ INFO ] Searching order 5
2026-04-23 20:50:48,083 [ genlib ] [ INFO ] Searching order 6
2026-04-23 20:50:48,083 [ genlib ] [ INFO ] Searching order 7
2026-04-23 20:50:48,083 [ genlib ] [ INFO ] Searching branch 2
2026-04-23 20:50:48,083 [ genlib ] [ INFO ] Searching order 2
2026-04-23 20:50:48,083 [ genlib ] [ INFO ] Searching order 3
2026-04-23 20:50:48,083 [ genlib ] [ INFO ] Checking atom 1HG
2026-04-23 20:50:48,083 [ genlib ] [ INFO ] No partner found for atom 1HG
2026-04-23 20:50:48,083 [ genlib ] [ INFO ] Checking atom 2HG
2026-04-23 20:50:48,083 [ genlib ] [ INFO ] No partner found for atom 2HG
2026-04-23 20:50:48,083 [ genlib ] [ INFO ] Checking atom SD
2026-04-23 20:50:48,083 [ genlib ] [ INFO ] No partner found for atom SD
2026-04-23 20:50:48,083 [ genlib ] [ INFO ] Searching order 4
2026-04-23 20:50:48,083 [ genlib ] [ INFO ] Searching order 5
2026-04-23 20:50:48,083 [ genlib ] [ INFO ] Searching order 6
2026-04-23 20:50:48,083 [ genlib ] [ INFO ] Searching order 7
2026-04-23 20:50:48,083 [ genlib ] [ INFO ] Updating bond lists
2026-04-23 20:50:48,084 [ genlib ] [ INFO ] Updating dihedrals
2026-04-23 20:50:48,084 [ genlib ] [ INFO ] Updating impropers
2026-04-23 20:50:48,084 [ genlib ] [ INFO ] Building library files for MET --> THR mutant
2026-04-23 20:50:48,085 [ genlib ] [ INFO ] reading rtp file "aminoacids.rtp"
2026-04-23 20:50:48,110 [ genlib ] [ INFO ] ENTERED SIMPLE
2026-04-23 20:50:48,110 [ genlib ] [ INFO ] Making atom pairs
2026-04-23 20:50:48,111 [ genlib ] [ INFO ] Searching branch 1
2026-04-23 20:50:48,111 [ genlib ] [ INFO ] Searching order 2
2026-04-23 20:50:48,111 [ genlib ] [ INFO ] Checking atom 1HB
2026-04-23 20:50:48,111 [ genlib ] [ INFO ] Define atom pair: MET|1HB|HC|H         - > THR|HB|H1|H          (d = 0.13 A)
2026-04-23 20:50:48,111 [ genlib ] [ INFO ] Checking atom 2HB
2026-04-23 20:50:48,111 [ genlib ] [ INFO ] Define atom pair: MET|2HB|HC|H         - > THR|CG2|CT|C.3       (d = 0.45 A)
2026-04-23 20:50:48,111 [ genlib ] [ INFO ] Checking atom CG
2026-04-23 20:50:48,111 [ genlib ] [ INFO ] Define atom pair: MET|CG|CT|C.3        - > THR|OG1|OH|O.3       (d = 0.18 A)
2026-04-23 20:50:48,111 [ genlib ] [ INFO ] Searching order 3
2026-04-23 20:50:48,111 [ genlib ] [ INFO ] Checking atom 1HG
2026-04-23 20:50:48,111 [ genlib ] [ INFO ] No partner found for atom 1HG
2026-04-23 20:50:48,111 [ genlib ] [ INFO ] Checking atom 2HG
2026-04-23 20:50:48,111 [ genlib ] [ INFO ] No partner found for atom 2HG
2026-04-23 20:50:48,111 [ genlib ] [ INFO ] Checking atom SD
2026-04-23 20:50:48,111 [ genlib ] [ INFO ] No partner found for atom SD
2026-04-23 20:50:48,111 [ genlib ] [ INFO ] Searching order 4
2026-04-23 20:50:48,111 [ genlib ] [ INFO ] Searching order 5
2026-04-23 20:50:48,111 [ genlib ] [ INFO ] Searching order 6
2026-04-23 20:50:48,111 [ genlib ] [ INFO ] Searching order 7
2026-04-23 20:50:48,111 [ genlib ] [ INFO ] Searching branch 2
2026-04-23 20:50:48,111 [ genlib ] [ INFO ] Searching order 2
2026-04-23 20:50:48,111 [ genlib ] [ INFO ] Searching order 3
2026-04-23 20:50:48,111 [ genlib ] [ INFO ] Checking atom 1HG
2026-04-23 20:50:48,111 [ genlib ] [ INFO ] No partner found for atom 1HG
2026-04-23 20:50:48,111 [ genlib ] [ INFO ] Checking atom 2HG
2026-04-23 20:50:48,111 [ genlib ] [ INFO ] No partner found for atom 2HG
2026-04-23 20:50:48,111 [ genlib ] [ INFO ] Checking atom SD
2026-04-23 20:50:48,111 [ genlib ] [ INFO ] No partner found for atom SD
2026-04-23 20:50:48,111 [ genlib ] [ INFO ] Searching order 4
2026-04-23 20:50:48,111 [ genlib ] [ INFO ] Searching order 5
2026-04-23 20:50:48,111 [ genlib ] [ INFO ] Searching order 6
2026-04-23 20:50:48,111 [ genlib ] [ INFO ] Searching order 7
2026-04-23 20:50:48,112 [ genlib ] [ INFO ] Updating bond lists
2026-04-23 20:50:48,112 [ genlib ] [ INFO ] Updating dihedrals
2026-04-23 20:50:48,112 [ genlib ] [ INFO ] Updating impropers
2026-04-23 20:50:48,112 [ genlib ] [ INFO ] Building library files for MET --> TRP mutant
2026-04-23 20:50:48,113 [ genlib ] [ INFO ] reading rtp file "aminoacids.rtp"
2026-04-23 20:50:48,139 [ genlib ] [ INFO ] ENTERED RINGS
2026-04-23 20:50:48,139 [ genlib ] [ INFO ] Making atom pairs
2026-04-23 20:50:48,146 [ genlib ] [ INFO ] Updating bond lists
2026-04-23 20:50:48,146 [ genlib ] [ INFO ] Updating dihedrals
2026-04-23 20:50:48,146 [ genlib ] [ INFO ] Updating impropers
2026-04-23 20:50:48,147 [ genlib ] [ INFO ] Building library files for MET --> TYR mutant
2026-04-23 20:50:48,147 [ genlib ] [ INFO ] reading rtp file "aminoacids.rtp"
2026-04-23 20:50:48,174 [ genlib ] [ INFO ] ENTERED RINGS
2026-04-23 20:50:48,174 [ genlib ] [ INFO ] Making atom pairs
2026-04-23 20:50:48,178 [ genlib ] [ INFO ] Updating bond lists
2026-04-23 20:50:48,178 [ genlib ] [ INFO ] Updating dihedrals
2026-04-23 20:50:48,178 [ genlib ] [ INFO ] Updating impropers
2026-04-23 20:50:48,179 [ genlib ] [ INFO ] Building library files for MET --> VAL mutant
2026-04-23 20:50:48,180 [ genlib ] [ INFO ] reading rtp file "aminoacids.rtp"
2026-04-23 20:50:48,207 [ genlib ] [ INFO ] ENTERED SIMPLE
2026-04-23 20:50:48,207 [ genlib ] [ INFO ] Making atom pairs
2026-04-23 20:50:48,207 [ genlib ] [ INFO ] Searching branch 1
2026-04-23 20:50:48,207 [ genlib ] [ INFO ] Searching order 2
2026-04-23 20:50:48,207 [ genlib ] [ INFO ] Checking atom 1HB
2026-04-23 20:50:48,207 [ genlib ] [ INFO ] Define atom pair: MET|1HB|HC|H         - > VAL|HB|HC|H          (d = 0.22 A)
2026-04-23 20:50:48,207 [ genlib ] [ INFO ] Checking atom 2HB
2026-04-23 20:50:48,207 [ genlib ] [ INFO ] Define atom pair: MET|2HB|HC|H         - > VAL|CG1|CT|C.3       (d = 0.44 A)
2026-04-23 20:50:48,207 [ genlib ] [ INFO ] Checking atom CG
2026-04-23 20:50:48,207 [ genlib ] [ INFO ] Define atom pair: MET|CG|CT|C.3        - > VAL|CG2|CT|C.3       (d = 0.17 A)
2026-04-23 20:50:48,207 [ genlib ] [ INFO ] Searching order 3
2026-04-23 20:50:48,207 [ genlib ] [ INFO ] Checking atom 1HG
2026-04-23 20:50:48,207 [ genlib ] [ INFO ] Define atom pair: MET|1HG|H1|H         - > VAL|2HG2|HC|H        (d = 0.22 A)
2026-04-23 20:50:48,207 [ genlib ] [ INFO ] Checking atom 2HG
2026-04-23 20:50:48,207 [ genlib ] [ INFO ] Define atom pair: MET|2HG|H1|H         - > VAL|3HG2|HC|H        (d = 0.28 A)
2026-04-23 20:50:48,207 [ genlib ] [ INFO ] Checking atom SD
2026-04-23 20:50:48,207 [ genlib ] [ INFO ] No partner found for atom SD
2026-04-23 20:50:48,207 [ genlib ] [ INFO ] Searching order 4
2026-04-23 20:50:48,207 [ genlib ] [ INFO ] Searching order 5
2026-04-23 20:50:48,207 [ genlib ] [ INFO ] Searching order 6
2026-04-23 20:50:48,207 [ genlib ] [ INFO ] Searching order 7
2026-04-23 20:50:48,207 [ genlib ] [ INFO ] Searching branch 2
2026-04-23 20:50:48,207 [ genlib ] [ INFO ] Searching order 2
2026-04-23 20:50:48,207 [ genlib ] [ INFO ] Searching order 3
2026-04-23 20:50:48,207 [ genlib ] [ INFO ] Checking atom SD
2026-04-23 20:50:48,207 [ genlib ] [ INFO ] No partner found for atom SD
2026-04-23 20:50:48,207 [ genlib ] [ INFO ] Searching order 4
2026-04-23 20:50:48,207 [ genlib ] [ INFO ] Searching order 5
2026-04-23 20:50:48,207 [ genlib ] [ INFO ] Searching order 6
2026-04-23 20:50:48,207 [ genlib ] [ INFO ] Searching order 7
2026-04-23 20:50:48,232 [ genlib ] [ INFO ] Updating bond lists
2026-04-23 20:50:48,232 [ genlib ] [ INFO ] Updating dihedrals
2026-04-23 20:50:48,232 [ genlib ] [ INFO ] Updating impropers
2026-04-23 20:50:48,232 [ genlib ] [ INFO ] Building library files for PHE --> ALA mutant
2026-04-23 20:50:48,233 [ genlib ] [ INFO ] reading rtp file "aminoacids.rtp"
2026-04-23 20:50:48,259 [ genlib ] [ INFO ] ENTERED T,A,V,I
2026-04-23 20:50:48,259 [ genlib ] [ INFO ] Making atom pairs
2026-04-23 20:50:48,260 [ genlib ] [ INFO ] Updating bond lists
2026-04-23 20:50:48,260 [ genlib ] [ INFO ] Updating dihedrals
2026-04-23 20:50:48,260 [ genlib ] [ INFO ] Updating impropers
2026-04-23 20:50:48,261 [ genlib ] [ INFO ] Building library files for PHE --> ARG mutant
2026-04-23 20:50:48,261 [ genlib ] [ INFO ] reading rtp file "aminoacids.rtp"
2026-04-23 20:50:48,288 [ genlib ] [ INFO ] ENTERED RINGS
2026-04-23 20:50:48,288 [ genlib ] [ INFO ] Making atom pairs
2026-04-23 20:50:48,294 [ genlib ] [ INFO ] Updating bond lists
2026-04-23 20:50:48,295 [ genlib ] [ INFO ] Updating dihedrals
2026-04-23 20:50:48,295 [ genlib ] [ INFO ] Updating impropers
2026-04-23 20:50:48,295 [ genlib ] [ INFO ] Building library files for PHE --> ASH mutant
2026-04-23 20:50:48,296 [ genlib ] [ INFO ] reading rtp file "aminoacids.rtp"
2026-04-23 20:50:48,322 [ genlib ] [ INFO ] ENTERED RINGS
2026-04-23 20:50:48,322 [ genlib ] [ INFO ] Making atom pairs
2026-04-23 20:50:48,323 [ genlib ] [ INFO ] Updating bond lists
2026-04-23 20:50:48,323 [ genlib ] [ INFO ] Updating dihedrals
2026-04-23 20:50:48,323 [ genlib ] [ INFO ] Updating impropers
2026-04-23 20:50:48,324 [ genlib ] [ INFO ] Building library files for PHE --> ASN mutant
2026-04-23 20:50:48,324 [ genlib ] [ INFO ] reading rtp file "aminoacids.rtp"
2026-04-23 20:50:48,351 [ genlib ] [ INFO ] ENTERED RINGS
2026-04-23 20:50:48,352 [ genlib ] [ INFO ] Making atom pairs
2026-04-23 20:50:48,353 [ genlib ] [ INFO ] Updating bond lists
2026-04-23 20:50:48,354 [ genlib ] [ INFO ] Updating dihedrals
2026-04-23 20:50:48,354 [ genlib ] [ INFO ] Updating impropers
2026-04-23 20:50:48,354 [ genlib ] [ INFO ] Building library files for PHE --> ASP mutant
2026-04-23 20:50:48,355 [ genlib ] [ INFO ] reading rtp file "aminoacids.rtp"
2026-04-23 20:50:48,382 [ genlib ] [ INFO ] ENTERED RINGS
2026-04-23 20:50:48,382 [ genlib ] [ INFO ] Making atom pairs
2026-04-23 20:50:48,384 [ genlib ] [ INFO ] Updating bond lists
2026-04-23 20:50:48,384 [ genlib ] [ INFO ] Updating dihedrals
2026-04-23 20:50:48,384 [ genlib ] [ INFO ] Updating impropers
2026-04-23 20:50:48,384 [ genlib ] [ INFO ] Building library files for PHE --> CYS mutant
2026-04-23 20:50:48,385 [ genlib ] [ INFO ] reading rtp file "aminoacids.rtp"
2026-04-23 20:50:48,413 [ genlib ] [ INFO ] ENTERED RINGS
2026-04-23 20:50:48,413 [ genlib ] [ INFO ] Making atom pairs
2026-04-23 20:50:48,414 [ genlib ] [ INFO ] Updating bond lists
2026-04-23 20:50:48,414 [ genlib ] [ INFO ] Updating dihedrals
2026-04-23 20:50:48,414 [ genlib ] [ INFO ] Updating impropers
2026-04-23 20:50:48,414 [ genlib ] [ INFO ] Building library files for PHE --> GLH mutant
2026-04-23 20:50:48,415 [ genlib ] [ INFO ] reading rtp file "aminoacids.rtp"
2026-04-23 20:50:48,442 [ genlib ] [ INFO ] ENTERED RINGS
2026-04-23 20:50:48,442 [ genlib ] [ INFO ] Making atom pairs
2026-04-23 20:50:48,445 [ genlib ] [ INFO ] Updating bond lists
2026-04-23 20:50:48,445 [ genlib ] [ INFO ] Updating dihedrals
2026-04-23 20:50:48,445 [ genlib ] [ INFO ] Updating impropers
2026-04-23 20:50:48,445 [ genlib ] [ INFO ] Building library files for PHE --> GLN mutant
2026-04-23 20:50:48,446 [ genlib ] [ INFO ] reading rtp file "aminoacids.rtp"
2026-04-23 20:50:48,472 [ genlib ] [ INFO ] ENTERED RINGS
2026-04-23 20:50:48,473 [ genlib ] [ INFO ] Making atom pairs
2026-04-23 20:50:48,476 [ genlib ] [ INFO ] Updating bond lists
2026-04-23 20:50:48,476 [ genlib ] [ INFO ] Updating dihedrals
2026-04-23 20:50:48,476 [ genlib ] [ INFO ] Updating impropers
2026-04-23 20:50:48,477 [ genlib ] [ INFO ] Building library files for PHE --> GLU mutant
2026-04-23 20:50:48,477 [ genlib ] [ INFO ] reading rtp file "aminoacids.rtp"
2026-04-23 20:50:48,505 [ genlib ] [ INFO ] ENTERED RINGS
2026-04-23 20:50:48,505 [ genlib ] [ INFO ] Making atom pairs
2026-04-23 20:50:48,507 [ genlib ] [ INFO ] Updating bond lists
2026-04-23 20:50:48,507 [ genlib ] [ INFO ] Updating dihedrals
2026-04-23 20:50:48,507 [ genlib ] [ INFO ] Updating impropers
2026-04-23 20:50:48,508 [ genlib ] [ INFO ] Building library files for PHE --> GLY mutant
2026-04-23 20:50:48,508 [ genlib ] [ INFO ] reading rtp file "aminoacids.rtp"
2026-04-23 20:50:48,534 [ genlib ] [ INFO ] ENTERED G
2026-04-23 20:50:48,534 [ genlib ] [ INFO ] Making atom pairs
2026-04-23 20:50:48,534 [ genlib ] [ INFO ] Updating bond lists
2026-04-23 20:50:48,534 [ genlib ] [ INFO ] Updating dihedrals
2026-04-23 20:50:48,534 [ genlib ] [ INFO ] Updating impropers
2026-04-23 20:50:48,535 [ genlib ] [ WARNING ] undefined
2026-04-23 20:50:48,535 [ genlib ] [ INFO ] Building library files for PHE --> HID mutant
2026-04-23 20:50:48,536 [ genlib ] [ INFO ] reading rtp file "aminoacids.rtp"
2026-04-23 20:50:48,562 [ genlib ] [ INFO ] ENTERED STANDARD
2026-04-23 20:50:48,562 [ genlib ] [ INFO ] Making atom pairs
2026-04-23 20:50:48,564 [ genlib ] [ INFO ] Updating bond lists
2026-04-23 20:50:48,564 [ genlib ] [ INFO ] Updating dihedrals
2026-04-23 20:50:48,564 [ genlib ] [ INFO ] Updating impropers
2026-04-23 20:50:48,565 [ genlib ] [ INFO ] Building library files for PHE --> HIE mutant
2026-04-23 20:50:48,565 [ genlib ] [ INFO ] reading rtp file "aminoacids.rtp"
2026-04-23 20:50:48,591 [ genlib ] [ INFO ] ENTERED STANDARD
2026-04-23 20:50:48,591 [ genlib ] [ INFO ] Making atom pairs
2026-04-23 20:50:48,593 [ genlib ] [ INFO ] Updating bond lists
2026-04-23 20:50:48,593 [ genlib ] [ INFO ] Updating dihedrals
2026-04-23 20:50:48,593 [ genlib ] [ INFO ] Updating impropers
2026-04-23 20:50:48,594 [ genlib ] [ INFO ] Building library files for PHE --> HIP mutant
2026-04-23 20:50:48,595 [ genlib ] [ INFO ] reading rtp file "aminoacids.rtp"
2026-04-23 20:50:48,620 [ genlib ] [ INFO ] ENTERED STANDARD
2026-04-23 20:50:48,620 [ genlib ] [ INFO ] Making atom pairs
2026-04-23 20:50:48,623 [ genlib ] [ INFO ] Updating bond lists
2026-04-23 20:50:48,623 [ genlib ] [ INFO ] Updating dihedrals
2026-04-23 20:50:48,623 [ genlib ] [ INFO ] Updating impropers
2026-04-23 20:50:48,624 [ genlib ] [ INFO ] Building library files for PHE --> ILE mutant
2026-04-23 20:50:48,624 [ genlib ] [ INFO ] reading rtp file "aminoacids.rtp"
2026-04-23 20:50:48,650 [ genlib ] [ INFO ] ENTERED T,A,V,I
2026-04-23 20:50:48,650 [ genlib ] [ INFO ] Making atom pairs
2026-04-23 20:50:48,655 [ genlib ] [ INFO ] Updating bond lists
2026-04-23 20:50:48,655 [ genlib ] [ INFO ] Updating dihedrals
2026-04-23 20:50:48,655 [ genlib ] [ INFO ] Updating impropers
2026-04-23 20:50:48,656 [ genlib ] [ INFO ] Building library files for PHE --> LEU mutant
2026-04-23 20:50:48,656 [ genlib ] [ INFO ] reading rtp file "aminoacids.rtp"
2026-04-23 20:50:48,684 [ genlib ] [ INFO ] ENTERED RINGS
2026-04-23 20:50:48,684 [ genlib ] [ INFO ] Making atom pairs
2026-04-23 20:50:48,688 [ genlib ] [ INFO ] Updating bond lists
2026-04-23 20:50:48,688 [ genlib ] [ INFO ] Updating dihedrals
2026-04-23 20:50:48,688 [ genlib ] [ INFO ] Updating impropers
2026-04-23 20:50:48,689 [ genlib ] [ INFO ] Building library files for PHE --> LYN mutant
2026-04-23 20:50:48,690 [ genlib ] [ INFO ] reading rtp file "aminoacids.rtp"
2026-04-23 20:50:48,717 [ genlib ] [ INFO ] ENTERED RINGS
2026-04-23 20:50:48,717 [ genlib ] [ INFO ] Making atom pairs
2026-04-23 20:50:48,723 [ genlib ] [ INFO ] Updating bond lists
2026-04-23 20:50:48,723 [ genlib ] [ INFO ] Updating dihedrals
2026-04-23 20:50:48,723 [ genlib ] [ INFO ] Updating impropers
2026-04-23 20:50:48,723 [ genlib ] [ INFO ] Building library files for PHE --> LYS mutant
2026-04-23 20:50:48,725 [ genlib ] [ INFO ] reading rtp file "aminoacids.rtp"
2026-04-23 20:50:48,753 [ genlib ] [ INFO ] ENTERED RINGS
2026-04-23 20:50:48,753 [ genlib ] [ INFO ] Making atom pairs
2026-04-23 20:50:48,759 [ genlib ] [ INFO ] Updating bond lists
2026-04-23 20:50:48,759 [ genlib ] [ INFO ] Updating dihedrals
2026-04-23 20:50:48,759 [ genlib ] [ INFO ] Updating impropers
2026-04-23 20:50:48,760 [ genlib ] [ INFO ] Building library files for PHE --> MET mutant
2026-04-23 20:50:48,761 [ genlib ] [ INFO ] reading rtp file "aminoacids.rtp"
2026-04-23 20:50:48,789 [ genlib ] [ INFO ] ENTERED RINGS
2026-04-23 20:50:48,789 [ genlib ] [ INFO ] Making atom pairs
2026-04-23 20:50:48,792 [ genlib ] [ INFO ] Updating bond lists
2026-04-23 20:50:48,792 [ genlib ] [ INFO ] Updating dihedrals
2026-04-23 20:50:48,792 [ genlib ] [ INFO ] Updating impropers
2026-04-23 20:50:48,793 [ genlib ] [ INFO ] Building library files for PHE --> PRO mutant
2026-04-23 20:50:48,794 [ genlib ] [ INFO ] reading rtp file "aminoacids.rtp"
2026-04-23 20:50:48,823 [ genlib ] [ INFO ] ENTERED P
2026-04-23 20:50:48,823 [ genlib ] [ INFO ] Making atom pairs
2026-04-23 20:50:48,826 [ genlib ] [ INFO ] Updating bond lists
2026-04-23 20:50:48,826 [ genlib ] [ INFO ] Updating dihedrals
2026-04-23 20:50:48,826 [ genlib ] [ INFO ] Updating impropers
2026-04-23 20:50:48,826 [ genlib ] [ WARNING ] undefined
2026-04-23 20:50:48,827 [ genlib ] [ INFO ] Building library files for PHE --> SER mutant
2026-04-23 20:50:48,827 [ genlib ] [ INFO ] reading rtp file "aminoacids.rtp"
2026-04-23 20:50:48,854 [ genlib ] [ INFO ] ENTERED RINGS
2026-04-23 20:50:48,854 [ genlib ] [ INFO ] Making atom pairs
2026-04-23 20:50:48,855 [ genlib ] [ INFO ] Updating bond lists
2026-04-23 20:50:48,855 [ genlib ] [ INFO ] Updating dihedrals
2026-04-23 20:50:48,855 [ genlib ] [ INFO ] Updating impropers
2026-04-23 20:50:48,856 [ genlib ] [ INFO ] Building library files for PHE --> THR mutant
2026-04-23 20:50:48,857 [ genlib ] [ INFO ] reading rtp file "aminoacids.rtp"
2026-04-23 20:50:48,884 [ genlib ] [ INFO ] ENTERED T,A,V,I
2026-04-23 20:50:48,884 [ genlib ] [ INFO ] Making atom pairs
2026-04-23 20:50:48,887 [ genlib ] [ INFO ] Updating bond lists
2026-04-23 20:50:48,887 [ genlib ] [ INFO ] Updating dihedrals
2026-04-23 20:50:48,887 [ genlib ] [ INFO ] Updating impropers
2026-04-23 20:50:48,888 [ genlib ] [ INFO ] Building library files for PHE --> TRP mutant
2026-04-23 20:50:48,889 [ genlib ] [ INFO ] reading rtp file "aminoacids.rtp"
2026-04-23 20:50:48,916 [ genlib ] [ INFO ] ENTERED STANDARD
2026-04-23 20:50:48,916 [ genlib ] [ INFO ] Making atom pairs
2026-04-23 20:50:48,923 [ genlib ] [ INFO ] Updating bond lists
2026-04-23 20:50:48,923 [ genlib ] [ INFO ] Updating dihedrals
2026-04-23 20:50:48,923 [ genlib ] [ INFO ] Updating impropers
2026-04-23 20:50:48,923 [ genlib ] [ INFO ] Building library files for PHE --> TYR mutant
2026-04-23 20:50:48,924 [ genlib ] [ INFO ] reading rtp file "aminoacids.rtp"
2026-04-23 20:50:48,951 [ genlib ] [ INFO ] ENTERED MERGE BY NAMES
2026-04-23 20:50:48,951 [ genlib ] [ INFO ] Making atom pairs.........MERGE BY NAMES...
2026-04-23 20:50:48,952 [ genlib ] [ INFO ] Updating bond lists
2026-04-23 20:50:48,952 [ genlib ] [ INFO ] Updating dihedrals
2026-04-23 20:50:48,952 [ genlib ] [ INFO ] Updating impropers
2026-04-23 20:50:48,952 [ genlib ] [ INFO ] Building library files for PHE --> VAL mutant
2026-04-23 20:50:48,953 [ genlib ] [ INFO ] reading rtp file "aminoacids.rtp"
2026-04-23 20:50:48,979 [ genlib ] [ INFO ] ENTERED T,A,V,I
2026-04-23 20:50:48,979 [ genlib ] [ INFO ] Making atom pairs
2026-04-23 20:50:48,982 [ genlib ] [ INFO ] Updating bond lists
2026-04-23 20:50:48,982 [ genlib ] [ INFO ] Updating dihedrals
2026-04-23 20:50:48,982 [ genlib ] [ INFO ] Updating impropers
2026-04-23 20:50:48,982 [ genlib ] [ INFO ] Building library files for PRO --> ALA mutant
2026-04-23 20:50:48,983 [ genlib ] [ INFO ] reading rtp file "aminoacids.rtp"
2026-04-23 20:50:49,009 [ genlib ] [ INFO ] ENTERED P
2026-04-23 20:50:49,009 [ genlib ] [ INFO ] Making atom pairs
2026-04-23 20:50:49,010 [ genlib ] [ INFO ] Updating bond lists
2026-04-23 20:50:49,010 [ genlib ] [ INFO ] Updating dihedrals
2026-04-23 20:50:49,010 [ genlib ] [ INFO ] Updating impropers
2026-04-23 20:50:49,010 [ genlib ] [ WARNING ] undefined
2026-04-23 20:50:49,010 [ genlib ] [ INFO ] Building library files for PRO --> ARG mutant
2026-04-23 20:50:49,011 [ genlib ] [ INFO ] reading rtp file "aminoacids.rtp"
2026-04-23 20:50:49,037 [ genlib ] [ INFO ] ENTERED P
2026-04-23 20:50:49,037 [ genlib ] [ INFO ] Making atom pairs
2026-04-23 20:50:49,046 [ genlib ] [ INFO ] Updating bond lists
2026-04-23 20:50:49,046 [ genlib ] [ INFO ] Updating dihedrals
2026-04-23 20:50:49,046 [ genlib ] [ INFO ] Updating impropers
2026-04-23 20:50:49,046 [ genlib ] [ WARNING ] undefined
2026-04-23 20:50:49,046 [ genlib ] [ INFO ] Building library files for PRO --> ASH mutant
2026-04-23 20:50:49,047 [ genlib ] [ INFO ] reading rtp file "aminoacids.rtp"
2026-04-23 20:50:49,073 [ genlib ] [ INFO ] ENTERED P
2026-04-23 20:50:49,073 [ genlib ] [ INFO ] Making atom pairs
2026-04-23 20:50:49,076 [ genlib ] [ INFO ] Updating bond lists
2026-04-23 20:50:49,076 [ genlib ] [ INFO ] Updating dihedrals
2026-04-23 20:50:49,076 [ genlib ] [ INFO ] Updating impropers
2026-04-23 20:50:49,076 [ genlib ] [ WARNING ] undefined
2026-04-23 20:50:49,076 [ genlib ] [ INFO ] Building library files for PRO --> ASN mutant
2026-04-23 20:50:49,077 [ genlib ] [ INFO ] reading rtp file "aminoacids.rtp"
2026-04-23 20:50:49,103 [ genlib ] [ INFO ] ENTERED P
2026-04-23 20:50:49,103 [ genlib ] [ INFO ] Making atom pairs
2026-04-23 20:50:49,106 [ genlib ] [ INFO ] Updating bond lists
2026-04-23 20:50:49,106 [ genlib ] [ INFO ] Updating dihedrals
2026-04-23 20:50:49,106 [ genlib ] [ INFO ] Updating impropers
2026-04-23 20:50:49,106 [ genlib ] [ WARNING ] undefined
2026-04-23 20:50:49,106 [ genlib ] [ INFO ] Building library files for PRO --> ASP mutant
2026-04-23 20:50:49,107 [ genlib ] [ INFO ] reading rtp file "aminoacids.rtp"
2026-04-23 20:50:49,134 [ genlib ] [ INFO ] ENTERED P
2026-04-23 20:50:49,134 [ genlib ] [ INFO ] Making atom pairs
2026-04-23 20:50:49,136 [ genlib ] [ INFO ] Updating bond lists
2026-04-23 20:50:49,136 [ genlib ] [ INFO ] Updating dihedrals
2026-04-23 20:50:49,136 [ genlib ] [ INFO ] Updating impropers
2026-04-23 20:50:49,136 [ genlib ] [ WARNING ] undefined
2026-04-23 20:50:49,137 [ genlib ] [ INFO ] Building library files for PRO --> CYS mutant
2026-04-23 20:50:49,137 [ genlib ] [ INFO ] reading rtp file "aminoacids.rtp"
2026-04-23 20:50:49,165 [ genlib ] [ INFO ] ENTERED P
2026-04-23 20:50:49,165 [ genlib ] [ INFO ] Making atom pairs
2026-04-23 20:50:49,167 [ genlib ] [ INFO ] Updating bond lists
2026-04-23 20:50:49,167 [ genlib ] [ INFO ] Updating dihedrals
2026-04-23 20:50:49,167 [ genlib ] [ INFO ] Updating impropers
2026-04-23 20:50:49,167 [ genlib ] [ WARNING ] undefined
2026-04-23 20:50:49,167 [ genlib ] [ INFO ] Building library files for PRO --> GLH mutant
2026-04-23 20:50:49,168 [ genlib ] [ INFO ] reading rtp file "aminoacids.rtp"
2026-04-23 20:50:49,195 [ genlib ] [ INFO ] ENTERED P
2026-04-23 20:50:49,195 [ genlib ] [ INFO ] Making atom pairs
2026-04-23 20:50:49,198 [ genlib ] [ INFO ] Updating bond lists
2026-04-23 20:50:49,198 [ genlib ] [ INFO ] Updating dihedrals
2026-04-23 20:50:49,198 [ genlib ] [ INFO ] Updating impropers
2026-04-23 20:50:49,199 [ genlib ] [ WARNING ] undefined
2026-04-23 20:50:49,199 [ genlib ] [ INFO ] Building library files for PRO --> GLN mutant
2026-04-23 20:50:49,200 [ genlib ] [ INFO ] reading rtp file "aminoacids.rtp"
2026-04-23 20:50:49,227 [ genlib ] [ INFO ] ENTERED P
2026-04-23 20:50:49,227 [ genlib ] [ INFO ] Making atom pairs
2026-04-23 20:50:49,232 [ genlib ] [ INFO ] Updating bond lists
2026-04-23 20:50:49,232 [ genlib ] [ INFO ] Updating dihedrals
2026-04-23 20:50:49,232 [ genlib ] [ INFO ] Updating impropers
2026-04-23 20:50:49,232 [ genlib ] [ WARNING ] undefined
2026-04-23 20:50:49,232 [ genlib ] [ INFO ] Building library files for PRO --> GLU mutant
2026-04-23 20:50:49,233 [ genlib ] [ INFO ] reading rtp file "aminoacids.rtp"
2026-04-23 20:50:49,259 [ genlib ] [ INFO ] ENTERED P
2026-04-23 20:50:49,259 [ genlib ] [ INFO ] Making atom pairs
2026-04-23 20:50:49,263 [ genlib ] [ INFO ] Updating bond lists
2026-04-23 20:50:49,263 [ genlib ] [ INFO ] Updating dihedrals
2026-04-23 20:50:49,263 [ genlib ] [ INFO ] Updating impropers
2026-04-23 20:50:49,263 [ genlib ] [ WARNING ] undefined
2026-04-23 20:50:49,263 [ genlib ] [ INFO ] Building library files for PRO --> GLY mutant
2026-04-23 20:50:49,264 [ genlib ] [ INFO ] reading rtp file "aminoacids.rtp"
2026-04-23 20:50:49,291 [ genlib ] [ INFO ] ENTERED P
2026-04-23 20:50:49,291 [ genlib ] [ INFO ] subENTERED G
2026-04-23 20:50:49,291 [ genlib ] [ INFO ] Making atom pairs
2026-04-23 20:50:49,292 [ genlib ] [ INFO ] Updating bond lists
2026-04-23 20:50:49,292 [ genlib ] [ INFO ] Updating dihedrals
2026-04-23 20:50:49,292 [ genlib ] [ INFO ] Updating impropers
2026-04-23 20:50:49,292 [ genlib ] [ INFO ] Building library files for PRO --> HID mutant
2026-04-23 20:50:49,293 [ genlib ] [ INFO ] reading rtp file "aminoacids.rtp"
2026-04-23 20:50:49,320 [ genlib ] [ INFO ] ENTERED P
2026-04-23 20:50:49,320 [ genlib ] [ INFO ] Making atom pairs
2026-04-23 20:50:49,324 [ genlib ] [ INFO ] Updating bond lists
2026-04-23 20:50:49,324 [ genlib ] [ INFO ] Updating dihedrals
2026-04-23 20:50:49,324 [ genlib ] [ INFO ] Updating impropers
2026-04-23 20:50:49,324 [ genlib ] [ WARNING ] undefined
2026-04-23 20:50:49,325 [ genlib ] [ INFO ] Building library files for PRO --> HIE mutant
2026-04-23 20:50:49,326 [ genlib ] [ INFO ] reading rtp file "aminoacids.rtp"
2026-04-23 20:50:49,352 [ genlib ] [ INFO ] ENTERED P
2026-04-23 20:50:49,352 [ genlib ] [ INFO ] Making atom pairs
2026-04-23 20:50:49,357 [ genlib ] [ INFO ] Updating bond lists
2026-04-23 20:50:49,357 [ genlib ] [ INFO ] Updating dihedrals
2026-04-23 20:50:49,357 [ genlib ] [ INFO ] Updating impropers
2026-04-23 20:50:49,357 [ genlib ] [ WARNING ] undefined
2026-04-23 20:50:49,358 [ genlib ] [ INFO ] Building library files for PRO --> HIP mutant
2026-04-23 20:50:49,358 [ genlib ] [ INFO ] reading rtp file "aminoacids.rtp"
2026-04-23 20:50:49,384 [ genlib ] [ INFO ] ENTERED P
2026-04-23 20:50:49,384 [ genlib ] [ INFO ] Making atom pairs
2026-04-23 20:50:49,389 [ genlib ] [ INFO ] Updating bond lists
2026-04-23 20:50:49,389 [ genlib ] [ INFO ] Updating dihedrals
2026-04-23 20:50:49,389 [ genlib ] [ INFO ] Updating impropers
2026-04-23 20:50:49,389 [ genlib ] [ WARNING ] undefined
2026-04-23 20:50:49,390 [ genlib ] [ INFO ] Building library files for PRO --> ILE mutant
2026-04-23 20:50:49,391 [ genlib ] [ INFO ] reading rtp file "aminoacids.rtp"
2026-04-23 20:50:49,417 [ genlib ] [ INFO ] ENTERED P
2026-04-23 20:50:49,417 [ genlib ] [ INFO ] Making atom pairs
2026-04-23 20:50:49,423 [ genlib ] [ INFO ] Updating bond lists
2026-04-23 20:50:49,423 [ genlib ] [ INFO ] Updating dihedrals
2026-04-23 20:50:49,423 [ genlib ] [ INFO ] Updating impropers
2026-04-23 20:50:49,423 [ genlib ] [ WARNING ] undefined
2026-04-23 20:50:49,423 [ genlib ] [ INFO ] Building library files for PRO --> LEU mutant
2026-04-23 20:50:49,424 [ genlib ] [ INFO ] reading rtp file "aminoacids.rtp"
2026-04-23 20:50:49,450 [ genlib ] [ INFO ] ENTERED P
2026-04-23 20:50:49,450 [ genlib ] [ INFO ] Making atom pairs
2026-04-23 20:50:49,456 [ genlib ] [ INFO ] Updating bond lists
2026-04-23 20:50:49,456 [ genlib ] [ INFO ] Updating dihedrals
2026-04-23 20:50:49,456 [ genlib ] [ INFO ] Updating impropers
2026-04-23 20:50:49,456 [ genlib ] [ WARNING ] undefined
2026-04-23 20:50:49,456 [ genlib ] [ INFO ] Building library files for PRO --> LYN mutant
2026-04-23 20:50:49,457 [ genlib ] [ INFO ] reading rtp file "aminoacids.rtp"
2026-04-23 20:50:49,483 [ genlib ] [ INFO ] ENTERED P
2026-04-23 20:50:49,483 [ genlib ] [ INFO ] Making atom pairs
2026-04-23 20:50:49,491 [ genlib ] [ INFO ] Updating bond lists
2026-04-23 20:50:49,491 [ genlib ] [ INFO ] Updating dihedrals
2026-04-23 20:50:49,491 [ genlib ] [ INFO ] Updating impropers
2026-04-23 20:50:49,491 [ genlib ] [ WARNING ] undefined
2026-04-23 20:50:49,491 [ genlib ] [ INFO ] Building library files for PRO --> LYS mutant
2026-04-23 20:50:49,492 [ genlib ] [ INFO ] reading rtp file "aminoacids.rtp"
2026-04-23 20:50:49,518 [ genlib ] [ INFO ] ENTERED P
2026-04-23 20:50:49,518 [ genlib ] [ INFO ] Making atom pairs
2026-04-23 20:50:49,525 [ genlib ] [ INFO ] Updating bond lists
2026-04-23 20:50:49,525 [ genlib ] [ INFO ] Updating dihedrals
2026-04-23 20:50:49,525 [ genlib ] [ INFO ] Updating impropers
2026-04-23 20:50:49,525 [ genlib ] [ WARNING ] undefined
2026-04-23 20:50:49,526 [ genlib ] [ INFO ] Building library files for PRO --> MET mutant
2026-04-23 20:50:49,527 [ genlib ] [ INFO ] reading rtp file "aminoacids.rtp"
2026-04-23 20:50:49,552 [ genlib ] [ INFO ] ENTERED P
2026-04-23 20:50:49,553 [ genlib ] [ INFO ] Making atom pairs
2026-04-23 20:50:49,557 [ genlib ] [ INFO ] Updating bond lists
2026-04-23 20:50:49,557 [ genlib ] [ INFO ] Updating dihedrals
2026-04-23 20:50:49,557 [ genlib ] [ INFO ] Updating impropers
2026-04-23 20:50:49,557 [ genlib ] [ WARNING ] undefined
2026-04-23 20:50:49,557 [ genlib ] [ INFO ] Building library files for PRO --> PHE mutant
2026-04-23 20:50:49,558 [ genlib ] [ INFO ] reading rtp file "aminoacids.rtp"
2026-04-23 20:50:49,583 [ genlib ] [ INFO ] ENTERED P
2026-04-23 20:50:49,584 [ genlib ] [ INFO ] Making atom pairs
2026-04-23 20:50:49,589 [ genlib ] [ INFO ] Updating bond lists
2026-04-23 20:50:49,589 [ genlib ] [ INFO ] Updating dihedrals
2026-04-23 20:50:49,589 [ genlib ] [ INFO ] Updating impropers
2026-04-23 20:50:49,589 [ genlib ] [ WARNING ] undefined
2026-04-23 20:50:49,590 [ genlib ] [ INFO ] Building library files for PRO --> SER mutant
2026-04-23 20:50:49,590 [ genlib ] [ INFO ] reading rtp file "aminoacids.rtp"
2026-04-23 20:50:49,616 [ genlib ] [ INFO ] ENTERED P
2026-04-23 20:50:49,616 [ genlib ] [ INFO ] Making atom pairs
2026-04-23 20:50:49,619 [ genlib ] [ INFO ] Updating bond lists
2026-04-23 20:50:49,619 [ genlib ] [ INFO ] Updating dihedrals
2026-04-23 20:50:49,619 [ genlib ] [ INFO ] Updating impropers
2026-04-23 20:50:49,619 [ genlib ] [ WARNING ] undefined
2026-04-23 20:50:49,619 [ genlib ] [ INFO ] Building library files for PRO --> THR mutant
2026-04-23 20:50:49,620 [ genlib ] [ INFO ] reading rtp file "aminoacids.rtp"
2026-04-23 20:50:49,645 [ genlib ] [ INFO ] ENTERED P
2026-04-23 20:50:49,645 [ genlib ] [ INFO ] Making atom pairs
2026-04-23 20:50:49,648 [ genlib ] [ INFO ] Updating bond lists
2026-04-23 20:50:49,648 [ genlib ] [ INFO ] Updating dihedrals
2026-04-23 20:50:49,648 [ genlib ] [ INFO ] Updating impropers
2026-04-23 20:50:49,648 [ genlib ] [ WARNING ] undefined
2026-04-23 20:50:49,648 [ genlib ] [ INFO ] Building library files for PRO --> TRP mutant
2026-04-23 20:50:49,649 [ genlib ] [ INFO ] reading rtp file "aminoacids.rtp"
2026-04-23 20:50:49,674 [ genlib ] [ INFO ] ENTERED P
2026-04-23 20:50:49,674 [ genlib ] [ INFO ] Making atom pairs
2026-04-23 20:50:49,683 [ genlib ] [ INFO ] Updating bond lists
2026-04-23 20:50:49,683 [ genlib ] [ INFO ] Updating dihedrals
2026-04-23 20:50:49,683 [ genlib ] [ INFO ] Updating impropers
2026-04-23 20:50:49,683 [ genlib ] [ WARNING ] undefined
2026-04-23 20:50:49,683 [ genlib ] [ INFO ] Building library files for PRO --> TYR mutant
2026-04-23 20:50:49,684 [ genlib ] [ INFO ] reading rtp file "aminoacids.rtp"
2026-04-23 20:50:49,709 [ genlib ] [ INFO ] ENTERED P
2026-04-23 20:50:49,709 [ genlib ] [ INFO ] Making atom pairs
2026-04-23 20:50:49,715 [ genlib ] [ INFO ] Updating bond lists
2026-04-23 20:50:49,715 [ genlib ] [ INFO ] Updating dihedrals
2026-04-23 20:50:49,715 [ genlib ] [ INFO ] Updating impropers
2026-04-23 20:50:49,715 [ genlib ] [ WARNING ] undefined
2026-04-23 20:50:49,716 [ genlib ] [ INFO ] Building library files for PRO --> VAL mutant
2026-04-23 20:50:49,716 [ genlib ] [ INFO ] reading rtp file "aminoacids.rtp"
2026-04-23 20:50:49,742 [ genlib ] [ INFO ] ENTERED P
2026-04-23 20:50:49,742 [ genlib ] [ INFO ] Making atom pairs
2026-04-23 20:50:49,745 [ genlib ] [ INFO ] Updating bond lists
2026-04-23 20:50:49,745 [ genlib ] [ INFO ] Updating dihedrals
2026-04-23 20:50:49,745 [ genlib ] [ INFO ] Updating impropers
2026-04-23 20:50:49,745 [ genlib ] [ WARNING ] undefined
2026-04-23 20:50:49,745 [ genlib ] [ INFO ] Building library files for SER --> ALA mutant
2026-04-23 20:50:49,746 [ genlib ] [ INFO ] reading rtp file "aminoacids.rtp"
2026-04-23 20:50:49,773 [ genlib ] [ INFO ] ENTERED SIMPLE
2026-04-23 20:50:49,773 [ genlib ] [ INFO ] Making atom pairs
2026-04-23 20:50:49,773 [ genlib ] [ INFO ] Searching branch 1
2026-04-23 20:50:49,773 [ genlib ] [ INFO ] Searching order 2
2026-04-23 20:50:49,773 [ genlib ] [ INFO ] Checking atom 1HB
2026-04-23 20:50:49,773 [ genlib ] [ INFO ] Define atom pair: SER|1HB|H1|H         - > ALA|2HB|HC|H         (d = 0.10 A)
2026-04-23 20:50:49,773 [ genlib ] [ INFO ] Checking atom 2HB
2026-04-23 20:50:49,773 [ genlib ] [ INFO ] Define atom pair: SER|2HB|H1|H         - > ALA|3HB|HC|H         (d = 0.14 A)
2026-04-23 20:50:49,773 [ genlib ] [ INFO ] Checking atom OG
2026-04-23 20:50:49,773 [ genlib ] [ INFO ] Define atom pair: SER|OG|OH|O.3        - > ALA|1HB|HC|H         (d = 0.31 A)
2026-04-23 20:50:49,773 [ genlib ] [ INFO ] Searching order 3
2026-04-23 20:50:49,773 [ genlib ] [ INFO ] Checking atom HG
2026-04-23 20:50:49,773 [ genlib ] [ INFO ] No partner found for atom HG
2026-04-23 20:50:49,773 [ genlib ] [ INFO ] Searching order 4
2026-04-23 20:50:49,773 [ genlib ] [ INFO ] Searching order 5
2026-04-23 20:50:49,773 [ genlib ] [ INFO ] Searching order 6
2026-04-23 20:50:49,773 [ genlib ] [ INFO ] Searching order 7
2026-04-23 20:50:49,773 [ genlib ] [ INFO ] Searching branch 2
2026-04-23 20:50:49,773 [ genlib ] [ INFO ] Searching order 2
2026-04-23 20:50:49,773 [ genlib ] [ INFO ] Searching order 3
2026-04-23 20:50:49,773 [ genlib ] [ INFO ] Checking atom HG
2026-04-23 20:50:49,773 [ genlib ] [ INFO ] No partner found for atom HG
2026-04-23 20:50:49,773 [ genlib ] [ INFO ] Searching order 4
2026-04-23 20:50:49,773 [ genlib ] [ INFO ] Searching order 5
2026-04-23 20:50:49,773 [ genlib ] [ INFO ] Searching order 6
2026-04-23 20:50:49,773 [ genlib ] [ INFO ] Searching order 7
2026-04-23 20:50:49,773 [ genlib ] [ INFO ] Updating bond lists
2026-04-23 20:50:49,773 [ genlib ] [ INFO ] Updating dihedrals
2026-04-23 20:50:49,773 [ genlib ] [ INFO ] Updating impropers
2026-04-23 20:50:49,774 [ genlib ] [ INFO ] Building library files for SER --> ARG mutant
2026-04-23 20:50:49,774 [ genlib ] [ INFO ] reading rtp file "aminoacids.rtp"
2026-04-23 20:50:49,799 [ genlib ] [ INFO ] ENTERED SIMPLE
2026-04-23 20:50:49,799 [ genlib ] [ INFO ] Making atom pairs
2026-04-23 20:50:49,799 [ genlib ] [ INFO ] Searching branch 1
2026-04-23 20:50:49,799 [ genlib ] [ INFO ] Searching order 2
2026-04-23 20:50:49,799 [ genlib ] [ INFO ] Checking atom 1HB
2026-04-23 20:50:49,799 [ genlib ] [ INFO ] Define atom pair: SER|1HB|H1|H         - > ARG|1HB|HC|H         (d = 0.07 A)
2026-04-23 20:50:49,799 [ genlib ] [ INFO ] Checking atom 2HB
2026-04-23 20:50:49,799 [ genlib ] [ INFO ] Define atom pair: SER|2HB|H1|H         - > ARG|2HB|HC|H         (d = 0.10 A)
2026-04-23 20:50:49,799 [ genlib ] [ INFO ] Checking atom OG
2026-04-23 20:50:49,799 [ genlib ] [ INFO ] Define atom pair: SER|OG|OH|O.3        - > ARG|CG|CT|C.3        (d = 0.22 A)
2026-04-23 20:50:49,799 [ genlib ] [ INFO ] Searching order 3
2026-04-23 20:50:49,799 [ genlib ] [ INFO ] Checking atom HG
2026-04-23 20:50:49,799 [ genlib ] [ INFO ] No partner found for atom HG
2026-04-23 20:50:49,799 [ genlib ] [ INFO ] Searching order 4
2026-04-23 20:50:49,799 [ genlib ] [ INFO ] Searching order 5
2026-04-23 20:50:49,799 [ genlib ] [ INFO ] Searching order 6
2026-04-23 20:50:49,799 [ genlib ] [ INFO ] Searching order 7
2026-04-23 20:50:49,799 [ genlib ] [ INFO ] Searching branch 2
2026-04-23 20:50:49,799 [ genlib ] [ INFO ] Searching order 2
2026-04-23 20:50:49,800 [ genlib ] [ INFO ] Searching order 3
2026-04-23 20:50:49,800 [ genlib ] [ INFO ] Checking atom HG
2026-04-23 20:50:49,800 [ genlib ] [ INFO ] No partner found for atom HG
2026-04-23 20:50:49,800 [ genlib ] [ INFO ] Searching order 4
2026-04-23 20:50:49,800 [ genlib ] [ INFO ] Searching order 5
2026-04-23 20:50:49,800 [ genlib ] [ INFO ] Searching order 6
2026-04-23 20:50:49,800 [ genlib ] [ INFO ] Searching order 7
2026-04-23 20:50:49,806 [ genlib ] [ INFO ] Updating bond lists
2026-04-23 20:50:49,806 [ genlib ] [ INFO ] Updating dihedrals
2026-04-23 20:50:49,806 [ genlib ] [ INFO ] Updating impropers
2026-04-23 20:50:49,806 [ genlib ] [ INFO ] Building library files for SER --> ASH mutant
2026-04-23 20:50:49,807 [ genlib ] [ INFO ] reading rtp file "aminoacids.rtp"
2026-04-23 20:50:49,832 [ genlib ] [ INFO ] ENTERED SIMPLE
2026-04-23 20:50:49,832 [ genlib ] [ INFO ] Making atom pairs
2026-04-23 20:50:49,832 [ genlib ] [ INFO ] Searching branch 1
2026-04-23 20:50:49,832 [ genlib ] [ INFO ] Searching order 2
2026-04-23 20:50:49,832 [ genlib ] [ INFO ] Checking atom 1HB
2026-04-23 20:50:49,832 [ genlib ] [ INFO ] Define atom pair: SER|1HB|H1|H         - > ASH|1HB|HC|H         (d = 0.08 A)
2026-04-23 20:50:49,832 [ genlib ] [ INFO ] Checking atom 2HB
2026-04-23 20:50:49,832 [ genlib ] [ INFO ] Define atom pair: SER|2HB|H1|H         - > ASH|2HB|HC|H         (d = 0.13 A)
2026-04-23 20:50:49,832 [ genlib ] [ INFO ] Checking atom OG
2026-04-23 20:50:49,832 [ genlib ] [ INFO ] Define atom pair: SER|OG|OH|O.3        - > ASH|CG|C|C.2         (d = 0.13 A)
2026-04-23 20:50:49,832 [ genlib ] [ INFO ] Searching order 3
2026-04-23 20:50:49,832 [ genlib ] [ INFO ] Checking atom HG
2026-04-23 20:50:49,832 [ genlib ] [ INFO ] Define atom pair: SER|HG|HO|H          - > ASH|OD1|O|O.co2      (d = 0.42 A)
2026-04-23 20:50:49,832 [ genlib ] [ INFO ] Searching order 4
2026-04-23 20:50:49,832 [ genlib ] [ INFO ] Searching order 5
2026-04-23 20:50:49,832 [ genlib ] [ INFO ] Searching order 6
2026-04-23 20:50:49,832 [ genlib ] [ INFO ] Searching order 7
2026-04-23 20:50:49,832 [ genlib ] [ INFO ] Searching branch 2
2026-04-23 20:50:49,832 [ genlib ] [ INFO ] Searching order 2
2026-04-23 20:50:49,832 [ genlib ] [ INFO ] Searching order 3
2026-04-23 20:50:49,832 [ genlib ] [ INFO ] Searching order 4
2026-04-23 20:50:49,832 [ genlib ] [ INFO ] Searching order 5
2026-04-23 20:50:49,832 [ genlib ] [ INFO ] Searching order 6
2026-04-23 20:50:49,832 [ genlib ] [ INFO ] Searching order 7
2026-04-23 20:50:49,833 [ genlib ] [ INFO ] Updating bond lists
2026-04-23 20:50:49,833 [ genlib ] [ INFO ] Updating dihedrals
2026-04-23 20:50:49,833 [ genlib ] [ INFO ] Updating impropers
2026-04-23 20:50:49,834 [ genlib ] [ INFO ] Building library files for SER --> ASN mutant
2026-04-23 20:50:49,834 [ genlib ] [ INFO ] reading rtp file "aminoacids.rtp"
2026-04-23 20:50:49,859 [ genlib ] [ INFO ] ENTERED SIMPLE
2026-04-23 20:50:49,859 [ genlib ] [ INFO ] Making atom pairs
2026-04-23 20:50:49,859 [ genlib ] [ INFO ] Searching branch 1
2026-04-23 20:50:49,859 [ genlib ] [ INFO ] Searching order 2
2026-04-23 20:50:49,859 [ genlib ] [ INFO ] Checking atom 1HB
2026-04-23 20:50:49,859 [ genlib ] [ INFO ] Define atom pair: SER|1HB|H1|H         - > ASN|1HB|HC|H         (d = 0.10 A)
2026-04-23 20:50:49,859 [ genlib ] [ INFO ] Checking atom 2HB
2026-04-23 20:50:49,859 [ genlib ] [ INFO ] Define atom pair: SER|2HB|H1|H         - > ASN|2HB|HC|H         (d = 0.07 A)
2026-04-23 20:50:49,859 [ genlib ] [ INFO ] Checking atom OG
2026-04-23 20:50:49,859 [ genlib ] [ INFO ] Define atom pair: SER|OG|OH|O.3        - > ASN|CG|C|C.2         (d = 0.17 A)
2026-04-23 20:50:49,859 [ genlib ] [ INFO ] Searching order 3
2026-04-23 20:50:49,859 [ genlib ] [ INFO ] Checking atom HG
2026-04-23 20:50:49,859 [ genlib ] [ INFO ] Define atom pair: SER|HG|HO|H          - > ASN|OD1|O|O.2        (d = 0.45 A)
2026-04-23 20:50:49,859 [ genlib ] [ INFO ] Searching order 4
2026-04-23 20:50:49,859 [ genlib ] [ INFO ] Searching order 5
2026-04-23 20:50:49,859 [ genlib ] [ INFO ] Searching order 6
2026-04-23 20:50:49,859 [ genlib ] [ INFO ] Searching order 7
2026-04-23 20:50:49,859 [ genlib ] [ INFO ] Searching branch 2
2026-04-23 20:50:49,859 [ genlib ] [ INFO ] Searching order 2
2026-04-23 20:50:49,859 [ genlib ] [ INFO ] Searching order 3
2026-04-23 20:50:49,859 [ genlib ] [ INFO ] Searching order 4
2026-04-23 20:50:49,859 [ genlib ] [ INFO ] Searching order 5
2026-04-23 20:50:49,859 [ genlib ] [ INFO ] Searching order 6
2026-04-23 20:50:49,859 [ genlib ] [ INFO ] Searching order 7
2026-04-23 20:50:49,861 [ genlib ] [ INFO ] Updating bond lists
2026-04-23 20:50:49,861 [ genlib ] [ INFO ] Updating dihedrals
2026-04-23 20:50:49,861 [ genlib ] [ INFO ] Updating impropers
2026-04-23 20:50:49,861 [ genlib ] [ INFO ] Building library files for SER --> ASP mutant
2026-04-23 20:50:49,861 [ genlib ] [ INFO ] reading rtp file "aminoacids.rtp"
2026-04-23 20:50:49,887 [ genlib ] [ INFO ] ENTERED SIMPLE
2026-04-23 20:50:49,887 [ genlib ] [ INFO ] Making atom pairs
2026-04-23 20:50:49,887 [ genlib ] [ INFO ] Searching branch 1
2026-04-23 20:50:49,887 [ genlib ] [ INFO ] Searching order 2
2026-04-23 20:50:49,887 [ genlib ] [ INFO ] Checking atom 1HB
2026-04-23 20:50:49,887 [ genlib ] [ INFO ] Define atom pair: SER|1HB|H1|H         - > ASP|1HB|HC|H         (d = 0.03 A)
2026-04-23 20:50:49,887 [ genlib ] [ INFO ] Checking atom 2HB
2026-04-23 20:50:49,887 [ genlib ] [ INFO ] Define atom pair: SER|2HB|H1|H         - > ASP|2HB|HC|H         (d = 0.04 A)
2026-04-23 20:50:49,887 [ genlib ] [ INFO ] Checking atom OG
2026-04-23 20:50:49,887 [ genlib ] [ INFO ] Define atom pair: SER|OG|OH|O.3        - > ASP|CG|C|C.2         (d = 0.13 A)
2026-04-23 20:50:49,887 [ genlib ] [ INFO ] Searching order 3
2026-04-23 20:50:49,887 [ genlib ] [ INFO ] Checking atom HG
2026-04-23 20:50:49,887 [ genlib ] [ INFO ] Define atom pair: SER|HG|HO|H          - > ASP|OD1|O2|O.co2     (d = 0.42 A)
2026-04-23 20:50:49,887 [ genlib ] [ INFO ] Searching order 4
2026-04-23 20:50:49,887 [ genlib ] [ INFO ] Searching order 5
2026-04-23 20:50:49,887 [ genlib ] [ INFO ] Searching order 6
2026-04-23 20:50:49,887 [ genlib ] [ INFO ] Searching order 7
2026-04-23 20:50:49,887 [ genlib ] [ INFO ] Searching branch 2
2026-04-23 20:50:49,887 [ genlib ] [ INFO ] Searching order 2
2026-04-23 20:50:49,887 [ genlib ] [ INFO ] Searching order 3
2026-04-23 20:50:49,887 [ genlib ] [ INFO ] Searching order 4
2026-04-23 20:50:49,887 [ genlib ] [ INFO ] Searching order 5
2026-04-23 20:50:49,887 [ genlib ] [ INFO ] Searching order 6
2026-04-23 20:50:49,887 [ genlib ] [ INFO ] Searching order 7
2026-04-23 20:50:49,888 [ genlib ] [ INFO ] Updating bond lists
2026-04-23 20:50:49,888 [ genlib ] [ INFO ] Updating dihedrals
2026-04-23 20:50:49,888 [ genlib ] [ INFO ] Updating impropers
2026-04-23 20:50:49,888 [ genlib ] [ INFO ] Building library files for SER --> CYS mutant
2026-04-23 20:50:49,889 [ genlib ] [ INFO ] reading rtp file "aminoacids.rtp"
2026-04-23 20:50:49,916 [ genlib ] [ INFO ] ENTERED SIMPLE
2026-04-23 20:50:49,916 [ genlib ] [ INFO ] Making atom pairs
2026-04-23 20:50:49,916 [ genlib ] [ INFO ] Searching branch 1
2026-04-23 20:50:49,916 [ genlib ] [ INFO ] Searching order 2
2026-04-23 20:50:49,916 [ genlib ] [ INFO ] Checking atom 1HB
2026-04-23 20:50:49,916 [ genlib ] [ INFO ] Define atom pair: SER|1HB|H1|H         - > CYS|1HB|H1|H         (d = 0.09 A)
2026-04-23 20:50:49,916 [ genlib ] [ INFO ] Checking atom 2HB
2026-04-23 20:50:49,916 [ genlib ] [ INFO ] Define atom pair: SER|2HB|H1|H         - > CYS|2HB|H1|H         (d = 0.11 A)
2026-04-23 20:50:49,916 [ genlib ] [ INFO ] Checking atom OG
2026-04-23 20:50:49,916 [ genlib ] [ INFO ] Define atom pair: SER|OG|OH|O.3        - > CYS|SG|SH|S.3        (d = 0.47 A)
2026-04-23 20:50:49,916 [ genlib ] [ INFO ] Searching order 3
2026-04-23 20:50:49,916 [ genlib ] [ INFO ] Checking atom HG
2026-04-23 20:50:49,916 [ genlib ] [ INFO ] No partner found for atom HG
2026-04-23 20:50:49,916 [ genlib ] [ INFO ] Searching order 4
2026-04-23 20:50:49,916 [ genlib ] [ INFO ] Searching order 5
2026-04-23 20:50:49,916 [ genlib ] [ INFO ] Searching order 6
2026-04-23 20:50:49,916 [ genlib ] [ INFO ] Searching order 7
2026-04-23 20:50:49,916 [ genlib ] [ INFO ] Searching branch 2
2026-04-23 20:50:49,916 [ genlib ] [ INFO ] Searching order 2
2026-04-23 20:50:49,916 [ genlib ] [ INFO ] Searching order 3
2026-04-23 20:50:49,916 [ genlib ] [ INFO ] Checking atom HG
2026-04-23 20:50:49,916 [ genlib ] [ INFO ] No partner found for atom HG
2026-04-23 20:50:49,916 [ genlib ] [ INFO ] Searching order 4
2026-04-23 20:50:49,916 [ genlib ] [ INFO ] Searching order 5
2026-04-23 20:50:49,916 [ genlib ] [ INFO ] Searching order 6
2026-04-23 20:50:49,916 [ genlib ] [ INFO ] Searching order 7
2026-04-23 20:50:49,916 [ genlib ] [ INFO ] Updating bond lists
2026-04-23 20:50:49,916 [ genlib ] [ INFO ] Updating dihedrals
2026-04-23 20:50:49,916 [ genlib ] [ INFO ] Updating impropers
2026-04-23 20:50:49,917 [ genlib ] [ INFO ] Building library files for SER --> GLH mutant
2026-04-23 20:50:49,917 [ genlib ] [ INFO ] reading rtp file "aminoacids.rtp"
2026-04-23 20:50:49,945 [ genlib ] [ INFO ] ENTERED SIMPLE
2026-04-23 20:50:49,945 [ genlib ] [ INFO ] Making atom pairs
2026-04-23 20:50:49,945 [ genlib ] [ INFO ] Searching branch 1
2026-04-23 20:50:49,945 [ genlib ] [ INFO ] Searching order 2
2026-04-23 20:50:49,945 [ genlib ] [ INFO ] Checking atom 1HB
2026-04-23 20:50:49,945 [ genlib ] [ INFO ] Define atom pair: SER|1HB|H1|H         - > GLH|1HB|HC|H         (d = 0.11 A)
2026-04-23 20:50:49,945 [ genlib ] [ INFO ] Checking atom 2HB
2026-04-23 20:50:49,945 [ genlib ] [ INFO ] Define atom pair: SER|2HB|H1|H         - > GLH|2HB|HC|H         (d = 0.11 A)
2026-04-23 20:50:49,945 [ genlib ] [ INFO ] Checking atom OG
2026-04-23 20:50:49,945 [ genlib ] [ INFO ] Define atom pair: SER|OG|OH|O.3        - > GLH|CG|CT|C.3        (d = 0.16 A)
2026-04-23 20:50:49,945 [ genlib ] [ INFO ] Searching order 3
2026-04-23 20:50:49,945 [ genlib ] [ INFO ] Checking atom HG
2026-04-23 20:50:49,945 [ genlib ] [ INFO ] No partner found for atom HG
2026-04-23 20:50:49,945 [ genlib ] [ INFO ] Searching order 4
2026-04-23 20:50:49,945 [ genlib ] [ INFO ] Searching order 5
2026-04-23 20:50:49,945 [ genlib ] [ INFO ] Searching order 6
2026-04-23 20:50:49,945 [ genlib ] [ INFO ] Searching order 7
2026-04-23 20:50:49,945 [ genlib ] [ INFO ] Searching branch 2
2026-04-23 20:50:49,945 [ genlib ] [ INFO ] Searching order 2
2026-04-23 20:50:49,945 [ genlib ] [ INFO ] Searching order 3
2026-04-23 20:50:49,945 [ genlib ] [ INFO ] Checking atom HG
2026-04-23 20:50:49,945 [ genlib ] [ INFO ] No partner found for atom HG
2026-04-23 20:50:49,945 [ genlib ] [ INFO ] Searching order 4
2026-04-23 20:50:49,945 [ genlib ] [ INFO ] Searching order 5
2026-04-23 20:50:49,945 [ genlib ] [ INFO ] Searching order 6
2026-04-23 20:50:49,945 [ genlib ] [ INFO ] Searching order 7
2026-04-23 20:50:49,969 [ genlib ] [ INFO ] Updating bond lists
2026-04-23 20:50:49,969 [ genlib ] [ INFO ] Updating dihedrals
2026-04-23 20:50:49,969 [ genlib ] [ INFO ] Updating impropers
2026-04-23 20:50:49,970 [ genlib ] [ INFO ] Building library files for SER --> GLN mutant
2026-04-23 20:50:49,970 [ genlib ] [ INFO ] reading rtp file "aminoacids.rtp"
2026-04-23 20:50:49,998 [ genlib ] [ INFO ] ENTERED SIMPLE
2026-04-23 20:50:49,998 [ genlib ] [ INFO ] Making atom pairs
2026-04-23 20:50:49,998 [ genlib ] [ INFO ] Searching branch 1
2026-04-23 20:50:49,998 [ genlib ] [ INFO ] Searching order 2
2026-04-23 20:50:49,998 [ genlib ] [ INFO ] Checking atom 1HB
2026-04-23 20:50:49,998 [ genlib ] [ INFO ] Define atom pair: SER|1HB|H1|H         - > GLN|1HB|HC|H         (d = 0.05 A)
2026-04-23 20:50:49,998 [ genlib ] [ INFO ] Checking atom 2HB
2026-04-23 20:50:49,998 [ genlib ] [ INFO ] Define atom pair: SER|2HB|H1|H         - > GLN|2HB|HC|H         (d = 0.06 A)
2026-04-23 20:50:49,998 [ genlib ] [ INFO ] Checking atom OG
2026-04-23 20:50:49,998 [ genlib ] [ INFO ] Define atom pair: SER|OG|OH|O.3        - > GLN|CG|CT|C.3        (d = 0.19 A)
2026-04-23 20:50:49,998 [ genlib ] [ INFO ] Searching order 3
2026-04-23 20:50:49,998 [ genlib ] [ INFO ] Checking atom HG
2026-04-23 20:50:49,998 [ genlib ] [ INFO ] No partner found for atom HG
2026-04-23 20:50:49,998 [ genlib ] [ INFO ] Searching order 4
2026-04-23 20:50:49,998 [ genlib ] [ INFO ] Searching order 5
2026-04-23 20:50:49,998 [ genlib ] [ INFO ] Searching order 6
2026-04-23 20:50:49,998 [ genlib ] [ INFO ] Searching order 7
2026-04-23 20:50:49,998 [ genlib ] [ INFO ] Searching branch 2
2026-04-23 20:50:49,998 [ genlib ] [ INFO ] Searching order 2
2026-04-23 20:50:49,998 [ genlib ] [ INFO ] Searching order 3
2026-04-23 20:50:49,998 [ genlib ] [ INFO ] Checking atom HG
2026-04-23 20:50:49,998 [ genlib ] [ INFO ] No partner found for atom HG
2026-04-23 20:50:49,998 [ genlib ] [ INFO ] Searching order 4
2026-04-23 20:50:49,998 [ genlib ] [ INFO ] Searching order 5
2026-04-23 20:50:49,998 [ genlib ] [ INFO ] Searching order 6
2026-04-23 20:50:49,998 [ genlib ] [ INFO ] Searching order 7
2026-04-23 20:50:50,001 [ genlib ] [ INFO ] Updating bond lists
2026-04-23 20:50:50,001 [ genlib ] [ INFO ] Updating dihedrals
2026-04-23 20:50:50,001 [ genlib ] [ INFO ] Updating impropers
2026-04-23 20:50:50,001 [ genlib ] [ INFO ] Building library files for SER --> GLU mutant
2026-04-23 20:50:50,002 [ genlib ] [ INFO ] reading rtp file "aminoacids.rtp"
2026-04-23 20:50:50,029 [ genlib ] [ INFO ] ENTERED SIMPLE
2026-04-23 20:50:50,029 [ genlib ] [ INFO ] Making atom pairs
2026-04-23 20:50:50,029 [ genlib ] [ INFO ] Searching branch 1
2026-04-23 20:50:50,029 [ genlib ] [ INFO ] Searching order 2
2026-04-23 20:50:50,029 [ genlib ] [ INFO ] Checking atom 1HB
2026-04-23 20:50:50,029 [ genlib ] [ INFO ] Define atom pair: SER|1HB|H1|H         - > GLU|1HB|HC|H         (d = 0.06 A)
2026-04-23 20:50:50,029 [ genlib ] [ INFO ] Checking atom 2HB
2026-04-23 20:50:50,029 [ genlib ] [ INFO ] Define atom pair: SER|2HB|H1|H         - > GLU|2HB|HC|H         (d = 0.10 A)
2026-04-23 20:50:50,029 [ genlib ] [ INFO ] Checking atom OG
2026-04-23 20:50:50,029 [ genlib ] [ INFO ] Define atom pair: SER|OG|OH|O.3        - > GLU|CG|CT|C.3        (d = 0.16 A)
2026-04-23 20:50:50,029 [ genlib ] [ INFO ] Searching order 3
2026-04-23 20:50:50,029 [ genlib ] [ INFO ] Checking atom HG
2026-04-23 20:50:50,029 [ genlib ] [ INFO ] No partner found for atom HG
2026-04-23 20:50:50,029 [ genlib ] [ INFO ] Searching order 4
2026-04-23 20:50:50,029 [ genlib ] [ INFO ] Searching order 5
2026-04-23 20:50:50,029 [ genlib ] [ INFO ] Searching order 6
2026-04-23 20:50:50,029 [ genlib ] [ INFO ] Searching order 7
2026-04-23 20:50:50,029 [ genlib ] [ INFO ] Searching branch 2
2026-04-23 20:50:50,029 [ genlib ] [ INFO ] Searching order 2
2026-04-23 20:50:50,029 [ genlib ] [ INFO ] Searching order 3
2026-04-23 20:50:50,029 [ genlib ] [ INFO ] Checking atom HG
2026-04-23 20:50:50,029 [ genlib ] [ INFO ] No partner found for atom HG
2026-04-23 20:50:50,029 [ genlib ] [ INFO ] Searching order 4
2026-04-23 20:50:50,029 [ genlib ] [ INFO ] Searching order 5
2026-04-23 20:50:50,029 [ genlib ] [ INFO ] Searching order 6
2026-04-23 20:50:50,029 [ genlib ] [ INFO ] Searching order 7
2026-04-23 20:50:50,031 [ genlib ] [ INFO ] Updating bond lists
2026-04-23 20:50:50,031 [ genlib ] [ INFO ] Updating dihedrals
2026-04-23 20:50:50,031 [ genlib ] [ INFO ] Updating impropers
2026-04-23 20:50:50,031 [ genlib ] [ INFO ] Building library files for SER --> GLY mutant
2026-04-23 20:50:50,032 [ genlib ] [ INFO ] reading rtp file "aminoacids.rtp"
2026-04-23 20:50:50,058 [ genlib ] [ INFO ] ENTERED G
2026-04-23 20:50:50,058 [ genlib ] [ INFO ] Making atom pairs
2026-04-23 20:50:50,059 [ genlib ] [ INFO ] Updating bond lists
2026-04-23 20:50:50,059 [ genlib ] [ INFO ] Updating dihedrals
2026-04-23 20:50:50,059 [ genlib ] [ INFO ] Updating impropers
2026-04-23 20:50:50,059 [ genlib ] [ WARNING ] undefined
2026-04-23 20:50:50,059 [ genlib ] [ INFO ] Building library files for SER --> HID mutant
2026-04-23 20:50:50,060 [ genlib ] [ INFO ] reading rtp file "aminoacids.rtp"
2026-04-23 20:50:50,086 [ genlib ] [ INFO ] ENTERED RINGS
2026-04-23 20:50:50,086 [ genlib ] [ INFO ] Making atom pairs
2026-04-23 20:50:50,089 [ genlib ] [ INFO ] Updating bond lists
2026-04-23 20:50:50,089 [ genlib ] [ INFO ] Updating dihedrals
2026-04-23 20:50:50,089 [ genlib ] [ INFO ] Updating impropers
2026-04-23 20:50:50,089 [ genlib ] [ INFO ] Building library files for SER --> HIE mutant
2026-04-23 20:50:50,090 [ genlib ] [ INFO ] reading rtp file "aminoacids.rtp"
2026-04-23 20:50:50,117 [ genlib ] [ INFO ] ENTERED RINGS
2026-04-23 20:50:50,117 [ genlib ] [ INFO ] Making atom pairs
2026-04-23 20:50:50,119 [ genlib ] [ INFO ] Updating bond lists
2026-04-23 20:50:50,120 [ genlib ] [ INFO ] Updating dihedrals
2026-04-23 20:50:50,120 [ genlib ] [ INFO ] Updating impropers
2026-04-23 20:50:50,120 [ genlib ] [ INFO ] Building library files for SER --> HIP mutant
2026-04-23 20:50:50,121 [ genlib ] [ INFO ] reading rtp file "aminoacids.rtp"
2026-04-23 20:50:50,147 [ genlib ] [ INFO ] ENTERED RINGS
2026-04-23 20:50:50,147 [ genlib ] [ INFO ] Making atom pairs
2026-04-23 20:50:50,151 [ genlib ] [ INFO ] Updating bond lists
2026-04-23 20:50:50,151 [ genlib ] [ INFO ] Updating dihedrals
2026-04-23 20:50:50,151 [ genlib ] [ INFO ] Updating impropers
2026-04-23 20:50:50,152 [ genlib ] [ INFO ] Building library files for SER --> ILE mutant
2026-04-23 20:50:50,152 [ genlib ] [ INFO ] reading rtp file "aminoacids.rtp"
2026-04-23 20:50:50,180 [ genlib ] [ INFO ] ENTERED SIMPLE
2026-04-23 20:50:50,180 [ genlib ] [ INFO ] Making atom pairs
2026-04-23 20:50:50,180 [ genlib ] [ INFO ] Searching branch 1
2026-04-23 20:50:50,180 [ genlib ] [ INFO ] Searching order 2
2026-04-23 20:50:50,180 [ genlib ] [ INFO ] Checking atom 1HB
2026-04-23 20:50:50,180 [ genlib ] [ INFO ] Define atom pair: SER|1HB|H1|H         - > ILE|HB|HC|H          (d = 0.11 A)
2026-04-23 20:50:50,180 [ genlib ] [ INFO ] Checking atom 2HB
2026-04-23 20:50:50,180 [ genlib ] [ INFO ] Define atom pair: SER|2HB|H1|H         - > ILE|CG2|CT|C.3       (d = 0.44 A)
2026-04-23 20:50:50,180 [ genlib ] [ INFO ] Checking atom OG
2026-04-23 20:50:50,180 [ genlib ] [ INFO ] Define atom pair: SER|OG|OH|O.3        - > ILE|CG1|CT|C.3       (d = 0.16 A)
2026-04-23 20:50:50,180 [ genlib ] [ INFO ] Searching order 3
2026-04-23 20:50:50,180 [ genlib ] [ INFO ] Checking atom HG
2026-04-23 20:50:50,180 [ genlib ] [ INFO ] No partner found for atom HG
2026-04-23 20:50:50,180 [ genlib ] [ INFO ] Searching order 4
2026-04-23 20:50:50,180 [ genlib ] [ INFO ] Searching order 5
2026-04-23 20:50:50,180 [ genlib ] [ INFO ] Searching order 6
2026-04-23 20:50:50,180 [ genlib ] [ INFO ] Searching order 7
2026-04-23 20:50:50,180 [ genlib ] [ INFO ] Searching branch 2
2026-04-23 20:50:50,180 [ genlib ] [ INFO ] Searching order 2
2026-04-23 20:50:50,180 [ genlib ] [ INFO ] Searching order 3
2026-04-23 20:50:50,180 [ genlib ] [ INFO ] Checking atom HG
2026-04-23 20:50:50,180 [ genlib ] [ INFO ] No partner found for atom HG
2026-04-23 20:50:50,180 [ genlib ] [ INFO ] Searching order 4
2026-04-23 20:50:50,180 [ genlib ] [ INFO ] Searching order 5
2026-04-23 20:50:50,180 [ genlib ] [ INFO ] Searching order 6
2026-04-23 20:50:50,180 [ genlib ] [ INFO ] Searching order 7
2026-04-23 20:50:50,184 [ genlib ] [ INFO ] Updating bond lists
2026-04-23 20:50:50,184 [ genlib ] [ INFO ] Updating dihedrals
2026-04-23 20:50:50,184 [ genlib ] [ INFO ] Updating impropers
2026-04-23 20:50:50,184 [ genlib ] [ INFO ] Building library files for SER --> LEU mutant
2026-04-23 20:50:50,185 [ genlib ] [ INFO ] reading rtp file "aminoacids.rtp"
2026-04-23 20:50:50,212 [ genlib ] [ INFO ] ENTERED SIMPLE
2026-04-23 20:50:50,212 [ genlib ] [ INFO ] Making atom pairs
2026-04-23 20:50:50,212 [ genlib ] [ INFO ] Searching branch 1
2026-04-23 20:50:50,212 [ genlib ] [ INFO ] Searching order 2
2026-04-23 20:50:50,212 [ genlib ] [ INFO ] Checking atom 1HB
2026-04-23 20:50:50,212 [ genlib ] [ INFO ] Define atom pair: SER|1HB|H1|H         - > LEU|1HB|HC|H         (d = 0.08 A)
2026-04-23 20:50:50,212 [ genlib ] [ INFO ] Checking atom 2HB
2026-04-23 20:50:50,212 [ genlib ] [ INFO ] Define atom pair: SER|2HB|H1|H         - > LEU|2HB|HC|H         (d = 0.07 A)
2026-04-23 20:50:50,212 [ genlib ] [ INFO ] Checking atom OG
2026-04-23 20:50:50,212 [ genlib ] [ INFO ] Define atom pair: SER|OG|OH|O.3        - > LEU|CG|CT|C.3        (d = 0.20 A)
2026-04-23 20:50:50,212 [ genlib ] [ INFO ] Searching order 3
2026-04-23 20:50:50,212 [ genlib ] [ INFO ] Checking atom HG
2026-04-23 20:50:50,212 [ genlib ] [ INFO ] No partner found for atom HG
2026-04-23 20:50:50,212 [ genlib ] [ INFO ] Searching order 4
2026-04-23 20:50:50,212 [ genlib ] [ INFO ] Searching order 5
2026-04-23 20:50:50,212 [ genlib ] [ INFO ] Searching order 6
2026-04-23 20:50:50,212 [ genlib ] [ INFO ] Searching order 7
2026-04-23 20:50:50,212 [ genlib ] [ INFO ] Searching branch 2
2026-04-23 20:50:50,212 [ genlib ] [ INFO ] Searching order 2
2026-04-23 20:50:50,212 [ genlib ] [ INFO ] Searching order 3
2026-04-23 20:50:50,212 [ genlib ] [ INFO ] Checking atom HG
2026-04-23 20:50:50,212 [ genlib ] [ INFO ] No partner found for atom HG
2026-04-23 20:50:50,212 [ genlib ] [ INFO ] Searching order 4
2026-04-23 20:50:50,212 [ genlib ] [ INFO ] Searching order 5
2026-04-23 20:50:50,212 [ genlib ] [ INFO ] Searching order 6
2026-04-23 20:50:50,212 [ genlib ] [ INFO ] Searching order 7
2026-04-23 20:50:50,216 [ genlib ] [ INFO ] Updating bond lists
2026-04-23 20:50:50,216 [ genlib ] [ INFO ] Updating dihedrals
2026-04-23 20:50:50,216 [ genlib ] [ INFO ] Updating impropers
2026-04-23 20:50:50,217 [ genlib ] [ INFO ] Building library files for SER --> LYN mutant
2026-04-23 20:50:50,217 [ genlib ] [ INFO ] reading rtp file "aminoacids.rtp"
2026-04-23 20:50:50,244 [ genlib ] [ INFO ] ENTERED SIMPLE
2026-04-23 20:50:50,244 [ genlib ] [ INFO ] Making atom pairs
2026-04-23 20:50:50,244 [ genlib ] [ INFO ] Searching branch 1
2026-04-23 20:50:50,244 [ genlib ] [ INFO ] Searching order 2
2026-04-23 20:50:50,244 [ genlib ] [ INFO ] Checking atom 1HB
2026-04-23 20:50:50,244 [ genlib ] [ INFO ] Define atom pair: SER|1HB|H1|H         - > LYN|1HB|HC|H         (d = 0.13 A)
2026-04-23 20:50:50,244 [ genlib ] [ INFO ] Checking atom 2HB
2026-04-23 20:50:50,244 [ genlib ] [ INFO ] Define atom pair: SER|2HB|H1|H         - > LYN|2HB|HC|H         (d = 0.19 A)
2026-04-23 20:50:50,244 [ genlib ] [ INFO ] Checking atom OG
2026-04-23 20:50:50,244 [ genlib ] [ INFO ] Define atom pair: SER|OG|OH|O.3        - > LYN|CG|CT|C.3        (d = 0.22 A)
2026-04-23 20:50:50,244 [ genlib ] [ INFO ] Searching order 3
2026-04-23 20:50:50,244 [ genlib ] [ INFO ] Checking atom HG
2026-04-23 20:50:50,244 [ genlib ] [ INFO ] No partner found for atom HG
2026-04-23 20:50:50,244 [ genlib ] [ INFO ] Searching order 4
2026-04-23 20:50:50,244 [ genlib ] [ INFO ] Searching order 5
2026-04-23 20:50:50,244 [ genlib ] [ INFO ] Searching order 6
2026-04-23 20:50:50,244 [ genlib ] [ INFO ] Searching order 7
2026-04-23 20:50:50,244 [ genlib ] [ INFO ] Searching branch 2
2026-04-23 20:50:50,244 [ genlib ] [ INFO ] Searching order 2
2026-04-23 20:50:50,244 [ genlib ] [ INFO ] Searching order 3
2026-04-23 20:50:50,244 [ genlib ] [ INFO ] Checking atom HG
2026-04-23 20:50:50,244 [ genlib ] [ INFO ] No partner found for atom HG
2026-04-23 20:50:50,244 [ genlib ] [ INFO ] Searching order 4
2026-04-23 20:50:50,244 [ genlib ] [ INFO ] Searching order 5
2026-04-23 20:50:50,244 [ genlib ] [ INFO ] Searching order 6
2026-04-23 20:50:50,244 [ genlib ] [ INFO ] Searching order 7
2026-04-23 20:50:50,248 [ genlib ] [ INFO ] Updating bond lists
2026-04-23 20:50:50,249 [ genlib ] [ INFO ] Updating dihedrals
2026-04-23 20:50:50,249 [ genlib ] [ INFO ] Updating impropers
2026-04-23 20:50:50,249 [ genlib ] [ INFO ] Building library files for SER --> LYS mutant
2026-04-23 20:50:50,250 [ genlib ] [ INFO ] reading rtp file "aminoacids.rtp"
2026-04-23 20:50:50,275 [ genlib ] [ INFO ] ENTERED SIMPLE
2026-04-23 20:50:50,276 [ genlib ] [ INFO ] Making atom pairs
2026-04-23 20:50:50,276 [ genlib ] [ INFO ] Searching branch 1
2026-04-23 20:50:50,276 [ genlib ] [ INFO ] Searching order 2
2026-04-23 20:50:50,276 [ genlib ] [ INFO ] Checking atom 1HB
2026-04-23 20:50:50,276 [ genlib ] [ INFO ] Define atom pair: SER|1HB|H1|H         - > LYS|1HB|HC|H         (d = 0.07 A)
2026-04-23 20:50:50,276 [ genlib ] [ INFO ] Checking atom 2HB
2026-04-23 20:50:50,276 [ genlib ] [ INFO ] Define atom pair: SER|2HB|H1|H         - > LYS|2HB|HC|H         (d = 0.10 A)
2026-04-23 20:50:50,276 [ genlib ] [ INFO ] Checking atom OG
2026-04-23 20:50:50,276 [ genlib ] [ INFO ] Define atom pair: SER|OG|OH|O.3        - > LYS|CG|CT|C.3        (d = 0.22 A)
2026-04-23 20:50:50,276 [ genlib ] [ INFO ] Searching order 3
2026-04-23 20:50:50,276 [ genlib ] [ INFO ] Checking atom HG
2026-04-23 20:50:50,276 [ genlib ] [ INFO ] No partner found for atom HG
2026-04-23 20:50:50,276 [ genlib ] [ INFO ] Searching order 4
2026-04-23 20:50:50,276 [ genlib ] [ INFO ] Searching order 5
2026-04-23 20:50:50,276 [ genlib ] [ INFO ] Searching order 6
2026-04-23 20:50:50,276 [ genlib ] [ INFO ] Searching order 7
2026-04-23 20:50:50,276 [ genlib ] [ INFO ] Searching branch 2
2026-04-23 20:50:50,276 [ genlib ] [ INFO ] Searching order 2
2026-04-23 20:50:50,276 [ genlib ] [ INFO ] Searching order 3
2026-04-23 20:50:50,276 [ genlib ] [ INFO ] Checking atom HG
2026-04-23 20:50:50,276 [ genlib ] [ INFO ] No partner found for atom HG
2026-04-23 20:50:50,276 [ genlib ] [ INFO ] Searching order 4
2026-04-23 20:50:50,276 [ genlib ] [ INFO ] Searching order 5
2026-04-23 20:50:50,276 [ genlib ] [ INFO ] Searching order 6
2026-04-23 20:50:50,276 [ genlib ] [ INFO ] Searching order 7
2026-04-23 20:50:50,282 [ genlib ] [ INFO ] Updating bond lists
2026-04-23 20:50:50,282 [ genlib ] [ INFO ] Updating dihedrals
2026-04-23 20:50:50,282 [ genlib ] [ INFO ] Updating impropers
2026-04-23 20:50:50,282 [ genlib ] [ INFO ] Building library files for SER --> MET mutant
2026-04-23 20:50:50,283 [ genlib ] [ INFO ] reading rtp file "aminoacids.rtp"
2026-04-23 20:50:50,309 [ genlib ] [ INFO ] ENTERED SIMPLE
2026-04-23 20:50:50,309 [ genlib ] [ INFO ] Making atom pairs
2026-04-23 20:50:50,309 [ genlib ] [ INFO ] Searching branch 1
2026-04-23 20:50:50,309 [ genlib ] [ INFO ] Searching order 2
2026-04-23 20:50:50,309 [ genlib ] [ INFO ] Checking atom 1HB
2026-04-23 20:50:50,309 [ genlib ] [ INFO ] Define atom pair: SER|1HB|H1|H         - > MET|1HB|HC|H         (d = 0.05 A)
2026-04-23 20:50:50,309 [ genlib ] [ INFO ] Checking atom 2HB
2026-04-23 20:50:50,309 [ genlib ] [ INFO ] Define atom pair: SER|2HB|H1|H         - > MET|2HB|HC|H         (d = 0.08 A)
2026-04-23 20:50:50,309 [ genlib ] [ INFO ] Checking atom OG
2026-04-23 20:50:50,309 [ genlib ] [ INFO ] Define atom pair: SER|OG|OH|O.3        - > MET|CG|CT|C.3        (d = 0.18 A)
2026-04-23 20:50:50,309 [ genlib ] [ INFO ] Searching order 3
2026-04-23 20:50:50,309 [ genlib ] [ INFO ] Checking atom HG
2026-04-23 20:50:50,309 [ genlib ] [ INFO ] No partner found for atom HG
2026-04-23 20:50:50,309 [ genlib ] [ INFO ] Searching order 4
2026-04-23 20:50:50,309 [ genlib ] [ INFO ] Searching order 5
2026-04-23 20:50:50,309 [ genlib ] [ INFO ] Searching order 6
2026-04-23 20:50:50,309 [ genlib ] [ INFO ] Searching order 7
2026-04-23 20:50:50,309 [ genlib ] [ INFO ] Searching branch 2
2026-04-23 20:50:50,309 [ genlib ] [ INFO ] Searching order 2
2026-04-23 20:50:50,309 [ genlib ] [ INFO ] Searching order 3
2026-04-23 20:50:50,309 [ genlib ] [ INFO ] Checking atom HG
2026-04-23 20:50:50,309 [ genlib ] [ INFO ] No partner found for atom HG
2026-04-23 20:50:50,309 [ genlib ] [ INFO ] Searching order 4
2026-04-23 20:50:50,309 [ genlib ] [ INFO ] Searching order 5
2026-04-23 20:50:50,309 [ genlib ] [ INFO ] Searching order 6
2026-04-23 20:50:50,309 [ genlib ] [ INFO ] Searching order 7
2026-04-23 20:50:50,311 [ genlib ] [ INFO ] Updating bond lists
2026-04-23 20:50:50,312 [ genlib ] [ INFO ] Updating dihedrals
2026-04-23 20:50:50,312 [ genlib ] [ INFO ] Updating impropers
2026-04-23 20:50:50,312 [ genlib ] [ INFO ] Building library files for SER --> PHE mutant
2026-04-23 20:50:50,313 [ genlib ] [ INFO ] reading rtp file "aminoacids.rtp"
2026-04-23 20:50:50,338 [ genlib ] [ INFO ] ENTERED RINGS
2026-04-23 20:50:50,338 [ genlib ] [ INFO ] Making atom pairs
2026-04-23 20:50:50,343 [ genlib ] [ INFO ] Updating bond lists
2026-04-23 20:50:50,343 [ genlib ] [ INFO ] Updating dihedrals
2026-04-23 20:50:50,343 [ genlib ] [ INFO ] Updating impropers
2026-04-23 20:50:50,343 [ genlib ] [ INFO ] Building library files for SER --> PRO mutant
2026-04-23 20:50:50,344 [ genlib ] [ INFO ] reading rtp file "aminoacids.rtp"
2026-04-23 20:50:50,369 [ genlib ] [ INFO ] ENTERED P
2026-04-23 20:50:50,369 [ genlib ] [ INFO ] Making atom pairs
2026-04-23 20:50:50,372 [ genlib ] [ INFO ] Updating bond lists
2026-04-23 20:50:50,372 [ genlib ] [ INFO ] Updating dihedrals
2026-04-23 20:50:50,372 [ genlib ] [ INFO ] Updating impropers
2026-04-23 20:50:50,372 [ genlib ] [ WARNING ] undefined
2026-04-23 20:50:50,373 [ genlib ] [ INFO ] Building library files for SER --> THR mutant
2026-04-23 20:50:50,373 [ genlib ] [ INFO ] reading rtp file "aminoacids.rtp"
2026-04-23 20:50:50,399 [ genlib ] [ INFO ] ENTERED SIMPLE
2026-04-23 20:50:50,399 [ genlib ] [ INFO ] Making atom pairs
2026-04-23 20:50:50,399 [ genlib ] [ INFO ] Searching branch 1
2026-04-23 20:50:50,399 [ genlib ] [ INFO ] Searching order 2
2026-04-23 20:50:50,399 [ genlib ] [ INFO ] Checking atom 1HB
2026-04-23 20:50:50,399 [ genlib ] [ INFO ] Define atom pair: SER|1HB|H1|H         - > THR|HB|H1|H          (d = 0.10 A)
2026-04-23 20:50:50,399 [ genlib ] [ INFO ] Checking atom 2HB
2026-04-23 20:50:50,399 [ genlib ] [ INFO ] Define atom pair: SER|2HB|H1|H         - > THR|CG2|CT|C.3       (d = 0.45 A)
2026-04-23 20:50:50,399 [ genlib ] [ INFO ] Checking atom OG
2026-04-23 20:50:50,399 [ genlib ] [ INFO ] Define atom pair: SER|OG|OH|O.3        - > THR|OG1|OH|O.3       (d = 0.18 A)
2026-04-23 20:50:50,399 [ genlib ] [ INFO ] Searching order 3
2026-04-23 20:50:50,399 [ genlib ] [ INFO ] Checking atom HG
2026-04-23 20:50:50,399 [ genlib ] [ INFO ] Define atom pair: SER|HG|HO|H          - > THR|HG1|HO|H         (d = 0.21 A)
2026-04-23 20:50:50,399 [ genlib ] [ INFO ] Searching order 4
2026-04-23 20:50:50,399 [ genlib ] [ INFO ] Searching order 5
2026-04-23 20:50:50,399 [ genlib ] [ INFO ] Searching order 6
2026-04-23 20:50:50,399 [ genlib ] [ INFO ] Searching order 7
2026-04-23 20:50:50,399 [ genlib ] [ INFO ] Searching branch 2
2026-04-23 20:50:50,399 [ genlib ] [ INFO ] Searching order 2
2026-04-23 20:50:50,399 [ genlib ] [ INFO ] Searching order 3
2026-04-23 20:50:50,399 [ genlib ] [ INFO ] Searching order 4
2026-04-23 20:50:50,399 [ genlib ] [ INFO ] Searching order 5
2026-04-23 20:50:50,399 [ genlib ] [ INFO ] Searching order 6
2026-04-23 20:50:50,399 [ genlib ] [ INFO ] Searching order 7
2026-04-23 20:50:50,400 [ genlib ] [ INFO ] Updating bond lists
2026-04-23 20:50:50,400 [ genlib ] [ INFO ] Updating dihedrals
2026-04-23 20:50:50,400 [ genlib ] [ INFO ] Updating impropers
2026-04-23 20:50:50,400 [ genlib ] [ INFO ] Building library files for SER --> TRP mutant
2026-04-23 20:50:50,401 [ genlib ] [ INFO ] reading rtp file "aminoacids.rtp"
2026-04-23 20:50:50,427 [ genlib ] [ INFO ] ENTERED RINGS
2026-04-23 20:50:50,427 [ genlib ] [ INFO ] Making atom pairs
2026-04-23 20:50:50,435 [ genlib ] [ INFO ] Updating bond lists
2026-04-23 20:50:50,435 [ genlib ] [ INFO ] Updating dihedrals
2026-04-23 20:50:50,435 [ genlib ] [ INFO ] Updating impropers
2026-04-23 20:50:50,435 [ genlib ] [ INFO ] Building library files for SER --> TYR mutant
2026-04-23 20:50:50,436 [ genlib ] [ INFO ] reading rtp file "aminoacids.rtp"
2026-04-23 20:50:50,462 [ genlib ] [ INFO ] ENTERED RINGS
2026-04-23 20:50:50,462 [ genlib ] [ INFO ] Making atom pairs
2026-04-23 20:50:50,467 [ genlib ] [ INFO ] Updating bond lists
2026-04-23 20:50:50,467 [ genlib ] [ INFO ] Updating dihedrals
2026-04-23 20:50:50,467 [ genlib ] [ INFO ] Updating impropers
2026-04-23 20:50:50,468 [ genlib ] [ INFO ] Building library files for SER --> VAL mutant
2026-04-23 20:50:50,469 [ genlib ] [ INFO ] reading rtp file "aminoacids.rtp"
2026-04-23 20:50:50,494 [ genlib ] [ INFO ] ENTERED SIMPLE
2026-04-23 20:50:50,494 [ genlib ] [ INFO ] Making atom pairs
2026-04-23 20:50:50,494 [ genlib ] [ INFO ] Searching branch 1
2026-04-23 20:50:50,494 [ genlib ] [ INFO ] Searching order 2
2026-04-23 20:50:50,494 [ genlib ] [ INFO ] Checking atom 1HB
2026-04-23 20:50:50,494 [ genlib ] [ INFO ] Define atom pair: SER|1HB|H1|H         - > VAL|HB|HC|H          (d = 0.04 A)
2026-04-23 20:50:50,494 [ genlib ] [ INFO ] Checking atom 2HB
2026-04-23 20:50:50,494 [ genlib ] [ INFO ] Define atom pair: SER|2HB|H1|H         - > VAL|CG1|CT|C.3       (d = 0.47 A)
2026-04-23 20:50:50,494 [ genlib ] [ INFO ] Checking atom OG
2026-04-23 20:50:50,494 [ genlib ] [ INFO ] Define atom pair: SER|OG|OH|O.3        - > VAL|CG2|CT|C.3       (d = 0.14 A)
2026-04-23 20:50:50,494 [ genlib ] [ INFO ] Searching order 3
2026-04-23 20:50:50,495 [ genlib ] [ INFO ] Checking atom HG
2026-04-23 20:50:50,495 [ genlib ] [ INFO ] Define atom pair: SER|HG|HO|H          - > VAL|1HG2|HC|H        (d = 0.25 A)
2026-04-23 20:50:50,495 [ genlib ] [ INFO ] Searching order 4
2026-04-23 20:50:50,495 [ genlib ] [ INFO ] Searching order 5
2026-04-23 20:50:50,495 [ genlib ] [ INFO ] Searching order 6
2026-04-23 20:50:50,495 [ genlib ] [ INFO ] Searching order 7
2026-04-23 20:50:50,495 [ genlib ] [ INFO ] Searching branch 2
2026-04-23 20:50:50,495 [ genlib ] [ INFO ] Searching order 2
2026-04-23 20:50:50,495 [ genlib ] [ INFO ] Searching order 3
2026-04-23 20:50:50,495 [ genlib ] [ INFO ] Searching order 4
2026-04-23 20:50:50,495 [ genlib ] [ INFO ] Searching order 5
2026-04-23 20:50:50,495 [ genlib ] [ INFO ] Searching order 6
2026-04-23 20:50:50,495 [ genlib ] [ INFO ] Searching order 7
2026-04-23 20:50:50,496 [ genlib ] [ INFO ] Updating bond lists
2026-04-23 20:50:50,496 [ genlib ] [ INFO ] Updating dihedrals
2026-04-23 20:50:50,496 [ genlib ] [ INFO ] Updating impropers
2026-04-23 20:50:50,497 [ genlib ] [ INFO ] Building library files for THR --> ALA mutant
2026-04-23 20:50:50,497 [ genlib ] [ INFO ] reading rtp file "aminoacids.rtp"
2026-04-23 20:50:50,523 [ genlib ] [ INFO ] ENTERED SIMPLE
2026-04-23 20:50:50,523 [ genlib ] [ INFO ] Making atom pairs
2026-04-23 20:50:50,523 [ genlib ] [ INFO ] Searching branch 1
2026-04-23 20:50:50,523 [ genlib ] [ INFO ] Searching order 2
2026-04-23 20:50:50,523 [ genlib ] [ INFO ] Checking atom HB
2026-04-23 20:50:50,523 [ genlib ] [ INFO ] Define atom pair: THR|HB|H1|H          - > ALA|2HB|HC|H         (d = 0.00 A)
2026-04-23 20:50:50,523 [ genlib ] [ INFO ] Checking atom OG1
2026-04-23 20:50:50,523 [ genlib ] [ INFO ] Define atom pair: THR|OG1|OH|O.3       - > ALA|1HB|HC|H         (d = 0.32 A)
2026-04-23 20:50:50,523 [ genlib ] [ INFO ] Checking atom CG2
2026-04-23 20:50:50,523 [ genlib ] [ INFO ] Define atom pair: THR|CG2|CT|C.3       - > ALA|3HB|HC|H         (d = 0.48 A)
2026-04-23 20:50:50,523 [ genlib ] [ INFO ] Searching order 3
2026-04-23 20:50:50,523 [ genlib ] [ INFO ] Checking atom HG1
2026-04-23 20:50:50,523 [ genlib ] [ INFO ] No partner found for atom HG1
2026-04-23 20:50:50,523 [ genlib ] [ INFO ] Checking atom 1HG2
2026-04-23 20:50:50,523 [ genlib ] [ INFO ] No partner found for atom 1HG2
2026-04-23 20:50:50,523 [ genlib ] [ INFO ] Checking atom 2HG2
2026-04-23 20:50:50,523 [ genlib ] [ INFO ] No partner found for atom 2HG2
2026-04-23 20:50:50,523 [ genlib ] [ INFO ] Checking atom 3HG2
2026-04-23 20:50:50,523 [ genlib ] [ INFO ] No partner found for atom 3HG2
2026-04-23 20:50:50,523 [ genlib ] [ INFO ] Searching order 4
2026-04-23 20:50:50,523 [ genlib ] [ INFO ] Searching order 5
2026-04-23 20:50:50,523 [ genlib ] [ INFO ] Searching order 6
2026-04-23 20:50:50,523 [ genlib ] [ INFO ] Searching order 7
2026-04-23 20:50:50,523 [ genlib ] [ INFO ] Searching branch 2
2026-04-23 20:50:50,523 [ genlib ] [ INFO ] Searching order 2
2026-04-23 20:50:50,523 [ genlib ] [ INFO ] Searching order 3
2026-04-23 20:50:50,523 [ genlib ] [ INFO ] Checking atom HG1
2026-04-23 20:50:50,523 [ genlib ] [ INFO ] No partner found for atom HG1
2026-04-23 20:50:50,523 [ genlib ] [ INFO ] Checking atom 1HG2
2026-04-23 20:50:50,523 [ genlib ] [ INFO ] No partner found for atom 1HG2
2026-04-23 20:50:50,523 [ genlib ] [ INFO ] Checking atom 2HG2
2026-04-23 20:50:50,523 [ genlib ] [ INFO ] No partner found for atom 2HG2
2026-04-23 20:50:50,523 [ genlib ] [ INFO ] Checking atom 3HG2
2026-04-23 20:50:50,523 [ genlib ] [ INFO ] No partner found for atom 3HG2
2026-04-23 20:50:50,523 [ genlib ] [ INFO ] Searching order 4
2026-04-23 20:50:50,523 [ genlib ] [ INFO ] Searching order 5
2026-04-23 20:50:50,523 [ genlib ] [ INFO ] Searching order 6
2026-04-23 20:50:50,523 [ genlib ] [ INFO ] Searching order 7
2026-04-23 20:50:50,523 [ genlib ] [ INFO ] Updating bond lists
2026-04-23 20:50:50,523 [ genlib ] [ INFO ] Updating dihedrals
2026-04-23 20:50:50,524 [ genlib ] [ INFO ] Updating impropers
2026-04-23 20:50:50,524 [ genlib ] [ INFO ] Building library files for THR --> ARG mutant
2026-04-23 20:50:50,525 [ genlib ] [ INFO ] reading rtp file "aminoacids.rtp"
2026-04-23 20:50:50,551 [ genlib ] [ INFO ] ENTERED SIMPLE
2026-04-23 20:50:50,551 [ genlib ] [ INFO ] Making atom pairs
2026-04-23 20:50:50,551 [ genlib ] [ INFO ] Searching branch 1
2026-04-23 20:50:50,551 [ genlib ] [ INFO ] Searching order 2
2026-04-23 20:50:50,551 [ genlib ] [ INFO ] Checking atom HB
2026-04-23 20:50:50,551 [ genlib ] [ INFO ] Define atom pair: THR|HB|H1|H          - > ARG|1HB|HC|H         (d = 0.03 A)
2026-04-23 20:50:50,551 [ genlib ] [ INFO ] Checking atom OG1
2026-04-23 20:50:50,551 [ genlib ] [ INFO ] Define atom pair: THR|OG1|OH|O.3       - > ARG|CG|CT|C.3        (d = 0.20 A)
2026-04-23 20:50:50,551 [ genlib ] [ INFO ] Checking atom CG2
2026-04-23 20:50:50,551 [ genlib ] [ INFO ] Define atom pair: THR|CG2|CT|C.3       - > ARG|2HB|HC|H         (d = 0.48 A)
2026-04-23 20:50:50,551 [ genlib ] [ INFO ] Searching order 3
2026-04-23 20:50:50,551 [ genlib ] [ INFO ] Checking atom HG1
2026-04-23 20:50:50,551 [ genlib ] [ INFO ] No partner found for atom HG1
2026-04-23 20:50:50,551 [ genlib ] [ INFO ] Checking atom 1HG2
2026-04-23 20:50:50,551 [ genlib ] [ INFO ] No partner found for atom 1HG2
2026-04-23 20:50:50,551 [ genlib ] [ INFO ] Checking atom 2HG2
2026-04-23 20:50:50,551 [ genlib ] [ INFO ] No partner found for atom 2HG2
2026-04-23 20:50:50,551 [ genlib ] [ INFO ] Checking atom 3HG2
2026-04-23 20:50:50,551 [ genlib ] [ INFO ] No partner found for atom 3HG2
2026-04-23 20:50:50,551 [ genlib ] [ INFO ] Searching order 4
2026-04-23 20:50:50,551 [ genlib ] [ INFO ] Searching order 5
2026-04-23 20:50:50,551 [ genlib ] [ INFO ] Searching order 6
2026-04-23 20:50:50,551 [ genlib ] [ INFO ] Searching order 7
2026-04-23 20:50:50,551 [ genlib ] [ INFO ] Searching branch 2
2026-04-23 20:50:50,551 [ genlib ] [ INFO ] Searching order 2
2026-04-23 20:50:50,551 [ genlib ] [ INFO ] Searching order 3
2026-04-23 20:50:50,551 [ genlib ] [ INFO ] Checking atom HG1
2026-04-23 20:50:50,551 [ genlib ] [ INFO ] No partner found for atom HG1
2026-04-23 20:50:50,551 [ genlib ] [ INFO ] Checking atom 1HG2
2026-04-23 20:50:50,551 [ genlib ] [ INFO ] No partner found for atom 1HG2
2026-04-23 20:50:50,551 [ genlib ] [ INFO ] Checking atom 2HG2
2026-04-23 20:50:50,551 [ genlib ] [ INFO ] No partner found for atom 2HG2
2026-04-23 20:50:50,551 [ genlib ] [ INFO ] Checking atom 3HG2
2026-04-23 20:50:50,551 [ genlib ] [ INFO ] No partner found for atom 3HG2
2026-04-23 20:50:50,551 [ genlib ] [ INFO ] Searching order 4
2026-04-23 20:50:50,551 [ genlib ] [ INFO ] Searching order 5
2026-04-23 20:50:50,551 [ genlib ] [ INFO ] Searching order 6
2026-04-23 20:50:50,551 [ genlib ] [ INFO ] Searching order 7
2026-04-23 20:50:50,557 [ genlib ] [ INFO ] Updating bond lists
2026-04-23 20:50:50,558 [ genlib ] [ INFO ] Updating dihedrals
2026-04-23 20:50:50,558 [ genlib ] [ INFO ] Updating impropers
2026-04-23 20:50:50,558 [ genlib ] [ INFO ] Building library files for THR --> ASH mutant
2026-04-23 20:50:50,559 [ genlib ] [ INFO ] reading rtp file "aminoacids.rtp"
2026-04-23 20:50:50,585 [ genlib ] [ INFO ] ENTERED SIMPLE
2026-04-23 20:50:50,585 [ genlib ] [ INFO ] Making atom pairs
2026-04-23 20:50:50,585 [ genlib ] [ INFO ] Searching branch 1
2026-04-23 20:50:50,585 [ genlib ] [ INFO ] Searching order 2
2026-04-23 20:50:50,585 [ genlib ] [ INFO ] Checking atom HB
2026-04-23 20:50:50,585 [ genlib ] [ INFO ] Define atom pair: THR|HB|H1|H          - > ASH|1HB|HC|H         (d = 0.11 A)
2026-04-23 20:50:50,585 [ genlib ] [ INFO ] Checking atom OG1
2026-04-23 20:50:50,585 [ genlib ] [ INFO ] Define atom pair: THR|OG1|OH|O.3       - > ASH|CG|C|C.2         (d = 0.17 A)
2026-04-23 20:50:50,585 [ genlib ] [ INFO ] Checking atom CG2
2026-04-23 20:50:50,585 [ genlib ] [ INFO ] No partner found for atom CG2
2026-04-23 20:50:50,585 [ genlib ] [ INFO ] Searching order 3
2026-04-23 20:50:50,585 [ genlib ] [ INFO ] Checking atom HG1
2026-04-23 20:50:50,585 [ genlib ] [ INFO ] Define atom pair: THR|HG1|HO|H         - > ASH|OD1|O|O.co2      (d = 0.44 A)
2026-04-23 20:50:50,585 [ genlib ] [ INFO ] Searching order 4
2026-04-23 20:50:50,585 [ genlib ] [ INFO ] Searching order 5
2026-04-23 20:50:50,585 [ genlib ] [ INFO ] Searching order 6
2026-04-23 20:50:50,585 [ genlib ] [ INFO ] Searching order 7
2026-04-23 20:50:50,585 [ genlib ] [ INFO ] Searching branch 2
2026-04-23 20:50:50,585 [ genlib ] [ INFO ] Searching order 2
2026-04-23 20:50:50,585 [ genlib ] [ INFO ] Checking atom CG2
2026-04-23 20:50:50,585 [ genlib ] [ INFO ] No partner found for atom CG2
2026-04-23 20:50:50,585 [ genlib ] [ INFO ] Searching order 3
2026-04-23 20:50:50,585 [ genlib ] [ INFO ] Searching order 4
2026-04-23 20:50:50,585 [ genlib ] [ INFO ] Searching order 5
2026-04-23 20:50:50,585 [ genlib ] [ INFO ] Searching order 6
2026-04-23 20:50:50,585 [ genlib ] [ INFO ] Searching order 7
2026-04-23 20:50:50,586 [ genlib ] [ INFO ] Updating bond lists
2026-04-23 20:50:50,586 [ genlib ] [ INFO ] Updating dihedrals
2026-04-23 20:50:50,586 [ genlib ] [ INFO ] Updating impropers
2026-04-23 20:50:50,586 [ genlib ] [ INFO ] Building library files for THR --> ASN mutant
2026-04-23 20:50:50,587 [ genlib ] [ INFO ] reading rtp file "aminoacids.rtp"
2026-04-23 20:50:50,614 [ genlib ] [ INFO ] ENTERED SIMPLE
2026-04-23 20:50:50,614 [ genlib ] [ INFO ] Making atom pairs
2026-04-23 20:50:50,614 [ genlib ] [ INFO ] Searching branch 1
2026-04-23 20:50:50,614 [ genlib ] [ INFO ] Searching order 2
2026-04-23 20:50:50,614 [ genlib ] [ INFO ] Checking atom HB
2026-04-23 20:50:50,614 [ genlib ] [ INFO ] Define atom pair: THR|HB|H1|H          - > ASN|1HB|HC|H         (d = 0.16 A)
2026-04-23 20:50:50,614 [ genlib ] [ INFO ] Checking atom OG1
2026-04-23 20:50:50,614 [ genlib ] [ INFO ] Define atom pair: THR|OG1|OH|O.3       - > ASN|CG|C|C.2         (d = 0.26 A)
2026-04-23 20:50:50,614 [ genlib ] [ INFO ] Checking atom CG2
2026-04-23 20:50:50,615 [ genlib ] [ INFO ] Define atom pair: THR|CG2|CT|C.3       - > ASN|2HB|HC|H         (d = 0.49 A)
2026-04-23 20:50:50,615 [ genlib ] [ INFO ] Searching order 3
2026-04-23 20:50:50,615 [ genlib ] [ INFO ] Checking atom HG1
2026-04-23 20:50:50,615 [ genlib ] [ INFO ] Define atom pair: THR|HG1|HO|H         - > ASN|OD1|O|O.2        (d = 0.55 A)
2026-04-23 20:50:50,615 [ genlib ] [ INFO ] Checking atom 1HG2
2026-04-23 20:50:50,615 [ genlib ] [ INFO ] No partner found for atom 1HG2
2026-04-23 20:50:50,615 [ genlib ] [ INFO ] Checking atom 2HG2
2026-04-23 20:50:50,615 [ genlib ] [ INFO ] No partner found for atom 2HG2
2026-04-23 20:50:50,615 [ genlib ] [ INFO ] Checking atom 3HG2
2026-04-23 20:50:50,615 [ genlib ] [ INFO ] No partner found for atom 3HG2
2026-04-23 20:50:50,615 [ genlib ] [ INFO ] Searching order 4
2026-04-23 20:50:50,615 [ genlib ] [ INFO ] Searching order 5
2026-04-23 20:50:50,615 [ genlib ] [ INFO ] Searching order 6
2026-04-23 20:50:50,615 [ genlib ] [ INFO ] Searching order 7
2026-04-23 20:50:50,615 [ genlib ] [ INFO ] Searching branch 2
2026-04-23 20:50:50,615 [ genlib ] [ INFO ] Searching order 2
2026-04-23 20:50:50,615 [ genlib ] [ INFO ] Searching order 3
2026-04-23 20:50:50,615 [ genlib ] [ INFO ] Checking atom 1HG2
2026-04-23 20:50:50,615 [ genlib ] [ INFO ] No partner found for atom 1HG2
2026-04-23 20:50:50,615 [ genlib ] [ INFO ] Checking atom 2HG2
2026-04-23 20:50:50,615 [ genlib ] [ INFO ] No partner found for atom 2HG2
2026-04-23 20:50:50,615 [ genlib ] [ INFO ] Checking atom 3HG2
2026-04-23 20:50:50,615 [ genlib ] [ INFO ] No partner found for atom 3HG2
2026-04-23 20:50:50,615 [ genlib ] [ INFO ] Searching order 4
2026-04-23 20:50:50,615 [ genlib ] [ INFO ] Searching order 5
2026-04-23 20:50:50,615 [ genlib ] [ INFO ] Searching order 6
2026-04-23 20:50:50,615 [ genlib ] [ INFO ] Searching order 7
2026-04-23 20:50:50,616 [ genlib ] [ INFO ] Updating bond lists
2026-04-23 20:50:50,616 [ genlib ] [ INFO ] Updating dihedrals
2026-04-23 20:50:50,616 [ genlib ] [ INFO ] Updating impropers
2026-04-23 20:50:50,616 [ genlib ] [ INFO ] Building library files for THR --> ASP mutant
2026-04-23 20:50:50,617 [ genlib ] [ INFO ] reading rtp file "aminoacids.rtp"
2026-04-23 20:50:50,643 [ genlib ] [ INFO ] ENTERED SIMPLE
2026-04-23 20:50:50,644 [ genlib ] [ INFO ] Making atom pairs
2026-04-23 20:50:50,644 [ genlib ] [ INFO ] Searching branch 1
2026-04-23 20:50:50,644 [ genlib ] [ INFO ] Searching order 2
2026-04-23 20:50:50,644 [ genlib ] [ INFO ] Checking atom HB
2026-04-23 20:50:50,644 [ genlib ] [ INFO ] Define atom pair: THR|HB|H1|H          - > ASP|1HB|HC|H         (d = 0.08 A)
2026-04-23 20:50:50,644 [ genlib ] [ INFO ] Checking atom OG1
2026-04-23 20:50:50,644 [ genlib ] [ INFO ] Define atom pair: THR|OG1|OH|O.3       - > ASP|CG|C|C.2         (d = 0.17 A)
2026-04-23 20:50:50,644 [ genlib ] [ INFO ] Checking atom CG2
2026-04-23 20:50:50,644 [ genlib ] [ INFO ] Define atom pair: THR|CG2|CT|C.3       - > ASP|2HB|HC|H         (d = 0.47 A)
2026-04-23 20:50:50,644 [ genlib ] [ INFO ] Searching order 3
2026-04-23 20:50:50,644 [ genlib ] [ INFO ] Checking atom HG1
2026-04-23 20:50:50,644 [ genlib ] [ INFO ] Define atom pair: THR|HG1|HO|H         - > ASP|OD1|O2|O.co2     (d = 0.44 A)
2026-04-23 20:50:50,644 [ genlib ] [ INFO ] Checking atom 1HG2
2026-04-23 20:50:50,644 [ genlib ] [ INFO ] No partner found for atom 1HG2
2026-04-23 20:50:50,644 [ genlib ] [ INFO ] Checking atom 2HG2
2026-04-23 20:50:50,644 [ genlib ] [ INFO ] No partner found for atom 2HG2
2026-04-23 20:50:50,644 [ genlib ] [ INFO ] Checking atom 3HG2
2026-04-23 20:50:50,644 [ genlib ] [ INFO ] No partner found for atom 3HG2
2026-04-23 20:50:50,644 [ genlib ] [ INFO ] Searching order 4
2026-04-23 20:50:50,644 [ genlib ] [ INFO ] Searching order 5
2026-04-23 20:50:50,644 [ genlib ] [ INFO ] Searching order 6
2026-04-23 20:50:50,644 [ genlib ] [ INFO ] Searching order 7
2026-04-23 20:50:50,644 [ genlib ] [ INFO ] Searching branch 2
2026-04-23 20:50:50,644 [ genlib ] [ INFO ] Searching order 2
2026-04-23 20:50:50,644 [ genlib ] [ INFO ] Searching order 3
2026-04-23 20:50:50,644 [ genlib ] [ INFO ] Checking atom 1HG2
2026-04-23 20:50:50,644 [ genlib ] [ INFO ] No partner found for atom 1HG2
2026-04-23 20:50:50,644 [ genlib ] [ INFO ] Checking atom 2HG2
2026-04-23 20:50:50,644 [ genlib ] [ INFO ] No partner found for atom 2HG2
2026-04-23 20:50:50,644 [ genlib ] [ INFO ] Checking atom 3HG2
2026-04-23 20:50:50,644 [ genlib ] [ INFO ] No partner found for atom 3HG2
2026-04-23 20:50:50,644 [ genlib ] [ INFO ] Searching order 4
2026-04-23 20:50:50,644 [ genlib ] [ INFO ] Searching order 5
2026-04-23 20:50:50,644 [ genlib ] [ INFO ] Searching order 6
2026-04-23 20:50:50,644 [ genlib ] [ INFO ] Searching order 7
2026-04-23 20:50:50,644 [ genlib ] [ INFO ] Updating bond lists
2026-04-23 20:50:50,645 [ genlib ] [ INFO ] Updating dihedrals
2026-04-23 20:50:50,645 [ genlib ] [ INFO ] Updating impropers
2026-04-23 20:50:50,645 [ genlib ] [ INFO ] Building library files for THR --> CYS mutant
2026-04-23 20:50:50,645 [ genlib ] [ INFO ] reading rtp file "aminoacids.rtp"
2026-04-23 20:50:50,672 [ genlib ] [ INFO ] ENTERED SIMPLE
2026-04-23 20:50:50,672 [ genlib ] [ INFO ] Making atom pairs
2026-04-23 20:50:50,672 [ genlib ] [ INFO ] Searching branch 1
2026-04-23 20:50:50,672 [ genlib ] [ INFO ] Searching order 2
2026-04-23 20:50:50,672 [ genlib ] [ INFO ] Checking atom HB
2026-04-23 20:50:50,672 [ genlib ] [ INFO ] Define atom pair: THR|HB|H1|H          - > CYS|1HB|H1|H         (d = 0.01 A)
2026-04-23 20:50:50,672 [ genlib ] [ INFO ] Checking atom OG1
2026-04-23 20:50:50,672 [ genlib ] [ INFO ] Define atom pair: THR|OG1|OH|O.3       - > CYS|SG|SH|S.3        (d = 0.41 A)
2026-04-23 20:50:50,672 [ genlib ] [ INFO ] Checking atom CG2
2026-04-23 20:50:50,672 [ genlib ] [ INFO ] Define atom pair: THR|CG2|CT|C.3       - > CYS|2HB|H1|H         (d = 0.48 A)
2026-04-23 20:50:50,672 [ genlib ] [ INFO ] Searching order 3
2026-04-23 20:50:50,672 [ genlib ] [ INFO ] Checking atom HG1
2026-04-23 20:50:50,672 [ genlib ] [ INFO ] Define atom pair: THR|HG1|HO|H         - > CYS|HG|HS|H          (d = 0.46 A)
2026-04-23 20:50:50,672 [ genlib ] [ INFO ] Checking atom 1HG2
2026-04-23 20:50:50,672 [ genlib ] [ INFO ] No partner found for atom 1HG2
2026-04-23 20:50:50,672 [ genlib ] [ INFO ] Checking atom 2HG2
2026-04-23 20:50:50,672 [ genlib ] [ INFO ] No partner found for atom 2HG2
2026-04-23 20:50:50,672 [ genlib ] [ INFO ] Checking atom 3HG2
2026-04-23 20:50:50,672 [ genlib ] [ INFO ] No partner found for atom 3HG2
2026-04-23 20:50:50,672 [ genlib ] [ INFO ] Searching order 4
2026-04-23 20:50:50,672 [ genlib ] [ INFO ] Searching order 5
2026-04-23 20:50:50,672 [ genlib ] [ INFO ] Searching order 6
2026-04-23 20:50:50,672 [ genlib ] [ INFO ] Searching order 7
2026-04-23 20:50:50,672 [ genlib ] [ INFO ] Searching branch 2
2026-04-23 20:50:50,672 [ genlib ] [ INFO ] Searching order 2
2026-04-23 20:50:50,672 [ genlib ] [ INFO ] Searching order 3
2026-04-23 20:50:50,672 [ genlib ] [ INFO ] Checking atom 1HG2
2026-04-23 20:50:50,672 [ genlib ] [ INFO ] No partner found for atom 1HG2
2026-04-23 20:50:50,672 [ genlib ] [ INFO ] Checking atom 2HG2
2026-04-23 20:50:50,672 [ genlib ] [ INFO ] No partner found for atom 2HG2
2026-04-23 20:50:50,672 [ genlib ] [ INFO ] Checking atom 3HG2
2026-04-23 20:50:50,672 [ genlib ] [ INFO ] No partner found for atom 3HG2
2026-04-23 20:50:50,672 [ genlib ] [ INFO ] Searching order 4
2026-04-23 20:50:50,672 [ genlib ] [ INFO ] Searching order 5
2026-04-23 20:50:50,672 [ genlib ] [ INFO ] Searching order 6
2026-04-23 20:50:50,672 [ genlib ] [ INFO ] Searching order 7
2026-04-23 20:50:50,672 [ genlib ] [ INFO ] Updating bond lists
2026-04-23 20:50:50,672 [ genlib ] [ INFO ] Updating dihedrals
2026-04-23 20:50:50,672 [ genlib ] [ INFO ] Updating impropers
2026-04-23 20:50:50,673 [ genlib ] [ INFO ] Building library files for THR --> GLH mutant
2026-04-23 20:50:50,673 [ genlib ] [ INFO ] reading rtp file "aminoacids.rtp"
2026-04-23 20:50:50,699 [ genlib ] [ INFO ] ENTERED SIMPLE
2026-04-23 20:50:50,699 [ genlib ] [ INFO ] Making atom pairs
2026-04-23 20:50:50,699 [ genlib ] [ INFO ] Searching branch 1
2026-04-23 20:50:50,699 [ genlib ] [ INFO ] Searching order 2
2026-04-23 20:50:50,699 [ genlib ] [ INFO ] Checking atom HB
2026-04-23 20:50:50,699 [ genlib ] [ INFO ] Define atom pair: THR|HB|H1|H          - > GLH|1HB|HC|H         (d = 0.18 A)
2026-04-23 20:50:50,699 [ genlib ] [ INFO ] Checking atom OG1
2026-04-23 20:50:50,699 [ genlib ] [ INFO ] Define atom pair: THR|OG1|OH|O.3       - > GLH|CG|CT|C.3        (d = 0.32 A)
2026-04-23 20:50:50,699 [ genlib ] [ INFO ] Checking atom CG2
2026-04-23 20:50:50,699 [ genlib ] [ INFO ] Define atom pair: THR|CG2|CT|C.3       - > GLH|2HB|HC|H         (d = 0.54 A)
2026-04-23 20:50:50,699 [ genlib ] [ INFO ] Searching order 3
2026-04-23 20:50:50,699 [ genlib ] [ INFO ] Checking atom HG1
2026-04-23 20:50:50,699 [ genlib ] [ INFO ] No partner found for atom HG1
2026-04-23 20:50:50,699 [ genlib ] [ INFO ] Checking atom 1HG2
2026-04-23 20:50:50,699 [ genlib ] [ INFO ] No partner found for atom 1HG2
2026-04-23 20:50:50,699 [ genlib ] [ INFO ] Checking atom 2HG2
2026-04-23 20:50:50,699 [ genlib ] [ INFO ] No partner found for atom 2HG2
2026-04-23 20:50:50,699 [ genlib ] [ INFO ] Checking atom 3HG2
2026-04-23 20:50:50,699 [ genlib ] [ INFO ] No partner found for atom 3HG2
2026-04-23 20:50:50,699 [ genlib ] [ INFO ] Searching order 4
2026-04-23 20:50:50,699 [ genlib ] [ INFO ] Searching order 5
2026-04-23 20:50:50,699 [ genlib ] [ INFO ] Searching order 6
2026-04-23 20:50:50,699 [ genlib ] [ INFO ] Searching order 7
2026-04-23 20:50:50,699 [ genlib ] [ INFO ] Searching branch 2
2026-04-23 20:50:50,699 [ genlib ] [ INFO ] Searching order 2
2026-04-23 20:50:50,699 [ genlib ] [ INFO ] Searching order 3
2026-04-23 20:50:50,699 [ genlib ] [ INFO ] Checking atom HG1
2026-04-23 20:50:50,699 [ genlib ] [ INFO ] No partner found for atom HG1
2026-04-23 20:50:50,700 [ genlib ] [ INFO ] Checking atom 1HG2
2026-04-23 20:50:50,700 [ genlib ] [ INFO ] No partner found for atom 1HG2
2026-04-23 20:50:50,700 [ genlib ] [ INFO ] Checking atom 2HG2
2026-04-23 20:50:50,700 [ genlib ] [ INFO ] No partner found for atom 2HG2
2026-04-23 20:50:50,700 [ genlib ] [ INFO ] Checking atom 3HG2
2026-04-23 20:50:50,700 [ genlib ] [ INFO ] No partner found for atom 3HG2
2026-04-23 20:50:50,700 [ genlib ] [ INFO ] Searching order 4
2026-04-23 20:50:50,700 [ genlib ] [ INFO ] Searching order 5
2026-04-23 20:50:50,700 [ genlib ] [ INFO ] Searching order 6
2026-04-23 20:50:50,700 [ genlib ] [ INFO ] Searching order 7
2026-04-23 20:50:50,702 [ genlib ] [ INFO ] Updating bond lists
2026-04-23 20:50:50,702 [ genlib ] [ INFO ] Updating dihedrals
2026-04-23 20:50:50,702 [ genlib ] [ INFO ] Updating impropers
2026-04-23 20:50:50,702 [ genlib ] [ INFO ] Building library files for THR --> GLN mutant
2026-04-23 20:50:50,703 [ genlib ] [ INFO ] reading rtp file "aminoacids.rtp"
2026-04-23 20:50:50,729 [ genlib ] [ INFO ] ENTERED SIMPLE
2026-04-23 20:50:50,729 [ genlib ] [ INFO ] Making atom pairs
2026-04-23 20:50:50,729 [ genlib ] [ INFO ] Searching branch 1
2026-04-23 20:50:50,729 [ genlib ] [ INFO ] Searching order 2
2026-04-23 20:50:50,729 [ genlib ] [ INFO ] Checking atom HB
2026-04-23 20:50:50,729 [ genlib ] [ INFO ] Define atom pair: THR|HB|H1|H          - > GLN|1HB|HC|H         (d = 0.06 A)
2026-04-23 20:50:50,729 [ genlib ] [ INFO ] Checking atom OG1
2026-04-23 20:50:50,729 [ genlib ] [ INFO ] Define atom pair: THR|OG1|OH|O.3       - > GLN|CG|CT|C.3        (d = 0.19 A)
2026-04-23 20:50:50,729 [ genlib ] [ INFO ] Checking atom CG2
2026-04-23 20:50:50,729 [ genlib ] [ INFO ] Define atom pair: THR|CG2|CT|C.3       - > GLN|2HB|HC|H         (d = 0.47 A)
2026-04-23 20:50:50,729 [ genlib ] [ INFO ] Searching order 3
2026-04-23 20:50:50,729 [ genlib ] [ INFO ] Checking atom HG1
2026-04-23 20:50:50,729 [ genlib ] [ INFO ] No partner found for atom HG1
2026-04-23 20:50:50,729 [ genlib ] [ INFO ] Checking atom 1HG2
2026-04-23 20:50:50,729 [ genlib ] [ INFO ] No partner found for atom 1HG2
2026-04-23 20:50:50,729 [ genlib ] [ INFO ] Checking atom 2HG2
2026-04-23 20:50:50,729 [ genlib ] [ INFO ] No partner found for atom 2HG2
2026-04-23 20:50:50,729 [ genlib ] [ INFO ] Checking atom 3HG2
2026-04-23 20:50:50,729 [ genlib ] [ INFO ] No partner found for atom 3HG2
2026-04-23 20:50:50,729 [ genlib ] [ INFO ] Searching order 4
2026-04-23 20:50:50,729 [ genlib ] [ INFO ] Searching order 5
2026-04-23 20:50:50,729 [ genlib ] [ INFO ] Searching order 6
2026-04-23 20:50:50,729 [ genlib ] [ INFO ] Searching order 7
2026-04-23 20:50:50,729 [ genlib ] [ INFO ] Searching branch 2
2026-04-23 20:50:50,730 [ genlib ] [ INFO ] Searching order 2
2026-04-23 20:50:50,730 [ genlib ] [ INFO ] Searching order 3
2026-04-23 20:50:50,730 [ genlib ] [ INFO ] Checking atom HG1
2026-04-23 20:50:50,730 [ genlib ] [ INFO ] No partner found for atom HG1
2026-04-23 20:50:50,730 [ genlib ] [ INFO ] Checking atom 1HG2
2026-04-23 20:50:50,730 [ genlib ] [ INFO ] No partner found for atom 1HG2
2026-04-23 20:50:50,730 [ genlib ] [ INFO ] Checking atom 2HG2
2026-04-23 20:50:50,730 [ genlib ] [ INFO ] No partner found for atom 2HG2
2026-04-23 20:50:50,730 [ genlib ] [ INFO ] Checking atom 3HG2
2026-04-23 20:50:50,730 [ genlib ] [ INFO ] No partner found for atom 3HG2
2026-04-23 20:50:50,730 [ genlib ] [ INFO ] Searching order 4
2026-04-23 20:50:50,730 [ genlib ] [ INFO ] Searching order 5
2026-04-23 20:50:50,730 [ genlib ] [ INFO ] Searching order 6
2026-04-23 20:50:50,730 [ genlib ] [ INFO ] Searching order 7
2026-04-23 20:50:50,732 [ genlib ] [ INFO ] Updating bond lists
2026-04-23 20:50:50,732 [ genlib ] [ INFO ] Updating dihedrals
2026-04-23 20:50:50,732 [ genlib ] [ INFO ] Updating impropers
2026-04-23 20:50:50,732 [ genlib ] [ INFO ] Building library files for THR --> GLU mutant
2026-04-23 20:50:50,733 [ genlib ] [ INFO ] reading rtp file "aminoacids.rtp"
2026-04-23 20:50:50,759 [ genlib ] [ INFO ] ENTERED SIMPLE
2026-04-23 20:50:50,759 [ genlib ] [ INFO ] Making atom pairs
2026-04-23 20:50:50,759 [ genlib ] [ INFO ] Searching branch 1
2026-04-23 20:50:50,759 [ genlib ] [ INFO ] Searching order 2
2026-04-23 20:50:50,759 [ genlib ] [ INFO ] Checking atom HB
2026-04-23 20:50:50,759 [ genlib ] [ INFO ] Define atom pair: THR|HB|H1|H          - > GLU|1HB|HC|H         (d = 0.15 A)
2026-04-23 20:50:50,759 [ genlib ] [ INFO ] Checking atom OG1
2026-04-23 20:50:50,759 [ genlib ] [ INFO ] Define atom pair: THR|OG1|OH|O.3       - > GLU|CG|CT|C.3        (d = 0.32 A)
2026-04-23 20:50:50,759 [ genlib ] [ INFO ] Checking atom CG2
2026-04-23 20:50:50,759 [ genlib ] [ INFO ] Define atom pair: THR|CG2|CT|C.3       - > GLU|2HB|HC|H         (d = 0.47 A)
2026-04-23 20:50:50,759 [ genlib ] [ INFO ] Searching order 3
2026-04-23 20:50:50,759 [ genlib ] [ INFO ] Checking atom HG1
2026-04-23 20:50:50,759 [ genlib ] [ INFO ] No partner found for atom HG1
2026-04-23 20:50:50,759 [ genlib ] [ INFO ] Checking atom 1HG2
2026-04-23 20:50:50,759 [ genlib ] [ INFO ] No partner found for atom 1HG2
2026-04-23 20:50:50,759 [ genlib ] [ INFO ] Checking atom 2HG2
2026-04-23 20:50:50,759 [ genlib ] [ INFO ] No partner found for atom 2HG2
2026-04-23 20:50:50,759 [ genlib ] [ INFO ] Checking atom 3HG2
2026-04-23 20:50:50,759 [ genlib ] [ INFO ] No partner found for atom 3HG2
2026-04-23 20:50:50,759 [ genlib ] [ INFO ] Searching order 4
2026-04-23 20:50:50,759 [ genlib ] [ INFO ] Searching order 5
2026-04-23 20:50:50,759 [ genlib ] [ INFO ] Searching order 6
2026-04-23 20:50:50,759 [ genlib ] [ INFO ] Searching order 7
2026-04-23 20:50:50,759 [ genlib ] [ INFO ] Searching branch 2
2026-04-23 20:50:50,759 [ genlib ] [ INFO ] Searching order 2
2026-04-23 20:50:50,759 [ genlib ] [ INFO ] Searching order 3
2026-04-23 20:50:50,759 [ genlib ] [ INFO ] Checking atom HG1
2026-04-23 20:50:50,759 [ genlib ] [ INFO ] No partner found for atom HG1
2026-04-23 20:50:50,759 [ genlib ] [ INFO ] Checking atom 1HG2
2026-04-23 20:50:50,759 [ genlib ] [ INFO ] No partner found for atom 1HG2
2026-04-23 20:50:50,759 [ genlib ] [ INFO ] Checking atom 2HG2
2026-04-23 20:50:50,759 [ genlib ] [ INFO ] No partner found for atom 2HG2
2026-04-23 20:50:50,759 [ genlib ] [ INFO ] Checking atom 3HG2
2026-04-23 20:50:50,759 [ genlib ] [ INFO ] No partner found for atom 3HG2
2026-04-23 20:50:50,759 [ genlib ] [ INFO ] Searching order 4
2026-04-23 20:50:50,759 [ genlib ] [ INFO ] Searching order 5
2026-04-23 20:50:50,759 [ genlib ] [ INFO ] Searching order 6
2026-04-23 20:50:50,759 [ genlib ] [ INFO ] Searching order 7
2026-04-23 20:50:50,761 [ genlib ] [ INFO ] Updating bond lists
2026-04-23 20:50:50,761 [ genlib ] [ INFO ] Updating dihedrals
2026-04-23 20:50:50,761 [ genlib ] [ INFO ] Updating impropers
2026-04-23 20:50:50,762 [ genlib ] [ INFO ] Building library files for THR --> GLY mutant
2026-04-23 20:50:50,762 [ genlib ] [ INFO ] reading rtp file "aminoacids.rtp"
2026-04-23 20:50:50,788 [ genlib ] [ INFO ] ENTERED G
2026-04-23 20:50:50,788 [ genlib ] [ INFO ] Making atom pairs
2026-04-23 20:50:50,789 [ genlib ] [ INFO ] Updating bond lists
2026-04-23 20:50:50,789 [ genlib ] [ INFO ] Updating dihedrals
2026-04-23 20:50:50,789 [ genlib ] [ INFO ] Updating impropers
2026-04-23 20:50:50,789 [ genlib ] [ WARNING ] undefined
2026-04-23 20:50:50,790 [ genlib ] [ INFO ] Building library files for THR --> HID mutant
2026-04-23 20:50:50,790 [ genlib ] [ INFO ] reading rtp file "aminoacids.rtp"
2026-04-23 20:50:50,816 [ genlib ] [ INFO ] ENTERED T,A,V,I
2026-04-23 20:50:50,816 [ genlib ] [ INFO ] Making atom pairs
2026-04-23 20:50:50,819 [ genlib ] [ INFO ] Updating bond lists
2026-04-23 20:50:50,819 [ genlib ] [ INFO ] Updating dihedrals
2026-04-23 20:50:50,819 [ genlib ] [ INFO ] Updating impropers
2026-04-23 20:50:50,820 [ genlib ] [ INFO ] Building library files for THR --> HIE mutant
2026-04-23 20:50:50,820 [ genlib ] [ INFO ] reading rtp file "aminoacids.rtp"
2026-04-23 20:50:50,846 [ genlib ] [ INFO ] ENTERED T,A,V,I
2026-04-23 20:50:50,846 [ genlib ] [ INFO ] Making atom pairs
2026-04-23 20:50:50,849 [ genlib ] [ INFO ] Updating bond lists
2026-04-23 20:50:50,852 [ genlib ] [ INFO ] Updating dihedrals
2026-04-23 20:50:50,852 [ genlib ] [ INFO ] Updating impropers
2026-04-23 20:50:50,852 [ genlib ] [ INFO ] Building library files for THR --> HIP mutant
2026-04-23 20:50:50,853 [ genlib ] [ INFO ] reading rtp file "aminoacids.rtp"
2026-04-23 20:50:50,879 [ genlib ] [ INFO ] ENTERED T,A,V,I
2026-04-23 20:50:50,879 [ genlib ] [ INFO ] Making atom pairs
2026-04-23 20:50:50,883 [ genlib ] [ INFO ] Updating bond lists
2026-04-23 20:50:50,883 [ genlib ] [ INFO ] Updating dihedrals
2026-04-23 20:50:50,883 [ genlib ] [ INFO ] Updating impropers
2026-04-23 20:50:50,883 [ genlib ] [ INFO ] Building library files for THR --> ILE mutant
2026-04-23 20:50:50,884 [ genlib ] [ INFO ] reading rtp file "aminoacids.rtp"
2026-04-23 20:50:50,909 [ genlib ] [ INFO ] ENTERED SIMPLE
2026-04-23 20:50:50,909 [ genlib ] [ INFO ] Making atom pairs
2026-04-23 20:50:50,909 [ genlib ] [ INFO ] Searching branch 1
2026-04-23 20:50:50,909 [ genlib ] [ INFO ] Searching order 2
2026-04-23 20:50:50,909 [ genlib ] [ INFO ] Checking atom HB
2026-04-23 20:50:50,909 [ genlib ] [ INFO ] Define atom pair: THR|HB|H1|H          - > ILE|HB|HC|H          (d = 0.09 A)
2026-04-23 20:50:50,909 [ genlib ] [ INFO ] Checking atom OG1
2026-04-23 20:50:50,909 [ genlib ] [ INFO ] Define atom pair: THR|OG1|OH|O.3       - > ILE|CG1|CT|C.3       (d = 0.22 A)
2026-04-23 20:50:50,909 [ genlib ] [ INFO ] Checking atom CG2
2026-04-23 20:50:50,909 [ genlib ] [ INFO ] Define atom pair: THR|CG2|CT|C.3       - > ILE|CG2|CT|C.3       (d = 0.25 A)
2026-04-23 20:50:50,909 [ genlib ] [ INFO ] Searching order 3
2026-04-23 20:50:50,909 [ genlib ] [ INFO ] Checking atom HG1
2026-04-23 20:50:50,909 [ genlib ] [ INFO ] No partner found for atom HG1
2026-04-23 20:50:50,909 [ genlib ] [ INFO ] Checking atom 1HG2
2026-04-23 20:50:50,909 [ genlib ] [ INFO ] Define atom pair: THR|1HG2|HC|H        - > ILE|1HG2|HC|H        (d = 0.34 A)
2026-04-23 20:50:50,909 [ genlib ] [ INFO ] Checking atom 2HG2
2026-04-23 20:50:50,909 [ genlib ] [ INFO ] Define atom pair: THR|2HG2|HC|H        - > ILE|2HG2|HC|H        (d = 0.33 A)
2026-04-23 20:50:50,909 [ genlib ] [ INFO ] Checking atom 3HG2
2026-04-23 20:50:50,909 [ genlib ] [ INFO ] Define atom pair: THR|3HG2|HC|H        - > ILE|3HG2|HC|H        (d = 0.32 A)
2026-04-23 20:50:50,909 [ genlib ] [ INFO ] Searching order 4
2026-04-23 20:50:50,909 [ genlib ] [ INFO ] Searching order 5
2026-04-23 20:50:50,909 [ genlib ] [ INFO ] Searching order 6
2026-04-23 20:50:50,909 [ genlib ] [ INFO ] Searching order 7
2026-04-23 20:50:50,909 [ genlib ] [ INFO ] Searching branch 2
2026-04-23 20:50:50,909 [ genlib ] [ INFO ] Searching order 2
2026-04-23 20:50:50,910 [ genlib ] [ INFO ] Searching order 3
2026-04-23 20:50:50,910 [ genlib ] [ INFO ] Checking atom HG1
2026-04-23 20:50:50,910 [ genlib ] [ INFO ] No partner found for atom HG1
2026-04-23 20:50:50,910 [ genlib ] [ INFO ] Searching order 4
2026-04-23 20:50:50,910 [ genlib ] [ INFO ] Searching order 5
2026-04-23 20:50:50,910 [ genlib ] [ INFO ] Searching order 6
2026-04-23 20:50:50,910 [ genlib ] [ INFO ] Searching order 7
2026-04-23 20:50:50,912 [ genlib ] [ INFO ] Updating bond lists
2026-04-23 20:50:50,912 [ genlib ] [ INFO ] Updating dihedrals
2026-04-23 20:50:50,912 [ genlib ] [ INFO ] Updating impropers
2026-04-23 20:50:50,912 [ genlib ] [ INFO ] Building library files for THR --> LEU mutant
2026-04-23 20:50:50,913 [ genlib ] [ INFO ] reading rtp file "aminoacids.rtp"
2026-04-23 20:50:50,939 [ genlib ] [ INFO ] ENTERED SIMPLE
2026-04-23 20:50:50,939 [ genlib ] [ INFO ] Making atom pairs
2026-04-23 20:50:50,939 [ genlib ] [ INFO ] Searching branch 1
2026-04-23 20:50:50,939 [ genlib ] [ INFO ] Searching order 2
2026-04-23 20:50:50,939 [ genlib ] [ INFO ] Checking atom HB
2026-04-23 20:50:50,939 [ genlib ] [ INFO ] Define atom pair: THR|HB|H1|H          - > LEU|1HB|HC|H         (d = 0.12 A)
2026-04-23 20:50:50,939 [ genlib ] [ INFO ] Checking atom OG1
2026-04-23 20:50:50,939 [ genlib ] [ INFO ] Define atom pair: THR|OG1|OH|O.3       - > LEU|CG|CT|C.3        (d = 0.28 A)
2026-04-23 20:50:50,939 [ genlib ] [ INFO ] Checking atom CG2
2026-04-23 20:50:50,939 [ genlib ] [ INFO ] Define atom pair: THR|CG2|CT|C.3       - > LEU|2HB|HC|H         (d = 0.50 A)
2026-04-23 20:50:50,939 [ genlib ] [ INFO ] Searching order 3
2026-04-23 20:50:50,939 [ genlib ] [ INFO ] Checking atom HG1
2026-04-23 20:50:50,939 [ genlib ] [ INFO ] No partner found for atom HG1
2026-04-23 20:50:50,939 [ genlib ] [ INFO ] Checking atom 1HG2
2026-04-23 20:50:50,939 [ genlib ] [ INFO ] No partner found for atom 1HG2
2026-04-23 20:50:50,939 [ genlib ] [ INFO ] Checking atom 2HG2
2026-04-23 20:50:50,939 [ genlib ] [ INFO ] No partner found for atom 2HG2
2026-04-23 20:50:50,939 [ genlib ] [ INFO ] Checking atom 3HG2
2026-04-23 20:50:50,939 [ genlib ] [ INFO ] No partner found for atom 3HG2
2026-04-23 20:50:50,939 [ genlib ] [ INFO ] Searching order 4
2026-04-23 20:50:50,939 [ genlib ] [ INFO ] Searching order 5
2026-04-23 20:50:50,939 [ genlib ] [ INFO ] Searching order 6
2026-04-23 20:50:50,939 [ genlib ] [ INFO ] Searching order 7
2026-04-23 20:50:50,939 [ genlib ] [ INFO ] Searching branch 2
2026-04-23 20:50:50,939 [ genlib ] [ INFO ] Searching order 2
2026-04-23 20:50:50,939 [ genlib ] [ INFO ] Searching order 3
2026-04-23 20:50:50,939 [ genlib ] [ INFO ] Checking atom HG1
2026-04-23 20:50:50,939 [ genlib ] [ INFO ] No partner found for atom HG1
2026-04-23 20:50:50,939 [ genlib ] [ INFO ] Checking atom 1HG2
2026-04-23 20:50:50,939 [ genlib ] [ INFO ] No partner found for atom 1HG2
2026-04-23 20:50:50,939 [ genlib ] [ INFO ] Checking atom 2HG2
2026-04-23 20:50:50,939 [ genlib ] [ INFO ] No partner found for atom 2HG2
2026-04-23 20:50:50,939 [ genlib ] [ INFO ] Checking atom 3HG2
2026-04-23 20:50:50,939 [ genlib ] [ INFO ] No partner found for atom 3HG2
2026-04-23 20:50:50,939 [ genlib ] [ INFO ] Searching order 4
2026-04-23 20:50:50,939 [ genlib ] [ INFO ] Searching order 5
2026-04-23 20:50:50,939 [ genlib ] [ INFO ] Searching order 6
2026-04-23 20:50:50,939 [ genlib ] [ INFO ] Searching order 7
2026-04-23 20:50:50,943 [ genlib ] [ INFO ] Updating bond lists
2026-04-23 20:50:50,943 [ genlib ] [ INFO ] Updating dihedrals
2026-04-23 20:50:50,943 [ genlib ] [ INFO ] Updating impropers
2026-04-23 20:50:50,943 [ genlib ] [ INFO ] Building library files for THR --> LYN mutant
2026-04-23 20:50:50,944 [ genlib ] [ INFO ] reading rtp file "aminoacids.rtp"
2026-04-23 20:50:50,970 [ genlib ] [ INFO ] ENTERED SIMPLE
2026-04-23 20:50:50,970 [ genlib ] [ INFO ] Making atom pairs
2026-04-23 20:50:50,970 [ genlib ] [ INFO ] Searching branch 1
2026-04-23 20:50:50,970 [ genlib ] [ INFO ] Searching order 2
2026-04-23 20:50:50,970 [ genlib ] [ INFO ] Checking atom HB
2026-04-23 20:50:50,970 [ genlib ] [ INFO ] Define atom pair: THR|HB|H1|H          - > LYN|1HB|HC|H         (d = 0.10 A)
2026-04-23 20:50:50,970 [ genlib ] [ INFO ] Checking atom OG1
2026-04-23 20:50:50,970 [ genlib ] [ INFO ] Define atom pair: THR|OG1|OH|O.3       - > LYN|CG|CT|C.3        (d = 0.20 A)
2026-04-23 20:50:50,970 [ genlib ] [ INFO ] Checking atom CG2
2026-04-23 20:50:50,970 [ genlib ] [ INFO ] No partner found for atom CG2
2026-04-23 20:50:50,970 [ genlib ] [ INFO ] Searching order 3
2026-04-23 20:50:50,970 [ genlib ] [ INFO ] Checking atom HG1
2026-04-23 20:50:50,970 [ genlib ] [ INFO ] No partner found for atom HG1
2026-04-23 20:50:50,970 [ genlib ] [ INFO ] Searching order 4
2026-04-23 20:50:50,970 [ genlib ] [ INFO ] Searching order 5
2026-04-23 20:50:50,970 [ genlib ] [ INFO ] Searching order 6
2026-04-23 20:50:50,971 [ genlib ] [ INFO ] Searching order 7
2026-04-23 20:50:50,971 [ genlib ] [ INFO ] Searching branch 2
2026-04-23 20:50:50,971 [ genlib ] [ INFO ] Searching order 2
2026-04-23 20:50:50,971 [ genlib ] [ INFO ] Checking atom CG2
2026-04-23 20:50:50,971 [ genlib ] [ INFO ] No partner found for atom CG2
2026-04-23 20:50:50,971 [ genlib ] [ INFO ] Searching order 3
2026-04-23 20:50:50,971 [ genlib ] [ INFO ] Checking atom HG1
2026-04-23 20:50:50,971 [ genlib ] [ INFO ] No partner found for atom HG1
2026-04-23 20:50:50,971 [ genlib ] [ INFO ] Searching order 4
2026-04-23 20:50:50,971 [ genlib ] [ INFO ] Searching order 5
2026-04-23 20:50:50,971 [ genlib ] [ INFO ] Searching order 6
2026-04-23 20:50:50,971 [ genlib ] [ INFO ] Searching order 7
2026-04-23 20:50:50,975 [ genlib ] [ INFO ] Updating bond lists
2026-04-23 20:50:50,975 [ genlib ] [ INFO ] Updating dihedrals
2026-04-23 20:50:50,975 [ genlib ] [ INFO ] Updating impropers
2026-04-23 20:50:50,976 [ genlib ] [ INFO ] Building library files for THR --> LYS mutant
2026-04-23 20:50:50,976 [ genlib ] [ INFO ] reading rtp file "aminoacids.rtp"
2026-04-23 20:50:51,002 [ genlib ] [ INFO ] ENTERED SIMPLE
2026-04-23 20:50:51,002 [ genlib ] [ INFO ] Making atom pairs
2026-04-23 20:50:51,002 [ genlib ] [ INFO ] Searching branch 1
2026-04-23 20:50:51,002 [ genlib ] [ INFO ] Searching order 2
2026-04-23 20:50:51,002 [ genlib ] [ INFO ] Checking atom HB
2026-04-23 20:50:51,002 [ genlib ] [ INFO ] Define atom pair: THR|HB|H1|H          - > LYS|1HB|HC|H         (d = 0.03 A)
2026-04-23 20:50:51,002 [ genlib ] [ INFO ] Checking atom OG1
2026-04-23 20:50:51,002 [ genlib ] [ INFO ] Define atom pair: THR|OG1|OH|O.3       - > LYS|CG|CT|C.3        (d = 0.20 A)
2026-04-23 20:50:51,002 [ genlib ] [ INFO ] Checking atom CG2
2026-04-23 20:50:51,002 [ genlib ] [ INFO ] Define atom pair: THR|CG2|CT|C.3       - > LYS|2HB|HC|H         (d = 0.48 A)
2026-04-23 20:50:51,002 [ genlib ] [ INFO ] Searching order 3
2026-04-23 20:50:51,002 [ genlib ] [ INFO ] Checking atom HG1
2026-04-23 20:50:51,002 [ genlib ] [ INFO ] No partner found for atom HG1
2026-04-23 20:50:51,002 [ genlib ] [ INFO ] Checking atom 1HG2
2026-04-23 20:50:51,002 [ genlib ] [ INFO ] No partner found for atom 1HG2
2026-04-23 20:50:51,002 [ genlib ] [ INFO ] Checking atom 2HG2
2026-04-23 20:50:51,002 [ genlib ] [ INFO ] No partner found for atom 2HG2
2026-04-23 20:50:51,002 [ genlib ] [ INFO ] Checking atom 3HG2
2026-04-23 20:50:51,002 [ genlib ] [ INFO ] No partner found for atom 3HG2
2026-04-23 20:50:51,002 [ genlib ] [ INFO ] Searching order 4
2026-04-23 20:50:51,002 [ genlib ] [ INFO ] Searching order 5
2026-04-23 20:50:51,002 [ genlib ] [ INFO ] Searching order 6
2026-04-23 20:50:51,002 [ genlib ] [ INFO ] Searching order 7
2026-04-23 20:50:51,002 [ genlib ] [ INFO ] Searching branch 2
2026-04-23 20:50:51,002 [ genlib ] [ INFO ] Searching order 2
2026-04-23 20:50:51,002 [ genlib ] [ INFO ] Searching order 3
2026-04-23 20:50:51,002 [ genlib ] [ INFO ] Checking atom HG1
2026-04-23 20:50:51,002 [ genlib ] [ INFO ] No partner found for atom HG1
2026-04-23 20:50:51,002 [ genlib ] [ INFO ] Checking atom 1HG2
2026-04-23 20:50:51,002 [ genlib ] [ INFO ] No partner found for atom 1HG2
2026-04-23 20:50:51,002 [ genlib ] [ INFO ] Checking atom 2HG2
2026-04-23 20:50:51,003 [ genlib ] [ INFO ] No partner found for atom 2HG2
2026-04-23 20:50:51,003 [ genlib ] [ INFO ] Checking atom 3HG2
2026-04-23 20:50:51,003 [ genlib ] [ INFO ] No partner found for atom 3HG2
2026-04-23 20:50:51,003 [ genlib ] [ INFO ] Searching order 4
2026-04-23 20:50:51,003 [ genlib ] [ INFO ] Searching order 5
2026-04-23 20:50:51,003 [ genlib ] [ INFO ] Searching order 6
2026-04-23 20:50:51,003 [ genlib ] [ INFO ] Searching order 7
2026-04-23 20:50:51,008 [ genlib ] [ INFO ] Updating bond lists
2026-04-23 20:50:51,008 [ genlib ] [ INFO ] Updating dihedrals
2026-04-23 20:50:51,008 [ genlib ] [ INFO ] Updating impropers
2026-04-23 20:50:51,008 [ genlib ] [ INFO ] Building library files for THR --> MET mutant
2026-04-23 20:50:51,009 [ genlib ] [ INFO ] reading rtp file "aminoacids.rtp"
2026-04-23 20:50:51,034 [ genlib ] [ INFO ] ENTERED SIMPLE
2026-04-23 20:50:51,035 [ genlib ] [ INFO ] Making atom pairs
2026-04-23 20:50:51,035 [ genlib ] [ INFO ] Searching branch 1
2026-04-23 20:50:51,035 [ genlib ] [ INFO ] Searching order 2
2026-04-23 20:50:51,035 [ genlib ] [ INFO ] Checking atom HB
2026-04-23 20:50:51,035 [ genlib ] [ INFO ] Define atom pair: THR|HB|H1|H          - > MET|1HB|HC|H         (d = 0.09 A)
2026-04-23 20:50:51,035 [ genlib ] [ INFO ] Checking atom OG1
2026-04-23 20:50:51,035 [ genlib ] [ INFO ] Define atom pair: THR|OG1|OH|O.3       - > MET|CG|CT|C.3        (d = 0.18 A)
2026-04-23 20:50:51,035 [ genlib ] [ INFO ] Checking atom CG2
2026-04-23 20:50:51,035 [ genlib ] [ INFO ] Define atom pair: THR|CG2|CT|C.3       - > MET|2HB|HC|H         (d = 0.49 A)
2026-04-23 20:50:51,035 [ genlib ] [ INFO ] Searching order 3
2026-04-23 20:50:51,035 [ genlib ] [ INFO ] Checking atom HG1
2026-04-23 20:50:51,035 [ genlib ] [ INFO ] No partner found for atom HG1
2026-04-23 20:50:51,035 [ genlib ] [ INFO ] Checking atom 1HG2
2026-04-23 20:50:51,035 [ genlib ] [ INFO ] No partner found for atom 1HG2
2026-04-23 20:50:51,035 [ genlib ] [ INFO ] Checking atom 2HG2
2026-04-23 20:50:51,035 [ genlib ] [ INFO ] No partner found for atom 2HG2
2026-04-23 20:50:51,035 [ genlib ] [ INFO ] Checking atom 3HG2
2026-04-23 20:50:51,035 [ genlib ] [ INFO ] No partner found for atom 3HG2
2026-04-23 20:50:51,035 [ genlib ] [ INFO ] Searching order 4
2026-04-23 20:50:51,035 [ genlib ] [ INFO ] Searching order 5
2026-04-23 20:50:51,035 [ genlib ] [ INFO ] Searching order 6
2026-04-23 20:50:51,035 [ genlib ] [ INFO ] Searching order 7
2026-04-23 20:50:51,035 [ genlib ] [ INFO ] Searching branch 2
2026-04-23 20:50:51,035 [ genlib ] [ INFO ] Searching order 2
2026-04-23 20:50:51,035 [ genlib ] [ INFO ] Searching order 3
2026-04-23 20:50:51,035 [ genlib ] [ INFO ] Checking atom HG1
2026-04-23 20:50:51,035 [ genlib ] [ INFO ] No partner found for atom HG1
2026-04-23 20:50:51,035 [ genlib ] [ INFO ] Checking atom 1HG2
2026-04-23 20:50:51,035 [ genlib ] [ INFO ] No partner found for atom 1HG2
2026-04-23 20:50:51,035 [ genlib ] [ INFO ] Checking atom 2HG2
2026-04-23 20:50:51,035 [ genlib ] [ INFO ] No partner found for atom 2HG2
2026-04-23 20:50:51,035 [ genlib ] [ INFO ] Checking atom 3HG2
2026-04-23 20:50:51,035 [ genlib ] [ INFO ] No partner found for atom 3HG2
2026-04-23 20:50:51,035 [ genlib ] [ INFO ] Searching order 4
2026-04-23 20:50:51,035 [ genlib ] [ INFO ] Searching order 5
2026-04-23 20:50:51,035 [ genlib ] [ INFO ] Searching order 6
2026-04-23 20:50:51,035 [ genlib ] [ INFO ] Searching order 7
2026-04-23 20:50:51,037 [ genlib ] [ INFO ] Updating bond lists
2026-04-23 20:50:51,037 [ genlib ] [ INFO ] Updating dihedrals
2026-04-23 20:50:51,037 [ genlib ] [ INFO ] Updating impropers
2026-04-23 20:50:51,038 [ genlib ] [ INFO ] Building library files for THR --> PHE mutant
2026-04-23 20:50:51,039 [ genlib ] [ INFO ] reading rtp file "aminoacids.rtp"
2026-04-23 20:50:51,064 [ genlib ] [ INFO ] ENTERED T,A,V,I
2026-04-23 20:50:51,064 [ genlib ] [ INFO ] Making atom pairs
2026-04-23 20:50:51,069 [ genlib ] [ INFO ] Updating bond lists
2026-04-23 20:50:51,069 [ genlib ] [ INFO ] Updating dihedrals
2026-04-23 20:50:51,069 [ genlib ] [ INFO ] Updating impropers
2026-04-23 20:50:51,070 [ genlib ] [ INFO ] Building library files for THR --> PRO mutant
2026-04-23 20:50:51,070 [ genlib ] [ INFO ] reading rtp file "aminoacids.rtp"
2026-04-23 20:50:51,096 [ genlib ] [ INFO ] ENTERED P
2026-04-23 20:50:51,096 [ genlib ] [ INFO ] Making atom pairs
2026-04-23 20:50:51,100 [ genlib ] [ INFO ] Updating bond lists
2026-04-23 20:50:51,100 [ genlib ] [ INFO ] Updating dihedrals
2026-04-23 20:50:51,100 [ genlib ] [ INFO ] Updating impropers
2026-04-23 20:50:51,100 [ genlib ] [ WARNING ] undefined
2026-04-23 20:50:51,101 [ genlib ] [ INFO ] Building library files for THR --> SER mutant
2026-04-23 20:50:51,101 [ genlib ] [ INFO ] reading rtp file "aminoacids.rtp"
2026-04-23 20:50:51,126 [ genlib ] [ INFO ] ENTERED SIMPLE
2026-04-23 20:50:51,127 [ genlib ] [ INFO ] Making atom pairs
2026-04-23 20:50:51,127 [ genlib ] [ INFO ] Searching branch 1
2026-04-23 20:50:51,127 [ genlib ] [ INFO ] Searching order 2
2026-04-23 20:50:51,127 [ genlib ] [ INFO ] Checking atom HB
2026-04-23 20:50:51,127 [ genlib ] [ INFO ] Define atom pair: THR|HB|H1|H          - > SER|1HB|H1|H         (d = 0.10 A)
2026-04-23 20:50:51,127 [ genlib ] [ INFO ] Checking atom OG1
2026-04-23 20:50:51,127 [ genlib ] [ INFO ] Define atom pair: THR|OG1|OH|O.3       - > SER|OG|OH|O.3        (d = 0.18 A)
2026-04-23 20:50:51,127 [ genlib ] [ INFO ] Checking atom CG2
2026-04-23 20:50:51,127 [ genlib ] [ INFO ] Define atom pair: THR|CG2|CT|C.3       - > SER|2HB|H1|H         (d = 0.45 A)
2026-04-23 20:50:51,127 [ genlib ] [ INFO ] Searching order 3
2026-04-23 20:50:51,127 [ genlib ] [ INFO ] Checking atom HG1
2026-04-23 20:50:51,127 [ genlib ] [ INFO ] Define atom pair: THR|HG1|HO|H         - > SER|HG|HO|H          (d = 0.21 A)
2026-04-23 20:50:51,127 [ genlib ] [ INFO ] Checking atom 1HG2
2026-04-23 20:50:51,127 [ genlib ] [ INFO ] No partner found for atom 1HG2
2026-04-23 20:50:51,127 [ genlib ] [ INFO ] Checking atom 2HG2
2026-04-23 20:50:51,127 [ genlib ] [ INFO ] No partner found for atom 2HG2
2026-04-23 20:50:51,127 [ genlib ] [ INFO ] Checking atom 3HG2
2026-04-23 20:50:51,127 [ genlib ] [ INFO ] No partner found for atom 3HG2
2026-04-23 20:50:51,127 [ genlib ] [ INFO ] Searching order 4
2026-04-23 20:50:51,127 [ genlib ] [ INFO ] Searching order 5
2026-04-23 20:50:51,127 [ genlib ] [ INFO ] Searching order 6
2026-04-23 20:50:51,127 [ genlib ] [ INFO ] Searching order 7
2026-04-23 20:50:51,127 [ genlib ] [ INFO ] Searching branch 2
2026-04-23 20:50:51,127 [ genlib ] [ INFO ] Searching order 2
2026-04-23 20:50:51,127 [ genlib ] [ INFO ] Searching order 3
2026-04-23 20:50:51,127 [ genlib ] [ INFO ] Checking atom 1HG2
2026-04-23 20:50:51,127 [ genlib ] [ INFO ] No partner found for atom 1HG2
2026-04-23 20:50:51,127 [ genlib ] [ INFO ] Checking atom 2HG2
2026-04-23 20:50:51,127 [ genlib ] [ INFO ] No partner found for atom 2HG2
2026-04-23 20:50:51,127 [ genlib ] [ INFO ] Checking atom 3HG2
2026-04-23 20:50:51,127 [ genlib ] [ INFO ] No partner found for atom 3HG2
2026-04-23 20:50:51,127 [ genlib ] [ INFO ] Searching order 4
2026-04-23 20:50:51,127 [ genlib ] [ INFO ] Searching order 5
2026-04-23 20:50:51,127 [ genlib ] [ INFO ] Searching order 6
2026-04-23 20:50:51,127 [ genlib ] [ INFO ] Searching order 7
2026-04-23 20:50:51,127 [ genlib ] [ INFO ] Updating bond lists
2026-04-23 20:50:51,127 [ genlib ] [ INFO ] Updating dihedrals
2026-04-23 20:50:51,127 [ genlib ] [ INFO ] Updating impropers
2026-04-23 20:50:51,127 [ genlib ] [ INFO ] Building library files for THR --> TRP mutant
2026-04-23 20:50:51,128 [ genlib ] [ INFO ] reading rtp file "aminoacids.rtp"
2026-04-23 20:50:51,154 [ genlib ] [ INFO ] ENTERED T,A,V,I
2026-04-23 20:50:51,154 [ genlib ] [ INFO ] Making atom pairs
2026-04-23 20:50:51,161 [ genlib ] [ INFO ] Updating bond lists
2026-04-23 20:50:51,162 [ genlib ] [ INFO ] Updating dihedrals
2026-04-23 20:50:51,162 [ genlib ] [ INFO ] Updating impropers
2026-04-23 20:50:51,162 [ genlib ] [ INFO ] Building library files for THR --> TYR mutant
2026-04-23 20:50:51,163 [ genlib ] [ INFO ] reading rtp file "aminoacids.rtp"
2026-04-23 20:50:51,189 [ genlib ] [ INFO ] ENTERED T,A,V,I
2026-04-23 20:50:51,189 [ genlib ] [ INFO ] Making atom pairs
2026-04-23 20:50:51,194 [ genlib ] [ INFO ] Updating bond lists
2026-04-23 20:50:51,194 [ genlib ] [ INFO ] Updating dihedrals
2026-04-23 20:50:51,194 [ genlib ] [ INFO ] Updating impropers
2026-04-23 20:50:51,195 [ genlib ] [ INFO ] Building library files for THR --> VAL mutant
2026-04-23 20:50:51,195 [ genlib ] [ INFO ] reading rtp file "aminoacids.rtp"
2026-04-23 20:50:51,221 [ genlib ] [ INFO ] ENTERED SIMPLE
2026-04-23 20:50:51,221 [ genlib ] [ INFO ] Making atom pairs
2026-04-23 20:50:51,221 [ genlib ] [ INFO ] Searching branch 1
2026-04-23 20:50:51,221 [ genlib ] [ INFO ] Searching order 2
2026-04-23 20:50:51,221 [ genlib ] [ INFO ] Checking atom HB
2026-04-23 20:50:51,221 [ genlib ] [ INFO ] Define atom pair: THR|HB|H1|H          - > VAL|HB|HC|H          (d = 0.05 A)
2026-04-23 20:50:51,221 [ genlib ] [ INFO ] Checking atom OG1
2026-04-23 20:50:51,221 [ genlib ] [ INFO ] Define atom pair: THR|OG1|OH|O.3       - > VAL|CG2|CT|C.3       (d = 0.19 A)
2026-04-23 20:50:51,221 [ genlib ] [ INFO ] Checking atom CG2
2026-04-23 20:50:51,221 [ genlib ] [ INFO ] Define atom pair: THR|CG2|CT|C.3       - > VAL|CG1|CT|C.3       (d = 0.21 A)
2026-04-23 20:50:51,221 [ genlib ] [ INFO ] Searching order 3
2026-04-23 20:50:51,221 [ genlib ] [ INFO ] Checking atom HG1
2026-04-23 20:50:51,221 [ genlib ] [ INFO ] Define atom pair: THR|HG1|HO|H         - > VAL|1HG2|HC|H        (d = 0.28 A)
2026-04-23 20:50:51,221 [ genlib ] [ INFO ] Checking atom 1HG2
2026-04-23 20:50:51,221 [ genlib ] [ INFO ] Define atom pair: THR|1HG2|HC|H        - > VAL|1HG1|HC|H        (d = 0.27 A)
2026-04-23 20:50:51,221 [ genlib ] [ INFO ] Checking atom 2HG2
2026-04-23 20:50:51,221 [ genlib ] [ INFO ] Define atom pair: THR|2HG2|HC|H        - > VAL|2HG1|HC|H        (d = 0.24 A)
2026-04-23 20:50:51,221 [ genlib ] [ INFO ] Checking atom 3HG2
2026-04-23 20:50:51,221 [ genlib ] [ INFO ] Define atom pair: THR|3HG2|HC|H        - > VAL|3HG1|HC|H        (d = 0.26 A)
2026-04-23 20:50:51,221 [ genlib ] [ INFO ] Searching order 4
2026-04-23 20:50:51,221 [ genlib ] [ INFO ] Searching order 5
2026-04-23 20:50:51,221 [ genlib ] [ INFO ] Searching order 6
2026-04-23 20:50:51,221 [ genlib ] [ INFO ] Searching order 7
2026-04-23 20:50:51,221 [ genlib ] [ INFO ] Searching branch 2
2026-04-23 20:50:51,221 [ genlib ] [ INFO ] Searching order 2
2026-04-23 20:50:51,221 [ genlib ] [ INFO ] Searching order 3
2026-04-23 20:50:51,221 [ genlib ] [ INFO ] Searching order 4
2026-04-23 20:50:51,221 [ genlib ] [ INFO ] Searching order 5
2026-04-23 20:50:51,221 [ genlib ] [ INFO ] Searching order 6
2026-04-23 20:50:51,221 [ genlib ] [ INFO ] Searching order 7
2026-04-23 20:50:51,222 [ genlib ] [ INFO ] Updating bond lists
2026-04-23 20:50:51,222 [ genlib ] [ INFO ] Updating dihedrals
2026-04-23 20:50:51,222 [ genlib ] [ INFO ] Updating impropers
2026-04-23 20:50:51,222 [ genlib ] [ INFO ] Building library files for TRP --> ALA mutant
2026-04-23 20:50:51,223 [ genlib ] [ INFO ] reading rtp file "aminoacids.rtp"
2026-04-23 20:50:51,248 [ genlib ] [ INFO ] ENTERED T,A,V,I
2026-04-23 20:50:51,248 [ genlib ] [ INFO ] Making atom pairs
2026-04-23 20:50:51,250 [ genlib ] [ INFO ] Updating bond lists
2026-04-23 20:50:51,250 [ genlib ] [ INFO ] Updating dihedrals
2026-04-23 20:50:51,250 [ genlib ] [ INFO ] Updating impropers
2026-04-23 20:50:51,251 [ genlib ] [ INFO ] Building library files for TRP --> ARG mutant
2026-04-23 20:50:51,252 [ genlib ] [ INFO ] reading rtp file "aminoacids.rtp"
2026-04-23 20:50:51,277 [ genlib ] [ INFO ] ENTERED RINGS
2026-04-23 20:50:51,277 [ genlib ] [ INFO ] Making atom pairs
2026-04-23 20:50:51,284 [ genlib ] [ INFO ] Updating bond lists
2026-04-23 20:50:51,284 [ genlib ] [ INFO ] Updating dihedrals
2026-04-23 20:50:51,284 [ genlib ] [ INFO ] Updating impropers
2026-04-23 20:50:51,284 [ genlib ] [ INFO ] Building library files for TRP --> ASH mutant
2026-04-23 20:50:51,285 [ genlib ] [ INFO ] reading rtp file "aminoacids.rtp"
2026-04-23 20:50:51,311 [ genlib ] [ INFO ] ENTERED RINGS
2026-04-23 20:50:51,311 [ genlib ] [ INFO ] Making atom pairs
2026-04-23 20:50:51,312 [ genlib ] [ INFO ] Updating bond lists
2026-04-23 20:50:51,312 [ genlib ] [ INFO ] Updating dihedrals
2026-04-23 20:50:51,312 [ genlib ] [ INFO ] Updating impropers
2026-04-23 20:50:51,313 [ genlib ] [ INFO ] Building library files for TRP --> ASN mutant
2026-04-23 20:50:51,314 [ genlib ] [ INFO ] reading rtp file "aminoacids.rtp"
2026-04-23 20:50:51,339 [ genlib ] [ INFO ] ENTERED RINGS
2026-04-23 20:50:51,339 [ genlib ] [ INFO ] Making atom pairs
2026-04-23 20:50:51,340 [ genlib ] [ INFO ] Updating bond lists
2026-04-23 20:50:51,340 [ genlib ] [ INFO ] Updating dihedrals
2026-04-23 20:50:51,340 [ genlib ] [ INFO ] Updating impropers
2026-04-23 20:50:51,341 [ genlib ] [ INFO ] Building library files for TRP --> ASP mutant
2026-04-23 20:50:51,342 [ genlib ] [ INFO ] reading rtp file "aminoacids.rtp"
2026-04-23 20:50:51,367 [ genlib ] [ INFO ] ENTERED RINGS
2026-04-23 20:50:51,367 [ genlib ] [ INFO ] Making atom pairs
2026-04-23 20:50:51,368 [ genlib ] [ INFO ] Updating bond lists
2026-04-23 20:50:51,368 [ genlib ] [ INFO ] Updating dihedrals
2026-04-23 20:50:51,368 [ genlib ] [ INFO ] Updating impropers
2026-04-23 20:50:51,369 [ genlib ] [ INFO ] Building library files for TRP --> CYS mutant
2026-04-23 20:50:51,369 [ genlib ] [ INFO ] reading rtp file "aminoacids.rtp"
2026-04-23 20:50:51,395 [ genlib ] [ INFO ] ENTERED RINGS
2026-04-23 20:50:51,395 [ genlib ] [ INFO ] Making atom pairs
2026-04-23 20:50:51,397 [ genlib ] [ INFO ] Updating bond lists
2026-04-23 20:50:51,397 [ genlib ] [ INFO ] Updating dihedrals
2026-04-23 20:50:51,397 [ genlib ] [ INFO ] Updating impropers
2026-04-23 20:50:51,397 [ genlib ] [ INFO ] Building library files for TRP --> GLH mutant
2026-04-23 20:50:51,398 [ genlib ] [ INFO ] reading rtp file "aminoacids.rtp"
2026-04-23 20:50:51,423 [ genlib ] [ INFO ] ENTERED RINGS
2026-04-23 20:50:51,423 [ genlib ] [ INFO ] Making atom pairs
2026-04-23 20:50:51,425 [ genlib ] [ INFO ] Updating bond lists
2026-04-23 20:50:51,425 [ genlib ] [ INFO ] Updating dihedrals
2026-04-23 20:50:51,425 [ genlib ] [ INFO ] Updating impropers
2026-04-23 20:50:51,426 [ genlib ] [ INFO ] Building library files for TRP --> GLN mutant
2026-04-23 20:50:51,427 [ genlib ] [ INFO ] reading rtp file "aminoacids.rtp"
2026-04-23 20:50:51,453 [ genlib ] [ INFO ] ENTERED RINGS
2026-04-23 20:50:51,453 [ genlib ] [ INFO ] Making atom pairs
2026-04-23 20:50:51,456 [ genlib ] [ INFO ] Updating bond lists
2026-04-23 20:50:51,456 [ genlib ] [ INFO ] Updating dihedrals
2026-04-23 20:50:51,456 [ genlib ] [ INFO ] Updating impropers
2026-04-23 20:50:51,456 [ genlib ] [ INFO ] Building library files for TRP --> GLU mutant
2026-04-23 20:50:51,457 [ genlib ] [ INFO ] reading rtp file "aminoacids.rtp"
2026-04-23 20:50:51,483 [ genlib ] [ INFO ] ENTERED RINGS
2026-04-23 20:50:51,483 [ genlib ] [ INFO ] Making atom pairs
2026-04-23 20:50:51,485 [ genlib ] [ INFO ] Updating bond lists
2026-04-23 20:50:51,485 [ genlib ] [ INFO ] Updating dihedrals
2026-04-23 20:50:51,485 [ genlib ] [ INFO ] Updating impropers
2026-04-23 20:50:51,485 [ genlib ] [ INFO ] Building library files for TRP --> GLY mutant
2026-04-23 20:50:51,486 [ genlib ] [ INFO ] reading rtp file "aminoacids.rtp"
2026-04-23 20:50:51,512 [ genlib ] [ INFO ] ENTERED G
2026-04-23 20:50:51,512 [ genlib ] [ INFO ] Making atom pairs
2026-04-23 20:50:51,512 [ genlib ] [ INFO ] Updating bond lists
2026-04-23 20:50:51,512 [ genlib ] [ INFO ] Updating dihedrals
2026-04-23 20:50:51,512 [ genlib ] [ INFO ] Updating impropers
2026-04-23 20:50:51,512 [ genlib ] [ WARNING ] undefined
2026-04-23 20:50:51,513 [ genlib ] [ INFO ] Building library files for TRP --> HID mutant
2026-04-23 20:50:51,514 [ genlib ] [ INFO ] reading rtp file "aminoacids.rtp"
2026-04-23 20:50:51,540 [ genlib ] [ INFO ] ENTERED STANDARD
2026-04-23 20:50:51,540 [ genlib ] [ INFO ] Making atom pairs
2026-04-23 20:50:51,542 [ genlib ] [ INFO ] Updating bond lists
2026-04-23 20:50:51,542 [ genlib ] [ INFO ] Updating dihedrals
2026-04-23 20:50:51,542 [ genlib ] [ INFO ] Updating impropers
2026-04-23 20:50:51,542 [ genlib ] [ INFO ] Building library files for TRP --> HIE mutant
2026-04-23 20:50:51,543 [ genlib ] [ INFO ] reading rtp file "aminoacids.rtp"
2026-04-23 20:50:51,570 [ genlib ] [ INFO ] ENTERED STANDARD
2026-04-23 20:50:51,570 [ genlib ] [ INFO ] Making atom pairs
2026-04-23 20:50:51,572 [ genlib ] [ INFO ] Updating bond lists
2026-04-23 20:50:51,573 [ genlib ] [ INFO ] Updating dihedrals
2026-04-23 20:50:51,573 [ genlib ] [ INFO ] Updating impropers
2026-04-23 20:50:51,573 [ genlib ] [ INFO ] Building library files for TRP --> HIP mutant
2026-04-23 20:50:51,574 [ genlib ] [ INFO ] reading rtp file "aminoacids.rtp"
2026-04-23 20:50:51,600 [ genlib ] [ INFO ] ENTERED STANDARD
2026-04-23 20:50:51,600 [ genlib ] [ INFO ] Making atom pairs
2026-04-23 20:50:51,603 [ genlib ] [ INFO ] Updating bond lists
2026-04-23 20:50:51,603 [ genlib ] [ INFO ] Updating dihedrals
2026-04-23 20:50:51,603 [ genlib ] [ INFO ] Updating impropers
2026-04-23 20:50:51,603 [ genlib ] [ INFO ] Building library files for TRP --> ILE mutant
2026-04-23 20:50:51,604 [ genlib ] [ INFO ] reading rtp file "aminoacids.rtp"
2026-04-23 20:50:51,631 [ genlib ] [ INFO ] ENTERED T,A,V,I
2026-04-23 20:50:51,631 [ genlib ] [ INFO ] Making atom pairs
2026-04-23 20:50:51,635 [ genlib ] [ INFO ] Updating bond lists
2026-04-23 20:50:51,635 [ genlib ] [ INFO ] Updating dihedrals
2026-04-23 20:50:51,635 [ genlib ] [ INFO ] Updating impropers
2026-04-23 20:50:51,635 [ genlib ] [ INFO ] Building library files for TRP --> LEU mutant
2026-04-23 20:50:51,636 [ genlib ] [ INFO ] reading rtp file "aminoacids.rtp"
2026-04-23 20:50:51,662 [ genlib ] [ INFO ] ENTERED RINGS
2026-04-23 20:50:51,662 [ genlib ] [ INFO ] Making atom pairs
2026-04-23 20:50:51,666 [ genlib ] [ INFO ] Updating bond lists
2026-04-23 20:50:51,666 [ genlib ] [ INFO ] Updating dihedrals
2026-04-23 20:50:51,666 [ genlib ] [ INFO ] Updating impropers
2026-04-23 20:50:51,666 [ genlib ] [ INFO ] Building library files for TRP --> LYN mutant
2026-04-23 20:50:51,667 [ genlib ] [ INFO ] reading rtp file "aminoacids.rtp"
2026-04-23 20:50:51,693 [ genlib ] [ INFO ] ENTERED RINGS
2026-04-23 20:50:51,693 [ genlib ] [ INFO ] Making atom pairs
2026-04-23 20:50:51,698 [ genlib ] [ INFO ] Updating bond lists
2026-04-23 20:50:51,698 [ genlib ] [ INFO ] Updating dihedrals
2026-04-23 20:50:51,698 [ genlib ] [ INFO ] Updating impropers
2026-04-23 20:50:51,699 [ genlib ] [ INFO ] Building library files for TRP --> LYS mutant
2026-04-23 20:50:51,700 [ genlib ] [ INFO ] reading rtp file "aminoacids.rtp"
2026-04-23 20:50:51,746 [ genlib ] [ INFO ] ENTERED RINGS
2026-04-23 20:50:51,746 [ genlib ] [ INFO ] Making atom pairs
2026-04-23 20:50:51,751 [ genlib ] [ INFO ] Updating bond lists
2026-04-23 20:50:51,751 [ genlib ] [ INFO ] Updating dihedrals
2026-04-23 20:50:51,751 [ genlib ] [ INFO ] Updating impropers
2026-04-23 20:50:51,752 [ genlib ] [ INFO ] Building library files for TRP --> MET mutant
2026-04-23 20:50:51,752 [ genlib ] [ INFO ] reading rtp file "aminoacids.rtp"
2026-04-23 20:50:51,778 [ genlib ] [ INFO ] ENTERED RINGS
2026-04-23 20:50:51,778 [ genlib ] [ INFO ] Making atom pairs
2026-04-23 20:50:51,780 [ genlib ] [ INFO ] Updating bond lists
2026-04-23 20:50:51,781 [ genlib ] [ INFO ] Updating dihedrals
2026-04-23 20:50:51,781 [ genlib ] [ INFO ] Updating impropers
2026-04-23 20:50:51,781 [ genlib ] [ INFO ] Building library files for TRP --> PHE mutant
2026-04-23 20:50:51,782 [ genlib ] [ INFO ] reading rtp file "aminoacids.rtp"
2026-04-23 20:50:51,808 [ genlib ] [ INFO ] ENTERED STANDARD
2026-04-23 20:50:51,808 [ genlib ] [ INFO ] Making atom pairs
2026-04-23 20:50:51,811 [ genlib ] [ INFO ] Updating bond lists
2026-04-23 20:50:51,812 [ genlib ] [ INFO ] Updating dihedrals
2026-04-23 20:50:51,812 [ genlib ] [ INFO ] Updating impropers
2026-04-23 20:50:51,812 [ genlib ] [ INFO ] Building library files for TRP --> PRO mutant
2026-04-23 20:50:51,813 [ genlib ] [ INFO ] reading rtp file "aminoacids.rtp"
2026-04-23 20:50:51,838 [ genlib ] [ INFO ] ENTERED P
2026-04-23 20:50:51,839 [ genlib ] [ INFO ] Making atom pairs
2026-04-23 20:50:51,841 [ genlib ] [ INFO ] Updating bond lists
2026-04-23 20:50:51,841 [ genlib ] [ INFO ] Updating dihedrals
2026-04-23 20:50:51,841 [ genlib ] [ INFO ] Updating impropers
2026-04-23 20:50:51,841 [ genlib ] [ WARNING ] undefined
2026-04-23 20:50:51,842 [ genlib ] [ INFO ] Building library files for TRP --> SER mutant
2026-04-23 20:50:51,842 [ genlib ] [ INFO ] reading rtp file "aminoacids.rtp"
2026-04-23 20:50:51,868 [ genlib ] [ INFO ] ENTERED RINGS
2026-04-23 20:50:51,868 [ genlib ] [ INFO ] Making atom pairs
2026-04-23 20:50:51,869 [ genlib ] [ INFO ] Updating bond lists
2026-04-23 20:50:51,869 [ genlib ] [ INFO ] Updating dihedrals
2026-04-23 20:50:51,869 [ genlib ] [ INFO ] Updating impropers
2026-04-23 20:50:51,869 [ genlib ] [ INFO ] Building library files for TRP --> THR mutant
2026-04-23 20:50:51,870 [ genlib ] [ INFO ] reading rtp file "aminoacids.rtp"
2026-04-23 20:50:51,897 [ genlib ] [ INFO ] ENTERED T,A,V,I
2026-04-23 20:50:51,897 [ genlib ] [ INFO ] Making atom pairs
2026-04-23 20:50:51,899 [ genlib ] [ INFO ] Updating bond lists
2026-04-23 20:50:51,899 [ genlib ] [ INFO ] Updating dihedrals
2026-04-23 20:50:51,899 [ genlib ] [ INFO ] Updating impropers
2026-04-23 20:50:51,899 [ genlib ] [ INFO ] Building library files for TRP --> TYR mutant
2026-04-23 20:50:51,900 [ genlib ] [ INFO ] reading rtp file "aminoacids.rtp"
2026-04-23 20:50:51,926 [ genlib ] [ INFO ] ENTERED STANDARD
2026-04-23 20:50:51,926 [ genlib ] [ INFO ] Making atom pairs
2026-04-23 20:50:51,930 [ genlib ] [ INFO ] Updating bond lists
2026-04-23 20:50:51,930 [ genlib ] [ INFO ] Updating dihedrals
2026-04-23 20:50:51,930 [ genlib ] [ INFO ] Updating impropers
2026-04-23 20:50:51,931 [ genlib ] [ INFO ] Building library files for TRP --> VAL mutant
2026-04-23 20:50:51,932 [ genlib ] [ INFO ] reading rtp file "aminoacids.rtp"
2026-04-23 20:50:51,957 [ genlib ] [ INFO ] ENTERED T,A,V,I
2026-04-23 20:50:51,958 [ genlib ] [ INFO ] Making atom pairs
2026-04-23 20:50:51,960 [ genlib ] [ INFO ] Updating bond lists
2026-04-23 20:50:51,960 [ genlib ] [ INFO ] Updating dihedrals
2026-04-23 20:50:51,960 [ genlib ] [ INFO ] Updating impropers
2026-04-23 20:50:51,961 [ genlib ] [ INFO ] Building library files for TYR --> ALA mutant
2026-04-23 20:50:51,961 [ genlib ] [ INFO ] reading rtp file "aminoacids.rtp"
2026-04-23 20:50:51,987 [ genlib ] [ INFO ] ENTERED T,A,V,I
2026-04-23 20:50:51,987 [ genlib ] [ INFO ] Making atom pairs
2026-04-23 20:50:51,988 [ genlib ] [ INFO ] Updating bond lists
2026-04-23 20:50:51,988 [ genlib ] [ INFO ] Updating dihedrals
2026-04-23 20:50:51,988 [ genlib ] [ INFO ] Updating impropers
2026-04-23 20:50:51,989 [ genlib ] [ INFO ] Building library files for TYR --> ARG mutant
2026-04-23 20:50:51,990 [ genlib ] [ INFO ] reading rtp file "aminoacids.rtp"
2026-04-23 20:50:52,015 [ genlib ] [ INFO ] ENTERED RINGS
2026-04-23 20:50:52,015 [ genlib ] [ INFO ] Making atom pairs
2026-04-23 20:50:52,022 [ genlib ] [ INFO ] Updating bond lists
2026-04-23 20:50:52,022 [ genlib ] [ INFO ] Updating dihedrals
2026-04-23 20:50:52,022 [ genlib ] [ INFO ] Updating impropers
2026-04-23 20:50:52,023 [ genlib ] [ INFO ] Building library files for TYR --> ASH mutant
2026-04-23 20:50:52,023 [ genlib ] [ INFO ] reading rtp file "aminoacids.rtp"
2026-04-23 20:50:52,050 [ genlib ] [ INFO ] ENTERED RINGS
2026-04-23 20:50:52,050 [ genlib ] [ INFO ] Making atom pairs
2026-04-23 20:50:52,051 [ genlib ] [ INFO ] Updating bond lists
2026-04-23 20:50:52,051 [ genlib ] [ INFO ] Updating dihedrals
2026-04-23 20:50:52,051 [ genlib ] [ INFO ] Updating impropers
2026-04-23 20:50:52,052 [ genlib ] [ INFO ] Building library files for TYR --> ASN mutant
2026-04-23 20:50:52,052 [ genlib ] [ INFO ] reading rtp file "aminoacids.rtp"
2026-04-23 20:50:52,078 [ genlib ] [ INFO ] ENTERED RINGS
2026-04-23 20:50:52,078 [ genlib ] [ INFO ] Making atom pairs
2026-04-23 20:50:52,080 [ genlib ] [ INFO ] Updating bond lists
2026-04-23 20:50:52,080 [ genlib ] [ INFO ] Updating dihedrals
2026-04-23 20:50:52,080 [ genlib ] [ INFO ] Updating impropers
2026-04-23 20:50:52,080 [ genlib ] [ INFO ] Building library files for TYR --> ASP mutant
2026-04-23 20:50:52,081 [ genlib ] [ INFO ] reading rtp file "aminoacids.rtp"
2026-04-23 20:50:52,106 [ genlib ] [ INFO ] ENTERED RINGS
2026-04-23 20:50:52,106 [ genlib ] [ INFO ] Making atom pairs
2026-04-23 20:50:52,107 [ genlib ] [ INFO ] Updating bond lists
2026-04-23 20:50:52,107 [ genlib ] [ INFO ] Updating dihedrals
2026-04-23 20:50:52,107 [ genlib ] [ INFO ] Updating impropers
2026-04-23 20:50:52,108 [ genlib ] [ INFO ] Building library files for TYR --> CYS mutant
2026-04-23 20:50:52,108 [ genlib ] [ INFO ] reading rtp file "aminoacids.rtp"
2026-04-23 20:50:52,134 [ genlib ] [ INFO ] ENTERED RINGS
2026-04-23 20:50:52,134 [ genlib ] [ INFO ] Making atom pairs
2026-04-23 20:50:52,135 [ genlib ] [ INFO ] Updating bond lists
2026-04-23 20:50:52,135 [ genlib ] [ INFO ] Updating dihedrals
2026-04-23 20:50:52,135 [ genlib ] [ INFO ] Updating impropers
2026-04-23 20:50:52,135 [ genlib ] [ INFO ] Building library files for TYR --> GLH mutant
2026-04-23 20:50:52,136 [ genlib ] [ INFO ] reading rtp file "aminoacids.rtp"
2026-04-23 20:50:52,161 [ genlib ] [ INFO ] ENTERED RINGS
2026-04-23 20:50:52,161 [ genlib ] [ INFO ] Making atom pairs
2026-04-23 20:50:52,164 [ genlib ] [ INFO ] Updating bond lists
2026-04-23 20:50:52,164 [ genlib ] [ INFO ] Updating dihedrals
2026-04-23 20:50:52,164 [ genlib ] [ INFO ] Updating impropers
2026-04-23 20:50:52,164 [ genlib ] [ INFO ] Building library files for TYR --> GLN mutant
2026-04-23 20:50:52,165 [ genlib ] [ INFO ] reading rtp file "aminoacids.rtp"
2026-04-23 20:50:52,191 [ genlib ] [ INFO ] ENTERED RINGS
2026-04-23 20:50:52,191 [ genlib ] [ INFO ] Making atom pairs
2026-04-23 20:50:52,193 [ genlib ] [ INFO ] Updating bond lists
2026-04-23 20:50:52,193 [ genlib ] [ INFO ] Updating dihedrals
2026-04-23 20:50:52,193 [ genlib ] [ INFO ] Updating impropers
2026-04-23 20:50:52,194 [ genlib ] [ INFO ] Building library files for TYR --> GLU mutant
2026-04-23 20:50:52,195 [ genlib ] [ INFO ] reading rtp file "aminoacids.rtp"
2026-04-23 20:50:52,221 [ genlib ] [ INFO ] ENTERED RINGS
2026-04-23 20:50:52,221 [ genlib ] [ INFO ] Making atom pairs
2026-04-23 20:50:52,223 [ genlib ] [ INFO ] Updating bond lists
2026-04-23 20:50:52,223 [ genlib ] [ INFO ] Updating dihedrals
2026-04-23 20:50:52,223 [ genlib ] [ INFO ] Updating impropers
2026-04-23 20:50:52,224 [ genlib ] [ INFO ] Building library files for TYR --> GLY mutant
2026-04-23 20:50:52,224 [ genlib ] [ INFO ] reading rtp file "aminoacids.rtp"
2026-04-23 20:50:52,250 [ genlib ] [ INFO ] ENTERED G
2026-04-23 20:50:52,250 [ genlib ] [ INFO ] Making atom pairs
2026-04-23 20:50:52,251 [ genlib ] [ INFO ] Updating bond lists
2026-04-23 20:50:52,251 [ genlib ] [ INFO ] Updating dihedrals
2026-04-23 20:50:52,251 [ genlib ] [ INFO ] Updating impropers
2026-04-23 20:50:52,251 [ genlib ] [ WARNING ] undefined
2026-04-23 20:50:52,251 [ genlib ] [ INFO ] Building library files for TYR --> HID mutant
2026-04-23 20:50:52,252 [ genlib ] [ INFO ] reading rtp file "aminoacids.rtp"
2026-04-23 20:50:52,277 [ genlib ] [ INFO ] ENTERED STANDARD
2026-04-23 20:50:52,277 [ genlib ] [ INFO ] Making atom pairs
2026-04-23 20:50:52,279 [ genlib ] [ INFO ] Updating bond lists
2026-04-23 20:50:52,280 [ genlib ] [ INFO ] Updating dihedrals
2026-04-23 20:50:52,280 [ genlib ] [ INFO ] Updating impropers
2026-04-23 20:50:52,280 [ genlib ] [ INFO ] Building library files for TYR --> HIE mutant
2026-04-23 20:50:52,281 [ genlib ] [ INFO ] reading rtp file "aminoacids.rtp"
2026-04-23 20:50:52,307 [ genlib ] [ INFO ] ENTERED STANDARD
2026-04-23 20:50:52,307 [ genlib ] [ INFO ] Making atom pairs
2026-04-23 20:50:52,309 [ genlib ] [ INFO ] Updating bond lists
2026-04-23 20:50:52,309 [ genlib ] [ INFO ] Updating dihedrals
2026-04-23 20:50:52,309 [ genlib ] [ INFO ] Updating impropers
2026-04-23 20:50:52,310 [ genlib ] [ INFO ] Building library files for TYR --> HIP mutant
2026-04-23 20:50:52,310 [ genlib ] [ INFO ] reading rtp file "aminoacids.rtp"
2026-04-23 20:50:52,336 [ genlib ] [ INFO ] ENTERED STANDARD
2026-04-23 20:50:52,336 [ genlib ] [ INFO ] Making atom pairs
2026-04-23 20:50:52,339 [ genlib ] [ INFO ] Updating bond lists
2026-04-23 20:50:52,339 [ genlib ] [ INFO ] Updating dihedrals
2026-04-23 20:50:52,339 [ genlib ] [ INFO ] Updating impropers
2026-04-23 20:50:52,340 [ genlib ] [ INFO ] Building library files for TYR --> ILE mutant
2026-04-23 20:50:52,340 [ genlib ] [ INFO ] reading rtp file "aminoacids.rtp"
2026-04-23 20:50:52,366 [ genlib ] [ INFO ] ENTERED T,A,V,I
2026-04-23 20:50:52,367 [ genlib ] [ INFO ] Making atom pairs
2026-04-23 20:50:52,372 [ genlib ] [ INFO ] Updating bond lists
2026-04-23 20:50:52,372 [ genlib ] [ INFO ] Updating dihedrals
2026-04-23 20:50:52,372 [ genlib ] [ INFO ] Updating impropers
2026-04-23 20:50:52,372 [ genlib ] [ INFO ] Building library files for TYR --> LEU mutant
2026-04-23 20:50:52,373 [ genlib ] [ INFO ] reading rtp file "aminoacids.rtp"
2026-04-23 20:50:52,398 [ genlib ] [ INFO ] ENTERED RINGS
2026-04-23 20:50:52,399 [ genlib ] [ INFO ] Making atom pairs
2026-04-23 20:50:52,402 [ genlib ] [ INFO ] Updating bond lists
2026-04-23 20:50:52,402 [ genlib ] [ INFO ] Updating dihedrals
2026-04-23 20:50:52,402 [ genlib ] [ INFO ] Updating impropers
2026-04-23 20:50:52,403 [ genlib ] [ INFO ] Building library files for TYR --> LYN mutant
2026-04-23 20:50:52,404 [ genlib ] [ INFO ] reading rtp file "aminoacids.rtp"
2026-04-23 20:50:52,430 [ genlib ] [ INFO ] ENTERED RINGS
2026-04-23 20:50:52,430 [ genlib ] [ INFO ] Making atom pairs
2026-04-23 20:50:52,435 [ genlib ] [ INFO ] Updating bond lists
2026-04-23 20:50:52,435 [ genlib ] [ INFO ] Updating dihedrals
2026-04-23 20:50:52,435 [ genlib ] [ INFO ] Updating impropers
2026-04-23 20:50:52,435 [ genlib ] [ INFO ] Building library files for TYR --> LYS mutant
2026-04-23 20:50:52,436 [ genlib ] [ INFO ] reading rtp file "aminoacids.rtp"
2026-04-23 20:50:52,462 [ genlib ] [ INFO ] ENTERED RINGS
2026-04-23 20:50:52,462 [ genlib ] [ INFO ] Making atom pairs
2026-04-23 20:50:52,468 [ genlib ] [ INFO ] Updating bond lists
2026-04-23 20:50:52,468 [ genlib ] [ INFO ] Updating dihedrals
2026-04-23 20:50:52,468 [ genlib ] [ INFO ] Updating impropers
2026-04-23 20:50:52,468 [ genlib ] [ INFO ] Building library files for TYR --> MET mutant
2026-04-23 20:50:52,469 [ genlib ] [ INFO ] reading rtp file "aminoacids.rtp"
2026-04-23 20:50:52,495 [ genlib ] [ INFO ] ENTERED RINGS
2026-04-23 20:50:52,495 [ genlib ] [ INFO ] Making atom pairs
2026-04-23 20:50:52,497 [ genlib ] [ INFO ] Updating bond lists
2026-04-23 20:50:52,497 [ genlib ] [ INFO ] Updating dihedrals
2026-04-23 20:50:52,497 [ genlib ] [ INFO ] Updating impropers
2026-04-23 20:50:52,498 [ genlib ] [ INFO ] Building library files for TYR --> PHE mutant
2026-04-23 20:50:52,499 [ genlib ] [ INFO ] reading rtp file "aminoacids.rtp"
2026-04-23 20:50:52,526 [ genlib ] [ INFO ] ENTERED MERGE BY NAMES
2026-04-23 20:50:52,526 [ genlib ] [ INFO ] Making atom pairs.........MERGE BY NAMES...
2026-04-23 20:50:52,526 [ genlib ] [ INFO ] Updating bond lists
2026-04-23 20:50:52,527 [ genlib ] [ INFO ] Updating dihedrals
2026-04-23 20:50:52,527 [ genlib ] [ INFO ] Updating impropers
2026-04-23 20:50:52,527 [ genlib ] [ INFO ] Building library files for TYR --> PRO mutant
2026-04-23 20:50:52,528 [ genlib ] [ INFO ] reading rtp file "aminoacids.rtp"
2026-04-23 20:50:52,554 [ genlib ] [ INFO ] ENTERED P
2026-04-23 20:50:52,554 [ genlib ] [ INFO ] Making atom pairs
2026-04-23 20:50:52,556 [ genlib ] [ INFO ] Updating bond lists
2026-04-23 20:50:52,557 [ genlib ] [ INFO ] Updating dihedrals
2026-04-23 20:50:52,557 [ genlib ] [ INFO ] Updating impropers
2026-04-23 20:50:52,557 [ genlib ] [ WARNING ] undefined
2026-04-23 20:50:52,557 [ genlib ] [ INFO ] Building library files for TYR --> SER mutant
2026-04-23 20:50:52,558 [ genlib ] [ INFO ] reading rtp file "aminoacids.rtp"
2026-04-23 20:50:52,584 [ genlib ] [ INFO ] ENTERED RINGS
2026-04-23 20:50:52,584 [ genlib ] [ INFO ] Making atom pairs
2026-04-23 20:50:52,585 [ genlib ] [ INFO ] Updating bond lists
2026-04-23 20:50:52,585 [ genlib ] [ INFO ] Updating dihedrals
2026-04-23 20:50:52,585 [ genlib ] [ INFO ] Updating impropers
2026-04-23 20:50:52,585 [ genlib ] [ INFO ] Building library files for TYR --> THR mutant
2026-04-23 20:50:52,586 [ genlib ] [ INFO ] reading rtp file "aminoacids.rtp"
2026-04-23 20:50:52,611 [ genlib ] [ INFO ] ENTERED T,A,V,I
2026-04-23 20:50:52,611 [ genlib ] [ INFO ] Making atom pairs
2026-04-23 20:50:52,613 [ genlib ] [ INFO ] Updating bond lists
2026-04-23 20:50:52,614 [ genlib ] [ INFO ] Updating dihedrals
2026-04-23 20:50:52,614 [ genlib ] [ INFO ] Updating impropers
2026-04-23 20:50:52,614 [ genlib ] [ INFO ] Building library files for TYR --> TRP mutant
2026-04-23 20:50:52,615 [ genlib ] [ INFO ] reading rtp file "aminoacids.rtp"
2026-04-23 20:50:52,642 [ genlib ] [ INFO ] ENTERED STANDARD
2026-04-23 20:50:52,642 [ genlib ] [ INFO ] Making atom pairs
2026-04-23 20:50:52,648 [ genlib ] [ INFO ] Updating bond lists
2026-04-23 20:50:52,648 [ genlib ] [ INFO ] Updating dihedrals
2026-04-23 20:50:52,648 [ genlib ] [ INFO ] Updating impropers
2026-04-23 20:50:52,649 [ genlib ] [ INFO ] Building library files for TYR --> VAL mutant
2026-04-23 20:50:52,649 [ genlib ] [ INFO ] reading rtp file "aminoacids.rtp"
2026-04-23 20:50:52,675 [ genlib ] [ INFO ] ENTERED T,A,V,I
2026-04-23 20:50:52,675 [ genlib ] [ INFO ] Making atom pairs
2026-04-23 20:50:52,679 [ genlib ] [ INFO ] Updating bond lists
2026-04-23 20:50:52,679 [ genlib ] [ INFO ] Updating dihedrals
2026-04-23 20:50:52,679 [ genlib ] [ INFO ] Updating impropers
2026-04-23 20:50:52,680 [ genlib ] [ INFO ] Building library files for VAL --> ALA mutant
2026-04-23 20:50:52,680 [ genlib ] [ INFO ] reading rtp file "aminoacids.rtp"
2026-04-23 20:50:52,706 [ genlib ] [ INFO ] ENTERED SIMPLE
2026-04-23 20:50:52,706 [ genlib ] [ INFO ] Making atom pairs
2026-04-23 20:50:52,706 [ genlib ] [ INFO ] Searching branch 1
2026-04-23 20:50:52,706 [ genlib ] [ INFO ] Searching order 2
2026-04-23 20:50:52,706 [ genlib ] [ INFO ] Checking atom HB
2026-04-23 20:50:52,706 [ genlib ] [ INFO ] Define atom pair: VAL|HB|HC|H          - > ALA|2HB|HC|H         (d = 0.06 A)
2026-04-23 20:50:52,706 [ genlib ] [ INFO ] Checking atom CG1
2026-04-23 20:50:52,706 [ genlib ] [ INFO ] No partner found for atom CG1
2026-04-23 20:50:52,706 [ genlib ] [ INFO ] Checking atom CG2
2026-04-23 20:50:52,706 [ genlib ] [ INFO ] Define atom pair: VAL|CG2|CT|C.3       - > ALA|1HB|HC|H         (d = 0.43 A)
2026-04-23 20:50:52,706 [ genlib ] [ INFO ] Searching order 3
2026-04-23 20:50:52,706 [ genlib ] [ INFO ] Checking atom 1HG2
2026-04-23 20:50:52,706 [ genlib ] [ INFO ] No partner found for atom 1HG2
2026-04-23 20:50:52,706 [ genlib ] [ INFO ] Checking atom 2HG2
2026-04-23 20:50:52,706 [ genlib ] [ INFO ] No partner found for atom 2HG2
2026-04-23 20:50:52,706 [ genlib ] [ INFO ] Checking atom 3HG2
2026-04-23 20:50:52,706 [ genlib ] [ INFO ] No partner found for atom 3HG2
2026-04-23 20:50:52,706 [ genlib ] [ INFO ] Searching order 4
2026-04-23 20:50:52,706 [ genlib ] [ INFO ] Searching order 5
2026-04-23 20:50:52,706 [ genlib ] [ INFO ] Searching order 6
2026-04-23 20:50:52,706 [ genlib ] [ INFO ] Searching order 7
2026-04-23 20:50:52,706 [ genlib ] [ INFO ] Searching branch 2
2026-04-23 20:50:52,706 [ genlib ] [ INFO ] Searching order 2
2026-04-23 20:50:52,706 [ genlib ] [ INFO ] Checking atom CG1
2026-04-23 20:50:52,706 [ genlib ] [ INFO ] No partner found for atom CG1
2026-04-23 20:50:52,706 [ genlib ] [ INFO ] Searching order 3
2026-04-23 20:50:52,706 [ genlib ] [ INFO ] Checking atom 1HG2
2026-04-23 20:50:52,706 [ genlib ] [ INFO ] No partner found for atom 1HG2
2026-04-23 20:50:52,706 [ genlib ] [ INFO ] Checking atom 2HG2
2026-04-23 20:50:52,706 [ genlib ] [ INFO ] No partner found for atom 2HG2
2026-04-23 20:50:52,706 [ genlib ] [ INFO ] Checking atom 3HG2
2026-04-23 20:50:52,706 [ genlib ] [ INFO ] No partner found for atom 3HG2
2026-04-23 20:50:52,706 [ genlib ] [ INFO ] Searching order 4
2026-04-23 20:50:52,706 [ genlib ] [ INFO ] Searching order 5
2026-04-23 20:50:52,706 [ genlib ] [ INFO ] Searching order 6
2026-04-23 20:50:52,706 [ genlib ] [ INFO ] Searching order 7
2026-04-23 20:50:52,706 [ genlib ] [ INFO ] Updating bond lists
2026-04-23 20:50:52,707 [ genlib ] [ INFO ] Updating dihedrals
2026-04-23 20:50:52,707 [ genlib ] [ INFO ] Updating impropers
2026-04-23 20:50:52,707 [ genlib ] [ INFO ] Building library files for VAL --> ARG mutant
2026-04-23 20:50:52,708 [ genlib ] [ INFO ] reading rtp file "aminoacids.rtp"
2026-04-23 20:50:52,733 [ genlib ] [ INFO ] ENTERED SIMPLE
2026-04-23 20:50:52,733 [ genlib ] [ INFO ] Making atom pairs
2026-04-23 20:50:52,733 [ genlib ] [ INFO ] Searching branch 1
2026-04-23 20:50:52,733 [ genlib ] [ INFO ] Searching order 2
2026-04-23 20:50:52,733 [ genlib ] [ INFO ] Checking atom HB
2026-04-23 20:50:52,733 [ genlib ] [ INFO ] Define atom pair: VAL|HB|HC|H          - > ARG|1HB|HC|H         (d = 0.03 A)
2026-04-23 20:50:52,733 [ genlib ] [ INFO ] Checking atom CG1
2026-04-23 20:50:52,733 [ genlib ] [ INFO ] Define atom pair: VAL|CG1|CT|C.3       - > ARG|2HB|HC|H         (d = 0.55 A)
2026-04-23 20:50:52,733 [ genlib ] [ INFO ] Checking atom CG2
2026-04-23 20:50:52,733 [ genlib ] [ INFO ] Define atom pair: VAL|CG2|CT|C.3       - > ARG|CG|CT|C.3        (d = 0.13 A)
2026-04-23 20:50:52,733 [ genlib ] [ INFO ] Searching order 3
2026-04-23 20:50:52,733 [ genlib ] [ INFO ] Checking atom 1HG1
2026-04-23 20:50:52,733 [ genlib ] [ INFO ] No partner found for atom 1HG1
2026-04-23 20:50:52,733 [ genlib ] [ INFO ] Checking atom 2HG1
2026-04-23 20:50:52,733 [ genlib ] [ INFO ] No partner found for atom 2HG1
2026-04-23 20:50:52,733 [ genlib ] [ INFO ] Checking atom 3HG1
2026-04-23 20:50:52,733 [ genlib ] [ INFO ] No partner found for atom 3HG1
2026-04-23 20:50:52,733 [ genlib ] [ INFO ] Checking atom 1HG2
2026-04-23 20:50:52,733 [ genlib ] [ INFO ] Define atom pair: VAL|1HG2|HC|H        - > ARG|CD|CT|C.3        (d = 0.46 A)
2026-04-23 20:50:52,733 [ genlib ] [ INFO ] Checking atom 2HG2
2026-04-23 20:50:52,733 [ genlib ] [ INFO ] Define atom pair: VAL|2HG2|HC|H        - > ARG|1HG|HC|H         (d = 0.15 A)
2026-04-23 20:50:52,733 [ genlib ] [ INFO ] Checking atom 3HG2
2026-04-23 20:50:52,733 [ genlib ] [ INFO ] Define atom pair: VAL|3HG2|HC|H        - > ARG|2HG|HC|H         (d = 0.20 A)
2026-04-23 20:50:52,733 [ genlib ] [ INFO ] Searching order 4
2026-04-23 20:50:52,733 [ genlib ] [ INFO ] Searching order 5
2026-04-23 20:50:52,733 [ genlib ] [ INFO ] Searching order 6
2026-04-23 20:50:52,733 [ genlib ] [ INFO ] Searching order 7
2026-04-23 20:50:52,733 [ genlib ] [ INFO ] Searching branch 2
2026-04-23 20:50:52,733 [ genlib ] [ INFO ] Searching order 2
2026-04-23 20:50:52,733 [ genlib ] [ INFO ] Searching order 3
2026-04-23 20:50:52,733 [ genlib ] [ INFO ] Checking atom 1HG1
2026-04-23 20:50:52,733 [ genlib ] [ INFO ] No partner found for atom 1HG1
2026-04-23 20:50:52,733 [ genlib ] [ INFO ] Checking atom 2HG1
2026-04-23 20:50:52,733 [ genlib ] [ INFO ] No partner found for atom 2HG1
2026-04-23 20:50:52,733 [ genlib ] [ INFO ] Checking atom 3HG1
2026-04-23 20:50:52,734 [ genlib ] [ INFO ] No partner found for atom 3HG1
2026-04-23 20:50:52,734 [ genlib ] [ INFO ] Searching order 4
2026-04-23 20:50:52,734 [ genlib ] [ INFO ] Searching order 5
2026-04-23 20:50:52,734 [ genlib ] [ INFO ] Searching order 6
2026-04-23 20:50:52,734 [ genlib ] [ INFO ] Searching order 7
2026-04-23 20:50:52,739 [ genlib ] [ INFO ] Updating bond lists
2026-04-23 20:50:52,739 [ genlib ] [ INFO ] Updating dihedrals
2026-04-23 20:50:52,739 [ genlib ] [ INFO ] Updating impropers
2026-04-23 20:50:52,739 [ genlib ] [ INFO ] Building library files for VAL --> ASH mutant
2026-04-23 20:50:52,740 [ genlib ] [ INFO ] reading rtp file "aminoacids.rtp"
2026-04-23 20:50:52,765 [ genlib ] [ INFO ] ENTERED SIMPLE
2026-04-23 20:50:52,765 [ genlib ] [ INFO ] Making atom pairs
2026-04-23 20:50:52,765 [ genlib ] [ INFO ] Searching branch 1
2026-04-23 20:50:52,765 [ genlib ] [ INFO ] Searching order 2
2026-04-23 20:50:52,765 [ genlib ] [ INFO ] Checking atom HB
2026-04-23 20:50:52,765 [ genlib ] [ INFO ] Define atom pair: VAL|HB|HC|H          - > ASH|1HB|HC|H         (d = 0.07 A)
2026-04-23 20:50:52,765 [ genlib ] [ INFO ] Checking atom CG1
2026-04-23 20:50:52,765 [ genlib ] [ INFO ] No partner found for atom CG1
2026-04-23 20:50:52,765 [ genlib ] [ INFO ] Checking atom CG2
2026-04-23 20:50:52,765 [ genlib ] [ INFO ] Define atom pair: VAL|CG2|CT|C.3       - > ASH|CG|C|C.2         (d = 0.10 A)
2026-04-23 20:50:52,765 [ genlib ] [ INFO ] Searching order 3
2026-04-23 20:50:52,765 [ genlib ] [ INFO ] Checking atom 1HG2
2026-04-23 20:50:52,765 [ genlib ] [ INFO ] Define atom pair: VAL|1HG2|HC|H        - > ASH|OD1|O|O.co2      (d = 0.20 A)
2026-04-23 20:50:52,765 [ genlib ] [ INFO ] Checking atom 2HG2
2026-04-23 20:50:52,765 [ genlib ] [ INFO ] No partner found for atom 2HG2
2026-04-23 20:50:52,765 [ genlib ] [ INFO ] Checking atom 3HG2
2026-04-23 20:50:52,765 [ genlib ] [ INFO ] No partner found for atom 3HG2
2026-04-23 20:50:52,765 [ genlib ] [ INFO ] Searching order 4
2026-04-23 20:50:52,765 [ genlib ] [ INFO ] Searching order 5
2026-04-23 20:50:52,765 [ genlib ] [ INFO ] Searching order 6
2026-04-23 20:50:52,765 [ genlib ] [ INFO ] Searching order 7
2026-04-23 20:50:52,765 [ genlib ] [ INFO ] Searching branch 2
2026-04-23 20:50:52,765 [ genlib ] [ INFO ] Searching order 2
2026-04-23 20:50:52,766 [ genlib ] [ INFO ] Checking atom CG1
2026-04-23 20:50:52,766 [ genlib ] [ INFO ] No partner found for atom CG1
2026-04-23 20:50:52,766 [ genlib ] [ INFO ] Searching order 3
2026-04-23 20:50:52,766 [ genlib ] [ INFO ] Checking atom 2HG2
2026-04-23 20:50:52,766 [ genlib ] [ INFO ] No partner found for atom 2HG2
2026-04-23 20:50:52,766 [ genlib ] [ INFO ] Checking atom 3HG2
2026-04-23 20:50:52,766 [ genlib ] [ INFO ] No partner found for atom 3HG2
2026-04-23 20:50:52,766 [ genlib ] [ INFO ] Searching order 4
2026-04-23 20:50:52,766 [ genlib ] [ INFO ] Searching order 5
2026-04-23 20:50:52,766 [ genlib ] [ INFO ] Searching order 6
2026-04-23 20:50:52,766 [ genlib ] [ INFO ] Searching order 7
2026-04-23 20:50:52,767 [ genlib ] [ INFO ] Updating bond lists
2026-04-23 20:50:52,767 [ genlib ] [ INFO ] Updating dihedrals
2026-04-23 20:50:52,767 [ genlib ] [ INFO ] Updating impropers
2026-04-23 20:50:52,767 [ genlib ] [ INFO ] Building library files for VAL --> ASN mutant
2026-04-23 20:50:52,768 [ genlib ] [ INFO ] reading rtp file "aminoacids.rtp"
2026-04-23 20:50:52,793 [ genlib ] [ INFO ] ENTERED SIMPLE
2026-04-23 20:50:52,793 [ genlib ] [ INFO ] Making atom pairs
2026-04-23 20:50:52,793 [ genlib ] [ INFO ] Searching branch 1
2026-04-23 20:50:52,793 [ genlib ] [ INFO ] Searching order 2
2026-04-23 20:50:52,793 [ genlib ] [ INFO ] Checking atom HB
2026-04-23 20:50:52,793 [ genlib ] [ INFO ] Define atom pair: VAL|HB|HC|H          - > ASN|1HB|HC|H         (d = 0.13 A)
2026-04-23 20:50:52,793 [ genlib ] [ INFO ] Checking atom CG1
2026-04-23 20:50:52,793 [ genlib ] [ INFO ] Define atom pair: VAL|CG1|CT|C.3       - > ASN|2HB|HC|H         (d = 0.52 A)
2026-04-23 20:50:52,793 [ genlib ] [ INFO ] Checking atom CG2
2026-04-23 20:50:52,793 [ genlib ] [ INFO ] Define atom pair: VAL|CG2|CT|C.3       - > ASN|CG|C|C.2         (d = 0.19 A)
2026-04-23 20:50:52,793 [ genlib ] [ INFO ] Searching order 3
2026-04-23 20:50:52,793 [ genlib ] [ INFO ] Checking atom 1HG1
2026-04-23 20:50:52,793 [ genlib ] [ INFO ] No partner found for atom 1HG1
2026-04-23 20:50:52,794 [ genlib ] [ INFO ] Checking atom 2HG1
2026-04-23 20:50:52,794 [ genlib ] [ INFO ] No partner found for atom 2HG1
2026-04-23 20:50:52,794 [ genlib ] [ INFO ] Checking atom 3HG1
2026-04-23 20:50:52,794 [ genlib ] [ INFO ] No partner found for atom 3HG1
2026-04-23 20:50:52,794 [ genlib ] [ INFO ] Checking atom 1HG2
2026-04-23 20:50:52,794 [ genlib ] [ INFO ] Define atom pair: VAL|1HG2|HC|H        - > ASN|OD1|O|O.2        (d = 0.33 A)
2026-04-23 20:50:52,794 [ genlib ] [ INFO ] Checking atom 2HG2
2026-04-23 20:50:52,794 [ genlib ] [ INFO ] No partner found for atom 2HG2
2026-04-23 20:50:52,794 [ genlib ] [ INFO ] Checking atom 3HG2
2026-04-23 20:50:52,794 [ genlib ] [ INFO ] No partner found for atom 3HG2
2026-04-23 20:50:52,794 [ genlib ] [ INFO ] Searching order 4
2026-04-23 20:50:52,794 [ genlib ] [ INFO ] Searching order 5
2026-04-23 20:50:52,794 [ genlib ] [ INFO ] Searching order 6
2026-04-23 20:50:52,794 [ genlib ] [ INFO ] Searching order 7
2026-04-23 20:50:52,794 [ genlib ] [ INFO ] Searching branch 2
2026-04-23 20:50:52,794 [ genlib ] [ INFO ] Searching order 2
2026-04-23 20:50:52,794 [ genlib ] [ INFO ] Searching order 3
2026-04-23 20:50:52,794 [ genlib ] [ INFO ] Checking atom 1HG1
2026-04-23 20:50:52,794 [ genlib ] [ INFO ] No partner found for atom 1HG1
2026-04-23 20:50:52,794 [ genlib ] [ INFO ] Checking atom 2HG1
2026-04-23 20:50:52,794 [ genlib ] [ INFO ] No partner found for atom 2HG1
2026-04-23 20:50:52,794 [ genlib ] [ INFO ] Checking atom 3HG1
2026-04-23 20:50:52,794 [ genlib ] [ INFO ] No partner found for atom 3HG1
2026-04-23 20:50:52,794 [ genlib ] [ INFO ] Checking atom 2HG2
2026-04-23 20:50:52,794 [ genlib ] [ INFO ] No partner found for atom 2HG2
2026-04-23 20:50:52,794 [ genlib ] [ INFO ] Checking atom 3HG2
2026-04-23 20:50:52,794 [ genlib ] [ INFO ] No partner found for atom 3HG2
2026-04-23 20:50:52,794 [ genlib ] [ INFO ] Searching order 4
2026-04-23 20:50:52,794 [ genlib ] [ INFO ] Searching order 5
2026-04-23 20:50:52,794 [ genlib ] [ INFO ] Searching order 6
2026-04-23 20:50:52,794 [ genlib ] [ INFO ] Searching order 7
2026-04-23 20:50:52,795 [ genlib ] [ INFO ] Updating bond lists
2026-04-23 20:50:52,795 [ genlib ] [ INFO ] Updating dihedrals
2026-04-23 20:50:52,795 [ genlib ] [ INFO ] Updating impropers
2026-04-23 20:50:52,795 [ genlib ] [ INFO ] Building library files for VAL --> ASP mutant
2026-04-23 20:50:52,796 [ genlib ] [ INFO ] reading rtp file "aminoacids.rtp"
2026-04-23 20:50:52,822 [ genlib ] [ INFO ] ENTERED SIMPLE
2026-04-23 20:50:52,822 [ genlib ] [ INFO ] Making atom pairs
2026-04-23 20:50:52,822 [ genlib ] [ INFO ] Searching branch 1
2026-04-23 20:50:52,822 [ genlib ] [ INFO ] Searching order 2
2026-04-23 20:50:52,822 [ genlib ] [ INFO ] Checking atom HB
2026-04-23 20:50:52,822 [ genlib ] [ INFO ] Define atom pair: VAL|HB|HC|H          - > ASP|1HB|HC|H         (d = 0.05 A)
2026-04-23 20:50:52,822 [ genlib ] [ INFO ] Checking atom CG1
2026-04-23 20:50:52,822 [ genlib ] [ INFO ] Define atom pair: VAL|CG1|CT|C.3       - > ASP|2HB|HC|H         (d = 0.51 A)
2026-04-23 20:50:52,822 [ genlib ] [ INFO ] Checking atom CG2
2026-04-23 20:50:52,822 [ genlib ] [ INFO ] Define atom pair: VAL|CG2|CT|C.3       - > ASP|CG|C|C.2         (d = 0.10 A)
2026-04-23 20:50:52,822 [ genlib ] [ INFO ] Searching order 3
2026-04-23 20:50:52,822 [ genlib ] [ INFO ] Checking atom 1HG1
2026-04-23 20:50:52,822 [ genlib ] [ INFO ] No partner found for atom 1HG1
2026-04-23 20:50:52,822 [ genlib ] [ INFO ] Checking atom 2HG1
2026-04-23 20:50:52,822 [ genlib ] [ INFO ] No partner found for atom 2HG1
2026-04-23 20:50:52,822 [ genlib ] [ INFO ] Checking atom 3HG1
2026-04-23 20:50:52,822 [ genlib ] [ INFO ] No partner found for atom 3HG1
2026-04-23 20:50:52,822 [ genlib ] [ INFO ] Checking atom 1HG2
2026-04-23 20:50:52,822 [ genlib ] [ INFO ] Define atom pair: VAL|1HG2|HC|H        - > ASP|OD1|O2|O.co2     (d = 0.20 A)
2026-04-23 20:50:52,822 [ genlib ] [ INFO ] Checking atom 2HG2
2026-04-23 20:50:52,822 [ genlib ] [ INFO ] No partner found for atom 2HG2
2026-04-23 20:50:52,822 [ genlib ] [ INFO ] Checking atom 3HG2
2026-04-23 20:50:52,822 [ genlib ] [ INFO ] No partner found for atom 3HG2
2026-04-23 20:50:52,822 [ genlib ] [ INFO ] Searching order 4
2026-04-23 20:50:52,822 [ genlib ] [ INFO ] Searching order 5
2026-04-23 20:50:52,822 [ genlib ] [ INFO ] Searching order 6
2026-04-23 20:50:52,822 [ genlib ] [ INFO ] Searching order 7
2026-04-23 20:50:52,822 [ genlib ] [ INFO ] Searching branch 2
2026-04-23 20:50:52,822 [ genlib ] [ INFO ] Searching order 2
2026-04-23 20:50:52,822 [ genlib ] [ INFO ] Searching order 3
2026-04-23 20:50:52,822 [ genlib ] [ INFO ] Checking atom 1HG1
2026-04-23 20:50:52,822 [ genlib ] [ INFO ] No partner found for atom 1HG1
2026-04-23 20:50:52,822 [ genlib ] [ INFO ] Checking atom 2HG1
2026-04-23 20:50:52,822 [ genlib ] [ INFO ] No partner found for atom 2HG1
2026-04-23 20:50:52,822 [ genlib ] [ INFO ] Checking atom 3HG1
2026-04-23 20:50:52,822 [ genlib ] [ INFO ] No partner found for atom 3HG1
2026-04-23 20:50:52,822 [ genlib ] [ INFO ] Checking atom 2HG2
2026-04-23 20:50:52,822 [ genlib ] [ INFO ] No partner found for atom 2HG2
2026-04-23 20:50:52,822 [ genlib ] [ INFO ] Checking atom 3HG2
2026-04-23 20:50:52,822 [ genlib ] [ INFO ] No partner found for atom 3HG2
2026-04-23 20:50:52,822 [ genlib ] [ INFO ] Searching order 4
2026-04-23 20:50:52,822 [ genlib ] [ INFO ] Searching order 5
2026-04-23 20:50:52,822 [ genlib ] [ INFO ] Searching order 6
2026-04-23 20:50:52,822 [ genlib ] [ INFO ] Searching order 7
2026-04-23 20:50:52,823 [ genlib ] [ INFO ] Updating bond lists
2026-04-23 20:50:52,823 [ genlib ] [ INFO ] Updating dihedrals
2026-04-23 20:50:52,823 [ genlib ] [ INFO ] Updating impropers
2026-04-23 20:50:52,823 [ genlib ] [ INFO ] Building library files for VAL --> CYS mutant
2026-04-23 20:50:52,824 [ genlib ] [ INFO ] reading rtp file "aminoacids.rtp"
2026-04-23 20:50:52,850 [ genlib ] [ INFO ] ENTERED SIMPLE
2026-04-23 20:50:52,850 [ genlib ] [ INFO ] Making atom pairs
2026-04-23 20:50:52,850 [ genlib ] [ INFO ] Searching branch 1
2026-04-23 20:50:52,850 [ genlib ] [ INFO ] Searching order 2
2026-04-23 20:50:52,850 [ genlib ] [ INFO ] Checking atom HB
2026-04-23 20:50:52,850 [ genlib ] [ INFO ] Define atom pair: VAL|HB|HC|H          - > CYS|1HB|H1|H         (d = 0.06 A)
2026-04-23 20:50:52,850 [ genlib ] [ INFO ] Checking atom CG1
2026-04-23 20:50:52,850 [ genlib ] [ INFO ] Define atom pair: VAL|CG1|CT|C.3       - > CYS|2HB|H1|H         (d = 0.54 A)
2026-04-23 20:50:52,850 [ genlib ] [ INFO ] Checking atom CG2
2026-04-23 20:50:52,850 [ genlib ] [ INFO ] Define atom pair: VAL|CG2|CT|C.3       - > CYS|SG|SH|S.3        (d = 0.36 A)
2026-04-23 20:50:52,850 [ genlib ] [ INFO ] Searching order 3
2026-04-23 20:50:52,850 [ genlib ] [ INFO ] Checking atom 1HG1
2026-04-23 20:50:52,850 [ genlib ] [ INFO ] No partner found for atom 1HG1
2026-04-23 20:50:52,850 [ genlib ] [ INFO ] Checking atom 2HG1
2026-04-23 20:50:52,850 [ genlib ] [ INFO ] No partner found for atom 2HG1
2026-04-23 20:50:52,850 [ genlib ] [ INFO ] Checking atom 3HG1
2026-04-23 20:50:52,850 [ genlib ] [ INFO ] No partner found for atom 3HG1
2026-04-23 20:50:52,850 [ genlib ] [ INFO ] Checking atom 1HG2
2026-04-23 20:50:52,850 [ genlib ] [ INFO ] Define atom pair: VAL|1HG2|HC|H        - > CYS|HG|HS|H          (d = 0.36 A)
2026-04-23 20:50:52,850 [ genlib ] [ INFO ] Checking atom 2HG2
2026-04-23 20:50:52,850 [ genlib ] [ INFO ] No partner found for atom 2HG2
2026-04-23 20:50:52,850 [ genlib ] [ INFO ] Checking atom 3HG2
2026-04-23 20:50:52,850 [ genlib ] [ INFO ] No partner found for atom 3HG2
2026-04-23 20:50:52,850 [ genlib ] [ INFO ] Searching order 4
2026-04-23 20:50:52,850 [ genlib ] [ INFO ] Searching order 5
2026-04-23 20:50:52,850 [ genlib ] [ INFO ] Searching order 6
2026-04-23 20:50:52,850 [ genlib ] [ INFO ] Searching order 7
2026-04-23 20:50:52,850 [ genlib ] [ INFO ] Searching branch 2
2026-04-23 20:50:52,850 [ genlib ] [ INFO ] Searching order 2
2026-04-23 20:50:52,850 [ genlib ] [ INFO ] Searching order 3
2026-04-23 20:50:52,850 [ genlib ] [ INFO ] Checking atom 1HG1
2026-04-23 20:50:52,850 [ genlib ] [ INFO ] No partner found for atom 1HG1
2026-04-23 20:50:52,850 [ genlib ] [ INFO ] Checking atom 2HG1
2026-04-23 20:50:52,850 [ genlib ] [ INFO ] No partner found for atom 2HG1
2026-04-23 20:50:52,850 [ genlib ] [ INFO ] Checking atom 3HG1
2026-04-23 20:50:52,850 [ genlib ] [ INFO ] No partner found for atom 3HG1
2026-04-23 20:50:52,850 [ genlib ] [ INFO ] Checking atom 2HG2
2026-04-23 20:50:52,850 [ genlib ] [ INFO ] No partner found for atom 2HG2
2026-04-23 20:50:52,850 [ genlib ] [ INFO ] Checking atom 3HG2
2026-04-23 20:50:52,850 [ genlib ] [ INFO ] No partner found for atom 3HG2
2026-04-23 20:50:52,850 [ genlib ] [ INFO ] Searching order 4
2026-04-23 20:50:52,850 [ genlib ] [ INFO ] Searching order 5
2026-04-23 20:50:52,850 [ genlib ] [ INFO ] Searching order 6
2026-04-23 20:50:52,850 [ genlib ] [ INFO ] Searching order 7
2026-04-23 20:50:52,851 [ genlib ] [ INFO ] Updating bond lists
2026-04-23 20:50:52,851 [ genlib ] [ INFO ] Updating dihedrals
2026-04-23 20:50:52,851 [ genlib ] [ INFO ] Updating impropers
2026-04-23 20:50:52,851 [ genlib ] [ INFO ] Building library files for VAL --> GLH mutant
2026-04-23 20:50:52,852 [ genlib ] [ INFO ] reading rtp file "aminoacids.rtp"
2026-04-23 20:50:52,877 [ genlib ] [ INFO ] ENTERED SIMPLE
2026-04-23 20:50:52,877 [ genlib ] [ INFO ] Making atom pairs
2026-04-23 20:50:52,877 [ genlib ] [ INFO ] Searching branch 1
2026-04-23 20:50:52,877 [ genlib ] [ INFO ] Searching order 2
2026-04-23 20:50:52,878 [ genlib ] [ INFO ] Checking atom HB
2026-04-23 20:50:52,878 [ genlib ] [ INFO ] Define atom pair: VAL|HB|HC|H          - > GLH|1HB|HC|H         (d = 0.13 A)
2026-04-23 20:50:52,878 [ genlib ] [ INFO ] Checking atom CG1
2026-04-23 20:50:52,878 [ genlib ] [ INFO ] No partner found for atom CG1
2026-04-23 20:50:52,878 [ genlib ] [ INFO ] Checking atom CG2
2026-04-23 20:50:52,878 [ genlib ] [ INFO ] Define atom pair: VAL|CG2|CT|C.3       - > GLH|CG|CT|C.3        (d = 0.16 A)
2026-04-23 20:50:52,878 [ genlib ] [ INFO ] Searching order 3
2026-04-23 20:50:52,878 [ genlib ] [ INFO ] Checking atom 1HG2
2026-04-23 20:50:52,878 [ genlib ] [ INFO ] Define atom pair: VAL|1HG2|HC|H        - > GLH|CD|C|C.2         (d = 0.37 A)
2026-04-23 20:50:52,878 [ genlib ] [ INFO ] Checking atom 2HG2
2026-04-23 20:50:52,878 [ genlib ] [ INFO ] Define atom pair: VAL|2HG2|HC|H        - > GLH|1HG|HC|H         (d = 0.24 A)
2026-04-23 20:50:52,878 [ genlib ] [ INFO ] Checking atom 3HG2
2026-04-23 20:50:52,878 [ genlib ] [ INFO ] Define atom pair: VAL|3HG2|HC|H        - > GLH|2HG|HC|H         (d = 0.26 A)
2026-04-23 20:50:52,878 [ genlib ] [ INFO ] Searching order 4
2026-04-23 20:50:52,878 [ genlib ] [ INFO ] Searching order 5
2026-04-23 20:50:52,878 [ genlib ] [ INFO ] Searching order 6
2026-04-23 20:50:52,878 [ genlib ] [ INFO ] Searching order 7
2026-04-23 20:50:52,878 [ genlib ] [ INFO ] Searching branch 2
2026-04-23 20:50:52,878 [ genlib ] [ INFO ] Searching order 2
2026-04-23 20:50:52,878 [ genlib ] [ INFO ] Checking atom CG1
2026-04-23 20:50:52,878 [ genlib ] [ INFO ] No partner found for atom CG1
2026-04-23 20:50:52,878 [ genlib ] [ INFO ] Searching order 3
2026-04-23 20:50:52,878 [ genlib ] [ INFO ] Searching order 4
2026-04-23 20:50:52,878 [ genlib ] [ INFO ] Searching order 5
2026-04-23 20:50:52,878 [ genlib ] [ INFO ] Searching order 6
2026-04-23 20:50:52,878 [ genlib ] [ INFO ] Searching order 7
2026-04-23 20:50:52,879 [ genlib ] [ INFO ] Updating bond lists
2026-04-23 20:50:52,879 [ genlib ] [ INFO ] Updating dihedrals
2026-04-23 20:50:52,879 [ genlib ] [ INFO ] Updating impropers
2026-04-23 20:50:52,880 [ genlib ] [ INFO ] Building library files for VAL --> GLN mutant
2026-04-23 20:50:52,880 [ genlib ] [ INFO ] reading rtp file "aminoacids.rtp"
2026-04-23 20:50:52,906 [ genlib ] [ INFO ] ENTERED SIMPLE
2026-04-23 20:50:52,906 [ genlib ] [ INFO ] Making atom pairs
2026-04-23 20:50:52,906 [ genlib ] [ INFO ] Searching branch 1
2026-04-23 20:50:52,906 [ genlib ] [ INFO ] Searching order 2
2026-04-23 20:50:52,906 [ genlib ] [ INFO ] Checking atom HB
2026-04-23 20:50:52,906 [ genlib ] [ INFO ] Define atom pair: VAL|HB|HC|H          - > GLN|1HB|HC|H         (d = 0.01 A)
2026-04-23 20:50:52,906 [ genlib ] [ INFO ] Checking atom CG1
2026-04-23 20:50:52,906 [ genlib ] [ INFO ] Define atom pair: VAL|CG1|CT|C.3       - > GLN|2HB|HC|H         (d = 0.52 A)
2026-04-23 20:50:52,906 [ genlib ] [ INFO ] Checking atom CG2
2026-04-23 20:50:52,906 [ genlib ] [ INFO ] Define atom pair: VAL|CG2|CT|C.3       - > GLN|CG|CT|C.3        (d = 0.09 A)
2026-04-23 20:50:52,906 [ genlib ] [ INFO ] Searching order 3
2026-04-23 20:50:52,906 [ genlib ] [ INFO ] Checking atom 1HG1
2026-04-23 20:50:52,906 [ genlib ] [ INFO ] No partner found for atom 1HG1
2026-04-23 20:50:52,906 [ genlib ] [ INFO ] Checking atom 2HG1
2026-04-23 20:50:52,906 [ genlib ] [ INFO ] No partner found for atom 2HG1
2026-04-23 20:50:52,906 [ genlib ] [ INFO ] Checking atom 3HG1
2026-04-23 20:50:52,906 [ genlib ] [ INFO ] No partner found for atom 3HG1
2026-04-23 20:50:52,906 [ genlib ] [ INFO ] Checking atom 1HG2
2026-04-23 20:50:52,906 [ genlib ] [ INFO ] Define atom pair: VAL|1HG2|HC|H        - > GLN|CD|C|C.2         (d = 0.46 A)
2026-04-23 20:50:52,906 [ genlib ] [ INFO ] Checking atom 2HG2
2026-04-23 20:50:52,906 [ genlib ] [ INFO ] Define atom pair: VAL|2HG2|HC|H        - > GLN|1HG|HC|H         (d = 0.10 A)
2026-04-23 20:50:52,906 [ genlib ] [ INFO ] Checking atom 3HG2
2026-04-23 20:50:52,906 [ genlib ] [ INFO ] Define atom pair: VAL|3HG2|HC|H        - > GLN|2HG|HC|H         (d = 0.15 A)
2026-04-23 20:50:52,906 [ genlib ] [ INFO ] Searching order 4
2026-04-23 20:50:52,906 [ genlib ] [ INFO ] Searching order 5
2026-04-23 20:50:52,906 [ genlib ] [ INFO ] Searching order 6
2026-04-23 20:50:52,906 [ genlib ] [ INFO ] Searching order 7
2026-04-23 20:50:52,906 [ genlib ] [ INFO ] Searching branch 2
2026-04-23 20:50:52,906 [ genlib ] [ INFO ] Searching order 2
2026-04-23 20:50:52,906 [ genlib ] [ INFO ] Searching order 3
2026-04-23 20:50:52,906 [ genlib ] [ INFO ] Checking atom 1HG1
2026-04-23 20:50:52,906 [ genlib ] [ INFO ] No partner found for atom 1HG1
2026-04-23 20:50:52,906 [ genlib ] [ INFO ] Checking atom 2HG1
2026-04-23 20:50:52,906 [ genlib ] [ INFO ] No partner found for atom 2HG1
2026-04-23 20:50:52,906 [ genlib ] [ INFO ] Checking atom 3HG1
2026-04-23 20:50:52,906 [ genlib ] [ INFO ] No partner found for atom 3HG1
2026-04-23 20:50:52,906 [ genlib ] [ INFO ] Searching order 4
2026-04-23 20:50:52,906 [ genlib ] [ INFO ] Searching order 5
2026-04-23 20:50:52,906 [ genlib ] [ INFO ] Searching order 6
2026-04-23 20:50:52,906 [ genlib ] [ INFO ] Searching order 7
2026-04-23 20:50:52,908 [ genlib ] [ INFO ] Updating bond lists
2026-04-23 20:50:52,908 [ genlib ] [ INFO ] Updating dihedrals
2026-04-23 20:50:52,908 [ genlib ] [ INFO ] Updating impropers
2026-04-23 20:50:52,908 [ genlib ] [ INFO ] Building library files for VAL --> GLU mutant
2026-04-23 20:50:52,909 [ genlib ] [ INFO ] reading rtp file "aminoacids.rtp"
2026-04-23 20:50:52,935 [ genlib ] [ INFO ] ENTERED SIMPLE
2026-04-23 20:50:52,935 [ genlib ] [ INFO ] Making atom pairs
2026-04-23 20:50:52,935 [ genlib ] [ INFO ] Searching branch 1
2026-04-23 20:50:52,935 [ genlib ] [ INFO ] Searching order 2
2026-04-23 20:50:52,935 [ genlib ] [ INFO ] Checking atom HB
2026-04-23 20:50:52,935 [ genlib ] [ INFO ] Define atom pair: VAL|HB|HC|H          - > GLU|1HB|HC|H         (d = 0.10 A)
2026-04-23 20:50:52,935 [ genlib ] [ INFO ] Checking atom CG1
2026-04-23 20:50:52,935 [ genlib ] [ INFO ] Define atom pair: VAL|CG1|CT|C.3       - > GLU|2HB|HC|H         (d = 0.45 A)
2026-04-23 20:50:52,935 [ genlib ] [ INFO ] Checking atom CG2
2026-04-23 20:50:52,935 [ genlib ] [ INFO ] Define atom pair: VAL|CG2|CT|C.3       - > GLU|CG|CT|C.3        (d = 0.16 A)
2026-04-23 20:50:52,935 [ genlib ] [ INFO ] Searching order 3
2026-04-23 20:50:52,935 [ genlib ] [ INFO ] Checking atom 1HG1
2026-04-23 20:50:52,935 [ genlib ] [ INFO ] No partner found for atom 1HG1
2026-04-23 20:50:52,935 [ genlib ] [ INFO ] Checking atom 2HG1
2026-04-23 20:50:52,935 [ genlib ] [ INFO ] No partner found for atom 2HG1
2026-04-23 20:50:52,935 [ genlib ] [ INFO ] Checking atom 3HG1
2026-04-23 20:50:52,935 [ genlib ] [ INFO ] No partner found for atom 3HG1
2026-04-23 20:50:52,935 [ genlib ] [ INFO ] Checking atom 1HG2
2026-04-23 20:50:52,935 [ genlib ] [ INFO ] Define atom pair: VAL|1HG2|HC|H        - > GLU|CD|C|C.2         (d = 0.37 A)
2026-04-23 20:50:52,935 [ genlib ] [ INFO ] Checking atom 2HG2
2026-04-23 20:50:52,935 [ genlib ] [ INFO ] Define atom pair: VAL|2HG2|HC|H        - > GLU|1HG|HC|H         (d = 0.22 A)
2026-04-23 20:50:52,935 [ genlib ] [ INFO ] Checking atom 3HG2
2026-04-23 20:50:52,935 [ genlib ] [ INFO ] Define atom pair: VAL|3HG2|HC|H        - > GLU|2HG|HC|H         (d = 0.25 A)
2026-04-23 20:50:52,935 [ genlib ] [ INFO ] Searching order 4
2026-04-23 20:50:52,935 [ genlib ] [ INFO ] Searching order 5
2026-04-23 20:50:52,935 [ genlib ] [ INFO ] Searching order 6
2026-04-23 20:50:52,935 [ genlib ] [ INFO ] Searching order 7
2026-04-23 20:50:52,935 [ genlib ] [ INFO ] Searching branch 2
2026-04-23 20:50:52,935 [ genlib ] [ INFO ] Searching order 2
2026-04-23 20:50:52,935 [ genlib ] [ INFO ] Searching order 3
2026-04-23 20:50:52,935 [ genlib ] [ INFO ] Checking atom 1HG1
2026-04-23 20:50:52,935 [ genlib ] [ INFO ] No partner found for atom 1HG1
2026-04-23 20:50:52,935 [ genlib ] [ INFO ] Checking atom 2HG1
2026-04-23 20:50:52,935 [ genlib ] [ INFO ] No partner found for atom 2HG1
2026-04-23 20:50:52,935 [ genlib ] [ INFO ] Checking atom 3HG1
2026-04-23 20:50:52,935 [ genlib ] [ INFO ] No partner found for atom 3HG1
2026-04-23 20:50:52,935 [ genlib ] [ INFO ] Searching order 4
2026-04-23 20:50:52,935 [ genlib ] [ INFO ] Searching order 5
2026-04-23 20:50:52,935 [ genlib ] [ INFO ] Searching order 6
2026-04-23 20:50:52,935 [ genlib ] [ INFO ] Searching order 7
2026-04-23 20:50:52,936 [ genlib ] [ INFO ] Updating bond lists
2026-04-23 20:50:52,936 [ genlib ] [ INFO ] Updating dihedrals
2026-04-23 20:50:52,936 [ genlib ] [ INFO ] Updating impropers
2026-04-23 20:50:52,936 [ genlib ] [ INFO ] Building library files for VAL --> GLY mutant
2026-04-23 20:50:52,937 [ genlib ] [ INFO ] reading rtp file "aminoacids.rtp"
2026-04-23 20:50:52,963 [ genlib ] [ INFO ] ENTERED G
2026-04-23 20:50:52,963 [ genlib ] [ INFO ] Making atom pairs
2026-04-23 20:50:52,963 [ genlib ] [ INFO ] Updating bond lists
2026-04-23 20:50:52,963 [ genlib ] [ INFO ] Updating dihedrals
2026-04-23 20:50:52,963 [ genlib ] [ INFO ] Updating impropers
2026-04-23 20:50:52,963 [ genlib ] [ WARNING ] undefined
2026-04-23 20:50:52,964 [ genlib ] [ INFO ] Building library files for VAL --> HID mutant
2026-04-23 20:50:52,964 [ genlib ] [ INFO ] reading rtp file "aminoacids.rtp"
2026-04-23 20:50:52,990 [ genlib ] [ INFO ] ENTERED T,A,V,I
2026-04-23 20:50:52,990 [ genlib ] [ INFO ] Making atom pairs
2026-04-23 20:50:52,993 [ genlib ] [ INFO ] Updating bond lists
2026-04-23 20:50:52,994 [ genlib ] [ INFO ] Updating dihedrals
2026-04-23 20:50:52,994 [ genlib ] [ INFO ] Updating impropers
2026-04-23 20:50:52,994 [ genlib ] [ INFO ] Building library files for VAL --> HIE mutant
2026-04-23 20:50:52,995 [ genlib ] [ INFO ] reading rtp file "aminoacids.rtp"
2026-04-23 20:50:53,021 [ genlib ] [ INFO ] ENTERED T,A,V,I
2026-04-23 20:50:53,021 [ genlib ] [ INFO ] Making atom pairs
2026-04-23 20:50:53,024 [ genlib ] [ INFO ] Updating bond lists
2026-04-23 20:50:53,024 [ genlib ] [ INFO ] Updating dihedrals
2026-04-23 20:50:53,024 [ genlib ] [ INFO ] Updating impropers
2026-04-23 20:50:53,025 [ genlib ] [ INFO ] Building library files for VAL --> HIP mutant
2026-04-23 20:50:53,025 [ genlib ] [ INFO ] reading rtp file "aminoacids.rtp"
2026-04-23 20:50:53,051 [ genlib ] [ INFO ] ENTERED T,A,V,I
2026-04-23 20:50:53,051 [ genlib ] [ INFO ] Making atom pairs
2026-04-23 20:50:53,055 [ genlib ] [ INFO ] Updating bond lists
2026-04-23 20:50:53,055 [ genlib ] [ INFO ] Updating dihedrals
2026-04-23 20:50:53,055 [ genlib ] [ INFO ] Updating impropers
2026-04-23 20:50:53,056 [ genlib ] [ INFO ] Building library files for VAL --> ILE mutant
2026-04-23 20:50:53,057 [ genlib ] [ INFO ] reading rtp file "aminoacids.rtp"
2026-04-23 20:50:53,083 [ genlib ] [ INFO ] ENTERED SIMPLE
2026-04-23 20:50:53,083 [ genlib ] [ INFO ] Making atom pairs
2026-04-23 20:50:53,083 [ genlib ] [ INFO ] Searching branch 1
2026-04-23 20:50:53,083 [ genlib ] [ INFO ] Searching order 2
2026-04-23 20:50:53,083 [ genlib ] [ INFO ] Checking atom HB
2026-04-23 20:50:53,083 [ genlib ] [ INFO ] Define atom pair: VAL|HB|HC|H          - > ILE|HB|HC|H          (d = 0.10 A)
2026-04-23 20:50:53,083 [ genlib ] [ INFO ] Checking atom CG1
2026-04-23 20:50:53,083 [ genlib ] [ INFO ] Define atom pair: VAL|CG1|CT|C.3       - > ILE|CG2|CT|C.3       (d = 0.08 A)
2026-04-23 20:50:53,083 [ genlib ] [ INFO ] Checking atom CG2
2026-04-23 20:50:53,083 [ genlib ] [ INFO ] Define atom pair: VAL|CG2|CT|C.3       - > ILE|CG1|CT|C.3       (d = 0.13 A)
2026-04-23 20:50:53,083 [ genlib ] [ INFO ] Searching order 3
2026-04-23 20:50:53,083 [ genlib ] [ INFO ] Checking atom 1HG1
2026-04-23 20:50:53,083 [ genlib ] [ INFO ] Define atom pair: VAL|1HG1|HC|H        - > ILE|1HG2|HC|H        (d = 0.08 A)
2026-04-23 20:50:53,083 [ genlib ] [ INFO ] Checking atom 2HG1
2026-04-23 20:50:53,083 [ genlib ] [ INFO ] Define atom pair: VAL|2HG1|HC|H        - > ILE|2HG2|HC|H        (d = 0.10 A)
2026-04-23 20:50:53,083 [ genlib ] [ INFO ] Checking atom 3HG1
2026-04-23 20:50:53,083 [ genlib ] [ INFO ] Define atom pair: VAL|3HG1|HC|H        - > ILE|3HG2|HC|H        (d = 0.09 A)
2026-04-23 20:50:53,083 [ genlib ] [ INFO ] Checking atom 1HG2
2026-04-23 20:50:53,083 [ genlib ] [ INFO ] Define atom pair: VAL|1HG2|HC|H        - > ILE|CD1|CT|C.3       (d = 0.39 A)
2026-04-23 20:50:53,083 [ genlib ] [ INFO ] Checking atom 2HG2
2026-04-23 20:50:53,083 [ genlib ] [ INFO ] Define atom pair: VAL|2HG2|HC|H        - > ILE|1HG1|HC|H        (d = 0.18 A)
2026-04-23 20:50:53,083 [ genlib ] [ INFO ] Checking atom 3HG2
2026-04-23 20:50:53,083 [ genlib ] [ INFO ] Define atom pair: VAL|3HG2|HC|H        - > ILE|2HG1|HC|H        (d = 0.18 A)
2026-04-23 20:50:53,083 [ genlib ] [ INFO ] Searching order 4
2026-04-23 20:50:53,083 [ genlib ] [ INFO ] Searching order 5
2026-04-23 20:50:53,083 [ genlib ] [ INFO ] Searching order 6
2026-04-23 20:50:53,083 [ genlib ] [ INFO ] Searching order 7
2026-04-23 20:50:53,083 [ genlib ] [ INFO ] Searching branch 2
2026-04-23 20:50:53,083 [ genlib ] [ INFO ] Searching order 2
2026-04-23 20:50:53,083 [ genlib ] [ INFO ] Searching order 3
2026-04-23 20:50:53,083 [ genlib ] [ INFO ] Searching order 4
2026-04-23 20:50:53,083 [ genlib ] [ INFO ] Searching order 5
2026-04-23 20:50:53,083 [ genlib ] [ INFO ] Searching order 6
2026-04-23 20:50:53,083 [ genlib ] [ INFO ] Searching order 7
2026-04-23 20:50:53,084 [ genlib ] [ INFO ] Updating bond lists
2026-04-23 20:50:53,085 [ genlib ] [ INFO ] Updating dihedrals
2026-04-23 20:50:53,085 [ genlib ] [ INFO ] Updating impropers
2026-04-23 20:50:53,085 [ genlib ] [ INFO ] Building library files for VAL --> LEU mutant
2026-04-23 20:50:53,086 [ genlib ] [ INFO ] reading rtp file "aminoacids.rtp"
2026-04-23 20:50:53,113 [ genlib ] [ INFO ] ENTERED SIMPLE
2026-04-23 20:50:53,113 [ genlib ] [ INFO ] Making atom pairs
2026-04-23 20:50:53,113 [ genlib ] [ INFO ] Searching branch 1
2026-04-23 20:50:53,113 [ genlib ] [ INFO ] Searching order 2
2026-04-23 20:50:53,113 [ genlib ] [ INFO ] Checking atom HB
2026-04-23 20:50:53,113 [ genlib ] [ INFO ] Define atom pair: VAL|HB|HC|H          - > LEU|1HB|HC|H         (d = 0.09 A)
2026-04-23 20:50:53,113 [ genlib ] [ INFO ] Checking atom CG1
2026-04-23 20:50:53,113 [ genlib ] [ INFO ] Define atom pair: VAL|CG1|CT|C.3       - > LEU|2HB|HC|H         (d = 0.53 A)
2026-04-23 20:50:53,113 [ genlib ] [ INFO ] Checking atom CG2
2026-04-23 20:50:53,113 [ genlib ] [ INFO ] Define atom pair: VAL|CG2|CT|C.3       - > LEU|CG|CT|C.3        (d = 0.18 A)
2026-04-23 20:50:53,113 [ genlib ] [ INFO ] Searching order 3
2026-04-23 20:50:53,113 [ genlib ] [ INFO ] Checking atom 1HG1
2026-04-23 20:50:53,113 [ genlib ] [ INFO ] No partner found for atom 1HG1
2026-04-23 20:50:53,113 [ genlib ] [ INFO ] Checking atom 2HG1
2026-04-23 20:50:53,113 [ genlib ] [ INFO ] No partner found for atom 2HG1
2026-04-23 20:50:53,113 [ genlib ] [ INFO ] Checking atom 3HG1
2026-04-23 20:50:53,113 [ genlib ] [ INFO ] No partner found for atom 3HG1
2026-04-23 20:50:53,113 [ genlib ] [ INFO ] Checking atom 1HG2
2026-04-23 20:50:53,113 [ genlib ] [ INFO ] Define atom pair: VAL|1HG2|HC|H        - > LEU|CD1|CT|C.3       (d = 0.34 A)
2026-04-23 20:50:53,113 [ genlib ] [ INFO ] Checking atom 2HG2
2026-04-23 20:50:53,113 [ genlib ] [ INFO ] No partner found for atom 2HG2
2026-04-23 20:50:53,113 [ genlib ] [ INFO ] Checking atom 3HG2
2026-04-23 20:50:53,113 [ genlib ] [ INFO ] Define atom pair: VAL|3HG2|HC|H        - > LEU|HG|HC|H          (d = 0.23 A)
2026-04-23 20:50:53,113 [ genlib ] [ INFO ] Searching order 4
2026-04-23 20:50:53,113 [ genlib ] [ INFO ] Searching order 5
2026-04-23 20:50:53,113 [ genlib ] [ INFO ] Searching order 6
2026-04-23 20:50:53,113 [ genlib ] [ INFO ] Searching order 7
2026-04-23 20:50:53,113 [ genlib ] [ INFO ] Searching branch 2
2026-04-23 20:50:53,113 [ genlib ] [ INFO ] Searching order 2
2026-04-23 20:50:53,113 [ genlib ] [ INFO ] Searching order 3
2026-04-23 20:50:53,113 [ genlib ] [ INFO ] Checking atom 1HG1
2026-04-23 20:50:53,113 [ genlib ] [ INFO ] No partner found for atom 1HG1
2026-04-23 20:50:53,113 [ genlib ] [ INFO ] Checking atom 2HG1
2026-04-23 20:50:53,113 [ genlib ] [ INFO ] No partner found for atom 2HG1
2026-04-23 20:50:53,113 [ genlib ] [ INFO ] Checking atom 3HG1
2026-04-23 20:50:53,113 [ genlib ] [ INFO ] No partner found for atom 3HG1
2026-04-23 20:50:53,113 [ genlib ] [ INFO ] Checking atom 2HG2
2026-04-23 20:50:53,113 [ genlib ] [ INFO ] No partner found for atom 2HG2
2026-04-23 20:50:53,113 [ genlib ] [ INFO ] Searching order 4
2026-04-23 20:50:53,113 [ genlib ] [ INFO ] Searching order 5
2026-04-23 20:50:53,113 [ genlib ] [ INFO ] Searching order 6
2026-04-23 20:50:53,113 [ genlib ] [ INFO ] Searching order 7
2026-04-23 20:50:53,116 [ genlib ] [ INFO ] Updating bond lists
2026-04-23 20:50:53,116 [ genlib ] [ INFO ] Updating dihedrals
2026-04-23 20:50:53,116 [ genlib ] [ INFO ] Updating impropers
2026-04-23 20:50:53,116 [ genlib ] [ INFO ] Building library files for VAL --> LYN mutant
2026-04-23 20:50:53,117 [ genlib ] [ INFO ] reading rtp file "aminoacids.rtp"
2026-04-23 20:50:53,143 [ genlib ] [ INFO ] ENTERED SIMPLE
2026-04-23 20:50:53,143 [ genlib ] [ INFO ] Making atom pairs
2026-04-23 20:50:53,143 [ genlib ] [ INFO ] Searching branch 1
2026-04-23 20:50:53,143 [ genlib ] [ INFO ] Searching order 2
2026-04-23 20:50:53,143 [ genlib ] [ INFO ] Checking atom HB
2026-04-23 20:50:53,143 [ genlib ] [ INFO ] Define atom pair: VAL|HB|HC|H          - > LYN|1HB|HC|H         (d = 0.10 A)
2026-04-23 20:50:53,143 [ genlib ] [ INFO ] Checking atom CG1
2026-04-23 20:50:53,143 [ genlib ] [ INFO ] No partner found for atom CG1
2026-04-23 20:50:53,143 [ genlib ] [ INFO ] Checking atom CG2
2026-04-23 20:50:53,143 [ genlib ] [ INFO ] Define atom pair: VAL|CG2|CT|C.3       - > LYN|CG|CT|C.3        (d = 0.13 A)
2026-04-23 20:50:53,143 [ genlib ] [ INFO ] Searching order 3
2026-04-23 20:50:53,143 [ genlib ] [ INFO ] Checking atom 1HG2
2026-04-23 20:50:53,143 [ genlib ] [ INFO ] Define atom pair: VAL|1HG2|HC|H        - > LYN|CD|CT|C.3        (d = 0.46 A)
2026-04-23 20:50:53,143 [ genlib ] [ INFO ] Checking atom 2HG2
2026-04-23 20:50:53,143 [ genlib ] [ INFO ] Define atom pair: VAL|2HG2|HC|H        - > LYN|1HG|HC|H         (d = 0.07 A)
2026-04-23 20:50:53,143 [ genlib ] [ INFO ] Checking atom 3HG2
2026-04-23 20:50:53,143 [ genlib ] [ INFO ] Define atom pair: VAL|3HG2|HC|H        - > LYN|2HG|HC|H         (d = 0.20 A)
2026-04-23 20:50:53,143 [ genlib ] [ INFO ] Searching order 4
2026-04-23 20:50:53,143 [ genlib ] [ INFO ] Searching order 5
2026-04-23 20:50:53,143 [ genlib ] [ INFO ] Searching order 6
2026-04-23 20:50:53,143 [ genlib ] [ INFO ] Searching order 7
2026-04-23 20:50:53,143 [ genlib ] [ INFO ] Searching branch 2
2026-04-23 20:50:53,143 [ genlib ] [ INFO ] Searching order 2
2026-04-23 20:50:53,143 [ genlib ] [ INFO ] Checking atom CG1
2026-04-23 20:50:53,143 [ genlib ] [ INFO ] No partner found for atom CG1
2026-04-23 20:50:53,143 [ genlib ] [ INFO ] Searching order 3
2026-04-23 20:50:53,143 [ genlib ] [ INFO ] Searching order 4
2026-04-23 20:50:53,143 [ genlib ] [ INFO ] Searching order 5
2026-04-23 20:50:53,143 [ genlib ] [ INFO ] Searching order 6
2026-04-23 20:50:53,144 [ genlib ] [ INFO ] Searching order 7
2026-04-23 20:50:53,147 [ genlib ] [ INFO ] Updating bond lists
2026-04-23 20:50:53,147 [ genlib ] [ INFO ] Updating dihedrals
2026-04-23 20:50:53,147 [ genlib ] [ INFO ] Updating impropers
2026-04-23 20:50:53,148 [ genlib ] [ INFO ] Building library files for VAL --> LYS mutant
2026-04-23 20:50:53,148 [ genlib ] [ INFO ] reading rtp file "aminoacids.rtp"
2026-04-23 20:50:53,175 [ genlib ] [ INFO ] ENTERED SIMPLE
2026-04-23 20:50:53,175 [ genlib ] [ INFO ] Making atom pairs
2026-04-23 20:50:53,175 [ genlib ] [ INFO ] Searching branch 1
2026-04-23 20:50:53,175 [ genlib ] [ INFO ] Searching order 2
2026-04-23 20:50:53,175 [ genlib ] [ INFO ] Checking atom HB
2026-04-23 20:50:53,175 [ genlib ] [ INFO ] Define atom pair: VAL|HB|HC|H          - > LYS|1HB|HC|H         (d = 0.03 A)
2026-04-23 20:50:53,175 [ genlib ] [ INFO ] Checking atom CG1
2026-04-23 20:50:53,175 [ genlib ] [ INFO ] Define atom pair: VAL|CG1|CT|C.3       - > LYS|2HB|HC|H         (d = 0.54 A)
2026-04-23 20:50:53,175 [ genlib ] [ INFO ] Checking atom CG2
2026-04-23 20:50:53,175 [ genlib ] [ INFO ] Define atom pair: VAL|CG2|CT|C.3       - > LYS|CG|CT|C.3        (d = 0.13 A)
2026-04-23 20:50:53,175 [ genlib ] [ INFO ] Searching order 3
2026-04-23 20:50:53,175 [ genlib ] [ INFO ] Checking atom 1HG1
2026-04-23 20:50:53,176 [ genlib ] [ INFO ] No partner found for atom 1HG1
2026-04-23 20:50:53,176 [ genlib ] [ INFO ] Checking atom 2HG1
2026-04-23 20:50:53,176 [ genlib ] [ INFO ] No partner found for atom 2HG1
2026-04-23 20:50:53,176 [ genlib ] [ INFO ] Checking atom 3HG1
2026-04-23 20:50:53,176 [ genlib ] [ INFO ] No partner found for atom 3HG1
2026-04-23 20:50:53,176 [ genlib ] [ INFO ] Checking atom 1HG2
2026-04-23 20:50:53,176 [ genlib ] [ INFO ] Define atom pair: VAL|1HG2|HC|H        - > LYS|CD|CT|C.3        (d = 0.46 A)
2026-04-23 20:50:53,176 [ genlib ] [ INFO ] Checking atom 2HG2
2026-04-23 20:50:53,176 [ genlib ] [ INFO ] Define atom pair: VAL|2HG2|HC|H        - > LYS|1HG|HC|H         (d = 0.15 A)
2026-04-23 20:50:53,176 [ genlib ] [ INFO ] Checking atom 3HG2
2026-04-23 20:50:53,176 [ genlib ] [ INFO ] Define atom pair: VAL|3HG2|HC|H        - > LYS|2HG|HC|H         (d = 0.21 A)
2026-04-23 20:50:53,176 [ genlib ] [ INFO ] Searching order 4
2026-04-23 20:50:53,176 [ genlib ] [ INFO ] Searching order 5
2026-04-23 20:50:53,176 [ genlib ] [ INFO ] Searching order 6
2026-04-23 20:50:53,176 [ genlib ] [ INFO ] Searching order 7
2026-04-23 20:50:53,176 [ genlib ] [ INFO ] Searching branch 2
2026-04-23 20:50:53,176 [ genlib ] [ INFO ] Searching order 2
2026-04-23 20:50:53,176 [ genlib ] [ INFO ] Searching order 3
2026-04-23 20:50:53,176 [ genlib ] [ INFO ] Checking atom 1HG1
2026-04-23 20:50:53,176 [ genlib ] [ INFO ] No partner found for atom 1HG1
2026-04-23 20:50:53,176 [ genlib ] [ INFO ] Checking atom 2HG1
2026-04-23 20:50:53,176 [ genlib ] [ INFO ] No partner found for atom 2HG1
2026-04-23 20:50:53,176 [ genlib ] [ INFO ] Checking atom 3HG1
2026-04-23 20:50:53,176 [ genlib ] [ INFO ] No partner found for atom 3HG1
2026-04-23 20:50:53,176 [ genlib ] [ INFO ] Searching order 4
2026-04-23 20:50:53,176 [ genlib ] [ INFO ] Searching order 5
2026-04-23 20:50:53,176 [ genlib ] [ INFO ] Searching order 6
2026-04-23 20:50:53,176 [ genlib ] [ INFO ] Searching order 7
2026-04-23 20:50:53,180 [ genlib ] [ INFO ] Updating bond lists
2026-04-23 20:50:53,180 [ genlib ] [ INFO ] Updating dihedrals
2026-04-23 20:50:53,180 [ genlib ] [ INFO ] Updating impropers
2026-04-23 20:50:53,180 [ genlib ] [ INFO ] Building library files for VAL --> MET mutant
2026-04-23 20:50:53,181 [ genlib ] [ INFO ] reading rtp file "aminoacids.rtp"
2026-04-23 20:50:53,206 [ genlib ] [ INFO ] ENTERED SIMPLE
2026-04-23 20:50:53,206 [ genlib ] [ INFO ] Making atom pairs
2026-04-23 20:50:53,206 [ genlib ] [ INFO ] Searching branch 1
2026-04-23 20:50:53,206 [ genlib ] [ INFO ] Searching order 2
2026-04-23 20:50:53,206 [ genlib ] [ INFO ] Checking atom HB
2026-04-23 20:50:53,206 [ genlib ] [ INFO ] Define atom pair: VAL|HB|HC|H          - > MET|1HB|HC|H         (d = 0.06 A)
2026-04-23 20:50:53,206 [ genlib ] [ INFO ] Checking atom CG1
2026-04-23 20:50:53,206 [ genlib ] [ INFO ] Define atom pair: VAL|CG1|CT|C.3       - > MET|2HB|HC|H         (d = 0.54 A)
2026-04-23 20:50:53,206 [ genlib ] [ INFO ] Checking atom CG2
2026-04-23 20:50:53,206 [ genlib ] [ INFO ] Define atom pair: VAL|CG2|CT|C.3       - > MET|CG|CT|C.3        (d = 0.15 A)
2026-04-23 20:50:53,206 [ genlib ] [ INFO ] Searching order 3
2026-04-23 20:50:53,206 [ genlib ] [ INFO ] Checking atom 1HG1
2026-04-23 20:50:53,206 [ genlib ] [ INFO ] No partner found for atom 1HG1
2026-04-23 20:50:53,206 [ genlib ] [ INFO ] Checking atom 2HG1
2026-04-23 20:50:53,206 [ genlib ] [ INFO ] No partner found for atom 2HG1
2026-04-23 20:50:53,206 [ genlib ] [ INFO ] Checking atom 3HG1
2026-04-23 20:50:53,206 [ genlib ] [ INFO ] No partner found for atom 3HG1
2026-04-23 20:50:53,206 [ genlib ] [ INFO ] Checking atom 1HG2
2026-04-23 20:50:53,206 [ genlib ] [ INFO ] No partner found for atom 1HG2
2026-04-23 20:50:53,206 [ genlib ] [ INFO ] Checking atom 2HG2
2026-04-23 20:50:53,207 [ genlib ] [ INFO ] Define atom pair: VAL|2HG2|HC|H        - > MET|1HG|H1|H         (d = 0.19 A)
2026-04-23 20:50:53,207 [ genlib ] [ INFO ] Checking atom 3HG2
2026-04-23 20:50:53,207 [ genlib ] [ INFO ] Define atom pair: VAL|3HG2|HC|H        - > MET|2HG|H1|H         (d = 0.24 A)
2026-04-23 20:50:53,207 [ genlib ] [ INFO ] Searching order 4
2026-04-23 20:50:53,207 [ genlib ] [ INFO ] Searching order 5
2026-04-23 20:50:53,207 [ genlib ] [ INFO ] Searching order 6
2026-04-23 20:50:53,207 [ genlib ] [ INFO ] Searching order 7
2026-04-23 20:50:53,207 [ genlib ] [ INFO ] Searching branch 2
2026-04-23 20:50:53,207 [ genlib ] [ INFO ] Searching order 2
2026-04-23 20:50:53,207 [ genlib ] [ INFO ] Searching order 3
2026-04-23 20:50:53,207 [ genlib ] [ INFO ] Checking atom 1HG1
2026-04-23 20:50:53,207 [ genlib ] [ INFO ] No partner found for atom 1HG1
2026-04-23 20:50:53,207 [ genlib ] [ INFO ] Checking atom 2HG1
2026-04-23 20:50:53,207 [ genlib ] [ INFO ] No partner found for atom 2HG1
2026-04-23 20:50:53,207 [ genlib ] [ INFO ] Checking atom 3HG1
2026-04-23 20:50:53,207 [ genlib ] [ INFO ] No partner found for atom 3HG1
2026-04-23 20:50:53,207 [ genlib ] [ INFO ] Checking atom 1HG2
2026-04-23 20:50:53,207 [ genlib ] [ INFO ] No partner found for atom 1HG2
2026-04-23 20:50:53,207 [ genlib ] [ INFO ] Searching order 4
2026-04-23 20:50:53,207 [ genlib ] [ INFO ] Searching order 5
2026-04-23 20:50:53,207 [ genlib ] [ INFO ] Searching order 6
2026-04-23 20:50:53,207 [ genlib ] [ INFO ] Searching order 7
2026-04-23 20:50:53,208 [ genlib ] [ INFO ] Updating bond lists
2026-04-23 20:50:53,209 [ genlib ] [ INFO ] Updating dihedrals
2026-04-23 20:50:53,209 [ genlib ] [ INFO ] Updating impropers
2026-04-23 20:50:53,209 [ genlib ] [ INFO ] Building library files for VAL --> PHE mutant
2026-04-23 20:50:53,210 [ genlib ] [ INFO ] reading rtp file "aminoacids.rtp"
2026-04-23 20:50:53,235 [ genlib ] [ INFO ] ENTERED T,A,V,I
2026-04-23 20:50:53,235 [ genlib ] [ INFO ] Making atom pairs
2026-04-23 20:50:53,240 [ genlib ] [ INFO ] Updating bond lists
2026-04-23 20:50:53,240 [ genlib ] [ INFO ] Updating dihedrals
2026-04-23 20:50:53,240 [ genlib ] [ INFO ] Updating impropers
2026-04-23 20:50:53,241 [ genlib ] [ INFO ] Building library files for VAL --> PRO mutant
2026-04-23 20:50:53,242 [ genlib ] [ INFO ] reading rtp file "aminoacids.rtp"
2026-04-23 20:50:53,267 [ genlib ] [ INFO ] ENTERED P
2026-04-23 20:50:53,267 [ genlib ] [ INFO ] Making atom pairs
2026-04-23 20:50:53,270 [ genlib ] [ INFO ] Updating bond lists
2026-04-23 20:50:53,270 [ genlib ] [ INFO ] Updating dihedrals
2026-04-23 20:50:53,270 [ genlib ] [ INFO ] Updating impropers
2026-04-23 20:50:53,270 [ genlib ] [ WARNING ] undefined
2026-04-23 20:50:53,270 [ genlib ] [ INFO ] Building library files for VAL --> SER mutant
2026-04-23 20:50:53,271 [ genlib ] [ INFO ] reading rtp file "aminoacids.rtp"
2026-04-23 20:50:53,296 [ genlib ] [ INFO ] ENTERED SIMPLE
2026-04-23 20:50:53,296 [ genlib ] [ INFO ] Making atom pairs
2026-04-23 20:50:53,296 [ genlib ] [ INFO ] Searching branch 1
2026-04-23 20:50:53,296 [ genlib ] [ INFO ] Searching order 2
2026-04-23 20:50:53,296 [ genlib ] [ INFO ] Checking atom HB
2026-04-23 20:50:53,296 [ genlib ] [ INFO ] Define atom pair: VAL|HB|HC|H          - > SER|1HB|H1|H         (d = 0.04 A)
2026-04-23 20:50:53,296 [ genlib ] [ INFO ] Checking atom CG1
2026-04-23 20:50:53,296 [ genlib ] [ INFO ] Define atom pair: VAL|CG1|CT|C.3       - > SER|2HB|H1|H         (d = 0.47 A)
2026-04-23 20:50:53,296 [ genlib ] [ INFO ] Checking atom CG2
2026-04-23 20:50:53,296 [ genlib ] [ INFO ] Define atom pair: VAL|CG2|CT|C.3       - > SER|OG|OH|O.3        (d = 0.14 A)
2026-04-23 20:50:53,296 [ genlib ] [ INFO ] Searching order 3
2026-04-23 20:50:53,296 [ genlib ] [ INFO ] Checking atom 1HG1
2026-04-23 20:50:53,296 [ genlib ] [ INFO ] No partner found for atom 1HG1
2026-04-23 20:50:53,296 [ genlib ] [ INFO ] Checking atom 2HG1
2026-04-23 20:50:53,296 [ genlib ] [ INFO ] No partner found for atom 2HG1
2026-04-23 20:50:53,296 [ genlib ] [ INFO ] Checking atom 3HG1
2026-04-23 20:50:53,296 [ genlib ] [ INFO ] No partner found for atom 3HG1
2026-04-23 20:50:53,296 [ genlib ] [ INFO ] Checking atom 1HG2
2026-04-23 20:50:53,296 [ genlib ] [ INFO ] Define atom pair: VAL|1HG2|HC|H        - > SER|HG|HO|H          (d = 0.25 A)
2026-04-23 20:50:53,296 [ genlib ] [ INFO ] Checking atom 2HG2
2026-04-23 20:50:53,296 [ genlib ] [ INFO ] No partner found for atom 2HG2
2026-04-23 20:50:53,296 [ genlib ] [ INFO ] Checking atom 3HG2
2026-04-23 20:50:53,296 [ genlib ] [ INFO ] No partner found for atom 3HG2
2026-04-23 20:50:53,296 [ genlib ] [ INFO ] Searching order 4
2026-04-23 20:50:53,296 [ genlib ] [ INFO ] Searching order 5
2026-04-23 20:50:53,296 [ genlib ] [ INFO ] Searching order 6
2026-04-23 20:50:53,296 [ genlib ] [ INFO ] Searching order 7
2026-04-23 20:50:53,296 [ genlib ] [ INFO ] Searching branch 2
2026-04-23 20:50:53,296 [ genlib ] [ INFO ] Searching order 2
2026-04-23 20:50:53,296 [ genlib ] [ INFO ] Searching order 3
2026-04-23 20:50:53,296 [ genlib ] [ INFO ] Checking atom 1HG1
2026-04-23 20:50:53,296 [ genlib ] [ INFO ] No partner found for atom 1HG1
2026-04-23 20:50:53,296 [ genlib ] [ INFO ] Checking atom 2HG1
2026-04-23 20:50:53,296 [ genlib ] [ INFO ] No partner found for atom 2HG1
2026-04-23 20:50:53,296 [ genlib ] [ INFO ] Checking atom 3HG1
2026-04-23 20:50:53,296 [ genlib ] [ INFO ] No partner found for atom 3HG1
2026-04-23 20:50:53,296 [ genlib ] [ INFO ] Checking atom 2HG2
2026-04-23 20:50:53,296 [ genlib ] [ INFO ] No partner found for atom 2HG2
2026-04-23 20:50:53,296 [ genlib ] [ INFO ] Checking atom 3HG2
2026-04-23 20:50:53,296 [ genlib ] [ INFO ] No partner found for atom 3HG2
2026-04-23 20:50:53,296 [ genlib ] [ INFO ] Searching order 4
2026-04-23 20:50:53,296 [ genlib ] [ INFO ] Searching order 5
2026-04-23 20:50:53,296 [ genlib ] [ INFO ] Searching order 6
2026-04-23 20:50:53,296 [ genlib ] [ INFO ] Searching order 7
2026-04-23 20:50:53,297 [ genlib ] [ INFO ] Updating bond lists
2026-04-23 20:50:53,297 [ genlib ] [ INFO ] Updating dihedrals
2026-04-23 20:50:53,297 [ genlib ] [ INFO ] Updating impropers
2026-04-23 20:50:53,297 [ genlib ] [ INFO ] Building library files for VAL --> THR mutant
2026-04-23 20:50:53,298 [ genlib ] [ INFO ] reading rtp file "aminoacids.rtp"
2026-04-23 20:50:53,324 [ genlib ] [ INFO ] ENTERED SIMPLE
2026-04-23 20:50:53,324 [ genlib ] [ INFO ] Making atom pairs
2026-04-23 20:50:53,324 [ genlib ] [ INFO ] Searching branch 1
2026-04-23 20:50:53,324 [ genlib ] [ INFO ] Searching order 2
2026-04-23 20:50:53,324 [ genlib ] [ INFO ] Checking atom HB
2026-04-23 20:50:53,324 [ genlib ] [ INFO ] Define atom pair: VAL|HB|HC|H          - > THR|HB|H1|H          (d = 0.05 A)
2026-04-23 20:50:53,324 [ genlib ] [ INFO ] Checking atom CG1
2026-04-23 20:50:53,324 [ genlib ] [ INFO ] Define atom pair: VAL|CG1|CT|C.3       - > THR|CG2|CT|C.3       (d = 0.21 A)
2026-04-23 20:50:53,324 [ genlib ] [ INFO ] Checking atom CG2
2026-04-23 20:50:53,324 [ genlib ] [ INFO ] Define atom pair: VAL|CG2|CT|C.3       - > THR|OG1|OH|O.3       (d = 0.19 A)
2026-04-23 20:50:53,324 [ genlib ] [ INFO ] Searching order 3
2026-04-23 20:50:53,324 [ genlib ] [ INFO ] Checking atom 1HG1
2026-04-23 20:50:53,324 [ genlib ] [ INFO ] Define atom pair: VAL|1HG1|HC|H        - > THR|1HG2|HC|H        (d = 0.27 A)
2026-04-23 20:50:53,324 [ genlib ] [ INFO ] Checking atom 2HG1
2026-04-23 20:50:53,324 [ genlib ] [ INFO ] Define atom pair: VAL|2HG1|HC|H        - > THR|2HG2|HC|H        (d = 0.24 A)
2026-04-23 20:50:53,324 [ genlib ] [ INFO ] Checking atom 3HG1
2026-04-23 20:50:53,324 [ genlib ] [ INFO ] Define atom pair: VAL|3HG1|HC|H        - > THR|3HG2|HC|H        (d = 0.26 A)
2026-04-23 20:50:53,324 [ genlib ] [ INFO ] Checking atom 1HG2
2026-04-23 20:50:53,324 [ genlib ] [ INFO ] Define atom pair: VAL|1HG2|HC|H        - > THR|HG1|HO|H         (d = 0.28 A)
2026-04-23 20:50:53,324 [ genlib ] [ INFO ] Checking atom 2HG2
2026-04-23 20:50:53,324 [ genlib ] [ INFO ] No partner found for atom 2HG2
2026-04-23 20:50:53,324 [ genlib ] [ INFO ] Checking atom 3HG2
2026-04-23 20:50:53,324 [ genlib ] [ INFO ] No partner found for atom 3HG2
2026-04-23 20:50:53,324 [ genlib ] [ INFO ] Searching order 4
2026-04-23 20:50:53,324 [ genlib ] [ INFO ] Searching order 5
2026-04-23 20:50:53,324 [ genlib ] [ INFO ] Searching order 6
2026-04-23 20:50:53,324 [ genlib ] [ INFO ] Searching order 7
2026-04-23 20:50:53,324 [ genlib ] [ INFO ] Searching branch 2
2026-04-23 20:50:53,324 [ genlib ] [ INFO ] Searching order 2
2026-04-23 20:50:53,324 [ genlib ] [ INFO ] Searching order 3
2026-04-23 20:50:53,324 [ genlib ] [ INFO ] Checking atom 2HG2
2026-04-23 20:50:53,324 [ genlib ] [ INFO ] No partner found for atom 2HG2
2026-04-23 20:50:53,324 [ genlib ] [ INFO ] Checking atom 3HG2
2026-04-23 20:50:53,324 [ genlib ] [ INFO ] No partner found for atom 3HG2
2026-04-23 20:50:53,324 [ genlib ] [ INFO ] Searching order 4
2026-04-23 20:50:53,324 [ genlib ] [ INFO ] Searching order 5
2026-04-23 20:50:53,324 [ genlib ] [ INFO ] Searching order 6
2026-04-23 20:50:53,324 [ genlib ] [ INFO ] Searching order 7
2026-04-23 20:50:53,325 [ genlib ] [ INFO ] Updating bond lists
2026-04-23 20:50:53,325 [ genlib ] [ INFO ] Updating dihedrals
2026-04-23 20:50:53,325 [ genlib ] [ INFO ] Updating impropers
2026-04-23 20:50:53,325 [ genlib ] [ INFO ] Building library files for VAL --> TRP mutant
2026-04-23 20:50:53,326 [ genlib ] [ INFO ] reading rtp file "aminoacids.rtp"
2026-04-23 20:50:53,351 [ genlib ] [ INFO ] ENTERED T,A,V,I
2026-04-23 20:50:53,351 [ genlib ] [ INFO ] Making atom pairs
2026-04-23 20:50:53,359 [ genlib ] [ INFO ] Updating bond lists
2026-04-23 20:50:53,359 [ genlib ] [ INFO ] Updating dihedrals
2026-04-23 20:50:53,359 [ genlib ] [ INFO ] Updating impropers
2026-04-23 20:50:53,359 [ genlib ] [ INFO ] Building library files for VAL --> TYR mutant
2026-04-23 20:50:53,360 [ genlib ] [ INFO ] reading rtp file "aminoacids.rtp"
2026-04-23 20:50:53,386 [ genlib ] [ INFO ] ENTERED T,A,V,I
2026-04-23 20:50:53,386 [ genlib ] [ INFO ] Making atom pairs
2026-04-23 20:50:53,392 [ genlib ] [ INFO ] Updating bond lists
2026-04-23 20:50:53,392 [ genlib ] [ INFO ] Updating dihedrals
2026-04-23 20:50:53,392 [ genlib ] [ INFO ] Updating impropers
