2026-04-23 20:46:36,827 [ genlib ] [ INFO ] Building library files for ALA --> ARG mutant
2026-04-23 20:46:36,828 [ genlib ] [ INFO ] reading rtp file "aminoacids.rtp"
2026-04-23 20:46:36,872 [ genlib ] [ INFO ] ENTERED SIMPLE
2026-04-23 20:46:36,872 [ genlib ] [ INFO ] Making atom pairs
2026-04-23 20:46:36,872 [ genlib ] [ INFO ] Searching branch 1
2026-04-23 20:46:36,872 [ genlib ] [ INFO ] Searching order 2
2026-04-23 20:46:36,872 [ genlib ] [ INFO ] Checking atom 1HB
2026-04-23 20:46:36,872 [ genlib ] [ INFO ] Define atom pair: ALA|1HB|HC|H         - > ARG|CG|C8|C.3        (d = 0.45 A)
2026-04-23 20:46:36,872 [ genlib ] [ INFO ] Checking atom 2HB
2026-04-23 20:46:36,872 [ genlib ] [ INFO ] Define atom pair: ALA|2HB|HC|H         - > ARG|1HB|HC|H         (d = 0.07 A)
2026-04-23 20:46:36,872 [ genlib ] [ INFO ] Checking atom 3HB
2026-04-23 20:46:36,872 [ genlib ] [ INFO ] Define atom pair: ALA|3HB|HC|H         - > ARG|2HB|HC|H         (d = 0.08 A)
2026-04-23 20:46:36,872 [ genlib ] [ INFO ] Searching order 3
2026-04-23 20:46:36,872 [ genlib ] [ INFO ] Searching order 4
2026-04-23 20:46:36,872 [ genlib ] [ INFO ] Searching order 5
2026-04-23 20:46:36,872 [ genlib ] [ INFO ] Searching order 6
2026-04-23 20:46:36,872 [ genlib ] [ INFO ] Searching order 7
2026-04-23 20:46:36,872 [ genlib ] [ INFO ] Searching branch 2
2026-04-23 20:46:36,872 [ genlib ] [ INFO ] Searching order 2
2026-04-23 20:46:36,872 [ genlib ] [ INFO ] Searching order 3
2026-04-23 20:46:36,872 [ genlib ] [ INFO ] Searching order 4
2026-04-23 20:46:36,872 [ genlib ] [ INFO ] Searching order 5
2026-04-23 20:46:36,872 [ genlib ] [ INFO ] Searching order 6
2026-04-23 20:46:36,872 [ genlib ] [ INFO ] Searching order 7
2026-04-23 20:46:36,880 [ genlib ] [ INFO ] Updating bond lists
2026-04-23 20:46:36,880 [ genlib ] [ INFO ] Updating dihedrals
2026-04-23 20:46:36,880 [ genlib ] [ INFO ] Updating impropers
2026-04-23 20:46:36,880 [ genlib ] [ INFO ] Building library files for ALA --> ASH mutant
2026-04-23 20:46:36,881 [ genlib ] [ INFO ] reading rtp file "aminoacids.rtp"
2026-04-23 20:46:36,924 [ genlib ] [ INFO ] ENTERED SIMPLE
2026-04-23 20:46:36,924 [ genlib ] [ INFO ] Making atom pairs
2026-04-23 20:46:36,924 [ genlib ] [ INFO ] Searching branch 1
2026-04-23 20:46:36,924 [ genlib ] [ INFO ] Searching order 2
2026-04-23 20:46:36,924 [ genlib ] [ INFO ] Checking atom 1HB
2026-04-23 20:46:36,924 [ genlib ] [ INFO ] Define atom pair: ALA|1HB|HC|H         - > ASH|CG|C|C.2         (d = 0.49 A)
2026-04-23 20:46:36,925 [ genlib ] [ INFO ] Checking atom 2HB
2026-04-23 20:46:36,925 [ genlib ] [ INFO ] Define atom pair: ALA|2HB|HC|H         - > ASH|1HB|HC|H         (d = 0.12 A)
2026-04-23 20:46:36,925 [ genlib ] [ INFO ] Checking atom 3HB
2026-04-23 20:46:36,925 [ genlib ] [ INFO ] Define atom pair: ALA|3HB|HC|H         - > ASH|2HB|HC|H         (d = 0.14 A)
2026-04-23 20:46:36,925 [ genlib ] [ INFO ] Searching order 3
2026-04-23 20:46:36,925 [ genlib ] [ INFO ] Searching order 4
2026-04-23 20:46:36,925 [ genlib ] [ INFO ] Searching order 5
2026-04-23 20:46:36,925 [ genlib ] [ INFO ] Searching order 6
2026-04-23 20:46:36,925 [ genlib ] [ INFO ] Searching order 7
2026-04-23 20:46:36,925 [ genlib ] [ INFO ] Searching branch 2
2026-04-23 20:46:36,925 [ genlib ] [ INFO ] Searching order 2
2026-04-23 20:46:36,925 [ genlib ] [ INFO ] Searching order 3
2026-04-23 20:46:36,925 [ genlib ] [ INFO ] Searching order 4
2026-04-23 20:46:36,925 [ genlib ] [ INFO ] Searching order 5
2026-04-23 20:46:36,925 [ genlib ] [ INFO ] Searching order 6
2026-04-23 20:46:36,925 [ genlib ] [ INFO ] Searching order 7
2026-04-23 20:46:36,926 [ genlib ] [ INFO ] Updating bond lists
2026-04-23 20:46:36,926 [ genlib ] [ INFO ] Updating dihedrals
2026-04-23 20:46:36,926 [ genlib ] [ INFO ] Updating impropers
2026-04-23 20:46:36,926 [ genlib ] [ INFO ] Building library files for ALA --> ASN mutant
2026-04-23 20:46:36,927 [ genlib ] [ INFO ] reading rtp file "aminoacids.rtp"
2026-04-23 20:46:36,972 [ genlib ] [ INFO ] ENTERED SIMPLE
2026-04-23 20:46:36,972 [ genlib ] [ INFO ] Making atom pairs
2026-04-23 20:46:36,972 [ genlib ] [ INFO ] Searching branch 1
2026-04-23 20:46:36,972 [ genlib ] [ INFO ] Searching order 2
2026-04-23 20:46:36,972 [ genlib ] [ INFO ] Checking atom 1HB
2026-04-23 20:46:36,972 [ genlib ] [ INFO ] Define atom pair: ALA|1HB|HC|H         - > ASN|CG|C|C.2         (d = 0.53 A)
2026-04-23 20:46:36,972 [ genlib ] [ INFO ] Checking atom 2HB
2026-04-23 20:46:36,973 [ genlib ] [ INFO ] Define atom pair: ALA|2HB|HC|H         - > ASN|1HB|HC|H         (d = 0.07 A)
2026-04-23 20:46:36,973 [ genlib ] [ INFO ] Checking atom 3HB
2026-04-23 20:46:36,973 [ genlib ] [ INFO ] Define atom pair: ALA|3HB|HC|H         - > ASN|2HB|HC|H         (d = 0.10 A)
2026-04-23 20:46:36,973 [ genlib ] [ INFO ] Searching order 3
2026-04-23 20:46:36,973 [ genlib ] [ INFO ] Searching order 4
2026-04-23 20:46:36,973 [ genlib ] [ INFO ] Searching order 5
2026-04-23 20:46:36,973 [ genlib ] [ INFO ] Searching order 6
2026-04-23 20:46:36,973 [ genlib ] [ INFO ] Searching order 7
2026-04-23 20:46:36,973 [ genlib ] [ INFO ] Searching branch 2
2026-04-23 20:46:36,973 [ genlib ] [ INFO ] Searching order 2
2026-04-23 20:46:36,973 [ genlib ] [ INFO ] Searching order 3
2026-04-23 20:46:36,973 [ genlib ] [ INFO ] Searching order 4
2026-04-23 20:46:36,973 [ genlib ] [ INFO ] Searching order 5
2026-04-23 20:46:36,973 [ genlib ] [ INFO ] Searching order 6
2026-04-23 20:46:36,973 [ genlib ] [ INFO ] Searching order 7
2026-04-23 20:46:36,975 [ genlib ] [ INFO ] Updating bond lists
2026-04-23 20:46:36,975 [ genlib ] [ INFO ] Updating dihedrals
2026-04-23 20:46:36,975 [ genlib ] [ INFO ] Updating impropers
2026-04-23 20:46:36,975 [ genlib ] [ INFO ] Building library files for ALA --> ASP mutant
2026-04-23 20:46:36,975 [ genlib ] [ INFO ] reading rtp file "aminoacids.rtp"
2026-04-23 20:46:37,021 [ genlib ] [ INFO ] ENTERED SIMPLE
2026-04-23 20:46:37,021 [ genlib ] [ INFO ] Making atom pairs
2026-04-23 20:46:37,021 [ genlib ] [ INFO ] Searching branch 1
2026-04-23 20:46:37,021 [ genlib ] [ INFO ] Searching order 2
2026-04-23 20:46:37,021 [ genlib ] [ INFO ] Checking atom 1HB
2026-04-23 20:46:37,021 [ genlib ] [ INFO ] Define atom pair: ALA|1HB|HC|H         - > ASP|CG|CO|C.2        (d = 0.49 A)
2026-04-23 20:46:37,021 [ genlib ] [ INFO ] Checking atom 2HB
2026-04-23 20:46:37,021 [ genlib ] [ INFO ] Define atom pair: ALA|2HB|HC|H         - > ASP|1HB|HC|H         (d = 0.06 A)
2026-04-23 20:46:37,021 [ genlib ] [ INFO ] Checking atom 3HB
2026-04-23 20:46:37,021 [ genlib ] [ INFO ] Define atom pair: ALA|3HB|HC|H         - > ASP|2HB|HC|H         (d = 0.07 A)
2026-04-23 20:46:37,021 [ genlib ] [ INFO ] Searching order 3
2026-04-23 20:46:37,021 [ genlib ] [ INFO ] Searching order 4
2026-04-23 20:46:37,021 [ genlib ] [ INFO ] Searching order 5
2026-04-23 20:46:37,021 [ genlib ] [ INFO ] Searching order 6
2026-04-23 20:46:37,021 [ genlib ] [ INFO ] Searching order 7
2026-04-23 20:46:37,021 [ genlib ] [ INFO ] Searching branch 2
2026-04-23 20:46:37,021 [ genlib ] [ INFO ] Searching order 2
2026-04-23 20:46:37,021 [ genlib ] [ INFO ] Searching order 3
2026-04-23 20:46:37,021 [ genlib ] [ INFO ] Searching order 4
2026-04-23 20:46:37,021 [ genlib ] [ INFO ] Searching order 5
2026-04-23 20:46:37,021 [ genlib ] [ INFO ] Searching order 6
2026-04-23 20:46:37,021 [ genlib ] [ INFO ] Searching order 7
2026-04-23 20:46:37,022 [ genlib ] [ INFO ] Updating bond lists
2026-04-23 20:46:37,022 [ genlib ] [ INFO ] Updating dihedrals
2026-04-23 20:46:37,022 [ genlib ] [ INFO ] Updating impropers
2026-04-23 20:46:37,023 [ genlib ] [ INFO ] Building library files for ALA --> CYS mutant
2026-04-23 20:46:37,023 [ genlib ] [ INFO ] reading rtp file "aminoacids.rtp"
2026-04-23 20:46:37,067 [ genlib ] [ INFO ] ENTERED SIMPLE
2026-04-23 20:46:37,067 [ genlib ] [ INFO ] Making atom pairs
2026-04-23 20:46:37,067 [ genlib ] [ INFO ] Searching branch 1
2026-04-23 20:46:37,067 [ genlib ] [ INFO ] Searching order 2
2026-04-23 20:46:37,067 [ genlib ] [ INFO ] Checking atom 1HB
2026-04-23 20:46:37,067 [ genlib ] [ INFO ] No partner found for atom 1HB
2026-04-23 20:46:37,067 [ genlib ] [ INFO ] Checking atom 2HB
2026-04-23 20:46:37,067 [ genlib ] [ INFO ] Define atom pair: ALA|2HB|HC|H         - > CYS|1HB|H1|H         (d = 0.02 A)
2026-04-23 20:46:37,067 [ genlib ] [ INFO ] Checking atom 3HB
2026-04-23 20:46:37,067 [ genlib ] [ INFO ] Define atom pair: ALA|3HB|HC|H         - > CYS|2HB|H1|H         (d = 0.03 A)
2026-04-23 20:46:37,067 [ genlib ] [ INFO ] Searching order 3
2026-04-23 20:46:37,067 [ genlib ] [ INFO ] Searching order 4
2026-04-23 20:46:37,067 [ genlib ] [ INFO ] Searching order 5
2026-04-23 20:46:37,067 [ genlib ] [ INFO ] Searching order 6
2026-04-23 20:46:37,067 [ genlib ] [ INFO ] Searching order 7
2026-04-23 20:46:37,067 [ genlib ] [ INFO ] Searching branch 2
2026-04-23 20:46:37,067 [ genlib ] [ INFO ] Searching order 2
2026-04-23 20:46:37,067 [ genlib ] [ INFO ] Checking atom 1HB
2026-04-23 20:46:37,067 [ genlib ] [ INFO ] No partner found for atom 1HB
2026-04-23 20:46:37,067 [ genlib ] [ INFO ] Searching order 3
2026-04-23 20:46:37,067 [ genlib ] [ INFO ] Searching order 4
2026-04-23 20:46:37,067 [ genlib ] [ INFO ] Searching order 5
2026-04-23 20:46:37,067 [ genlib ] [ INFO ] Searching order 6
2026-04-23 20:46:37,067 [ genlib ] [ INFO ] Searching order 7
2026-04-23 20:46:37,068 [ genlib ] [ INFO ] Updating bond lists
2026-04-23 20:46:37,068 [ genlib ] [ INFO ] Updating dihedrals
2026-04-23 20:46:37,068 [ genlib ] [ INFO ] Updating impropers
2026-04-23 20:46:37,069 [ genlib ] [ INFO ] Building library files for ALA --> GLH mutant
2026-04-23 20:46:37,069 [ genlib ] [ INFO ] reading rtp file "aminoacids.rtp"
2026-04-23 20:46:37,115 [ genlib ] [ INFO ] ENTERED SIMPLE
2026-04-23 20:46:37,115 [ genlib ] [ INFO ] Making atom pairs
2026-04-23 20:46:37,115 [ genlib ] [ INFO ] Searching branch 1
2026-04-23 20:46:37,115 [ genlib ] [ INFO ] Searching order 2
2026-04-23 20:46:37,115 [ genlib ] [ INFO ] Checking atom 1HB
2026-04-23 20:46:37,115 [ genlib ] [ INFO ] Define atom pair: ALA|1HB|HC|H         - > GLH|CG|2C|C.3        (d = 0.53 A)
2026-04-23 20:46:37,115 [ genlib ] [ INFO ] Checking atom 2HB
2026-04-23 20:46:37,115 [ genlib ] [ INFO ] Define atom pair: ALA|2HB|HC|H         - > GLH|1HB|HC|H         (d = 0.18 A)
2026-04-23 20:46:37,115 [ genlib ] [ INFO ] Checking atom 3HB
2026-04-23 20:46:37,115 [ genlib ] [ INFO ] Define atom pair: ALA|3HB|HC|H         - > GLH|2HB|HC|H         (d = 0.22 A)
2026-04-23 20:46:37,115 [ genlib ] [ INFO ] Searching order 3
2026-04-23 20:46:37,115 [ genlib ] [ INFO ] Searching order 4
2026-04-23 20:46:37,115 [ genlib ] [ INFO ] Searching order 5
2026-04-23 20:46:37,115 [ genlib ] [ INFO ] Searching order 6
2026-04-23 20:46:37,115 [ genlib ] [ INFO ] Searching order 7
2026-04-23 20:46:37,115 [ genlib ] [ INFO ] Searching branch 2
2026-04-23 20:46:37,115 [ genlib ] [ INFO ] Searching order 2
2026-04-23 20:46:37,115 [ genlib ] [ INFO ] Searching order 3
2026-04-23 20:46:37,115 [ genlib ] [ INFO ] Searching order 4
2026-04-23 20:46:37,115 [ genlib ] [ INFO ] Searching order 5
2026-04-23 20:46:37,115 [ genlib ] [ INFO ] Searching order 6
2026-04-23 20:46:37,115 [ genlib ] [ INFO ] Searching order 7
2026-04-23 20:46:37,118 [ genlib ] [ INFO ] Updating bond lists
2026-04-23 20:46:37,118 [ genlib ] [ INFO ] Updating dihedrals
2026-04-23 20:46:37,118 [ genlib ] [ INFO ] Updating impropers
2026-04-23 20:46:37,118 [ genlib ] [ INFO ] Building library files for ALA --> GLN mutant
2026-04-23 20:46:37,119 [ genlib ] [ INFO ] reading rtp file "aminoacids.rtp"
2026-04-23 20:46:37,171 [ genlib ] [ INFO ] ENTERED SIMPLE
2026-04-23 20:46:37,171 [ genlib ] [ INFO ] Making atom pairs
2026-04-23 20:46:37,171 [ genlib ] [ INFO ] Searching branch 1
2026-04-23 20:46:37,171 [ genlib ] [ INFO ] Searching order 2
2026-04-23 20:46:37,171 [ genlib ] [ INFO ] Checking atom 1HB
2026-04-23 20:46:37,171 [ genlib ] [ INFO ] Define atom pair: ALA|1HB|HC|H         - > GLN|CG|2C|C.3        (d = 0.47 A)
2026-04-23 20:46:37,171 [ genlib ] [ INFO ] Checking atom 2HB
2026-04-23 20:46:37,171 [ genlib ] [ INFO ] Define atom pair: ALA|2HB|HC|H         - > GLN|1HB|HC|H         (d = 0.07 A)
2026-04-23 20:46:37,171 [ genlib ] [ INFO ] Checking atom 3HB
2026-04-23 20:46:37,171 [ genlib ] [ INFO ] Define atom pair: ALA|3HB|HC|H         - > GLN|2HB|HC|H         (d = 0.07 A)
2026-04-23 20:46:37,171 [ genlib ] [ INFO ] Searching order 3
2026-04-23 20:46:37,171 [ genlib ] [ INFO ] Searching order 4
2026-04-23 20:46:37,171 [ genlib ] [ INFO ] Searching order 5
2026-04-23 20:46:37,172 [ genlib ] [ INFO ] Searching order 6
2026-04-23 20:46:37,172 [ genlib ] [ INFO ] Searching order 7
2026-04-23 20:46:37,172 [ genlib ] [ INFO ] Searching branch 2
2026-04-23 20:46:37,172 [ genlib ] [ INFO ] Searching order 2
2026-04-23 20:46:37,172 [ genlib ] [ INFO ] Searching order 3
2026-04-23 20:46:37,172 [ genlib ] [ INFO ] Searching order 4
2026-04-23 20:46:37,172 [ genlib ] [ INFO ] Searching order 5
2026-04-23 20:46:37,172 [ genlib ] [ INFO ] Searching order 6
2026-04-23 20:46:37,172 [ genlib ] [ INFO ] Searching order 7
2026-04-23 20:46:37,175 [ genlib ] [ INFO ] Updating bond lists
2026-04-23 20:46:37,175 [ genlib ] [ INFO ] Updating dihedrals
2026-04-23 20:46:37,175 [ genlib ] [ INFO ] Updating impropers
2026-04-23 20:46:37,175 [ genlib ] [ INFO ] Building library files for ALA --> GLU mutant
2026-04-23 20:46:37,176 [ genlib ] [ INFO ] reading rtp file "aminoacids.rtp"
2026-04-23 20:46:37,222 [ genlib ] [ INFO ] ENTERED SIMPLE
2026-04-23 20:46:37,222 [ genlib ] [ INFO ] Making atom pairs
2026-04-23 20:46:37,222 [ genlib ] [ INFO ] Searching branch 1
2026-04-23 20:46:37,222 [ genlib ] [ INFO ] Searching order 2
2026-04-23 20:46:37,222 [ genlib ] [ INFO ] Checking atom 1HB
2026-04-23 20:46:37,222 [ genlib ] [ INFO ] Define atom pair: ALA|1HB|HC|H         - > GLU|CG|2C|C.3        (d = 0.53 A)
2026-04-23 20:46:37,222 [ genlib ] [ INFO ] Checking atom 2HB
2026-04-23 20:46:37,222 [ genlib ] [ INFO ] Define atom pair: ALA|2HB|HC|H         - > GLU|1HB|HC|H         (d = 0.18 A)
2026-04-23 20:46:37,222 [ genlib ] [ INFO ] Checking atom 3HB
2026-04-23 20:46:37,222 [ genlib ] [ INFO ] Define atom pair: ALA|3HB|HC|H         - > GLU|2HB|HC|H         (d = 0.19 A)
2026-04-23 20:46:37,222 [ genlib ] [ INFO ] Searching order 3
2026-04-23 20:46:37,222 [ genlib ] [ INFO ] Searching order 4
2026-04-23 20:46:37,222 [ genlib ] [ INFO ] Searching order 5
2026-04-23 20:46:37,222 [ genlib ] [ INFO ] Searching order 6
2026-04-23 20:46:37,222 [ genlib ] [ INFO ] Searching order 7
2026-04-23 20:46:37,222 [ genlib ] [ INFO ] Searching branch 2
2026-04-23 20:46:37,222 [ genlib ] [ INFO ] Searching order 2
2026-04-23 20:46:37,222 [ genlib ] [ INFO ] Searching order 3
2026-04-23 20:46:37,222 [ genlib ] [ INFO ] Searching order 4
2026-04-23 20:46:37,222 [ genlib ] [ INFO ] Searching order 5
2026-04-23 20:46:37,222 [ genlib ] [ INFO ] Searching order 6
2026-04-23 20:46:37,222 [ genlib ] [ INFO ] Searching order 7
2026-04-23 20:46:37,224 [ genlib ] [ INFO ] Updating bond lists
2026-04-23 20:46:37,224 [ genlib ] [ INFO ] Updating dihedrals
2026-04-23 20:46:37,224 [ genlib ] [ INFO ] Updating impropers
2026-04-23 20:46:37,225 [ genlib ] [ INFO ] Building library files for ALA --> GLY mutant
2026-04-23 20:46:37,226 [ genlib ] [ INFO ] reading rtp file "aminoacids.rtp"
2026-04-23 20:46:37,272 [ genlib ] [ INFO ] ENTERED G
2026-04-23 20:46:37,272 [ genlib ] [ INFO ] Making atom pairs
2026-04-23 20:46:37,273 [ genlib ] [ INFO ] Updating bond lists
2026-04-23 20:46:37,273 [ genlib ] [ INFO ] Updating dihedrals
2026-04-23 20:46:37,273 [ genlib ] [ INFO ] Updating impropers
2026-04-23 20:46:37,273 [ genlib ] [ INFO ] Building library files for ALA --> HID mutant
2026-04-23 20:46:37,274 [ genlib ] [ INFO ] reading rtp file "aminoacids.rtp"
2026-04-23 20:46:37,317 [ genlib ] [ INFO ] ENTERED T,A,V,I
2026-04-23 20:46:37,318 [ genlib ] [ INFO ] Making atom pairs
2026-04-23 20:46:37,321 [ genlib ] [ INFO ] Updating bond lists
2026-04-23 20:46:37,321 [ genlib ] [ INFO ] Updating dihedrals
2026-04-23 20:46:37,321 [ genlib ] [ INFO ] Updating impropers
2026-04-23 20:46:37,322 [ genlib ] [ INFO ] Building library files for ALA --> HIE mutant
2026-04-23 20:46:37,322 [ genlib ] [ INFO ] reading rtp file "aminoacids.rtp"
2026-04-23 20:46:37,371 [ genlib ] [ INFO ] ENTERED T,A,V,I
2026-04-23 20:46:37,371 [ genlib ] [ INFO ] Making atom pairs
2026-04-23 20:46:37,375 [ genlib ] [ INFO ] Updating bond lists
2026-04-23 20:46:37,375 [ genlib ] [ INFO ] Updating dihedrals
2026-04-23 20:46:37,375 [ genlib ] [ INFO ] Updating impropers
2026-04-23 20:46:37,376 [ genlib ] [ INFO ] Building library files for ALA --> HIP mutant
2026-04-23 20:46:37,376 [ genlib ] [ INFO ] reading rtp file "aminoacids.rtp"
2026-04-23 20:46:37,422 [ genlib ] [ INFO ] ENTERED T,A,V,I
2026-04-23 20:46:37,422 [ genlib ] [ INFO ] Making atom pairs
2026-04-23 20:46:37,426 [ genlib ] [ INFO ] Updating bond lists
2026-04-23 20:46:37,426 [ genlib ] [ INFO ] Updating dihedrals
2026-04-23 20:46:37,426 [ genlib ] [ INFO ] Updating impropers
2026-04-23 20:46:37,427 [ genlib ] [ INFO ] Building library files for ALA --> ILE mutant
2026-04-23 20:46:37,427 [ genlib ] [ INFO ] reading rtp file "aminoacids.rtp"
2026-04-23 20:46:37,472 [ genlib ] [ INFO ] ENTERED SIMPLE
2026-04-23 20:46:37,472 [ genlib ] [ INFO ] Making atom pairs
2026-04-23 20:46:37,472 [ genlib ] [ INFO ] Searching branch 1
2026-04-23 20:46:37,472 [ genlib ] [ INFO ] Searching order 2
2026-04-23 20:46:37,472 [ genlib ] [ INFO ] Checking atom 1HB
2026-04-23 20:46:37,472 [ genlib ] [ INFO ] Define atom pair: ALA|1HB|HC|H         - > ILE|CG1|2C|C.3       (d = 0.54 A)
2026-04-23 20:46:37,472 [ genlib ] [ INFO ] Checking atom 2HB
2026-04-23 20:46:37,472 [ genlib ] [ INFO ] Define atom pair: ALA|2HB|HC|H         - > ILE|HB|HC|H          (d = 0.14 A)
2026-04-23 20:46:37,472 [ genlib ] [ INFO ] Checking atom 3HB
2026-04-23 20:46:37,472 [ genlib ] [ INFO ] Define atom pair: ALA|3HB|HC|H         - > ILE|CG2|CT|C.3       (d = 0.42 A)
2026-04-23 20:46:37,472 [ genlib ] [ INFO ] Searching order 3
2026-04-23 20:46:37,472 [ genlib ] [ INFO ] Searching order 4
2026-04-23 20:46:37,472 [ genlib ] [ INFO ] Searching order 5
2026-04-23 20:46:37,472 [ genlib ] [ INFO ] Searching order 6
2026-04-23 20:46:37,472 [ genlib ] [ INFO ] Searching order 7
2026-04-23 20:46:37,472 [ genlib ] [ INFO ] Searching branch 2
2026-04-23 20:46:37,472 [ genlib ] [ INFO ] Searching order 2
2026-04-23 20:46:37,472 [ genlib ] [ INFO ] Searching order 3
2026-04-23 20:46:37,472 [ genlib ] [ INFO ] Searching order 4
2026-04-23 20:46:37,472 [ genlib ] [ INFO ] Searching order 5
2026-04-23 20:46:37,472 [ genlib ] [ INFO ] Searching order 6
2026-04-23 20:46:37,472 [ genlib ] [ INFO ] Searching order 7
2026-04-23 20:46:37,476 [ genlib ] [ INFO ] Updating bond lists
2026-04-23 20:46:37,476 [ genlib ] [ INFO ] Updating dihedrals
2026-04-23 20:46:37,476 [ genlib ] [ INFO ] Updating impropers
2026-04-23 20:46:37,476 [ genlib ] [ INFO ] Building library files for ALA --> LEU mutant
2026-04-23 20:46:37,477 [ genlib ] [ INFO ] reading rtp file "aminoacids.rtp"
2026-04-23 20:46:37,521 [ genlib ] [ INFO ] ENTERED SIMPLE
2026-04-23 20:46:37,521 [ genlib ] [ INFO ] Making atom pairs
2026-04-23 20:46:37,521 [ genlib ] [ INFO ] Searching branch 1
2026-04-23 20:46:37,521 [ genlib ] [ INFO ] Searching order 2
2026-04-23 20:46:37,521 [ genlib ] [ INFO ] Checking atom 1HB
2026-04-23 20:46:37,521 [ genlib ] [ INFO ] Define atom pair: ALA|1HB|HC|H         - > LEU|CG|3C|C.3        (d = 0.51 A)
2026-04-23 20:46:37,521 [ genlib ] [ INFO ] Checking atom 2HB
2026-04-23 20:46:37,521 [ genlib ] [ INFO ] Define atom pair: ALA|2HB|HC|H         - > LEU|1HB|HC|H         (d = 0.03 A)
2026-04-23 20:46:37,521 [ genlib ] [ INFO ] Checking atom 3HB
2026-04-23 20:46:37,521 [ genlib ] [ INFO ] Define atom pair: ALA|3HB|HC|H         - > LEU|2HB|HC|H         (d = 0.03 A)
2026-04-23 20:46:37,521 [ genlib ] [ INFO ] Searching order 3
2026-04-23 20:46:37,521 [ genlib ] [ INFO ] Searching order 4
2026-04-23 20:46:37,521 [ genlib ] [ INFO ] Searching order 5
2026-04-23 20:46:37,521 [ genlib ] [ INFO ] Searching order 6
2026-04-23 20:46:37,521 [ genlib ] [ INFO ] Searching order 7
2026-04-23 20:46:37,521 [ genlib ] [ INFO ] Searching branch 2
2026-04-23 20:46:37,521 [ genlib ] [ INFO ] Searching order 2
2026-04-23 20:46:37,521 [ genlib ] [ INFO ] Searching order 3
2026-04-23 20:46:37,521 [ genlib ] [ INFO ] Searching order 4
2026-04-23 20:46:37,522 [ genlib ] [ INFO ] Searching order 5
2026-04-23 20:46:37,522 [ genlib ] [ INFO ] Searching order 6
2026-04-23 20:46:37,522 [ genlib ] [ INFO ] Searching order 7
2026-04-23 20:46:37,525 [ genlib ] [ INFO ] Updating bond lists
2026-04-23 20:46:37,525 [ genlib ] [ INFO ] Updating dihedrals
2026-04-23 20:46:37,525 [ genlib ] [ INFO ] Updating impropers
2026-04-23 20:46:37,525 [ genlib ] [ INFO ] Building library files for ALA --> LYN mutant
2026-04-23 20:46:37,526 [ genlib ] [ INFO ] reading rtp file "aminoacids.rtp"
2026-04-23 20:46:37,570 [ genlib ] [ INFO ] ENTERED SIMPLE
2026-04-23 20:46:37,571 [ genlib ] [ INFO ] Making atom pairs
2026-04-23 20:46:37,571 [ genlib ] [ INFO ] Searching branch 1
2026-04-23 20:46:37,571 [ genlib ] [ INFO ] Searching order 2
2026-04-23 20:46:37,571 [ genlib ] [ INFO ] Checking atom 1HB
2026-04-23 20:46:37,571 [ genlib ] [ INFO ] Define atom pair: ALA|1HB|HC|H         - > LYN|CG|CT|C.3        (d = 0.46 A)
2026-04-23 20:46:37,571 [ genlib ] [ INFO ] Checking atom 2HB
2026-04-23 20:46:37,571 [ genlib ] [ INFO ] Define atom pair: ALA|2HB|HC|H         - > LYN|1HB|HC|H         (d = 0.10 A)
2026-04-23 20:46:37,571 [ genlib ] [ INFO ] Checking atom 3HB
2026-04-23 20:46:37,571 [ genlib ] [ INFO ] Define atom pair: ALA|3HB|HC|H         - > LYN|2HB|HC|H         (d = 0.10 A)
2026-04-23 20:46:37,571 [ genlib ] [ INFO ] Searching order 3
2026-04-23 20:46:37,571 [ genlib ] [ INFO ] Searching order 4
2026-04-23 20:46:37,571 [ genlib ] [ INFO ] Searching order 5
2026-04-23 20:46:37,571 [ genlib ] [ INFO ] Searching order 6
2026-04-23 20:46:37,571 [ genlib ] [ INFO ] Searching order 7
2026-04-23 20:46:37,571 [ genlib ] [ INFO ] Searching branch 2
2026-04-23 20:46:37,571 [ genlib ] [ INFO ] Searching order 2
2026-04-23 20:46:37,571 [ genlib ] [ INFO ] Searching order 3
2026-04-23 20:46:37,571 [ genlib ] [ INFO ] Searching order 4
2026-04-23 20:46:37,571 [ genlib ] [ INFO ] Searching order 5
2026-04-23 20:46:37,571 [ genlib ] [ INFO ] Searching order 6
2026-04-23 20:46:37,571 [ genlib ] [ INFO ] Searching order 7
2026-04-23 20:46:37,576 [ genlib ] [ INFO ] Updating bond lists
2026-04-23 20:46:37,576 [ genlib ] [ INFO ] Updating dihedrals
2026-04-23 20:46:37,576 [ genlib ] [ INFO ] Updating impropers
2026-04-23 20:46:37,576 [ genlib ] [ INFO ] Building library files for ALA --> LYS mutant
2026-04-23 20:46:37,577 [ genlib ] [ INFO ] reading rtp file "aminoacids.rtp"
2026-04-23 20:46:37,626 [ genlib ] [ INFO ] ENTERED SIMPLE
2026-04-23 20:46:37,626 [ genlib ] [ INFO ] Making atom pairs
2026-04-23 20:46:37,626 [ genlib ] [ INFO ] Searching branch 1
2026-04-23 20:46:37,626 [ genlib ] [ INFO ] Searching order 2
2026-04-23 20:46:37,626 [ genlib ] [ INFO ] Checking atom 1HB
2026-04-23 20:46:37,626 [ genlib ] [ INFO ] Define atom pair: ALA|1HB|HC|H         - > LYS|CG|C8|C.3        (d = 0.46 A)
2026-04-23 20:46:37,626 [ genlib ] [ INFO ] Checking atom 2HB
2026-04-23 20:46:37,626 [ genlib ] [ INFO ] Define atom pair: ALA|2HB|HC|H         - > LYS|1HB|HC|H         (d = 0.07 A)
2026-04-23 20:46:37,626 [ genlib ] [ INFO ] Checking atom 3HB
2026-04-23 20:46:37,626 [ genlib ] [ INFO ] Define atom pair: ALA|3HB|HC|H         - > LYS|2HB|HC|H         (d = 0.08 A)
2026-04-23 20:46:37,626 [ genlib ] [ INFO ] Searching order 3
2026-04-23 20:46:37,626 [ genlib ] [ INFO ] Searching order 4
2026-04-23 20:46:37,626 [ genlib ] [ INFO ] Searching order 5
2026-04-23 20:46:37,626 [ genlib ] [ INFO ] Searching order 6
2026-04-23 20:46:37,626 [ genlib ] [ INFO ] Searching order 7
2026-04-23 20:46:37,626 [ genlib ] [ INFO ] Searching branch 2
2026-04-23 20:46:37,626 [ genlib ] [ INFO ] Searching order 2
2026-04-23 20:46:37,626 [ genlib ] [ INFO ] Searching order 3
2026-04-23 20:46:37,626 [ genlib ] [ INFO ] Searching order 4
2026-04-23 20:46:37,626 [ genlib ] [ INFO ] Searching order 5
2026-04-23 20:46:37,626 [ genlib ] [ INFO ] Searching order 6
2026-04-23 20:46:37,626 [ genlib ] [ INFO ] Searching order 7
2026-04-23 20:46:37,631 [ genlib ] [ INFO ] Updating bond lists
2026-04-23 20:46:37,631 [ genlib ] [ INFO ] Updating dihedrals
2026-04-23 20:46:37,631 [ genlib ] [ INFO ] Updating impropers
2026-04-23 20:46:37,632 [ genlib ] [ INFO ] Building library files for ALA --> MET mutant
2026-04-23 20:46:37,632 [ genlib ] [ INFO ] reading rtp file "aminoacids.rtp"
2026-04-23 20:46:37,676 [ genlib ] [ INFO ] ENTERED SIMPLE
2026-04-23 20:46:37,676 [ genlib ] [ INFO ] Making atom pairs
2026-04-23 20:46:37,676 [ genlib ] [ INFO ] Searching branch 1
2026-04-23 20:46:37,676 [ genlib ] [ INFO ] Searching order 2
2026-04-23 20:46:37,676 [ genlib ] [ INFO ] Checking atom 1HB
2026-04-23 20:46:37,676 [ genlib ] [ INFO ] Define atom pair: ALA|1HB|HC|H         - > MET|CG|2C|C.3        (d = 0.48 A)
2026-04-23 20:46:37,676 [ genlib ] [ INFO ] Checking atom 2HB
2026-04-23 20:46:37,676 [ genlib ] [ INFO ] Define atom pair: ALA|2HB|HC|H         - > MET|1HB|HC|H         (d = 0.02 A)
2026-04-23 20:46:37,676 [ genlib ] [ INFO ] Checking atom 3HB
2026-04-23 20:46:37,676 [ genlib ] [ INFO ] Define atom pair: ALA|3HB|HC|H         - > MET|2HB|HC|H         (d = 0.03 A)
2026-04-23 20:46:37,676 [ genlib ] [ INFO ] Searching order 3
2026-04-23 20:46:37,676 [ genlib ] [ INFO ] Searching order 4
2026-04-23 20:46:37,676 [ genlib ] [ INFO ] Searching order 5
2026-04-23 20:46:37,676 [ genlib ] [ INFO ] Searching order 6
2026-04-23 20:46:37,676 [ genlib ] [ INFO ] Searching order 7
2026-04-23 20:46:37,676 [ genlib ] [ INFO ] Searching branch 2
2026-04-23 20:46:37,676 [ genlib ] [ INFO ] Searching order 2
2026-04-23 20:46:37,676 [ genlib ] [ INFO ] Searching order 3
2026-04-23 20:46:37,676 [ genlib ] [ INFO ] Searching order 4
2026-04-23 20:46:37,677 [ genlib ] [ INFO ] Searching order 5
2026-04-23 20:46:37,677 [ genlib ] [ INFO ] Searching order 6
2026-04-23 20:46:37,677 [ genlib ] [ INFO ] Searching order 7
2026-04-23 20:46:37,680 [ genlib ] [ INFO ] Updating bond lists
2026-04-23 20:46:37,680 [ genlib ] [ INFO ] Updating dihedrals
2026-04-23 20:46:37,680 [ genlib ] [ INFO ] Updating impropers
2026-04-23 20:46:37,681 [ genlib ] [ INFO ] Building library files for ALA --> PHE mutant
2026-04-23 20:46:37,681 [ genlib ] [ INFO ] reading rtp file "aminoacids.rtp"
2026-04-23 20:46:37,746 [ genlib ] [ INFO ] ENTERED T,A,V,I
2026-04-23 20:46:37,746 [ genlib ] [ INFO ] Making atom pairs
2026-04-23 20:46:37,751 [ genlib ] [ INFO ] Updating bond lists
2026-04-23 20:46:37,751 [ genlib ] [ INFO ] Updating dihedrals
2026-04-23 20:46:37,751 [ genlib ] [ INFO ] Updating impropers
2026-04-23 20:46:37,752 [ genlib ] [ INFO ] Building library files for ALA --> PRO mutant
2026-04-23 20:46:37,752 [ genlib ] [ INFO ] reading rtp file "aminoacids.rtp"
2026-04-23 20:46:37,796 [ genlib ] [ INFO ] ENTERED P
2026-04-23 20:46:37,796 [ genlib ] [ INFO ] Making atom pairs
2026-04-23 20:46:37,799 [ genlib ] [ INFO ] Updating bond lists
2026-04-23 20:46:37,799 [ genlib ] [ INFO ] Updating dihedrals
2026-04-23 20:46:37,799 [ genlib ] [ INFO ] Updating impropers
2026-04-23 20:46:37,799 [ genlib ] [ INFO ] Building library files for ALA --> SER mutant
2026-04-23 20:46:37,800 [ genlib ] [ INFO ] reading rtp file "aminoacids.rtp"
2026-04-23 20:46:37,849 [ genlib ] [ INFO ] ENTERED SIMPLE
2026-04-23 20:46:37,849 [ genlib ] [ INFO ] Making atom pairs
2026-04-23 20:46:37,849 [ genlib ] [ INFO ] Searching branch 1
2026-04-23 20:46:37,849 [ genlib ] [ INFO ] Searching order 2
2026-04-23 20:46:37,849 [ genlib ] [ INFO ] Checking atom 1HB
2026-04-23 20:46:37,849 [ genlib ] [ INFO ] Define atom pair: ALA|1HB|HC|H         - > SER|OG|OH|O.3        (d = 0.38 A)
2026-04-23 20:46:37,849 [ genlib ] [ INFO ] Checking atom 2HB
2026-04-23 20:46:37,849 [ genlib ] [ INFO ] Define atom pair: ALA|2HB|HC|H         - > SER|1HB|H1|H         (d = 0.11 A)
2026-04-23 20:46:37,849 [ genlib ] [ INFO ] Checking atom 3HB
2026-04-23 20:46:37,849 [ genlib ] [ INFO ] Define atom pair: ALA|3HB|HC|H         - > SER|2HB|H1|H         (d = 0.12 A)
2026-04-23 20:46:37,849 [ genlib ] [ INFO ] Searching order 3
2026-04-23 20:46:37,849 [ genlib ] [ INFO ] Searching order 4
2026-04-23 20:46:37,849 [ genlib ] [ INFO ] Searching order 5
2026-04-23 20:46:37,849 [ genlib ] [ INFO ] Searching order 6
2026-04-23 20:46:37,849 [ genlib ] [ INFO ] Searching order 7
2026-04-23 20:46:37,849 [ genlib ] [ INFO ] Searching branch 2
2026-04-23 20:46:37,849 [ genlib ] [ INFO ] Searching order 2
2026-04-23 20:46:37,849 [ genlib ] [ INFO ] Searching order 3
2026-04-23 20:46:37,849 [ genlib ] [ INFO ] Searching order 4
2026-04-23 20:46:37,849 [ genlib ] [ INFO ] Searching order 5
2026-04-23 20:46:37,849 [ genlib ] [ INFO ] Searching order 6
2026-04-23 20:46:37,849 [ genlib ] [ INFO ] Searching order 7
2026-04-23 20:46:37,850 [ genlib ] [ INFO ] Updating bond lists
2026-04-23 20:46:37,850 [ genlib ] [ INFO ] Updating dihedrals
2026-04-23 20:46:37,850 [ genlib ] [ INFO ] Updating impropers
2026-04-23 20:46:37,850 [ genlib ] [ INFO ] Building library files for ALA --> THR mutant
2026-04-23 20:46:37,851 [ genlib ] [ INFO ] reading rtp file "aminoacids.rtp"
2026-04-23 20:46:37,894 [ genlib ] [ INFO ] ENTERED SIMPLE
2026-04-23 20:46:37,894 [ genlib ] [ INFO ] Making atom pairs
2026-04-23 20:46:37,894 [ genlib ] [ INFO ] Searching branch 1
2026-04-23 20:46:37,894 [ genlib ] [ INFO ] Searching order 2
2026-04-23 20:46:37,894 [ genlib ] [ INFO ] Checking atom 1HB
2026-04-23 20:46:37,894 [ genlib ] [ INFO ] Define atom pair: ALA|1HB|HC|H         - > THR|OG1|OH|O.3       (d = 0.36 A)
2026-04-23 20:46:37,894 [ genlib ] [ INFO ] Checking atom 2HB
2026-04-23 20:46:37,894 [ genlib ] [ INFO ] Define atom pair: ALA|2HB|HC|H         - > THR|HB|H1|H          (d = 0.07 A)
2026-04-23 20:46:37,894 [ genlib ] [ INFO ] Checking atom 3HB
2026-04-23 20:46:37,894 [ genlib ] [ INFO ] Define atom pair: ALA|3HB|HC|H         - > THR|CG2|CT|C.3       (d = 0.44 A)
2026-04-23 20:46:37,894 [ genlib ] [ INFO ] Searching order 3
2026-04-23 20:46:37,894 [ genlib ] [ INFO ] Searching order 4
2026-04-23 20:46:37,894 [ genlib ] [ INFO ] Searching order 5
2026-04-23 20:46:37,894 [ genlib ] [ INFO ] Searching order 6
2026-04-23 20:46:37,894 [ genlib ] [ INFO ] Searching order 7
2026-04-23 20:46:37,894 [ genlib ] [ INFO ] Searching branch 2
2026-04-23 20:46:37,894 [ genlib ] [ INFO ] Searching order 2
2026-04-23 20:46:37,894 [ genlib ] [ INFO ] Searching order 3
2026-04-23 20:46:37,894 [ genlib ] [ INFO ] Searching order 4
2026-04-23 20:46:37,894 [ genlib ] [ INFO ] Searching order 5
2026-04-23 20:46:37,894 [ genlib ] [ INFO ] Searching order 6
2026-04-23 20:46:37,894 [ genlib ] [ INFO ] Searching order 7
2026-04-23 20:46:37,896 [ genlib ] [ INFO ] Updating bond lists
2026-04-23 20:46:37,896 [ genlib ] [ INFO ] Updating dihedrals
2026-04-23 20:46:37,896 [ genlib ] [ INFO ] Updating impropers
2026-04-23 20:46:37,896 [ genlib ] [ INFO ] Building library files for ALA --> TRP mutant
2026-04-23 20:46:37,897 [ genlib ] [ INFO ] reading rtp file "aminoacids.rtp"
2026-04-23 20:46:37,941 [ genlib ] [ INFO ] ENTERED T,A,V,I
2026-04-23 20:46:37,941 [ genlib ] [ INFO ] Making atom pairs
2026-04-23 20:46:37,948 [ genlib ] [ INFO ] Updating bond lists
2026-04-23 20:46:37,949 [ genlib ] [ INFO ] Updating dihedrals
2026-04-23 20:46:37,949 [ genlib ] [ INFO ] Updating impropers
2026-04-23 20:46:37,949 [ genlib ] [ INFO ] Building library files for ALA --> TYR mutant
2026-04-23 20:46:37,950 [ genlib ] [ INFO ] reading rtp file "aminoacids.rtp"
2026-04-23 20:46:37,994 [ genlib ] [ INFO ] ENTERED T,A,V,I
2026-04-23 20:46:37,994 [ genlib ] [ INFO ] Making atom pairs
2026-04-23 20:46:38,000 [ genlib ] [ INFO ] Updating bond lists
2026-04-23 20:46:38,003 [ genlib ] [ INFO ] Updating dihedrals
2026-04-23 20:46:38,003 [ genlib ] [ INFO ] Updating impropers
2026-04-23 20:46:38,004 [ genlib ] [ INFO ] Building library files for ALA --> VAL mutant
2026-04-23 20:46:38,005 [ genlib ] [ INFO ] reading rtp file "aminoacids.rtp"
2026-04-23 20:46:38,049 [ genlib ] [ INFO ] ENTERED SIMPLE
2026-04-23 20:46:38,049 [ genlib ] [ INFO ] Making atom pairs
2026-04-23 20:46:38,049 [ genlib ] [ INFO ] Searching branch 1
2026-04-23 20:46:38,049 [ genlib ] [ INFO ] Searching order 2
2026-04-23 20:46:38,049 [ genlib ] [ INFO ] Checking atom 1HB
2026-04-23 20:46:38,049 [ genlib ] [ INFO ] Define atom pair: ALA|1HB|HC|H         - > VAL|CG2|CT|C.3       (d = 0.50 A)
2026-04-23 20:46:38,049 [ genlib ] [ INFO ] Checking atom 2HB
2026-04-23 20:46:38,049 [ genlib ] [ INFO ] Define atom pair: ALA|2HB|HC|H         - > VAL|HB|HC|H          (d = 0.19 A)
2026-04-23 20:46:38,049 [ genlib ] [ INFO ] Checking atom 3HB
2026-04-23 20:46:38,049 [ genlib ] [ INFO ] Define atom pair: ALA|3HB|HC|H         - > VAL|CG1|CT|C.3       (d = 0.44 A)
2026-04-23 20:46:38,049 [ genlib ] [ INFO ] Searching order 3
2026-04-23 20:46:38,049 [ genlib ] [ INFO ] Searching order 4
2026-04-23 20:46:38,049 [ genlib ] [ INFO ] Searching order 5
2026-04-23 20:46:38,049 [ genlib ] [ INFO ] Searching order 6
2026-04-23 20:46:38,049 [ genlib ] [ INFO ] Searching order 7
2026-04-23 20:46:38,049 [ genlib ] [ INFO ] Searching branch 2
2026-04-23 20:46:38,049 [ genlib ] [ INFO ] Searching order 2
2026-04-23 20:46:38,049 [ genlib ] [ INFO ] Searching order 3
2026-04-23 20:46:38,049 [ genlib ] [ INFO ] Searching order 4
2026-04-23 20:46:38,049 [ genlib ] [ INFO ] Searching order 5
2026-04-23 20:46:38,049 [ genlib ] [ INFO ] Searching order 6
2026-04-23 20:46:38,049 [ genlib ] [ INFO ] Searching order 7
2026-04-23 20:46:38,051 [ genlib ] [ INFO ] Updating bond lists
2026-04-23 20:46:38,052 [ genlib ] [ INFO ] Updating dihedrals
2026-04-23 20:46:38,052 [ genlib ] [ INFO ] Updating impropers
2026-04-23 20:46:38,052 [ genlib ] [ INFO ] Building library files for ARG --> ALA mutant
2026-04-23 20:46:38,052 [ genlib ] [ INFO ] reading rtp file "aminoacids.rtp"
2026-04-23 20:46:38,097 [ genlib ] [ INFO ] ENTERED SIMPLE
2026-04-23 20:46:38,097 [ genlib ] [ INFO ] Making atom pairs
2026-04-23 20:46:38,097 [ genlib ] [ INFO ] Searching branch 1
2026-04-23 20:46:38,097 [ genlib ] [ INFO ] Searching order 2
2026-04-23 20:46:38,097 [ genlib ] [ INFO ] Checking atom 1HB
2026-04-23 20:46:38,097 [ genlib ] [ INFO ] Define atom pair: ARG|1HB|HC|H         - > ALA|2HB|HC|H         (d = 0.04 A)
2026-04-23 20:46:38,097 [ genlib ] [ INFO ] Checking atom 2HB
2026-04-23 20:46:38,097 [ genlib ] [ INFO ] Define atom pair: ARG|2HB|HC|H         - > ALA|3HB|HC|H         (d = 0.04 A)
2026-04-23 20:46:38,097 [ genlib ] [ INFO ] Checking atom CG
2026-04-23 20:46:38,097 [ genlib ] [ INFO ] Define atom pair: ARG|CG|C8|C.3        - > ALA|1HB|HC|H         (d = 0.47 A)
2026-04-23 20:46:38,097 [ genlib ] [ INFO ] Searching order 3
2026-04-23 20:46:38,097 [ genlib ] [ INFO ] Checking atom 1HG
2026-04-23 20:46:38,097 [ genlib ] [ INFO ] No partner found for atom 1HG
2026-04-23 20:46:38,097 [ genlib ] [ INFO ] Checking atom 2HG
2026-04-23 20:46:38,097 [ genlib ] [ INFO ] No partner found for atom 2HG
2026-04-23 20:46:38,097 [ genlib ] [ INFO ] Checking atom CD
2026-04-23 20:46:38,097 [ genlib ] [ INFO ] No partner found for atom CD
2026-04-23 20:46:38,097 [ genlib ] [ INFO ] Searching order 4
2026-04-23 20:46:38,097 [ genlib ] [ INFO ] Searching order 5
2026-04-23 20:46:38,097 [ genlib ] [ INFO ] Searching order 6
2026-04-23 20:46:38,097 [ genlib ] [ INFO ] Searching order 7
2026-04-23 20:46:38,097 [ genlib ] [ INFO ] Searching branch 2
2026-04-23 20:46:38,097 [ genlib ] [ INFO ] Searching order 2
2026-04-23 20:46:38,097 [ genlib ] [ INFO ] Searching order 3
2026-04-23 20:46:38,097 [ genlib ] [ INFO ] Checking atom 1HG
2026-04-23 20:46:38,097 [ genlib ] [ INFO ] No partner found for atom 1HG
2026-04-23 20:46:38,097 [ genlib ] [ INFO ] Checking atom 2HG
2026-04-23 20:46:38,097 [ genlib ] [ INFO ] No partner found for atom 2HG
2026-04-23 20:46:38,097 [ genlib ] [ INFO ] Checking atom CD
2026-04-23 20:46:38,097 [ genlib ] [ INFO ] No partner found for atom CD
2026-04-23 20:46:38,097 [ genlib ] [ INFO ] Searching order 4
2026-04-23 20:46:38,097 [ genlib ] [ INFO ] Searching order 5
2026-04-23 20:46:38,097 [ genlib ] [ INFO ] Searching order 6
2026-04-23 20:46:38,097 [ genlib ] [ INFO ] Searching order 7
2026-04-23 20:46:38,098 [ genlib ] [ INFO ] Updating bond lists
2026-04-23 20:46:38,098 [ genlib ] [ INFO ] Updating dihedrals
2026-04-23 20:46:38,098 [ genlib ] [ INFO ] Updating impropers
2026-04-23 20:46:38,098 [ genlib ] [ INFO ] Building library files for ARG --> ASH mutant
2026-04-23 20:46:38,099 [ genlib ] [ INFO ] reading rtp file "aminoacids.rtp"
2026-04-23 20:46:38,143 [ genlib ] [ INFO ] ENTERED SIMPLE
2026-04-23 20:46:38,143 [ genlib ] [ INFO ] Making atom pairs
2026-04-23 20:46:38,143 [ genlib ] [ INFO ] Searching branch 1
2026-04-23 20:46:38,143 [ genlib ] [ INFO ] Searching order 2
2026-04-23 20:46:38,143 [ genlib ] [ INFO ] Checking atom 1HB
2026-04-23 20:46:38,143 [ genlib ] [ INFO ] Define atom pair: ARG|1HB|HC|H         - > ASH|1HB|HC|H         (d = 0.08 A)
2026-04-23 20:46:38,143 [ genlib ] [ INFO ] Checking atom 2HB
2026-04-23 20:46:38,143 [ genlib ] [ INFO ] Define atom pair: ARG|2HB|HC|H         - > ASH|2HB|HC|H         (d = 0.08 A)
2026-04-23 20:46:38,143 [ genlib ] [ INFO ] Checking atom CG
2026-04-23 20:46:38,143 [ genlib ] [ INFO ] Define atom pair: ARG|CG|C8|C.3        - > ASH|CG|C|C.2         (d = 0.09 A)
2026-04-23 20:46:38,143 [ genlib ] [ INFO ] Searching order 3
2026-04-23 20:46:38,143 [ genlib ] [ INFO ] Checking atom 1HG
2026-04-23 20:46:38,143 [ genlib ] [ INFO ] No partner found for atom 1HG
2026-04-23 20:46:38,143 [ genlib ] [ INFO ] Checking atom 2HG
2026-04-23 20:46:38,143 [ genlib ] [ INFO ] No partner found for atom 2HG
2026-04-23 20:46:38,143 [ genlib ] [ INFO ] Checking atom CD
2026-04-23 20:46:38,143 [ genlib ] [ INFO ] Define atom pair: ARG|CD|C8|C.3        - > ASH|OD1|O|O.co2      (d = 0.34 A)
2026-04-23 20:46:38,143 [ genlib ] [ INFO ] Searching order 4
2026-04-23 20:46:38,143 [ genlib ] [ INFO ] Checking atom 1HD
2026-04-23 20:46:38,143 [ genlib ] [ INFO ] No partner found for atom 1HD
2026-04-23 20:46:38,143 [ genlib ] [ INFO ] Checking atom 2HD
2026-04-23 20:46:38,143 [ genlib ] [ INFO ] No partner found for atom 2HD
2026-04-23 20:46:38,143 [ genlib ] [ INFO ] Checking atom NE
2026-04-23 20:46:38,143 [ genlib ] [ INFO ] No partner found for atom NE
2026-04-23 20:46:38,143 [ genlib ] [ INFO ] Searching order 5
2026-04-23 20:46:38,143 [ genlib ] [ INFO ] Searching order 6
2026-04-23 20:46:38,143 [ genlib ] [ INFO ] Searching order 7
2026-04-23 20:46:38,143 [ genlib ] [ INFO ] Searching branch 2
2026-04-23 20:46:38,143 [ genlib ] [ INFO ] Searching order 2
2026-04-23 20:46:38,143 [ genlib ] [ INFO ] Searching order 3
2026-04-23 20:46:38,143 [ genlib ] [ INFO ] Checking atom 1HG
2026-04-23 20:46:38,143 [ genlib ] [ INFO ] No partner found for atom 1HG
2026-04-23 20:46:38,143 [ genlib ] [ INFO ] Checking atom 2HG
2026-04-23 20:46:38,143 [ genlib ] [ INFO ] No partner found for atom 2HG
2026-04-23 20:46:38,143 [ genlib ] [ INFO ] Searching order 4
2026-04-23 20:46:38,143 [ genlib ] [ INFO ] Checking atom 1HD
2026-04-23 20:46:38,143 [ genlib ] [ INFO ] No partner found for atom 1HD
2026-04-23 20:46:38,143 [ genlib ] [ INFO ] Checking atom 2HD
2026-04-23 20:46:38,143 [ genlib ] [ INFO ] No partner found for atom 2HD
2026-04-23 20:46:38,143 [ genlib ] [ INFO ] Checking atom NE
2026-04-23 20:46:38,143 [ genlib ] [ INFO ] No partner found for atom NE
2026-04-23 20:46:38,143 [ genlib ] [ INFO ] Searching order 5
2026-04-23 20:46:38,143 [ genlib ] [ INFO ] Searching order 6
2026-04-23 20:46:38,143 [ genlib ] [ INFO ] Searching order 7
2026-04-23 20:46:38,144 [ genlib ] [ INFO ] Updating bond lists
2026-04-23 20:46:38,144 [ genlib ] [ INFO ] Updating dihedrals
2026-04-23 20:46:38,144 [ genlib ] [ INFO ] Updating impropers
2026-04-23 20:46:38,145 [ genlib ] [ INFO ] Building library files for ARG --> ASN mutant
2026-04-23 20:46:38,146 [ genlib ] [ INFO ] reading rtp file "aminoacids.rtp"
2026-04-23 20:46:38,190 [ genlib ] [ INFO ] ENTERED SIMPLE
2026-04-23 20:46:38,190 [ genlib ] [ INFO ] Making atom pairs
2026-04-23 20:46:38,190 [ genlib ] [ INFO ] Searching branch 1
2026-04-23 20:46:38,190 [ genlib ] [ INFO ] Searching order 2
2026-04-23 20:46:38,190 [ genlib ] [ INFO ] Checking atom 1HB
2026-04-23 20:46:38,190 [ genlib ] [ INFO ] Define atom pair: ARG|1HB|HC|H         - > ASN|1HB|HC|H         (d = 0.14 A)
2026-04-23 20:46:38,190 [ genlib ] [ INFO ] Checking atom 2HB
2026-04-23 20:46:38,190 [ genlib ] [ INFO ] Define atom pair: ARG|2HB|HC|H         - > ASN|2HB|HC|H         (d = 0.10 A)
2026-04-23 20:46:38,190 [ genlib ] [ INFO ] Checking atom CG
2026-04-23 20:46:38,190 [ genlib ] [ INFO ] Define atom pair: ARG|CG|C8|C.3        - > ASN|CG|C|C.2         (d = 0.17 A)
2026-04-23 20:46:38,190 [ genlib ] [ INFO ] Searching order 3
2026-04-23 20:46:38,190 [ genlib ] [ INFO ] Checking atom 1HG
2026-04-23 20:46:38,190 [ genlib ] [ INFO ] No partner found for atom 1HG
2026-04-23 20:46:38,190 [ genlib ] [ INFO ] Checking atom 2HG
2026-04-23 20:46:38,190 [ genlib ] [ INFO ] No partner found for atom 2HG
2026-04-23 20:46:38,190 [ genlib ] [ INFO ] Checking atom CD
2026-04-23 20:46:38,190 [ genlib ] [ INFO ] Define atom pair: ARG|CD|C8|C.3        - > ASN|OD1|O|O.2        (d = 0.53 A)
2026-04-23 20:46:38,190 [ genlib ] [ INFO ] Searching order 4
2026-04-23 20:46:38,190 [ genlib ] [ INFO ] Checking atom 1HD
2026-04-23 20:46:38,190 [ genlib ] [ INFO ] No partner found for atom 1HD
2026-04-23 20:46:38,190 [ genlib ] [ INFO ] Checking atom 2HD
2026-04-23 20:46:38,190 [ genlib ] [ INFO ] No partner found for atom 2HD
2026-04-23 20:46:38,190 [ genlib ] [ INFO ] Checking atom NE
2026-04-23 20:46:38,190 [ genlib ] [ INFO ] No partner found for atom NE
2026-04-23 20:46:38,190 [ genlib ] [ INFO ] Searching order 5
2026-04-23 20:46:38,190 [ genlib ] [ INFO ] Searching order 6
2026-04-23 20:46:38,190 [ genlib ] [ INFO ] Searching order 7
2026-04-23 20:46:38,190 [ genlib ] [ INFO ] Searching branch 2
2026-04-23 20:46:38,190 [ genlib ] [ INFO ] Searching order 2
2026-04-23 20:46:38,190 [ genlib ] [ INFO ] Searching order 3
2026-04-23 20:46:38,190 [ genlib ] [ INFO ] Checking atom 1HG
2026-04-23 20:46:38,190 [ genlib ] [ INFO ] No partner found for atom 1HG
2026-04-23 20:46:38,190 [ genlib ] [ INFO ] Checking atom 2HG
2026-04-23 20:46:38,190 [ genlib ] [ INFO ] No partner found for atom 2HG
2026-04-23 20:46:38,190 [ genlib ] [ INFO ] Searching order 4
2026-04-23 20:46:38,190 [ genlib ] [ INFO ] Checking atom 1HD
2026-04-23 20:46:38,190 [ genlib ] [ INFO ] No partner found for atom 1HD
2026-04-23 20:46:38,190 [ genlib ] [ INFO ] Checking atom 2HD
2026-04-23 20:46:38,190 [ genlib ] [ INFO ] No partner found for atom 2HD
2026-04-23 20:46:38,190 [ genlib ] [ INFO ] Checking atom NE
2026-04-23 20:46:38,190 [ genlib ] [ INFO ] No partner found for atom NE
2026-04-23 20:46:38,190 [ genlib ] [ INFO ] Searching order 5
2026-04-23 20:46:38,190 [ genlib ] [ INFO ] Searching order 6
2026-04-23 20:46:38,190 [ genlib ] [ INFO ] Searching order 7
2026-04-23 20:46:38,191 [ genlib ] [ INFO ] Updating bond lists
2026-04-23 20:46:38,191 [ genlib ] [ INFO ] Updating dihedrals
2026-04-23 20:46:38,191 [ genlib ] [ INFO ] Updating impropers
2026-04-23 20:46:38,192 [ genlib ] [ INFO ] Building library files for ARG --> ASP mutant
2026-04-23 20:46:38,193 [ genlib ] [ INFO ] reading rtp file "aminoacids.rtp"
2026-04-23 20:46:38,241 [ genlib ] [ INFO ] ENTERED SIMPLE
2026-04-23 20:46:38,241 [ genlib ] [ INFO ] Making atom pairs
2026-04-23 20:46:38,241 [ genlib ] [ INFO ] Searching branch 1
2026-04-23 20:46:38,241 [ genlib ] [ INFO ] Searching order 2
2026-04-23 20:46:38,241 [ genlib ] [ INFO ] Checking atom 1HB
2026-04-23 20:46:38,241 [ genlib ] [ INFO ] Define atom pair: ARG|1HB|HC|H         - > ASP|1HB|HC|H         (d = 0.06 A)
2026-04-23 20:46:38,241 [ genlib ] [ INFO ] Checking atom 2HB
2026-04-23 20:46:38,241 [ genlib ] [ INFO ] Define atom pair: ARG|2HB|HC|H         - > ASP|2HB|HC|H         (d = 0.06 A)
2026-04-23 20:46:38,241 [ genlib ] [ INFO ] Checking atom CG
2026-04-23 20:46:38,241 [ genlib ] [ INFO ] Define atom pair: ARG|CG|C8|C.3        - > ASP|CG|CO|C.2        (d = 0.09 A)
2026-04-23 20:46:38,241 [ genlib ] [ INFO ] Searching order 3
2026-04-23 20:46:38,241 [ genlib ] [ INFO ] Checking atom 1HG
2026-04-23 20:46:38,241 [ genlib ] [ INFO ] No partner found for atom 1HG
2026-04-23 20:46:38,241 [ genlib ] [ INFO ] Checking atom 2HG
2026-04-23 20:46:38,241 [ genlib ] [ INFO ] No partner found for atom 2HG
2026-04-23 20:46:38,241 [ genlib ] [ INFO ] Checking atom CD
2026-04-23 20:46:38,241 [ genlib ] [ INFO ] Define atom pair: ARG|CD|C8|C.3        - > ASP|OD1|O2|O.co2     (d = 0.34 A)
2026-04-23 20:46:38,241 [ genlib ] [ INFO ] Searching order 4
2026-04-23 20:46:38,241 [ genlib ] [ INFO ] Checking atom 1HD
2026-04-23 20:46:38,241 [ genlib ] [ INFO ] No partner found for atom 1HD
2026-04-23 20:46:38,241 [ genlib ] [ INFO ] Checking atom 2HD
2026-04-23 20:46:38,241 [ genlib ] [ INFO ] No partner found for atom 2HD
2026-04-23 20:46:38,241 [ genlib ] [ INFO ] Checking atom NE
2026-04-23 20:46:38,241 [ genlib ] [ INFO ] No partner found for atom NE
2026-04-23 20:46:38,241 [ genlib ] [ INFO ] Searching order 5
2026-04-23 20:46:38,241 [ genlib ] [ INFO ] Searching order 6
2026-04-23 20:46:38,241 [ genlib ] [ INFO ] Searching order 7
2026-04-23 20:46:38,241 [ genlib ] [ INFO ] Searching branch 2
2026-04-23 20:46:38,241 [ genlib ] [ INFO ] Searching order 2
2026-04-23 20:46:38,241 [ genlib ] [ INFO ] Searching order 3
2026-04-23 20:46:38,241 [ genlib ] [ INFO ] Checking atom 1HG
2026-04-23 20:46:38,241 [ genlib ] [ INFO ] No partner found for atom 1HG
2026-04-23 20:46:38,241 [ genlib ] [ INFO ] Checking atom 2HG
2026-04-23 20:46:38,241 [ genlib ] [ INFO ] No partner found for atom 2HG
2026-04-23 20:46:38,241 [ genlib ] [ INFO ] Searching order 4
2026-04-23 20:46:38,241 [ genlib ] [ INFO ] Checking atom 1HD
2026-04-23 20:46:38,241 [ genlib ] [ INFO ] No partner found for atom 1HD
2026-04-23 20:46:38,242 [ genlib ] [ INFO ] Checking atom 2HD
2026-04-23 20:46:38,242 [ genlib ] [ INFO ] No partner found for atom 2HD
2026-04-23 20:46:38,242 [ genlib ] [ INFO ] Checking atom NE
2026-04-23 20:46:38,242 [ genlib ] [ INFO ] No partner found for atom NE
2026-04-23 20:46:38,242 [ genlib ] [ INFO ] Searching order 5
2026-04-23 20:46:38,242 [ genlib ] [ INFO ] Searching order 6
2026-04-23 20:46:38,242 [ genlib ] [ INFO ] Searching order 7
2026-04-23 20:46:38,242 [ genlib ] [ INFO ] Updating bond lists
2026-04-23 20:46:38,243 [ genlib ] [ INFO ] Updating dihedrals
2026-04-23 20:46:38,243 [ genlib ] [ INFO ] Updating impropers
2026-04-23 20:46:38,243 [ genlib ] [ INFO ] Building library files for ARG --> CYS mutant
2026-04-23 20:46:38,244 [ genlib ] [ INFO ] reading rtp file "aminoacids.rtp"
2026-04-23 20:46:38,290 [ genlib ] [ INFO ] ENTERED SIMPLE
2026-04-23 20:46:38,290 [ genlib ] [ INFO ] Making atom pairs
2026-04-23 20:46:38,290 [ genlib ] [ INFO ] Searching branch 1
2026-04-23 20:46:38,290 [ genlib ] [ INFO ] Searching order 2
2026-04-23 20:46:38,290 [ genlib ] [ INFO ] Checking atom 1HB
2026-04-23 20:46:38,290 [ genlib ] [ INFO ] Define atom pair: ARG|1HB|HC|H         - > CYS|1HB|H1|H         (d = 0.03 A)
2026-04-23 20:46:38,290 [ genlib ] [ INFO ] Checking atom 2HB
2026-04-23 20:46:38,290 [ genlib ] [ INFO ] Define atom pair: ARG|2HB|HC|H         - > CYS|2HB|H1|H         (d = 0.02 A)
2026-04-23 20:46:38,290 [ genlib ] [ INFO ] Checking atom CG
2026-04-23 20:46:38,290 [ genlib ] [ INFO ] Define atom pair: ARG|CG|C8|C.3        - > CYS|SG|SH|S.3        (d = 0.26 A)
2026-04-23 20:46:38,290 [ genlib ] [ INFO ] Searching order 3
2026-04-23 20:46:38,290 [ genlib ] [ INFO ] Checking atom 1HG
2026-04-23 20:46:38,290 [ genlib ] [ INFO ] No partner found for atom 1HG
2026-04-23 20:46:38,290 [ genlib ] [ INFO ] Checking atom 2HG
2026-04-23 20:46:38,290 [ genlib ] [ INFO ] No partner found for atom 2HG
2026-04-23 20:46:38,290 [ genlib ] [ INFO ] Checking atom CD
2026-04-23 20:46:38,290 [ genlib ] [ INFO ] Define atom pair: ARG|CD|C8|C.3        - > CYS|HG|HS|H          (d = 0.25 A)
2026-04-23 20:46:38,290 [ genlib ] [ INFO ] Searching order 4
2026-04-23 20:46:38,290 [ genlib ] [ INFO ] Checking atom 1HD
2026-04-23 20:46:38,290 [ genlib ] [ INFO ] No partner found for atom 1HD
2026-04-23 20:46:38,290 [ genlib ] [ INFO ] Checking atom 2HD
2026-04-23 20:46:38,290 [ genlib ] [ INFO ] No partner found for atom 2HD
2026-04-23 20:46:38,290 [ genlib ] [ INFO ] Checking atom NE
2026-04-23 20:46:38,290 [ genlib ] [ INFO ] No partner found for atom NE
2026-04-23 20:46:38,290 [ genlib ] [ INFO ] Searching order 5
2026-04-23 20:46:38,290 [ genlib ] [ INFO ] Searching order 6
2026-04-23 20:46:38,290 [ genlib ] [ INFO ] Searching order 7
2026-04-23 20:46:38,290 [ genlib ] [ INFO ] Searching branch 2
2026-04-23 20:46:38,290 [ genlib ] [ INFO ] Searching order 2
2026-04-23 20:46:38,290 [ genlib ] [ INFO ] Searching order 3
2026-04-23 20:46:38,290 [ genlib ] [ INFO ] Checking atom 1HG
2026-04-23 20:46:38,290 [ genlib ] [ INFO ] No partner found for atom 1HG
2026-04-23 20:46:38,290 [ genlib ] [ INFO ] Checking atom 2HG
2026-04-23 20:46:38,290 [ genlib ] [ INFO ] No partner found for atom 2HG
2026-04-23 20:46:38,290 [ genlib ] [ INFO ] Searching order 4
2026-04-23 20:46:38,290 [ genlib ] [ INFO ] Checking atom 1HD
2026-04-23 20:46:38,290 [ genlib ] [ INFO ] No partner found for atom 1HD
2026-04-23 20:46:38,290 [ genlib ] [ INFO ] Checking atom 2HD
2026-04-23 20:46:38,290 [ genlib ] [ INFO ] No partner found for atom 2HD
2026-04-23 20:46:38,290 [ genlib ] [ INFO ] Checking atom NE
2026-04-23 20:46:38,290 [ genlib ] [ INFO ] No partner found for atom NE
2026-04-23 20:46:38,290 [ genlib ] [ INFO ] Searching order 5
2026-04-23 20:46:38,290 [ genlib ] [ INFO ] Searching order 6
2026-04-23 20:46:38,290 [ genlib ] [ INFO ] Searching order 7
2026-04-23 20:46:38,290 [ genlib ] [ INFO ] Updating bond lists
2026-04-23 20:46:38,291 [ genlib ] [ INFO ] Updating dihedrals
2026-04-23 20:46:38,291 [ genlib ] [ INFO ] Updating impropers
2026-04-23 20:46:38,291 [ genlib ] [ INFO ] Building library files for ARG --> GLH mutant
2026-04-23 20:46:38,292 [ genlib ] [ INFO ] reading rtp file "aminoacids.rtp"
2026-04-23 20:46:38,338 [ genlib ] [ INFO ] ENTERED SIMPLE
2026-04-23 20:46:38,338 [ genlib ] [ INFO ] Making atom pairs
2026-04-23 20:46:38,338 [ genlib ] [ INFO ] Searching branch 1
2026-04-23 20:46:38,338 [ genlib ] [ INFO ] Searching order 2
2026-04-23 20:46:38,338 [ genlib ] [ INFO ] Checking atom 1HB
2026-04-23 20:46:38,338 [ genlib ] [ INFO ] Define atom pair: ARG|1HB|HC|H         - > GLH|1HB|HC|H         (d = 0.15 A)
2026-04-23 20:46:38,338 [ genlib ] [ INFO ] Checking atom 2HB
2026-04-23 20:46:38,338 [ genlib ] [ INFO ] Define atom pair: ARG|2HB|HC|H         - > GLH|2HB|HC|H         (d = 0.16 A)
2026-04-23 20:46:38,338 [ genlib ] [ INFO ] Checking atom CG
2026-04-23 20:46:38,338 [ genlib ] [ INFO ] Define atom pair: ARG|CG|C8|C.3        - > GLH|CG|2C|C.3        (d = 0.25 A)
2026-04-23 20:46:38,338 [ genlib ] [ INFO ] Searching order 3
2026-04-23 20:46:38,338 [ genlib ] [ INFO ] Checking atom 1HG
2026-04-23 20:46:38,338 [ genlib ] [ INFO ] Define atom pair: ARG|1HG|HC|H         - > GLH|1HG|HC|H         (d = 0.33 A)
2026-04-23 20:46:38,338 [ genlib ] [ INFO ] Checking atom 2HG
2026-04-23 20:46:38,338 [ genlib ] [ INFO ] Define atom pair: ARG|2HG|HC|H         - > GLH|2HG|HC|H         (d = 0.30 A)
2026-04-23 20:46:38,338 [ genlib ] [ INFO ] Checking atom CD
2026-04-23 20:46:38,338 [ genlib ] [ INFO ] Define atom pair: ARG|CD|C8|C.3        - > GLH|CD|C|C.2         (d = 0.25 A)
2026-04-23 20:46:38,338 [ genlib ] [ INFO ] Searching order 4
2026-04-23 20:46:38,338 [ genlib ] [ INFO ] Checking atom 1HD
2026-04-23 20:46:38,338 [ genlib ] [ INFO ] No partner found for atom 1HD
2026-04-23 20:46:38,338 [ genlib ] [ INFO ] Checking atom 2HD
2026-04-23 20:46:38,338 [ genlib ] [ INFO ] No partner found for atom 2HD
2026-04-23 20:46:38,338 [ genlib ] [ INFO ] Checking atom NE
2026-04-23 20:46:38,338 [ genlib ] [ INFO ] Define atom pair: ARG|NE|N2|N.pl3      - > GLH|OE1|O|O.co2      (d = 0.43 A)
2026-04-23 20:46:38,338 [ genlib ] [ INFO ] Searching order 5
2026-04-23 20:46:38,338 [ genlib ] [ INFO ] Checking atom HE
2026-04-23 20:46:38,338 [ genlib ] [ INFO ] No partner found for atom HE
2026-04-23 20:46:38,338 [ genlib ] [ INFO ] Checking atom CZ
2026-04-23 20:46:38,338 [ genlib ] [ INFO ] No partner found for atom CZ
2026-04-23 20:46:38,338 [ genlib ] [ INFO ] Searching order 6
2026-04-23 20:46:38,338 [ genlib ] [ INFO ] Searching order 7
2026-04-23 20:46:38,338 [ genlib ] [ INFO ] Searching branch 2
2026-04-23 20:46:38,338 [ genlib ] [ INFO ] Searching order 2
2026-04-23 20:46:38,338 [ genlib ] [ INFO ] Searching order 3
2026-04-23 20:46:38,338 [ genlib ] [ INFO ] Searching order 4
2026-04-23 20:46:38,338 [ genlib ] [ INFO ] Checking atom 1HD
2026-04-23 20:46:38,338 [ genlib ] [ INFO ] No partner found for atom 1HD
2026-04-23 20:46:38,338 [ genlib ] [ INFO ] Checking atom 2HD
2026-04-23 20:46:38,338 [ genlib ] [ INFO ] No partner found for atom 2HD
2026-04-23 20:46:38,338 [ genlib ] [ INFO ] Searching order 5
2026-04-23 20:46:38,338 [ genlib ] [ INFO ] Checking atom HE
2026-04-23 20:46:38,339 [ genlib ] [ INFO ] No partner found for atom HE
2026-04-23 20:46:38,339 [ genlib ] [ INFO ] Checking atom CZ
2026-04-23 20:46:38,339 [ genlib ] [ INFO ] No partner found for atom CZ
2026-04-23 20:46:38,339 [ genlib ] [ INFO ] Searching order 6
2026-04-23 20:46:38,339 [ genlib ] [ INFO ] Searching order 7
2026-04-23 20:46:38,340 [ genlib ] [ INFO ] Updating bond lists
2026-04-23 20:46:38,340 [ genlib ] [ INFO ] Updating dihedrals
2026-04-23 20:46:38,340 [ genlib ] [ INFO ] Updating impropers
2026-04-23 20:46:38,340 [ genlib ] [ INFO ] Building library files for ARG --> GLN mutant
2026-04-23 20:46:38,341 [ genlib ] [ INFO ] reading rtp file "aminoacids.rtp"
2026-04-23 20:46:38,387 [ genlib ] [ INFO ] ENTERED SIMPLE
2026-04-23 20:46:38,387 [ genlib ] [ INFO ] Making atom pairs
2026-04-23 20:46:38,387 [ genlib ] [ INFO ] Searching branch 1
2026-04-23 20:46:38,387 [ genlib ] [ INFO ] Searching order 2
2026-04-23 20:46:38,387 [ genlib ] [ INFO ] Checking atom 1HB
2026-04-23 20:46:38,387 [ genlib ] [ INFO ] Define atom pair: ARG|1HB|HC|H         - > GLN|1HB|HC|H         (d = 0.02 A)
2026-04-23 20:46:38,387 [ genlib ] [ INFO ] Checking atom 2HB
2026-04-23 20:46:38,387 [ genlib ] [ INFO ] Define atom pair: ARG|2HB|HC|H         - > GLN|2HB|HC|H         (d = 0.05 A)
2026-04-23 20:46:38,387 [ genlib ] [ INFO ] Checking atom CG
2026-04-23 20:46:38,387 [ genlib ] [ INFO ] Define atom pair: ARG|CG|C8|C.3        - > GLN|CG|2C|C.3        (d = 0.04 A)
2026-04-23 20:46:38,387 [ genlib ] [ INFO ] Searching order 3
2026-04-23 20:46:38,387 [ genlib ] [ INFO ] Checking atom 1HG
2026-04-23 20:46:38,387 [ genlib ] [ INFO ] Define atom pair: ARG|1HG|HC|H         - > GLN|1HG|HC|H         (d = 0.06 A)
2026-04-23 20:46:38,387 [ genlib ] [ INFO ] Checking atom 2HG
2026-04-23 20:46:38,387 [ genlib ] [ INFO ] Define atom pair: ARG|2HG|HC|H         - > GLN|2HG|HC|H         (d = 0.05 A)
2026-04-23 20:46:38,387 [ genlib ] [ INFO ] Checking atom CD
2026-04-23 20:46:38,387 [ genlib ] [ INFO ] Define atom pair: ARG|CD|C8|C.3        - > GLN|CD|C|C.2         (d = 0.04 A)
2026-04-23 20:46:38,387 [ genlib ] [ INFO ] Searching order 4
2026-04-23 20:46:38,387 [ genlib ] [ INFO ] Checking atom 1HD
2026-04-23 20:46:38,387 [ genlib ] [ INFO ] No partner found for atom 1HD
2026-04-23 20:46:38,387 [ genlib ] [ INFO ] Checking atom 2HD
2026-04-23 20:46:38,387 [ genlib ] [ INFO ] No partner found for atom 2HD
2026-04-23 20:46:38,387 [ genlib ] [ INFO ] Checking atom NE
2026-04-23 20:46:38,387 [ genlib ] [ INFO ] Define atom pair: ARG|NE|N2|N.pl3      - > GLN|OE1|O|O.2        (d = 0.27 A)
2026-04-23 20:46:38,387 [ genlib ] [ INFO ] Searching order 5
2026-04-23 20:46:38,387 [ genlib ] [ INFO ] Checking atom HE
2026-04-23 20:46:38,387 [ genlib ] [ INFO ] No partner found for atom HE
2026-04-23 20:46:38,387 [ genlib ] [ INFO ] Checking atom CZ
2026-04-23 20:46:38,387 [ genlib ] [ INFO ] No partner found for atom CZ
2026-04-23 20:46:38,387 [ genlib ] [ INFO ] Searching order 6
2026-04-23 20:46:38,387 [ genlib ] [ INFO ] Searching order 7
2026-04-23 20:46:38,388 [ genlib ] [ INFO ] Searching branch 2
2026-04-23 20:46:38,388 [ genlib ] [ INFO ] Searching order 2
2026-04-23 20:46:38,388 [ genlib ] [ INFO ] Searching order 3
2026-04-23 20:46:38,388 [ genlib ] [ INFO ] Searching order 4
2026-04-23 20:46:38,388 [ genlib ] [ INFO ] Checking atom 1HD
2026-04-23 20:46:38,388 [ genlib ] [ INFO ] No partner found for atom 1HD
2026-04-23 20:46:38,388 [ genlib ] [ INFO ] Checking atom 2HD
2026-04-23 20:46:38,388 [ genlib ] [ INFO ] No partner found for atom 2HD
2026-04-23 20:46:38,388 [ genlib ] [ INFO ] Searching order 5
2026-04-23 20:46:38,388 [ genlib ] [ INFO ] Checking atom HE
2026-04-23 20:46:38,388 [ genlib ] [ INFO ] No partner found for atom HE
2026-04-23 20:46:38,388 [ genlib ] [ INFO ] Checking atom CZ
2026-04-23 20:46:38,388 [ genlib ] [ INFO ] No partner found for atom CZ
2026-04-23 20:46:38,388 [ genlib ] [ INFO ] Searching order 6
2026-04-23 20:46:38,388 [ genlib ] [ INFO ] Searching order 7
2026-04-23 20:46:38,389 [ genlib ] [ INFO ] Updating bond lists
2026-04-23 20:46:38,389 [ genlib ] [ INFO ] Updating dihedrals
2026-04-23 20:46:38,389 [ genlib ] [ INFO ] Updating impropers
2026-04-23 20:46:38,389 [ genlib ] [ INFO ] Building library files for ARG --> GLU mutant
2026-04-23 20:46:38,390 [ genlib ] [ INFO ] reading rtp file "aminoacids.rtp"
2026-04-23 20:46:38,435 [ genlib ] [ INFO ] ENTERED SIMPLE
2026-04-23 20:46:38,435 [ genlib ] [ INFO ] Making atom pairs
2026-04-23 20:46:38,435 [ genlib ] [ INFO ] Searching branch 1
2026-04-23 20:46:38,435 [ genlib ] [ INFO ] Searching order 2
2026-04-23 20:46:38,435 [ genlib ] [ INFO ] Checking atom 1HB
2026-04-23 20:46:38,435 [ genlib ] [ INFO ] Define atom pair: ARG|1HB|HC|H         - > GLU|1HB|HC|H         (d = 0.12 A)
2026-04-23 20:46:38,435 [ genlib ] [ INFO ] Checking atom 2HB
2026-04-23 20:46:38,435 [ genlib ] [ INFO ] Define atom pair: ARG|2HB|HC|H         - > GLU|2HB|HC|H         (d = 0.20 A)
2026-04-23 20:46:38,435 [ genlib ] [ INFO ] Checking atom CG
2026-04-23 20:46:38,435 [ genlib ] [ INFO ] Define atom pair: ARG|CG|C8|C.3        - > GLU|CG|2C|C.3        (d = 0.24 A)
2026-04-23 20:46:38,435 [ genlib ] [ INFO ] Searching order 3
2026-04-23 20:46:38,435 [ genlib ] [ INFO ] Checking atom 1HG
2026-04-23 20:46:38,435 [ genlib ] [ INFO ] Define atom pair: ARG|1HG|HC|H         - > GLU|1HG|HC|H         (d = 0.28 A)
2026-04-23 20:46:38,435 [ genlib ] [ INFO ] Checking atom 2HG
2026-04-23 20:46:38,435 [ genlib ] [ INFO ] Define atom pair: ARG|2HG|HC|H         - > GLU|2HG|HC|H         (d = 0.31 A)
2026-04-23 20:46:38,435 [ genlib ] [ INFO ] Checking atom CD
2026-04-23 20:46:38,435 [ genlib ] [ INFO ] Define atom pair: ARG|CD|C8|C.3        - > GLU|CD|CO|C.2        (d = 0.25 A)
2026-04-23 20:46:38,435 [ genlib ] [ INFO ] Searching order 4
2026-04-23 20:46:38,435 [ genlib ] [ INFO ] Checking atom 1HD
2026-04-23 20:46:38,435 [ genlib ] [ INFO ] No partner found for atom 1HD
2026-04-23 20:46:38,435 [ genlib ] [ INFO ] Checking atom 2HD
2026-04-23 20:46:38,435 [ genlib ] [ INFO ] No partner found for atom 2HD
2026-04-23 20:46:38,435 [ genlib ] [ INFO ] Checking atom NE
2026-04-23 20:46:38,436 [ genlib ] [ INFO ] Define atom pair: ARG|NE|N2|N.pl3      - > GLU|OE1|O2|O.co2     (d = 0.43 A)
2026-04-23 20:46:38,436 [ genlib ] [ INFO ] Searching order 5
2026-04-23 20:46:38,436 [ genlib ] [ INFO ] Checking atom HE
2026-04-23 20:46:38,436 [ genlib ] [ INFO ] No partner found for atom HE
2026-04-23 20:46:38,436 [ genlib ] [ INFO ] Checking atom CZ
2026-04-23 20:46:38,436 [ genlib ] [ INFO ] No partner found for atom CZ
2026-04-23 20:46:38,436 [ genlib ] [ INFO ] Searching order 6
2026-04-23 20:46:38,436 [ genlib ] [ INFO ] Searching order 7
2026-04-23 20:46:38,436 [ genlib ] [ INFO ] Searching branch 2
2026-04-23 20:46:38,436 [ genlib ] [ INFO ] Searching order 2
2026-04-23 20:46:38,436 [ genlib ] [ INFO ] Searching order 3
2026-04-23 20:46:38,436 [ genlib ] [ INFO ] Searching order 4
2026-04-23 20:46:38,436 [ genlib ] [ INFO ] Checking atom 1HD
2026-04-23 20:46:38,436 [ genlib ] [ INFO ] No partner found for atom 1HD
2026-04-23 20:46:38,436 [ genlib ] [ INFO ] Checking atom 2HD
2026-04-23 20:46:38,436 [ genlib ] [ INFO ] No partner found for atom 2HD
2026-04-23 20:46:38,436 [ genlib ] [ INFO ] Searching order 5
2026-04-23 20:46:38,436 [ genlib ] [ INFO ] Checking atom HE
2026-04-23 20:46:38,436 [ genlib ] [ INFO ] No partner found for atom HE
2026-04-23 20:46:38,436 [ genlib ] [ INFO ] Checking atom CZ
2026-04-23 20:46:38,436 [ genlib ] [ INFO ] No partner found for atom CZ
2026-04-23 20:46:38,436 [ genlib ] [ INFO ] Searching order 6
2026-04-23 20:46:38,436 [ genlib ] [ INFO ] Searching order 7
2026-04-23 20:46:38,437 [ genlib ] [ INFO ] Updating bond lists
2026-04-23 20:46:38,437 [ genlib ] [ INFO ] Updating dihedrals
2026-04-23 20:46:38,437 [ genlib ] [ INFO ] Updating impropers
2026-04-23 20:46:38,437 [ genlib ] [ INFO ] Building library files for ARG --> GLY mutant
2026-04-23 20:46:38,438 [ genlib ] [ INFO ] reading rtp file "aminoacids.rtp"
2026-04-23 20:46:38,482 [ genlib ] [ INFO ] ENTERED G
2026-04-23 20:46:38,482 [ genlib ] [ INFO ] Making atom pairs
2026-04-23 20:46:38,482 [ genlib ] [ INFO ] Updating bond lists
2026-04-23 20:46:38,482 [ genlib ] [ INFO ] Updating dihedrals
2026-04-23 20:46:38,482 [ genlib ] [ INFO ] Updating impropers
2026-04-23 20:46:38,483 [ genlib ] [ INFO ] Building library files for ARG --> HID mutant
2026-04-23 20:46:38,484 [ genlib ] [ INFO ] reading rtp file "aminoacids.rtp"
2026-04-23 20:46:38,528 [ genlib ] [ INFO ] ENTERED RINGS
2026-04-23 20:46:38,528 [ genlib ] [ INFO ] Making atom pairs
2026-04-23 20:46:38,531 [ genlib ] [ INFO ] Updating bond lists
2026-04-23 20:46:38,531 [ genlib ] [ INFO ] Updating dihedrals
2026-04-23 20:46:38,531 [ genlib ] [ INFO ] Updating impropers
2026-04-23 20:46:38,532 [ genlib ] [ INFO ] Building library files for ARG --> HIE mutant
2026-04-23 20:46:38,532 [ genlib ] [ INFO ] reading rtp file "aminoacids.rtp"
2026-04-23 20:46:38,577 [ genlib ] [ INFO ] ENTERED RINGS
2026-04-23 20:46:38,577 [ genlib ] [ INFO ] Making atom pairs
2026-04-23 20:46:38,580 [ genlib ] [ INFO ] Updating bond lists
2026-04-23 20:46:38,580 [ genlib ] [ INFO ] Updating dihedrals
2026-04-23 20:46:38,580 [ genlib ] [ INFO ] Updating impropers
2026-04-23 20:46:38,581 [ genlib ] [ INFO ] Building library files for ARG --> HIP mutant
2026-04-23 20:46:38,582 [ genlib ] [ INFO ] reading rtp file "aminoacids.rtp"
2026-04-23 20:46:38,626 [ genlib ] [ INFO ] ENTERED RINGS
2026-04-23 20:46:38,626 [ genlib ] [ INFO ] Making atom pairs
2026-04-23 20:46:38,630 [ genlib ] [ INFO ] Updating bond lists
2026-04-23 20:46:38,630 [ genlib ] [ INFO ] Updating dihedrals
2026-04-23 20:46:38,630 [ genlib ] [ INFO ] Updating impropers
2026-04-23 20:46:38,630 [ genlib ] [ INFO ] Building library files for ARG --> ILE mutant
2026-04-23 20:46:38,631 [ genlib ] [ INFO ] reading rtp file "aminoacids.rtp"
2026-04-23 20:46:38,676 [ genlib ] [ INFO ] ENTERED SIMPLE
2026-04-23 20:46:38,676 [ genlib ] [ INFO ] Making atom pairs
2026-04-23 20:46:38,676 [ genlib ] [ INFO ] Searching branch 1
2026-04-23 20:46:38,676 [ genlib ] [ INFO ] Searching order 2
2026-04-23 20:46:38,676 [ genlib ] [ INFO ] Checking atom 1HB
2026-04-23 20:46:38,676 [ genlib ] [ INFO ] Define atom pair: ARG|1HB|HC|H         - > ILE|HB|HC|H          (d = 0.09 A)
2026-04-23 20:46:38,676 [ genlib ] [ INFO ] Checking atom 2HB
2026-04-23 20:46:38,676 [ genlib ] [ INFO ] Define atom pair: ARG|2HB|HC|H         - > ILE|CG2|CT|C.3       (d = 0.52 A)
2026-04-23 20:46:38,676 [ genlib ] [ INFO ] Checking atom CG
2026-04-23 20:46:38,676 [ genlib ] [ INFO ] Define atom pair: ARG|CG|C8|C.3        - > ILE|CG1|2C|C.3       (d = 0.10 A)
2026-04-23 20:46:38,676 [ genlib ] [ INFO ] Searching order 3
2026-04-23 20:46:38,676 [ genlib ] [ INFO ] Checking atom 1HG
2026-04-23 20:46:38,676 [ genlib ] [ INFO ] Define atom pair: ARG|1HG|HC|H         - > ILE|1HG1|HC|H        (d = 0.12 A)
2026-04-23 20:46:38,676 [ genlib ] [ INFO ] Checking atom 2HG
2026-04-23 20:46:38,676 [ genlib ] [ INFO ] Define atom pair: ARG|2HG|HC|H         - > ILE|2HG1|HC|H        (d = 0.10 A)
2026-04-23 20:46:38,676 [ genlib ] [ INFO ] Checking atom CD
2026-04-23 20:46:38,676 [ genlib ] [ INFO ] Define atom pair: ARG|CD|C8|C.3        - > ILE|CD1|CT|C.3       (d = 0.11 A)
2026-04-23 20:46:38,676 [ genlib ] [ INFO ] Searching order 4
2026-04-23 20:46:38,676 [ genlib ] [ INFO ] Checking atom 1HD
2026-04-23 20:46:38,676 [ genlib ] [ INFO ] Define atom pair: ARG|1HD|H1|H         - > ILE|2HD1|HC|H        (d = 0.10 A)
2026-04-23 20:46:38,676 [ genlib ] [ INFO ] Checking atom 2HD
2026-04-23 20:46:38,676 [ genlib ] [ INFO ] Define atom pair: ARG|2HD|H1|H         - > ILE|3HD1|HC|H        (d = 0.12 A)
2026-04-23 20:46:38,676 [ genlib ] [ INFO ] Checking atom NE
2026-04-23 20:46:38,676 [ genlib ] [ INFO ] Define atom pair: ARG|NE|N2|N.pl3      - > ILE|1HD1|HC|H        (d = 0.42 A)
2026-04-23 20:46:38,676 [ genlib ] [ INFO ] Searching order 5
2026-04-23 20:46:38,676 [ genlib ] [ INFO ] Checking atom HE
2026-04-23 20:46:38,676 [ genlib ] [ INFO ] No partner found for atom HE
2026-04-23 20:46:38,676 [ genlib ] [ INFO ] Checking atom CZ
2026-04-23 20:46:38,676 [ genlib ] [ INFO ] No partner found for atom CZ
2026-04-23 20:46:38,677 [ genlib ] [ INFO ] Searching order 6
2026-04-23 20:46:38,677 [ genlib ] [ INFO ] Searching order 7
2026-04-23 20:46:38,677 [ genlib ] [ INFO ] Searching branch 2
2026-04-23 20:46:38,677 [ genlib ] [ INFO ] Searching order 2
2026-04-23 20:46:38,677 [ genlib ] [ INFO ] Searching order 3
2026-04-23 20:46:38,677 [ genlib ] [ INFO ] Searching order 4
2026-04-23 20:46:38,677 [ genlib ] [ INFO ] Searching order 5
2026-04-23 20:46:38,677 [ genlib ] [ INFO ] Checking atom HE
2026-04-23 20:46:38,677 [ genlib ] [ INFO ] No partner found for atom HE
2026-04-23 20:46:38,677 [ genlib ] [ INFO ] Checking atom CZ
2026-04-23 20:46:38,677 [ genlib ] [ INFO ] No partner found for atom CZ
2026-04-23 20:46:38,677 [ genlib ] [ INFO ] Searching order 6
2026-04-23 20:46:38,677 [ genlib ] [ INFO ] Searching order 7
2026-04-23 20:46:38,678 [ genlib ] [ INFO ] Updating bond lists
2026-04-23 20:46:38,678 [ genlib ] [ INFO ] Updating dihedrals
2026-04-23 20:46:38,678 [ genlib ] [ INFO ] Updating impropers
2026-04-23 20:46:38,678 [ genlib ] [ INFO ] Building library files for ARG --> LEU mutant
2026-04-23 20:46:38,679 [ genlib ] [ INFO ] reading rtp file "aminoacids.rtp"
2026-04-23 20:46:38,724 [ genlib ] [ INFO ] ENTERED SIMPLE
2026-04-23 20:46:38,724 [ genlib ] [ INFO ] Making atom pairs
2026-04-23 20:46:38,725 [ genlib ] [ INFO ] Searching branch 1
2026-04-23 20:46:38,725 [ genlib ] [ INFO ] Searching order 2
2026-04-23 20:46:38,725 [ genlib ] [ INFO ] Checking atom 1HB
2026-04-23 20:46:38,725 [ genlib ] [ INFO ] Define atom pair: ARG|1HB|HC|H         - > LEU|1HB|HC|H         (d = 0.10 A)
2026-04-23 20:46:38,725 [ genlib ] [ INFO ] Checking atom 2HB
2026-04-23 20:46:38,725 [ genlib ] [ INFO ] Define atom pair: ARG|2HB|HC|H         - > LEU|2HB|HC|H         (d = 0.08 A)
2026-04-23 20:46:38,725 [ genlib ] [ INFO ] Checking atom CG
2026-04-23 20:46:38,725 [ genlib ] [ INFO ] Define atom pair: ARG|CG|C8|C.3        - > LEU|CG|3C|C.3        (d = 0.14 A)
2026-04-23 20:46:38,725 [ genlib ] [ INFO ] Searching order 3
2026-04-23 20:46:38,725 [ genlib ] [ INFO ] Checking atom 1HG
2026-04-23 20:46:38,725 [ genlib ] [ INFO ] Define atom pair: ARG|1HG|HC|H         - > LEU|CD2|CT|C.3       (d = 0.48 A)
2026-04-23 20:46:38,725 [ genlib ] [ INFO ] Checking atom 2HG
2026-04-23 20:46:38,725 [ genlib ] [ INFO ] Define atom pair: ARG|2HG|HC|H         - > LEU|HG|HC|H          (d = 0.18 A)
2026-04-23 20:46:38,725 [ genlib ] [ INFO ] Checking atom CD
2026-04-23 20:46:38,725 [ genlib ] [ INFO ] Define atom pair: ARG|CD|C8|C.3        - > LEU|CD1|CT|C.3       (d = 0.16 A)
2026-04-23 20:46:38,725 [ genlib ] [ INFO ] Searching order 4
2026-04-23 20:46:38,725 [ genlib ] [ INFO ] Checking atom 1HD
2026-04-23 20:46:38,725 [ genlib ] [ INFO ] Define atom pair: ARG|1HD|H1|H         - > LEU|2HD1|HC|H        (d = 0.14 A)
2026-04-23 20:46:38,725 [ genlib ] [ INFO ] Checking atom 2HD
2026-04-23 20:46:38,725 [ genlib ] [ INFO ] Define atom pair: ARG|2HD|H1|H         - > LEU|3HD1|HC|H        (d = 0.14 A)
2026-04-23 20:46:38,725 [ genlib ] [ INFO ] Checking atom NE
2026-04-23 20:46:38,725 [ genlib ] [ INFO ] Define atom pair: ARG|NE|N2|N.pl3      - > LEU|1HD1|HC|H        (d = 0.46 A)
2026-04-23 20:46:38,725 [ genlib ] [ INFO ] Searching order 5
2026-04-23 20:46:38,725 [ genlib ] [ INFO ] Checking atom HE
2026-04-23 20:46:38,725 [ genlib ] [ INFO ] No partner found for atom HE
2026-04-23 20:46:38,725 [ genlib ] [ INFO ] Checking atom CZ
2026-04-23 20:46:38,725 [ genlib ] [ INFO ] No partner found for atom CZ
2026-04-23 20:46:38,725 [ genlib ] [ INFO ] Searching order 6
2026-04-23 20:46:38,725 [ genlib ] [ INFO ] Searching order 7
2026-04-23 20:46:38,725 [ genlib ] [ INFO ] Searching branch 2
2026-04-23 20:46:38,725 [ genlib ] [ INFO ] Searching order 2
2026-04-23 20:46:38,725 [ genlib ] [ INFO ] Searching order 3
2026-04-23 20:46:38,725 [ genlib ] [ INFO ] Searching order 4
2026-04-23 20:46:38,725 [ genlib ] [ INFO ] Searching order 5
2026-04-23 20:46:38,725 [ genlib ] [ INFO ] Checking atom HE
2026-04-23 20:46:38,725 [ genlib ] [ INFO ] No partner found for atom HE
2026-04-23 20:46:38,725 [ genlib ] [ INFO ] Checking atom CZ
2026-04-23 20:46:38,725 [ genlib ] [ INFO ] No partner found for atom CZ
2026-04-23 20:46:38,725 [ genlib ] [ INFO ] Searching order 6
2026-04-23 20:46:38,725 [ genlib ] [ INFO ] Searching order 7
2026-04-23 20:46:38,726 [ genlib ] [ INFO ] Updating bond lists
2026-04-23 20:46:38,726 [ genlib ] [ INFO ] Updating dihedrals
2026-04-23 20:46:38,726 [ genlib ] [ INFO ] Updating impropers
2026-04-23 20:46:38,727 [ genlib ] [ INFO ] Building library files for ARG --> LYN mutant
2026-04-23 20:46:38,728 [ genlib ] [ INFO ] reading rtp file "aminoacids.rtp"
2026-04-23 20:46:38,773 [ genlib ] [ INFO ] ENTERED SIMPLE
2026-04-23 20:46:38,773 [ genlib ] [ INFO ] Making atom pairs
2026-04-23 20:46:38,773 [ genlib ] [ INFO ] Searching branch 1
2026-04-23 20:46:38,773 [ genlib ] [ INFO ] Searching order 2
2026-04-23 20:46:38,773 [ genlib ] [ INFO ] Checking atom 1HB
2026-04-23 20:46:38,773 [ genlib ] [ INFO ] Define atom pair: ARG|1HB|HC|H         - > LYN|1HB|HC|H         (d = 0.09 A)
2026-04-23 20:46:38,773 [ genlib ] [ INFO ] Checking atom 2HB
2026-04-23 20:46:38,773 [ genlib ] [ INFO ] Define atom pair: ARG|2HB|HC|H         - > LYN|2HB|HC|H         (d = 0.10 A)
2026-04-23 20:46:38,773 [ genlib ] [ INFO ] Checking atom CG
2026-04-23 20:46:38,773 [ genlib ] [ INFO ] Define atom pair: ARG|CG|C8|C.3        - > LYN|CG|CT|C.3        (d = 0.01 A)
2026-04-23 20:46:38,773 [ genlib ] [ INFO ] Searching order 3
2026-04-23 20:46:38,773 [ genlib ] [ INFO ] Checking atom 1HG
2026-04-23 20:46:38,773 [ genlib ] [ INFO ] Define atom pair: ARG|1HG|HC|H         - > LYN|1HG|HC|H         (d = 0.11 A)
2026-04-23 20:46:38,773 [ genlib ] [ INFO ] Checking atom 2HG
2026-04-23 20:46:38,773 [ genlib ] [ INFO ] Define atom pair: ARG|2HG|HC|H         - > LYN|2HG|HC|H         (d = 0.09 A)
2026-04-23 20:46:38,773 [ genlib ] [ INFO ] Checking atom CD
2026-04-23 20:46:38,773 [ genlib ] [ INFO ] Define atom pair: ARG|CD|C8|C.3        - > LYN|CD|CT|C.3        (d = 0.02 A)
2026-04-23 20:46:38,773 [ genlib ] [ INFO ] Searching order 4
2026-04-23 20:46:38,773 [ genlib ] [ INFO ] Checking atom 1HD
2026-04-23 20:46:38,773 [ genlib ] [ INFO ] Define atom pair: ARG|1HD|H1|H         - > LYN|1HD|HC|H         (d = 0.08 A)
2026-04-23 20:46:38,773 [ genlib ] [ INFO ] Checking atom 2HD
2026-04-23 20:46:38,773 [ genlib ] [ INFO ] Define atom pair: ARG|2HD|H1|H         - > LYN|2HD|HC|H         (d = 0.09 A)
2026-04-23 20:46:38,773 [ genlib ] [ INFO ] Checking atom NE
2026-04-23 20:46:38,773 [ genlib ] [ INFO ] Define atom pair: ARG|NE|N2|N.pl3      - > LYN|CE|CT|C.3        (d = 0.07 A)
2026-04-23 20:46:38,773 [ genlib ] [ INFO ] Searching order 5
2026-04-23 20:46:38,773 [ genlib ] [ INFO ] Checking atom HE
2026-04-23 20:46:38,773 [ genlib ] [ INFO ] No partner found for atom HE
2026-04-23 20:46:38,773 [ genlib ] [ INFO ] Checking atom CZ
2026-04-23 20:46:38,773 [ genlib ] [ INFO ] Define atom pair: ARG|CZ|CA|C.cat      - > LYN|NZ|N3|N.4        (d = 0.41 A)
2026-04-23 20:46:38,773 [ genlib ] [ INFO ] Searching order 6
2026-04-23 20:46:38,773 [ genlib ] [ INFO ] Checking atom NH1
2026-04-23 20:46:38,773 [ genlib ] [ INFO ] Define atom pair: ARG|NH1|N2|N.pl3     - > LYN|1HZ|H|H          (d = 0.52 A)
2026-04-23 20:46:38,773 [ genlib ] [ INFO ] Checking atom NH2
2026-04-23 20:46:38,773 [ genlib ] [ INFO ] No partner found for atom NH2
2026-04-23 20:46:38,773 [ genlib ] [ INFO ] Searching order 7
2026-04-23 20:46:38,773 [ genlib ] [ INFO ] Checking atom 1HH1
2026-04-23 20:46:38,773 [ genlib ] [ INFO ] No partner found for atom 1HH1
2026-04-23 20:46:38,773 [ genlib ] [ INFO ] Checking atom 2HH1
2026-04-23 20:46:38,773 [ genlib ] [ INFO ] No partner found for atom 2HH1
2026-04-23 20:46:38,773 [ genlib ] [ INFO ] Searching branch 2
2026-04-23 20:46:38,773 [ genlib ] [ INFO ] Searching order 2
2026-04-23 20:46:38,773 [ genlib ] [ INFO ] Searching order 3
2026-04-23 20:46:38,773 [ genlib ] [ INFO ] Searching order 4
2026-04-23 20:46:38,773 [ genlib ] [ INFO ] Searching order 5
2026-04-23 20:46:38,773 [ genlib ] [ INFO ] Checking atom HE
2026-04-23 20:46:38,774 [ genlib ] [ INFO ] No partner found for atom HE
2026-04-23 20:46:38,774 [ genlib ] [ INFO ] Searching order 6
2026-04-23 20:46:38,774 [ genlib ] [ INFO ] Checking atom NH2
2026-04-23 20:46:38,774 [ genlib ] [ INFO ] No partner found for atom NH2
2026-04-23 20:46:38,774 [ genlib ] [ INFO ] Searching order 7
2026-04-23 20:46:38,774 [ genlib ] [ INFO ] Checking atom 1HH1
2026-04-23 20:46:38,774 [ genlib ] [ INFO ] No partner found for atom 1HH1
2026-04-23 20:46:38,774 [ genlib ] [ INFO ] Checking atom 2HH1
2026-04-23 20:46:38,774 [ genlib ] [ INFO ] No partner found for atom 2HH1
2026-04-23 20:46:38,775 [ genlib ] [ INFO ] Updating bond lists
2026-04-23 20:46:38,775 [ genlib ] [ INFO ] Updating dihedrals
2026-04-23 20:46:38,775 [ genlib ] [ INFO ] Updating impropers
2026-04-23 20:46:38,776 [ genlib ] [ INFO ] Building library files for ARG --> LYS mutant
2026-04-23 20:46:38,777 [ genlib ] [ INFO ] reading rtp file "aminoacids.rtp"
2026-04-23 20:46:38,822 [ genlib ] [ INFO ] ENTERED SIMPLE
2026-04-23 20:46:38,822 [ genlib ] [ INFO ] Making atom pairs
2026-04-23 20:46:38,822 [ genlib ] [ INFO ] Searching branch 1
2026-04-23 20:46:38,822 [ genlib ] [ INFO ] Searching order 2
2026-04-23 20:46:38,822 [ genlib ] [ INFO ] Checking atom 1HB
2026-04-23 20:46:38,822 [ genlib ] [ INFO ] Define atom pair: ARG|1HB|HC|H         - > LYS|1HB|HC|H         (d = 0.00 A)
2026-04-23 20:46:38,822 [ genlib ] [ INFO ] Checking atom 2HB
2026-04-23 20:46:38,822 [ genlib ] [ INFO ] Define atom pair: ARG|2HB|HC|H         - > LYS|2HB|HC|H         (d = 0.01 A)
2026-04-23 20:46:38,822 [ genlib ] [ INFO ] Checking atom CG
2026-04-23 20:46:38,822 [ genlib ] [ INFO ] Define atom pair: ARG|CG|C8|C.3        - > LYS|CG|C8|C.3        (d = 0.01 A)
2026-04-23 20:46:38,822 [ genlib ] [ INFO ] Searching order 3
2026-04-23 20:46:38,822 [ genlib ] [ INFO ] Checking atom 1HG
2026-04-23 20:46:38,822 [ genlib ] [ INFO ] Define atom pair: ARG|1HG|HC|H         - > LYS|1HG|HC|H         (d = 0.00 A)
2026-04-23 20:46:38,822 [ genlib ] [ INFO ] Checking atom 2HG
2026-04-23 20:46:38,822 [ genlib ] [ INFO ] Define atom pair: ARG|2HG|HC|H         - > LYS|2HG|HC|H         (d = 0.02 A)
2026-04-23 20:46:38,822 [ genlib ] [ INFO ] Checking atom CD
2026-04-23 20:46:38,822 [ genlib ] [ INFO ] Define atom pair: ARG|CD|C8|C.3        - > LYS|CD|C8|C.3        (d = 0.02 A)
2026-04-23 20:46:38,822 [ genlib ] [ INFO ] Searching order 4
2026-04-23 20:46:38,822 [ genlib ] [ INFO ] Checking atom 1HD
2026-04-23 20:46:38,822 [ genlib ] [ INFO ] Define atom pair: ARG|1HD|H1|H         - > LYS|1HD|HC|H         (d = 0.02 A)
2026-04-23 20:46:38,822 [ genlib ] [ INFO ] Checking atom 2HD
2026-04-23 20:46:38,822 [ genlib ] [ INFO ] Define atom pair: ARG|2HD|H1|H         - > LYS|2HD|HC|H         (d = 0.02 A)
2026-04-23 20:46:38,822 [ genlib ] [ INFO ] Checking atom NE
2026-04-23 20:46:38,822 [ genlib ] [ INFO ] Define atom pair: ARG|NE|N2|N.pl3      - > LYS|CE|C8|C.3        (d = 0.08 A)
2026-04-23 20:46:38,822 [ genlib ] [ INFO ] Searching order 5
2026-04-23 20:46:38,822 [ genlib ] [ INFO ] Checking atom HE
2026-04-23 20:46:38,822 [ genlib ] [ INFO ] No partner found for atom HE
2026-04-23 20:46:38,822 [ genlib ] [ INFO ] Checking atom CZ
2026-04-23 20:46:38,822 [ genlib ] [ INFO ] Define atom pair: ARG|CZ|CA|C.cat      - > LYS|NZ|N3|N.4        (d = 0.35 A)
2026-04-23 20:46:38,822 [ genlib ] [ INFO ] Searching order 6
2026-04-23 20:46:38,822 [ genlib ] [ INFO ] Checking atom NH1
2026-04-23 20:46:38,822 [ genlib ] [ INFO ] Define atom pair: ARG|NH1|N2|N.pl3     - > LYS|1HZ|H|H          (d = 0.51 A)
2026-04-23 20:46:38,822 [ genlib ] [ INFO ] Checking atom NH2
2026-04-23 20:46:38,822 [ genlib ] [ INFO ] No partner found for atom NH2
2026-04-23 20:46:38,822 [ genlib ] [ INFO ] Searching order 7
2026-04-23 20:46:38,822 [ genlib ] [ INFO ] Checking atom 1HH1
2026-04-23 20:46:38,822 [ genlib ] [ INFO ] No partner found for atom 1HH1
2026-04-23 20:46:38,822 [ genlib ] [ INFO ] Checking atom 2HH1
2026-04-23 20:46:38,822 [ genlib ] [ INFO ] No partner found for atom 2HH1
2026-04-23 20:46:38,822 [ genlib ] [ INFO ] Searching branch 2
2026-04-23 20:46:38,822 [ genlib ] [ INFO ] Searching order 2
2026-04-23 20:46:38,822 [ genlib ] [ INFO ] Searching order 3
2026-04-23 20:46:38,822 [ genlib ] [ INFO ] Searching order 4
2026-04-23 20:46:38,822 [ genlib ] [ INFO ] Searching order 5
2026-04-23 20:46:38,822 [ genlib ] [ INFO ] Checking atom HE
2026-04-23 20:46:38,822 [ genlib ] [ INFO ] No partner found for atom HE
2026-04-23 20:46:38,822 [ genlib ] [ INFO ] Searching order 6
2026-04-23 20:46:38,822 [ genlib ] [ INFO ] Checking atom NH2
2026-04-23 20:46:38,822 [ genlib ] [ INFO ] No partner found for atom NH2
2026-04-23 20:46:38,822 [ genlib ] [ INFO ] Searching order 7
2026-04-23 20:46:38,822 [ genlib ] [ INFO ] Checking atom 1HH1
2026-04-23 20:46:38,822 [ genlib ] [ INFO ] No partner found for atom 1HH1
2026-04-23 20:46:38,822 [ genlib ] [ INFO ] Checking atom 2HH1
2026-04-23 20:46:38,822 [ genlib ] [ INFO ] No partner found for atom 2HH1
2026-04-23 20:46:38,824 [ genlib ] [ INFO ] Updating bond lists
2026-04-23 20:46:38,824 [ genlib ] [ INFO ] Updating dihedrals
2026-04-23 20:46:38,824 [ genlib ] [ INFO ] Updating impropers
2026-04-23 20:46:38,825 [ genlib ] [ INFO ] Building library files for ARG --> MET mutant
2026-04-23 20:46:38,826 [ genlib ] [ INFO ] reading rtp file "aminoacids.rtp"
2026-04-23 20:46:38,871 [ genlib ] [ INFO ] ENTERED SIMPLE
2026-04-23 20:46:38,871 [ genlib ] [ INFO ] Making atom pairs
2026-04-23 20:46:38,871 [ genlib ] [ INFO ] Searching branch 1
2026-04-23 20:46:38,871 [ genlib ] [ INFO ] Searching order 2
2026-04-23 20:46:38,871 [ genlib ] [ INFO ] Checking atom 1HB
2026-04-23 20:46:38,871 [ genlib ] [ INFO ] Define atom pair: ARG|1HB|HC|H         - > MET|1HB|HC|H         (d = 0.07 A)
2026-04-23 20:46:38,871 [ genlib ] [ INFO ] Checking atom 2HB
2026-04-23 20:46:38,871 [ genlib ] [ INFO ] Define atom pair: ARG|2HB|HC|H         - > MET|2HB|HC|H         (d = 0.03 A)
2026-04-23 20:46:38,871 [ genlib ] [ INFO ] Checking atom CG
2026-04-23 20:46:38,871 [ genlib ] [ INFO ] Define atom pair: ARG|CG|C8|C.3        - > MET|CG|2C|C.3        (d = 0.06 A)
2026-04-23 20:46:38,871 [ genlib ] [ INFO ] Searching order 3
2026-04-23 20:46:38,871 [ genlib ] [ INFO ] Checking atom 1HG
2026-04-23 20:46:38,871 [ genlib ] [ INFO ] Define atom pair: ARG|1HG|HC|H         - > MET|1HG|H1|H         (d = 0.05 A)
2026-04-23 20:46:38,871 [ genlib ] [ INFO ] Checking atom 2HG
2026-04-23 20:46:38,871 [ genlib ] [ INFO ] Define atom pair: ARG|2HG|HC|H         - > MET|2HG|H1|H         (d = 0.06 A)
2026-04-23 20:46:38,871 [ genlib ] [ INFO ] Checking atom CD
2026-04-23 20:46:38,871 [ genlib ] [ INFO ] Define atom pair: ARG|CD|C8|C.3        - > MET|SD|S|S.3         (d = 0.23 A)
2026-04-23 20:46:38,871 [ genlib ] [ INFO ] Searching order 4
2026-04-23 20:46:38,871 [ genlib ] [ INFO ] Checking atom 1HD
2026-04-23 20:46:38,871 [ genlib ] [ INFO ] No partner found for atom 1HD
2026-04-23 20:46:38,871 [ genlib ] [ INFO ] Checking atom 2HD
2026-04-23 20:46:38,871 [ genlib ] [ INFO ] No partner found for atom 2HD
2026-04-23 20:46:38,871 [ genlib ] [ INFO ] Checking atom NE
2026-04-23 20:46:38,871 [ genlib ] [ INFO ] Define atom pair: ARG|NE|N2|N.pl3      - > MET|CE|CT|C.3        (d = 0.53 A)
2026-04-23 20:46:38,871 [ genlib ] [ INFO ] Searching order 5
2026-04-23 20:46:38,871 [ genlib ] [ INFO ] Checking atom HE
2026-04-23 20:46:38,871 [ genlib ] [ INFO ] No partner found for atom HE
2026-04-23 20:46:38,871 [ genlib ] [ INFO ] Checking atom CZ
2026-04-23 20:46:38,871 [ genlib ] [ INFO ] No partner found for atom CZ
2026-04-23 20:46:38,871 [ genlib ] [ INFO ] Searching order 6
2026-04-23 20:46:38,871 [ genlib ] [ INFO ] Searching order 7
2026-04-23 20:46:38,871 [ genlib ] [ INFO ] Searching branch 2
2026-04-23 20:46:38,871 [ genlib ] [ INFO ] Searching order 2
2026-04-23 20:46:38,871 [ genlib ] [ INFO ] Searching order 3
2026-04-23 20:46:38,871 [ genlib ] [ INFO ] Searching order 4
2026-04-23 20:46:38,871 [ genlib ] [ INFO ] Checking atom 1HD
2026-04-23 20:46:38,871 [ genlib ] [ INFO ] No partner found for atom 1HD
2026-04-23 20:46:38,871 [ genlib ] [ INFO ] Checking atom 2HD
2026-04-23 20:46:38,871 [ genlib ] [ INFO ] No partner found for atom 2HD
2026-04-23 20:46:38,871 [ genlib ] [ INFO ] Searching order 5
2026-04-23 20:46:38,871 [ genlib ] [ INFO ] Checking atom HE
2026-04-23 20:46:38,871 [ genlib ] [ INFO ] No partner found for atom HE
2026-04-23 20:46:38,871 [ genlib ] [ INFO ] Checking atom CZ
2026-04-23 20:46:38,871 [ genlib ] [ INFO ] No partner found for atom CZ
2026-04-23 20:46:38,871 [ genlib ] [ INFO ] Searching order 6
2026-04-23 20:46:38,871 [ genlib ] [ INFO ] Searching order 7
2026-04-23 20:46:38,873 [ genlib ] [ INFO ] Updating bond lists
2026-04-23 20:46:38,873 [ genlib ] [ INFO ] Updating dihedrals
2026-04-23 20:46:38,873 [ genlib ] [ INFO ] Updating impropers
2026-04-23 20:46:38,873 [ genlib ] [ INFO ] Building library files for ARG --> PHE mutant
2026-04-23 20:46:38,874 [ genlib ] [ INFO ] reading rtp file "aminoacids.rtp"
2026-04-23 20:46:38,918 [ genlib ] [ INFO ] ENTERED RINGS
2026-04-23 20:46:38,918 [ genlib ] [ INFO ] Making atom pairs
2026-04-23 20:46:38,922 [ genlib ] [ INFO ] Updating bond lists
2026-04-23 20:46:38,922 [ genlib ] [ INFO ] Updating dihedrals
2026-04-23 20:46:38,922 [ genlib ] [ INFO ] Updating impropers
2026-04-23 20:46:38,923 [ genlib ] [ INFO ] Building library files for ARG --> PRO mutant
2026-04-23 20:46:38,924 [ genlib ] [ INFO ] reading rtp file "aminoacids.rtp"
2026-04-23 20:46:38,967 [ genlib ] [ INFO ] ENTERED P
2026-04-23 20:46:38,967 [ genlib ] [ INFO ] Making atom pairs
2026-04-23 20:46:38,970 [ genlib ] [ INFO ] Updating bond lists
2026-04-23 20:46:38,970 [ genlib ] [ INFO ] Updating dihedrals
2026-04-23 20:46:38,970 [ genlib ] [ INFO ] Updating impropers
2026-04-23 20:46:38,971 [ genlib ] [ INFO ] Building library files for ARG --> SER mutant
2026-04-23 20:46:38,971 [ genlib ] [ INFO ] reading rtp file "aminoacids.rtp"
2026-04-23 20:46:39,014 [ genlib ] [ INFO ] ENTERED SIMPLE
2026-04-23 20:46:39,014 [ genlib ] [ INFO ] Making atom pairs
2026-04-23 20:46:39,014 [ genlib ] [ INFO ] Searching branch 1
2026-04-23 20:46:39,014 [ genlib ] [ INFO ] Searching order 2
2026-04-23 20:46:39,014 [ genlib ] [ INFO ] Checking atom 1HB
2026-04-23 20:46:39,014 [ genlib ] [ INFO ] Define atom pair: ARG|1HB|HC|H         - > SER|1HB|H1|H         (d = 0.07 A)
2026-04-23 20:46:39,014 [ genlib ] [ INFO ] Checking atom 2HB
2026-04-23 20:46:39,014 [ genlib ] [ INFO ] Define atom pair: ARG|2HB|HC|H         - > SER|2HB|H1|H         (d = 0.10 A)
2026-04-23 20:46:39,014 [ genlib ] [ INFO ] Checking atom CG
2026-04-23 20:46:39,014 [ genlib ] [ INFO ] Define atom pair: ARG|CG|C8|C.3        - > SER|OG|OH|O.3        (d = 0.22 A)
2026-04-23 20:46:39,014 [ genlib ] [ INFO ] Searching order 3
2026-04-23 20:46:39,014 [ genlib ] [ INFO ] Checking atom 1HG
2026-04-23 20:46:39,014 [ genlib ] [ INFO ] No partner found for atom 1HG
2026-04-23 20:46:39,014 [ genlib ] [ INFO ] Checking atom 2HG
2026-04-23 20:46:39,014 [ genlib ] [ INFO ] No partner found for atom 2HG
2026-04-23 20:46:39,014 [ genlib ] [ INFO ] Checking atom CD
2026-04-23 20:46:39,014 [ genlib ] [ INFO ] No partner found for atom CD
2026-04-23 20:46:39,014 [ genlib ] [ INFO ] Searching order 4
2026-04-23 20:46:39,014 [ genlib ] [ INFO ] Searching order 5
2026-04-23 20:46:39,014 [ genlib ] [ INFO ] Searching order 6
2026-04-23 20:46:39,014 [ genlib ] [ INFO ] Searching order 7
2026-04-23 20:46:39,014 [ genlib ] [ INFO ] Searching branch 2
2026-04-23 20:46:39,014 [ genlib ] [ INFO ] Searching order 2
2026-04-23 20:46:39,014 [ genlib ] [ INFO ] Searching order 3
2026-04-23 20:46:39,014 [ genlib ] [ INFO ] Checking atom 1HG
2026-04-23 20:46:39,014 [ genlib ] [ INFO ] No partner found for atom 1HG
2026-04-23 20:46:39,014 [ genlib ] [ INFO ] Checking atom 2HG
2026-04-23 20:46:39,014 [ genlib ] [ INFO ] No partner found for atom 2HG
2026-04-23 20:46:39,014 [ genlib ] [ INFO ] Checking atom CD
2026-04-23 20:46:39,014 [ genlib ] [ INFO ] No partner found for atom CD
2026-04-23 20:46:39,014 [ genlib ] [ INFO ] Searching order 4
2026-04-23 20:46:39,014 [ genlib ] [ INFO ] Searching order 5
2026-04-23 20:46:39,014 [ genlib ] [ INFO ] Searching order 6
2026-04-23 20:46:39,014 [ genlib ] [ INFO ] Searching order 7
2026-04-23 20:46:39,015 [ genlib ] [ INFO ] Updating bond lists
2026-04-23 20:46:39,015 [ genlib ] [ INFO ] Updating dihedrals
2026-04-23 20:46:39,015 [ genlib ] [ INFO ] Updating impropers
2026-04-23 20:46:39,016 [ genlib ] [ INFO ] Building library files for ARG --> THR mutant
2026-04-23 20:46:39,016 [ genlib ] [ INFO ] reading rtp file "aminoacids.rtp"
2026-04-23 20:46:39,059 [ genlib ] [ INFO ] ENTERED SIMPLE
2026-04-23 20:46:39,059 [ genlib ] [ INFO ] Making atom pairs
2026-04-23 20:46:39,059 [ genlib ] [ INFO ] Searching branch 1
2026-04-23 20:46:39,059 [ genlib ] [ INFO ] Searching order 2
2026-04-23 20:46:39,059 [ genlib ] [ INFO ] Checking atom 1HB
2026-04-23 20:46:39,059 [ genlib ] [ INFO ] Define atom pair: ARG|1HB|HC|H         - > THR|HB|H1|H          (d = 0.03 A)
2026-04-23 20:46:39,059 [ genlib ] [ INFO ] Checking atom 2HB
2026-04-23 20:46:39,059 [ genlib ] [ INFO ] Define atom pair: ARG|2HB|HC|H         - > THR|CG2|CT|C.3       (d = 0.48 A)
2026-04-23 20:46:39,059 [ genlib ] [ INFO ] Checking atom CG
2026-04-23 20:46:39,059 [ genlib ] [ INFO ] Define atom pair: ARG|CG|C8|C.3        - > THR|OG1|OH|O.3       (d = 0.20 A)
2026-04-23 20:46:39,059 [ genlib ] [ INFO ] Searching order 3
2026-04-23 20:46:39,059 [ genlib ] [ INFO ] Checking atom 1HG
2026-04-23 20:46:39,059 [ genlib ] [ INFO ] No partner found for atom 1HG
2026-04-23 20:46:39,059 [ genlib ] [ INFO ] Checking atom 2HG
2026-04-23 20:46:39,059 [ genlib ] [ INFO ] No partner found for atom 2HG
2026-04-23 20:46:39,059 [ genlib ] [ INFO ] Checking atom CD
2026-04-23 20:46:39,059 [ genlib ] [ INFO ] No partner found for atom CD
2026-04-23 20:46:39,059 [ genlib ] [ INFO ] Searching order 4
2026-04-23 20:46:39,059 [ genlib ] [ INFO ] Searching order 5
2026-04-23 20:46:39,059 [ genlib ] [ INFO ] Searching order 6
2026-04-23 20:46:39,059 [ genlib ] [ INFO ] Searching order 7
2026-04-23 20:46:39,059 [ genlib ] [ INFO ] Searching branch 2
2026-04-23 20:46:39,059 [ genlib ] [ INFO ] Searching order 2
2026-04-23 20:46:39,059 [ genlib ] [ INFO ] Searching order 3
2026-04-23 20:46:39,059 [ genlib ] [ INFO ] Checking atom 1HG
2026-04-23 20:46:39,059 [ genlib ] [ INFO ] No partner found for atom 1HG
2026-04-23 20:46:39,059 [ genlib ] [ INFO ] Checking atom 2HG
2026-04-23 20:46:39,059 [ genlib ] [ INFO ] No partner found for atom 2HG
2026-04-23 20:46:39,059 [ genlib ] [ INFO ] Checking atom CD
2026-04-23 20:46:39,059 [ genlib ] [ INFO ] No partner found for atom CD
2026-04-23 20:46:39,060 [ genlib ] [ INFO ] Searching order 4
2026-04-23 20:46:39,060 [ genlib ] [ INFO ] Searching order 5
2026-04-23 20:46:39,060 [ genlib ] [ INFO ] Searching order 6
2026-04-23 20:46:39,060 [ genlib ] [ INFO ] Searching order 7
2026-04-23 20:46:39,061 [ genlib ] [ INFO ] Updating bond lists
2026-04-23 20:46:39,061 [ genlib ] [ INFO ] Updating dihedrals
2026-04-23 20:46:39,061 [ genlib ] [ INFO ] Updating impropers
2026-04-23 20:46:39,061 [ genlib ] [ INFO ] Building library files for ARG --> TRP mutant
2026-04-23 20:46:39,062 [ genlib ] [ INFO ] reading rtp file "aminoacids.rtp"
2026-04-23 20:46:39,107 [ genlib ] [ INFO ] ENTERED RINGS
2026-04-23 20:46:39,107 [ genlib ] [ INFO ] Making atom pairs
2026-04-23 20:46:39,113 [ genlib ] [ INFO ] Updating bond lists
2026-04-23 20:46:39,114 [ genlib ] [ INFO ] Updating dihedrals
2026-04-23 20:46:39,114 [ genlib ] [ INFO ] Updating impropers
2026-04-23 20:46:39,114 [ genlib ] [ INFO ] Building library files for ARG --> TYR mutant
2026-04-23 20:46:39,115 [ genlib ] [ INFO ] reading rtp file "aminoacids.rtp"
2026-04-23 20:46:39,158 [ genlib ] [ INFO ] ENTERED RINGS
2026-04-23 20:46:39,158 [ genlib ] [ INFO ] Making atom pairs
2026-04-23 20:46:39,163 [ genlib ] [ INFO ] Updating bond lists
2026-04-23 20:46:39,163 [ genlib ] [ INFO ] Updating dihedrals
2026-04-23 20:46:39,163 [ genlib ] [ INFO ] Updating impropers
2026-04-23 20:46:39,163 [ genlib ] [ INFO ] Building library files for ARG --> VAL mutant
2026-04-23 20:46:39,164 [ genlib ] [ INFO ] reading rtp file "aminoacids.rtp"
2026-04-23 20:46:39,207 [ genlib ] [ INFO ] ENTERED SIMPLE
2026-04-23 20:46:39,207 [ genlib ] [ INFO ] Making atom pairs
2026-04-23 20:46:39,207 [ genlib ] [ INFO ] Searching branch 1
2026-04-23 20:46:39,207 [ genlib ] [ INFO ] Searching order 2
2026-04-23 20:46:39,207 [ genlib ] [ INFO ] Checking atom 1HB
2026-04-23 20:46:39,207 [ genlib ] [ INFO ] Define atom pair: ARG|1HB|HC|H         - > VAL|HB|HC|H          (d = 0.03 A)
2026-04-23 20:46:39,207 [ genlib ] [ INFO ] Checking atom 2HB
2026-04-23 20:46:39,207 [ genlib ] [ INFO ] Define atom pair: ARG|2HB|HC|H         - > VAL|CG1|CT|C.3       (d = 0.55 A)
2026-04-23 20:46:39,207 [ genlib ] [ INFO ] Checking atom CG
2026-04-23 20:46:39,207 [ genlib ] [ INFO ] Define atom pair: ARG|CG|C8|C.3        - > VAL|CG2|CT|C.3       (d = 0.13 A)
2026-04-23 20:46:39,207 [ genlib ] [ INFO ] Searching order 3
2026-04-23 20:46:39,207 [ genlib ] [ INFO ] Checking atom 1HG
2026-04-23 20:46:39,207 [ genlib ] [ INFO ] Define atom pair: ARG|1HG|HC|H         - > VAL|2HG2|HC|H        (d = 0.15 A)
2026-04-23 20:46:39,207 [ genlib ] [ INFO ] Checking atom 2HG
2026-04-23 20:46:39,207 [ genlib ] [ INFO ] Define atom pair: ARG|2HG|HC|H         - > VAL|3HG2|HC|H        (d = 0.20 A)
2026-04-23 20:46:39,207 [ genlib ] [ INFO ] Checking atom CD
2026-04-23 20:46:39,207 [ genlib ] [ INFO ] Define atom pair: ARG|CD|C8|C.3        - > VAL|1HG2|HC|H        (d = 0.46 A)
2026-04-23 20:46:39,207 [ genlib ] [ INFO ] Searching order 4
2026-04-23 20:46:39,207 [ genlib ] [ INFO ] Checking atom 1HD
2026-04-23 20:46:39,207 [ genlib ] [ INFO ] No partner found for atom 1HD
2026-04-23 20:46:39,207 [ genlib ] [ INFO ] Checking atom 2HD
2026-04-23 20:46:39,207 [ genlib ] [ INFO ] No partner found for atom 2HD
2026-04-23 20:46:39,207 [ genlib ] [ INFO ] Checking atom NE
2026-04-23 20:46:39,207 [ genlib ] [ INFO ] No partner found for atom NE
2026-04-23 20:46:39,207 [ genlib ] [ INFO ] Searching order 5
2026-04-23 20:46:39,208 [ genlib ] [ INFO ] Searching order 6
2026-04-23 20:46:39,208 [ genlib ] [ INFO ] Searching order 7
2026-04-23 20:46:39,208 [ genlib ] [ INFO ] Searching branch 2
2026-04-23 20:46:39,208 [ genlib ] [ INFO ] Searching order 2
2026-04-23 20:46:39,208 [ genlib ] [ INFO ] Searching order 3
2026-04-23 20:46:39,208 [ genlib ] [ INFO ] Searching order 4
2026-04-23 20:46:39,208 [ genlib ] [ INFO ] Checking atom 1HD
2026-04-23 20:46:39,208 [ genlib ] [ INFO ] No partner found for atom 1HD
2026-04-23 20:46:39,208 [ genlib ] [ INFO ] Checking atom 2HD
2026-04-23 20:46:39,208 [ genlib ] [ INFO ] No partner found for atom 2HD
2026-04-23 20:46:39,208 [ genlib ] [ INFO ] Checking atom NE
2026-04-23 20:46:39,208 [ genlib ] [ INFO ] No partner found for atom NE
2026-04-23 20:46:39,208 [ genlib ] [ INFO ] Searching order 5
2026-04-23 20:46:39,208 [ genlib ] [ INFO ] Searching order 6
2026-04-23 20:46:39,208 [ genlib ] [ INFO ] Searching order 7
2026-04-23 20:46:39,209 [ genlib ] [ INFO ] Updating bond lists
2026-04-23 20:46:39,209 [ genlib ] [ INFO ] Updating dihedrals
2026-04-23 20:46:39,209 [ genlib ] [ INFO ] Updating impropers
2026-04-23 20:46:39,209 [ genlib ] [ INFO ] Building library files for ASH --> ALA mutant
2026-04-23 20:46:39,210 [ genlib ] [ INFO ] reading rtp file "aminoacids.rtp"
2026-04-23 20:46:39,252 [ genlib ] [ INFO ] ENTERED SIMPLE
2026-04-23 20:46:39,252 [ genlib ] [ INFO ] Making atom pairs
2026-04-23 20:46:39,252 [ genlib ] [ INFO ] Searching branch 1
2026-04-23 20:46:39,252 [ genlib ] [ INFO ] Searching order 2
2026-04-23 20:46:39,252 [ genlib ] [ INFO ] Checking atom 1HB
2026-04-23 20:46:39,252 [ genlib ] [ INFO ] Define atom pair: ASH|1HB|HC|H         - > ALA|2HB|HC|H         (d = 0.12 A)
2026-04-23 20:46:39,252 [ genlib ] [ INFO ] Checking atom 2HB
2026-04-23 20:46:39,252 [ genlib ] [ INFO ] Define atom pair: ASH|2HB|HC|H         - > ALA|3HB|HC|H         (d = 0.14 A)
2026-04-23 20:46:39,252 [ genlib ] [ INFO ] Checking atom CG
2026-04-23 20:46:39,252 [ genlib ] [ INFO ] Define atom pair: ASH|CG|C|C.2         - > ALA|1HB|HC|H         (d = 0.49 A)
2026-04-23 20:46:39,252 [ genlib ] [ INFO ] Searching order 3
2026-04-23 20:46:39,252 [ genlib ] [ INFO ] Checking atom OD1
2026-04-23 20:46:39,252 [ genlib ] [ INFO ] No partner found for atom OD1
2026-04-23 20:46:39,252 [ genlib ] [ INFO ] Checking atom OD2
2026-04-23 20:46:39,252 [ genlib ] [ INFO ] No partner found for atom OD2
2026-04-23 20:46:39,252 [ genlib ] [ INFO ] Searching order 4
2026-04-23 20:46:39,252 [ genlib ] [ INFO ] Searching order 5
2026-04-23 20:46:39,252 [ genlib ] [ INFO ] Searching order 6
2026-04-23 20:46:39,252 [ genlib ] [ INFO ] Searching order 7
2026-04-23 20:46:39,252 [ genlib ] [ INFO ] Searching branch 2
2026-04-23 20:46:39,252 [ genlib ] [ INFO ] Searching order 2
2026-04-23 20:46:39,253 [ genlib ] [ INFO ] Searching order 3
2026-04-23 20:46:39,253 [ genlib ] [ INFO ] Checking atom OD1
2026-04-23 20:46:39,253 [ genlib ] [ INFO ] No partner found for atom OD1
2026-04-23 20:46:39,253 [ genlib ] [ INFO ] Checking atom OD2
2026-04-23 20:46:39,253 [ genlib ] [ INFO ] No partner found for atom OD2
2026-04-23 20:46:39,253 [ genlib ] [ INFO ] Searching order 4
2026-04-23 20:46:39,253 [ genlib ] [ INFO ] Searching order 5
2026-04-23 20:46:39,253 [ genlib ] [ INFO ] Searching order 6
2026-04-23 20:46:39,253 [ genlib ] [ INFO ] Searching order 7
2026-04-23 20:46:39,253 [ genlib ] [ INFO ] Updating bond lists
2026-04-23 20:46:39,253 [ genlib ] [ INFO ] Updating dihedrals
2026-04-23 20:46:39,253 [ genlib ] [ INFO ] Updating impropers
2026-04-23 20:46:39,253 [ genlib ] [ INFO ] Building library files for ASH --> ARG mutant
2026-04-23 20:46:39,254 [ genlib ] [ INFO ] reading rtp file "aminoacids.rtp"
2026-04-23 20:46:39,297 [ genlib ] [ INFO ] ENTERED SIMPLE
2026-04-23 20:46:39,297 [ genlib ] [ INFO ] Making atom pairs
2026-04-23 20:46:39,297 [ genlib ] [ INFO ] Searching branch 1
2026-04-23 20:46:39,297 [ genlib ] [ INFO ] Searching order 2
2026-04-23 20:46:39,297 [ genlib ] [ INFO ] Checking atom 1HB
2026-04-23 20:46:39,297 [ genlib ] [ INFO ] Define atom pair: ASH|1HB|HC|H         - > ARG|1HB|HC|H         (d = 0.16 A)
2026-04-23 20:46:39,297 [ genlib ] [ INFO ] Checking atom 2HB
2026-04-23 20:46:39,297 [ genlib ] [ INFO ] Define atom pair: ASH|2HB|HC|H         - > ARG|2HB|HC|H         (d = 0.19 A)
2026-04-23 20:46:39,297 [ genlib ] [ INFO ] Checking atom CG
2026-04-23 20:46:39,297 [ genlib ] [ INFO ] Define atom pair: ASH|CG|C|C.2         - > ARG|CG|C8|C.3        (d = 0.18 A)
2026-04-23 20:46:39,297 [ genlib ] [ INFO ] Searching order 3
2026-04-23 20:46:39,297 [ genlib ] [ INFO ] Checking atom OD1
2026-04-23 20:46:39,297 [ genlib ] [ INFO ] Define atom pair: ASH|OD1|O|O.co2      - > ARG|CD|C8|C.3        (d = 0.17 A)
2026-04-23 20:46:39,297 [ genlib ] [ INFO ] Checking atom OD2
2026-04-23 20:46:39,297 [ genlib ] [ INFO ] No partner found for atom OD2
2026-04-23 20:46:39,297 [ genlib ] [ INFO ] Searching order 4
2026-04-23 20:46:39,297 [ genlib ] [ INFO ] Searching order 5
2026-04-23 20:46:39,297 [ genlib ] [ INFO ] Searching order 6
2026-04-23 20:46:39,297 [ genlib ] [ INFO ] Searching order 7
2026-04-23 20:46:39,297 [ genlib ] [ INFO ] Searching branch 2
2026-04-23 20:46:39,297 [ genlib ] [ INFO ] Searching order 2
2026-04-23 20:46:39,297 [ genlib ] [ INFO ] Searching order 3
2026-04-23 20:46:39,297 [ genlib ] [ INFO ] Checking atom OD2
2026-04-23 20:46:39,297 [ genlib ] [ INFO ] No partner found for atom OD2
2026-04-23 20:46:39,297 [ genlib ] [ INFO ] Searching order 4
2026-04-23 20:46:39,297 [ genlib ] [ INFO ] Searching order 5
2026-04-23 20:46:39,297 [ genlib ] [ INFO ] Searching order 6
2026-04-23 20:46:39,297 [ genlib ] [ INFO ] Searching order 7
2026-04-23 20:46:39,303 [ genlib ] [ INFO ] Updating bond lists
2026-04-23 20:46:39,303 [ genlib ] [ INFO ] Updating dihedrals
2026-04-23 20:46:39,303 [ genlib ] [ INFO ] Updating impropers
2026-04-23 20:46:39,304 [ genlib ] [ INFO ] Building library files for ASH --> ASN mutant
2026-04-23 20:46:39,304 [ genlib ] [ INFO ] reading rtp file "aminoacids.rtp"
2026-04-23 20:46:39,347 [ genlib ] [ INFO ] ENTERED SIMPLE
2026-04-23 20:46:39,347 [ genlib ] [ INFO ] Making atom pairs
2026-04-23 20:46:39,347 [ genlib ] [ INFO ] Searching branch 1
2026-04-23 20:46:39,347 [ genlib ] [ INFO ] Searching order 2
2026-04-23 20:46:39,347 [ genlib ] [ INFO ] Checking atom 1HB
2026-04-23 20:46:39,347 [ genlib ] [ INFO ] Define atom pair: ASH|1HB|HC|H         - > ASN|1HB|HC|H         (d = 0.09 A)
2026-04-23 20:46:39,347 [ genlib ] [ INFO ] Checking atom 2HB
2026-04-23 20:46:39,348 [ genlib ] [ INFO ] Define atom pair: ASH|2HB|HC|H         - > ASN|2HB|HC|H         (d = 0.11 A)
2026-04-23 20:46:39,348 [ genlib ] [ INFO ] Checking atom CG
2026-04-23 20:46:39,348 [ genlib ] [ INFO ] Define atom pair: ASH|CG|C|C.2         - > ASN|CG|C|C.2         (d = 0.05 A)
2026-04-23 20:46:39,348 [ genlib ] [ INFO ] Searching order 3
2026-04-23 20:46:39,348 [ genlib ] [ INFO ] Checking atom OD1
2026-04-23 20:46:39,348 [ genlib ] [ INFO ] Define atom pair: ASH|OD1|O|O.co2      - > ASN|OD1|O|O.2        (d = 0.14 A)
2026-04-23 20:46:39,348 [ genlib ] [ INFO ] Checking atom OD2
2026-04-23 20:46:39,348 [ genlib ] [ INFO ] Define atom pair: ASH|OD2|OH|O.co2     - > ASN|ND2|N|N.am       (d = 0.12 A)
2026-04-23 20:46:39,348 [ genlib ] [ INFO ] Searching order 4
2026-04-23 20:46:39,348 [ genlib ] [ INFO ] Checking atom HD2
2026-04-23 20:46:39,348 [ genlib ] [ INFO ] Define atom pair: ASH|HD2|HO|H         - > ASN|2HD2|H|H         (d = 0.22 A)
2026-04-23 20:46:39,348 [ genlib ] [ INFO ] Searching order 5
2026-04-23 20:46:39,348 [ genlib ] [ INFO ] Searching order 6
2026-04-23 20:46:39,348 [ genlib ] [ INFO ] Searching order 7
2026-04-23 20:46:39,348 [ genlib ] [ INFO ] Searching branch 2
2026-04-23 20:46:39,348 [ genlib ] [ INFO ] Searching order 2
2026-04-23 20:46:39,348 [ genlib ] [ INFO ] Searching order 3
2026-04-23 20:46:39,348 [ genlib ] [ INFO ] Searching order 4
2026-04-23 20:46:39,348 [ genlib ] [ INFO ] Searching order 5
2026-04-23 20:46:39,348 [ genlib ] [ INFO ] Searching order 6
2026-04-23 20:46:39,348 [ genlib ] [ INFO ] Searching order 7
2026-04-23 20:46:39,349 [ genlib ] [ INFO ] Updating bond lists
2026-04-23 20:46:39,349 [ genlib ] [ INFO ] Updating dihedrals
2026-04-23 20:46:39,349 [ genlib ] [ INFO ] Updating impropers
2026-04-23 20:46:39,350 [ genlib ] [ WARNING ] undefined
2026-04-23 20:46:39,350 [ genlib ] [ WARNING ] undefined
2026-04-23 20:46:39,350 [ genlib ] [ INFO ] Building library files for ASH --> ASP mutant
2026-04-23 20:46:39,350 [ genlib ] [ INFO ] reading rtp file "aminoacids.rtp"
2026-04-23 20:46:39,393 [ genlib ] [ INFO ] ENTERED SIMPLE
2026-04-23 20:46:39,393 [ genlib ] [ INFO ] Making atom pairs
2026-04-23 20:46:39,393 [ genlib ] [ INFO ] Searching branch 1
2026-04-23 20:46:39,393 [ genlib ] [ INFO ] Searching order 2
2026-04-23 20:46:39,393 [ genlib ] [ INFO ] Checking atom 1HB
2026-04-23 20:46:39,393 [ genlib ] [ INFO ] Define atom pair: ASH|1HB|HC|H         - > ASP|1HB|HC|H         (d = 0.10 A)
2026-04-23 20:46:39,393 [ genlib ] [ INFO ] Checking atom 2HB
2026-04-23 20:46:39,393 [ genlib ] [ INFO ] Define atom pair: ASH|2HB|HC|H         - > ASP|2HB|HC|H         (d = 0.09 A)
2026-04-23 20:46:39,393 [ genlib ] [ INFO ] Checking atom CG
2026-04-23 20:46:39,393 [ genlib ] [ INFO ] Define atom pair: ASH|CG|C|C.2         - > ASP|CG|CO|C.2        (d = 0.00 A)
2026-04-23 20:46:39,393 [ genlib ] [ INFO ] Searching order 3
2026-04-23 20:46:39,393 [ genlib ] [ INFO ] Checking atom OD1
2026-04-23 20:46:39,393 [ genlib ] [ INFO ] Define atom pair: ASH|OD1|O|O.co2      - > ASP|OD1|O2|O.co2     (d = 0.00 A)
2026-04-23 20:46:39,393 [ genlib ] [ INFO ] Checking atom OD2
2026-04-23 20:46:39,393 [ genlib ] [ INFO ] Define atom pair: ASH|OD2|OH|O.co2     - > ASP|OD2|O2|O.co2     (d = 0.00 A)
2026-04-23 20:46:39,393 [ genlib ] [ INFO ] Searching order 4
2026-04-23 20:46:39,393 [ genlib ] [ INFO ] Checking atom HD2
2026-04-23 20:46:39,393 [ genlib ] [ INFO ] No partner found for atom HD2
2026-04-23 20:46:39,393 [ genlib ] [ INFO ] Searching order 5
2026-04-23 20:46:39,393 [ genlib ] [ INFO ] Searching order 6
2026-04-23 20:46:39,393 [ genlib ] [ INFO ] Searching order 7
2026-04-23 20:46:39,393 [ genlib ] [ INFO ] Searching branch 2
2026-04-23 20:46:39,393 [ genlib ] [ INFO ] Searching order 2
2026-04-23 20:46:39,393 [ genlib ] [ INFO ] Searching order 3
2026-04-23 20:46:39,393 [ genlib ] [ INFO ] Searching order 4
2026-04-23 20:46:39,393 [ genlib ] [ INFO ] Checking atom HD2
2026-04-23 20:46:39,393 [ genlib ] [ INFO ] No partner found for atom HD2
2026-04-23 20:46:39,393 [ genlib ] [ INFO ] Searching order 5
2026-04-23 20:46:39,393 [ genlib ] [ INFO ] Searching order 6
2026-04-23 20:46:39,393 [ genlib ] [ INFO ] Searching order 7
2026-04-23 20:46:39,394 [ genlib ] [ INFO ] Updating bond lists
2026-04-23 20:46:39,394 [ genlib ] [ INFO ] Updating dihedrals
2026-04-23 20:46:39,394 [ genlib ] [ INFO ] Updating impropers
2026-04-23 20:46:39,394 [ genlib ] [ INFO ] Building library files for ASH --> CYS mutant
2026-04-23 20:46:39,395 [ genlib ] [ INFO ] reading rtp file "aminoacids.rtp"
2026-04-23 20:46:39,438 [ genlib ] [ INFO ] ENTERED SIMPLE
2026-04-23 20:46:39,438 [ genlib ] [ INFO ] Making atom pairs
2026-04-23 20:46:39,438 [ genlib ] [ INFO ] Searching branch 1
2026-04-23 20:46:39,438 [ genlib ] [ INFO ] Searching order 2
2026-04-23 20:46:39,438 [ genlib ] [ INFO ] Checking atom 1HB
2026-04-23 20:46:39,438 [ genlib ] [ INFO ] Define atom pair: ASH|1HB|HC|H         - > CYS|1HB|H1|H         (d = 0.11 A)
2026-04-23 20:46:39,438 [ genlib ] [ INFO ] Checking atom 2HB
2026-04-23 20:46:39,438 [ genlib ] [ INFO ] Define atom pair: ASH|2HB|HC|H         - > CYS|2HB|H1|H         (d = 0.14 A)
2026-04-23 20:46:39,438 [ genlib ] [ INFO ] Checking atom CG
2026-04-23 20:46:39,438 [ genlib ] [ INFO ] Define atom pair: ASH|CG|C|C.2         - > CYS|SG|SH|S.3        (d = 0.25 A)
2026-04-23 20:46:39,438 [ genlib ] [ INFO ] Searching order 3
2026-04-23 20:46:39,438 [ genlib ] [ INFO ] Checking atom OD1
2026-04-23 20:46:39,438 [ genlib ] [ INFO ] Define atom pair: ASH|OD1|O|O.co2      - > CYS|HG|HS|H          (d = 0.24 A)
2026-04-23 20:46:39,438 [ genlib ] [ INFO ] Checking atom OD2
2026-04-23 20:46:39,438 [ genlib ] [ INFO ] No partner found for atom OD2
2026-04-23 20:46:39,438 [ genlib ] [ INFO ] Searching order 4
2026-04-23 20:46:39,438 [ genlib ] [ INFO ] Searching order 5
2026-04-23 20:46:39,438 [ genlib ] [ INFO ] Searching order 6
2026-04-23 20:46:39,438 [ genlib ] [ INFO ] Searching order 7
2026-04-23 20:46:39,438 [ genlib ] [ INFO ] Searching branch 2
2026-04-23 20:46:39,438 [ genlib ] [ INFO ] Searching order 2
2026-04-23 20:46:39,438 [ genlib ] [ INFO ] Searching order 3
2026-04-23 20:46:39,438 [ genlib ] [ INFO ] Checking atom OD2
2026-04-23 20:46:39,438 [ genlib ] [ INFO ] No partner found for atom OD2
2026-04-23 20:46:39,438 [ genlib ] [ INFO ] Searching order 4
2026-04-23 20:46:39,438 [ genlib ] [ INFO ] Searching order 5
2026-04-23 20:46:39,438 [ genlib ] [ INFO ] Searching order 6
2026-04-23 20:46:39,438 [ genlib ] [ INFO ] Searching order 7
2026-04-23 20:46:39,438 [ genlib ] [ INFO ] Updating bond lists
2026-04-23 20:46:39,438 [ genlib ] [ INFO ] Updating dihedrals
2026-04-23 20:46:39,438 [ genlib ] [ INFO ] Updating impropers
2026-04-23 20:46:39,439 [ genlib ] [ INFO ] Building library files for ASH --> GLH mutant
2026-04-23 20:46:39,439 [ genlib ] [ INFO ] reading rtp file "aminoacids.rtp"
2026-04-23 20:46:39,482 [ genlib ] [ INFO ] ENTERED SIMPLE
2026-04-23 20:46:39,482 [ genlib ] [ INFO ] Making atom pairs
2026-04-23 20:46:39,482 [ genlib ] [ INFO ] Searching branch 1
2026-04-23 20:46:39,482 [ genlib ] [ INFO ] Searching order 2
2026-04-23 20:46:39,482 [ genlib ] [ INFO ] Checking atom 1HB
2026-04-23 20:46:39,482 [ genlib ] [ INFO ] Define atom pair: ASH|1HB|HC|H         - > GLH|1HB|HC|H         (d = 0.11 A)
2026-04-23 20:46:39,482 [ genlib ] [ INFO ] Checking atom 2HB
2026-04-23 20:46:39,483 [ genlib ] [ INFO ] Define atom pair: ASH|2HB|HC|H         - > GLH|2HB|HC|H         (d = 0.10 A)
2026-04-23 20:46:39,483 [ genlib ] [ INFO ] Checking atom CG
2026-04-23 20:46:39,483 [ genlib ] [ INFO ] Define atom pair: ASH|CG|C|C.2         - > GLH|CG|2C|C.3        (d = 0.11 A)
2026-04-23 20:46:39,483 [ genlib ] [ INFO ] Searching order 3
2026-04-23 20:46:39,483 [ genlib ] [ INFO ] Checking atom OD1
2026-04-23 20:46:39,483 [ genlib ] [ INFO ] Define atom pair: ASH|OD1|O|O.co2      - > GLH|CD|C|C.2         (d = 0.28 A)
2026-04-23 20:46:39,483 [ genlib ] [ INFO ] Checking atom OD2
2026-04-23 20:46:39,483 [ genlib ] [ INFO ] No partner found for atom OD2
2026-04-23 20:46:39,483 [ genlib ] [ INFO ] Searching order 4
2026-04-23 20:46:39,483 [ genlib ] [ INFO ] Searching order 5
2026-04-23 20:46:39,483 [ genlib ] [ INFO ] Searching order 6
2026-04-23 20:46:39,483 [ genlib ] [ INFO ] Searching order 7
2026-04-23 20:46:39,483 [ genlib ] [ INFO ] Searching branch 2
2026-04-23 20:46:39,483 [ genlib ] [ INFO ] Searching order 2
2026-04-23 20:46:39,483 [ genlib ] [ INFO ] Searching order 3
2026-04-23 20:46:39,483 [ genlib ] [ INFO ] Checking atom OD2
2026-04-23 20:46:39,483 [ genlib ] [ INFO ] No partner found for atom OD2
2026-04-23 20:46:39,483 [ genlib ] [ INFO ] Searching order 4
2026-04-23 20:46:39,483 [ genlib ] [ INFO ] Searching order 5
2026-04-23 20:46:39,483 [ genlib ] [ INFO ] Searching order 6
2026-04-23 20:46:39,483 [ genlib ] [ INFO ] Searching order 7
2026-04-23 20:46:39,484 [ genlib ] [ INFO ] Updating bond lists
2026-04-23 20:46:39,485 [ genlib ] [ INFO ] Updating dihedrals
2026-04-23 20:46:39,485 [ genlib ] [ INFO ] Updating impropers
2026-04-23 20:46:39,485 [ genlib ] [ INFO ] Building library files for ASH --> GLN mutant
2026-04-23 20:46:39,485 [ genlib ] [ INFO ] reading rtp file "aminoacids.rtp"
2026-04-23 20:46:39,528 [ genlib ] [ INFO ] ENTERED SIMPLE
2026-04-23 20:46:39,528 [ genlib ] [ INFO ] Making atom pairs
2026-04-23 20:46:39,528 [ genlib ] [ INFO ] Searching branch 1
2026-04-23 20:46:39,528 [ genlib ] [ INFO ] Searching order 2
2026-04-23 20:46:39,528 [ genlib ] [ INFO ] Checking atom 1HB
2026-04-23 20:46:39,528 [ genlib ] [ INFO ] Define atom pair: ASH|1HB|HC|H         - > GLN|1HB|HC|H         (d = 0.14 A)
2026-04-23 20:46:39,528 [ genlib ] [ INFO ] Checking atom 2HB
2026-04-23 20:46:39,528 [ genlib ] [ INFO ] Define atom pair: ASH|2HB|HC|H         - > GLN|2HB|HC|H         (d = 0.15 A)
2026-04-23 20:46:39,528 [ genlib ] [ INFO ] Checking atom CG
2026-04-23 20:46:39,528 [ genlib ] [ INFO ] Define atom pair: ASH|CG|C|C.2         - > GLN|CG|2C|C.3        (d = 0.12 A)
2026-04-23 20:46:39,528 [ genlib ] [ INFO ] Searching order 3
2026-04-23 20:46:39,528 [ genlib ] [ INFO ] Checking atom OD1
2026-04-23 20:46:39,528 [ genlib ] [ INFO ] Define atom pair: ASH|OD1|O|O.co2      - > GLN|CD|C|C.2         (d = 0.20 A)
2026-04-23 20:46:39,528 [ genlib ] [ INFO ] Checking atom OD2
2026-04-23 20:46:39,528 [ genlib ] [ INFO ] No partner found for atom OD2
2026-04-23 20:46:39,528 [ genlib ] [ INFO ] Searching order 4
2026-04-23 20:46:39,528 [ genlib ] [ INFO ] Searching order 5
2026-04-23 20:46:39,528 [ genlib ] [ INFO ] Searching order 6
2026-04-23 20:46:39,528 [ genlib ] [ INFO ] Searching order 7
2026-04-23 20:46:39,528 [ genlib ] [ INFO ] Searching branch 2
2026-04-23 20:46:39,528 [ genlib ] [ INFO ] Searching order 2
2026-04-23 20:46:39,528 [ genlib ] [ INFO ] Searching order 3
2026-04-23 20:46:39,528 [ genlib ] [ INFO ] Checking atom OD2
2026-04-23 20:46:39,528 [ genlib ] [ INFO ] No partner found for atom OD2
2026-04-23 20:46:39,528 [ genlib ] [ INFO ] Searching order 4
2026-04-23 20:46:39,528 [ genlib ] [ INFO ] Searching order 5
2026-04-23 20:46:39,528 [ genlib ] [ INFO ] Searching order 6
2026-04-23 20:46:39,528 [ genlib ] [ INFO ] Searching order 7
2026-04-23 20:46:39,531 [ genlib ] [ INFO ] Updating bond lists
2026-04-23 20:46:39,531 [ genlib ] [ INFO ] Updating dihedrals
2026-04-23 20:46:39,531 [ genlib ] [ INFO ] Updating impropers
2026-04-23 20:46:39,531 [ genlib ] [ INFO ] Building library files for ASH --> GLU mutant
2026-04-23 20:46:39,531 [ genlib ] [ INFO ] reading rtp file "aminoacids.rtp"
2026-04-23 20:46:39,574 [ genlib ] [ INFO ] ENTERED SIMPLE
2026-04-23 20:46:39,575 [ genlib ] [ INFO ] Making atom pairs
2026-04-23 20:46:39,575 [ genlib ] [ INFO ] Searching branch 1
2026-04-23 20:46:39,575 [ genlib ] [ INFO ] Searching order 2
2026-04-23 20:46:39,575 [ genlib ] [ INFO ] Checking atom 1HB
2026-04-23 20:46:39,575 [ genlib ] [ INFO ] Define atom pair: ASH|1HB|HC|H         - > GLU|1HB|HC|H         (d = 0.17 A)
2026-04-23 20:46:39,575 [ genlib ] [ INFO ] Checking atom 2HB
2026-04-23 20:46:39,575 [ genlib ] [ INFO ] Define atom pair: ASH|2HB|HC|H         - > GLU|2HB|HC|H         (d = 0.15 A)
2026-04-23 20:46:39,575 [ genlib ] [ INFO ] Checking atom CG
2026-04-23 20:46:39,575 [ genlib ] [ INFO ] Define atom pair: ASH|CG|C|C.2         - > GLU|CG|2C|C.3        (d = 0.11 A)
2026-04-23 20:46:39,575 [ genlib ] [ INFO ] Searching order 3
2026-04-23 20:46:39,575 [ genlib ] [ INFO ] Checking atom OD1
2026-04-23 20:46:39,575 [ genlib ] [ INFO ] Define atom pair: ASH|OD1|O|O.co2      - > GLU|CD|CO|C.2        (d = 0.28 A)
2026-04-23 20:46:39,575 [ genlib ] [ INFO ] Checking atom OD2
2026-04-23 20:46:39,575 [ genlib ] [ INFO ] No partner found for atom OD2
2026-04-23 20:46:39,575 [ genlib ] [ INFO ] Searching order 4
2026-04-23 20:46:39,575 [ genlib ] [ INFO ] Searching order 5
2026-04-23 20:46:39,575 [ genlib ] [ INFO ] Searching order 6
2026-04-23 20:46:39,575 [ genlib ] [ INFO ] Searching order 7
2026-04-23 20:46:39,575 [ genlib ] [ INFO ] Searching branch 2
2026-04-23 20:46:39,575 [ genlib ] [ INFO ] Searching order 2
2026-04-23 20:46:39,575 [ genlib ] [ INFO ] Searching order 3
2026-04-23 20:46:39,575 [ genlib ] [ INFO ] Checking atom OD2
2026-04-23 20:46:39,575 [ genlib ] [ INFO ] No partner found for atom OD2
2026-04-23 20:46:39,575 [ genlib ] [ INFO ] Searching order 4
2026-04-23 20:46:39,575 [ genlib ] [ INFO ] Searching order 5
2026-04-23 20:46:39,575 [ genlib ] [ INFO ] Searching order 6
2026-04-23 20:46:39,575 [ genlib ] [ INFO ] Searching order 7
2026-04-23 20:46:39,576 [ genlib ] [ INFO ] Updating bond lists
2026-04-23 20:46:39,576 [ genlib ] [ INFO ] Updating dihedrals
2026-04-23 20:46:39,576 [ genlib ] [ INFO ] Updating impropers
2026-04-23 20:46:39,577 [ genlib ] [ INFO ] Building library files for ASH --> GLY mutant
2026-04-23 20:46:39,577 [ genlib ] [ INFO ] reading rtp file "aminoacids.rtp"
2026-04-23 20:46:39,620 [ genlib ] [ INFO ] ENTERED G
2026-04-23 20:46:39,620 [ genlib ] [ INFO ] Making atom pairs
2026-04-23 20:46:39,620 [ genlib ] [ INFO ] Updating bond lists
2026-04-23 20:46:39,621 [ genlib ] [ INFO ] Updating dihedrals
2026-04-23 20:46:39,621 [ genlib ] [ INFO ] Updating impropers
2026-04-23 20:46:39,621 [ genlib ] [ INFO ] Building library files for ASH --> HID mutant
2026-04-23 20:46:39,621 [ genlib ] [ INFO ] reading rtp file "aminoacids.rtp"
2026-04-23 20:46:39,664 [ genlib ] [ INFO ] ENTERED RINGS
2026-04-23 20:46:39,664 [ genlib ] [ INFO ] Making atom pairs
2026-04-23 20:46:39,667 [ genlib ] [ INFO ] Updating bond lists
2026-04-23 20:46:39,667 [ genlib ] [ INFO ] Updating dihedrals
2026-04-23 20:46:39,667 [ genlib ] [ INFO ] Updating impropers
2026-04-23 20:46:39,668 [ genlib ] [ INFO ] Building library files for ASH --> HIE mutant
2026-04-23 20:46:39,668 [ genlib ] [ INFO ] reading rtp file "aminoacids.rtp"
2026-04-23 20:46:39,713 [ genlib ] [ INFO ] ENTERED RINGS
2026-04-23 20:46:39,713 [ genlib ] [ INFO ] Making atom pairs
2026-04-23 20:46:39,716 [ genlib ] [ INFO ] Updating bond lists
2026-04-23 20:46:39,716 [ genlib ] [ INFO ] Updating dihedrals
2026-04-23 20:46:39,716 [ genlib ] [ INFO ] Updating impropers
2026-04-23 20:46:39,716 [ genlib ] [ INFO ] Building library files for ASH --> HIP mutant
2026-04-23 20:46:39,717 [ genlib ] [ INFO ] reading rtp file "aminoacids.rtp"
2026-04-23 20:46:39,760 [ genlib ] [ INFO ] ENTERED RINGS
2026-04-23 20:46:39,760 [ genlib ] [ INFO ] Making atom pairs
2026-04-23 20:46:39,764 [ genlib ] [ INFO ] Updating bond lists
2026-04-23 20:46:39,764 [ genlib ] [ INFO ] Updating dihedrals
2026-04-23 20:46:39,764 [ genlib ] [ INFO ] Updating impropers
2026-04-23 20:46:39,764 [ genlib ] [ INFO ] Building library files for ASH --> ILE mutant
2026-04-23 20:46:39,765 [ genlib ] [ INFO ] reading rtp file "aminoacids.rtp"
2026-04-23 20:46:39,812 [ genlib ] [ INFO ] ENTERED SIMPLE
2026-04-23 20:46:39,812 [ genlib ] [ INFO ] Making atom pairs
2026-04-23 20:46:39,812 [ genlib ] [ INFO ] Searching branch 1
2026-04-23 20:46:39,812 [ genlib ] [ INFO ] Searching order 2
2026-04-23 20:46:39,812 [ genlib ] [ INFO ] Checking atom 1HB
2026-04-23 20:46:39,812 [ genlib ] [ INFO ] Define atom pair: ASH|1HB|HC|H         - > ILE|HB|HC|H          (d = 0.11 A)
2026-04-23 20:46:39,812 [ genlib ] [ INFO ] Checking atom 2HB
2026-04-23 20:46:39,812 [ genlib ] [ INFO ] No partner found for atom 2HB
2026-04-23 20:46:39,812 [ genlib ] [ INFO ] Checking atom CG
2026-04-23 20:46:39,812 [ genlib ] [ INFO ] Define atom pair: ASH|CG|C|C.2         - > ILE|CG1|2C|C.3       (d = 0.05 A)
2026-04-23 20:46:39,812 [ genlib ] [ INFO ] Searching order 3
2026-04-23 20:46:39,813 [ genlib ] [ INFO ] Checking atom OD1
2026-04-23 20:46:39,813 [ genlib ] [ INFO ] Define atom pair: ASH|OD1|O|O.co2      - > ILE|CD1|CT|C.3       (d = 0.30 A)
2026-04-23 20:46:39,813 [ genlib ] [ INFO ] Checking atom OD2
2026-04-23 20:46:39,813 [ genlib ] [ INFO ] No partner found for atom OD2
2026-04-23 20:46:39,813 [ genlib ] [ INFO ] Searching order 4
2026-04-23 20:46:39,813 [ genlib ] [ INFO ] Searching order 5
2026-04-23 20:46:39,813 [ genlib ] [ INFO ] Searching order 6
2026-04-23 20:46:39,813 [ genlib ] [ INFO ] Searching order 7
2026-04-23 20:46:39,813 [ genlib ] [ INFO ] Searching branch 2
2026-04-23 20:46:39,813 [ genlib ] [ INFO ] Searching order 2
2026-04-23 20:46:39,813 [ genlib ] [ INFO ] Checking atom 2HB
2026-04-23 20:46:39,813 [ genlib ] [ INFO ] No partner found for atom 2HB
2026-04-23 20:46:39,813 [ genlib ] [ INFO ] Searching order 3
2026-04-23 20:46:39,813 [ genlib ] [ INFO ] Checking atom OD2
2026-04-23 20:46:39,813 [ genlib ] [ INFO ] No partner found for atom OD2
2026-04-23 20:46:39,813 [ genlib ] [ INFO ] Searching order 4
2026-04-23 20:46:39,813 [ genlib ] [ INFO ] Searching order 5
2026-04-23 20:46:39,813 [ genlib ] [ INFO ] Searching order 6
2026-04-23 20:46:39,813 [ genlib ] [ INFO ] Searching order 7
2026-04-23 20:46:39,816 [ genlib ] [ INFO ] Updating bond lists
2026-04-23 20:46:39,816 [ genlib ] [ INFO ] Updating dihedrals
2026-04-23 20:46:39,816 [ genlib ] [ INFO ] Updating impropers
2026-04-23 20:46:39,817 [ genlib ] [ INFO ] Building library files for ASH --> LEU mutant
2026-04-23 20:46:39,817 [ genlib ] [ INFO ] reading rtp file "aminoacids.rtp"
2026-04-23 20:46:39,864 [ genlib ] [ INFO ] ENTERED SIMPLE
2026-04-23 20:46:39,864 [ genlib ] [ INFO ] Making atom pairs
2026-04-23 20:46:39,864 [ genlib ] [ INFO ] Searching branch 1
2026-04-23 20:46:39,864 [ genlib ] [ INFO ] Searching order 2
2026-04-23 20:46:39,864 [ genlib ] [ INFO ] Checking atom 1HB
2026-04-23 20:46:39,864 [ genlib ] [ INFO ] Define atom pair: ASH|1HB|HC|H         - > LEU|1HB|HC|H         (d = 0.10 A)
2026-04-23 20:46:39,864 [ genlib ] [ INFO ] Checking atom 2HB
2026-04-23 20:46:39,864 [ genlib ] [ INFO ] Define atom pair: ASH|2HB|HC|H         - > LEU|2HB|HC|H         (d = 0.12 A)
2026-04-23 20:46:39,864 [ genlib ] [ INFO ] Checking atom CG
2026-04-23 20:46:39,864 [ genlib ] [ INFO ] Define atom pair: ASH|CG|C|C.2         - > LEU|CG|3C|C.3        (d = 0.12 A)
2026-04-23 20:46:39,864 [ genlib ] [ INFO ] Searching order 3
2026-04-23 20:46:39,864 [ genlib ] [ INFO ] Checking atom OD1
2026-04-23 20:46:39,864 [ genlib ] [ INFO ] Define atom pair: ASH|OD1|O|O.co2      - > LEU|CD1|CT|C.3       (d = 0.21 A)
2026-04-23 20:46:39,864 [ genlib ] [ INFO ] Checking atom OD2
2026-04-23 20:46:39,864 [ genlib ] [ INFO ] No partner found for atom OD2
2026-04-23 20:46:39,864 [ genlib ] [ INFO ] Searching order 4
2026-04-23 20:46:39,864 [ genlib ] [ INFO ] Searching order 5
2026-04-23 20:46:39,864 [ genlib ] [ INFO ] Searching order 6
2026-04-23 20:46:39,864 [ genlib ] [ INFO ] Searching order 7
2026-04-23 20:46:39,864 [ genlib ] [ INFO ] Searching branch 2
2026-04-23 20:46:39,864 [ genlib ] [ INFO ] Searching order 2
2026-04-23 20:46:39,864 [ genlib ] [ INFO ] Searching order 3
2026-04-23 20:46:39,864 [ genlib ] [ INFO ] Checking atom OD2
2026-04-23 20:46:39,864 [ genlib ] [ INFO ] No partner found for atom OD2
2026-04-23 20:46:39,864 [ genlib ] [ INFO ] Searching order 4
2026-04-23 20:46:39,864 [ genlib ] [ INFO ] Searching order 5
2026-04-23 20:46:39,864 [ genlib ] [ INFO ] Searching order 6
2026-04-23 20:46:39,864 [ genlib ] [ INFO ] Searching order 7
2026-04-23 20:46:39,867 [ genlib ] [ INFO ] Updating bond lists
2026-04-23 20:46:39,867 [ genlib ] [ INFO ] Updating dihedrals
2026-04-23 20:46:39,867 [ genlib ] [ INFO ] Updating impropers
2026-04-23 20:46:39,868 [ genlib ] [ INFO ] Building library files for ASH --> LYN mutant
2026-04-23 20:46:39,868 [ genlib ] [ INFO ] reading rtp file "aminoacids.rtp"
2026-04-23 20:46:39,912 [ genlib ] [ INFO ] ENTERED SIMPLE
2026-04-23 20:46:39,912 [ genlib ] [ INFO ] Making atom pairs
2026-04-23 20:46:39,912 [ genlib ] [ INFO ] Searching branch 1
2026-04-23 20:46:39,912 [ genlib ] [ INFO ] Searching order 2
2026-04-23 20:46:39,912 [ genlib ] [ INFO ] Checking atom 1HB
2026-04-23 20:46:39,912 [ genlib ] [ INFO ] Define atom pair: ASH|1HB|HC|H         - > LYN|1HB|HC|H         (d = 0.10 A)
2026-04-23 20:46:39,912 [ genlib ] [ INFO ] Checking atom 2HB
2026-04-23 20:46:39,912 [ genlib ] [ INFO ] Define atom pair: ASH|2HB|HC|H         - > LYN|2HB|HC|H         (d = 0.10 A)
2026-04-23 20:46:39,912 [ genlib ] [ INFO ] Checking atom CG
2026-04-23 20:46:39,912 [ genlib ] [ INFO ] Define atom pair: ASH|CG|C|C.2         - > LYN|CG|CT|C.3        (d = 0.18 A)
2026-04-23 20:46:39,912 [ genlib ] [ INFO ] Searching order 3
2026-04-23 20:46:39,912 [ genlib ] [ INFO ] Checking atom OD1
2026-04-23 20:46:39,912 [ genlib ] [ INFO ] Define atom pair: ASH|OD1|O|O.co2      - > LYN|CD|CT|C.3        (d = 0.18 A)
2026-04-23 20:46:39,912 [ genlib ] [ INFO ] Checking atom OD2
2026-04-23 20:46:39,912 [ genlib ] [ INFO ] No partner found for atom OD2
2026-04-23 20:46:39,912 [ genlib ] [ INFO ] Searching order 4
2026-04-23 20:46:39,912 [ genlib ] [ INFO ] Searching order 5
2026-04-23 20:46:39,912 [ genlib ] [ INFO ] Searching order 6
2026-04-23 20:46:39,912 [ genlib ] [ INFO ] Searching order 7
2026-04-23 20:46:39,912 [ genlib ] [ INFO ] Searching branch 2
2026-04-23 20:46:39,912 [ genlib ] [ INFO ] Searching order 2
2026-04-23 20:46:39,912 [ genlib ] [ INFO ] Searching order 3
2026-04-23 20:46:39,912 [ genlib ] [ INFO ] Checking atom OD2
2026-04-23 20:46:39,912 [ genlib ] [ INFO ] No partner found for atom OD2
2026-04-23 20:46:39,912 [ genlib ] [ INFO ] Searching order 4
2026-04-23 20:46:39,912 [ genlib ] [ INFO ] Searching order 5
2026-04-23 20:46:39,912 [ genlib ] [ INFO ] Searching order 6
2026-04-23 20:46:39,912 [ genlib ] [ INFO ] Searching order 7
2026-04-23 20:46:39,916 [ genlib ] [ INFO ] Updating bond lists
2026-04-23 20:46:39,916 [ genlib ] [ INFO ] Updating dihedrals
2026-04-23 20:46:39,916 [ genlib ] [ INFO ] Updating impropers
2026-04-23 20:46:39,916 [ genlib ] [ INFO ] Building library files for ASH --> LYS mutant
2026-04-23 20:46:39,917 [ genlib ] [ INFO ] reading rtp file "aminoacids.rtp"
2026-04-23 20:46:39,960 [ genlib ] [ INFO ] ENTERED SIMPLE
2026-04-23 20:46:39,960 [ genlib ] [ INFO ] Making atom pairs
2026-04-23 20:46:39,960 [ genlib ] [ INFO ] Searching branch 1
2026-04-23 20:46:39,960 [ genlib ] [ INFO ] Searching order 2
2026-04-23 20:46:39,960 [ genlib ] [ INFO ] Checking atom 1HB
2026-04-23 20:46:39,960 [ genlib ] [ INFO ] Define atom pair: ASH|1HB|HC|H         - > LYS|1HB|HC|H         (d = 0.16 A)
2026-04-23 20:46:39,960 [ genlib ] [ INFO ] Checking atom 2HB
2026-04-23 20:46:39,960 [ genlib ] [ INFO ] Define atom pair: ASH|2HB|HC|H         - > LYS|2HB|HC|H         (d = 0.19 A)
2026-04-23 20:46:39,960 [ genlib ] [ INFO ] Checking atom CG
2026-04-23 20:46:39,960 [ genlib ] [ INFO ] Define atom pair: ASH|CG|C|C.2         - > LYS|CG|C8|C.3        (d = 0.18 A)
2026-04-23 20:46:39,960 [ genlib ] [ INFO ] Searching order 3
2026-04-23 20:46:39,960 [ genlib ] [ INFO ] Checking atom OD1
2026-04-23 20:46:39,960 [ genlib ] [ INFO ] Define atom pair: ASH|OD1|O|O.co2      - > LYS|CD|C8|C.3        (d = 0.17 A)
2026-04-23 20:46:39,960 [ genlib ] [ INFO ] Checking atom OD2
2026-04-23 20:46:39,960 [ genlib ] [ INFO ] No partner found for atom OD2
2026-04-23 20:46:39,960 [ genlib ] [ INFO ] Searching order 4
2026-04-23 20:46:39,960 [ genlib ] [ INFO ] Searching order 5
2026-04-23 20:46:39,960 [ genlib ] [ INFO ] Searching order 6
2026-04-23 20:46:39,960 [ genlib ] [ INFO ] Searching order 7
2026-04-23 20:46:39,960 [ genlib ] [ INFO ] Searching branch 2
2026-04-23 20:46:39,960 [ genlib ] [ INFO ] Searching order 2
2026-04-23 20:46:39,960 [ genlib ] [ INFO ] Searching order 3
2026-04-23 20:46:39,960 [ genlib ] [ INFO ] Checking atom OD2
2026-04-23 20:46:39,960 [ genlib ] [ INFO ] No partner found for atom OD2
2026-04-23 20:46:39,960 [ genlib ] [ INFO ] Searching order 4
2026-04-23 20:46:39,960 [ genlib ] [ INFO ] Searching order 5
2026-04-23 20:46:39,960 [ genlib ] [ INFO ] Searching order 6
2026-04-23 20:46:39,960 [ genlib ] [ INFO ] Searching order 7
2026-04-23 20:46:39,965 [ genlib ] [ INFO ] Updating bond lists
2026-04-23 20:46:39,965 [ genlib ] [ INFO ] Updating dihedrals
2026-04-23 20:46:39,965 [ genlib ] [ INFO ] Updating impropers
2026-04-23 20:46:39,965 [ genlib ] [ INFO ] Building library files for ASH --> MET mutant
2026-04-23 20:46:39,965 [ genlib ] [ INFO ] reading rtp file "aminoacids.rtp"
2026-04-23 20:46:40,009 [ genlib ] [ INFO ] ENTERED SIMPLE
2026-04-23 20:46:40,009 [ genlib ] [ INFO ] Making atom pairs
2026-04-23 20:46:40,009 [ genlib ] [ INFO ] Searching branch 1
2026-04-23 20:46:40,009 [ genlib ] [ INFO ] Searching order 2
2026-04-23 20:46:40,009 [ genlib ] [ INFO ] Checking atom 1HB
2026-04-23 20:46:40,009 [ genlib ] [ INFO ] Define atom pair: ASH|1HB|HC|H         - > MET|1HB|HC|H         (d = 0.12 A)
2026-04-23 20:46:40,009 [ genlib ] [ INFO ] Checking atom 2HB
2026-04-23 20:46:40,009 [ genlib ] [ INFO ] Define atom pair: ASH|2HB|HC|H         - > MET|2HB|HC|H         (d = 0.13 A)
2026-04-23 20:46:40,009 [ genlib ] [ INFO ] Checking atom CG
2026-04-23 20:46:40,009 [ genlib ] [ INFO ] Define atom pair: ASH|CG|C|C.2         - > MET|CG|2C|C.3        (d = 0.05 A)
2026-04-23 20:46:40,009 [ genlib ] [ INFO ] Searching order 3
2026-04-23 20:46:40,009 [ genlib ] [ INFO ] Checking atom OD1
2026-04-23 20:46:40,009 [ genlib ] [ INFO ] Define atom pair: ASH|OD1|O|O.co2      - > MET|SD|S|S.3         (d = 0.51 A)
2026-04-23 20:46:40,009 [ genlib ] [ INFO ] Checking atom OD2
2026-04-23 20:46:40,009 [ genlib ] [ INFO ] No partner found for atom OD2
2026-04-23 20:46:40,009 [ genlib ] [ INFO ] Searching order 4
2026-04-23 20:46:40,009 [ genlib ] [ INFO ] Searching order 5
2026-04-23 20:46:40,009 [ genlib ] [ INFO ] Searching order 6
2026-04-23 20:46:40,009 [ genlib ] [ INFO ] Searching order 7
2026-04-23 20:46:40,009 [ genlib ] [ INFO ] Searching branch 2
2026-04-23 20:46:40,009 [ genlib ] [ INFO ] Searching order 2
2026-04-23 20:46:40,009 [ genlib ] [ INFO ] Searching order 3
2026-04-23 20:46:40,009 [ genlib ] [ INFO ] Checking atom OD2
2026-04-23 20:46:40,009 [ genlib ] [ INFO ] No partner found for atom OD2
2026-04-23 20:46:40,009 [ genlib ] [ INFO ] Searching order 4
2026-04-23 20:46:40,009 [ genlib ] [ INFO ] Searching order 5
2026-04-23 20:46:40,009 [ genlib ] [ INFO ] Searching order 6
2026-04-23 20:46:40,009 [ genlib ] [ INFO ] Searching order 7
2026-04-23 20:46:40,011 [ genlib ] [ INFO ] Updating bond lists
2026-04-23 20:46:40,011 [ genlib ] [ INFO ] Updating dihedrals
2026-04-23 20:46:40,011 [ genlib ] [ INFO ] Updating impropers
2026-04-23 20:46:40,012 [ genlib ] [ INFO ] Building library files for ASH --> PHE mutant
2026-04-23 20:46:40,012 [ genlib ] [ INFO ] reading rtp file "aminoacids.rtp"
2026-04-23 20:46:40,055 [ genlib ] [ INFO ] ENTERED RINGS
2026-04-23 20:46:40,055 [ genlib ] [ INFO ] Making atom pairs
2026-04-23 20:46:40,059 [ genlib ] [ INFO ] Updating bond lists
2026-04-23 20:46:40,059 [ genlib ] [ INFO ] Updating dihedrals
2026-04-23 20:46:40,059 [ genlib ] [ INFO ] Updating impropers
2026-04-23 20:46:40,060 [ genlib ] [ INFO ] Building library files for ASH --> PRO mutant
2026-04-23 20:46:40,060 [ genlib ] [ INFO ] reading rtp file "aminoacids.rtp"
2026-04-23 20:46:40,103 [ genlib ] [ INFO ] ENTERED P
2026-04-23 20:46:40,103 [ genlib ] [ INFO ] Making atom pairs
2026-04-23 20:46:40,106 [ genlib ] [ INFO ] Updating bond lists
2026-04-23 20:46:40,106 [ genlib ] [ INFO ] Updating dihedrals
2026-04-23 20:46:40,106 [ genlib ] [ INFO ] Updating impropers
2026-04-23 20:46:40,106 [ genlib ] [ INFO ] Building library files for ASH --> SER mutant
2026-04-23 20:46:40,107 [ genlib ] [ INFO ] reading rtp file "aminoacids.rtp"
2026-04-23 20:46:40,150 [ genlib ] [ INFO ] ENTERED SIMPLE
2026-04-23 20:46:40,150 [ genlib ] [ INFO ] Making atom pairs
2026-04-23 20:46:40,150 [ genlib ] [ INFO ] Searching branch 1
2026-04-23 20:46:40,150 [ genlib ] [ INFO ] Searching order 2
2026-04-23 20:46:40,150 [ genlib ] [ INFO ] Checking atom 1HB
2026-04-23 20:46:40,150 [ genlib ] [ INFO ] Define atom pair: ASH|1HB|HC|H         - > SER|1HB|H1|H         (d = 0.13 A)
2026-04-23 20:46:40,150 [ genlib ] [ INFO ] Checking atom 2HB
2026-04-23 20:46:40,150 [ genlib ] [ INFO ] Define atom pair: ASH|2HB|HC|H         - > SER|2HB|H1|H         (d = 0.12 A)
2026-04-23 20:46:40,150 [ genlib ] [ INFO ] Checking atom CG
2026-04-23 20:46:40,150 [ genlib ] [ INFO ] Define atom pair: ASH|CG|C|C.2         - > SER|OG|OH|O.3        (d = 0.13 A)
2026-04-23 20:46:40,150 [ genlib ] [ INFO ] Searching order 3
2026-04-23 20:46:40,150 [ genlib ] [ INFO ] Checking atom OD1
2026-04-23 20:46:40,150 [ genlib ] [ INFO ] Define atom pair: ASH|OD1|O|O.co2      - > SER|HG|HO|H          (d = 0.42 A)
2026-04-23 20:46:40,150 [ genlib ] [ INFO ] Checking atom OD2
2026-04-23 20:46:40,150 [ genlib ] [ INFO ] No partner found for atom OD2
2026-04-23 20:46:40,150 [ genlib ] [ INFO ] Searching order 4
2026-04-23 20:46:40,150 [ genlib ] [ INFO ] Searching order 5
2026-04-23 20:46:40,150 [ genlib ] [ INFO ] Searching order 6
2026-04-23 20:46:40,150 [ genlib ] [ INFO ] Searching order 7
2026-04-23 20:46:40,150 [ genlib ] [ INFO ] Searching branch 2
2026-04-23 20:46:40,150 [ genlib ] [ INFO ] Searching order 2
2026-04-23 20:46:40,150 [ genlib ] [ INFO ] Searching order 3
2026-04-23 20:46:40,150 [ genlib ] [ INFO ] Checking atom OD2
2026-04-23 20:46:40,150 [ genlib ] [ INFO ] No partner found for atom OD2
2026-04-23 20:46:40,150 [ genlib ] [ INFO ] Searching order 4
2026-04-23 20:46:40,150 [ genlib ] [ INFO ] Searching order 5
2026-04-23 20:46:40,150 [ genlib ] [ INFO ] Searching order 6
2026-04-23 20:46:40,150 [ genlib ] [ INFO ] Searching order 7
2026-04-23 20:46:40,151 [ genlib ] [ INFO ] Updating bond lists
2026-04-23 20:46:40,151 [ genlib ] [ INFO ] Updating dihedrals
2026-04-23 20:46:40,151 [ genlib ] [ INFO ] Updating impropers
2026-04-23 20:46:40,151 [ genlib ] [ INFO ] Building library files for ASH --> THR mutant
2026-04-23 20:46:40,151 [ genlib ] [ INFO ] reading rtp file "aminoacids.rtp"
2026-04-23 20:46:40,194 [ genlib ] [ INFO ] ENTERED SIMPLE
2026-04-23 20:46:40,194 [ genlib ] [ INFO ] Making atom pairs
2026-04-23 20:46:40,194 [ genlib ] [ INFO ] Searching branch 1
2026-04-23 20:46:40,194 [ genlib ] [ INFO ] Searching order 2
2026-04-23 20:46:40,194 [ genlib ] [ INFO ] Checking atom 1HB
2026-04-23 20:46:40,194 [ genlib ] [ INFO ] Define atom pair: ASH|1HB|HC|H         - > THR|HB|H1|H          (d = 0.11 A)
2026-04-23 20:46:40,194 [ genlib ] [ INFO ] Checking atom 2HB
2026-04-23 20:46:40,194 [ genlib ] [ INFO ] No partner found for atom 2HB
2026-04-23 20:46:40,194 [ genlib ] [ INFO ] Checking atom CG
2026-04-23 20:46:40,194 [ genlib ] [ INFO ] Define atom pair: ASH|CG|C|C.2         - > THR|OG1|OH|O.3       (d = 0.15 A)
2026-04-23 20:46:40,194 [ genlib ] [ INFO ] Searching order 3
2026-04-23 20:46:40,194 [ genlib ] [ INFO ] Checking atom OD1
2026-04-23 20:46:40,194 [ genlib ] [ INFO ] Define atom pair: ASH|OD1|O|O.co2      - > THR|HG1|HO|H         (d = 0.48 A)
2026-04-23 20:46:40,194 [ genlib ] [ INFO ] Checking atom OD2
2026-04-23 20:46:40,194 [ genlib ] [ INFO ] No partner found for atom OD2
2026-04-23 20:46:40,194 [ genlib ] [ INFO ] Searching order 4
2026-04-23 20:46:40,194 [ genlib ] [ INFO ] Searching order 5
2026-04-23 20:46:40,194 [ genlib ] [ INFO ] Searching order 6
2026-04-23 20:46:40,194 [ genlib ] [ INFO ] Searching order 7
2026-04-23 20:46:40,194 [ genlib ] [ INFO ] Searching branch 2
2026-04-23 20:46:40,194 [ genlib ] [ INFO ] Searching order 2
2026-04-23 20:46:40,194 [ genlib ] [ INFO ] Checking atom 2HB
2026-04-23 20:46:40,194 [ genlib ] [ INFO ] No partner found for atom 2HB
2026-04-23 20:46:40,194 [ genlib ] [ INFO ] Searching order 3
2026-04-23 20:46:40,194 [ genlib ] [ INFO ] Checking atom OD2
2026-04-23 20:46:40,194 [ genlib ] [ INFO ] No partner found for atom OD2
2026-04-23 20:46:40,194 [ genlib ] [ INFO ] Searching order 4
2026-04-23 20:46:40,194 [ genlib ] [ INFO ] Searching order 5
2026-04-23 20:46:40,194 [ genlib ] [ INFO ] Searching order 6
2026-04-23 20:46:40,194 [ genlib ] [ INFO ] Searching order 7
2026-04-23 20:46:40,196 [ genlib ] [ INFO ] Updating bond lists
2026-04-23 20:46:40,196 [ genlib ] [ INFO ] Updating dihedrals
2026-04-23 20:46:40,196 [ genlib ] [ INFO ] Updating impropers
2026-04-23 20:46:40,197 [ genlib ] [ INFO ] Building library files for ASH --> TRP mutant
2026-04-23 20:46:40,197 [ genlib ] [ INFO ] reading rtp file "aminoacids.rtp"
2026-04-23 20:46:40,241 [ genlib ] [ INFO ] ENTERED RINGS
2026-04-23 20:46:40,241 [ genlib ] [ INFO ] Making atom pairs
2026-04-23 20:46:40,248 [ genlib ] [ INFO ] Updating bond lists
2026-04-23 20:46:40,248 [ genlib ] [ INFO ] Updating dihedrals
2026-04-23 20:46:40,248 [ genlib ] [ INFO ] Updating impropers
2026-04-23 20:46:40,248 [ genlib ] [ INFO ] Building library files for ASH --> TYR mutant
2026-04-23 20:46:40,249 [ genlib ] [ INFO ] reading rtp file "aminoacids.rtp"
2026-04-23 20:46:40,293 [ genlib ] [ INFO ] ENTERED RINGS
2026-04-23 20:46:40,293 [ genlib ] [ INFO ] Making atom pairs
2026-04-23 20:46:40,298 [ genlib ] [ INFO ] Updating bond lists
2026-04-23 20:46:40,298 [ genlib ] [ INFO ] Updating dihedrals
2026-04-23 20:46:40,298 [ genlib ] [ INFO ] Updating impropers
2026-04-23 20:46:40,298 [ genlib ] [ INFO ] Building library files for ASH --> VAL mutant
2026-04-23 20:46:40,299 [ genlib ] [ INFO ] reading rtp file "aminoacids.rtp"
2026-04-23 20:46:40,342 [ genlib ] [ INFO ] ENTERED SIMPLE
2026-04-23 20:46:40,342 [ genlib ] [ INFO ] Making atom pairs
2026-04-23 20:46:40,342 [ genlib ] [ INFO ] Searching branch 1
2026-04-23 20:46:40,342 [ genlib ] [ INFO ] Searching order 2
2026-04-23 20:46:40,342 [ genlib ] [ INFO ] Checking atom 1HB
2026-04-23 20:46:40,342 [ genlib ] [ INFO ] Define atom pair: ASH|1HB|HC|H         - > VAL|HB|HC|H          (d = 0.18 A)
2026-04-23 20:46:40,342 [ genlib ] [ INFO ] Checking atom 2HB
2026-04-23 20:46:40,342 [ genlib ] [ INFO ] No partner found for atom 2HB
2026-04-23 20:46:40,342 [ genlib ] [ INFO ] Checking atom CG
2026-04-23 20:46:40,342 [ genlib ] [ INFO ] Define atom pair: ASH|CG|C|C.2         - > VAL|CG2|CT|C.3       (d = 0.06 A)
2026-04-23 20:46:40,342 [ genlib ] [ INFO ] Searching order 3
2026-04-23 20:46:40,342 [ genlib ] [ INFO ] Checking atom OD1
2026-04-23 20:46:40,342 [ genlib ] [ INFO ] Define atom pair: ASH|OD1|O|O.co2      - > VAL|1HG2|HC|H        (d = 0.19 A)
2026-04-23 20:46:40,342 [ genlib ] [ INFO ] Checking atom OD2
2026-04-23 20:46:40,342 [ genlib ] [ INFO ] No partner found for atom OD2
2026-04-23 20:46:40,342 [ genlib ] [ INFO ] Searching order 4
2026-04-23 20:46:40,342 [ genlib ] [ INFO ] Searching order 5
2026-04-23 20:46:40,342 [ genlib ] [ INFO ] Searching order 6
2026-04-23 20:46:40,342 [ genlib ] [ INFO ] Searching order 7
2026-04-23 20:46:40,342 [ genlib ] [ INFO ] Searching branch 2
2026-04-23 20:46:40,342 [ genlib ] [ INFO ] Searching order 2
2026-04-23 20:46:40,342 [ genlib ] [ INFO ] Checking atom 2HB
2026-04-23 20:46:40,342 [ genlib ] [ INFO ] No partner found for atom 2HB
2026-04-23 20:46:40,342 [ genlib ] [ INFO ] Searching order 3
2026-04-23 20:46:40,342 [ genlib ] [ INFO ] Checking atom OD2
2026-04-23 20:46:40,342 [ genlib ] [ INFO ] No partner found for atom OD2
2026-04-23 20:46:40,342 [ genlib ] [ INFO ] Searching order 4
2026-04-23 20:46:40,342 [ genlib ] [ INFO ] Searching order 5
2026-04-23 20:46:40,342 [ genlib ] [ INFO ] Searching order 6
2026-04-23 20:46:40,342 [ genlib ] [ INFO ] Searching order 7
2026-04-23 20:46:40,345 [ genlib ] [ INFO ] Updating bond lists
2026-04-23 20:46:40,345 [ genlib ] [ INFO ] Updating dihedrals
2026-04-23 20:46:40,345 [ genlib ] [ INFO ] Updating impropers
2026-04-23 20:46:40,345 [ genlib ] [ INFO ] Building library files for ASN --> ALA mutant
2026-04-23 20:46:40,345 [ genlib ] [ INFO ] reading rtp file "aminoacids.rtp"
2026-04-23 20:46:40,399 [ genlib ] [ INFO ] ENTERED SIMPLE
2026-04-23 20:46:40,399 [ genlib ] [ INFO ] Making atom pairs
2026-04-23 20:46:40,399 [ genlib ] [ INFO ] Searching branch 1
2026-04-23 20:46:40,399 [ genlib ] [ INFO ] Searching order 2
2026-04-23 20:46:40,400 [ genlib ] [ INFO ] Checking atom 1HB
2026-04-23 20:46:40,400 [ genlib ] [ INFO ] Define atom pair: ASN|1HB|HC|H         - > ALA|2HB|HC|H         (d = 0.13 A)
2026-04-23 20:46:40,400 [ genlib ] [ INFO ] Checking atom 2HB
2026-04-23 20:46:40,400 [ genlib ] [ INFO ] Define atom pair: ASN|2HB|HC|H         - > ALA|3HB|HC|H         (d = 0.11 A)
2026-04-23 20:46:40,400 [ genlib ] [ INFO ] Checking atom CG
2026-04-23 20:46:40,400 [ genlib ] [ INFO ] Define atom pair: ASN|CG|C|C.2         - > ALA|1HB|HC|H         (d = 0.50 A)
2026-04-23 20:46:40,400 [ genlib ] [ INFO ] Searching order 3
2026-04-23 20:46:40,400 [ genlib ] [ INFO ] Checking atom OD1
2026-04-23 20:46:40,400 [ genlib ] [ INFO ] No partner found for atom OD1
2026-04-23 20:46:40,400 [ genlib ] [ INFO ] Checking atom ND2
2026-04-23 20:46:40,400 [ genlib ] [ INFO ] No partner found for atom ND2
2026-04-23 20:46:40,400 [ genlib ] [ INFO ] Searching order 4
2026-04-23 20:46:40,400 [ genlib ] [ INFO ] Searching order 5
2026-04-23 20:46:40,400 [ genlib ] [ INFO ] Searching order 6
2026-04-23 20:46:40,400 [ genlib ] [ INFO ] Searching order 7
2026-04-23 20:46:40,400 [ genlib ] [ INFO ] Searching branch 2
2026-04-23 20:46:40,400 [ genlib ] [ INFO ] Searching order 2
2026-04-23 20:46:40,400 [ genlib ] [ INFO ] Searching order 3
2026-04-23 20:46:40,400 [ genlib ] [ INFO ] Checking atom OD1
2026-04-23 20:46:40,400 [ genlib ] [ INFO ] No partner found for atom OD1
2026-04-23 20:46:40,400 [ genlib ] [ INFO ] Checking atom ND2
2026-04-23 20:46:40,400 [ genlib ] [ INFO ] No partner found for atom ND2
2026-04-23 20:46:40,400 [ genlib ] [ INFO ] Searching order 4
2026-04-23 20:46:40,400 [ genlib ] [ INFO ] Searching order 5
2026-04-23 20:46:40,400 [ genlib ] [ INFO ] Searching order 6
2026-04-23 20:46:40,400 [ genlib ] [ INFO ] Searching order 7
2026-04-23 20:46:40,400 [ genlib ] [ INFO ] Updating bond lists
2026-04-23 20:46:40,400 [ genlib ] [ INFO ] Updating dihedrals
2026-04-23 20:46:40,400 [ genlib ] [ INFO ] Updating impropers
2026-04-23 20:46:40,401 [ genlib ] [ INFO ] Building library files for ASN --> ARG mutant
2026-04-23 20:46:40,401 [ genlib ] [ INFO ] reading rtp file "aminoacids.rtp"
2026-04-23 20:46:40,447 [ genlib ] [ INFO ] ENTERED SIMPLE
2026-04-23 20:46:40,447 [ genlib ] [ INFO ] Making atom pairs
2026-04-23 20:46:40,447 [ genlib ] [ INFO ] Searching branch 1
2026-04-23 20:46:40,447 [ genlib ] [ INFO ] Searching order 2
2026-04-23 20:46:40,447 [ genlib ] [ INFO ] Checking atom 1HB
2026-04-23 20:46:40,447 [ genlib ] [ INFO ] Define atom pair: ASN|1HB|HC|H         - > ARG|1HB|HC|H         (d = 0.17 A)
2026-04-23 20:46:40,447 [ genlib ] [ INFO ] Checking atom 2HB
2026-04-23 20:46:40,447 [ genlib ] [ INFO ] Define atom pair: ASN|2HB|HC|H         - > ARG|2HB|HC|H         (d = 0.17 A)
2026-04-23 20:46:40,447 [ genlib ] [ INFO ] Checking atom CG
2026-04-23 20:46:40,447 [ genlib ] [ INFO ] Define atom pair: ASN|CG|C|C.2         - > ARG|CG|C8|C.3        (d = 0.18 A)
2026-04-23 20:46:40,447 [ genlib ] [ INFO ] Searching order 3
2026-04-23 20:46:40,447 [ genlib ] [ INFO ] Checking atom OD1
2026-04-23 20:46:40,447 [ genlib ] [ INFO ] Define atom pair: ASN|OD1|O|O.2        - > ARG|CD|C8|C.3        (d = 0.26 A)
2026-04-23 20:46:40,447 [ genlib ] [ INFO ] Checking atom ND2
2026-04-23 20:46:40,447 [ genlib ] [ INFO ] No partner found for atom ND2
2026-04-23 20:46:40,447 [ genlib ] [ INFO ] Searching order 4
2026-04-23 20:46:40,447 [ genlib ] [ INFO ] Searching order 5
2026-04-23 20:46:40,447 [ genlib ] [ INFO ] Searching order 6
2026-04-23 20:46:40,447 [ genlib ] [ INFO ] Searching order 7
2026-04-23 20:46:40,447 [ genlib ] [ INFO ] Searching branch 2
2026-04-23 20:46:40,447 [ genlib ] [ INFO ] Searching order 2
2026-04-23 20:46:40,447 [ genlib ] [ INFO ] Searching order 3
2026-04-23 20:46:40,447 [ genlib ] [ INFO ] Checking atom ND2
2026-04-23 20:46:40,447 [ genlib ] [ INFO ] No partner found for atom ND2
2026-04-23 20:46:40,447 [ genlib ] [ INFO ] Searching order 4
2026-04-23 20:46:40,447 [ genlib ] [ INFO ] Searching order 5
2026-04-23 20:46:40,447 [ genlib ] [ INFO ] Searching order 6
2026-04-23 20:46:40,447 [ genlib ] [ INFO ] Searching order 7
2026-04-23 20:46:40,455 [ genlib ] [ INFO ] Updating bond lists
2026-04-23 20:46:40,455 [ genlib ] [ INFO ] Updating dihedrals
2026-04-23 20:46:40,455 [ genlib ] [ INFO ] Updating impropers
2026-04-23 20:46:40,455 [ genlib ] [ INFO ] Building library files for ASN --> ASH mutant
2026-04-23 20:46:40,456 [ genlib ] [ INFO ] reading rtp file "aminoacids.rtp"
2026-04-23 20:46:40,499 [ genlib ] [ INFO ] ENTERED SIMPLE
2026-04-23 20:46:40,499 [ genlib ] [ INFO ] Making atom pairs
2026-04-23 20:46:40,499 [ genlib ] [ INFO ] Searching branch 1
2026-04-23 20:46:40,499 [ genlib ] [ INFO ] Searching order 2
2026-04-23 20:46:40,499 [ genlib ] [ INFO ] Checking atom 1HB
2026-04-23 20:46:40,499 [ genlib ] [ INFO ] Define atom pair: ASN|1HB|HC|H         - > ASH|1HB|HC|H         (d = 0.12 A)
2026-04-23 20:46:40,499 [ genlib ] [ INFO ] Checking atom 2HB
2026-04-23 20:46:40,499 [ genlib ] [ INFO ] Define atom pair: ASN|2HB|HC|H         - > ASH|2HB|HC|H         (d = 0.13 A)
2026-04-23 20:46:40,499 [ genlib ] [ INFO ] Checking atom CG
2026-04-23 20:46:40,499 [ genlib ] [ INFO ] Define atom pair: ASN|CG|C|C.2         - > ASH|CG|C|C.2         (d = 0.08 A)
2026-04-23 20:46:40,500 [ genlib ] [ INFO ] Searching order 3
2026-04-23 20:46:40,500 [ genlib ] [ INFO ] Checking atom OD1
2026-04-23 20:46:40,500 [ genlib ] [ INFO ] Define atom pair: ASN|OD1|O|O.2        - > ASH|OD1|O|O.co2      (d = 0.09 A)
2026-04-23 20:46:40,500 [ genlib ] [ INFO ] Checking atom ND2
2026-04-23 20:46:40,500 [ genlib ] [ INFO ] Define atom pair: ASN|ND2|N|N.am       - > ASH|OD2|OH|O.co2     (d = 0.10 A)
2026-04-23 20:46:40,500 [ genlib ] [ INFO ] Searching order 4
2026-04-23 20:46:40,500 [ genlib ] [ INFO ] Checking atom 1HD2
2026-04-23 20:46:40,500 [ genlib ] [ INFO ] No partner found for atom 1HD2
2026-04-23 20:46:40,500 [ genlib ] [ INFO ] Checking atom 2HD2
2026-04-23 20:46:40,500 [ genlib ] [ INFO ] Define atom pair: ASN|2HD2|H|H         - > ASH|HD2|HO|H         (d = 0.19 A)
2026-04-23 20:46:40,500 [ genlib ] [ INFO ] Searching order 5
2026-04-23 20:46:40,500 [ genlib ] [ INFO ] Searching order 6
2026-04-23 20:46:40,500 [ genlib ] [ INFO ] Searching order 7
2026-04-23 20:46:40,500 [ genlib ] [ INFO ] Searching branch 2
2026-04-23 20:46:40,500 [ genlib ] [ INFO ] Searching order 2
2026-04-23 20:46:40,500 [ genlib ] [ INFO ] Searching order 3
2026-04-23 20:46:40,500 [ genlib ] [ INFO ] Searching order 4
2026-04-23 20:46:40,500 [ genlib ] [ INFO ] Checking atom 1HD2
2026-04-23 20:46:40,500 [ genlib ] [ INFO ] No partner found for atom 1HD2
2026-04-23 20:46:40,500 [ genlib ] [ INFO ] Searching order 5
2026-04-23 20:46:40,500 [ genlib ] [ INFO ] Searching order 6
2026-04-23 20:46:40,500 [ genlib ] [ INFO ] Searching order 7
2026-04-23 20:46:40,500 [ genlib ] [ INFO ] Updating bond lists
2026-04-23 20:46:40,500 [ genlib ] [ INFO ] Updating dihedrals
2026-04-23 20:46:40,500 [ genlib ] [ INFO ] Updating impropers
2026-04-23 20:46:40,500 [ genlib ] [ WARNING ] undefined
2026-04-23 20:46:40,500 [ genlib ] [ WARNING ] undefined
2026-04-23 20:46:40,500 [ genlib ] [ INFO ] Building library files for ASN --> ASP mutant
2026-04-23 20:46:40,501 [ genlib ] [ INFO ] reading rtp file "aminoacids.rtp"
2026-04-23 20:46:40,545 [ genlib ] [ INFO ] ENTERED SIMPLE
2026-04-23 20:46:40,545 [ genlib ] [ INFO ] Making atom pairs
2026-04-23 20:46:40,545 [ genlib ] [ INFO ] Searching branch 1
2026-04-23 20:46:40,545 [ genlib ] [ INFO ] Searching order 2
2026-04-23 20:46:40,545 [ genlib ] [ INFO ] Checking atom 1HB
2026-04-23 20:46:40,545 [ genlib ] [ INFO ] Define atom pair: ASN|1HB|HC|H         - > ASP|1HB|HC|H         (d = 0.08 A)
2026-04-23 20:46:40,545 [ genlib ] [ INFO ] Checking atom 2HB
2026-04-23 20:46:40,545 [ genlib ] [ INFO ] Define atom pair: ASN|2HB|HC|H         - > ASP|2HB|HC|H         (d = 0.06 A)
2026-04-23 20:46:40,545 [ genlib ] [ INFO ] Checking atom CG
2026-04-23 20:46:40,545 [ genlib ] [ INFO ] Define atom pair: ASN|CG|C|C.2         - > ASP|CG|CO|C.2        (d = 0.08 A)
2026-04-23 20:46:40,545 [ genlib ] [ INFO ] Searching order 3
2026-04-23 20:46:40,545 [ genlib ] [ INFO ] Checking atom OD1
2026-04-23 20:46:40,545 [ genlib ] [ INFO ] Define atom pair: ASN|OD1|O|O.2        - > ASP|OD1|O2|O.co2     (d = 0.09 A)
2026-04-23 20:46:40,545 [ genlib ] [ INFO ] Checking atom ND2
2026-04-23 20:46:40,545 [ genlib ] [ INFO ] Define atom pair: ASN|ND2|N|N.am       - > ASP|OD2|O2|O.co2     (d = 0.10 A)
2026-04-23 20:46:40,545 [ genlib ] [ INFO ] Searching order 4
2026-04-23 20:46:40,545 [ genlib ] [ INFO ] Checking atom 1HD2
2026-04-23 20:46:40,545 [ genlib ] [ INFO ] No partner found for atom 1HD2
2026-04-23 20:46:40,545 [ genlib ] [ INFO ] Checking atom 2HD2
2026-04-23 20:46:40,545 [ genlib ] [ INFO ] No partner found for atom 2HD2
2026-04-23 20:46:40,545 [ genlib ] [ INFO ] Searching order 5
2026-04-23 20:46:40,545 [ genlib ] [ INFO ] Searching order 6
2026-04-23 20:46:40,545 [ genlib ] [ INFO ] Searching order 7
2026-04-23 20:46:40,545 [ genlib ] [ INFO ] Searching branch 2
2026-04-23 20:46:40,545 [ genlib ] [ INFO ] Searching order 2
2026-04-23 20:46:40,545 [ genlib ] [ INFO ] Searching order 3
2026-04-23 20:46:40,545 [ genlib ] [ INFO ] Searching order 4
2026-04-23 20:46:40,545 [ genlib ] [ INFO ] Checking atom 1HD2
2026-04-23 20:46:40,545 [ genlib ] [ INFO ] No partner found for atom 1HD2
2026-04-23 20:46:40,545 [ genlib ] [ INFO ] Checking atom 2HD2
2026-04-23 20:46:40,545 [ genlib ] [ INFO ] No partner found for atom 2HD2
2026-04-23 20:46:40,545 [ genlib ] [ INFO ] Searching order 5
2026-04-23 20:46:40,545 [ genlib ] [ INFO ] Searching order 6
2026-04-23 20:46:40,545 [ genlib ] [ INFO ] Searching order 7
2026-04-23 20:46:40,545 [ genlib ] [ INFO ] Updating bond lists
2026-04-23 20:46:40,545 [ genlib ] [ INFO ] Updating dihedrals
2026-04-23 20:46:40,545 [ genlib ] [ INFO ] Updating impropers
2026-04-23 20:46:40,545 [ genlib ] [ WARNING ] undefined
2026-04-23 20:46:40,546 [ genlib ] [ WARNING ] undefined
2026-04-23 20:46:40,546 [ genlib ] [ INFO ] Building library files for ASN --> CYS mutant
2026-04-23 20:46:40,546 [ genlib ] [ INFO ] reading rtp file "aminoacids.rtp"
2026-04-23 20:46:40,589 [ genlib ] [ INFO ] ENTERED SIMPLE
2026-04-23 20:46:40,589 [ genlib ] [ INFO ] Making atom pairs
2026-04-23 20:46:40,589 [ genlib ] [ INFO ] Searching branch 1
2026-04-23 20:46:40,589 [ genlib ] [ INFO ] Searching order 2
2026-04-23 20:46:40,589 [ genlib ] [ INFO ] Checking atom 1HB
2026-04-23 20:46:40,589 [ genlib ] [ INFO ] Define atom pair: ASN|1HB|HC|H         - > CYS|1HB|H1|H         (d = 0.13 A)
2026-04-23 20:46:40,589 [ genlib ] [ INFO ] Checking atom 2HB
2026-04-23 20:46:40,589 [ genlib ] [ INFO ] Define atom pair: ASN|2HB|HC|H         - > CYS|2HB|H1|H         (d = 0.13 A)
2026-04-23 20:46:40,589 [ genlib ] [ INFO ] Checking atom CG
2026-04-23 20:46:40,589 [ genlib ] [ INFO ] Define atom pair: ASN|CG|C|C.2         - > CYS|SG|SH|S.3        (d = 0.27 A)
2026-04-23 20:46:40,589 [ genlib ] [ INFO ] Searching order 3
2026-04-23 20:46:40,589 [ genlib ] [ INFO ] Checking atom OD1
2026-04-23 20:46:40,589 [ genlib ] [ INFO ] Define atom pair: ASN|OD1|O|O.2        - > CYS|HG|HS|H          (d = 0.29 A)
2026-04-23 20:46:40,589 [ genlib ] [ INFO ] Checking atom ND2
2026-04-23 20:46:40,589 [ genlib ] [ INFO ] No partner found for atom ND2
2026-04-23 20:46:40,589 [ genlib ] [ INFO ] Searching order 4
2026-04-23 20:46:40,589 [ genlib ] [ INFO ] Searching order 5
2026-04-23 20:46:40,589 [ genlib ] [ INFO ] Searching order 6
2026-04-23 20:46:40,589 [ genlib ] [ INFO ] Searching order 7
2026-04-23 20:46:40,589 [ genlib ] [ INFO ] Searching branch 2
2026-04-23 20:46:40,589 [ genlib ] [ INFO ] Searching order 2
2026-04-23 20:46:40,589 [ genlib ] [ INFO ] Searching order 3
2026-04-23 20:46:40,589 [ genlib ] [ INFO ] Checking atom ND2
2026-04-23 20:46:40,589 [ genlib ] [ INFO ] No partner found for atom ND2
2026-04-23 20:46:40,589 [ genlib ] [ INFO ] Searching order 4
2026-04-23 20:46:40,589 [ genlib ] [ INFO ] Searching order 5
2026-04-23 20:46:40,589 [ genlib ] [ INFO ] Searching order 6
2026-04-23 20:46:40,589 [ genlib ] [ INFO ] Searching order 7
2026-04-23 20:46:40,590 [ genlib ] [ INFO ] Updating bond lists
2026-04-23 20:46:40,590 [ genlib ] [ INFO ] Updating dihedrals
2026-04-23 20:46:40,590 [ genlib ] [ INFO ] Updating impropers
2026-04-23 20:46:40,590 [ genlib ] [ INFO ] Building library files for ASN --> GLH mutant
2026-04-23 20:46:40,591 [ genlib ] [ INFO ] reading rtp file "aminoacids.rtp"
2026-04-23 20:46:40,634 [ genlib ] [ INFO ] ENTERED SIMPLE
2026-04-23 20:46:40,634 [ genlib ] [ INFO ] Making atom pairs
2026-04-23 20:46:40,634 [ genlib ] [ INFO ] Searching branch 1
2026-04-23 20:46:40,634 [ genlib ] [ INFO ] Searching order 2
2026-04-23 20:46:40,634 [ genlib ] [ INFO ] Checking atom 1HB
2026-04-23 20:46:40,634 [ genlib ] [ INFO ] Define atom pair: ASN|1HB|HC|H         - > GLH|1HB|HC|H         (d = 0.20 A)
2026-04-23 20:46:40,634 [ genlib ] [ INFO ] Checking atom 2HB
2026-04-23 20:46:40,634 [ genlib ] [ INFO ] Define atom pair: ASN|2HB|HC|H         - > GLH|2HB|HC|H         (d = 0.19 A)
2026-04-23 20:46:40,634 [ genlib ] [ INFO ] Checking atom CG
2026-04-23 20:46:40,634 [ genlib ] [ INFO ] Define atom pair: ASN|CG|C|C.2         - > GLH|CG|2C|C.3        (d = 0.12 A)
2026-04-23 20:46:40,634 [ genlib ] [ INFO ] Searching order 3
2026-04-23 20:46:40,634 [ genlib ] [ INFO ] Checking atom OD1
2026-04-23 20:46:40,634 [ genlib ] [ INFO ] Define atom pair: ASN|OD1|O|O.2        - > GLH|CD|C|C.2         (d = 0.32 A)
2026-04-23 20:46:40,634 [ genlib ] [ INFO ] Checking atom ND2
2026-04-23 20:46:40,634 [ genlib ] [ INFO ] No partner found for atom ND2
2026-04-23 20:46:40,634 [ genlib ] [ INFO ] Searching order 4
2026-04-23 20:46:40,634 [ genlib ] [ INFO ] Searching order 5
2026-04-23 20:46:40,634 [ genlib ] [ INFO ] Searching order 6
2026-04-23 20:46:40,634 [ genlib ] [ INFO ] Searching order 7
2026-04-23 20:46:40,634 [ genlib ] [ INFO ] Searching branch 2
2026-04-23 20:46:40,634 [ genlib ] [ INFO ] Searching order 2
2026-04-23 20:46:40,634 [ genlib ] [ INFO ] Searching order 3
2026-04-23 20:46:40,634 [ genlib ] [ INFO ] Checking atom ND2
2026-04-23 20:46:40,634 [ genlib ] [ INFO ] No partner found for atom ND2
2026-04-23 20:46:40,634 [ genlib ] [ INFO ] Searching order 4
2026-04-23 20:46:40,634 [ genlib ] [ INFO ] Searching order 5
2026-04-23 20:46:40,634 [ genlib ] [ INFO ] Searching order 6
2026-04-23 20:46:40,634 [ genlib ] [ INFO ] Searching order 7
2026-04-23 20:46:40,636 [ genlib ] [ INFO ] Updating bond lists
2026-04-23 20:46:40,636 [ genlib ] [ INFO ] Updating dihedrals
2026-04-23 20:46:40,636 [ genlib ] [ INFO ] Updating impropers
2026-04-23 20:46:40,636 [ genlib ] [ INFO ] Building library files for ASN --> GLN mutant
2026-04-23 20:46:40,637 [ genlib ] [ INFO ] reading rtp file "aminoacids.rtp"
2026-04-23 20:46:40,682 [ genlib ] [ INFO ] ENTERED SIMPLE
2026-04-23 20:46:40,682 [ genlib ] [ INFO ] Making atom pairs
2026-04-23 20:46:40,682 [ genlib ] [ INFO ] Searching branch 1
2026-04-23 20:46:40,682 [ genlib ] [ INFO ] Searching order 2
2026-04-23 20:46:40,682 [ genlib ] [ INFO ] Checking atom 1HB
2026-04-23 20:46:40,682 [ genlib ] [ INFO ] Define atom pair: ASN|1HB|HC|H         - > GLN|1HB|HC|H         (d = 0.16 A)
2026-04-23 20:46:40,682 [ genlib ] [ INFO ] Checking atom 2HB
2026-04-23 20:46:40,682 [ genlib ] [ INFO ] Define atom pair: ASN|2HB|HC|H         - > GLN|2HB|HC|H         (d = 0.14 A)
2026-04-23 20:46:40,682 [ genlib ] [ INFO ] Checking atom CG
2026-04-23 20:46:40,682 [ genlib ] [ INFO ] Define atom pair: ASN|CG|C|C.2         - > GLN|CG|2C|C.3        (d = 0.13 A)
2026-04-23 20:46:40,682 [ genlib ] [ INFO ] Searching order 3
2026-04-23 20:46:40,682 [ genlib ] [ INFO ] Checking atom OD1
2026-04-23 20:46:40,682 [ genlib ] [ INFO ] Define atom pair: ASN|OD1|O|O.2        - > GLN|CD|C|C.2         (d = 0.22 A)
2026-04-23 20:46:40,682 [ genlib ] [ INFO ] Checking atom ND2
2026-04-23 20:46:40,682 [ genlib ] [ INFO ] No partner found for atom ND2
2026-04-23 20:46:40,682 [ genlib ] [ INFO ] Searching order 4
2026-04-23 20:46:40,682 [ genlib ] [ INFO ] Searching order 5
2026-04-23 20:46:40,682 [ genlib ] [ INFO ] Searching order 6
2026-04-23 20:46:40,682 [ genlib ] [ INFO ] Searching order 7
2026-04-23 20:46:40,682 [ genlib ] [ INFO ] Searching branch 2
2026-04-23 20:46:40,682 [ genlib ] [ INFO ] Searching order 2
2026-04-23 20:46:40,682 [ genlib ] [ INFO ] Searching order 3
2026-04-23 20:46:40,682 [ genlib ] [ INFO ] Checking atom ND2
2026-04-23 20:46:40,682 [ genlib ] [ INFO ] No partner found for atom ND2
2026-04-23 20:46:40,682 [ genlib ] [ INFO ] Searching order 4
2026-04-23 20:46:40,682 [ genlib ] [ INFO ] Searching order 5
2026-04-23 20:46:40,682 [ genlib ] [ INFO ] Searching order 6
2026-04-23 20:46:40,682 [ genlib ] [ INFO ] Searching order 7
2026-04-23 20:46:40,684 [ genlib ] [ INFO ] Updating bond lists
2026-04-23 20:46:40,684 [ genlib ] [ INFO ] Updating dihedrals
2026-04-23 20:46:40,684 [ genlib ] [ INFO ] Updating impropers
2026-04-23 20:46:40,685 [ genlib ] [ INFO ] Building library files for ASN --> GLU mutant
2026-04-23 20:46:40,685 [ genlib ] [ INFO ] reading rtp file "aminoacids.rtp"
2026-04-23 20:46:40,730 [ genlib ] [ INFO ] ENTERED SIMPLE
2026-04-23 20:46:40,730 [ genlib ] [ INFO ] Making atom pairs
2026-04-23 20:46:40,730 [ genlib ] [ INFO ] Searching branch 1
2026-04-23 20:46:40,730 [ genlib ] [ INFO ] Searching order 2
2026-04-23 20:46:40,730 [ genlib ] [ INFO ] Checking atom 1HB
2026-04-23 20:46:40,730 [ genlib ] [ INFO ] Define atom pair: ASN|1HB|HC|H         - > GLU|1HB|HC|H         (d = 0.18 A)
2026-04-23 20:46:40,730 [ genlib ] [ INFO ] Checking atom 2HB
2026-04-23 20:46:40,730 [ genlib ] [ INFO ] Define atom pair: ASN|2HB|HC|H         - > GLU|2HB|HC|H         (d = 0.14 A)
2026-04-23 20:46:40,730 [ genlib ] [ INFO ] Checking atom CG
2026-04-23 20:46:40,730 [ genlib ] [ INFO ] Define atom pair: ASN|CG|C|C.2         - > GLU|CG|2C|C.3        (d = 0.12 A)
2026-04-23 20:46:40,730 [ genlib ] [ INFO ] Searching order 3
2026-04-23 20:46:40,730 [ genlib ] [ INFO ] Checking atom OD1
2026-04-23 20:46:40,730 [ genlib ] [ INFO ] Define atom pair: ASN|OD1|O|O.2        - > GLU|CD|CO|C.2        (d = 0.31 A)
2026-04-23 20:46:40,730 [ genlib ] [ INFO ] Checking atom ND2
2026-04-23 20:46:40,730 [ genlib ] [ INFO ] No partner found for atom ND2
2026-04-23 20:46:40,730 [ genlib ] [ INFO ] Searching order 4
2026-04-23 20:46:40,730 [ genlib ] [ INFO ] Searching order 5
2026-04-23 20:46:40,730 [ genlib ] [ INFO ] Searching order 6
2026-04-23 20:46:40,730 [ genlib ] [ INFO ] Searching order 7
2026-04-23 20:46:40,730 [ genlib ] [ INFO ] Searching branch 2
2026-04-23 20:46:40,730 [ genlib ] [ INFO ] Searching order 2
2026-04-23 20:46:40,730 [ genlib ] [ INFO ] Searching order 3
2026-04-23 20:46:40,730 [ genlib ] [ INFO ] Checking atom ND2
2026-04-23 20:46:40,730 [ genlib ] [ INFO ] No partner found for atom ND2
2026-04-23 20:46:40,730 [ genlib ] [ INFO ] Searching order 4
2026-04-23 20:46:40,730 [ genlib ] [ INFO ] Searching order 5
2026-04-23 20:46:40,730 [ genlib ] [ INFO ] Searching order 6
2026-04-23 20:46:40,730 [ genlib ] [ INFO ] Searching order 7
2026-04-23 20:46:40,732 [ genlib ] [ INFO ] Updating bond lists
2026-04-23 20:46:40,732 [ genlib ] [ INFO ] Updating dihedrals
2026-04-23 20:46:40,732 [ genlib ] [ INFO ] Updating impropers
2026-04-23 20:46:40,732 [ genlib ] [ INFO ] Building library files for ASN --> GLY mutant
2026-04-23 20:46:40,733 [ genlib ] [ INFO ] reading rtp file "aminoacids.rtp"
2026-04-23 20:46:40,779 [ genlib ] [ INFO ] ENTERED G
2026-04-23 20:46:40,779 [ genlib ] [ INFO ] Making atom pairs
2026-04-23 20:46:40,779 [ genlib ] [ INFO ] Updating bond lists
2026-04-23 20:46:40,779 [ genlib ] [ INFO ] Updating dihedrals
2026-04-23 20:46:40,779 [ genlib ] [ INFO ] Updating impropers
2026-04-23 20:46:40,780 [ genlib ] [ INFO ] Building library files for ASN --> HID mutant
2026-04-23 20:46:40,780 [ genlib ] [ INFO ] reading rtp file "aminoacids.rtp"
2026-04-23 20:46:40,840 [ genlib ] [ INFO ] ENTERED RINGS
2026-04-23 20:46:40,841 [ genlib ] [ INFO ] Making atom pairs
2026-04-23 20:46:40,844 [ genlib ] [ INFO ] Updating bond lists
2026-04-23 20:46:40,844 [ genlib ] [ INFO ] Updating dihedrals
2026-04-23 20:46:40,844 [ genlib ] [ INFO ] Updating impropers
2026-04-23 20:46:40,844 [ genlib ] [ INFO ] Building library files for ASN --> HIE mutant
2026-04-23 20:46:40,845 [ genlib ] [ INFO ] reading rtp file "aminoacids.rtp"
2026-04-23 20:46:40,890 [ genlib ] [ INFO ] ENTERED RINGS
2026-04-23 20:46:40,890 [ genlib ] [ INFO ] Making atom pairs
2026-04-23 20:46:40,893 [ genlib ] [ INFO ] Updating bond lists
2026-04-23 20:46:40,893 [ genlib ] [ INFO ] Updating dihedrals
2026-04-23 20:46:40,893 [ genlib ] [ INFO ] Updating impropers
2026-04-23 20:46:40,894 [ genlib ] [ INFO ] Building library files for ASN --> HIP mutant
2026-04-23 20:46:40,894 [ genlib ] [ INFO ] reading rtp file "aminoacids.rtp"
2026-04-23 20:46:40,939 [ genlib ] [ INFO ] ENTERED RINGS
2026-04-23 20:46:40,939 [ genlib ] [ INFO ] Making atom pairs
2026-04-23 20:46:40,943 [ genlib ] [ INFO ] Updating bond lists
2026-04-23 20:46:40,943 [ genlib ] [ INFO ] Updating dihedrals
2026-04-23 20:46:40,943 [ genlib ] [ INFO ] Updating impropers
2026-04-23 20:46:40,943 [ genlib ] [ INFO ] Building library files for ASN --> ILE mutant
2026-04-23 20:46:40,944 [ genlib ] [ INFO ] reading rtp file "aminoacids.rtp"
2026-04-23 20:46:40,989 [ genlib ] [ INFO ] ENTERED SIMPLE
2026-04-23 20:46:40,989 [ genlib ] [ INFO ] Making atom pairs
2026-04-23 20:46:40,989 [ genlib ] [ INFO ] Searching branch 1
2026-04-23 20:46:40,989 [ genlib ] [ INFO ] Searching order 2
2026-04-23 20:46:40,989 [ genlib ] [ INFO ] Checking atom 1HB
2026-04-23 20:46:40,989 [ genlib ] [ INFO ] Define atom pair: ASN|1HB|HC|H         - > ILE|HB|HC|H          (d = 0.14 A)
2026-04-23 20:46:40,989 [ genlib ] [ INFO ] Checking atom 2HB
2026-04-23 20:46:40,989 [ genlib ] [ INFO ] Define atom pair: ASN|2HB|HC|H         - > ILE|CG2|CT|C.3       (d = 0.45 A)
2026-04-23 20:46:40,989 [ genlib ] [ INFO ] Checking atom CG
2026-04-23 20:46:40,989 [ genlib ] [ INFO ] Define atom pair: ASN|CG|C|C.2         - > ILE|CG1|2C|C.3       (d = 0.06 A)
2026-04-23 20:46:40,989 [ genlib ] [ INFO ] Searching order 3
2026-04-23 20:46:40,989 [ genlib ] [ INFO ] Checking atom OD1
2026-04-23 20:46:40,989 [ genlib ] [ INFO ] Define atom pair: ASN|OD1|O|O.2        - > ILE|CD1|CT|C.3       (d = 0.34 A)
2026-04-23 20:46:40,989 [ genlib ] [ INFO ] Checking atom ND2
2026-04-23 20:46:40,989 [ genlib ] [ INFO ] No partner found for atom ND2
2026-04-23 20:46:40,989 [ genlib ] [ INFO ] Searching order 4
2026-04-23 20:46:40,989 [ genlib ] [ INFO ] Searching order 5
2026-04-23 20:46:40,989 [ genlib ] [ INFO ] Searching order 6
2026-04-23 20:46:40,989 [ genlib ] [ INFO ] Searching order 7
2026-04-23 20:46:40,989 [ genlib ] [ INFO ] Searching branch 2
2026-04-23 20:46:40,989 [ genlib ] [ INFO ] Searching order 2
2026-04-23 20:46:40,989 [ genlib ] [ INFO ] Searching order 3
2026-04-23 20:46:40,989 [ genlib ] [ INFO ] Checking atom ND2
2026-04-23 20:46:40,990 [ genlib ] [ INFO ] No partner found for atom ND2
2026-04-23 20:46:40,990 [ genlib ] [ INFO ] Searching order 4
2026-04-23 20:46:40,990 [ genlib ] [ INFO ] Searching order 5
2026-04-23 20:46:40,990 [ genlib ] [ INFO ] Searching order 6
2026-04-23 20:46:40,990 [ genlib ] [ INFO ] Searching order 7
2026-04-23 20:46:40,993 [ genlib ] [ INFO ] Updating bond lists
2026-04-23 20:46:40,993 [ genlib ] [ INFO ] Updating dihedrals
2026-04-23 20:46:40,993 [ genlib ] [ INFO ] Updating impropers
2026-04-23 20:46:40,993 [ genlib ] [ INFO ] Building library files for ASN --> LEU mutant
2026-04-23 20:46:40,994 [ genlib ] [ INFO ] reading rtp file "aminoacids.rtp"
2026-04-23 20:46:41,038 [ genlib ] [ INFO ] ENTERED SIMPLE
2026-04-23 20:46:41,038 [ genlib ] [ INFO ] Making atom pairs
2026-04-23 20:46:41,038 [ genlib ] [ INFO ] Searching branch 1
2026-04-23 20:46:41,038 [ genlib ] [ INFO ] Searching order 2
2026-04-23 20:46:41,038 [ genlib ] [ INFO ] Checking atom 1HB
2026-04-23 20:46:41,038 [ genlib ] [ INFO ] Define atom pair: ASN|1HB|HC|H         - > LEU|1HB|HC|H         (d = 0.09 A)
2026-04-23 20:46:41,038 [ genlib ] [ INFO ] Checking atom 2HB
2026-04-23 20:46:41,038 [ genlib ] [ INFO ] Define atom pair: ASN|2HB|HC|H         - > LEU|2HB|HC|H         (d = 0.09 A)
2026-04-23 20:46:41,038 [ genlib ] [ INFO ] Checking atom CG
2026-04-23 20:46:41,038 [ genlib ] [ INFO ] Define atom pair: ASN|CG|C|C.2         - > LEU|CG|3C|C.3        (d = 0.11 A)
2026-04-23 20:46:41,039 [ genlib ] [ INFO ] Searching order 3
2026-04-23 20:46:41,039 [ genlib ] [ INFO ] Checking atom OD1
2026-04-23 20:46:41,039 [ genlib ] [ INFO ] Define atom pair: ASN|OD1|O|O.2        - > LEU|CD1|CT|C.3       (d = 0.35 A)
2026-04-23 20:46:41,039 [ genlib ] [ INFO ] Checking atom ND2
2026-04-23 20:46:41,039 [ genlib ] [ INFO ] No partner found for atom ND2
2026-04-23 20:46:41,039 [ genlib ] [ INFO ] Searching order 4
2026-04-23 20:46:41,039 [ genlib ] [ INFO ] Searching order 5
2026-04-23 20:46:41,039 [ genlib ] [ INFO ] Searching order 6
2026-04-23 20:46:41,039 [ genlib ] [ INFO ] Searching order 7
2026-04-23 20:46:41,039 [ genlib ] [ INFO ] Searching branch 2
2026-04-23 20:46:41,039 [ genlib ] [ INFO ] Searching order 2
2026-04-23 20:46:41,039 [ genlib ] [ INFO ] Searching order 3
2026-04-23 20:46:41,039 [ genlib ] [ INFO ] Checking atom ND2
2026-04-23 20:46:41,039 [ genlib ] [ INFO ] No partner found for atom ND2
2026-04-23 20:46:41,039 [ genlib ] [ INFO ] Searching order 4
2026-04-23 20:46:41,039 [ genlib ] [ INFO ] Searching order 5
2026-04-23 20:46:41,039 [ genlib ] [ INFO ] Searching order 6
2026-04-23 20:46:41,039 [ genlib ] [ INFO ] Searching order 7
2026-04-23 20:46:41,042 [ genlib ] [ INFO ] Updating bond lists
2026-04-23 20:46:41,042 [ genlib ] [ INFO ] Updating dihedrals
2026-04-23 20:46:41,042 [ genlib ] [ INFO ] Updating impropers
2026-04-23 20:46:41,043 [ genlib ] [ INFO ] Building library files for ASN --> LYN mutant
2026-04-23 20:46:41,044 [ genlib ] [ INFO ] reading rtp file "aminoacids.rtp"
2026-04-23 20:46:41,088 [ genlib ] [ INFO ] ENTERED SIMPLE
2026-04-23 20:46:41,088 [ genlib ] [ INFO ] Making atom pairs
2026-04-23 20:46:41,088 [ genlib ] [ INFO ] Searching branch 1
2026-04-23 20:46:41,088 [ genlib ] [ INFO ] Searching order 2
2026-04-23 20:46:41,088 [ genlib ] [ INFO ] Checking atom 1HB
2026-04-23 20:46:41,088 [ genlib ] [ INFO ] Define atom pair: ASN|1HB|HC|H         - > LYN|1HB|HC|H         (d = 0.15 A)
2026-04-23 20:46:41,088 [ genlib ] [ INFO ] Checking atom 2HB
2026-04-23 20:46:41,088 [ genlib ] [ INFO ] Define atom pair: ASN|2HB|HC|H         - > LYN|2HB|HC|H         (d = 0.18 A)
2026-04-23 20:46:41,088 [ genlib ] [ INFO ] Checking atom CG
2026-04-23 20:46:41,088 [ genlib ] [ INFO ] Define atom pair: ASN|CG|C|C.2         - > LYN|CG|CT|C.3        (d = 0.17 A)
2026-04-23 20:46:41,088 [ genlib ] [ INFO ] Searching order 3
2026-04-23 20:46:41,088 [ genlib ] [ INFO ] Checking atom OD1
2026-04-23 20:46:41,088 [ genlib ] [ INFO ] Define atom pair: ASN|OD1|O|O.2        - > LYN|CD|CT|C.3        (d = 0.27 A)
2026-04-23 20:46:41,089 [ genlib ] [ INFO ] Checking atom ND2
2026-04-23 20:46:41,089 [ genlib ] [ INFO ] No partner found for atom ND2
2026-04-23 20:46:41,089 [ genlib ] [ INFO ] Searching order 4
2026-04-23 20:46:41,089 [ genlib ] [ INFO ] Searching order 5
2026-04-23 20:46:41,089 [ genlib ] [ INFO ] Searching order 6
2026-04-23 20:46:41,089 [ genlib ] [ INFO ] Searching order 7
2026-04-23 20:46:41,089 [ genlib ] [ INFO ] Searching branch 2
2026-04-23 20:46:41,089 [ genlib ] [ INFO ] Searching order 2
2026-04-23 20:46:41,089 [ genlib ] [ INFO ] Searching order 3
2026-04-23 20:46:41,089 [ genlib ] [ INFO ] Checking atom ND2
2026-04-23 20:46:41,089 [ genlib ] [ INFO ] No partner found for atom ND2
2026-04-23 20:46:41,089 [ genlib ] [ INFO ] Searching order 4
2026-04-23 20:46:41,089 [ genlib ] [ INFO ] Searching order 5
2026-04-23 20:46:41,089 [ genlib ] [ INFO ] Searching order 6
2026-04-23 20:46:41,089 [ genlib ] [ INFO ] Searching order 7
2026-04-23 20:46:41,094 [ genlib ] [ INFO ] Updating bond lists
2026-04-23 20:46:41,094 [ genlib ] [ INFO ] Updating dihedrals
2026-04-23 20:46:41,094 [ genlib ] [ INFO ] Updating impropers
2026-04-23 20:46:41,094 [ genlib ] [ INFO ] Building library files for ASN --> LYS mutant
2026-04-23 20:46:41,095 [ genlib ] [ INFO ] reading rtp file "aminoacids.rtp"
2026-04-23 20:46:41,140 [ genlib ] [ INFO ] ENTERED SIMPLE
2026-04-23 20:46:41,140 [ genlib ] [ INFO ] Making atom pairs
2026-04-23 20:46:41,140 [ genlib ] [ INFO ] Searching branch 1
2026-04-23 20:46:41,140 [ genlib ] [ INFO ] Searching order 2
2026-04-23 20:46:41,140 [ genlib ] [ INFO ] Checking atom 1HB
2026-04-23 20:46:41,140 [ genlib ] [ INFO ] Define atom pair: ASN|1HB|HC|H         - > LYS|1HB|HC|H         (d = 0.18 A)
2026-04-23 20:46:41,140 [ genlib ] [ INFO ] Checking atom 2HB
2026-04-23 20:46:41,140 [ genlib ] [ INFO ] Define atom pair: ASN|2HB|HC|H         - > LYS|2HB|HC|H         (d = 0.17 A)
2026-04-23 20:46:41,140 [ genlib ] [ INFO ] Checking atom CG
2026-04-23 20:46:41,140 [ genlib ] [ INFO ] Define atom pair: ASN|CG|C|C.2         - > LYS|CG|C8|C.3        (d = 0.17 A)
2026-04-23 20:46:41,140 [ genlib ] [ INFO ] Searching order 3
2026-04-23 20:46:41,140 [ genlib ] [ INFO ] Checking atom OD1
2026-04-23 20:46:41,140 [ genlib ] [ INFO ] Define atom pair: ASN|OD1|O|O.2        - > LYS|CD|C8|C.3        (d = 0.25 A)
2026-04-23 20:46:41,140 [ genlib ] [ INFO ] Checking atom ND2
2026-04-23 20:46:41,140 [ genlib ] [ INFO ] No partner found for atom ND2
2026-04-23 20:46:41,140 [ genlib ] [ INFO ] Searching order 4
2026-04-23 20:46:41,140 [ genlib ] [ INFO ] Searching order 5
2026-04-23 20:46:41,140 [ genlib ] [ INFO ] Searching order 6
2026-04-23 20:46:41,140 [ genlib ] [ INFO ] Searching order 7
2026-04-23 20:46:41,140 [ genlib ] [ INFO ] Searching branch 2
2026-04-23 20:46:41,140 [ genlib ] [ INFO ] Searching order 2
2026-04-23 20:46:41,140 [ genlib ] [ INFO ] Searching order 3
2026-04-23 20:46:41,140 [ genlib ] [ INFO ] Checking atom ND2
2026-04-23 20:46:41,141 [ genlib ] [ INFO ] No partner found for atom ND2
2026-04-23 20:46:41,141 [ genlib ] [ INFO ] Searching order 4
2026-04-23 20:46:41,141 [ genlib ] [ INFO ] Searching order 5
2026-04-23 20:46:41,141 [ genlib ] [ INFO ] Searching order 6
2026-04-23 20:46:41,141 [ genlib ] [ INFO ] Searching order 7
2026-04-23 20:46:41,145 [ genlib ] [ INFO ] Updating bond lists
2026-04-23 20:46:41,145 [ genlib ] [ INFO ] Updating dihedrals
2026-04-23 20:46:41,145 [ genlib ] [ INFO ] Updating impropers
2026-04-23 20:46:41,146 [ genlib ] [ INFO ] Building library files for ASN --> MET mutant
2026-04-23 20:46:41,146 [ genlib ] [ INFO ] reading rtp file "aminoacids.rtp"
2026-04-23 20:46:41,191 [ genlib ] [ INFO ] ENTERED SIMPLE
2026-04-23 20:46:41,191 [ genlib ] [ INFO ] Making atom pairs
2026-04-23 20:46:41,191 [ genlib ] [ INFO ] Searching branch 1
2026-04-23 20:46:41,191 [ genlib ] [ INFO ] Searching order 2
2026-04-23 20:46:41,191 [ genlib ] [ INFO ] Checking atom 1HB
2026-04-23 20:46:41,191 [ genlib ] [ INFO ] Define atom pair: ASN|1HB|HC|H         - > MET|1HB|HC|H         (d = 0.08 A)
2026-04-23 20:46:41,191 [ genlib ] [ INFO ] Checking atom 2HB
2026-04-23 20:46:41,191 [ genlib ] [ INFO ] Define atom pair: ASN|2HB|HC|H         - > MET|2HB|HC|H         (d = 0.07 A)
2026-04-23 20:46:41,191 [ genlib ] [ INFO ] Checking atom CG
2026-04-23 20:46:41,191 [ genlib ] [ INFO ] Define atom pair: ASN|CG|C|C.2         - > MET|CG|2C|C.3        (d = 0.07 A)
2026-04-23 20:46:41,191 [ genlib ] [ INFO ] Searching order 3
2026-04-23 20:46:41,191 [ genlib ] [ INFO ] Checking atom OD1
2026-04-23 20:46:41,191 [ genlib ] [ INFO ] Define atom pair: ASN|OD1|O|O.2        - > MET|SD|S|S.3         (d = 0.52 A)
2026-04-23 20:46:41,191 [ genlib ] [ INFO ] Checking atom ND2
2026-04-23 20:46:41,191 [ genlib ] [ INFO ] No partner found for atom ND2
2026-04-23 20:46:41,192 [ genlib ] [ INFO ] Searching order 4
2026-04-23 20:46:41,192 [ genlib ] [ INFO ] Searching order 5
2026-04-23 20:46:41,192 [ genlib ] [ INFO ] Searching order 6
2026-04-23 20:46:41,192 [ genlib ] [ INFO ] Searching order 7
2026-04-23 20:46:41,192 [ genlib ] [ INFO ] Searching branch 2
2026-04-23 20:46:41,192 [ genlib ] [ INFO ] Searching order 2
2026-04-23 20:46:41,192 [ genlib ] [ INFO ] Searching order 3
2026-04-23 20:46:41,192 [ genlib ] [ INFO ] Checking atom ND2
2026-04-23 20:46:41,192 [ genlib ] [ INFO ] No partner found for atom ND2
2026-04-23 20:46:41,192 [ genlib ] [ INFO ] Searching order 4
2026-04-23 20:46:41,192 [ genlib ] [ INFO ] Searching order 5
2026-04-23 20:46:41,192 [ genlib ] [ INFO ] Searching order 6
2026-04-23 20:46:41,192 [ genlib ] [ INFO ] Searching order 7
2026-04-23 20:46:41,194 [ genlib ] [ INFO ] Updating bond lists
2026-04-23 20:46:41,194 [ genlib ] [ INFO ] Updating dihedrals
2026-04-23 20:46:41,194 [ genlib ] [ INFO ] Updating impropers
2026-04-23 20:46:41,194 [ genlib ] [ INFO ] Building library files for ASN --> PHE mutant
2026-04-23 20:46:41,195 [ genlib ] [ INFO ] reading rtp file "aminoacids.rtp"
2026-04-23 20:46:41,240 [ genlib ] [ INFO ] ENTERED RINGS
2026-04-23 20:46:41,240 [ genlib ] [ INFO ] Making atom pairs
2026-04-23 20:46:41,245 [ genlib ] [ INFO ] Updating bond lists
2026-04-23 20:46:41,245 [ genlib ] [ INFO ] Updating dihedrals
2026-04-23 20:46:41,245 [ genlib ] [ INFO ] Updating impropers
2026-04-23 20:46:41,245 [ genlib ] [ INFO ] Building library files for ASN --> PRO mutant
2026-04-23 20:46:41,246 [ genlib ] [ INFO ] reading rtp file "aminoacids.rtp"
2026-04-23 20:46:41,289 [ genlib ] [ INFO ] ENTERED P
2026-04-23 20:46:41,289 [ genlib ] [ INFO ] Making atom pairs
2026-04-23 20:46:41,292 [ genlib ] [ INFO ] Updating bond lists
2026-04-23 20:46:41,292 [ genlib ] [ INFO ] Updating dihedrals
2026-04-23 20:46:41,292 [ genlib ] [ INFO ] Updating impropers
2026-04-23 20:46:41,292 [ genlib ] [ INFO ] Building library files for ASN --> SER mutant
2026-04-23 20:46:41,293 [ genlib ] [ INFO ] reading rtp file "aminoacids.rtp"
2026-04-23 20:46:41,337 [ genlib ] [ INFO ] ENTERED SIMPLE
2026-04-23 20:46:41,337 [ genlib ] [ INFO ] Making atom pairs
2026-04-23 20:46:41,337 [ genlib ] [ INFO ] Searching branch 1
2026-04-23 20:46:41,337 [ genlib ] [ INFO ] Searching order 2
2026-04-23 20:46:41,337 [ genlib ] [ INFO ] Checking atom 1HB
2026-04-23 20:46:41,337 [ genlib ] [ INFO ] Define atom pair: ASN|1HB|HC|H         - > SER|1HB|H1|H         (d = 0.15 A)
2026-04-23 20:46:41,337 [ genlib ] [ INFO ] Checking atom 2HB
2026-04-23 20:46:41,337 [ genlib ] [ INFO ] Define atom pair: ASN|2HB|HC|H         - > SER|2HB|H1|H         (d = 0.13 A)
2026-04-23 20:46:41,337 [ genlib ] [ INFO ] Checking atom CG
2026-04-23 20:46:41,337 [ genlib ] [ INFO ] Define atom pair: ASN|CG|C|C.2         - > SER|OG|OH|O.3        (d = 0.14 A)
2026-04-23 20:46:41,337 [ genlib ] [ INFO ] Searching order 3
2026-04-23 20:46:41,337 [ genlib ] [ INFO ] Checking atom OD1
2026-04-23 20:46:41,337 [ genlib ] [ INFO ] Define atom pair: ASN|OD1|O|O.2        - > SER|HG|HO|H          (d = 0.46 A)
2026-04-23 20:46:41,337 [ genlib ] [ INFO ] Checking atom ND2
2026-04-23 20:46:41,337 [ genlib ] [ INFO ] No partner found for atom ND2
2026-04-23 20:46:41,337 [ genlib ] [ INFO ] Searching order 4
2026-04-23 20:46:41,337 [ genlib ] [ INFO ] Searching order 5
2026-04-23 20:46:41,337 [ genlib ] [ INFO ] Searching order 6
2026-04-23 20:46:41,337 [ genlib ] [ INFO ] Searching order 7
2026-04-23 20:46:41,337 [ genlib ] [ INFO ] Searching branch 2
2026-04-23 20:46:41,337 [ genlib ] [ INFO ] Searching order 2
2026-04-23 20:46:41,337 [ genlib ] [ INFO ] Searching order 3
2026-04-23 20:46:41,337 [ genlib ] [ INFO ] Checking atom ND2
2026-04-23 20:46:41,337 [ genlib ] [ INFO ] No partner found for atom ND2
2026-04-23 20:46:41,337 [ genlib ] [ INFO ] Searching order 4
2026-04-23 20:46:41,337 [ genlib ] [ INFO ] Searching order 5
2026-04-23 20:46:41,337 [ genlib ] [ INFO ] Searching order 6
2026-04-23 20:46:41,337 [ genlib ] [ INFO ] Searching order 7
2026-04-23 20:46:41,337 [ genlib ] [ INFO ] Updating bond lists
2026-04-23 20:46:41,337 [ genlib ] [ INFO ] Updating dihedrals
2026-04-23 20:46:41,337 [ genlib ] [ INFO ] Updating impropers
2026-04-23 20:46:41,338 [ genlib ] [ INFO ] Building library files for ASN --> THR mutant
2026-04-23 20:46:41,338 [ genlib ] [ INFO ] reading rtp file "aminoacids.rtp"
2026-04-23 20:46:41,383 [ genlib ] [ INFO ] ENTERED SIMPLE
2026-04-23 20:46:41,383 [ genlib ] [ INFO ] Making atom pairs
2026-04-23 20:46:41,383 [ genlib ] [ INFO ] Searching branch 1
2026-04-23 20:46:41,383 [ genlib ] [ INFO ] Searching order 2
2026-04-23 20:46:41,383 [ genlib ] [ INFO ] Checking atom 1HB
2026-04-23 20:46:41,383 [ genlib ] [ INFO ] Define atom pair: ASN|1HB|HC|H         - > THR|HB|H1|H          (d = 0.16 A)
2026-04-23 20:46:41,383 [ genlib ] [ INFO ] Checking atom 2HB
2026-04-23 20:46:41,383 [ genlib ] [ INFO ] Define atom pair: ASN|2HB|HC|H         - > THR|CG2|CT|C.3       (d = 0.43 A)
2026-04-23 20:46:41,383 [ genlib ] [ INFO ] Checking atom CG
2026-04-23 20:46:41,383 [ genlib ] [ INFO ] Define atom pair: ASN|CG|C|C.2         - > THR|OG1|OH|O.3       (d = 0.21 A)
2026-04-23 20:46:41,383 [ genlib ] [ INFO ] Searching order 3
2026-04-23 20:46:41,383 [ genlib ] [ INFO ] Checking atom OD1
2026-04-23 20:46:41,383 [ genlib ] [ INFO ] Define atom pair: ASN|OD1|O|O.2        - > THR|HG1|HO|H         (d = 0.53 A)
2026-04-23 20:46:41,383 [ genlib ] [ INFO ] Checking atom ND2
2026-04-23 20:46:41,383 [ genlib ] [ INFO ] No partner found for atom ND2
2026-04-23 20:46:41,383 [ genlib ] [ INFO ] Searching order 4
2026-04-23 20:46:41,383 [ genlib ] [ INFO ] Searching order 5
2026-04-23 20:46:41,383 [ genlib ] [ INFO ] Searching order 6
2026-04-23 20:46:41,383 [ genlib ] [ INFO ] Searching order 7
2026-04-23 20:46:41,383 [ genlib ] [ INFO ] Searching branch 2
2026-04-23 20:46:41,383 [ genlib ] [ INFO ] Searching order 2
2026-04-23 20:46:41,383 [ genlib ] [ INFO ] Searching order 3
2026-04-23 20:46:41,383 [ genlib ] [ INFO ] Checking atom ND2
2026-04-23 20:46:41,383 [ genlib ] [ INFO ] No partner found for atom ND2
2026-04-23 20:46:41,383 [ genlib ] [ INFO ] Searching order 4
2026-04-23 20:46:41,383 [ genlib ] [ INFO ] Searching order 5
2026-04-23 20:46:41,383 [ genlib ] [ INFO ] Searching order 6
2026-04-23 20:46:41,383 [ genlib ] [ INFO ] Searching order 7
2026-04-23 20:46:41,384 [ genlib ] [ INFO ] Updating bond lists
2026-04-23 20:46:41,384 [ genlib ] [ INFO ] Updating dihedrals
2026-04-23 20:46:41,384 [ genlib ] [ INFO ] Updating impropers
2026-04-23 20:46:41,385 [ genlib ] [ INFO ] Building library files for ASN --> TRP mutant
2026-04-23 20:46:41,385 [ genlib ] [ INFO ] reading rtp file "aminoacids.rtp"
2026-04-23 20:46:41,428 [ genlib ] [ INFO ] ENTERED RINGS
2026-04-23 20:46:41,428 [ genlib ] [ INFO ] Making atom pairs
2026-04-23 20:46:41,435 [ genlib ] [ INFO ] Updating bond lists
2026-04-23 20:46:41,435 [ genlib ] [ INFO ] Updating dihedrals
2026-04-23 20:46:41,435 [ genlib ] [ INFO ] Updating impropers
2026-04-23 20:46:41,435 [ genlib ] [ INFO ] Building library files for ASN --> TYR mutant
2026-04-23 20:46:41,436 [ genlib ] [ INFO ] reading rtp file "aminoacids.rtp"
2026-04-23 20:46:41,481 [ genlib ] [ INFO ] ENTERED RINGS
2026-04-23 20:46:41,481 [ genlib ] [ INFO ] Making atom pairs
2026-04-23 20:46:41,486 [ genlib ] [ INFO ] Updating bond lists
2026-04-23 20:46:41,486 [ genlib ] [ INFO ] Updating dihedrals
2026-04-23 20:46:41,486 [ genlib ] [ INFO ] Updating impropers
2026-04-23 20:46:41,487 [ genlib ] [ INFO ] Building library files for ASN --> VAL mutant
2026-04-23 20:46:41,487 [ genlib ] [ INFO ] reading rtp file "aminoacids.rtp"
2026-04-23 20:46:41,532 [ genlib ] [ INFO ] ENTERED SIMPLE
2026-04-23 20:46:41,532 [ genlib ] [ INFO ] Making atom pairs
2026-04-23 20:46:41,532 [ genlib ] [ INFO ] Searching branch 1
2026-04-23 20:46:41,532 [ genlib ] [ INFO ] Searching order 2
2026-04-23 20:46:41,532 [ genlib ] [ INFO ] Checking atom 1HB
2026-04-23 20:46:41,532 [ genlib ] [ INFO ] Define atom pair: ASN|1HB|HC|H         - > VAL|HB|HC|H          (d = 0.23 A)
2026-04-23 20:46:41,532 [ genlib ] [ INFO ] Checking atom 2HB
2026-04-23 20:46:41,532 [ genlib ] [ INFO ] Define atom pair: ASN|2HB|HC|H         - > VAL|CG1|CT|C.3       (d = 0.43 A)
2026-04-23 20:46:41,532 [ genlib ] [ INFO ] Checking atom CG
2026-04-23 20:46:41,532 [ genlib ] [ INFO ] Define atom pair: ASN|CG|C|C.2         - > VAL|CG2|CT|C.3       (d = 0.17 A)
2026-04-23 20:46:41,532 [ genlib ] [ INFO ] Searching order 3
2026-04-23 20:46:41,532 [ genlib ] [ INFO ] Checking atom OD1
2026-04-23 20:46:41,532 [ genlib ] [ INFO ] Define atom pair: ASN|OD1|O|O.2        - > VAL|1HG2|HC|H        (d = 0.25 A)
2026-04-23 20:46:41,532 [ genlib ] [ INFO ] Checking atom ND2
2026-04-23 20:46:41,532 [ genlib ] [ INFO ] No partner found for atom ND2
2026-04-23 20:46:41,532 [ genlib ] [ INFO ] Searching order 4
2026-04-23 20:46:41,532 [ genlib ] [ INFO ] Searching order 5
2026-04-23 20:46:41,532 [ genlib ] [ INFO ] Searching order 6
2026-04-23 20:46:41,532 [ genlib ] [ INFO ] Searching order 7
2026-04-23 20:46:41,532 [ genlib ] [ INFO ] Searching branch 2
2026-04-23 20:46:41,532 [ genlib ] [ INFO ] Searching order 2
2026-04-23 20:46:41,532 [ genlib ] [ INFO ] Searching order 3
2026-04-23 20:46:41,532 [ genlib ] [ INFO ] Checking atom ND2
2026-04-23 20:46:41,532 [ genlib ] [ INFO ] No partner found for atom ND2
2026-04-23 20:46:41,532 [ genlib ] [ INFO ] Searching order 4
2026-04-23 20:46:41,532 [ genlib ] [ INFO ] Searching order 5
2026-04-23 20:46:41,532 [ genlib ] [ INFO ] Searching order 6
2026-04-23 20:46:41,532 [ genlib ] [ INFO ] Searching order 7
2026-04-23 20:46:41,534 [ genlib ] [ INFO ] Updating bond lists
2026-04-23 20:46:41,534 [ genlib ] [ INFO ] Updating dihedrals
2026-04-23 20:46:41,534 [ genlib ] [ INFO ] Updating impropers
2026-04-23 20:46:41,535 [ genlib ] [ INFO ] Building library files for ASP --> ALA mutant
2026-04-23 20:46:41,535 [ genlib ] [ INFO ] reading rtp file "aminoacids.rtp"
2026-04-23 20:46:41,580 [ genlib ] [ INFO ] ENTERED SIMPLE
2026-04-23 20:46:41,580 [ genlib ] [ INFO ] Making atom pairs
2026-04-23 20:46:41,580 [ genlib ] [ INFO ] Searching branch 1
2026-04-23 20:46:41,580 [ genlib ] [ INFO ] Searching order 2
2026-04-23 20:46:41,580 [ genlib ] [ INFO ] Checking atom 1HB
2026-04-23 20:46:41,580 [ genlib ] [ INFO ] Define atom pair: ASP|1HB|HC|H         - > ALA|2HB|HC|H         (d = 0.06 A)
2026-04-23 20:46:41,580 [ genlib ] [ INFO ] Checking atom 2HB
2026-04-23 20:46:41,580 [ genlib ] [ INFO ] Define atom pair: ASP|2HB|HC|H         - > ALA|3HB|HC|H         (d = 0.07 A)
2026-04-23 20:46:41,580 [ genlib ] [ INFO ] Checking atom CG
2026-04-23 20:46:41,580 [ genlib ] [ INFO ] Define atom pair: ASP|CG|CO|C.2        - > ALA|1HB|HC|H         (d = 0.49 A)
2026-04-23 20:46:41,580 [ genlib ] [ INFO ] Searching order 3
2026-04-23 20:46:41,580 [ genlib ] [ INFO ] Checking atom OD1
2026-04-23 20:46:41,580 [ genlib ] [ INFO ] No partner found for atom OD1
2026-04-23 20:46:41,580 [ genlib ] [ INFO ] Checking atom OD2
2026-04-23 20:46:41,580 [ genlib ] [ INFO ] No partner found for atom OD2
2026-04-23 20:46:41,580 [ genlib ] [ INFO ] Searching order 4
2026-04-23 20:46:41,580 [ genlib ] [ INFO ] Searching order 5
2026-04-23 20:46:41,580 [ genlib ] [ INFO ] Searching order 6
2026-04-23 20:46:41,580 [ genlib ] [ INFO ] Searching order 7
2026-04-23 20:46:41,580 [ genlib ] [ INFO ] Searching branch 2
2026-04-23 20:46:41,580 [ genlib ] [ INFO ] Searching order 2
2026-04-23 20:46:41,580 [ genlib ] [ INFO ] Searching order 3
2026-04-23 20:46:41,580 [ genlib ] [ INFO ] Checking atom OD1
2026-04-23 20:46:41,580 [ genlib ] [ INFO ] No partner found for atom OD1
2026-04-23 20:46:41,580 [ genlib ] [ INFO ] Checking atom OD2
2026-04-23 20:46:41,580 [ genlib ] [ INFO ] No partner found for atom OD2
2026-04-23 20:46:41,580 [ genlib ] [ INFO ] Searching order 4
2026-04-23 20:46:41,580 [ genlib ] [ INFO ] Searching order 5
2026-04-23 20:46:41,580 [ genlib ] [ INFO ] Searching order 6
2026-04-23 20:46:41,580 [ genlib ] [ INFO ] Searching order 7
2026-04-23 20:46:41,581 [ genlib ] [ INFO ] Updating bond lists
2026-04-23 20:46:41,581 [ genlib ] [ INFO ] Updating dihedrals
2026-04-23 20:46:41,581 [ genlib ] [ INFO ] Updating impropers
2026-04-23 20:46:41,581 [ genlib ] [ INFO ] Building library files for ASP --> ARG mutant
2026-04-23 20:46:41,582 [ genlib ] [ INFO ] reading rtp file "aminoacids.rtp"
2026-04-23 20:46:41,628 [ genlib ] [ INFO ] ENTERED SIMPLE
2026-04-23 20:46:41,628 [ genlib ] [ INFO ] Making atom pairs
2026-04-23 20:46:41,628 [ genlib ] [ INFO ] Searching branch 1
2026-04-23 20:46:41,628 [ genlib ] [ INFO ] Searching order 2
2026-04-23 20:46:41,628 [ genlib ] [ INFO ] Checking atom 1HB
2026-04-23 20:46:41,628 [ genlib ] [ INFO ] Define atom pair: ASP|1HB|HC|H         - > ARG|1HB|HC|H         (d = 0.13 A)
2026-04-23 20:46:41,628 [ genlib ] [ INFO ] Checking atom 2HB
2026-04-23 20:46:41,628 [ genlib ] [ INFO ] Define atom pair: ASP|2HB|HC|H         - > ARG|2HB|HC|H         (d = 0.13 A)
2026-04-23 20:46:41,628 [ genlib ] [ INFO ] Checking atom CG
2026-04-23 20:46:41,628 [ genlib ] [ INFO ] Define atom pair: ASP|CG|CO|C.2        - > ARG|CG|C8|C.3        (d = 0.18 A)
2026-04-23 20:46:41,628 [ genlib ] [ INFO ] Searching order 3
2026-04-23 20:46:41,628 [ genlib ] [ INFO ] Checking atom OD1
2026-04-23 20:46:41,628 [ genlib ] [ INFO ] Define atom pair: ASP|OD1|O2|O.co2     - > ARG|CD|C8|C.3        (d = 0.17 A)
2026-04-23 20:46:41,628 [ genlib ] [ INFO ] Checking atom OD2
2026-04-23 20:46:41,628 [ genlib ] [ INFO ] No partner found for atom OD2
2026-04-23 20:46:41,628 [ genlib ] [ INFO ] Searching order 4
2026-04-23 20:46:41,628 [ genlib ] [ INFO ] Searching order 5
2026-04-23 20:46:41,628 [ genlib ] [ INFO ] Searching order 6
2026-04-23 20:46:41,628 [ genlib ] [ INFO ] Searching order 7
2026-04-23 20:46:41,628 [ genlib ] [ INFO ] Searching branch 2
2026-04-23 20:46:41,628 [ genlib ] [ INFO ] Searching order 2
2026-04-23 20:46:41,628 [ genlib ] [ INFO ] Searching order 3
2026-04-23 20:46:41,628 [ genlib ] [ INFO ] Checking atom OD2
2026-04-23 20:46:41,628 [ genlib ] [ INFO ] No partner found for atom OD2
2026-04-23 20:46:41,628 [ genlib ] [ INFO ] Searching order 4
2026-04-23 20:46:41,628 [ genlib ] [ INFO ] Searching order 5
2026-04-23 20:46:41,628 [ genlib ] [ INFO ] Searching order 6
2026-04-23 20:46:41,628 [ genlib ] [ INFO ] Searching order 7
2026-04-23 20:46:41,634 [ genlib ] [ INFO ] Updating bond lists
2026-04-23 20:46:41,634 [ genlib ] [ INFO ] Updating dihedrals
2026-04-23 20:46:41,635 [ genlib ] [ INFO ] Updating impropers
2026-04-23 20:46:41,635 [ genlib ] [ INFO ] Building library files for ASP --> ASH mutant
2026-04-23 20:46:41,635 [ genlib ] [ INFO ] reading rtp file "aminoacids.rtp"
2026-04-23 20:46:41,681 [ genlib ] [ INFO ] ENTERED SIMPLE
2026-04-23 20:46:41,681 [ genlib ] [ INFO ] Making atom pairs
2026-04-23 20:46:41,681 [ genlib ] [ INFO ] Searching branch 1
2026-04-23 20:46:41,681 [ genlib ] [ INFO ] Searching order 2
2026-04-23 20:46:41,681 [ genlib ] [ INFO ] Checking atom 1HB
2026-04-23 20:46:41,681 [ genlib ] [ INFO ] Define atom pair: ASP|1HB|HC|H         - > ASH|1HB|HC|H         (d = 0.10 A)
2026-04-23 20:46:41,681 [ genlib ] [ INFO ] Checking atom 2HB
2026-04-23 20:46:41,681 [ genlib ] [ INFO ] Define atom pair: ASP|2HB|HC|H         - > ASH|2HB|HC|H         (d = 0.09 A)
2026-04-23 20:46:41,681 [ genlib ] [ INFO ] Checking atom CG
2026-04-23 20:46:41,681 [ genlib ] [ INFO ] Define atom pair: ASP|CG|CO|C.2        - > ASH|CG|C|C.2         (d = 0.00 A)
2026-04-23 20:46:41,681 [ genlib ] [ INFO ] Searching order 3
2026-04-23 20:46:41,681 [ genlib ] [ INFO ] Checking atom OD1
2026-04-23 20:46:41,681 [ genlib ] [ INFO ] Define atom pair: ASP|OD1|O2|O.co2     - > ASH|OD1|O|O.co2      (d = 0.00 A)
2026-04-23 20:46:41,681 [ genlib ] [ INFO ] Checking atom OD2
2026-04-23 20:46:41,681 [ genlib ] [ INFO ] Define atom pair: ASP|OD2|O2|O.co2     - > ASH|OD2|OH|O.co2     (d = 0.00 A)
2026-04-23 20:46:41,681 [ genlib ] [ INFO ] Searching order 4
2026-04-23 20:46:41,681 [ genlib ] [ INFO ] Searching order 5
2026-04-23 20:46:41,681 [ genlib ] [ INFO ] Searching order 6
2026-04-23 20:46:41,681 [ genlib ] [ INFO ] Searching order 7
2026-04-23 20:46:41,681 [ genlib ] [ INFO ] Searching branch 2
2026-04-23 20:46:41,681 [ genlib ] [ INFO ] Searching order 2
2026-04-23 20:46:41,681 [ genlib ] [ INFO ] Searching order 3
2026-04-23 20:46:41,681 [ genlib ] [ INFO ] Searching order 4
2026-04-23 20:46:41,681 [ genlib ] [ INFO ] Searching order 5
2026-04-23 20:46:41,681 [ genlib ] [ INFO ] Searching order 6
2026-04-23 20:46:41,681 [ genlib ] [ INFO ] Searching order 7
2026-04-23 20:46:41,682 [ genlib ] [ INFO ] Updating bond lists
2026-04-23 20:46:41,682 [ genlib ] [ INFO ] Updating dihedrals
2026-04-23 20:46:41,682 [ genlib ] [ INFO ] Updating impropers
2026-04-23 20:46:41,682 [ genlib ] [ INFO ] Building library files for ASP --> ASN mutant
2026-04-23 20:46:41,683 [ genlib ] [ INFO ] reading rtp file "aminoacids.rtp"
2026-04-23 20:46:41,727 [ genlib ] [ INFO ] ENTERED SIMPLE
2026-04-23 20:46:41,727 [ genlib ] [ INFO ] Making atom pairs
2026-04-23 20:46:41,727 [ genlib ] [ INFO ] Searching branch 1
2026-04-23 20:46:41,727 [ genlib ] [ INFO ] Searching order 2
2026-04-23 20:46:41,727 [ genlib ] [ INFO ] Checking atom 1HB
2026-04-23 20:46:41,727 [ genlib ] [ INFO ] Define atom pair: ASP|1HB|HC|H         - > ASN|1HB|HC|H         (d = 0.04 A)
2026-04-23 20:46:41,727 [ genlib ] [ INFO ] Checking atom 2HB
2026-04-23 20:46:41,727 [ genlib ] [ INFO ] Define atom pair: ASP|2HB|HC|H         - > ASN|2HB|HC|H         (d = 0.06 A)
2026-04-23 20:46:41,727 [ genlib ] [ INFO ] Checking atom CG
2026-04-23 20:46:41,727 [ genlib ] [ INFO ] Define atom pair: ASP|CG|CO|C.2        - > ASN|CG|C|C.2         (d = 0.05 A)
2026-04-23 20:46:41,727 [ genlib ] [ INFO ] Searching order 3
2026-04-23 20:46:41,727 [ genlib ] [ INFO ] Checking atom OD1
2026-04-23 20:46:41,727 [ genlib ] [ INFO ] Define atom pair: ASP|OD1|O2|O.co2     - > ASN|OD1|O|O.2        (d = 0.14 A)
2026-04-23 20:46:41,727 [ genlib ] [ INFO ] Checking atom OD2
2026-04-23 20:46:41,727 [ genlib ] [ INFO ] Define atom pair: ASP|OD2|O2|O.co2     - > ASN|ND2|N|N.am       (d = 0.12 A)
2026-04-23 20:46:41,727 [ genlib ] [ INFO ] Searching order 4
2026-04-23 20:46:41,727 [ genlib ] [ INFO ] Searching order 5
2026-04-23 20:46:41,727 [ genlib ] [ INFO ] Searching order 6
2026-04-23 20:46:41,727 [ genlib ] [ INFO ] Searching order 7
2026-04-23 20:46:41,727 [ genlib ] [ INFO ] Searching branch 2
2026-04-23 20:46:41,727 [ genlib ] [ INFO ] Searching order 2
2026-04-23 20:46:41,727 [ genlib ] [ INFO ] Searching order 3
2026-04-23 20:46:41,727 [ genlib ] [ INFO ] Searching order 4
2026-04-23 20:46:41,727 [ genlib ] [ INFO ] Searching order 5
2026-04-23 20:46:41,727 [ genlib ] [ INFO ] Searching order 6
2026-04-23 20:46:41,727 [ genlib ] [ INFO ] Searching order 7
2026-04-23 20:46:41,728 [ genlib ] [ INFO ] Updating bond lists
2026-04-23 20:46:41,728 [ genlib ] [ INFO ] Updating dihedrals
2026-04-23 20:46:41,728 [ genlib ] [ INFO ] Updating impropers
2026-04-23 20:46:41,728 [ genlib ] [ WARNING ] undefined
2026-04-23 20:46:41,728 [ genlib ] [ WARNING ] undefined
2026-04-23 20:46:41,728 [ genlib ] [ INFO ] Building library files for ASP --> CYS mutant
2026-04-23 20:46:41,729 [ genlib ] [ INFO ] reading rtp file "aminoacids.rtp"
2026-04-23 20:46:41,772 [ genlib ] [ INFO ] ENTERED SIMPLE
2026-04-23 20:46:41,772 [ genlib ] [ INFO ] Making atom pairs
2026-04-23 20:46:41,772 [ genlib ] [ INFO ] Searching branch 1
2026-04-23 20:46:41,772 [ genlib ] [ INFO ] Searching order 2
2026-04-23 20:46:41,772 [ genlib ] [ INFO ] Checking atom 1HB
2026-04-23 20:46:41,772 [ genlib ] [ INFO ] Define atom pair: ASP|1HB|HC|H         - > CYS|1HB|H1|H         (d = 0.04 A)
2026-04-23 20:46:41,772 [ genlib ] [ INFO ] Checking atom 2HB
2026-04-23 20:46:41,772 [ genlib ] [ INFO ] Define atom pair: ASP|2HB|HC|H         - > CYS|2HB|H1|H         (d = 0.07 A)
2026-04-23 20:46:41,772 [ genlib ] [ INFO ] Checking atom CG
2026-04-23 20:46:41,772 [ genlib ] [ INFO ] Define atom pair: ASP|CG|CO|C.2        - > CYS|SG|SH|S.3        (d = 0.25 A)
2026-04-23 20:46:41,772 [ genlib ] [ INFO ] Searching order 3
2026-04-23 20:46:41,772 [ genlib ] [ INFO ] Checking atom OD1
2026-04-23 20:46:41,772 [ genlib ] [ INFO ] Define atom pair: ASP|OD1|O2|O.co2     - > CYS|HG|HS|H          (d = 0.24 A)
2026-04-23 20:46:41,772 [ genlib ] [ INFO ] Checking atom OD2
2026-04-23 20:46:41,772 [ genlib ] [ INFO ] No partner found for atom OD2
2026-04-23 20:46:41,772 [ genlib ] [ INFO ] Searching order 4
2026-04-23 20:46:41,772 [ genlib ] [ INFO ] Searching order 5
2026-04-23 20:46:41,772 [ genlib ] [ INFO ] Searching order 6
2026-04-23 20:46:41,772 [ genlib ] [ INFO ] Searching order 7
2026-04-23 20:46:41,772 [ genlib ] [ INFO ] Searching branch 2
2026-04-23 20:46:41,772 [ genlib ] [ INFO ] Searching order 2
2026-04-23 20:46:41,772 [ genlib ] [ INFO ] Searching order 3
2026-04-23 20:46:41,772 [ genlib ] [ INFO ] Checking atom OD2
2026-04-23 20:46:41,772 [ genlib ] [ INFO ] No partner found for atom OD2
2026-04-23 20:46:41,772 [ genlib ] [ INFO ] Searching order 4
2026-04-23 20:46:41,772 [ genlib ] [ INFO ] Searching order 5
2026-04-23 20:46:41,772 [ genlib ] [ INFO ] Searching order 6
2026-04-23 20:46:41,772 [ genlib ] [ INFO ] Searching order 7
2026-04-23 20:46:41,773 [ genlib ] [ INFO ] Updating bond lists
2026-04-23 20:46:41,773 [ genlib ] [ INFO ] Updating dihedrals
2026-04-23 20:46:41,773 [ genlib ] [ INFO ] Updating impropers
2026-04-23 20:46:41,773 [ genlib ] [ INFO ] Building library files for ASP --> GLH mutant
2026-04-23 20:46:41,774 [ genlib ] [ INFO ] reading rtp file "aminoacids.rtp"
2026-04-23 20:46:41,817 [ genlib ] [ INFO ] ENTERED SIMPLE
2026-04-23 20:46:41,817 [ genlib ] [ INFO ] Making atom pairs
2026-04-23 20:46:41,817 [ genlib ] [ INFO ] Searching branch 1
2026-04-23 20:46:41,817 [ genlib ] [ INFO ] Searching order 2
2026-04-23 20:46:41,817 [ genlib ] [ INFO ] Checking atom 1HB
2026-04-23 20:46:41,817 [ genlib ] [ INFO ] Define atom pair: ASP|1HB|HC|H         - > GLH|1HB|HC|H         (d = 0.15 A)
2026-04-23 20:46:41,817 [ genlib ] [ INFO ] Checking atom 2HB
2026-04-23 20:46:41,817 [ genlib ] [ INFO ] Define atom pair: ASP|2HB|HC|H         - > GLH|2HB|HC|H         (d = 0.17 A)
2026-04-23 20:46:41,817 [ genlib ] [ INFO ] Checking atom CG
2026-04-23 20:46:41,817 [ genlib ] [ INFO ] Define atom pair: ASP|CG|CO|C.2        - > GLH|CG|2C|C.3        (d = 0.11 A)
2026-04-23 20:46:41,817 [ genlib ] [ INFO ] Searching order 3
2026-04-23 20:46:41,817 [ genlib ] [ INFO ] Checking atom OD1
2026-04-23 20:46:41,817 [ genlib ] [ INFO ] Define atom pair: ASP|OD1|O2|O.co2     - > GLH|CD|C|C.2         (d = 0.28 A)
2026-04-23 20:46:41,817 [ genlib ] [ INFO ] Checking atom OD2
2026-04-23 20:46:41,817 [ genlib ] [ INFO ] No partner found for atom OD2
2026-04-23 20:46:41,817 [ genlib ] [ INFO ] Searching order 4
2026-04-23 20:46:41,817 [ genlib ] [ INFO ] Searching order 5
2026-04-23 20:46:41,817 [ genlib ] [ INFO ] Searching order 6
2026-04-23 20:46:41,817 [ genlib ] [ INFO ] Searching order 7
2026-04-23 20:46:41,817 [ genlib ] [ INFO ] Searching branch 2
2026-04-23 20:46:41,817 [ genlib ] [ INFO ] Searching order 2
2026-04-23 20:46:41,817 [ genlib ] [ INFO ] Searching order 3
2026-04-23 20:46:41,817 [ genlib ] [ INFO ] Checking atom OD2
2026-04-23 20:46:41,817 [ genlib ] [ INFO ] No partner found for atom OD2
2026-04-23 20:46:41,817 [ genlib ] [ INFO ] Searching order 4
2026-04-23 20:46:41,817 [ genlib ] [ INFO ] Searching order 5
2026-04-23 20:46:41,817 [ genlib ] [ INFO ] Searching order 6
2026-04-23 20:46:41,817 [ genlib ] [ INFO ] Searching order 7
2026-04-23 20:46:41,819 [ genlib ] [ INFO ] Updating bond lists
2026-04-23 20:46:41,819 [ genlib ] [ INFO ] Updating dihedrals
2026-04-23 20:46:41,819 [ genlib ] [ INFO ] Updating impropers
2026-04-23 20:46:41,819 [ genlib ] [ INFO ] Building library files for ASP --> GLN mutant
2026-04-23 20:46:41,820 [ genlib ] [ INFO ] reading rtp file "aminoacids.rtp"
2026-04-23 20:46:41,863 [ genlib ] [ INFO ] ENTERED SIMPLE
2026-04-23 20:46:41,863 [ genlib ] [ INFO ] Making atom pairs
2026-04-23 20:46:41,863 [ genlib ] [ INFO ] Searching branch 1
2026-04-23 20:46:41,863 [ genlib ] [ INFO ] Searching order 2
2026-04-23 20:46:41,863 [ genlib ] [ INFO ] Checking atom 1HB
2026-04-23 20:46:41,863 [ genlib ] [ INFO ] Define atom pair: ASP|1HB|HC|H         - > GLN|1HB|HC|H         (d = 0.10 A)
2026-04-23 20:46:41,863 [ genlib ] [ INFO ] Checking atom 2HB
2026-04-23 20:46:41,863 [ genlib ] [ INFO ] Define atom pair: ASP|2HB|HC|H         - > GLN|2HB|HC|H         (d = 0.10 A)
2026-04-23 20:46:41,863 [ genlib ] [ INFO ] Checking atom CG
2026-04-23 20:46:41,863 [ genlib ] [ INFO ] Define atom pair: ASP|CG|CO|C.2        - > GLN|CG|2C|C.3        (d = 0.12 A)
2026-04-23 20:46:41,863 [ genlib ] [ INFO ] Searching order 3
2026-04-23 20:46:41,863 [ genlib ] [ INFO ] Checking atom OD1
2026-04-23 20:46:41,863 [ genlib ] [ INFO ] Define atom pair: ASP|OD1|O2|O.co2     - > GLN|CD|C|C.2         (d = 0.20 A)
2026-04-23 20:46:41,863 [ genlib ] [ INFO ] Checking atom OD2
2026-04-23 20:46:41,863 [ genlib ] [ INFO ] No partner found for atom OD2
2026-04-23 20:46:41,863 [ genlib ] [ INFO ] Searching order 4
2026-04-23 20:46:41,863 [ genlib ] [ INFO ] Searching order 5
2026-04-23 20:46:41,863 [ genlib ] [ INFO ] Searching order 6
2026-04-23 20:46:41,863 [ genlib ] [ INFO ] Searching order 7
2026-04-23 20:46:41,863 [ genlib ] [ INFO ] Searching branch 2
2026-04-23 20:46:41,863 [ genlib ] [ INFO ] Searching order 2
2026-04-23 20:46:41,863 [ genlib ] [ INFO ] Searching order 3
2026-04-23 20:46:41,863 [ genlib ] [ INFO ] Checking atom OD2
2026-04-23 20:46:41,863 [ genlib ] [ INFO ] No partner found for atom OD2
2026-04-23 20:46:41,863 [ genlib ] [ INFO ] Searching order 4
2026-04-23 20:46:41,863 [ genlib ] [ INFO ] Searching order 5
2026-04-23 20:46:41,863 [ genlib ] [ INFO ] Searching order 6
2026-04-23 20:46:41,863 [ genlib ] [ INFO ] Searching order 7
2026-04-23 20:46:41,865 [ genlib ] [ INFO ] Updating bond lists
2026-04-23 20:46:41,865 [ genlib ] [ INFO ] Updating dihedrals
2026-04-23 20:46:41,865 [ genlib ] [ INFO ] Updating impropers
2026-04-23 20:46:41,866 [ genlib ] [ INFO ] Building library files for ASP --> GLU mutant
2026-04-23 20:46:41,866 [ genlib ] [ INFO ] reading rtp file "aminoacids.rtp"
2026-04-23 20:46:41,910 [ genlib ] [ INFO ] ENTERED SIMPLE
2026-04-23 20:46:41,910 [ genlib ] [ INFO ] Making atom pairs
2026-04-23 20:46:41,910 [ genlib ] [ INFO ] Searching branch 1
2026-04-23 20:46:41,910 [ genlib ] [ INFO ] Searching order 2
2026-04-23 20:46:41,910 [ genlib ] [ INFO ] Checking atom 1HB
2026-04-23 20:46:41,910 [ genlib ] [ INFO ] Define atom pair: ASP|1HB|HC|H         - > GLU|1HB|HC|H         (d = 0.14 A)
2026-04-23 20:46:41,910 [ genlib ] [ INFO ] Checking atom 2HB
2026-04-23 20:46:41,910 [ genlib ] [ INFO ] Define atom pair: ASP|2HB|HC|H         - > GLU|2HB|HC|H         (d = 0.15 A)
2026-04-23 20:46:41,910 [ genlib ] [ INFO ] Checking atom CG
2026-04-23 20:46:41,910 [ genlib ] [ INFO ] Define atom pair: ASP|CG|CO|C.2        - > GLU|CG|2C|C.3        (d = 0.11 A)
2026-04-23 20:46:41,910 [ genlib ] [ INFO ] Searching order 3
2026-04-23 20:46:41,910 [ genlib ] [ INFO ] Checking atom OD1
2026-04-23 20:46:41,910 [ genlib ] [ INFO ] Define atom pair: ASP|OD1|O2|O.co2     - > GLU|CD|CO|C.2        (d = 0.28 A)
2026-04-23 20:46:41,910 [ genlib ] [ INFO ] Checking atom OD2
2026-04-23 20:46:41,910 [ genlib ] [ INFO ] No partner found for atom OD2
2026-04-23 20:46:41,910 [ genlib ] [ INFO ] Searching order 4
2026-04-23 20:46:41,910 [ genlib ] [ INFO ] Searching order 5
2026-04-23 20:46:41,910 [ genlib ] [ INFO ] Searching order 6
2026-04-23 20:46:41,910 [ genlib ] [ INFO ] Searching order 7
2026-04-23 20:46:41,910 [ genlib ] [ INFO ] Searching branch 2
2026-04-23 20:46:41,910 [ genlib ] [ INFO ] Searching order 2
2026-04-23 20:46:41,910 [ genlib ] [ INFO ] Searching order 3
2026-04-23 20:46:41,910 [ genlib ] [ INFO ] Checking atom OD2
2026-04-23 20:46:41,910 [ genlib ] [ INFO ] No partner found for atom OD2
2026-04-23 20:46:41,910 [ genlib ] [ INFO ] Searching order 4
2026-04-23 20:46:41,910 [ genlib ] [ INFO ] Searching order 5
2026-04-23 20:46:41,910 [ genlib ] [ INFO ] Searching order 6
2026-04-23 20:46:41,910 [ genlib ] [ INFO ] Searching order 7
2026-04-23 20:46:41,912 [ genlib ] [ INFO ] Updating bond lists
2026-04-23 20:46:41,912 [ genlib ] [ INFO ] Updating dihedrals
2026-04-23 20:46:41,912 [ genlib ] [ INFO ] Updating impropers
2026-04-23 20:46:41,912 [ genlib ] [ INFO ] Building library files for ASP --> GLY mutant
2026-04-23 20:46:41,913 [ genlib ] [ INFO ] reading rtp file "aminoacids.rtp"
2026-04-23 20:46:41,956 [ genlib ] [ INFO ] ENTERED G
2026-04-23 20:46:41,956 [ genlib ] [ INFO ] Making atom pairs
2026-04-23 20:46:41,956 [ genlib ] [ INFO ] Updating bond lists
2026-04-23 20:46:41,956 [ genlib ] [ INFO ] Updating dihedrals
2026-04-23 20:46:41,956 [ genlib ] [ INFO ] Updating impropers
2026-04-23 20:46:41,957 [ genlib ] [ INFO ] Building library files for ASP --> HID mutant
2026-04-23 20:46:41,957 [ genlib ] [ INFO ] reading rtp file "aminoacids.rtp"
2026-04-23 20:46:42,000 [ genlib ] [ INFO ] ENTERED RINGS
2026-04-23 20:46:42,000 [ genlib ] [ INFO ] Making atom pairs
2026-04-23 20:46:42,003 [ genlib ] [ INFO ] Updating bond lists
2026-04-23 20:46:42,003 [ genlib ] [ INFO ] Updating dihedrals
2026-04-23 20:46:42,003 [ genlib ] [ INFO ] Updating impropers
2026-04-23 20:46:42,003 [ genlib ] [ INFO ] Building library files for ASP --> HIE mutant
2026-04-23 20:46:42,004 [ genlib ] [ INFO ] reading rtp file "aminoacids.rtp"
2026-04-23 20:46:42,047 [ genlib ] [ INFO ] ENTERED RINGS
2026-04-23 20:46:42,047 [ genlib ] [ INFO ] Making atom pairs
2026-04-23 20:46:42,050 [ genlib ] [ INFO ] Updating bond lists
2026-04-23 20:46:42,050 [ genlib ] [ INFO ] Updating dihedrals
2026-04-23 20:46:42,050 [ genlib ] [ INFO ] Updating impropers
2026-04-23 20:46:42,051 [ genlib ] [ INFO ] Building library files for ASP --> HIP mutant
2026-04-23 20:46:42,051 [ genlib ] [ INFO ] reading rtp file "aminoacids.rtp"
2026-04-23 20:46:42,094 [ genlib ] [ INFO ] ENTERED RINGS
2026-04-23 20:46:42,094 [ genlib ] [ INFO ] Making atom pairs
2026-04-23 20:46:42,098 [ genlib ] [ INFO ] Updating bond lists
2026-04-23 20:46:42,098 [ genlib ] [ INFO ] Updating dihedrals
2026-04-23 20:46:42,098 [ genlib ] [ INFO ] Updating impropers
2026-04-23 20:46:42,098 [ genlib ] [ INFO ] Building library files for ASP --> ILE mutant
2026-04-23 20:46:42,099 [ genlib ] [ INFO ] reading rtp file "aminoacids.rtp"
2026-04-23 20:46:42,145 [ genlib ] [ INFO ] ENTERED SIMPLE
2026-04-23 20:46:42,145 [ genlib ] [ INFO ] Making atom pairs
2026-04-23 20:46:42,145 [ genlib ] [ INFO ] Searching branch 1
2026-04-23 20:46:42,145 [ genlib ] [ INFO ] Searching order 2
2026-04-23 20:46:42,145 [ genlib ] [ INFO ] Checking atom 1HB
2026-04-23 20:46:42,145 [ genlib ] [ INFO ] Define atom pair: ASP|1HB|HC|H         - > ILE|HB|HC|H          (d = 0.09 A)
2026-04-23 20:46:42,145 [ genlib ] [ INFO ] Checking atom 2HB
2026-04-23 20:46:42,145 [ genlib ] [ INFO ] Define atom pair: ASP|2HB|HC|H         - > ILE|CG2|CT|C.3       (d = 0.46 A)
2026-04-23 20:46:42,145 [ genlib ] [ INFO ] Checking atom CG
2026-04-23 20:46:42,145 [ genlib ] [ INFO ] Define atom pair: ASP|CG|CO|C.2        - > ILE|CG1|2C|C.3       (d = 0.05 A)
2026-04-23 20:46:42,145 [ genlib ] [ INFO ] Searching order 3
2026-04-23 20:46:42,145 [ genlib ] [ INFO ] Checking atom OD1
2026-04-23 20:46:42,145 [ genlib ] [ INFO ] Define atom pair: ASP|OD1|O2|O.co2     - > ILE|CD1|CT|C.3       (d = 0.30 A)
2026-04-23 20:46:42,145 [ genlib ] [ INFO ] Checking atom OD2
2026-04-23 20:46:42,145 [ genlib ] [ INFO ] No partner found for atom OD2
2026-04-23 20:46:42,145 [ genlib ] [ INFO ] Searching order 4
2026-04-23 20:46:42,145 [ genlib ] [ INFO ] Searching order 5
2026-04-23 20:46:42,145 [ genlib ] [ INFO ] Searching order 6
2026-04-23 20:46:42,145 [ genlib ] [ INFO ] Searching order 7
2026-04-23 20:46:42,145 [ genlib ] [ INFO ] Searching branch 2
2026-04-23 20:46:42,145 [ genlib ] [ INFO ] Searching order 2
2026-04-23 20:46:42,145 [ genlib ] [ INFO ] Searching order 3
2026-04-23 20:46:42,145 [ genlib ] [ INFO ] Checking atom OD2
2026-04-23 20:46:42,145 [ genlib ] [ INFO ] No partner found for atom OD2
2026-04-23 20:46:42,145 [ genlib ] [ INFO ] Searching order 4
2026-04-23 20:46:42,145 [ genlib ] [ INFO ] Searching order 5
2026-04-23 20:46:42,145 [ genlib ] [ INFO ] Searching order 6
2026-04-23 20:46:42,145 [ genlib ] [ INFO ] Searching order 7
2026-04-23 20:46:42,148 [ genlib ] [ INFO ] Updating bond lists
2026-04-23 20:46:42,148 [ genlib ] [ INFO ] Updating dihedrals
2026-04-23 20:46:42,148 [ genlib ] [ INFO ] Updating impropers
2026-04-23 20:46:42,149 [ genlib ] [ INFO ] Building library files for ASP --> LEU mutant
2026-04-23 20:46:42,149 [ genlib ] [ INFO ] reading rtp file "aminoacids.rtp"
2026-04-23 20:46:42,194 [ genlib ] [ INFO ] ENTERED SIMPLE
2026-04-23 20:46:42,195 [ genlib ] [ INFO ] Making atom pairs
2026-04-23 20:46:42,195 [ genlib ] [ INFO ] Searching branch 1
2026-04-23 20:46:42,195 [ genlib ] [ INFO ] Searching order 2
2026-04-23 20:46:42,195 [ genlib ] [ INFO ] Checking atom 1HB
2026-04-23 20:46:42,195 [ genlib ] [ INFO ] Define atom pair: ASP|1HB|HC|H         - > LEU|1HB|HC|H         (d = 0.06 A)
2026-04-23 20:46:42,195 [ genlib ] [ INFO ] Checking atom 2HB
2026-04-23 20:46:42,195 [ genlib ] [ INFO ] Define atom pair: ASP|2HB|HC|H         - > LEU|2HB|HC|H         (d = 0.05 A)
2026-04-23 20:46:42,195 [ genlib ] [ INFO ] Checking atom CG
2026-04-23 20:46:42,195 [ genlib ] [ INFO ] Define atom pair: ASP|CG|CO|C.2        - > LEU|CG|3C|C.3        (d = 0.12 A)
2026-04-23 20:46:42,195 [ genlib ] [ INFO ] Searching order 3
2026-04-23 20:46:42,195 [ genlib ] [ INFO ] Checking atom OD1
2026-04-23 20:46:42,195 [ genlib ] [ INFO ] Define atom pair: ASP|OD1|O2|O.co2     - > LEU|CD1|CT|C.3       (d = 0.21 A)
2026-04-23 20:46:42,195 [ genlib ] [ INFO ] Checking atom OD2
2026-04-23 20:46:42,195 [ genlib ] [ INFO ] No partner found for atom OD2
2026-04-23 20:46:42,195 [ genlib ] [ INFO ] Searching order 4
2026-04-23 20:46:42,195 [ genlib ] [ INFO ] Searching order 5
2026-04-23 20:46:42,195 [ genlib ] [ INFO ] Searching order 6
2026-04-23 20:46:42,195 [ genlib ] [ INFO ] Searching order 7
2026-04-23 20:46:42,195 [ genlib ] [ INFO ] Searching branch 2
2026-04-23 20:46:42,195 [ genlib ] [ INFO ] Searching order 2
2026-04-23 20:46:42,195 [ genlib ] [ INFO ] Searching order 3
2026-04-23 20:46:42,195 [ genlib ] [ INFO ] Checking atom OD2
2026-04-23 20:46:42,195 [ genlib ] [ INFO ] No partner found for atom OD2
2026-04-23 20:46:42,195 [ genlib ] [ INFO ] Searching order 4
2026-04-23 20:46:42,195 [ genlib ] [ INFO ] Searching order 5
2026-04-23 20:46:42,195 [ genlib ] [ INFO ] Searching order 6
2026-04-23 20:46:42,195 [ genlib ] [ INFO ] Searching order 7
2026-04-23 20:46:42,198 [ genlib ] [ INFO ] Updating bond lists
2026-04-23 20:46:42,198 [ genlib ] [ INFO ] Updating dihedrals
2026-04-23 20:46:42,198 [ genlib ] [ INFO ] Updating impropers
2026-04-23 20:46:42,198 [ genlib ] [ INFO ] Building library files for ASP --> LYN mutant
2026-04-23 20:46:42,199 [ genlib ] [ INFO ] reading rtp file "aminoacids.rtp"
2026-04-23 20:46:42,244 [ genlib ] [ INFO ] ENTERED SIMPLE
2026-04-23 20:46:42,244 [ genlib ] [ INFO ] Making atom pairs
2026-04-23 20:46:42,244 [ genlib ] [ INFO ] Searching branch 1
2026-04-23 20:46:42,244 [ genlib ] [ INFO ] Searching order 2
2026-04-23 20:46:42,244 [ genlib ] [ INFO ] Checking atom 1HB
2026-04-23 20:46:42,244 [ genlib ] [ INFO ] Define atom pair: ASP|1HB|HC|H         - > LYN|1HB|HC|H         (d = 0.13 A)
2026-04-23 20:46:42,244 [ genlib ] [ INFO ] Checking atom 2HB
2026-04-23 20:46:42,244 [ genlib ] [ INFO ] Define atom pair: ASP|2HB|HC|H         - > LYN|2HB|HC|H         (d = 0.10 A)
2026-04-23 20:46:42,244 [ genlib ] [ INFO ] Checking atom CG
2026-04-23 20:46:42,244 [ genlib ] [ INFO ] Define atom pair: ASP|CG|CO|C.2        - > LYN|CG|CT|C.3        (d = 0.18 A)
2026-04-23 20:46:42,244 [ genlib ] [ INFO ] Searching order 3
2026-04-23 20:46:42,244 [ genlib ] [ INFO ] Checking atom OD1
2026-04-23 20:46:42,244 [ genlib ] [ INFO ] Define atom pair: ASP|OD1|O2|O.co2     - > LYN|CD|CT|C.3        (d = 0.18 A)
2026-04-23 20:46:42,245 [ genlib ] [ INFO ] Checking atom OD2
2026-04-23 20:46:42,245 [ genlib ] [ INFO ] No partner found for atom OD2
2026-04-23 20:46:42,245 [ genlib ] [ INFO ] Searching order 4
2026-04-23 20:46:42,245 [ genlib ] [ INFO ] Searching order 5
2026-04-23 20:46:42,245 [ genlib ] [ INFO ] Searching order 6
2026-04-23 20:46:42,245 [ genlib ] [ INFO ] Searching order 7
2026-04-23 20:46:42,245 [ genlib ] [ INFO ] Searching branch 2
2026-04-23 20:46:42,245 [ genlib ] [ INFO ] Searching order 2
2026-04-23 20:46:42,245 [ genlib ] [ INFO ] Searching order 3
2026-04-23 20:46:42,245 [ genlib ] [ INFO ] Checking atom OD2
2026-04-23 20:46:42,245 [ genlib ] [ INFO ] No partner found for atom OD2
2026-04-23 20:46:42,245 [ genlib ] [ INFO ] Searching order 4
2026-04-23 20:46:42,245 [ genlib ] [ INFO ] Searching order 5
2026-04-23 20:46:42,245 [ genlib ] [ INFO ] Searching order 6
2026-04-23 20:46:42,245 [ genlib ] [ INFO ] Searching order 7
2026-04-23 20:46:42,249 [ genlib ] [ INFO ] Updating bond lists
2026-04-23 20:46:42,250 [ genlib ] [ INFO ] Updating dihedrals
2026-04-23 20:46:42,250 [ genlib ] [ INFO ] Updating impropers
2026-04-23 20:46:42,250 [ genlib ] [ INFO ] Building library files for ASP --> LYS mutant
2026-04-23 20:46:42,251 [ genlib ] [ INFO ] reading rtp file "aminoacids.rtp"
2026-04-23 20:46:42,294 [ genlib ] [ INFO ] ENTERED SIMPLE
2026-04-23 20:46:42,294 [ genlib ] [ INFO ] Making atom pairs
2026-04-23 20:46:42,294 [ genlib ] [ INFO ] Searching branch 1
2026-04-23 20:46:42,295 [ genlib ] [ INFO ] Searching order 2
2026-04-23 20:46:42,295 [ genlib ] [ INFO ] Checking atom 1HB
2026-04-23 20:46:42,295 [ genlib ] [ INFO ] Define atom pair: ASP|1HB|HC|H         - > LYS|1HB|HC|H         (d = 0.13 A)
2026-04-23 20:46:42,295 [ genlib ] [ INFO ] Checking atom 2HB
2026-04-23 20:46:42,295 [ genlib ] [ INFO ] Define atom pair: ASP|2HB|HC|H         - > LYS|2HB|HC|H         (d = 0.13 A)
2026-04-23 20:46:42,295 [ genlib ] [ INFO ] Checking atom CG
2026-04-23 20:46:42,295 [ genlib ] [ INFO ] Define atom pair: ASP|CG|CO|C.2        - > LYS|CG|C8|C.3        (d = 0.18 A)
2026-04-23 20:46:42,295 [ genlib ] [ INFO ] Searching order 3
2026-04-23 20:46:42,295 [ genlib ] [ INFO ] Checking atom OD1
2026-04-23 20:46:42,295 [ genlib ] [ INFO ] Define atom pair: ASP|OD1|O2|O.co2     - > LYS|CD|C8|C.3        (d = 0.17 A)
2026-04-23 20:46:42,295 [ genlib ] [ INFO ] Checking atom OD2
2026-04-23 20:46:42,295 [ genlib ] [ INFO ] No partner found for atom OD2
2026-04-23 20:46:42,295 [ genlib ] [ INFO ] Searching order 4
2026-04-23 20:46:42,295 [ genlib ] [ INFO ] Searching order 5
2026-04-23 20:46:42,295 [ genlib ] [ INFO ] Searching order 6
2026-04-23 20:46:42,295 [ genlib ] [ INFO ] Searching order 7
2026-04-23 20:46:42,295 [ genlib ] [ INFO ] Searching branch 2
2026-04-23 20:46:42,295 [ genlib ] [ INFO ] Searching order 2
2026-04-23 20:46:42,295 [ genlib ] [ INFO ] Searching order 3
2026-04-23 20:46:42,295 [ genlib ] [ INFO ] Checking atom OD2
2026-04-23 20:46:42,295 [ genlib ] [ INFO ] No partner found for atom OD2
2026-04-23 20:46:42,295 [ genlib ] [ INFO ] Searching order 4
2026-04-23 20:46:42,295 [ genlib ] [ INFO ] Searching order 5
2026-04-23 20:46:42,295 [ genlib ] [ INFO ] Searching order 6
2026-04-23 20:46:42,295 [ genlib ] [ INFO ] Searching order 7
2026-04-23 20:46:42,299 [ genlib ] [ INFO ] Updating bond lists
2026-04-23 20:46:42,299 [ genlib ] [ INFO ] Updating dihedrals
2026-04-23 20:46:42,299 [ genlib ] [ INFO ] Updating impropers
2026-04-23 20:46:42,300 [ genlib ] [ INFO ] Building library files for ASP --> MET mutant
2026-04-23 20:46:42,300 [ genlib ] [ INFO ] reading rtp file "aminoacids.rtp"
2026-04-23 20:46:42,344 [ genlib ] [ INFO ] ENTERED SIMPLE
2026-04-23 20:46:42,344 [ genlib ] [ INFO ] Making atom pairs
2026-04-23 20:46:42,344 [ genlib ] [ INFO ] Searching branch 1
2026-04-23 20:46:42,344 [ genlib ] [ INFO ] Searching order 2
2026-04-23 20:46:42,344 [ genlib ] [ INFO ] Checking atom 1HB
2026-04-23 20:46:42,344 [ genlib ] [ INFO ] Define atom pair: ASP|1HB|HC|H         - > MET|1HB|HC|H         (d = 0.08 A)
2026-04-23 20:46:42,344 [ genlib ] [ INFO ] Checking atom 2HB
2026-04-23 20:46:42,344 [ genlib ] [ INFO ] Define atom pair: ASP|2HB|HC|H         - > MET|2HB|HC|H         (d = 0.06 A)
2026-04-23 20:46:42,344 [ genlib ] [ INFO ] Checking atom CG
2026-04-23 20:46:42,344 [ genlib ] [ INFO ] Define atom pair: ASP|CG|CO|C.2        - > MET|CG|2C|C.3        (d = 0.05 A)
2026-04-23 20:46:42,344 [ genlib ] [ INFO ] Searching order 3
2026-04-23 20:46:42,344 [ genlib ] [ INFO ] Checking atom OD1
2026-04-23 20:46:42,344 [ genlib ] [ INFO ] Define atom pair: ASP|OD1|O2|O.co2     - > MET|SD|S|S.3         (d = 0.51 A)
2026-04-23 20:46:42,344 [ genlib ] [ INFO ] Checking atom OD2
2026-04-23 20:46:42,344 [ genlib ] [ INFO ] No partner found for atom OD2
2026-04-23 20:46:42,344 [ genlib ] [ INFO ] Searching order 4
2026-04-23 20:46:42,344 [ genlib ] [ INFO ] Searching order 5
2026-04-23 20:46:42,344 [ genlib ] [ INFO ] Searching order 6
2026-04-23 20:46:42,344 [ genlib ] [ INFO ] Searching order 7
2026-04-23 20:46:42,344 [ genlib ] [ INFO ] Searching branch 2
2026-04-23 20:46:42,344 [ genlib ] [ INFO ] Searching order 2
2026-04-23 20:46:42,344 [ genlib ] [ INFO ] Searching order 3
2026-04-23 20:46:42,344 [ genlib ] [ INFO ] Checking atom OD2
2026-04-23 20:46:42,344 [ genlib ] [ INFO ] No partner found for atom OD2
2026-04-23 20:46:42,344 [ genlib ] [ INFO ] Searching order 4
2026-04-23 20:46:42,344 [ genlib ] [ INFO ] Searching order 5
2026-04-23 20:46:42,344 [ genlib ] [ INFO ] Searching order 6
2026-04-23 20:46:42,344 [ genlib ] [ INFO ] Searching order 7
2026-04-23 20:46:42,346 [ genlib ] [ INFO ] Updating bond lists
2026-04-23 20:46:42,346 [ genlib ] [ INFO ] Updating dihedrals
2026-04-23 20:46:42,346 [ genlib ] [ INFO ] Updating impropers
2026-04-23 20:46:42,347 [ genlib ] [ INFO ] Building library files for ASP --> PHE mutant
2026-04-23 20:46:42,347 [ genlib ] [ INFO ] reading rtp file "aminoacids.rtp"
2026-04-23 20:46:42,390 [ genlib ] [ INFO ] ENTERED RINGS
2026-04-23 20:46:42,390 [ genlib ] [ INFO ] Making atom pairs
2026-04-23 20:46:42,394 [ genlib ] [ INFO ] Updating bond lists
2026-04-23 20:46:42,395 [ genlib ] [ INFO ] Updating dihedrals
2026-04-23 20:46:42,395 [ genlib ] [ INFO ] Updating impropers
2026-04-23 20:46:42,395 [ genlib ] [ INFO ] Building library files for ASP --> PRO mutant
2026-04-23 20:46:42,395 [ genlib ] [ INFO ] reading rtp file "aminoacids.rtp"
2026-04-23 20:46:42,439 [ genlib ] [ INFO ] ENTERED P
2026-04-23 20:46:42,439 [ genlib ] [ INFO ] Making atom pairs
2026-04-23 20:46:42,443 [ genlib ] [ INFO ] Updating bond lists
2026-04-23 20:46:42,443 [ genlib ] [ INFO ] Updating dihedrals
2026-04-23 20:46:42,443 [ genlib ] [ INFO ] Updating impropers
2026-04-23 20:46:42,443 [ genlib ] [ INFO ] Building library files for ASP --> SER mutant
2026-04-23 20:46:42,444 [ genlib ] [ INFO ] reading rtp file "aminoacids.rtp"
2026-04-23 20:46:42,488 [ genlib ] [ INFO ] ENTERED SIMPLE
2026-04-23 20:46:42,488 [ genlib ] [ INFO ] Making atom pairs
2026-04-23 20:46:42,488 [ genlib ] [ INFO ] Searching branch 1
2026-04-23 20:46:42,488 [ genlib ] [ INFO ] Searching order 2
2026-04-23 20:46:42,488 [ genlib ] [ INFO ] Checking atom 1HB
2026-04-23 20:46:42,488 [ genlib ] [ INFO ] Define atom pair: ASP|1HB|HC|H         - > SER|1HB|H1|H         (d = 0.08 A)
2026-04-23 20:46:42,488 [ genlib ] [ INFO ] Checking atom 2HB
2026-04-23 20:46:42,488 [ genlib ] [ INFO ] Define atom pair: ASP|2HB|HC|H         - > SER|2HB|H1|H         (d = 0.09 A)
2026-04-23 20:46:42,488 [ genlib ] [ INFO ] Checking atom CG
2026-04-23 20:46:42,488 [ genlib ] [ INFO ] Define atom pair: ASP|CG|CO|C.2        - > SER|OG|OH|O.3        (d = 0.13 A)
2026-04-23 20:46:42,488 [ genlib ] [ INFO ] Searching order 3
2026-04-23 20:46:42,488 [ genlib ] [ INFO ] Checking atom OD1
2026-04-23 20:46:42,488 [ genlib ] [ INFO ] Define atom pair: ASP|OD1|O2|O.co2     - > SER|HG|HO|H          (d = 0.42 A)
2026-04-23 20:46:42,488 [ genlib ] [ INFO ] Checking atom OD2
2026-04-23 20:46:42,488 [ genlib ] [ INFO ] No partner found for atom OD2
2026-04-23 20:46:42,488 [ genlib ] [ INFO ] Searching order 4
2026-04-23 20:46:42,488 [ genlib ] [ INFO ] Searching order 5
2026-04-23 20:46:42,488 [ genlib ] [ INFO ] Searching order 6
2026-04-23 20:46:42,488 [ genlib ] [ INFO ] Searching order 7
2026-04-23 20:46:42,488 [ genlib ] [ INFO ] Searching branch 2
2026-04-23 20:46:42,488 [ genlib ] [ INFO ] Searching order 2
2026-04-23 20:46:42,488 [ genlib ] [ INFO ] Searching order 3
2026-04-23 20:46:42,488 [ genlib ] [ INFO ] Checking atom OD2
2026-04-23 20:46:42,488 [ genlib ] [ INFO ] No partner found for atom OD2
2026-04-23 20:46:42,488 [ genlib ] [ INFO ] Searching order 4
2026-04-23 20:46:42,488 [ genlib ] [ INFO ] Searching order 5
2026-04-23 20:46:42,488 [ genlib ] [ INFO ] Searching order 6
2026-04-23 20:46:42,488 [ genlib ] [ INFO ] Searching order 7
2026-04-23 20:46:42,488 [ genlib ] [ INFO ] Updating bond lists
2026-04-23 20:46:42,488 [ genlib ] [ INFO ] Updating dihedrals
2026-04-23 20:46:42,488 [ genlib ] [ INFO ] Updating impropers
2026-04-23 20:46:42,489 [ genlib ] [ INFO ] Building library files for ASP --> THR mutant
2026-04-23 20:46:42,489 [ genlib ] [ INFO ] reading rtp file "aminoacids.rtp"
2026-04-23 20:46:42,534 [ genlib ] [ INFO ] ENTERED SIMPLE
2026-04-23 20:46:42,534 [ genlib ] [ INFO ] Making atom pairs
2026-04-23 20:46:42,534 [ genlib ] [ INFO ] Searching branch 1
2026-04-23 20:46:42,534 [ genlib ] [ INFO ] Searching order 2
2026-04-23 20:46:42,534 [ genlib ] [ INFO ] Checking atom 1HB
2026-04-23 20:46:42,534 [ genlib ] [ INFO ] Define atom pair: ASP|1HB|HC|H         - > THR|HB|H1|H          (d = 0.04 A)
2026-04-23 20:46:42,534 [ genlib ] [ INFO ] Checking atom 2HB
2026-04-23 20:46:42,534 [ genlib ] [ INFO ] Define atom pair: ASP|2HB|HC|H         - > THR|CG2|CT|C.3       (d = 0.48 A)
2026-04-23 20:46:42,534 [ genlib ] [ INFO ] Checking atom CG
2026-04-23 20:46:42,534 [ genlib ] [ INFO ] Define atom pair: ASP|CG|CO|C.2        - > THR|OG1|OH|O.3       (d = 0.15 A)
2026-04-23 20:46:42,534 [ genlib ] [ INFO ] Searching order 3
2026-04-23 20:46:42,534 [ genlib ] [ INFO ] Checking atom OD1
2026-04-23 20:46:42,534 [ genlib ] [ INFO ] Define atom pair: ASP|OD1|O2|O.co2     - > THR|HG1|HO|H         (d = 0.48 A)
2026-04-23 20:46:42,534 [ genlib ] [ INFO ] Checking atom OD2
2026-04-23 20:46:42,534 [ genlib ] [ INFO ] No partner found for atom OD2
2026-04-23 20:46:42,534 [ genlib ] [ INFO ] Searching order 4
2026-04-23 20:46:42,534 [ genlib ] [ INFO ] Searching order 5
2026-04-23 20:46:42,534 [ genlib ] [ INFO ] Searching order 6
2026-04-23 20:46:42,534 [ genlib ] [ INFO ] Searching order 7
2026-04-23 20:46:42,534 [ genlib ] [ INFO ] Searching branch 2
2026-04-23 20:46:42,534 [ genlib ] [ INFO ] Searching order 2
2026-04-23 20:46:42,534 [ genlib ] [ INFO ] Searching order 3
2026-04-23 20:46:42,534 [ genlib ] [ INFO ] Checking atom OD2
2026-04-23 20:46:42,534 [ genlib ] [ INFO ] No partner found for atom OD2
2026-04-23 20:46:42,534 [ genlib ] [ INFO ] Searching order 4
2026-04-23 20:46:42,534 [ genlib ] [ INFO ] Searching order 5
2026-04-23 20:46:42,534 [ genlib ] [ INFO ] Searching order 6
2026-04-23 20:46:42,534 [ genlib ] [ INFO ] Searching order 7
2026-04-23 20:46:42,536 [ genlib ] [ INFO ] Updating bond lists
2026-04-23 20:46:42,536 [ genlib ] [ INFO ] Updating dihedrals
2026-04-23 20:46:42,536 [ genlib ] [ INFO ] Updating impropers
2026-04-23 20:46:42,536 [ genlib ] [ INFO ] Building library files for ASP --> TRP mutant
2026-04-23 20:46:42,537 [ genlib ] [ INFO ] reading rtp file "aminoacids.rtp"
2026-04-23 20:46:42,583 [ genlib ] [ INFO ] ENTERED RINGS
2026-04-23 20:46:42,583 [ genlib ] [ INFO ] Making atom pairs
2026-04-23 20:46:42,591 [ genlib ] [ INFO ] Updating bond lists
2026-04-23 20:46:42,591 [ genlib ] [ INFO ] Updating dihedrals
2026-04-23 20:46:42,591 [ genlib ] [ INFO ] Updating impropers
2026-04-23 20:46:42,591 [ genlib ] [ INFO ] Building library files for ASP --> TYR mutant
2026-04-23 20:46:42,592 [ genlib ] [ INFO ] reading rtp file "aminoacids.rtp"
2026-04-23 20:46:42,637 [ genlib ] [ INFO ] ENTERED RINGS
2026-04-23 20:46:42,637 [ genlib ] [ INFO ] Making atom pairs
2026-04-23 20:46:42,642 [ genlib ] [ INFO ] Updating bond lists
2026-04-23 20:46:42,642 [ genlib ] [ INFO ] Updating dihedrals
2026-04-23 20:46:42,642 [ genlib ] [ INFO ] Updating impropers
2026-04-23 20:46:42,642 [ genlib ] [ INFO ] Building library files for ASP --> VAL mutant
2026-04-23 20:46:42,643 [ genlib ] [ INFO ] reading rtp file "aminoacids.rtp"
2026-04-23 20:46:42,686 [ genlib ] [ INFO ] ENTERED SIMPLE
2026-04-23 20:46:42,686 [ genlib ] [ INFO ] Making atom pairs
2026-04-23 20:46:42,686 [ genlib ] [ INFO ] Searching branch 1
2026-04-23 20:46:42,686 [ genlib ] [ INFO ] Searching order 2
2026-04-23 20:46:42,686 [ genlib ] [ INFO ] Checking atom 1HB
2026-04-23 20:46:42,686 [ genlib ] [ INFO ] Define atom pair: ASP|1HB|HC|H         - > VAL|HB|HC|H          (d = 0.15 A)
2026-04-23 20:46:42,686 [ genlib ] [ INFO ] Checking atom 2HB
2026-04-23 20:46:42,686 [ genlib ] [ INFO ] Define atom pair: ASP|2HB|HC|H         - > VAL|CG1|CT|C.3       (d = 0.47 A)
2026-04-23 20:46:42,686 [ genlib ] [ INFO ] Checking atom CG
2026-04-23 20:46:42,686 [ genlib ] [ INFO ] Define atom pair: ASP|CG|CO|C.2        - > VAL|CG2|CT|C.3       (d = 0.06 A)
2026-04-23 20:46:42,686 [ genlib ] [ INFO ] Searching order 3
2026-04-23 20:46:42,686 [ genlib ] [ INFO ] Checking atom OD1
2026-04-23 20:46:42,686 [ genlib ] [ INFO ] Define atom pair: ASP|OD1|O2|O.co2     - > VAL|1HG2|HC|H        (d = 0.19 A)
2026-04-23 20:46:42,686 [ genlib ] [ INFO ] Checking atom OD2
2026-04-23 20:46:42,686 [ genlib ] [ INFO ] No partner found for atom OD2
2026-04-23 20:46:42,686 [ genlib ] [ INFO ] Searching order 4
2026-04-23 20:46:42,686 [ genlib ] [ INFO ] Searching order 5
2026-04-23 20:46:42,686 [ genlib ] [ INFO ] Searching order 6
2026-04-23 20:46:42,686 [ genlib ] [ INFO ] Searching order 7
2026-04-23 20:46:42,686 [ genlib ] [ INFO ] Searching branch 2
2026-04-23 20:46:42,686 [ genlib ] [ INFO ] Searching order 2
2026-04-23 20:46:42,686 [ genlib ] [ INFO ] Searching order 3
2026-04-23 20:46:42,686 [ genlib ] [ INFO ] Checking atom OD2
2026-04-23 20:46:42,687 [ genlib ] [ INFO ] No partner found for atom OD2
2026-04-23 20:46:42,687 [ genlib ] [ INFO ] Searching order 4
2026-04-23 20:46:42,687 [ genlib ] [ INFO ] Searching order 5
2026-04-23 20:46:42,687 [ genlib ] [ INFO ] Searching order 6
2026-04-23 20:46:42,687 [ genlib ] [ INFO ] Searching order 7
2026-04-23 20:46:42,688 [ genlib ] [ INFO ] Updating bond lists
2026-04-23 20:46:42,688 [ genlib ] [ INFO ] Updating dihedrals
2026-04-23 20:46:42,688 [ genlib ] [ INFO ] Updating impropers
2026-04-23 20:46:42,689 [ genlib ] [ INFO ] Building library files for CYS --> ALA mutant
2026-04-23 20:46:42,689 [ genlib ] [ INFO ] reading rtp file "aminoacids.rtp"
2026-04-23 20:46:42,733 [ genlib ] [ INFO ] ENTERED SIMPLE
2026-04-23 20:46:42,733 [ genlib ] [ INFO ] Making atom pairs
2026-04-23 20:46:42,733 [ genlib ] [ INFO ] Searching branch 1
2026-04-23 20:46:42,733 [ genlib ] [ INFO ] Searching order 2
2026-04-23 20:46:42,733 [ genlib ] [ INFO ] Checking atom 1HB
2026-04-23 20:46:42,733 [ genlib ] [ INFO ] Define atom pair: CYS|1HB|H1|H         - > ALA|2HB|HC|H         (d = 0.02 A)
2026-04-23 20:46:42,733 [ genlib ] [ INFO ] Checking atom 2HB
2026-04-23 20:46:42,733 [ genlib ] [ INFO ] Define atom pair: CYS|2HB|H1|H         - > ALA|3HB|HC|H         (d = 0.03 A)
2026-04-23 20:46:42,733 [ genlib ] [ INFO ] Checking atom SG
2026-04-23 20:46:42,733 [ genlib ] [ INFO ] No partner found for atom SG
2026-04-23 20:46:42,733 [ genlib ] [ INFO ] Searching order 3
2026-04-23 20:46:42,733 [ genlib ] [ INFO ] Searching order 4
2026-04-23 20:46:42,733 [ genlib ] [ INFO ] Searching order 5
2026-04-23 20:46:42,733 [ genlib ] [ INFO ] Searching order 6
2026-04-23 20:46:42,733 [ genlib ] [ INFO ] Searching order 7
2026-04-23 20:46:42,733 [ genlib ] [ INFO ] Searching branch 2
2026-04-23 20:46:42,733 [ genlib ] [ INFO ] Searching order 2
2026-04-23 20:46:42,733 [ genlib ] [ INFO ] Checking atom SG
2026-04-23 20:46:42,733 [ genlib ] [ INFO ] No partner found for atom SG
2026-04-23 20:46:42,733 [ genlib ] [ INFO ] Searching order 3
2026-04-23 20:46:42,733 [ genlib ] [ INFO ] Searching order 4
2026-04-23 20:46:42,733 [ genlib ] [ INFO ] Searching order 5
2026-04-23 20:46:42,733 [ genlib ] [ INFO ] Searching order 6
2026-04-23 20:46:42,733 [ genlib ] [ INFO ] Searching order 7
2026-04-23 20:46:42,734 [ genlib ] [ INFO ] Updating bond lists
2026-04-23 20:46:42,734 [ genlib ] [ INFO ] Updating dihedrals
2026-04-23 20:46:42,734 [ genlib ] [ INFO ] Updating impropers
2026-04-23 20:46:42,734 [ genlib ] [ INFO ] Building library files for CYS --> ARG mutant
2026-04-23 20:46:42,735 [ genlib ] [ INFO ] reading rtp file "aminoacids.rtp"
2026-04-23 20:46:42,779 [ genlib ] [ INFO ] ENTERED SIMPLE
2026-04-23 20:46:42,779 [ genlib ] [ INFO ] Making atom pairs
2026-04-23 20:46:42,779 [ genlib ] [ INFO ] Searching branch 1
2026-04-23 20:46:42,779 [ genlib ] [ INFO ] Searching order 2
2026-04-23 20:46:42,779 [ genlib ] [ INFO ] Checking atom 1HB
2026-04-23 20:46:42,779 [ genlib ] [ INFO ] Define atom pair: CYS|1HB|H1|H         - > ARG|1HB|HC|H         (d = 0.09 A)
2026-04-23 20:46:42,779 [ genlib ] [ INFO ] Checking atom 2HB
2026-04-23 20:46:42,779 [ genlib ] [ INFO ] Define atom pair: CYS|2HB|H1|H         - > ARG|2HB|HC|H         (d = 0.06 A)
2026-04-23 20:46:42,779 [ genlib ] [ INFO ] Checking atom SG
2026-04-23 20:46:42,779 [ genlib ] [ INFO ] Define atom pair: CYS|SG|SH|S.3        - > ARG|CG|C8|C.3        (d = 0.33 A)
2026-04-23 20:46:42,779 [ genlib ] [ INFO ] Searching order 3
2026-04-23 20:46:42,779 [ genlib ] [ INFO ] Checking atom HG
2026-04-23 20:46:42,779 [ genlib ] [ INFO ] Define atom pair: CYS|HG|HS|H          - > ARG|CD|C8|C.3        (d = 0.26 A)
2026-04-23 20:46:42,779 [ genlib ] [ INFO ] Searching order 4
2026-04-23 20:46:42,779 [ genlib ] [ INFO ] Searching order 5
2026-04-23 20:46:42,779 [ genlib ] [ INFO ] Searching order 6
2026-04-23 20:46:42,779 [ genlib ] [ INFO ] Searching order 7
2026-04-23 20:46:42,779 [ genlib ] [ INFO ] Searching branch 2
2026-04-23 20:46:42,779 [ genlib ] [ INFO ] Searching order 2
2026-04-23 20:46:42,779 [ genlib ] [ INFO ] Searching order 3
2026-04-23 20:46:42,779 [ genlib ] [ INFO ] Searching order 4
2026-04-23 20:46:42,779 [ genlib ] [ INFO ] Searching order 5
2026-04-23 20:46:42,779 [ genlib ] [ INFO ] Searching order 6
2026-04-23 20:46:42,779 [ genlib ] [ INFO ] Searching order 7
2026-04-23 20:46:42,785 [ genlib ] [ INFO ] Updating bond lists
2026-04-23 20:46:42,785 [ genlib ] [ INFO ] Updating dihedrals
2026-04-23 20:46:42,785 [ genlib ] [ INFO ] Updating impropers
2026-04-23 20:46:42,785 [ genlib ] [ INFO ] Building library files for CYS --> ASH mutant
2026-04-23 20:46:42,786 [ genlib ] [ INFO ] reading rtp file "aminoacids.rtp"
2026-04-23 20:46:42,828 [ genlib ] [ INFO ] ENTERED SIMPLE
2026-04-23 20:46:42,828 [ genlib ] [ INFO ] Making atom pairs
2026-04-23 20:46:42,829 [ genlib ] [ INFO ] Searching branch 1
2026-04-23 20:46:42,829 [ genlib ] [ INFO ] Searching order 2
2026-04-23 20:46:42,829 [ genlib ] [ INFO ] Checking atom 1HB
2026-04-23 20:46:42,829 [ genlib ] [ INFO ] Define atom pair: CYS|1HB|H1|H         - > ASH|1HB|HC|H         (d = 0.11 A)
2026-04-23 20:46:42,829 [ genlib ] [ INFO ] Checking atom 2HB
2026-04-23 20:46:42,829 [ genlib ] [ INFO ] Define atom pair: CYS|2HB|H1|H         - > ASH|2HB|HC|H         (d = 0.14 A)
2026-04-23 20:46:42,829 [ genlib ] [ INFO ] Checking atom SG
2026-04-23 20:46:42,829 [ genlib ] [ INFO ] Define atom pair: CYS|SG|SH|S.3        - > ASH|CG|C|C.2         (d = 0.25 A)
2026-04-23 20:46:42,829 [ genlib ] [ INFO ] Searching order 3
2026-04-23 20:46:42,829 [ genlib ] [ INFO ] Checking atom HG
2026-04-23 20:46:42,829 [ genlib ] [ INFO ] Define atom pair: CYS|HG|HS|H          - > ASH|OD1|O|O.co2      (d = 0.24 A)
2026-04-23 20:46:42,829 [ genlib ] [ INFO ] Searching order 4
2026-04-23 20:46:42,829 [ genlib ] [ INFO ] Searching order 5
2026-04-23 20:46:42,829 [ genlib ] [ INFO ] Searching order 6
2026-04-23 20:46:42,829 [ genlib ] [ INFO ] Searching order 7
2026-04-23 20:46:42,829 [ genlib ] [ INFO ] Searching branch 2
2026-04-23 20:46:42,829 [ genlib ] [ INFO ] Searching order 2
2026-04-23 20:46:42,829 [ genlib ] [ INFO ] Searching order 3
2026-04-23 20:46:42,829 [ genlib ] [ INFO ] Searching order 4
2026-04-23 20:46:42,829 [ genlib ] [ INFO ] Searching order 5
2026-04-23 20:46:42,829 [ genlib ] [ INFO ] Searching order 6
2026-04-23 20:46:42,829 [ genlib ] [ INFO ] Searching order 7
2026-04-23 20:46:42,830 [ genlib ] [ INFO ] Updating bond lists
2026-04-23 20:46:42,830 [ genlib ] [ INFO ] Updating dihedrals
2026-04-23 20:46:42,830 [ genlib ] [ INFO ] Updating impropers
2026-04-23 20:46:42,830 [ genlib ] [ INFO ] Building library files for CYS --> ASN mutant
2026-04-23 20:46:42,830 [ genlib ] [ INFO ] reading rtp file "aminoacids.rtp"
2026-04-23 20:46:42,883 [ genlib ] [ INFO ] ENTERED SIMPLE
2026-04-23 20:46:42,884 [ genlib ] [ INFO ] Making atom pairs
2026-04-23 20:46:42,884 [ genlib ] [ INFO ] Searching branch 1
2026-04-23 20:46:42,884 [ genlib ] [ INFO ] Searching order 2
2026-04-23 20:46:42,884 [ genlib ] [ INFO ] Checking atom 1HB
2026-04-23 20:46:42,884 [ genlib ] [ INFO ] Define atom pair: CYS|1HB|H1|H         - > ASN|1HB|HC|H         (d = 0.06 A)
2026-04-23 20:46:42,884 [ genlib ] [ INFO ] Checking atom 2HB
2026-04-23 20:46:42,884 [ genlib ] [ INFO ] Define atom pair: CYS|2HB|H1|H         - > ASN|2HB|HC|H         (d = 0.12 A)
2026-04-23 20:46:42,884 [ genlib ] [ INFO ] Checking atom SG
2026-04-23 20:46:42,884 [ genlib ] [ INFO ] Define atom pair: CYS|SG|SH|S.3        - > ASN|CG|C|C.2         (d = 0.21 A)
2026-04-23 20:46:42,884 [ genlib ] [ INFO ] Searching order 3
2026-04-23 20:46:42,884 [ genlib ] [ INFO ] Checking atom HG
2026-04-23 20:46:42,884 [ genlib ] [ INFO ] Define atom pair: CYS|HG|HS|H          - > ASN|OD1|O|O.2        (d = 0.38 A)
2026-04-23 20:46:42,884 [ genlib ] [ INFO ] Searching order 4
2026-04-23 20:46:42,884 [ genlib ] [ INFO ] Searching order 5
2026-04-23 20:46:42,884 [ genlib ] [ INFO ] Searching order 6
2026-04-23 20:46:42,884 [ genlib ] [ INFO ] Searching order 7
2026-04-23 20:46:42,884 [ genlib ] [ INFO ] Searching branch 2
2026-04-23 20:46:42,884 [ genlib ] [ INFO ] Searching order 2
2026-04-23 20:46:42,884 [ genlib ] [ INFO ] Searching order 3
2026-04-23 20:46:42,884 [ genlib ] [ INFO ] Searching order 4
2026-04-23 20:46:42,884 [ genlib ] [ INFO ] Searching order 5
2026-04-23 20:46:42,884 [ genlib ] [ INFO ] Searching order 6
2026-04-23 20:46:42,884 [ genlib ] [ INFO ] Searching order 7
2026-04-23 20:46:42,885 [ genlib ] [ INFO ] Updating bond lists
2026-04-23 20:46:42,885 [ genlib ] [ INFO ] Updating dihedrals
2026-04-23 20:46:42,885 [ genlib ] [ INFO ] Updating impropers
2026-04-23 20:46:42,886 [ genlib ] [ INFO ] Building library files for CYS --> ASP mutant
2026-04-23 20:46:42,886 [ genlib ] [ INFO ] reading rtp file "aminoacids.rtp"
2026-04-23 20:46:42,931 [ genlib ] [ INFO ] ENTERED SIMPLE
2026-04-23 20:46:42,932 [ genlib ] [ INFO ] Making atom pairs
2026-04-23 20:46:42,932 [ genlib ] [ INFO ] Searching branch 1
2026-04-23 20:46:42,932 [ genlib ] [ INFO ] Searching order 2
2026-04-23 20:46:42,932 [ genlib ] [ INFO ] Checking atom 1HB
2026-04-23 20:46:42,932 [ genlib ] [ INFO ] Define atom pair: CYS|1HB|H1|H         - > ASP|1HB|HC|H         (d = 0.04 A)
2026-04-23 20:46:42,932 [ genlib ] [ INFO ] Checking atom 2HB
2026-04-23 20:46:42,932 [ genlib ] [ INFO ] Define atom pair: CYS|2HB|H1|H         - > ASP|2HB|HC|H         (d = 0.07 A)
2026-04-23 20:46:42,932 [ genlib ] [ INFO ] Checking atom SG
2026-04-23 20:46:42,932 [ genlib ] [ INFO ] Define atom pair: CYS|SG|SH|S.3        - > ASP|CG|CO|C.2        (d = 0.25 A)
2026-04-23 20:46:42,932 [ genlib ] [ INFO ] Searching order 3
2026-04-23 20:46:42,932 [ genlib ] [ INFO ] Checking atom HG
2026-04-23 20:46:42,932 [ genlib ] [ INFO ] Define atom pair: CYS|HG|HS|H          - > ASP|OD1|O2|O.co2     (d = 0.24 A)
2026-04-23 20:46:42,932 [ genlib ] [ INFO ] Searching order 4
2026-04-23 20:46:42,932 [ genlib ] [ INFO ] Searching order 5
2026-04-23 20:46:42,932 [ genlib ] [ INFO ] Searching order 6
2026-04-23 20:46:42,932 [ genlib ] [ INFO ] Searching order 7
2026-04-23 20:46:42,932 [ genlib ] [ INFO ] Searching branch 2
2026-04-23 20:46:42,932 [ genlib ] [ INFO ] Searching order 2
2026-04-23 20:46:42,932 [ genlib ] [ INFO ] Searching order 3
2026-04-23 20:46:42,932 [ genlib ] [ INFO ] Searching order 4
2026-04-23 20:46:42,932 [ genlib ] [ INFO ] Searching order 5
2026-04-23 20:46:42,932 [ genlib ] [ INFO ] Searching order 6
2026-04-23 20:46:42,932 [ genlib ] [ INFO ] Searching order 7
2026-04-23 20:46:42,932 [ genlib ] [ INFO ] Updating bond lists
2026-04-23 20:46:42,933 [ genlib ] [ INFO ] Updating dihedrals
2026-04-23 20:46:42,933 [ genlib ] [ INFO ] Updating impropers
2026-04-23 20:46:42,933 [ genlib ] [ INFO ] Building library files for CYS --> GLH mutant
2026-04-23 20:46:42,933 [ genlib ] [ INFO ] reading rtp file "aminoacids.rtp"
2026-04-23 20:46:42,976 [ genlib ] [ INFO ] ENTERED SIMPLE
2026-04-23 20:46:42,976 [ genlib ] [ INFO ] Making atom pairs
2026-04-23 20:46:42,976 [ genlib ] [ INFO ] Searching branch 1
2026-04-23 20:46:42,976 [ genlib ] [ INFO ] Searching order 2
2026-04-23 20:46:42,976 [ genlib ] [ INFO ] Checking atom 1HB
2026-04-23 20:46:42,976 [ genlib ] [ INFO ] Define atom pair: CYS|1HB|H1|H         - > GLH|1HB|HC|H         (d = 0.17 A)
2026-04-23 20:46:42,976 [ genlib ] [ INFO ] Checking atom 2HB
2026-04-23 20:46:42,976 [ genlib ] [ INFO ] Define atom pair: CYS|2HB|H1|H         - > GLH|2HB|HC|H         (d = 0.21 A)
2026-04-23 20:46:42,976 [ genlib ] [ INFO ] Checking atom SG
2026-04-23 20:46:42,976 [ genlib ] [ INFO ] Define atom pair: CYS|SG|SH|S.3        - > GLH|CG|2C|C.3        (d = 0.25 A)
2026-04-23 20:46:42,976 [ genlib ] [ INFO ] Searching order 3
2026-04-23 20:46:42,976 [ genlib ] [ INFO ] Checking atom HG
2026-04-23 20:46:42,976 [ genlib ] [ INFO ] Define atom pair: CYS|HG|HS|H          - > GLH|CD|C|C.2         (d = 0.29 A)
2026-04-23 20:46:42,976 [ genlib ] [ INFO ] Searching order 4
2026-04-23 20:46:42,976 [ genlib ] [ INFO ] Searching order 5
2026-04-23 20:46:42,976 [ genlib ] [ INFO ] Searching order 6
2026-04-23 20:46:42,976 [ genlib ] [ INFO ] Searching order 7
2026-04-23 20:46:42,976 [ genlib ] [ INFO ] Searching branch 2
2026-04-23 20:46:42,976 [ genlib ] [ INFO ] Searching order 2
2026-04-23 20:46:42,976 [ genlib ] [ INFO ] Searching order 3
2026-04-23 20:46:42,976 [ genlib ] [ INFO ] Searching order 4
2026-04-23 20:46:42,976 [ genlib ] [ INFO ] Searching order 5
2026-04-23 20:46:42,976 [ genlib ] [ INFO ] Searching order 6
2026-04-23 20:46:42,976 [ genlib ] [ INFO ] Searching order 7
2026-04-23 20:46:42,978 [ genlib ] [ INFO ] Updating bond lists
2026-04-23 20:46:42,978 [ genlib ] [ INFO ] Updating dihedrals
2026-04-23 20:46:42,978 [ genlib ] [ INFO ] Updating impropers
2026-04-23 20:46:42,978 [ genlib ] [ INFO ] Building library files for CYS --> GLN mutant
2026-04-23 20:46:42,979 [ genlib ] [ INFO ] reading rtp file "aminoacids.rtp"
2026-04-23 20:46:43,022 [ genlib ] [ INFO ] ENTERED SIMPLE
2026-04-23 20:46:43,022 [ genlib ] [ INFO ] Making atom pairs
2026-04-23 20:46:43,022 [ genlib ] [ INFO ] Searching branch 1
2026-04-23 20:46:43,022 [ genlib ] [ INFO ] Searching order 2
2026-04-23 20:46:43,022 [ genlib ] [ INFO ] Checking atom 1HB
2026-04-23 20:46:43,022 [ genlib ] [ INFO ] Define atom pair: CYS|1HB|H1|H         - > GLN|1HB|HC|H         (d = 0.07 A)
2026-04-23 20:46:43,022 [ genlib ] [ INFO ] Checking atom 2HB
2026-04-23 20:46:43,022 [ genlib ] [ INFO ] Define atom pair: CYS|2HB|H1|H         - > GLN|2HB|HC|H         (d = 0.05 A)
2026-04-23 20:46:43,022 [ genlib ] [ INFO ] Checking atom SG
2026-04-23 20:46:43,022 [ genlib ] [ INFO ] Define atom pair: CYS|SG|SH|S.3        - > GLN|CG|2C|C.3        (d = 0.29 A)
2026-04-23 20:46:43,022 [ genlib ] [ INFO ] Searching order 3
2026-04-23 20:46:43,022 [ genlib ] [ INFO ] Checking atom HG
2026-04-23 20:46:43,022 [ genlib ] [ INFO ] Define atom pair: CYS|HG|HS|H          - > GLN|CD|C|C.2         (d = 0.29 A)
2026-04-23 20:46:43,022 [ genlib ] [ INFO ] Searching order 4
2026-04-23 20:46:43,022 [ genlib ] [ INFO ] Searching order 5
2026-04-23 20:46:43,022 [ genlib ] [ INFO ] Searching order 6
2026-04-23 20:46:43,022 [ genlib ] [ INFO ] Searching order 7
2026-04-23 20:46:43,022 [ genlib ] [ INFO ] Searching branch 2
2026-04-23 20:46:43,022 [ genlib ] [ INFO ] Searching order 2
2026-04-23 20:46:43,022 [ genlib ] [ INFO ] Searching order 3
2026-04-23 20:46:43,022 [ genlib ] [ INFO ] Searching order 4
2026-04-23 20:46:43,022 [ genlib ] [ INFO ] Searching order 5
2026-04-23 20:46:43,022 [ genlib ] [ INFO ] Searching order 6
2026-04-23 20:46:43,022 [ genlib ] [ INFO ] Searching order 7
2026-04-23 20:46:43,025 [ genlib ] [ INFO ] Updating bond lists
2026-04-23 20:46:43,025 [ genlib ] [ INFO ] Updating dihedrals
2026-04-23 20:46:43,025 [ genlib ] [ INFO ] Updating impropers
2026-04-23 20:46:43,025 [ genlib ] [ INFO ] Building library files for CYS --> GLU mutant
2026-04-23 20:46:43,025 [ genlib ] [ INFO ] reading rtp file "aminoacids.rtp"
2026-04-23 20:46:43,068 [ genlib ] [ INFO ] ENTERED SIMPLE
2026-04-23 20:46:43,068 [ genlib ] [ INFO ] Making atom pairs
2026-04-23 20:46:43,068 [ genlib ] [ INFO ] Searching branch 1
2026-04-23 20:46:43,068 [ genlib ] [ INFO ] Searching order 2
2026-04-23 20:46:43,068 [ genlib ] [ INFO ] Checking atom 1HB
2026-04-23 20:46:43,068 [ genlib ] [ INFO ] Define atom pair: CYS|1HB|H1|H         - > GLU|1HB|HC|H         (d = 0.16 A)
2026-04-23 20:46:43,068 [ genlib ] [ INFO ] Checking atom 2HB
2026-04-23 20:46:43,068 [ genlib ] [ INFO ] Define atom pair: CYS|2HB|H1|H         - > GLU|2HB|HC|H         (d = 0.17 A)
2026-04-23 20:46:43,068 [ genlib ] [ INFO ] Checking atom SG
2026-04-23 20:46:43,068 [ genlib ] [ INFO ] Define atom pair: CYS|SG|SH|S.3        - > GLU|CG|2C|C.3        (d = 0.25 A)
2026-04-23 20:46:43,068 [ genlib ] [ INFO ] Searching order 3
2026-04-23 20:46:43,069 [ genlib ] [ INFO ] Checking atom HG
2026-04-23 20:46:43,069 [ genlib ] [ INFO ] Define atom pair: CYS|HG|HS|H          - > GLU|CD|CO|C.2        (d = 0.29 A)
2026-04-23 20:46:43,069 [ genlib ] [ INFO ] Searching order 4
2026-04-23 20:46:43,069 [ genlib ] [ INFO ] Searching order 5
2026-04-23 20:46:43,069 [ genlib ] [ INFO ] Searching order 6
2026-04-23 20:46:43,069 [ genlib ] [ INFO ] Searching order 7
2026-04-23 20:46:43,069 [ genlib ] [ INFO ] Searching branch 2
2026-04-23 20:46:43,069 [ genlib ] [ INFO ] Searching order 2
2026-04-23 20:46:43,069 [ genlib ] [ INFO ] Searching order 3
2026-04-23 20:46:43,069 [ genlib ] [ INFO ] Searching order 4
2026-04-23 20:46:43,069 [ genlib ] [ INFO ] Searching order 5
2026-04-23 20:46:43,069 [ genlib ] [ INFO ] Searching order 6
2026-04-23 20:46:43,069 [ genlib ] [ INFO ] Searching order 7
2026-04-23 20:46:43,070 [ genlib ] [ INFO ] Updating bond lists
2026-04-23 20:46:43,070 [ genlib ] [ INFO ] Updating dihedrals
2026-04-23 20:46:43,070 [ genlib ] [ INFO ] Updating impropers
2026-04-23 20:46:43,071 [ genlib ] [ INFO ] Building library files for CYS --> GLY mutant
2026-04-23 20:46:43,071 [ genlib ] [ INFO ] reading rtp file "aminoacids.rtp"
2026-04-23 20:46:43,114 [ genlib ] [ INFO ] ENTERED G
2026-04-23 20:46:43,114 [ genlib ] [ INFO ] Making atom pairs
2026-04-23 20:46:43,115 [ genlib ] [ INFO ] Updating bond lists
2026-04-23 20:46:43,115 [ genlib ] [ INFO ] Updating dihedrals
2026-04-23 20:46:43,115 [ genlib ] [ INFO ] Updating impropers
2026-04-23 20:46:43,115 [ genlib ] [ INFO ] Building library files for CYS --> HID mutant
2026-04-23 20:46:43,116 [ genlib ] [ INFO ] reading rtp file "aminoacids.rtp"
2026-04-23 20:46:43,159 [ genlib ] [ INFO ] ENTERED RINGS
2026-04-23 20:46:43,159 [ genlib ] [ INFO ] Making atom pairs
2026-04-23 20:46:43,162 [ genlib ] [ INFO ] Updating bond lists
2026-04-23 20:46:43,162 [ genlib ] [ INFO ] Updating dihedrals
2026-04-23 20:46:43,162 [ genlib ] [ INFO ] Updating impropers
2026-04-23 20:46:43,162 [ genlib ] [ INFO ] Building library files for CYS --> HIE mutant
2026-04-23 20:46:43,163 [ genlib ] [ INFO ] reading rtp file "aminoacids.rtp"
2026-04-23 20:46:43,206 [ genlib ] [ INFO ] ENTERED RINGS
2026-04-23 20:46:43,206 [ genlib ] [ INFO ] Making atom pairs
2026-04-23 20:46:43,209 [ genlib ] [ INFO ] Updating bond lists
2026-04-23 20:46:43,209 [ genlib ] [ INFO ] Updating dihedrals
2026-04-23 20:46:43,209 [ genlib ] [ INFO ] Updating impropers
2026-04-23 20:46:43,209 [ genlib ] [ INFO ] Building library files for CYS --> HIP mutant
2026-04-23 20:46:43,210 [ genlib ] [ INFO ] reading rtp file "aminoacids.rtp"
2026-04-23 20:46:43,253 [ genlib ] [ INFO ] ENTERED RINGS
2026-04-23 20:46:43,253 [ genlib ] [ INFO ] Making atom pairs
2026-04-23 20:46:43,256 [ genlib ] [ INFO ] Updating bond lists
2026-04-23 20:46:43,256 [ genlib ] [ INFO ] Updating dihedrals
2026-04-23 20:46:43,256 [ genlib ] [ INFO ] Updating impropers
2026-04-23 20:46:43,256 [ genlib ] [ INFO ] Building library files for CYS --> ILE mutant
2026-04-23 20:46:43,257 [ genlib ] [ INFO ] reading rtp file "aminoacids.rtp"
2026-04-23 20:46:43,300 [ genlib ] [ INFO ] ENTERED SIMPLE
2026-04-23 20:46:43,300 [ genlib ] [ INFO ] Making atom pairs
2026-04-23 20:46:43,300 [ genlib ] [ INFO ] Searching branch 1
2026-04-23 20:46:43,300 [ genlib ] [ INFO ] Searching order 2
2026-04-23 20:46:43,300 [ genlib ] [ INFO ] Checking atom 1HB
2026-04-23 20:46:43,300 [ genlib ] [ INFO ] Define atom pair: CYS|1HB|H1|H         - > ILE|HB|HC|H          (d = 0.12 A)
2026-04-23 20:46:43,300 [ genlib ] [ INFO ] Checking atom 2HB
2026-04-23 20:46:43,300 [ genlib ] [ INFO ] Define atom pair: CYS|2HB|H1|H         - > ILE|CG2|CT|C.3       (d = 0.42 A)
2026-04-23 20:46:43,300 [ genlib ] [ INFO ] Checking atom SG
2026-04-23 20:46:43,300 [ genlib ] [ INFO ] Define atom pair: CYS|SG|SH|S.3        - > ILE|CG1|2C|C.3       (d = 0.20 A)
2026-04-23 20:46:43,300 [ genlib ] [ INFO ] Searching order 3
2026-04-23 20:46:43,300 [ genlib ] [ INFO ] Checking atom HG
2026-04-23 20:46:43,300 [ genlib ] [ INFO ] Define atom pair: CYS|HG|HS|H          - > ILE|CD1|CT|C.3       (d = 0.29 A)
2026-04-23 20:46:43,300 [ genlib ] [ INFO ] Searching order 4
2026-04-23 20:46:43,300 [ genlib ] [ INFO ] Searching order 5
2026-04-23 20:46:43,300 [ genlib ] [ INFO ] Searching order 6
2026-04-23 20:46:43,300 [ genlib ] [ INFO ] Searching order 7
2026-04-23 20:46:43,300 [ genlib ] [ INFO ] Searching branch 2
2026-04-23 20:46:43,300 [ genlib ] [ INFO ] Searching order 2
2026-04-23 20:46:43,300 [ genlib ] [ INFO ] Searching order 3
2026-04-23 20:46:43,300 [ genlib ] [ INFO ] Searching order 4
2026-04-23 20:46:43,300 [ genlib ] [ INFO ] Searching order 5
2026-04-23 20:46:43,300 [ genlib ] [ INFO ] Searching order 6
2026-04-23 20:46:43,300 [ genlib ] [ INFO ] Searching order 7
2026-04-23 20:46:43,304 [ genlib ] [ INFO ] Updating bond lists
2026-04-23 20:46:43,304 [ genlib ] [ INFO ] Updating dihedrals
2026-04-23 20:46:43,304 [ genlib ] [ INFO ] Updating impropers
2026-04-23 20:46:43,304 [ genlib ] [ INFO ] Building library files for CYS --> LEU mutant
2026-04-23 20:46:43,305 [ genlib ] [ INFO ] reading rtp file "aminoacids.rtp"
2026-04-23 20:46:43,348 [ genlib ] [ INFO ] ENTERED SIMPLE
2026-04-23 20:46:43,348 [ genlib ] [ INFO ] Making atom pairs
2026-04-23 20:46:43,348 [ genlib ] [ INFO ] Searching branch 1
2026-04-23 20:46:43,348 [ genlib ] [ INFO ] Searching order 2
2026-04-23 20:46:43,348 [ genlib ] [ INFO ] Checking atom 1HB
2026-04-23 20:46:43,348 [ genlib ] [ INFO ] Define atom pair: CYS|1HB|H1|H         - > LEU|1HB|HC|H         (d = 0.03 A)
2026-04-23 20:46:43,348 [ genlib ] [ INFO ] Checking atom 2HB
2026-04-23 20:46:43,348 [ genlib ] [ INFO ] Define atom pair: CYS|2HB|H1|H         - > LEU|2HB|HC|H         (d = 0.03 A)
2026-04-23 20:46:43,348 [ genlib ] [ INFO ] Checking atom SG
2026-04-23 20:46:43,348 [ genlib ] [ INFO ] Define atom pair: CYS|SG|SH|S.3        - > LEU|CG|3C|C.3        (d = 0.25 A)
2026-04-23 20:46:43,348 [ genlib ] [ INFO ] Searching order 3
2026-04-23 20:46:43,348 [ genlib ] [ INFO ] Checking atom HG
2026-04-23 20:46:43,348 [ genlib ] [ INFO ] Define atom pair: CYS|HG|HS|H          - > LEU|CD1|CT|C.3       (d = 0.25 A)
2026-04-23 20:46:43,348 [ genlib ] [ INFO ] Searching order 4
2026-04-23 20:46:43,348 [ genlib ] [ INFO ] Searching order 5
2026-04-23 20:46:43,348 [ genlib ] [ INFO ] Searching order 6
2026-04-23 20:46:43,348 [ genlib ] [ INFO ] Searching order 7
2026-04-23 20:46:43,348 [ genlib ] [ INFO ] Searching branch 2
2026-04-23 20:46:43,348 [ genlib ] [ INFO ] Searching order 2
2026-04-23 20:46:43,348 [ genlib ] [ INFO ] Searching order 3
2026-04-23 20:46:43,348 [ genlib ] [ INFO ] Searching order 4
2026-04-23 20:46:43,348 [ genlib ] [ INFO ] Searching order 5
2026-04-23 20:46:43,348 [ genlib ] [ INFO ] Searching order 6
2026-04-23 20:46:43,348 [ genlib ] [ INFO ] Searching order 7
2026-04-23 20:46:43,351 [ genlib ] [ INFO ] Updating bond lists
2026-04-23 20:46:43,351 [ genlib ] [ INFO ] Updating dihedrals
2026-04-23 20:46:43,351 [ genlib ] [ INFO ] Updating impropers
2026-04-23 20:46:43,352 [ genlib ] [ INFO ] Building library files for CYS --> LYN mutant
2026-04-23 20:46:43,352 [ genlib ] [ INFO ] reading rtp file "aminoacids.rtp"
2026-04-23 20:46:43,395 [ genlib ] [ INFO ] ENTERED SIMPLE
2026-04-23 20:46:43,395 [ genlib ] [ INFO ] Making atom pairs
2026-04-23 20:46:43,395 [ genlib ] [ INFO ] Searching branch 1
2026-04-23 20:46:43,395 [ genlib ] [ INFO ] Searching order 2
2026-04-23 20:46:43,395 [ genlib ] [ INFO ] Checking atom 1HB
2026-04-23 20:46:43,395 [ genlib ] [ INFO ] Define atom pair: CYS|1HB|H1|H         - > LYN|1HB|HC|H         (d = 0.11 A)
2026-04-23 20:46:43,395 [ genlib ] [ INFO ] Checking atom 2HB
2026-04-23 20:46:43,395 [ genlib ] [ INFO ] Define atom pair: CYS|2HB|H1|H         - > LYN|2HB|HC|H         (d = 0.09 A)
2026-04-23 20:46:43,395 [ genlib ] [ INFO ] Checking atom SG
2026-04-23 20:46:43,395 [ genlib ] [ INFO ] Define atom pair: CYS|SG|SH|S.3        - > LYN|CG|CT|C.3        (d = 0.33 A)
2026-04-23 20:46:43,395 [ genlib ] [ INFO ] Searching order 3
2026-04-23 20:46:43,395 [ genlib ] [ INFO ] Checking atom HG
2026-04-23 20:46:43,395 [ genlib ] [ INFO ] Define atom pair: CYS|HG|HS|H          - > LYN|CD|CT|C.3        (d = 0.25 A)
2026-04-23 20:46:43,395 [ genlib ] [ INFO ] Searching order 4
2026-04-23 20:46:43,395 [ genlib ] [ INFO ] Searching order 5
2026-04-23 20:46:43,395 [ genlib ] [ INFO ] Searching order 6
2026-04-23 20:46:43,395 [ genlib ] [ INFO ] Searching order 7
2026-04-23 20:46:43,395 [ genlib ] [ INFO ] Searching branch 2
2026-04-23 20:46:43,395 [ genlib ] [ INFO ] Searching order 2
2026-04-23 20:46:43,395 [ genlib ] [ INFO ] Searching order 3
2026-04-23 20:46:43,395 [ genlib ] [ INFO ] Searching order 4
2026-04-23 20:46:43,395 [ genlib ] [ INFO ] Searching order 5
2026-04-23 20:46:43,395 [ genlib ] [ INFO ] Searching order 6
2026-04-23 20:46:43,395 [ genlib ] [ INFO ] Searching order 7
2026-04-23 20:46:43,399 [ genlib ] [ INFO ] Updating bond lists
2026-04-23 20:46:43,400 [ genlib ] [ INFO ] Updating dihedrals
2026-04-23 20:46:43,400 [ genlib ] [ INFO ] Updating impropers
2026-04-23 20:46:43,400 [ genlib ] [ INFO ] Building library files for CYS --> LYS mutant
2026-04-23 20:46:43,401 [ genlib ] [ INFO ] reading rtp file "aminoacids.rtp"
2026-04-23 20:46:43,444 [ genlib ] [ INFO ] ENTERED SIMPLE
2026-04-23 20:46:43,444 [ genlib ] [ INFO ] Making atom pairs
2026-04-23 20:46:43,444 [ genlib ] [ INFO ] Searching branch 1
2026-04-23 20:46:43,444 [ genlib ] [ INFO ] Searching order 2
2026-04-23 20:46:43,444 [ genlib ] [ INFO ] Checking atom 1HB
2026-04-23 20:46:43,444 [ genlib ] [ INFO ] Define atom pair: CYS|1HB|H1|H         - > LYS|1HB|HC|H         (d = 0.09 A)
2026-04-23 20:46:43,444 [ genlib ] [ INFO ] Checking atom 2HB
2026-04-23 20:46:43,444 [ genlib ] [ INFO ] Define atom pair: CYS|2HB|H1|H         - > LYS|2HB|HC|H         (d = 0.07 A)
2026-04-23 20:46:43,444 [ genlib ] [ INFO ] Checking atom SG
2026-04-23 20:46:43,444 [ genlib ] [ INFO ] Define atom pair: CYS|SG|SH|S.3        - > LYS|CG|C8|C.3        (d = 0.33 A)
2026-04-23 20:46:43,444 [ genlib ] [ INFO ] Searching order 3
2026-04-23 20:46:43,444 [ genlib ] [ INFO ] Checking atom HG
2026-04-23 20:46:43,444 [ genlib ] [ INFO ] Define atom pair: CYS|HG|HS|H          - > LYS|CD|C8|C.3        (d = 0.28 A)
2026-04-23 20:46:43,444 [ genlib ] [ INFO ] Searching order 4
2026-04-23 20:46:43,444 [ genlib ] [ INFO ] Searching order 5
2026-04-23 20:46:43,444 [ genlib ] [ INFO ] Searching order 6
2026-04-23 20:46:43,444 [ genlib ] [ INFO ] Searching order 7
2026-04-23 20:46:43,444 [ genlib ] [ INFO ] Searching branch 2
2026-04-23 20:46:43,444 [ genlib ] [ INFO ] Searching order 2
2026-04-23 20:46:43,444 [ genlib ] [ INFO ] Searching order 3
2026-04-23 20:46:43,444 [ genlib ] [ INFO ] Searching order 4
2026-04-23 20:46:43,444 [ genlib ] [ INFO ] Searching order 5
2026-04-23 20:46:43,444 [ genlib ] [ INFO ] Searching order 6
2026-04-23 20:46:43,444 [ genlib ] [ INFO ] Searching order 7
2026-04-23 20:46:43,449 [ genlib ] [ INFO ] Updating bond lists
2026-04-23 20:46:43,449 [ genlib ] [ INFO ] Updating dihedrals
2026-04-23 20:46:43,449 [ genlib ] [ INFO ] Updating impropers
2026-04-23 20:46:43,449 [ genlib ] [ INFO ] Building library files for CYS --> MET mutant
2026-04-23 20:46:43,450 [ genlib ] [ INFO ] reading rtp file "aminoacids.rtp"
2026-04-23 20:46:43,492 [ genlib ] [ INFO ] ENTERED SIMPLE
2026-04-23 20:46:43,492 [ genlib ] [ INFO ] Making atom pairs
2026-04-23 20:46:43,492 [ genlib ] [ INFO ] Searching branch 1
2026-04-23 20:46:43,492 [ genlib ] [ INFO ] Searching order 2
2026-04-23 20:46:43,492 [ genlib ] [ INFO ] Checking atom 1HB
2026-04-23 20:46:43,492 [ genlib ] [ INFO ] Define atom pair: CYS|1HB|H1|H         - > MET|1HB|HC|H         (d = 0.04 A)
2026-04-23 20:46:43,492 [ genlib ] [ INFO ] Checking atom 2HB
2026-04-23 20:46:43,492 [ genlib ] [ INFO ] Define atom pair: CYS|2HB|H1|H         - > MET|2HB|HC|H         (d = 0.06 A)
2026-04-23 20:46:43,492 [ genlib ] [ INFO ] Checking atom SG
2026-04-23 20:46:43,492 [ genlib ] [ INFO ] Define atom pair: CYS|SG|SH|S.3        - > MET|CG|2C|C.3        (d = 0.26 A)
2026-04-23 20:46:43,492 [ genlib ] [ INFO ] Searching order 3
2026-04-23 20:46:43,492 [ genlib ] [ INFO ] Checking atom HG
2026-04-23 20:46:43,492 [ genlib ] [ INFO ] Define atom pair: CYS|HG|HS|H          - > MET|SD|S|S.3         (d = 0.48 A)
2026-04-23 20:46:43,492 [ genlib ] [ INFO ] Searching order 4
2026-04-23 20:46:43,492 [ genlib ] [ INFO ] Searching order 5
2026-04-23 20:46:43,492 [ genlib ] [ INFO ] Searching order 6
2026-04-23 20:46:43,492 [ genlib ] [ INFO ] Searching order 7
2026-04-23 20:46:43,492 [ genlib ] [ INFO ] Searching branch 2
2026-04-23 20:46:43,492 [ genlib ] [ INFO ] Searching order 2
2026-04-23 20:46:43,492 [ genlib ] [ INFO ] Searching order 3
2026-04-23 20:46:43,492 [ genlib ] [ INFO ] Searching order 4
2026-04-23 20:46:43,492 [ genlib ] [ INFO ] Searching order 5
2026-04-23 20:46:43,492 [ genlib ] [ INFO ] Searching order 6
2026-04-23 20:46:43,492 [ genlib ] [ INFO ] Searching order 7
2026-04-23 20:46:43,495 [ genlib ] [ INFO ] Updating bond lists
2026-04-23 20:46:43,495 [ genlib ] [ INFO ] Updating dihedrals
2026-04-23 20:46:43,495 [ genlib ] [ INFO ] Updating impropers
2026-04-23 20:46:43,495 [ genlib ] [ INFO ] Building library files for CYS --> PHE mutant
2026-04-23 20:46:43,496 [ genlib ] [ INFO ] reading rtp file "aminoacids.rtp"
2026-04-23 20:46:43,538 [ genlib ] [ INFO ] ENTERED RINGS
2026-04-23 20:46:43,538 [ genlib ] [ INFO ] Making atom pairs
2026-04-23 20:46:43,543 [ genlib ] [ INFO ] Updating bond lists
2026-04-23 20:46:43,543 [ genlib ] [ INFO ] Updating dihedrals
2026-04-23 20:46:43,543 [ genlib ] [ INFO ] Updating impropers
2026-04-23 20:46:43,544 [ genlib ] [ INFO ] Building library files for CYS --> PRO mutant
2026-04-23 20:46:43,544 [ genlib ] [ INFO ] reading rtp file "aminoacids.rtp"
2026-04-23 20:46:43,586 [ genlib ] [ INFO ] ENTERED P
2026-04-23 20:46:43,586 [ genlib ] [ INFO ] Making atom pairs
2026-04-23 20:46:43,589 [ genlib ] [ INFO ] Updating bond lists
2026-04-23 20:46:43,589 [ genlib ] [ INFO ] Updating dihedrals
2026-04-23 20:46:43,589 [ genlib ] [ INFO ] Updating impropers
2026-04-23 20:46:43,589 [ genlib ] [ INFO ] Building library files for CYS --> SER mutant
2026-04-23 20:46:43,590 [ genlib ] [ INFO ] reading rtp file "aminoacids.rtp"
2026-04-23 20:46:43,632 [ genlib ] [ INFO ] ENTERED SIMPLE
2026-04-23 20:46:43,632 [ genlib ] [ INFO ] Making atom pairs
2026-04-23 20:46:43,632 [ genlib ] [ INFO ] Searching branch 1
2026-04-23 20:46:43,632 [ genlib ] [ INFO ] Searching order 2
2026-04-23 20:46:43,633 [ genlib ] [ INFO ] Checking atom 1HB
2026-04-23 20:46:43,633 [ genlib ] [ INFO ] Define atom pair: CYS|1HB|H1|H         - > SER|1HB|H1|H         (d = 0.09 A)
2026-04-23 20:46:43,633 [ genlib ] [ INFO ] Checking atom 2HB
2026-04-23 20:46:43,633 [ genlib ] [ INFO ] Define atom pair: CYS|2HB|H1|H         - > SER|2HB|H1|H         (d = 0.10 A)
2026-04-23 20:46:43,633 [ genlib ] [ INFO ] Checking atom SG
2026-04-23 20:46:43,633 [ genlib ] [ INFO ] Define atom pair: CYS|SG|SH|S.3        - > SER|OG|OH|O.3        (d = 0.37 A)
2026-04-23 20:46:43,633 [ genlib ] [ INFO ] Searching order 3
2026-04-23 20:46:43,633 [ genlib ] [ INFO ] Checking atom HG
2026-04-23 20:46:43,633 [ genlib ] [ INFO ] Define atom pair: CYS|HG|HS|H          - > SER|HG|HO|H          (d = 0.45 A)
2026-04-23 20:46:43,633 [ genlib ] [ INFO ] Searching order 4
2026-04-23 20:46:43,633 [ genlib ] [ INFO ] Searching order 5
2026-04-23 20:46:43,633 [ genlib ] [ INFO ] Searching order 6
2026-04-23 20:46:43,633 [ genlib ] [ INFO ] Searching order 7
2026-04-23 20:46:43,633 [ genlib ] [ INFO ] Searching branch 2
2026-04-23 20:46:43,633 [ genlib ] [ INFO ] Searching order 2
2026-04-23 20:46:43,633 [ genlib ] [ INFO ] Searching order 3
2026-04-23 20:46:43,633 [ genlib ] [ INFO ] Searching order 4
2026-04-23 20:46:43,633 [ genlib ] [ INFO ] Searching order 5
2026-04-23 20:46:43,633 [ genlib ] [ INFO ] Searching order 6
2026-04-23 20:46:43,633 [ genlib ] [ INFO ] Searching order 7
2026-04-23 20:46:43,633 [ genlib ] [ INFO ] Updating bond lists
2026-04-23 20:46:43,633 [ genlib ] [ INFO ] Updating dihedrals
2026-04-23 20:46:43,633 [ genlib ] [ INFO ] Updating impropers
2026-04-23 20:46:43,633 [ genlib ] [ INFO ] Building library files for CYS --> THR mutant
2026-04-23 20:46:43,634 [ genlib ] [ INFO ] reading rtp file "aminoacids.rtp"
2026-04-23 20:46:43,677 [ genlib ] [ INFO ] ENTERED SIMPLE
2026-04-23 20:46:43,677 [ genlib ] [ INFO ] Making atom pairs
2026-04-23 20:46:43,677 [ genlib ] [ INFO ] Searching branch 1
2026-04-23 20:46:43,677 [ genlib ] [ INFO ] Searching order 2
2026-04-23 20:46:43,677 [ genlib ] [ INFO ] Checking atom 1HB
2026-04-23 20:46:43,677 [ genlib ] [ INFO ] Define atom pair: CYS|1HB|H1|H         - > THR|HB|H1|H          (d = 0.06 A)
2026-04-23 20:46:43,677 [ genlib ] [ INFO ] Checking atom 2HB
2026-04-23 20:46:43,677 [ genlib ] [ INFO ] Define atom pair: CYS|2HB|H1|H         - > THR|CG2|CT|C.3       (d = 0.45 A)
2026-04-23 20:46:43,677 [ genlib ] [ INFO ] Checking atom SG
2026-04-23 20:46:43,677 [ genlib ] [ INFO ] Define atom pair: CYS|SG|SH|S.3        - > THR|OG1|OH|O.3       (d = 0.40 A)
2026-04-23 20:46:43,677 [ genlib ] [ INFO ] Searching order 3
2026-04-23 20:46:43,677 [ genlib ] [ INFO ] Checking atom HG
2026-04-23 20:46:43,677 [ genlib ] [ INFO ] Define atom pair: CYS|HG|HS|H          - > THR|HG1|HO|H         (d = 0.44 A)
2026-04-23 20:46:43,677 [ genlib ] [ INFO ] Searching order 4
2026-04-23 20:46:43,677 [ genlib ] [ INFO ] Searching order 5
2026-04-23 20:46:43,677 [ genlib ] [ INFO ] Searching order 6
2026-04-23 20:46:43,677 [ genlib ] [ INFO ] Searching order 7
2026-04-23 20:46:43,677 [ genlib ] [ INFO ] Searching branch 2
2026-04-23 20:46:43,677 [ genlib ] [ INFO ] Searching order 2
2026-04-23 20:46:43,677 [ genlib ] [ INFO ] Searching order 3
2026-04-23 20:46:43,677 [ genlib ] [ INFO ] Searching order 4
2026-04-23 20:46:43,677 [ genlib ] [ INFO ] Searching order 5
2026-04-23 20:46:43,677 [ genlib ] [ INFO ] Searching order 6
2026-04-23 20:46:43,677 [ genlib ] [ INFO ] Searching order 7
2026-04-23 20:46:43,678 [ genlib ] [ INFO ] Updating bond lists
2026-04-23 20:46:43,678 [ genlib ] [ INFO ] Updating dihedrals
2026-04-23 20:46:43,678 [ genlib ] [ INFO ] Updating impropers
2026-04-23 20:46:43,678 [ genlib ] [ INFO ] Building library files for CYS --> TRP mutant
2026-04-23 20:46:43,679 [ genlib ] [ INFO ] reading rtp file "aminoacids.rtp"
2026-04-23 20:46:43,721 [ genlib ] [ INFO ] ENTERED RINGS
2026-04-23 20:46:43,722 [ genlib ] [ INFO ] Making atom pairs
2026-04-23 20:46:43,728 [ genlib ] [ INFO ] Updating bond lists
2026-04-23 20:46:43,728 [ genlib ] [ INFO ] Updating dihedrals
2026-04-23 20:46:43,728 [ genlib ] [ INFO ] Updating impropers
2026-04-23 20:46:43,729 [ genlib ] [ INFO ] Building library files for CYS --> TYR mutant
2026-04-23 20:46:43,729 [ genlib ] [ INFO ] reading rtp file "aminoacids.rtp"
2026-04-23 20:46:43,773 [ genlib ] [ INFO ] ENTERED RINGS
2026-04-23 20:46:43,773 [ genlib ] [ INFO ] Making atom pairs
2026-04-23 20:46:43,778 [ genlib ] [ INFO ] Updating bond lists
2026-04-23 20:46:43,778 [ genlib ] [ INFO ] Updating dihedrals
2026-04-23 20:46:43,778 [ genlib ] [ INFO ] Updating impropers
2026-04-23 20:46:43,779 [ genlib ] [ INFO ] Building library files for CYS --> VAL mutant
2026-04-23 20:46:43,779 [ genlib ] [ INFO ] reading rtp file "aminoacids.rtp"
2026-04-23 20:46:43,835 [ genlib ] [ INFO ] ENTERED SIMPLE
2026-04-23 20:46:43,835 [ genlib ] [ INFO ] Making atom pairs
2026-04-23 20:46:43,835 [ genlib ] [ INFO ] Searching branch 1
2026-04-23 20:46:43,835 [ genlib ] [ INFO ] Searching order 2
2026-04-23 20:46:43,835 [ genlib ] [ INFO ] Checking atom 1HB
2026-04-23 20:46:43,835 [ genlib ] [ INFO ] Define atom pair: CYS|1HB|H1|H         - > VAL|HB|HC|H          (d = 0.18 A)
2026-04-23 20:46:43,835 [ genlib ] [ INFO ] Checking atom 2HB
2026-04-23 20:46:43,835 [ genlib ] [ INFO ] Define atom pair: CYS|2HB|H1|H         - > VAL|CG1|CT|C.3       (d = 0.43 A)
2026-04-23 20:46:43,835 [ genlib ] [ INFO ] Checking atom SG
2026-04-23 20:46:43,835 [ genlib ] [ INFO ] Define atom pair: CYS|SG|SH|S.3        - > VAL|CG2|CT|C.3       (d = 0.26 A)
2026-04-23 20:46:43,835 [ genlib ] [ INFO ] Searching order 3
2026-04-23 20:46:43,835 [ genlib ] [ INFO ] Checking atom HG
2026-04-23 20:46:43,835 [ genlib ] [ INFO ] Define atom pair: CYS|HG|HS|H          - > VAL|1HG2|HC|H        (d = 0.24 A)
2026-04-23 20:46:43,835 [ genlib ] [ INFO ] Searching order 4
2026-04-23 20:46:43,835 [ genlib ] [ INFO ] Searching order 5
2026-04-23 20:46:43,835 [ genlib ] [ INFO ] Searching order 6
2026-04-23 20:46:43,835 [ genlib ] [ INFO ] Searching order 7
2026-04-23 20:46:43,835 [ genlib ] [ INFO ] Searching branch 2
2026-04-23 20:46:43,835 [ genlib ] [ INFO ] Searching order 2
2026-04-23 20:46:43,835 [ genlib ] [ INFO ] Searching order 3
2026-04-23 20:46:43,835 [ genlib ] [ INFO ] Searching order 4
2026-04-23 20:46:43,835 [ genlib ] [ INFO ] Searching order 5
2026-04-23 20:46:43,835 [ genlib ] [ INFO ] Searching order 6
2026-04-23 20:46:43,835 [ genlib ] [ INFO ] Searching order 7
2026-04-23 20:46:43,837 [ genlib ] [ INFO ] Updating bond lists
2026-04-23 20:46:43,837 [ genlib ] [ INFO ] Updating dihedrals
2026-04-23 20:46:43,837 [ genlib ] [ INFO ] Updating impropers
2026-04-23 20:46:43,837 [ genlib ] [ INFO ] Building library files for GLH --> ALA mutant
2026-04-23 20:46:43,838 [ genlib ] [ INFO ] reading rtp file "aminoacids.rtp"
2026-04-23 20:46:43,880 [ genlib ] [ INFO ] ENTERED SIMPLE
2026-04-23 20:46:43,880 [ genlib ] [ INFO ] Making atom pairs
2026-04-23 20:46:43,880 [ genlib ] [ INFO ] Searching branch 1
2026-04-23 20:46:43,880 [ genlib ] [ INFO ] Searching order 2
2026-04-23 20:46:43,880 [ genlib ] [ INFO ] Checking atom 1HB
2026-04-23 20:46:43,880 [ genlib ] [ INFO ] Define atom pair: GLH|1HB|HC|H         - > ALA|2HB|HC|H         (d = 0.20 A)
2026-04-23 20:46:43,880 [ genlib ] [ INFO ] Checking atom 2HB
2026-04-23 20:46:43,880 [ genlib ] [ INFO ] Define atom pair: GLH|2HB|HC|H         - > ALA|3HB|HC|H         (d = 0.17 A)
2026-04-23 20:46:43,880 [ genlib ] [ INFO ] Checking atom CG
2026-04-23 20:46:43,880 [ genlib ] [ INFO ] No partner found for atom CG
2026-04-23 20:46:43,880 [ genlib ] [ INFO ] Searching order 3
2026-04-23 20:46:43,880 [ genlib ] [ INFO ] Searching order 4
2026-04-23 20:46:43,880 [ genlib ] [ INFO ] Searching order 5
2026-04-23 20:46:43,880 [ genlib ] [ INFO ] Searching order 6
2026-04-23 20:46:43,880 [ genlib ] [ INFO ] Searching order 7
2026-04-23 20:46:43,880 [ genlib ] [ INFO ] Searching branch 2
2026-04-23 20:46:43,880 [ genlib ] [ INFO ] Searching order 2
2026-04-23 20:46:43,880 [ genlib ] [ INFO ] Checking atom CG
2026-04-23 20:46:43,880 [ genlib ] [ INFO ] No partner found for atom CG
2026-04-23 20:46:43,880 [ genlib ] [ INFO ] Searching order 3
2026-04-23 20:46:43,880 [ genlib ] [ INFO ] Searching order 4
2026-04-23 20:46:43,880 [ genlib ] [ INFO ] Searching order 5
2026-04-23 20:46:43,881 [ genlib ] [ INFO ] Searching order 6
2026-04-23 20:46:43,881 [ genlib ] [ INFO ] Searching order 7
2026-04-23 20:46:43,881 [ genlib ] [ INFO ] Updating bond lists
2026-04-23 20:46:43,881 [ genlib ] [ INFO ] Updating dihedrals
2026-04-23 20:46:43,881 [ genlib ] [ INFO ] Updating impropers
2026-04-23 20:46:43,881 [ genlib ] [ INFO ] Building library files for GLH --> ARG mutant
2026-04-23 20:46:43,882 [ genlib ] [ INFO ] reading rtp file "aminoacids.rtp"
2026-04-23 20:46:43,925 [ genlib ] [ INFO ] ENTERED SIMPLE
2026-04-23 20:46:43,925 [ genlib ] [ INFO ] Making atom pairs
2026-04-23 20:46:43,925 [ genlib ] [ INFO ] Searching branch 1
2026-04-23 20:46:43,925 [ genlib ] [ INFO ] Searching order 2
2026-04-23 20:46:43,925 [ genlib ] [ INFO ] Checking atom 1HB
2026-04-23 20:46:43,925 [ genlib ] [ INFO ] Define atom pair: GLH|1HB|HC|H         - > ARG|1HB|HC|H         (d = 0.25 A)
2026-04-23 20:46:43,925 [ genlib ] [ INFO ] Checking atom 2HB
2026-04-23 20:46:43,925 [ genlib ] [ INFO ] Define atom pair: GLH|2HB|HC|H         - > ARG|2HB|HC|H         (d = 0.22 A)
2026-04-23 20:46:43,925 [ genlib ] [ INFO ] Checking atom CG
2026-04-23 20:46:43,925 [ genlib ] [ INFO ] Define atom pair: GLH|CG|2C|C.3        - > ARG|CG|C8|C.3        (d = 0.22 A)
2026-04-23 20:46:43,925 [ genlib ] [ INFO ] Searching order 3
2026-04-23 20:46:43,925 [ genlib ] [ INFO ] Checking atom 1HG
2026-04-23 20:46:43,925 [ genlib ] [ INFO ] Define atom pair: GLH|1HG|HC|H         - > ARG|1HG|HC|H         (d = 0.23 A)
2026-04-23 20:46:43,925 [ genlib ] [ INFO ] Checking atom 2HG
2026-04-23 20:46:43,925 [ genlib ] [ INFO ] Define atom pair: GLH|2HG|HC|H         - > ARG|2HG|HC|H         (d = 0.34 A)
2026-04-23 20:46:43,925 [ genlib ] [ INFO ] Checking atom CD
2026-04-23 20:46:43,925 [ genlib ] [ INFO ] Define atom pair: GLH|CD|C|C.2         - > ARG|CD|C8|C.3        (d = 0.24 A)
2026-04-23 20:46:43,925 [ genlib ] [ INFO ] Searching order 4
2026-04-23 20:46:43,925 [ genlib ] [ INFO ] Checking atom OE1
2026-04-23 20:46:43,925 [ genlib ] [ INFO ] Define atom pair: GLH|OE1|O|O.co2      - > ARG|NE|N2|N.pl3      (d = 0.43 A)
2026-04-23 20:46:43,925 [ genlib ] [ INFO ] Checking atom OE2
2026-04-23 20:46:43,925 [ genlib ] [ INFO ] No partner found for atom OE2
2026-04-23 20:46:43,925 [ genlib ] [ INFO ] Searching order 5
2026-04-23 20:46:43,925 [ genlib ] [ INFO ] Searching order 6
2026-04-23 20:46:43,925 [ genlib ] [ INFO ] Searching order 7
2026-04-23 20:46:43,925 [ genlib ] [ INFO ] Searching branch 2
2026-04-23 20:46:43,926 [ genlib ] [ INFO ] Searching order 2
2026-04-23 20:46:43,926 [ genlib ] [ INFO ] Searching order 3
2026-04-23 20:46:43,926 [ genlib ] [ INFO ] Searching order 4
2026-04-23 20:46:43,926 [ genlib ] [ INFO ] Checking atom OE2
2026-04-23 20:46:43,926 [ genlib ] [ INFO ] No partner found for atom OE2
2026-04-23 20:46:43,926 [ genlib ] [ INFO ] Searching order 5
2026-04-23 20:46:43,926 [ genlib ] [ INFO ] Searching order 6
2026-04-23 20:46:43,926 [ genlib ] [ INFO ] Searching order 7
2026-04-23 20:46:43,930 [ genlib ] [ INFO ] Updating bond lists
2026-04-23 20:46:43,930 [ genlib ] [ INFO ] Updating dihedrals
2026-04-23 20:46:43,930 [ genlib ] [ INFO ] Updating impropers
2026-04-23 20:46:43,930 [ genlib ] [ INFO ] Building library files for GLH --> ASH mutant
2026-04-23 20:46:43,931 [ genlib ] [ INFO ] reading rtp file "aminoacids.rtp"
2026-04-23 20:46:43,974 [ genlib ] [ INFO ] ENTERED SIMPLE
2026-04-23 20:46:43,974 [ genlib ] [ INFO ] Making atom pairs
2026-04-23 20:46:43,974 [ genlib ] [ INFO ] Searching branch 1
2026-04-23 20:46:43,974 [ genlib ] [ INFO ] Searching order 2
2026-04-23 20:46:43,974 [ genlib ] [ INFO ] Checking atom 1HB
2026-04-23 20:46:43,974 [ genlib ] [ INFO ] Define atom pair: GLH|1HB|HC|H         - > ASH|1HB|HC|H         (d = 0.09 A)
2026-04-23 20:46:43,974 [ genlib ] [ INFO ] Checking atom 2HB
2026-04-23 20:46:43,974 [ genlib ] [ INFO ] Define atom pair: GLH|2HB|HC|H         - > ASH|2HB|HC|H         (d = 0.07 A)
2026-04-23 20:46:43,974 [ genlib ] [ INFO ] Checking atom CG
2026-04-23 20:46:43,974 [ genlib ] [ INFO ] Define atom pair: GLH|CG|2C|C.3        - > ASH|CG|C|C.2         (d = 0.08 A)
2026-04-23 20:46:43,974 [ genlib ] [ INFO ] Searching order 3
2026-04-23 20:46:43,974 [ genlib ] [ INFO ] Checking atom 1HG
2026-04-23 20:46:43,974 [ genlib ] [ INFO ] No partner found for atom 1HG
2026-04-23 20:46:43,974 [ genlib ] [ INFO ] Checking atom 2HG
2026-04-23 20:46:43,974 [ genlib ] [ INFO ] No partner found for atom 2HG
2026-04-23 20:46:43,974 [ genlib ] [ INFO ] Checking atom CD
2026-04-23 20:46:43,974 [ genlib ] [ INFO ] Define atom pair: GLH|CD|C|C.2         - > ASH|OD1|O|O.co2      (d = 0.31 A)
2026-04-23 20:46:43,974 [ genlib ] [ INFO ] Searching order 4
2026-04-23 20:46:43,974 [ genlib ] [ INFO ] Checking atom OE1
2026-04-23 20:46:43,974 [ genlib ] [ INFO ] No partner found for atom OE1
2026-04-23 20:46:43,974 [ genlib ] [ INFO ] Checking atom OE2
2026-04-23 20:46:43,974 [ genlib ] [ INFO ] No partner found for atom OE2
2026-04-23 20:46:43,974 [ genlib ] [ INFO ] Searching order 5
2026-04-23 20:46:43,974 [ genlib ] [ INFO ] Searching order 6
2026-04-23 20:46:43,974 [ genlib ] [ INFO ] Searching order 7
2026-04-23 20:46:43,974 [ genlib ] [ INFO ] Searching branch 2
2026-04-23 20:46:43,974 [ genlib ] [ INFO ] Searching order 2
2026-04-23 20:46:43,974 [ genlib ] [ INFO ] Searching order 3
2026-04-23 20:46:43,974 [ genlib ] [ INFO ] Checking atom 1HG
2026-04-23 20:46:43,974 [ genlib ] [ INFO ] No partner found for atom 1HG
2026-04-23 20:46:43,974 [ genlib ] [ INFO ] Checking atom 2HG
2026-04-23 20:46:43,974 [ genlib ] [ INFO ] No partner found for atom 2HG
2026-04-23 20:46:43,974 [ genlib ] [ INFO ] Searching order 4
2026-04-23 20:46:43,974 [ genlib ] [ INFO ] Checking atom OE1
2026-04-23 20:46:43,974 [ genlib ] [ INFO ] No partner found for atom OE1
2026-04-23 20:46:43,974 [ genlib ] [ INFO ] Checking atom OE2
2026-04-23 20:46:43,974 [ genlib ] [ INFO ] No partner found for atom OE2
2026-04-23 20:46:43,974 [ genlib ] [ INFO ] Searching order 5
2026-04-23 20:46:43,974 [ genlib ] [ INFO ] Searching order 6
2026-04-23 20:46:43,974 [ genlib ] [ INFO ] Searching order 7
2026-04-23 20:46:43,975 [ genlib ] [ INFO ] Updating bond lists
2026-04-23 20:46:43,975 [ genlib ] [ INFO ] Updating dihedrals
2026-04-23 20:46:43,975 [ genlib ] [ INFO ] Updating impropers
2026-04-23 20:46:43,976 [ genlib ] [ INFO ] Building library files for GLH --> ASN mutant
2026-04-23 20:46:43,976 [ genlib ] [ INFO ] reading rtp file "aminoacids.rtp"
2026-04-23 20:46:44,018 [ genlib ] [ INFO ] ENTERED SIMPLE
2026-04-23 20:46:44,018 [ genlib ] [ INFO ] Making atom pairs
2026-04-23 20:46:44,018 [ genlib ] [ INFO ] Searching branch 1
2026-04-23 20:46:44,018 [ genlib ] [ INFO ] Searching order 2
2026-04-23 20:46:44,018 [ genlib ] [ INFO ] Checking atom 1HB
2026-04-23 20:46:44,018 [ genlib ] [ INFO ] Define atom pair: GLH|1HB|HC|H         - > ASN|1HB|HC|H         (d = 0.20 A)
2026-04-23 20:46:44,018 [ genlib ] [ INFO ] Checking atom 2HB
2026-04-23 20:46:44,018 [ genlib ] [ INFO ] Define atom pair: GLH|2HB|HC|H         - > ASN|2HB|HC|H         (d = 0.19 A)
2026-04-23 20:46:44,018 [ genlib ] [ INFO ] Checking atom CG
2026-04-23 20:46:44,018 [ genlib ] [ INFO ] Define atom pair: GLH|CG|2C|C.3        - > ASN|CG|C|C.2         (d = 0.12 A)
2026-04-23 20:46:44,018 [ genlib ] [ INFO ] Searching order 3
2026-04-23 20:46:44,018 [ genlib ] [ INFO ] Checking atom 1HG
2026-04-23 20:46:44,018 [ genlib ] [ INFO ] No partner found for atom 1HG
2026-04-23 20:46:44,018 [ genlib ] [ INFO ] Checking atom 2HG
2026-04-23 20:46:44,018 [ genlib ] [ INFO ] No partner found for atom 2HG
2026-04-23 20:46:44,019 [ genlib ] [ INFO ] Checking atom CD
2026-04-23 20:46:44,019 [ genlib ] [ INFO ] Define atom pair: GLH|CD|C|C.2         - > ASN|OD1|O|O.2        (d = 0.32 A)
2026-04-23 20:46:44,019 [ genlib ] [ INFO ] Searching order 4
2026-04-23 20:46:44,019 [ genlib ] [ INFO ] Checking atom OE1
2026-04-23 20:46:44,019 [ genlib ] [ INFO ] No partner found for atom OE1
2026-04-23 20:46:44,019 [ genlib ] [ INFO ] Checking atom OE2
2026-04-23 20:46:44,019 [ genlib ] [ INFO ] No partner found for atom OE2
2026-04-23 20:46:44,019 [ genlib ] [ INFO ] Searching order 5
2026-04-23 20:46:44,019 [ genlib ] [ INFO ] Searching order 6
2026-04-23 20:46:44,019 [ genlib ] [ INFO ] Searching order 7
2026-04-23 20:46:44,019 [ genlib ] [ INFO ] Searching branch 2
2026-04-23 20:46:44,019 [ genlib ] [ INFO ] Searching order 2
2026-04-23 20:46:44,019 [ genlib ] [ INFO ] Searching order 3
2026-04-23 20:46:44,019 [ genlib ] [ INFO ] Checking atom 1HG
2026-04-23 20:46:44,019 [ genlib ] [ INFO ] No partner found for atom 1HG
2026-04-23 20:46:44,019 [ genlib ] [ INFO ] Checking atom 2HG
2026-04-23 20:46:44,019 [ genlib ] [ INFO ] No partner found for atom 2HG
2026-04-23 20:46:44,019 [ genlib ] [ INFO ] Searching order 4
2026-04-23 20:46:44,019 [ genlib ] [ INFO ] Checking atom OE1
2026-04-23 20:46:44,019 [ genlib ] [ INFO ] No partner found for atom OE1
2026-04-23 20:46:44,019 [ genlib ] [ INFO ] Checking atom OE2
2026-04-23 20:46:44,019 [ genlib ] [ INFO ] No partner found for atom OE2
2026-04-23 20:46:44,019 [ genlib ] [ INFO ] Searching order 5
2026-04-23 20:46:44,019 [ genlib ] [ INFO ] Searching order 6
2026-04-23 20:46:44,019 [ genlib ] [ INFO ] Searching order 7
2026-04-23 20:46:44,020 [ genlib ] [ INFO ] Updating bond lists
2026-04-23 20:46:44,020 [ genlib ] [ INFO ] Updating dihedrals
2026-04-23 20:46:44,020 [ genlib ] [ INFO ] Updating impropers
2026-04-23 20:46:44,020 [ genlib ] [ INFO ] Building library files for GLH --> ASP mutant
2026-04-23 20:46:44,021 [ genlib ] [ INFO ] reading rtp file "aminoacids.rtp"
2026-04-23 20:46:44,063 [ genlib ] [ INFO ] ENTERED SIMPLE
2026-04-23 20:46:44,063 [ genlib ] [ INFO ] Making atom pairs
2026-04-23 20:46:44,063 [ genlib ] [ INFO ] Searching branch 1
2026-04-23 20:46:44,063 [ genlib ] [ INFO ] Searching order 2
2026-04-23 20:46:44,063 [ genlib ] [ INFO ] Checking atom 1HB
2026-04-23 20:46:44,063 [ genlib ] [ INFO ] Define atom pair: GLH|1HB|HC|H         - > ASP|1HB|HC|H         (d = 0.16 A)
2026-04-23 20:46:44,063 [ genlib ] [ INFO ] Checking atom 2HB
2026-04-23 20:46:44,063 [ genlib ] [ INFO ] Define atom pair: GLH|2HB|HC|H         - > ASP|2HB|HC|H         (d = 0.15 A)
2026-04-23 20:46:44,063 [ genlib ] [ INFO ] Checking atom CG
2026-04-23 20:46:44,063 [ genlib ] [ INFO ] Define atom pair: GLH|CG|2C|C.3        - > ASP|CG|CO|C.2        (d = 0.08 A)
2026-04-23 20:46:44,063 [ genlib ] [ INFO ] Searching order 3
2026-04-23 20:46:44,063 [ genlib ] [ INFO ] Checking atom 1HG
2026-04-23 20:46:44,063 [ genlib ] [ INFO ] No partner found for atom 1HG
2026-04-23 20:46:44,063 [ genlib ] [ INFO ] Checking atom 2HG
2026-04-23 20:46:44,063 [ genlib ] [ INFO ] No partner found for atom 2HG
2026-04-23 20:46:44,063 [ genlib ] [ INFO ] Checking atom CD
2026-04-23 20:46:44,063 [ genlib ] [ INFO ] Define atom pair: GLH|CD|C|C.2         - > ASP|OD1|O2|O.co2     (d = 0.31 A)
2026-04-23 20:46:44,063 [ genlib ] [ INFO ] Searching order 4
2026-04-23 20:46:44,063 [ genlib ] [ INFO ] Checking atom OE1
2026-04-23 20:46:44,063 [ genlib ] [ INFO ] No partner found for atom OE1
2026-04-23 20:46:44,063 [ genlib ] [ INFO ] Checking atom OE2
2026-04-23 20:46:44,063 [ genlib ] [ INFO ] No partner found for atom OE2
2026-04-23 20:46:44,063 [ genlib ] [ INFO ] Searching order 5
2026-04-23 20:46:44,063 [ genlib ] [ INFO ] Searching order 6
2026-04-23 20:46:44,063 [ genlib ] [ INFO ] Searching order 7
2026-04-23 20:46:44,063 [ genlib ] [ INFO ] Searching branch 2
2026-04-23 20:46:44,063 [ genlib ] [ INFO ] Searching order 2
2026-04-23 20:46:44,063 [ genlib ] [ INFO ] Searching order 3
2026-04-23 20:46:44,063 [ genlib ] [ INFO ] Checking atom 1HG
2026-04-23 20:46:44,063 [ genlib ] [ INFO ] No partner found for atom 1HG
2026-04-23 20:46:44,063 [ genlib ] [ INFO ] Checking atom 2HG
2026-04-23 20:46:44,063 [ genlib ] [ INFO ] No partner found for atom 2HG
2026-04-23 20:46:44,063 [ genlib ] [ INFO ] Searching order 4
2026-04-23 20:46:44,063 [ genlib ] [ INFO ] Checking atom OE1
2026-04-23 20:46:44,063 [ genlib ] [ INFO ] No partner found for atom OE1
2026-04-23 20:46:44,063 [ genlib ] [ INFO ] Checking atom OE2
2026-04-23 20:46:44,063 [ genlib ] [ INFO ] No partner found for atom OE2
2026-04-23 20:46:44,063 [ genlib ] [ INFO ] Searching order 5
2026-04-23 20:46:44,063 [ genlib ] [ INFO ] Searching order 6
2026-04-23 20:46:44,063 [ genlib ] [ INFO ] Searching order 7
2026-04-23 20:46:44,065 [ genlib ] [ INFO ] Updating bond lists
2026-04-23 20:46:44,065 [ genlib ] [ INFO ] Updating dihedrals
2026-04-23 20:46:44,065 [ genlib ] [ INFO ] Updating impropers
2026-04-23 20:46:44,065 [ genlib ] [ INFO ] Building library files for GLH --> CYS mutant
2026-04-23 20:46:44,065 [ genlib ] [ INFO ] reading rtp file "aminoacids.rtp"
2026-04-23 20:46:44,108 [ genlib ] [ INFO ] ENTERED SIMPLE
2026-04-23 20:46:44,108 [ genlib ] [ INFO ] Making atom pairs
2026-04-23 20:46:44,108 [ genlib ] [ INFO ] Searching branch 1
2026-04-23 20:46:44,108 [ genlib ] [ INFO ] Searching order 2
2026-04-23 20:46:44,108 [ genlib ] [ INFO ] Checking atom 1HB
2026-04-23 20:46:44,108 [ genlib ] [ INFO ] Define atom pair: GLH|1HB|HC|H         - > CYS|1HB|H1|H         (d = 0.19 A)
2026-04-23 20:46:44,108 [ genlib ] [ INFO ] Checking atom 2HB
2026-04-23 20:46:44,108 [ genlib ] [ INFO ] Define atom pair: GLH|2HB|HC|H         - > CYS|2HB|H1|H         (d = 0.18 A)
2026-04-23 20:46:44,108 [ genlib ] [ INFO ] Checking atom CG
2026-04-23 20:46:44,108 [ genlib ] [ INFO ] Define atom pair: GLH|CG|2C|C.3        - > CYS|SG|SH|S.3        (d = 0.18 A)
2026-04-23 20:46:44,108 [ genlib ] [ INFO ] Searching order 3
2026-04-23 20:46:44,108 [ genlib ] [ INFO ] Checking atom 1HG
2026-04-23 20:46:44,108 [ genlib ] [ INFO ] No partner found for atom 1HG
2026-04-23 20:46:44,108 [ genlib ] [ INFO ] Checking atom 2HG
2026-04-23 20:46:44,108 [ genlib ] [ INFO ] No partner found for atom 2HG
2026-04-23 20:46:44,108 [ genlib ] [ INFO ] Checking atom CD
2026-04-23 20:46:44,108 [ genlib ] [ INFO ] Define atom pair: GLH|CD|C|C.2         - > CYS|HG|HS|H          (d = 0.29 A)
2026-04-23 20:46:44,108 [ genlib ] [ INFO ] Searching order 4
2026-04-23 20:46:44,108 [ genlib ] [ INFO ] Checking atom OE1
2026-04-23 20:46:44,108 [ genlib ] [ INFO ] No partner found for atom OE1
2026-04-23 20:46:44,108 [ genlib ] [ INFO ] Checking atom OE2
2026-04-23 20:46:44,108 [ genlib ] [ INFO ] No partner found for atom OE2
2026-04-23 20:46:44,108 [ genlib ] [ INFO ] Searching order 5
2026-04-23 20:46:44,108 [ genlib ] [ INFO ] Searching order 6
2026-04-23 20:46:44,108 [ genlib ] [ INFO ] Searching order 7
2026-04-23 20:46:44,108 [ genlib ] [ INFO ] Searching branch 2
2026-04-23 20:46:44,108 [ genlib ] [ INFO ] Searching order 2
2026-04-23 20:46:44,108 [ genlib ] [ INFO ] Searching order 3
2026-04-23 20:46:44,108 [ genlib ] [ INFO ] Checking atom 1HG
2026-04-23 20:46:44,108 [ genlib ] [ INFO ] No partner found for atom 1HG
2026-04-23 20:46:44,108 [ genlib ] [ INFO ] Checking atom 2HG
2026-04-23 20:46:44,108 [ genlib ] [ INFO ] No partner found for atom 2HG
2026-04-23 20:46:44,108 [ genlib ] [ INFO ] Searching order 4
2026-04-23 20:46:44,108 [ genlib ] [ INFO ] Checking atom OE1
2026-04-23 20:46:44,108 [ genlib ] [ INFO ] No partner found for atom OE1
2026-04-23 20:46:44,108 [ genlib ] [ INFO ] Checking atom OE2
2026-04-23 20:46:44,108 [ genlib ] [ INFO ] No partner found for atom OE2
2026-04-23 20:46:44,108 [ genlib ] [ INFO ] Searching order 5
2026-04-23 20:46:44,108 [ genlib ] [ INFO ] Searching order 6
2026-04-23 20:46:44,108 [ genlib ] [ INFO ] Searching order 7
2026-04-23 20:46:44,109 [ genlib ] [ INFO ] Updating bond lists
2026-04-23 20:46:44,109 [ genlib ] [ INFO ] Updating dihedrals
2026-04-23 20:46:44,109 [ genlib ] [ INFO ] Updating impropers
2026-04-23 20:46:44,109 [ genlib ] [ INFO ] Building library files for GLH --> GLN mutant
2026-04-23 20:46:44,110 [ genlib ] [ INFO ] reading rtp file "aminoacids.rtp"
2026-04-23 20:46:44,152 [ genlib ] [ INFO ] ENTERED SIMPLE
2026-04-23 20:46:44,152 [ genlib ] [ INFO ] Making atom pairs
2026-04-23 20:46:44,152 [ genlib ] [ INFO ] Searching branch 1
2026-04-23 20:46:44,152 [ genlib ] [ INFO ] Searching order 2
2026-04-23 20:46:44,152 [ genlib ] [ INFO ] Checking atom 1HB
2026-04-23 20:46:44,152 [ genlib ] [ INFO ] Define atom pair: GLH|1HB|HC|H         - > GLN|1HB|HC|H         (d = 0.20 A)
2026-04-23 20:46:44,152 [ genlib ] [ INFO ] Checking atom 2HB
2026-04-23 20:46:44,152 [ genlib ] [ INFO ] Define atom pair: GLH|2HB|HC|H         - > GLN|2HB|HC|H         (d = 0.18 A)
2026-04-23 20:46:44,152 [ genlib ] [ INFO ] Checking atom CG
2026-04-23 20:46:44,152 [ genlib ] [ INFO ] Define atom pair: GLH|CG|2C|C.3        - > GLN|CG|2C|C.3        (d = 0.14 A)
2026-04-23 20:46:44,152 [ genlib ] [ INFO ] Searching order 3
2026-04-23 20:46:44,152 [ genlib ] [ INFO ] Checking atom 1HG
2026-04-23 20:46:44,152 [ genlib ] [ INFO ] Define atom pair: GLH|1HG|HC|H         - > GLN|1HG|HC|H         (d = 0.13 A)
2026-04-23 20:46:44,152 [ genlib ] [ INFO ] Checking atom 2HG
2026-04-23 20:46:44,152 [ genlib ] [ INFO ] Define atom pair: GLH|2HG|HC|H         - > GLN|2HG|HC|H         (d = 0.22 A)
2026-04-23 20:46:44,152 [ genlib ] [ INFO ] Checking atom CD
2026-04-23 20:46:44,152 [ genlib ] [ INFO ] Define atom pair: GLH|CD|C|C.2         - > GLN|CD|C|C.2         (d = 0.16 A)
2026-04-23 20:46:44,152 [ genlib ] [ INFO ] Searching order 4
2026-04-23 20:46:44,152 [ genlib ] [ INFO ] Checking atom OE1
2026-04-23 20:46:44,152 [ genlib ] [ INFO ] Define atom pair: GLH|OE1|O|O.co2      - > GLN|OE1|O|O.2        (d = 0.20 A)
2026-04-23 20:46:44,152 [ genlib ] [ INFO ] Checking atom OE2
2026-04-23 20:46:44,152 [ genlib ] [ INFO ] Define atom pair: GLH|OE2|OH|O.co2     - > GLN|NE2|N|N.am       (d = 0.13 A)
2026-04-23 20:46:44,152 [ genlib ] [ INFO ] Searching order 5
2026-04-23 20:46:44,152 [ genlib ] [ INFO ] Checking atom HE2
2026-04-23 20:46:44,152 [ genlib ] [ INFO ] Define atom pair: GLH|HE2|HO|H         - > GLN|2HE2|H|H         (d = 0.13 A)
2026-04-23 20:46:44,152 [ genlib ] [ INFO ] Searching order 6
2026-04-23 20:46:44,152 [ genlib ] [ INFO ] Searching order 7
2026-04-23 20:46:44,152 [ genlib ] [ INFO ] Searching branch 2
2026-04-23 20:46:44,152 [ genlib ] [ INFO ] Searching order 2
2026-04-23 20:46:44,152 [ genlib ] [ INFO ] Searching order 3
2026-04-23 20:46:44,153 [ genlib ] [ INFO ] Searching order 4
2026-04-23 20:46:44,153 [ genlib ] [ INFO ] Searching order 5
2026-04-23 20:46:44,153 [ genlib ] [ INFO ] Searching order 6
2026-04-23 20:46:44,153 [ genlib ] [ INFO ] Searching order 7
2026-04-23 20:46:44,153 [ genlib ] [ INFO ] Updating bond lists
2026-04-23 20:46:44,153 [ genlib ] [ INFO ] Updating dihedrals
2026-04-23 20:46:44,153 [ genlib ] [ INFO ] Updating impropers
2026-04-23 20:46:44,153 [ genlib ] [ WARNING ] undefined
2026-04-23 20:46:44,153 [ genlib ] [ WARNING ] undefined
2026-04-23 20:46:44,154 [ genlib ] [ INFO ] Building library files for GLH --> GLU mutant
2026-04-23 20:46:44,154 [ genlib ] [ INFO ] reading rtp file "aminoacids.rtp"
2026-04-23 20:46:44,197 [ genlib ] [ INFO ] ENTERED SIMPLE
2026-04-23 20:46:44,197 [ genlib ] [ INFO ] Making atom pairs
2026-04-23 20:46:44,197 [ genlib ] [ INFO ] Searching branch 1
2026-04-23 20:46:44,197 [ genlib ] [ INFO ] Searching order 2
2026-04-23 20:46:44,197 [ genlib ] [ INFO ] Checking atom 1HB
2026-04-23 20:46:44,197 [ genlib ] [ INFO ] Define atom pair: GLH|1HB|HC|H         - > GLU|1HB|HC|H         (d = 0.09 A)
2026-04-23 20:46:44,197 [ genlib ] [ INFO ] Checking atom 2HB
2026-04-23 20:46:44,197 [ genlib ] [ INFO ] Define atom pair: GLH|2HB|HC|H         - > GLU|2HB|HC|H         (d = 0.12 A)
2026-04-23 20:46:44,197 [ genlib ] [ INFO ] Checking atom CG
2026-04-23 20:46:44,197 [ genlib ] [ INFO ] Define atom pair: GLH|CG|2C|C.3        - > GLU|CG|2C|C.3        (d = 0.00 A)
2026-04-23 20:46:44,197 [ genlib ] [ INFO ] Searching order 3
2026-04-23 20:46:44,197 [ genlib ] [ INFO ] Checking atom 1HG
2026-04-23 20:46:44,197 [ genlib ] [ INFO ] Define atom pair: GLH|1HG|HC|H         - > GLU|1HG|HC|H         (d = 0.09 A)
2026-04-23 20:46:44,197 [ genlib ] [ INFO ] Checking atom 2HG
2026-04-23 20:46:44,197 [ genlib ] [ INFO ] Define atom pair: GLH|2HG|HC|H         - > GLU|2HG|HC|H         (d = 0.10 A)
2026-04-23 20:46:44,197 [ genlib ] [ INFO ] Checking atom CD
2026-04-23 20:46:44,197 [ genlib ] [ INFO ] Define atom pair: GLH|CD|C|C.2         - > GLU|CD|CO|C.2        (d = 0.00 A)
2026-04-23 20:46:44,197 [ genlib ] [ INFO ] Searching order 4
2026-04-23 20:46:44,197 [ genlib ] [ INFO ] Checking atom OE1
2026-04-23 20:46:44,197 [ genlib ] [ INFO ] Define atom pair: GLH|OE1|O|O.co2      - > GLU|OE1|O2|O.co2     (d = 0.00 A)
2026-04-23 20:46:44,197 [ genlib ] [ INFO ] Checking atom OE2
2026-04-23 20:46:44,197 [ genlib ] [ INFO ] Define atom pair: GLH|OE2|OH|O.co2     - > GLU|OE2|O2|O.co2     (d = 0.01 A)
2026-04-23 20:46:44,197 [ genlib ] [ INFO ] Searching order 5
2026-04-23 20:46:44,197 [ genlib ] [ INFO ] Checking atom HE2
2026-04-23 20:46:44,197 [ genlib ] [ INFO ] No partner found for atom HE2
2026-04-23 20:46:44,197 [ genlib ] [ INFO ] Searching order 6
2026-04-23 20:46:44,197 [ genlib ] [ INFO ] Searching order 7
2026-04-23 20:46:44,197 [ genlib ] [ INFO ] Searching branch 2
2026-04-23 20:46:44,197 [ genlib ] [ INFO ] Searching order 2
2026-04-23 20:46:44,197 [ genlib ] [ INFO ] Searching order 3
2026-04-23 20:46:44,197 [ genlib ] [ INFO ] Searching order 4
2026-04-23 20:46:44,197 [ genlib ] [ INFO ] Searching order 5
2026-04-23 20:46:44,197 [ genlib ] [ INFO ] Checking atom HE2
2026-04-23 20:46:44,197 [ genlib ] [ INFO ] No partner found for atom HE2
2026-04-23 20:46:44,197 [ genlib ] [ INFO ] Searching order 6
2026-04-23 20:46:44,197 [ genlib ] [ INFO ] Searching order 7
2026-04-23 20:46:44,197 [ genlib ] [ INFO ] Updating bond lists
2026-04-23 20:46:44,197 [ genlib ] [ INFO ] Updating dihedrals
2026-04-23 20:46:44,197 [ genlib ] [ INFO ] Updating impropers
2026-04-23 20:46:44,198 [ genlib ] [ INFO ] Building library files for GLH --> GLY mutant
2026-04-23 20:46:44,198 [ genlib ] [ INFO ] reading rtp file "aminoacids.rtp"
2026-04-23 20:46:44,241 [ genlib ] [ INFO ] ENTERED G
2026-04-23 20:46:44,241 [ genlib ] [ INFO ] Making atom pairs
2026-04-23 20:46:44,241 [ genlib ] [ INFO ] Updating bond lists
2026-04-23 20:46:44,241 [ genlib ] [ INFO ] Updating dihedrals
2026-04-23 20:46:44,241 [ genlib ] [ INFO ] Updating impropers
2026-04-23 20:46:44,242 [ genlib ] [ INFO ] Building library files for GLH --> HID mutant
2026-04-23 20:46:44,242 [ genlib ] [ INFO ] reading rtp file "aminoacids.rtp"
2026-04-23 20:46:44,285 [ genlib ] [ INFO ] ENTERED RINGS
2026-04-23 20:46:44,285 [ genlib ] [ INFO ] Making atom pairs
2026-04-23 20:46:44,287 [ genlib ] [ INFO ] Updating bond lists
2026-04-23 20:46:44,287 [ genlib ] [ INFO ] Updating dihedrals
2026-04-23 20:46:44,287 [ genlib ] [ INFO ] Updating impropers
2026-04-23 20:46:44,288 [ genlib ] [ INFO ] Building library files for GLH --> HIE mutant
2026-04-23 20:46:44,288 [ genlib ] [ INFO ] reading rtp file "aminoacids.rtp"
2026-04-23 20:46:44,331 [ genlib ] [ INFO ] ENTERED RINGS
2026-04-23 20:46:44,331 [ genlib ] [ INFO ] Making atom pairs
2026-04-23 20:46:44,335 [ genlib ] [ INFO ] Updating bond lists
2026-04-23 20:46:44,335 [ genlib ] [ INFO ] Updating dihedrals
2026-04-23 20:46:44,335 [ genlib ] [ INFO ] Updating impropers
2026-04-23 20:46:44,335 [ genlib ] [ INFO ] Building library files for GLH --> HIP mutant
2026-04-23 20:46:44,336 [ genlib ] [ INFO ] reading rtp file "aminoacids.rtp"
2026-04-23 20:46:44,379 [ genlib ] [ INFO ] ENTERED RINGS
2026-04-23 20:46:44,379 [ genlib ] [ INFO ] Making atom pairs
2026-04-23 20:46:44,382 [ genlib ] [ INFO ] Updating bond lists
2026-04-23 20:46:44,382 [ genlib ] [ INFO ] Updating dihedrals
2026-04-23 20:46:44,382 [ genlib ] [ INFO ] Updating impropers
2026-04-23 20:46:44,383 [ genlib ] [ INFO ] Building library files for GLH --> ILE mutant
2026-04-23 20:46:44,383 [ genlib ] [ INFO ] reading rtp file "aminoacids.rtp"
2026-04-23 20:46:44,427 [ genlib ] [ INFO ] ENTERED SIMPLE
2026-04-23 20:46:44,427 [ genlib ] [ INFO ] Making atom pairs
2026-04-23 20:46:44,427 [ genlib ] [ INFO ] Searching branch 1
2026-04-23 20:46:44,427 [ genlib ] [ INFO ] Searching order 2
2026-04-23 20:46:44,427 [ genlib ] [ INFO ] Checking atom 1HB
2026-04-23 20:46:44,427 [ genlib ] [ INFO ] Define atom pair: GLH|1HB|HC|H         - > ILE|HB|HC|H          (d = 0.11 A)
2026-04-23 20:46:44,427 [ genlib ] [ INFO ] Checking atom 2HB
2026-04-23 20:46:44,427 [ genlib ] [ INFO ] No partner found for atom 2HB
2026-04-23 20:46:44,427 [ genlib ] [ INFO ] Checking atom CG
2026-04-23 20:46:44,427 [ genlib ] [ INFO ] Define atom pair: GLH|CG|2C|C.3        - > ILE|CG1|2C|C.3       (d = 0.06 A)
2026-04-23 20:46:44,427 [ genlib ] [ INFO ] Searching order 3
2026-04-23 20:46:44,427 [ genlib ] [ INFO ] Checking atom 1HG
2026-04-23 20:46:44,427 [ genlib ] [ INFO ] Define atom pair: GLH|1HG|HC|H         - > ILE|1HG1|HC|H        (d = 0.11 A)
2026-04-23 20:46:44,427 [ genlib ] [ INFO ] Checking atom 2HG
2026-04-23 20:46:44,427 [ genlib ] [ INFO ] Define atom pair: GLH|2HG|HC|H         - > ILE|2HG1|HC|H        (d = 0.14 A)
2026-04-23 20:46:44,427 [ genlib ] [ INFO ] Checking atom CD
2026-04-23 20:46:44,427 [ genlib ] [ INFO ] Define atom pair: GLH|CD|C|C.2         - > ILE|CD1|CT|C.3       (d = 0.02 A)
2026-04-23 20:46:44,427 [ genlib ] [ INFO ] Searching order 4
2026-04-23 20:46:44,427 [ genlib ] [ INFO ] Checking atom OE1
2026-04-23 20:46:44,427 [ genlib ] [ INFO ] Define atom pair: GLH|OE1|O|O.co2      - > ILE|1HD1|HC|H        (d = 0.23 A)
2026-04-23 20:46:44,427 [ genlib ] [ INFO ] Checking atom OE2
2026-04-23 20:46:44,427 [ genlib ] [ INFO ] No partner found for atom OE2
2026-04-23 20:46:44,427 [ genlib ] [ INFO ] Searching order 5
2026-04-23 20:46:44,427 [ genlib ] [ INFO ] Searching order 6
2026-04-23 20:46:44,427 [ genlib ] [ INFO ] Searching order 7
2026-04-23 20:46:44,427 [ genlib ] [ INFO ] Searching branch 2
2026-04-23 20:46:44,427 [ genlib ] [ INFO ] Searching order 2
2026-04-23 20:46:44,427 [ genlib ] [ INFO ] Checking atom 2HB
2026-04-23 20:46:44,427 [ genlib ] [ INFO ] No partner found for atom 2HB
2026-04-23 20:46:44,427 [ genlib ] [ INFO ] Searching order 3
2026-04-23 20:46:44,427 [ genlib ] [ INFO ] Searching order 4
2026-04-23 20:46:44,427 [ genlib ] [ INFO ] Checking atom OE2
2026-04-23 20:46:44,427 [ genlib ] [ INFO ] No partner found for atom OE2
2026-04-23 20:46:44,427 [ genlib ] [ INFO ] Searching order 5
2026-04-23 20:46:44,427 [ genlib ] [ INFO ] Searching order 6
2026-04-23 20:46:44,427 [ genlib ] [ INFO ] Searching order 7
2026-04-23 20:46:44,430 [ genlib ] [ INFO ] Updating bond lists
2026-04-23 20:46:44,430 [ genlib ] [ INFO ] Updating dihedrals
2026-04-23 20:46:44,430 [ genlib ] [ INFO ] Updating impropers
2026-04-23 20:46:44,430 [ genlib ] [ INFO ] Building library files for GLH --> LEU mutant
2026-04-23 20:46:44,431 [ genlib ] [ INFO ] reading rtp file "aminoacids.rtp"
2026-04-23 20:46:44,474 [ genlib ] [ INFO ] ENTERED SIMPLE
2026-04-23 20:46:44,474 [ genlib ] [ INFO ] Making atom pairs
2026-04-23 20:46:44,474 [ genlib ] [ INFO ] Searching branch 1
2026-04-23 20:46:44,474 [ genlib ] [ INFO ] Searching order 2
2026-04-23 20:46:44,474 [ genlib ] [ INFO ] Checking atom 1HB
2026-04-23 20:46:44,474 [ genlib ] [ INFO ] Define atom pair: GLH|1HB|HC|H         - > LEU|1HB|HC|H         (d = 0.20 A)
2026-04-23 20:46:44,474 [ genlib ] [ INFO ] Checking atom 2HB
2026-04-23 20:46:44,474 [ genlib ] [ INFO ] Define atom pair: GLH|2HB|HC|H         - > LEU|2HB|HC|H         (d = 0.19 A)
2026-04-23 20:46:44,474 [ genlib ] [ INFO ] Checking atom CG
2026-04-23 20:46:44,474 [ genlib ] [ INFO ] Define atom pair: GLH|CG|2C|C.3        - > LEU|CG|3C|C.3        (d = 0.18 A)
2026-04-23 20:46:44,474 [ genlib ] [ INFO ] Searching order 3
2026-04-23 20:46:44,474 [ genlib ] [ INFO ] Checking atom 1HG
2026-04-23 20:46:44,474 [ genlib ] [ INFO ] Define atom pair: GLH|1HG|HC|H         - > LEU|CD2|CT|C.3       (d = 0.47 A)
2026-04-23 20:46:44,474 [ genlib ] [ INFO ] Checking atom 2HG
2026-04-23 20:46:44,474 [ genlib ] [ INFO ] Define atom pair: GLH|2HG|HC|H         - > LEU|HG|HC|H          (d = 0.33 A)
2026-04-23 20:46:44,474 [ genlib ] [ INFO ] Checking atom CD
2026-04-23 20:46:44,474 [ genlib ] [ INFO ] Define atom pair: GLH|CD|C|C.2         - > LEU|CD1|CT|C.3       (d = 0.19 A)
2026-04-23 20:46:44,474 [ genlib ] [ INFO ] Searching order 4
2026-04-23 20:46:44,474 [ genlib ] [ INFO ] Checking atom OE1
2026-04-23 20:46:44,474 [ genlib ] [ INFO ] Define atom pair: GLH|OE1|O|O.co2      - > LEU|1HD1|HC|H        (d = 0.37 A)
2026-04-23 20:46:44,474 [ genlib ] [ INFO ] Checking atom OE2
2026-04-23 20:46:44,474 [ genlib ] [ INFO ] No partner found for atom OE2
2026-04-23 20:46:44,474 [ genlib ] [ INFO ] Searching order 5
2026-04-23 20:46:44,474 [ genlib ] [ INFO ] Searching order 6
2026-04-23 20:46:44,474 [ genlib ] [ INFO ] Searching order 7
2026-04-23 20:46:44,475 [ genlib ] [ INFO ] Searching branch 2
2026-04-23 20:46:44,475 [ genlib ] [ INFO ] Searching order 2
2026-04-23 20:46:44,475 [ genlib ] [ INFO ] Searching order 3
2026-04-23 20:46:44,475 [ genlib ] [ INFO ] Searching order 4
2026-04-23 20:46:44,475 [ genlib ] [ INFO ] Checking atom OE2
2026-04-23 20:46:44,475 [ genlib ] [ INFO ] No partner found for atom OE2
2026-04-23 20:46:44,475 [ genlib ] [ INFO ] Searching order 5
2026-04-23 20:46:44,475 [ genlib ] [ INFO ] Searching order 6
2026-04-23 20:46:44,475 [ genlib ] [ INFO ] Searching order 7
2026-04-23 20:46:44,477 [ genlib ] [ INFO ] Updating bond lists
2026-04-23 20:46:44,477 [ genlib ] [ INFO ] Updating dihedrals
2026-04-23 20:46:44,477 [ genlib ] [ INFO ] Updating impropers
2026-04-23 20:46:44,477 [ genlib ] [ INFO ] Building library files for GLH --> LYN mutant
2026-04-23 20:46:44,478 [ genlib ] [ INFO ] reading rtp file "aminoacids.rtp"
2026-04-23 20:46:44,523 [ genlib ] [ INFO ] ENTERED SIMPLE
2026-04-23 20:46:44,523 [ genlib ] [ INFO ] Making atom pairs
2026-04-23 20:46:44,523 [ genlib ] [ INFO ] Searching branch 1
2026-04-23 20:46:44,523 [ genlib ] [ INFO ] Searching order 2
2026-04-23 20:46:44,523 [ genlib ] [ INFO ] Checking atom 1HB
2026-04-23 20:46:44,523 [ genlib ] [ INFO ] Define atom pair: GLH|1HB|HC|H         - > LYN|1HB|HC|H         (d = 0.17 A)
2026-04-23 20:46:44,523 [ genlib ] [ INFO ] Checking atom 2HB
2026-04-23 20:46:44,523 [ genlib ] [ INFO ] Define atom pair: GLH|2HB|HC|H         - > LYN|2HB|HC|H         (d = 0.13 A)
2026-04-23 20:46:44,523 [ genlib ] [ INFO ] Checking atom CG
2026-04-23 20:46:44,523 [ genlib ] [ INFO ] Define atom pair: GLH|CG|2C|C.3        - > LYN|CG|CT|C.3        (d = 0.22 A)
2026-04-23 20:46:44,523 [ genlib ] [ INFO ] Searching order 3
2026-04-23 20:46:44,523 [ genlib ] [ INFO ] Checking atom 1HG
2026-04-23 20:46:44,523 [ genlib ] [ INFO ] Define atom pair: GLH|1HG|HC|H         - > LYN|1HG|HC|H         (d = 0.22 A)
2026-04-23 20:46:44,523 [ genlib ] [ INFO ] Checking atom 2HG
2026-04-23 20:46:44,523 [ genlib ] [ INFO ] Define atom pair: GLH|2HG|HC|H         - > LYN|2HG|HC|H         (d = 0.28 A)
2026-04-23 20:46:44,523 [ genlib ] [ INFO ] Checking atom CD
2026-04-23 20:46:44,523 [ genlib ] [ INFO ] Define atom pair: GLH|CD|C|C.2         - > LYN|CD|CT|C.3        (d = 0.23 A)
2026-04-23 20:46:44,523 [ genlib ] [ INFO ] Searching order 4
2026-04-23 20:46:44,523 [ genlib ] [ INFO ] Checking atom OE1
2026-04-23 20:46:44,523 [ genlib ] [ INFO ] Define atom pair: GLH|OE1|O|O.co2      - > LYN|CE|CT|C.3        (d = 0.43 A)
2026-04-23 20:46:44,523 [ genlib ] [ INFO ] Checking atom OE2
2026-04-23 20:46:44,523 [ genlib ] [ INFO ] No partner found for atom OE2
2026-04-23 20:46:44,524 [ genlib ] [ INFO ] Searching order 5
2026-04-23 20:46:44,524 [ genlib ] [ INFO ] Searching order 6
2026-04-23 20:46:44,524 [ genlib ] [ INFO ] Searching order 7
2026-04-23 20:46:44,524 [ genlib ] [ INFO ] Searching branch 2
2026-04-23 20:46:44,524 [ genlib ] [ INFO ] Searching order 2
2026-04-23 20:46:44,524 [ genlib ] [ INFO ] Searching order 3
2026-04-23 20:46:44,524 [ genlib ] [ INFO ] Searching order 4
2026-04-23 20:46:44,524 [ genlib ] [ INFO ] Checking atom OE2
2026-04-23 20:46:44,524 [ genlib ] [ INFO ] No partner found for atom OE2
2026-04-23 20:46:44,524 [ genlib ] [ INFO ] Searching order 5
2026-04-23 20:46:44,524 [ genlib ] [ INFO ] Searching order 6
2026-04-23 20:46:44,524 [ genlib ] [ INFO ] Searching order 7
2026-04-23 20:46:44,527 [ genlib ] [ INFO ] Updating bond lists
2026-04-23 20:46:44,527 [ genlib ] [ INFO ] Updating dihedrals
2026-04-23 20:46:44,527 [ genlib ] [ INFO ] Updating impropers
2026-04-23 20:46:44,527 [ genlib ] [ INFO ] Building library files for GLH --> LYS mutant
2026-04-23 20:46:44,528 [ genlib ] [ INFO ] reading rtp file "aminoacids.rtp"
2026-04-23 20:46:44,573 [ genlib ] [ INFO ] ENTERED SIMPLE
2026-04-23 20:46:44,573 [ genlib ] [ INFO ] Making atom pairs
2026-04-23 20:46:44,573 [ genlib ] [ INFO ] Searching branch 1
2026-04-23 20:46:44,573 [ genlib ] [ INFO ] Searching order 2
2026-04-23 20:46:44,573 [ genlib ] [ INFO ] Checking atom 1HB
2026-04-23 20:46:44,573 [ genlib ] [ INFO ] Define atom pair: GLH|1HB|HC|H         - > LYS|1HB|HC|H         (d = 0.25 A)
2026-04-23 20:46:44,573 [ genlib ] [ INFO ] Checking atom 2HB
2026-04-23 20:46:44,573 [ genlib ] [ INFO ] Define atom pair: GLH|2HB|HC|H         - > LYS|2HB|HC|H         (d = 0.22 A)
2026-04-23 20:46:44,573 [ genlib ] [ INFO ] Checking atom CG
2026-04-23 20:46:44,573 [ genlib ] [ INFO ] Define atom pair: GLH|CG|2C|C.3        - > LYS|CG|C8|C.3        (d = 0.22 A)
2026-04-23 20:46:44,573 [ genlib ] [ INFO ] Searching order 3
2026-04-23 20:46:44,573 [ genlib ] [ INFO ] Checking atom 1HG
2026-04-23 20:46:44,573 [ genlib ] [ INFO ] Define atom pair: GLH|1HG|HC|H         - > LYS|1HG|HC|H         (d = 0.22 A)
2026-04-23 20:46:44,573 [ genlib ] [ INFO ] Checking atom 2HG
2026-04-23 20:46:44,573 [ genlib ] [ INFO ] Define atom pair: GLH|2HG|HC|H         - > LYS|2HG|HC|H         (d = 0.33 A)
2026-04-23 20:46:44,573 [ genlib ] [ INFO ] Checking atom CD
2026-04-23 20:46:44,573 [ genlib ] [ INFO ] Define atom pair: GLH|CD|C|C.2         - > LYS|CD|C8|C.3        (d = 0.24 A)
2026-04-23 20:46:44,573 [ genlib ] [ INFO ] Searching order 4
2026-04-23 20:46:44,573 [ genlib ] [ INFO ] Checking atom OE1
2026-04-23 20:46:44,573 [ genlib ] [ INFO ] Define atom pair: GLH|OE1|O|O.co2      - > LYS|CE|C8|C.3        (d = 0.47 A)
2026-04-23 20:46:44,573 [ genlib ] [ INFO ] Checking atom OE2
2026-04-23 20:46:44,573 [ genlib ] [ INFO ] No partner found for atom OE2
2026-04-23 20:46:44,573 [ genlib ] [ INFO ] Searching order 5
2026-04-23 20:46:44,573 [ genlib ] [ INFO ] Searching order 6
2026-04-23 20:46:44,573 [ genlib ] [ INFO ] Searching order 7
2026-04-23 20:46:44,573 [ genlib ] [ INFO ] Searching branch 2
2026-04-23 20:46:44,573 [ genlib ] [ INFO ] Searching order 2
2026-04-23 20:46:44,573 [ genlib ] [ INFO ] Searching order 3
2026-04-23 20:46:44,573 [ genlib ] [ INFO ] Searching order 4
2026-04-23 20:46:44,573 [ genlib ] [ INFO ] Checking atom OE2
2026-04-23 20:46:44,573 [ genlib ] [ INFO ] No partner found for atom OE2
2026-04-23 20:46:44,573 [ genlib ] [ INFO ] Searching order 5
2026-04-23 20:46:44,573 [ genlib ] [ INFO ] Searching order 6
2026-04-23 20:46:44,573 [ genlib ] [ INFO ] Searching order 7
2026-04-23 20:46:44,577 [ genlib ] [ INFO ] Updating bond lists
2026-04-23 20:46:44,577 [ genlib ] [ INFO ] Updating dihedrals
2026-04-23 20:46:44,577 [ genlib ] [ INFO ] Updating impropers
2026-04-23 20:46:44,577 [ genlib ] [ INFO ] Building library files for GLH --> MET mutant
2026-04-23 20:46:44,578 [ genlib ] [ INFO ] reading rtp file "aminoacids.rtp"
2026-04-23 20:46:44,623 [ genlib ] [ INFO ] ENTERED SIMPLE
2026-04-23 20:46:44,623 [ genlib ] [ INFO ] Making atom pairs
2026-04-23 20:46:44,623 [ genlib ] [ INFO ] Searching branch 1
2026-04-23 20:46:44,623 [ genlib ] [ INFO ] Searching order 2
2026-04-23 20:46:44,623 [ genlib ] [ INFO ] Checking atom 1HB
2026-04-23 20:46:44,623 [ genlib ] [ INFO ] Define atom pair: GLH|1HB|HC|H         - > MET|1HB|HC|H         (d = 0.22 A)
2026-04-23 20:46:44,623 [ genlib ] [ INFO ] Checking atom 2HB
2026-04-23 20:46:44,623 [ genlib ] [ INFO ] Define atom pair: GLH|2HB|HC|H         - > MET|2HB|HC|H         (d = 0.18 A)
2026-04-23 20:46:44,623 [ genlib ] [ INFO ] Checking atom CG
2026-04-23 20:46:44,623 [ genlib ] [ INFO ] Define atom pair: GLH|CG|2C|C.3        - > MET|CG|2C|C.3        (d = 0.13 A)
2026-04-23 20:46:44,623 [ genlib ] [ INFO ] Searching order 3
2026-04-23 20:46:44,623 [ genlib ] [ INFO ] Checking atom 1HG
2026-04-23 20:46:44,623 [ genlib ] [ INFO ] Define atom pair: GLH|1HG|HC|H         - > MET|1HG|H1|H         (d = 0.14 A)
2026-04-23 20:46:44,623 [ genlib ] [ INFO ] Checking atom 2HG
2026-04-23 20:46:44,623 [ genlib ] [ INFO ] Define atom pair: GLH|2HG|HC|H         - > MET|2HG|H1|H         (d = 0.19 A)
2026-04-23 20:46:44,623 [ genlib ] [ INFO ] Checking atom CD
2026-04-23 20:46:44,623 [ genlib ] [ INFO ] Define atom pair: GLH|CD|C|C.2         - > MET|SD|S|S.3         (d = 0.22 A)
2026-04-23 20:46:44,623 [ genlib ] [ INFO ] Searching order 4
2026-04-23 20:46:44,623 [ genlib ] [ INFO ] Checking atom OE1
2026-04-23 20:46:44,623 [ genlib ] [ INFO ] No partner found for atom OE1
2026-04-23 20:46:44,623 [ genlib ] [ INFO ] Checking atom OE2
2026-04-23 20:46:44,623 [ genlib ] [ INFO ] No partner found for atom OE2
2026-04-23 20:46:44,623 [ genlib ] [ INFO ] Searching order 5
2026-04-23 20:46:44,623 [ genlib ] [ INFO ] Searching order 6
2026-04-23 20:46:44,623 [ genlib ] [ INFO ] Searching order 7
2026-04-23 20:46:44,623 [ genlib ] [ INFO ] Searching branch 2
2026-04-23 20:46:44,623 [ genlib ] [ INFO ] Searching order 2
2026-04-23 20:46:44,623 [ genlib ] [ INFO ] Searching order 3
2026-04-23 20:46:44,623 [ genlib ] [ INFO ] Searching order 4
2026-04-23 20:46:44,623 [ genlib ] [ INFO ] Checking atom OE1
2026-04-23 20:46:44,623 [ genlib ] [ INFO ] No partner found for atom OE1
2026-04-23 20:46:44,623 [ genlib ] [ INFO ] Checking atom OE2
2026-04-23 20:46:44,623 [ genlib ] [ INFO ] No partner found for atom OE2
2026-04-23 20:46:44,623 [ genlib ] [ INFO ] Searching order 5
2026-04-23 20:46:44,623 [ genlib ] [ INFO ] Searching order 6
2026-04-23 20:46:44,623 [ genlib ] [ INFO ] Searching order 7
2026-04-23 20:46:44,626 [ genlib ] [ INFO ] Updating bond lists
2026-04-23 20:46:44,626 [ genlib ] [ INFO ] Updating dihedrals
2026-04-23 20:46:44,626 [ genlib ] [ INFO ] Updating impropers
2026-04-23 20:46:44,626 [ genlib ] [ INFO ] Building library files for GLH --> PHE mutant
2026-04-23 20:46:44,627 [ genlib ] [ INFO ] reading rtp file "aminoacids.rtp"
2026-04-23 20:46:44,672 [ genlib ] [ INFO ] ENTERED RINGS
2026-04-23 20:46:44,672 [ genlib ] [ INFO ] Making atom pairs
2026-04-23 20:46:44,677 [ genlib ] [ INFO ] Updating bond lists
2026-04-23 20:46:44,677 [ genlib ] [ INFO ] Updating dihedrals
2026-04-23 20:46:44,677 [ genlib ] [ INFO ] Updating impropers
2026-04-23 20:46:44,678 [ genlib ] [ INFO ] Building library files for GLH --> PRO mutant
2026-04-23 20:46:44,678 [ genlib ] [ INFO ] reading rtp file "aminoacids.rtp"
2026-04-23 20:46:44,723 [ genlib ] [ INFO ] ENTERED P
2026-04-23 20:46:44,723 [ genlib ] [ INFO ] Making atom pairs
2026-04-23 20:46:44,726 [ genlib ] [ INFO ] Updating bond lists
2026-04-23 20:46:44,726 [ genlib ] [ INFO ] Updating dihedrals
2026-04-23 20:46:44,726 [ genlib ] [ INFO ] Updating impropers
2026-04-23 20:46:44,727 [ genlib ] [ INFO ] Building library files for GLH --> SER mutant
2026-04-23 20:46:44,727 [ genlib ] [ INFO ] reading rtp file "aminoacids.rtp"
2026-04-23 20:46:44,773 [ genlib ] [ INFO ] ENTERED SIMPLE
2026-04-23 20:46:44,773 [ genlib ] [ INFO ] Making atom pairs
2026-04-23 20:46:44,773 [ genlib ] [ INFO ] Searching branch 1
2026-04-23 20:46:44,773 [ genlib ] [ INFO ] Searching order 2
2026-04-23 20:46:44,773 [ genlib ] [ INFO ] Checking atom 1HB
2026-04-23 20:46:44,773 [ genlib ] [ INFO ] Define atom pair: GLH|1HB|HC|H         - > SER|1HB|H1|H         (d = 0.13 A)
2026-04-23 20:46:44,773 [ genlib ] [ INFO ] Checking atom 2HB
2026-04-23 20:46:44,773 [ genlib ] [ INFO ] Define atom pair: GLH|2HB|HC|H         - > SER|2HB|H1|H         (d = 0.13 A)
2026-04-23 20:46:44,773 [ genlib ] [ INFO ] Checking atom CG
2026-04-23 20:46:44,773 [ genlib ] [ INFO ] Define atom pair: GLH|CG|2C|C.3        - > SER|OG|OH|O.3        (d = 0.17 A)
2026-04-23 20:46:44,773 [ genlib ] [ INFO ] Searching order 3
2026-04-23 20:46:44,773 [ genlib ] [ INFO ] Checking atom 1HG
2026-04-23 20:46:44,773 [ genlib ] [ INFO ] No partner found for atom 1HG
2026-04-23 20:46:44,773 [ genlib ] [ INFO ] Checking atom 2HG
2026-04-23 20:46:44,773 [ genlib ] [ INFO ] No partner found for atom 2HG
2026-04-23 20:46:44,773 [ genlib ] [ INFO ] Checking atom CD
2026-04-23 20:46:44,773 [ genlib ] [ INFO ] No partner found for atom CD
2026-04-23 20:46:44,773 [ genlib ] [ INFO ] Searching order 4
2026-04-23 20:46:44,773 [ genlib ] [ INFO ] Searching order 5
2026-04-23 20:46:44,773 [ genlib ] [ INFO ] Searching order 6
2026-04-23 20:46:44,773 [ genlib ] [ INFO ] Searching order 7
2026-04-23 20:46:44,773 [ genlib ] [ INFO ] Searching branch 2
2026-04-23 20:46:44,773 [ genlib ] [ INFO ] Searching order 2
2026-04-23 20:46:44,773 [ genlib ] [ INFO ] Searching order 3
2026-04-23 20:46:44,773 [ genlib ] [ INFO ] Checking atom 1HG
2026-04-23 20:46:44,773 [ genlib ] [ INFO ] No partner found for atom 1HG
2026-04-23 20:46:44,773 [ genlib ] [ INFO ] Checking atom 2HG
2026-04-23 20:46:44,773 [ genlib ] [ INFO ] No partner found for atom 2HG
2026-04-23 20:46:44,773 [ genlib ] [ INFO ] Checking atom CD
2026-04-23 20:46:44,773 [ genlib ] [ INFO ] No partner found for atom CD
2026-04-23 20:46:44,773 [ genlib ] [ INFO ] Searching order 4
2026-04-23 20:46:44,773 [ genlib ] [ INFO ] Searching order 5
2026-04-23 20:46:44,773 [ genlib ] [ INFO ] Searching order 6
2026-04-23 20:46:44,773 [ genlib ] [ INFO ] Searching order 7
2026-04-23 20:46:44,774 [ genlib ] [ INFO ] Updating bond lists
2026-04-23 20:46:44,774 [ genlib ] [ INFO ] Updating dihedrals
2026-04-23 20:46:44,774 [ genlib ] [ INFO ] Updating impropers
2026-04-23 20:46:44,775 [ genlib ] [ INFO ] Building library files for GLH --> THR mutant
2026-04-23 20:46:44,776 [ genlib ] [ INFO ] reading rtp file "aminoacids.rtp"
2026-04-23 20:46:44,820 [ genlib ] [ INFO ] ENTERED SIMPLE
2026-04-23 20:46:44,820 [ genlib ] [ INFO ] Making atom pairs
2026-04-23 20:46:44,820 [ genlib ] [ INFO ] Searching branch 1
2026-04-23 20:46:44,820 [ genlib ] [ INFO ] Searching order 2
2026-04-23 20:46:44,820 [ genlib ] [ INFO ] Checking atom 1HB
2026-04-23 20:46:44,820 [ genlib ] [ INFO ] Define atom pair: GLH|1HB|HC|H         - > THR|HB|H1|H          (d = 0.16 A)
2026-04-23 20:46:44,820 [ genlib ] [ INFO ] Checking atom 2HB
2026-04-23 20:46:44,820 [ genlib ] [ INFO ] No partner found for atom 2HB
2026-04-23 20:46:44,820 [ genlib ] [ INFO ] Checking atom CG
2026-04-23 20:46:44,820 [ genlib ] [ INFO ] Define atom pair: GLH|CG|2C|C.3        - > THR|OG1|OH|O.3       (d = 0.22 A)
2026-04-23 20:46:44,820 [ genlib ] [ INFO ] Searching order 3
2026-04-23 20:46:44,820 [ genlib ] [ INFO ] Checking atom 1HG
2026-04-23 20:46:44,820 [ genlib ] [ INFO ] No partner found for atom 1HG
2026-04-23 20:46:44,820 [ genlib ] [ INFO ] Checking atom 2HG
2026-04-23 20:46:44,820 [ genlib ] [ INFO ] No partner found for atom 2HG
2026-04-23 20:46:44,821 [ genlib ] [ INFO ] Checking atom CD
2026-04-23 20:46:44,821 [ genlib ] [ INFO ] No partner found for atom CD
2026-04-23 20:46:44,821 [ genlib ] [ INFO ] Searching order 4
2026-04-23 20:46:44,821 [ genlib ] [ INFO ] Searching order 5
2026-04-23 20:46:44,821 [ genlib ] [ INFO ] Searching order 6
2026-04-23 20:46:44,821 [ genlib ] [ INFO ] Searching order 7
2026-04-23 20:46:44,821 [ genlib ] [ INFO ] Searching branch 2
2026-04-23 20:46:44,821 [ genlib ] [ INFO ] Searching order 2
2026-04-23 20:46:44,821 [ genlib ] [ INFO ] Checking atom 2HB
2026-04-23 20:46:44,821 [ genlib ] [ INFO ] No partner found for atom 2HB
2026-04-23 20:46:44,821 [ genlib ] [ INFO ] Searching order 3
2026-04-23 20:46:44,821 [ genlib ] [ INFO ] Checking atom 1HG
2026-04-23 20:46:44,821 [ genlib ] [ INFO ] No partner found for atom 1HG
2026-04-23 20:46:44,821 [ genlib ] [ INFO ] Checking atom 2HG
2026-04-23 20:46:44,821 [ genlib ] [ INFO ] No partner found for atom 2HG
2026-04-23 20:46:44,821 [ genlib ] [ INFO ] Checking atom CD
2026-04-23 20:46:44,821 [ genlib ] [ INFO ] No partner found for atom CD
2026-04-23 20:46:44,821 [ genlib ] [ INFO ] Searching order 4
2026-04-23 20:46:44,821 [ genlib ] [ INFO ] Searching order 5
2026-04-23 20:46:44,821 [ genlib ] [ INFO ] Searching order 6
2026-04-23 20:46:44,821 [ genlib ] [ INFO ] Searching order 7
2026-04-23 20:46:44,822 [ genlib ] [ INFO ] Updating bond lists
2026-04-23 20:46:44,822 [ genlib ] [ INFO ] Updating dihedrals
2026-04-23 20:46:44,822 [ genlib ] [ INFO ] Updating impropers
2026-04-23 20:46:44,823 [ genlib ] [ INFO ] Building library files for GLH --> TRP mutant
2026-04-23 20:46:44,824 [ genlib ] [ INFO ] reading rtp file "aminoacids.rtp"
2026-04-23 20:46:44,869 [ genlib ] [ INFO ] ENTERED RINGS
2026-04-23 20:46:44,869 [ genlib ] [ INFO ] Making atom pairs
2026-04-23 20:46:44,877 [ genlib ] [ INFO ] Updating bond lists
2026-04-23 20:46:44,877 [ genlib ] [ INFO ] Updating dihedrals
2026-04-23 20:46:44,877 [ genlib ] [ INFO ] Updating impropers
2026-04-23 20:46:44,878 [ genlib ] [ INFO ] Building library files for GLH --> TYR mutant
2026-04-23 20:46:44,879 [ genlib ] [ INFO ] reading rtp file "aminoacids.rtp"
2026-04-23 20:46:44,924 [ genlib ] [ INFO ] ENTERED RINGS
2026-04-23 20:46:44,924 [ genlib ] [ INFO ] Making atom pairs
2026-04-23 20:46:44,929 [ genlib ] [ INFO ] Updating bond lists
2026-04-23 20:46:44,929 [ genlib ] [ INFO ] Updating dihedrals
2026-04-23 20:46:44,929 [ genlib ] [ INFO ] Updating impropers
2026-04-23 20:46:44,930 [ genlib ] [ INFO ] Building library files for GLH --> VAL mutant
2026-04-23 20:46:44,930 [ genlib ] [ INFO ] reading rtp file "aminoacids.rtp"
2026-04-23 20:46:44,975 [ genlib ] [ INFO ] ENTERED SIMPLE
2026-04-23 20:46:44,975 [ genlib ] [ INFO ] Making atom pairs
2026-04-23 20:46:44,975 [ genlib ] [ INFO ] Searching branch 1
2026-04-23 20:46:44,975 [ genlib ] [ INFO ] Searching order 2
2026-04-23 20:46:44,975 [ genlib ] [ INFO ] Checking atom 1HB
2026-04-23 20:46:44,975 [ genlib ] [ INFO ] Define atom pair: GLH|1HB|HC|H         - > VAL|HB|HC|H          (d = 0.13 A)
2026-04-23 20:46:44,975 [ genlib ] [ INFO ] Checking atom 2HB
2026-04-23 20:46:44,975 [ genlib ] [ INFO ] No partner found for atom 2HB
2026-04-23 20:46:44,975 [ genlib ] [ INFO ] Checking atom CG
2026-04-23 20:46:44,975 [ genlib ] [ INFO ] Define atom pair: GLH|CG|2C|C.3        - > VAL|CG2|CT|C.3       (d = 0.08 A)
2026-04-23 20:46:44,975 [ genlib ] [ INFO ] Searching order 3
2026-04-23 20:46:44,975 [ genlib ] [ INFO ] Checking atom 1HG
2026-04-23 20:46:44,975 [ genlib ] [ INFO ] Define atom pair: GLH|1HG|HC|H         - > VAL|2HG2|HC|H        (d = 0.16 A)
2026-04-23 20:46:44,975 [ genlib ] [ INFO ] Checking atom 2HG
2026-04-23 20:46:44,975 [ genlib ] [ INFO ] Define atom pair: GLH|2HG|HC|H         - > VAL|3HG2|HC|H        (d = 0.12 A)
2026-04-23 20:46:44,975 [ genlib ] [ INFO ] Checking atom CD
2026-04-23 20:46:44,976 [ genlib ] [ INFO ] Define atom pair: GLH|CD|C|C.2         - > VAL|1HG2|HC|H        (d = 0.48 A)
2026-04-23 20:46:44,976 [ genlib ] [ INFO ] Searching order 4
2026-04-23 20:46:44,976 [ genlib ] [ INFO ] Checking atom OE1
2026-04-23 20:46:44,976 [ genlib ] [ INFO ] No partner found for atom OE1
2026-04-23 20:46:44,976 [ genlib ] [ INFO ] Checking atom OE2
2026-04-23 20:46:44,976 [ genlib ] [ INFO ] No partner found for atom OE2
2026-04-23 20:46:44,976 [ genlib ] [ INFO ] Searching order 5
2026-04-23 20:46:44,976 [ genlib ] [ INFO ] Searching order 6
2026-04-23 20:46:44,976 [ genlib ] [ INFO ] Searching order 7
2026-04-23 20:46:44,976 [ genlib ] [ INFO ] Searching branch 2
2026-04-23 20:46:44,976 [ genlib ] [ INFO ] Searching order 2
2026-04-23 20:46:44,976 [ genlib ] [ INFO ] Checking atom 2HB
2026-04-23 20:46:44,976 [ genlib ] [ INFO ] No partner found for atom 2HB
2026-04-23 20:46:44,976 [ genlib ] [ INFO ] Searching order 3
2026-04-23 20:46:44,976 [ genlib ] [ INFO ] Searching order 4
2026-04-23 20:46:44,976 [ genlib ] [ INFO ] Checking atom OE1
2026-04-23 20:46:44,976 [ genlib ] [ INFO ] No partner found for atom OE1
2026-04-23 20:46:44,976 [ genlib ] [ INFO ] Checking atom OE2
2026-04-23 20:46:44,976 [ genlib ] [ INFO ] No partner found for atom OE2
2026-04-23 20:46:44,976 [ genlib ] [ INFO ] Searching order 5
2026-04-23 20:46:44,976 [ genlib ] [ INFO ] Searching order 6
2026-04-23 20:46:44,976 [ genlib ] [ INFO ] Searching order 7
2026-04-23 20:46:44,977 [ genlib ] [ INFO ] Updating bond lists
2026-04-23 20:46:44,977 [ genlib ] [ INFO ] Updating dihedrals
2026-04-23 20:46:44,977 [ genlib ] [ INFO ] Updating impropers
2026-04-23 20:46:44,978 [ genlib ] [ INFO ] Building library files for GLN --> ALA mutant
2026-04-23 20:46:44,978 [ genlib ] [ INFO ] reading rtp file "aminoacids.rtp"
2026-04-23 20:46:45,022 [ genlib ] [ INFO ] ENTERED SIMPLE
2026-04-23 20:46:45,022 [ genlib ] [ INFO ] Making atom pairs
2026-04-23 20:46:45,022 [ genlib ] [ INFO ] Searching branch 1
2026-04-23 20:46:45,022 [ genlib ] [ INFO ] Searching order 2
2026-04-23 20:46:45,022 [ genlib ] [ INFO ] Checking atom 1HB
2026-04-23 20:46:45,022 [ genlib ] [ INFO ] Define atom pair: GLN|1HB|HC|H         - > ALA|2HB|HC|H         (d = 0.06 A)
2026-04-23 20:46:45,022 [ genlib ] [ INFO ] Checking atom 2HB
2026-04-23 20:46:45,022 [ genlib ] [ INFO ] Define atom pair: GLN|2HB|HC|H         - > ALA|3HB|HC|H         (d = 0.09 A)
2026-04-23 20:46:45,022 [ genlib ] [ INFO ] Checking atom CG
2026-04-23 20:46:45,022 [ genlib ] [ INFO ] Define atom pair: GLN|CG|2C|C.3        - > ALA|1HB|HC|H         (d = 0.46 A)
2026-04-23 20:46:45,022 [ genlib ] [ INFO ] Searching order 3
2026-04-23 20:46:45,022 [ genlib ] [ INFO ] Checking atom 1HG
2026-04-23 20:46:45,022 [ genlib ] [ INFO ] No partner found for atom 1HG
2026-04-23 20:46:45,022 [ genlib ] [ INFO ] Checking atom 2HG
2026-04-23 20:46:45,022 [ genlib ] [ INFO ] No partner found for atom 2HG
2026-04-23 20:46:45,022 [ genlib ] [ INFO ] Checking atom CD
2026-04-23 20:46:45,022 [ genlib ] [ INFO ] No partner found for atom CD
2026-04-23 20:46:45,022 [ genlib ] [ INFO ] Searching order 4
2026-04-23 20:46:45,022 [ genlib ] [ INFO ] Searching order 5
2026-04-23 20:46:45,022 [ genlib ] [ INFO ] Searching order 6
2026-04-23 20:46:45,022 [ genlib ] [ INFO ] Searching order 7
2026-04-23 20:46:45,022 [ genlib ] [ INFO ] Searching branch 2
2026-04-23 20:46:45,022 [ genlib ] [ INFO ] Searching order 2
2026-04-23 20:46:45,022 [ genlib ] [ INFO ] Searching order 3
2026-04-23 20:46:45,022 [ genlib ] [ INFO ] Checking atom 1HG
2026-04-23 20:46:45,022 [ genlib ] [ INFO ] No partner found for atom 1HG
2026-04-23 20:46:45,022 [ genlib ] [ INFO ] Checking atom 2HG
2026-04-23 20:46:45,022 [ genlib ] [ INFO ] No partner found for atom 2HG
2026-04-23 20:46:45,022 [ genlib ] [ INFO ] Checking atom CD
2026-04-23 20:46:45,022 [ genlib ] [ INFO ] No partner found for atom CD
2026-04-23 20:46:45,022 [ genlib ] [ INFO ] Searching order 4
2026-04-23 20:46:45,022 [ genlib ] [ INFO ] Searching order 5
2026-04-23 20:46:45,022 [ genlib ] [ INFO ] Searching order 6
2026-04-23 20:46:45,022 [ genlib ] [ INFO ] Searching order 7
2026-04-23 20:46:45,023 [ genlib ] [ INFO ] Updating bond lists
2026-04-23 20:46:45,023 [ genlib ] [ INFO ] Updating dihedrals
2026-04-23 20:46:45,023 [ genlib ] [ INFO ] Updating impropers
2026-04-23 20:46:45,023 [ genlib ] [ INFO ] Building library files for GLN --> ARG mutant
2026-04-23 20:46:45,024 [ genlib ] [ INFO ] reading rtp file "aminoacids.rtp"
2026-04-23 20:46:45,067 [ genlib ] [ INFO ] ENTERED SIMPLE
2026-04-23 20:46:45,067 [ genlib ] [ INFO ] Making atom pairs
2026-04-23 20:46:45,068 [ genlib ] [ INFO ] Searching branch 1
2026-04-23 20:46:45,068 [ genlib ] [ INFO ] Searching order 2
2026-04-23 20:46:45,068 [ genlib ] [ INFO ] Checking atom 1HB
2026-04-23 20:46:45,068 [ genlib ] [ INFO ] Define atom pair: GLN|1HB|HC|H         - > ARG|1HB|HC|H         (d = 0.02 A)
2026-04-23 20:46:45,068 [ genlib ] [ INFO ] Checking atom 2HB
2026-04-23 20:46:45,068 [ genlib ] [ INFO ] Define atom pair: GLN|2HB|HC|H         - > ARG|2HB|HC|H         (d = 0.05 A)
2026-04-23 20:46:45,068 [ genlib ] [ INFO ] Checking atom CG
2026-04-23 20:46:45,068 [ genlib ] [ INFO ] Define atom pair: GLN|CG|2C|C.3        - > ARG|CG|C8|C.3        (d = 0.04 A)
2026-04-23 20:46:45,068 [ genlib ] [ INFO ] Searching order 3
2026-04-23 20:46:45,068 [ genlib ] [ INFO ] Checking atom 1HG
2026-04-23 20:46:45,068 [ genlib ] [ INFO ] Define atom pair: GLN|1HG|HC|H         - > ARG|1HG|HC|H         (d = 0.06 A)
2026-04-23 20:46:45,068 [ genlib ] [ INFO ] Checking atom 2HG
2026-04-23 20:46:45,068 [ genlib ] [ INFO ] Define atom pair: GLN|2HG|HC|H         - > ARG|2HG|HC|H         (d = 0.05 A)
2026-04-23 20:46:45,068 [ genlib ] [ INFO ] Checking atom CD
2026-04-23 20:46:45,068 [ genlib ] [ INFO ] Define atom pair: GLN|CD|C|C.2         - > ARG|CD|C8|C.3        (d = 0.04 A)
2026-04-23 20:46:45,068 [ genlib ] [ INFO ] Searching order 4
2026-04-23 20:46:45,068 [ genlib ] [ INFO ] Checking atom OE1
2026-04-23 20:46:45,068 [ genlib ] [ INFO ] Define atom pair: GLN|OE1|O|O.2        - > ARG|NE|N2|N.pl3      (d = 0.27 A)
2026-04-23 20:46:45,068 [ genlib ] [ INFO ] Checking atom NE2
2026-04-23 20:46:45,068 [ genlib ] [ INFO ] No partner found for atom NE2
2026-04-23 20:46:45,068 [ genlib ] [ INFO ] Searching order 5
2026-04-23 20:46:45,068 [ genlib ] [ INFO ] Searching order 6
2026-04-23 20:46:45,068 [ genlib ] [ INFO ] Searching order 7
2026-04-23 20:46:45,068 [ genlib ] [ INFO ] Searching branch 2
2026-04-23 20:46:45,068 [ genlib ] [ INFO ] Searching order 2
2026-04-23 20:46:45,068 [ genlib ] [ INFO ] Searching order 3
2026-04-23 20:46:45,068 [ genlib ] [ INFO ] Searching order 4
2026-04-23 20:46:45,068 [ genlib ] [ INFO ] Checking atom NE2
2026-04-23 20:46:45,068 [ genlib ] [ INFO ] No partner found for atom NE2
2026-04-23 20:46:45,068 [ genlib ] [ INFO ] Searching order 5
2026-04-23 20:46:45,068 [ genlib ] [ INFO ] Searching order 6
2026-04-23 20:46:45,068 [ genlib ] [ INFO ] Searching order 7
2026-04-23 20:46:45,072 [ genlib ] [ INFO ] Updating bond lists
2026-04-23 20:46:45,073 [ genlib ] [ INFO ] Updating dihedrals
2026-04-23 20:46:45,073 [ genlib ] [ INFO ] Updating impropers
2026-04-23 20:46:45,073 [ genlib ] [ INFO ] Building library files for GLN --> ASH mutant
2026-04-23 20:46:45,074 [ genlib ] [ INFO ] reading rtp file "aminoacids.rtp"
2026-04-23 20:46:45,117 [ genlib ] [ INFO ] ENTERED SIMPLE
2026-04-23 20:46:45,117 [ genlib ] [ INFO ] Making atom pairs
2026-04-23 20:46:45,117 [ genlib ] [ INFO ] Searching branch 1
2026-04-23 20:46:45,117 [ genlib ] [ INFO ] Searching order 2
2026-04-23 20:46:45,117 [ genlib ] [ INFO ] Checking atom 1HB
2026-04-23 20:46:45,117 [ genlib ] [ INFO ] Define atom pair: GLN|1HB|HC|H         - > ASH|1HB|HC|H         (d = 0.07 A)
2026-04-23 20:46:45,117 [ genlib ] [ INFO ] Checking atom 2HB
2026-04-23 20:46:45,117 [ genlib ] [ INFO ] Define atom pair: GLN|2HB|HC|H         - > ASH|2HB|HC|H         (d = 0.08 A)
2026-04-23 20:46:45,117 [ genlib ] [ INFO ] Checking atom CG
2026-04-23 20:46:45,117 [ genlib ] [ INFO ] Define atom pair: GLN|CG|2C|C.3        - > ASH|CG|C|C.2         (d = 0.07 A)
2026-04-23 20:46:45,117 [ genlib ] [ INFO ] Searching order 3
2026-04-23 20:46:45,117 [ genlib ] [ INFO ] Checking atom 1HG
2026-04-23 20:46:45,117 [ genlib ] [ INFO ] No partner found for atom 1HG
2026-04-23 20:46:45,117 [ genlib ] [ INFO ] Checking atom 2HG
2026-04-23 20:46:45,117 [ genlib ] [ INFO ] No partner found for atom 2HG
2026-04-23 20:46:45,117 [ genlib ] [ INFO ] Checking atom CD
2026-04-23 20:46:45,117 [ genlib ] [ INFO ] Define atom pair: GLN|CD|C|C.2         - > ASH|OD1|O|O.co2      (d = 0.33 A)
2026-04-23 20:46:45,117 [ genlib ] [ INFO ] Searching order 4
2026-04-23 20:46:45,117 [ genlib ] [ INFO ] Checking atom OE1
2026-04-23 20:46:45,117 [ genlib ] [ INFO ] No partner found for atom OE1
2026-04-23 20:46:45,117 [ genlib ] [ INFO ] Checking atom NE2
2026-04-23 20:46:45,117 [ genlib ] [ INFO ] No partner found for atom NE2
2026-04-23 20:46:45,117 [ genlib ] [ INFO ] Searching order 5
2026-04-23 20:46:45,117 [ genlib ] [ INFO ] Searching order 6
2026-04-23 20:46:45,117 [ genlib ] [ INFO ] Searching order 7
2026-04-23 20:46:45,117 [ genlib ] [ INFO ] Searching branch 2
2026-04-23 20:46:45,117 [ genlib ] [ INFO ] Searching order 2
2026-04-23 20:46:45,117 [ genlib ] [ INFO ] Searching order 3
2026-04-23 20:46:45,117 [ genlib ] [ INFO ] Checking atom 1HG
2026-04-23 20:46:45,117 [ genlib ] [ INFO ] No partner found for atom 1HG
2026-04-23 20:46:45,117 [ genlib ] [ INFO ] Checking atom 2HG
2026-04-23 20:46:45,117 [ genlib ] [ INFO ] No partner found for atom 2HG
2026-04-23 20:46:45,117 [ genlib ] [ INFO ] Searching order 4
2026-04-23 20:46:45,117 [ genlib ] [ INFO ] Checking atom OE1
2026-04-23 20:46:45,117 [ genlib ] [ INFO ] No partner found for atom OE1
2026-04-23 20:46:45,117 [ genlib ] [ INFO ] Checking atom NE2
2026-04-23 20:46:45,117 [ genlib ] [ INFO ] No partner found for atom NE2
2026-04-23 20:46:45,117 [ genlib ] [ INFO ] Searching order 5
2026-04-23 20:46:45,117 [ genlib ] [ INFO ] Searching order 6
2026-04-23 20:46:45,117 [ genlib ] [ INFO ] Searching order 7
2026-04-23 20:46:45,118 [ genlib ] [ INFO ] Updating bond lists
2026-04-23 20:46:45,118 [ genlib ] [ INFO ] Updating dihedrals
2026-04-23 20:46:45,118 [ genlib ] [ INFO ] Updating impropers
2026-04-23 20:46:45,118 [ genlib ] [ INFO ] Building library files for GLN --> ASN mutant
2026-04-23 20:46:45,119 [ genlib ] [ INFO ] reading rtp file "aminoacids.rtp"
2026-04-23 20:46:45,164 [ genlib ] [ INFO ] ENTERED SIMPLE
2026-04-23 20:46:45,164 [ genlib ] [ INFO ] Making atom pairs
2026-04-23 20:46:45,164 [ genlib ] [ INFO ] Searching branch 1
2026-04-23 20:46:45,164 [ genlib ] [ INFO ] Searching order 2
2026-04-23 20:46:45,164 [ genlib ] [ INFO ] Checking atom 1HB
2026-04-23 20:46:45,164 [ genlib ] [ INFO ] Define atom pair: GLN|1HB|HC|H         - > ASN|1HB|HC|H         (d = 0.12 A)
2026-04-23 20:46:45,164 [ genlib ] [ INFO ] Checking atom 2HB
2026-04-23 20:46:45,164 [ genlib ] [ INFO ] Define atom pair: GLN|2HB|HC|H         - > ASN|2HB|HC|H         (d = 0.08 A)
2026-04-23 20:46:45,164 [ genlib ] [ INFO ] Checking atom CG
2026-04-23 20:46:45,164 [ genlib ] [ INFO ] Define atom pair: GLN|CG|2C|C.3        - > ASN|CG|C|C.2         (d = 0.16 A)
2026-04-23 20:46:45,164 [ genlib ] [ INFO ] Searching order 3
2026-04-23 20:46:45,164 [ genlib ] [ INFO ] Checking atom 1HG
2026-04-23 20:46:45,164 [ genlib ] [ INFO ] No partner found for atom 1HG
2026-04-23 20:46:45,164 [ genlib ] [ INFO ] Checking atom 2HG
2026-04-23 20:46:45,164 [ genlib ] [ INFO ] No partner found for atom 2HG
2026-04-23 20:46:45,164 [ genlib ] [ INFO ] Checking atom CD
2026-04-23 20:46:45,164 [ genlib ] [ INFO ] Define atom pair: GLN|CD|C|C.2         - > ASN|OD1|O|O.2        (d = 0.51 A)
2026-04-23 20:46:45,164 [ genlib ] [ INFO ] Searching order 4
2026-04-23 20:46:45,164 [ genlib ] [ INFO ] Checking atom OE1
2026-04-23 20:46:45,164 [ genlib ] [ INFO ] No partner found for atom OE1
2026-04-23 20:46:45,164 [ genlib ] [ INFO ] Checking atom NE2
2026-04-23 20:46:45,164 [ genlib ] [ INFO ] No partner found for atom NE2
2026-04-23 20:46:45,164 [ genlib ] [ INFO ] Searching order 5
2026-04-23 20:46:45,164 [ genlib ] [ INFO ] Searching order 6
2026-04-23 20:46:45,164 [ genlib ] [ INFO ] Searching order 7
2026-04-23 20:46:45,164 [ genlib ] [ INFO ] Searching branch 2
2026-04-23 20:46:45,164 [ genlib ] [ INFO ] Searching order 2
2026-04-23 20:46:45,164 [ genlib ] [ INFO ] Searching order 3
2026-04-23 20:46:45,164 [ genlib ] [ INFO ] Checking atom 1HG
2026-04-23 20:46:45,164 [ genlib ] [ INFO ] No partner found for atom 1HG
2026-04-23 20:46:45,164 [ genlib ] [ INFO ] Checking atom 2HG
2026-04-23 20:46:45,164 [ genlib ] [ INFO ] No partner found for atom 2HG
2026-04-23 20:46:45,164 [ genlib ] [ INFO ] Searching order 4
2026-04-23 20:46:45,164 [ genlib ] [ INFO ] Checking atom OE1
2026-04-23 20:46:45,164 [ genlib ] [ INFO ] No partner found for atom OE1
2026-04-23 20:46:45,164 [ genlib ] [ INFO ] Checking atom NE2
2026-04-23 20:46:45,164 [ genlib ] [ INFO ] No partner found for atom NE2
2026-04-23 20:46:45,164 [ genlib ] [ INFO ] Searching order 5
2026-04-23 20:46:45,164 [ genlib ] [ INFO ] Searching order 6
2026-04-23 20:46:45,164 [ genlib ] [ INFO ] Searching order 7
2026-04-23 20:46:45,166 [ genlib ] [ INFO ] Updating bond lists
2026-04-23 20:46:45,166 [ genlib ] [ INFO ] Updating dihedrals
2026-04-23 20:46:45,166 [ genlib ] [ INFO ] Updating impropers
2026-04-23 20:46:45,166 [ genlib ] [ INFO ] Building library files for GLN --> ASP mutant
2026-04-23 20:46:45,167 [ genlib ] [ INFO ] reading rtp file "aminoacids.rtp"
2026-04-23 20:46:45,210 [ genlib ] [ INFO ] ENTERED SIMPLE
2026-04-23 20:46:45,210 [ genlib ] [ INFO ] Making atom pairs
2026-04-23 20:46:45,210 [ genlib ] [ INFO ] Searching branch 1
2026-04-23 20:46:45,210 [ genlib ] [ INFO ] Searching order 2
2026-04-23 20:46:45,210 [ genlib ] [ INFO ] Checking atom 1HB
2026-04-23 20:46:45,210 [ genlib ] [ INFO ] Define atom pair: GLN|1HB|HC|H         - > ASP|1HB|HC|H         (d = 0.05 A)
2026-04-23 20:46:45,210 [ genlib ] [ INFO ] Checking atom 2HB
2026-04-23 20:46:45,210 [ genlib ] [ INFO ] Define atom pair: GLN|2HB|HC|H         - > ASP|2HB|HC|H         (d = 0.03 A)
2026-04-23 20:46:45,210 [ genlib ] [ INFO ] Checking atom CG
2026-04-23 20:46:45,210 [ genlib ] [ INFO ] Define atom pair: GLN|CG|2C|C.3        - > ASP|CG|CO|C.2        (d = 0.07 A)
2026-04-23 20:46:45,210 [ genlib ] [ INFO ] Searching order 3
2026-04-23 20:46:45,210 [ genlib ] [ INFO ] Checking atom 1HG
2026-04-23 20:46:45,210 [ genlib ] [ INFO ] No partner found for atom 1HG
2026-04-23 20:46:45,210 [ genlib ] [ INFO ] Checking atom 2HG
2026-04-23 20:46:45,210 [ genlib ] [ INFO ] No partner found for atom 2HG
2026-04-23 20:46:45,210 [ genlib ] [ INFO ] Checking atom CD
2026-04-23 20:46:45,210 [ genlib ] [ INFO ] Define atom pair: GLN|CD|C|C.2         - > ASP|OD1|O2|O.co2     (d = 0.33 A)
2026-04-23 20:46:45,210 [ genlib ] [ INFO ] Searching order 4
2026-04-23 20:46:45,210 [ genlib ] [ INFO ] Checking atom OE1
2026-04-23 20:46:45,210 [ genlib ] [ INFO ] No partner found for atom OE1
2026-04-23 20:46:45,210 [ genlib ] [ INFO ] Checking atom NE2
2026-04-23 20:46:45,210 [ genlib ] [ INFO ] No partner found for atom NE2
2026-04-23 20:46:45,210 [ genlib ] [ INFO ] Searching order 5
2026-04-23 20:46:45,210 [ genlib ] [ INFO ] Searching order 6
2026-04-23 20:46:45,210 [ genlib ] [ INFO ] Searching order 7
2026-04-23 20:46:45,210 [ genlib ] [ INFO ] Searching branch 2
2026-04-23 20:46:45,210 [ genlib ] [ INFO ] Searching order 2
2026-04-23 20:46:45,210 [ genlib ] [ INFO ] Searching order 3
2026-04-23 20:46:45,210 [ genlib ] [ INFO ] Checking atom 1HG
2026-04-23 20:46:45,210 [ genlib ] [ INFO ] No partner found for atom 1HG
2026-04-23 20:46:45,210 [ genlib ] [ INFO ] Checking atom 2HG
2026-04-23 20:46:45,210 [ genlib ] [ INFO ] No partner found for atom 2HG
2026-04-23 20:46:45,210 [ genlib ] [ INFO ] Searching order 4
2026-04-23 20:46:45,210 [ genlib ] [ INFO ] Checking atom OE1
2026-04-23 20:46:45,210 [ genlib ] [ INFO ] No partner found for atom OE1
2026-04-23 20:46:45,210 [ genlib ] [ INFO ] Checking atom NE2
2026-04-23 20:46:45,210 [ genlib ] [ INFO ] No partner found for atom NE2
2026-04-23 20:46:45,210 [ genlib ] [ INFO ] Searching order 5
2026-04-23 20:46:45,210 [ genlib ] [ INFO ] Searching order 6
2026-04-23 20:46:45,210 [ genlib ] [ INFO ] Searching order 7
2026-04-23 20:46:45,211 [ genlib ] [ INFO ] Updating bond lists
2026-04-23 20:46:45,211 [ genlib ] [ INFO ] Updating dihedrals
2026-04-23 20:46:45,211 [ genlib ] [ INFO ] Updating impropers
2026-04-23 20:46:45,211 [ genlib ] [ INFO ] Building library files for GLN --> CYS mutant
2026-04-23 20:46:45,212 [ genlib ] [ INFO ] reading rtp file "aminoacids.rtp"
2026-04-23 20:46:45,255 [ genlib ] [ INFO ] ENTERED SIMPLE
2026-04-23 20:46:45,255 [ genlib ] [ INFO ] Making atom pairs
2026-04-23 20:46:45,255 [ genlib ] [ INFO ] Searching branch 1
2026-04-23 20:46:45,255 [ genlib ] [ INFO ] Searching order 2
2026-04-23 20:46:45,255 [ genlib ] [ INFO ] Checking atom 1HB
2026-04-23 20:46:45,255 [ genlib ] [ INFO ] Define atom pair: GLN|1HB|HC|H         - > CYS|1HB|H1|H         (d = 0.06 A)
2026-04-23 20:46:45,255 [ genlib ] [ INFO ] Checking atom 2HB
2026-04-23 20:46:45,255 [ genlib ] [ INFO ] Define atom pair: GLN|2HB|HC|H         - > CYS|2HB|H1|H         (d = 0.06 A)
2026-04-23 20:46:45,255 [ genlib ] [ INFO ] Checking atom CG
2026-04-23 20:46:45,255 [ genlib ] [ INFO ] Define atom pair: GLN|CG|2C|C.3        - > CYS|SG|SH|S.3        (d = 0.29 A)
2026-04-23 20:46:45,255 [ genlib ] [ INFO ] Searching order 3
2026-04-23 20:46:45,255 [ genlib ] [ INFO ] Checking atom 1HG
2026-04-23 20:46:45,255 [ genlib ] [ INFO ] No partner found for atom 1HG
2026-04-23 20:46:45,255 [ genlib ] [ INFO ] Checking atom 2HG
2026-04-23 20:46:45,255 [ genlib ] [ INFO ] No partner found for atom 2HG
2026-04-23 20:46:45,255 [ genlib ] [ INFO ] Checking atom CD
2026-04-23 20:46:45,255 [ genlib ] [ INFO ] Define atom pair: GLN|CD|C|C.2         - > CYS|HG|HS|H          (d = 0.28 A)
2026-04-23 20:46:45,255 [ genlib ] [ INFO ] Searching order 4
2026-04-23 20:46:45,255 [ genlib ] [ INFO ] Checking atom OE1
2026-04-23 20:46:45,255 [ genlib ] [ INFO ] No partner found for atom OE1
2026-04-23 20:46:45,255 [ genlib ] [ INFO ] Checking atom NE2
2026-04-23 20:46:45,255 [ genlib ] [ INFO ] No partner found for atom NE2
2026-04-23 20:46:45,255 [ genlib ] [ INFO ] Searching order 5
2026-04-23 20:46:45,255 [ genlib ] [ INFO ] Searching order 6
2026-04-23 20:46:45,255 [ genlib ] [ INFO ] Searching order 7
2026-04-23 20:46:45,255 [ genlib ] [ INFO ] Searching branch 2
2026-04-23 20:46:45,255 [ genlib ] [ INFO ] Searching order 2
2026-04-23 20:46:45,255 [ genlib ] [ INFO ] Searching order 3
2026-04-23 20:46:45,255 [ genlib ] [ INFO ] Checking atom 1HG
2026-04-23 20:46:45,255 [ genlib ] [ INFO ] No partner found for atom 1HG
2026-04-23 20:46:45,255 [ genlib ] [ INFO ] Checking atom 2HG
2026-04-23 20:46:45,255 [ genlib ] [ INFO ] No partner found for atom 2HG
2026-04-23 20:46:45,255 [ genlib ] [ INFO ] Searching order 4
2026-04-23 20:46:45,255 [ genlib ] [ INFO ] Checking atom OE1
2026-04-23 20:46:45,255 [ genlib ] [ INFO ] No partner found for atom OE1
2026-04-23 20:46:45,255 [ genlib ] [ INFO ] Checking atom NE2
2026-04-23 20:46:45,255 [ genlib ] [ INFO ] No partner found for atom NE2
2026-04-23 20:46:45,255 [ genlib ] [ INFO ] Searching order 5
2026-04-23 20:46:45,255 [ genlib ] [ INFO ] Searching order 6
2026-04-23 20:46:45,255 [ genlib ] [ INFO ] Searching order 7
2026-04-23 20:46:45,255 [ genlib ] [ INFO ] Updating bond lists
2026-04-23 20:46:45,255 [ genlib ] [ INFO ] Updating dihedrals
2026-04-23 20:46:45,255 [ genlib ] [ INFO ] Updating impropers
2026-04-23 20:46:45,256 [ genlib ] [ INFO ] Building library files for GLN --> GLH mutant
2026-04-23 20:46:45,256 [ genlib ] [ INFO ] reading rtp file "aminoacids.rtp"
2026-04-23 20:46:45,299 [ genlib ] [ INFO ] ENTERED SIMPLE
2026-04-23 20:46:45,299 [ genlib ] [ INFO ] Making atom pairs
2026-04-23 20:46:45,299 [ genlib ] [ INFO ] Searching branch 1
2026-04-23 20:46:45,299 [ genlib ] [ INFO ] Searching order 2
2026-04-23 20:46:45,299 [ genlib ] [ INFO ] Checking atom 1HB
2026-04-23 20:46:45,299 [ genlib ] [ INFO ] Define atom pair: GLN|1HB|HC|H         - > GLH|1HB|HC|H         (d = 0.13 A)
2026-04-23 20:46:45,299 [ genlib ] [ INFO ] Checking atom 2HB
2026-04-23 20:46:45,299 [ genlib ] [ INFO ] Define atom pair: GLN|2HB|HC|H         - > GLH|2HB|HC|H         (d = 0.12 A)
2026-04-23 20:46:45,299 [ genlib ] [ INFO ] Checking atom CG
2026-04-23 20:46:45,299 [ genlib ] [ INFO ] Define atom pair: GLN|CG|2C|C.3        - > GLH|CG|2C|C.3        (d = 0.21 A)
2026-04-23 20:46:45,299 [ genlib ] [ INFO ] Searching order 3
2026-04-23 20:46:45,299 [ genlib ] [ INFO ] Checking atom 1HG
2026-04-23 20:46:45,299 [ genlib ] [ INFO ] Define atom pair: GLN|1HG|HC|H         - > GLH|1HG|HC|H         (d = 0.30 A)
2026-04-23 20:46:45,299 [ genlib ] [ INFO ] Checking atom 2HG
2026-04-23 20:46:45,299 [ genlib ] [ INFO ] Define atom pair: GLN|2HG|HC|H         - > GLH|2HG|HC|H         (d = 0.27 A)
2026-04-23 20:46:45,299 [ genlib ] [ INFO ] Checking atom CD
2026-04-23 20:46:45,299 [ genlib ] [ INFO ] Define atom pair: GLN|CD|C|C.2         - > GLH|CD|C|C.2         (d = 0.22 A)
2026-04-23 20:46:45,299 [ genlib ] [ INFO ] Searching order 4
2026-04-23 20:46:45,299 [ genlib ] [ INFO ] Checking atom OE1
2026-04-23 20:46:45,299 [ genlib ] [ INFO ] Define atom pair: GLN|OE1|O|O.2        - > GLH|OE1|O|O.co2      (d = 0.33 A)
2026-04-23 20:46:45,299 [ genlib ] [ INFO ] Checking atom NE2
2026-04-23 20:46:45,299 [ genlib ] [ INFO ] Define atom pair: GLN|NE2|N|N.am       - > GLH|OE2|OH|O.co2     (d = 0.21 A)
2026-04-23 20:46:45,299 [ genlib ] [ INFO ] Searching order 5
2026-04-23 20:46:45,299 [ genlib ] [ INFO ] Checking atom 1HE2
2026-04-23 20:46:45,299 [ genlib ] [ INFO ] No partner found for atom 1HE2
2026-04-23 20:46:45,299 [ genlib ] [ INFO ] Checking atom 2HE2
2026-04-23 20:46:45,299 [ genlib ] [ INFO ] Define atom pair: GLN|2HE2|H|H         - > GLH|HE2|HO|H         (d = 0.29 A)
2026-04-23 20:46:45,299 [ genlib ] [ INFO ] Searching order 6
2026-04-23 20:46:45,299 [ genlib ] [ INFO ] Searching order 7
2026-04-23 20:46:45,299 [ genlib ] [ INFO ] Searching branch 2
2026-04-23 20:46:45,299 [ genlib ] [ INFO ] Searching order 2
2026-04-23 20:46:45,299 [ genlib ] [ INFO ] Searching order 3
2026-04-23 20:46:45,299 [ genlib ] [ INFO ] Searching order 4
2026-04-23 20:46:45,299 [ genlib ] [ INFO ] Searching order 5
2026-04-23 20:46:45,299 [ genlib ] [ INFO ] Checking atom 1HE2
2026-04-23 20:46:45,299 [ genlib ] [ INFO ] No partner found for atom 1HE2
2026-04-23 20:46:45,299 [ genlib ] [ INFO ] Searching order 6
2026-04-23 20:46:45,299 [ genlib ] [ INFO ] Searching order 7
2026-04-23 20:46:45,300 [ genlib ] [ INFO ] Updating bond lists
2026-04-23 20:46:45,300 [ genlib ] [ INFO ] Updating dihedrals
2026-04-23 20:46:45,300 [ genlib ] [ INFO ] Updating impropers
2026-04-23 20:46:45,300 [ genlib ] [ WARNING ] undefined
2026-04-23 20:46:45,300 [ genlib ] [ WARNING ] undefined
2026-04-23 20:46:45,300 [ genlib ] [ INFO ] Building library files for GLN --> GLU mutant
2026-04-23 20:46:45,301 [ genlib ] [ INFO ] reading rtp file "aminoacids.rtp"
2026-04-23 20:46:45,343 [ genlib ] [ INFO ] ENTERED SIMPLE
2026-04-23 20:46:45,343 [ genlib ] [ INFO ] Making atom pairs
2026-04-23 20:46:45,343 [ genlib ] [ INFO ] Searching branch 1
2026-04-23 20:46:45,343 [ genlib ] [ INFO ] Searching order 2
2026-04-23 20:46:45,343 [ genlib ] [ INFO ] Checking atom 1HB
2026-04-23 20:46:45,343 [ genlib ] [ INFO ] Define atom pair: GLN|1HB|HC|H         - > GLU|1HB|HC|H         (d = 0.10 A)
2026-04-23 20:46:45,343 [ genlib ] [ INFO ] Checking atom 2HB
2026-04-23 20:46:45,343 [ genlib ] [ INFO ] Define atom pair: GLN|2HB|HC|H         - > GLU|2HB|HC|H         (d = 0.15 A)
2026-04-23 20:46:45,343 [ genlib ] [ INFO ] Checking atom CG
2026-04-23 20:46:45,343 [ genlib ] [ INFO ] Define atom pair: GLN|CG|2C|C.3        - > GLU|CG|2C|C.3        (d = 0.21 A)
2026-04-23 20:46:45,343 [ genlib ] [ INFO ] Searching order 3
2026-04-23 20:46:45,343 [ genlib ] [ INFO ] Checking atom 1HG
2026-04-23 20:46:45,343 [ genlib ] [ INFO ] Define atom pair: GLN|1HG|HC|H         - > GLU|1HG|HC|H         (d = 0.25 A)
2026-04-23 20:46:45,343 [ genlib ] [ INFO ] Checking atom 2HG
2026-04-23 20:46:45,343 [ genlib ] [ INFO ] Define atom pair: GLN|2HG|HC|H         - > GLU|2HG|HC|H         (d = 0.27 A)
2026-04-23 20:46:45,343 [ genlib ] [ INFO ] Checking atom CD
2026-04-23 20:46:45,343 [ genlib ] [ INFO ] Define atom pair: GLN|CD|C|C.2         - > GLU|CD|CO|C.2        (d = 0.22 A)
2026-04-23 20:46:45,343 [ genlib ] [ INFO ] Searching order 4
2026-04-23 20:46:45,343 [ genlib ] [ INFO ] Checking atom OE1
2026-04-23 20:46:45,343 [ genlib ] [ INFO ] Define atom pair: GLN|OE1|O|O.2        - > GLU|OE1|O2|O.co2     (d = 0.33 A)
2026-04-23 20:46:45,343 [ genlib ] [ INFO ] Checking atom NE2
2026-04-23 20:46:45,343 [ genlib ] [ INFO ] Define atom pair: GLN|NE2|N|N.am       - > GLU|OE2|O2|O.co2     (d = 0.22 A)
2026-04-23 20:46:45,343 [ genlib ] [ INFO ] Searching order 5
2026-04-23 20:46:45,343 [ genlib ] [ INFO ] Checking atom 1HE2
2026-04-23 20:46:45,343 [ genlib ] [ INFO ] No partner found for atom 1HE2
2026-04-23 20:46:45,343 [ genlib ] [ INFO ] Checking atom 2HE2
2026-04-23 20:46:45,344 [ genlib ] [ INFO ] No partner found for atom 2HE2
2026-04-23 20:46:45,344 [ genlib ] [ INFO ] Searching order 6
2026-04-23 20:46:45,344 [ genlib ] [ INFO ] Searching order 7
2026-04-23 20:46:45,344 [ genlib ] [ INFO ] Searching branch 2
2026-04-23 20:46:45,344 [ genlib ] [ INFO ] Searching order 2
2026-04-23 20:46:45,344 [ genlib ] [ INFO ] Searching order 3
2026-04-23 20:46:45,344 [ genlib ] [ INFO ] Searching order 4
2026-04-23 20:46:45,344 [ genlib ] [ INFO ] Searching order 5
2026-04-23 20:46:45,344 [ genlib ] [ INFO ] Checking atom 1HE2
2026-04-23 20:46:45,344 [ genlib ] [ INFO ] No partner found for atom 1HE2
2026-04-23 20:46:45,344 [ genlib ] [ INFO ] Checking atom 2HE2
2026-04-23 20:46:45,344 [ genlib ] [ INFO ] No partner found for atom 2HE2
2026-04-23 20:46:45,344 [ genlib ] [ INFO ] Searching order 6
2026-04-23 20:46:45,344 [ genlib ] [ INFO ] Searching order 7
2026-04-23 20:46:45,344 [ genlib ] [ INFO ] Updating bond lists
2026-04-23 20:46:45,344 [ genlib ] [ INFO ] Updating dihedrals
2026-04-23 20:46:45,344 [ genlib ] [ INFO ] Updating impropers
2026-04-23 20:46:45,344 [ genlib ] [ WARNING ] undefined
2026-04-23 20:46:45,344 [ genlib ] [ WARNING ] undefined
2026-04-23 20:46:45,344 [ genlib ] [ INFO ] Building library files for GLN --> GLY mutant
2026-04-23 20:46:45,345 [ genlib ] [ INFO ] reading rtp file "aminoacids.rtp"
2026-04-23 20:46:45,387 [ genlib ] [ INFO ] ENTERED G
2026-04-23 20:46:45,387 [ genlib ] [ INFO ] Making atom pairs
2026-04-23 20:46:45,388 [ genlib ] [ INFO ] Updating bond lists
2026-04-23 20:46:45,388 [ genlib ] [ INFO ] Updating dihedrals
2026-04-23 20:46:45,388 [ genlib ] [ INFO ] Updating impropers
2026-04-23 20:46:45,388 [ genlib ] [ INFO ] Building library files for GLN --> HID mutant
2026-04-23 20:46:45,389 [ genlib ] [ INFO ] reading rtp file "aminoacids.rtp"
2026-04-23 20:46:45,432 [ genlib ] [ INFO ] ENTERED RINGS
2026-04-23 20:46:45,432 [ genlib ] [ INFO ] Making atom pairs
2026-04-23 20:46:45,435 [ genlib ] [ INFO ] Updating bond lists
2026-04-23 20:46:45,435 [ genlib ] [ INFO ] Updating dihedrals
2026-04-23 20:46:45,435 [ genlib ] [ INFO ] Updating impropers
2026-04-23 20:46:45,435 [ genlib ] [ INFO ] Building library files for GLN --> HIE mutant
2026-04-23 20:46:45,436 [ genlib ] [ INFO ] reading rtp file "aminoacids.rtp"
2026-04-23 20:46:45,480 [ genlib ] [ INFO ] ENTERED RINGS
2026-04-23 20:46:45,480 [ genlib ] [ INFO ] Making atom pairs
2026-04-23 20:46:45,482 [ genlib ] [ INFO ] Updating bond lists
2026-04-23 20:46:45,482 [ genlib ] [ INFO ] Updating dihedrals
2026-04-23 20:46:45,482 [ genlib ] [ INFO ] Updating impropers
2026-04-23 20:46:45,483 [ genlib ] [ INFO ] Building library files for GLN --> HIP mutant
2026-04-23 20:46:45,484 [ genlib ] [ INFO ] reading rtp file "aminoacids.rtp"
2026-04-23 20:46:45,526 [ genlib ] [ INFO ] ENTERED RINGS
2026-04-23 20:46:45,526 [ genlib ] [ INFO ] Making atom pairs
2026-04-23 20:46:45,530 [ genlib ] [ INFO ] Updating bond lists
2026-04-23 20:46:45,530 [ genlib ] [ INFO ] Updating dihedrals
2026-04-23 20:46:45,530 [ genlib ] [ INFO ] Updating impropers
2026-04-23 20:46:45,530 [ genlib ] [ INFO ] Building library files for GLN --> ILE mutant
2026-04-23 20:46:45,531 [ genlib ] [ INFO ] reading rtp file "aminoacids.rtp"
2026-04-23 20:46:45,574 [ genlib ] [ INFO ] ENTERED SIMPLE
2026-04-23 20:46:45,574 [ genlib ] [ INFO ] Making atom pairs
2026-04-23 20:46:45,574 [ genlib ] [ INFO ] Searching branch 1
2026-04-23 20:46:45,574 [ genlib ] [ INFO ] Searching order 2
2026-04-23 20:46:45,574 [ genlib ] [ INFO ] Checking atom 1HB
2026-04-23 20:46:45,574 [ genlib ] [ INFO ] Define atom pair: GLN|1HB|HC|H         - > ILE|HB|HC|H          (d = 0.08 A)
2026-04-23 20:46:45,574 [ genlib ] [ INFO ] Checking atom 2HB
2026-04-23 20:46:45,574 [ genlib ] [ INFO ] Define atom pair: GLN|2HB|HC|H         - > ILE|CG2|CT|C.3       (d = 0.49 A)
2026-04-23 20:46:45,574 [ genlib ] [ INFO ] Checking atom CG
2026-04-23 20:46:45,574 [ genlib ] [ INFO ] Define atom pair: GLN|CG|2C|C.3        - > ILE|CG1|2C|C.3       (d = 0.09 A)
2026-04-23 20:46:45,574 [ genlib ] [ INFO ] Searching order 3
2026-04-23 20:46:45,574 [ genlib ] [ INFO ] Checking atom 1HG
2026-04-23 20:46:45,574 [ genlib ] [ INFO ] Define atom pair: GLN|1HG|HC|H         - > ILE|1HG1|HC|H        (d = 0.13 A)
2026-04-23 20:46:45,574 [ genlib ] [ INFO ] Checking atom 2HG
2026-04-23 20:46:45,574 [ genlib ] [ INFO ] Define atom pair: GLN|2HG|HC|H         - > ILE|2HG1|HC|H        (d = 0.08 A)
2026-04-23 20:46:45,574 [ genlib ] [ INFO ] Checking atom CD
2026-04-23 20:46:45,574 [ genlib ] [ INFO ] Define atom pair: GLN|CD|C|C.2         - > ILE|CD1|CT|C.3       (d = 0.08 A)
2026-04-23 20:46:45,574 [ genlib ] [ INFO ] Searching order 4
2026-04-23 20:46:45,574 [ genlib ] [ INFO ] Checking atom OE1
2026-04-23 20:46:45,574 [ genlib ] [ INFO ] Define atom pair: GLN|OE1|O|O.2        - > ILE|1HD1|HC|H        (d = 0.31 A)
2026-04-23 20:46:45,574 [ genlib ] [ INFO ] Checking atom NE2
2026-04-23 20:46:45,574 [ genlib ] [ INFO ] No partner found for atom NE2
2026-04-23 20:46:45,574 [ genlib ] [ INFO ] Searching order 5
2026-04-23 20:46:45,574 [ genlib ] [ INFO ] Searching order 6
2026-04-23 20:46:45,574 [ genlib ] [ INFO ] Searching order 7
2026-04-23 20:46:45,574 [ genlib ] [ INFO ] Searching branch 2
2026-04-23 20:46:45,574 [ genlib ] [ INFO ] Searching order 2
2026-04-23 20:46:45,574 [ genlib ] [ INFO ] Searching order 3
2026-04-23 20:46:45,574 [ genlib ] [ INFO ] Searching order 4
2026-04-23 20:46:45,574 [ genlib ] [ INFO ] Checking atom NE2
2026-04-23 20:46:45,574 [ genlib ] [ INFO ] No partner found for atom NE2
2026-04-23 20:46:45,574 [ genlib ] [ INFO ] Searching order 5
2026-04-23 20:46:45,574 [ genlib ] [ INFO ] Searching order 6
2026-04-23 20:46:45,574 [ genlib ] [ INFO ] Searching order 7
2026-04-23 20:46:45,576 [ genlib ] [ INFO ] Updating bond lists
2026-04-23 20:46:45,576 [ genlib ] [ INFO ] Updating dihedrals
2026-04-23 20:46:45,576 [ genlib ] [ INFO ] Updating impropers
2026-04-23 20:46:45,576 [ genlib ] [ INFO ] Building library files for GLN --> LEU mutant
2026-04-23 20:46:45,577 [ genlib ] [ INFO ] reading rtp file "aminoacids.rtp"
2026-04-23 20:46:45,619 [ genlib ] [ INFO ] ENTERED SIMPLE
2026-04-23 20:46:45,619 [ genlib ] [ INFO ] Making atom pairs
2026-04-23 20:46:45,619 [ genlib ] [ INFO ] Searching branch 1
2026-04-23 20:46:45,619 [ genlib ] [ INFO ] Searching order 2
2026-04-23 20:46:45,619 [ genlib ] [ INFO ] Checking atom 1HB
2026-04-23 20:46:45,619 [ genlib ] [ INFO ] Define atom pair: GLN|1HB|HC|H         - > LEU|1HB|HC|H         (d = 0.08 A)
2026-04-23 20:46:45,619 [ genlib ] [ INFO ] Checking atom 2HB
2026-04-23 20:46:45,619 [ genlib ] [ INFO ] Define atom pair: GLN|2HB|HC|H         - > LEU|2HB|HC|H         (d = 0.07 A)
2026-04-23 20:46:45,619 [ genlib ] [ INFO ] Checking atom CG
2026-04-23 20:46:45,619 [ genlib ] [ INFO ] Define atom pair: GLN|CG|2C|C.3        - > LEU|CG|3C|C.3        (d = 0.14 A)
2026-04-23 20:46:45,619 [ genlib ] [ INFO ] Searching order 3
2026-04-23 20:46:45,619 [ genlib ] [ INFO ] Checking atom 1HG
2026-04-23 20:46:45,619 [ genlib ] [ INFO ] Define atom pair: GLN|1HG|HC|H         - > LEU|CD2|CT|C.3       (d = 0.52 A)
2026-04-23 20:46:45,619 [ genlib ] [ INFO ] Checking atom 2HG
2026-04-23 20:46:45,619 [ genlib ] [ INFO ] Define atom pair: GLN|2HG|HC|H         - > LEU|HG|HC|H          (d = 0.16 A)
2026-04-23 20:46:45,619 [ genlib ] [ INFO ] Checking atom CD
2026-04-23 20:46:45,619 [ genlib ] [ INFO ] Define atom pair: GLN|CD|C|C.2         - > LEU|CD1|CT|C.3       (d = 0.14 A)
2026-04-23 20:46:45,619 [ genlib ] [ INFO ] Searching order 4
2026-04-23 20:46:45,619 [ genlib ] [ INFO ] Checking atom OE1
2026-04-23 20:46:45,619 [ genlib ] [ INFO ] Define atom pair: GLN|OE1|O|O.2        - > LEU|1HD1|HC|H        (d = 0.35 A)
2026-04-23 20:46:45,619 [ genlib ] [ INFO ] Checking atom NE2
2026-04-23 20:46:45,619 [ genlib ] [ INFO ] No partner found for atom NE2
2026-04-23 20:46:45,619 [ genlib ] [ INFO ] Searching order 5
2026-04-23 20:46:45,620 [ genlib ] [ INFO ] Searching order 6
2026-04-23 20:46:45,620 [ genlib ] [ INFO ] Searching order 7
2026-04-23 20:46:45,620 [ genlib ] [ INFO ] Searching branch 2
2026-04-23 20:46:45,620 [ genlib ] [ INFO ] Searching order 2
2026-04-23 20:46:45,620 [ genlib ] [ INFO ] Searching order 3
2026-04-23 20:46:45,620 [ genlib ] [ INFO ] Searching order 4
2026-04-23 20:46:45,620 [ genlib ] [ INFO ] Checking atom NE2
2026-04-23 20:46:45,620 [ genlib ] [ INFO ] No partner found for atom NE2
2026-04-23 20:46:45,620 [ genlib ] [ INFO ] Searching order 5
2026-04-23 20:46:45,620 [ genlib ] [ INFO ] Searching order 6
2026-04-23 20:46:45,620 [ genlib ] [ INFO ] Searching order 7
2026-04-23 20:46:45,622 [ genlib ] [ INFO ] Updating bond lists
2026-04-23 20:46:45,622 [ genlib ] [ INFO ] Updating dihedrals
2026-04-23 20:46:45,622 [ genlib ] [ INFO ] Updating impropers
2026-04-23 20:46:45,622 [ genlib ] [ INFO ] Building library files for GLN --> LYN mutant
2026-04-23 20:46:45,623 [ genlib ] [ INFO ] reading rtp file "aminoacids.rtp"
2026-04-23 20:46:45,665 [ genlib ] [ INFO ] ENTERED SIMPLE
2026-04-23 20:46:45,665 [ genlib ] [ INFO ] Making atom pairs
2026-04-23 20:46:45,665 [ genlib ] [ INFO ] Searching branch 1
2026-04-23 20:46:45,665 [ genlib ] [ INFO ] Searching order 2
2026-04-23 20:46:45,665 [ genlib ] [ INFO ] Checking atom 1HB
2026-04-23 20:46:45,665 [ genlib ] [ INFO ] Define atom pair: GLN|1HB|HC|H         - > LYN|1HB|HC|H         (d = 0.10 A)
2026-04-23 20:46:45,665 [ genlib ] [ INFO ] Checking atom 2HB
2026-04-23 20:46:45,665 [ genlib ] [ INFO ] Define atom pair: GLN|2HB|HC|H         - > LYN|2HB|HC|H         (d = 0.13 A)
2026-04-23 20:46:45,665 [ genlib ] [ INFO ] Checking atom CG
2026-04-23 20:46:45,665 [ genlib ] [ INFO ] Define atom pair: GLN|CG|2C|C.3        - > LYN|CG|CT|C.3        (d = 0.04 A)
2026-04-23 20:46:45,665 [ genlib ] [ INFO ] Searching order 3
2026-04-23 20:46:45,665 [ genlib ] [ INFO ] Checking atom 1HG
2026-04-23 20:46:45,665 [ genlib ] [ INFO ] Define atom pair: GLN|1HG|HC|H         - > LYN|1HG|HC|H         (d = 0.07 A)
2026-04-23 20:46:45,665 [ genlib ] [ INFO ] Checking atom 2HG
2026-04-23 20:46:45,665 [ genlib ] [ INFO ] Define atom pair: GLN|2HG|HC|H         - > LYN|2HG|HC|H         (d = 0.10 A)
2026-04-23 20:46:45,665 [ genlib ] [ INFO ] Checking atom CD
2026-04-23 20:46:45,665 [ genlib ] [ INFO ] Define atom pair: GLN|CD|C|C.2         - > LYN|CD|CT|C.3        (d = 0.06 A)
2026-04-23 20:46:45,665 [ genlib ] [ INFO ] Searching order 4
2026-04-23 20:46:45,665 [ genlib ] [ INFO ] Checking atom OE1
2026-04-23 20:46:45,665 [ genlib ] [ INFO ] Define atom pair: GLN|OE1|O|O.2        - > LYN|CE|CT|C.3        (d = 0.30 A)
2026-04-23 20:46:45,665 [ genlib ] [ INFO ] Checking atom NE2
2026-04-23 20:46:45,665 [ genlib ] [ INFO ] No partner found for atom NE2
2026-04-23 20:46:45,665 [ genlib ] [ INFO ] Searching order 5
2026-04-23 20:46:45,665 [ genlib ] [ INFO ] Searching order 6
2026-04-23 20:46:45,665 [ genlib ] [ INFO ] Searching order 7
2026-04-23 20:46:45,665 [ genlib ] [ INFO ] Searching branch 2
2026-04-23 20:46:45,665 [ genlib ] [ INFO ] Searching order 2
2026-04-23 20:46:45,665 [ genlib ] [ INFO ] Searching order 3
2026-04-23 20:46:45,665 [ genlib ] [ INFO ] Searching order 4
2026-04-23 20:46:45,665 [ genlib ] [ INFO ] Checking atom NE2
2026-04-23 20:46:45,666 [ genlib ] [ INFO ] No partner found for atom NE2
2026-04-23 20:46:45,666 [ genlib ] [ INFO ] Searching order 5
2026-04-23 20:46:45,666 [ genlib ] [ INFO ] Searching order 6
2026-04-23 20:46:45,666 [ genlib ] [ INFO ] Searching order 7
2026-04-23 20:46:45,669 [ genlib ] [ INFO ] Updating bond lists
2026-04-23 20:46:45,669 [ genlib ] [ INFO ] Updating dihedrals
2026-04-23 20:46:45,669 [ genlib ] [ INFO ] Updating impropers
2026-04-23 20:46:45,669 [ genlib ] [ INFO ] Building library files for GLN --> LYS mutant
2026-04-23 20:46:45,670 [ genlib ] [ INFO ] reading rtp file "aminoacids.rtp"
2026-04-23 20:46:45,714 [ genlib ] [ INFO ] ENTERED SIMPLE
2026-04-23 20:46:45,714 [ genlib ] [ INFO ] Making atom pairs
2026-04-23 20:46:45,714 [ genlib ] [ INFO ] Searching branch 1
2026-04-23 20:46:45,714 [ genlib ] [ INFO ] Searching order 2
2026-04-23 20:46:45,714 [ genlib ] [ INFO ] Checking atom 1HB
2026-04-23 20:46:45,714 [ genlib ] [ INFO ] Define atom pair: GLN|1HB|HC|H         - > LYS|1HB|HC|H         (d = 0.02 A)
2026-04-23 20:46:45,714 [ genlib ] [ INFO ] Checking atom 2HB
2026-04-23 20:46:45,714 [ genlib ] [ INFO ] Define atom pair: GLN|2HB|HC|H         - > LYS|2HB|HC|H         (d = 0.04 A)
2026-04-23 20:46:45,714 [ genlib ] [ INFO ] Checking atom CG
2026-04-23 20:46:45,714 [ genlib ] [ INFO ] Define atom pair: GLN|CG|2C|C.3        - > LYS|CG|C8|C.3        (d = 0.04 A)
2026-04-23 20:46:45,714 [ genlib ] [ INFO ] Searching order 3
2026-04-23 20:46:45,714 [ genlib ] [ INFO ] Checking atom 1HG
2026-04-23 20:46:45,714 [ genlib ] [ INFO ] Define atom pair: GLN|1HG|HC|H         - > LYS|1HG|HC|H         (d = 0.06 A)
2026-04-23 20:46:45,714 [ genlib ] [ INFO ] Checking atom 2HG
2026-04-23 20:46:45,714 [ genlib ] [ INFO ] Define atom pair: GLN|2HG|HC|H         - > LYS|2HG|HC|H         (d = 0.06 A)
2026-04-23 20:46:45,714 [ genlib ] [ INFO ] Checking atom CD
2026-04-23 20:46:45,714 [ genlib ] [ INFO ] Define atom pair: GLN|CD|C|C.2         - > LYS|CD|C8|C.3        (d = 0.03 A)
2026-04-23 20:46:45,714 [ genlib ] [ INFO ] Searching order 4
2026-04-23 20:46:45,714 [ genlib ] [ INFO ] Checking atom OE1
2026-04-23 20:46:45,714 [ genlib ] [ INFO ] Define atom pair: GLN|OE1|O|O.2        - > LYS|CE|C8|C.3        (d = 0.34 A)
2026-04-23 20:46:45,714 [ genlib ] [ INFO ] Checking atom NE2
2026-04-23 20:46:45,714 [ genlib ] [ INFO ] No partner found for atom NE2
2026-04-23 20:46:45,714 [ genlib ] [ INFO ] Searching order 5
2026-04-23 20:46:45,714 [ genlib ] [ INFO ] Searching order 6
2026-04-23 20:46:45,714 [ genlib ] [ INFO ] Searching order 7
2026-04-23 20:46:45,714 [ genlib ] [ INFO ] Searching branch 2
2026-04-23 20:46:45,714 [ genlib ] [ INFO ] Searching order 2
2026-04-23 20:46:45,714 [ genlib ] [ INFO ] Searching order 3
2026-04-23 20:46:45,714 [ genlib ] [ INFO ] Searching order 4
2026-04-23 20:46:45,714 [ genlib ] [ INFO ] Checking atom NE2
2026-04-23 20:46:45,714 [ genlib ] [ INFO ] No partner found for atom NE2
2026-04-23 20:46:45,714 [ genlib ] [ INFO ] Searching order 5
2026-04-23 20:46:45,714 [ genlib ] [ INFO ] Searching order 6
2026-04-23 20:46:45,714 [ genlib ] [ INFO ] Searching order 7
2026-04-23 20:46:45,717 [ genlib ] [ INFO ] Updating bond lists
2026-04-23 20:46:45,717 [ genlib ] [ INFO ] Updating dihedrals
2026-04-23 20:46:45,717 [ genlib ] [ INFO ] Updating impropers
2026-04-23 20:46:45,718 [ genlib ] [ INFO ] Building library files for GLN --> MET mutant
2026-04-23 20:46:45,718 [ genlib ] [ INFO ] reading rtp file "aminoacids.rtp"
2026-04-23 20:46:45,761 [ genlib ] [ INFO ] ENTERED SIMPLE
2026-04-23 20:46:45,761 [ genlib ] [ INFO ] Making atom pairs
2026-04-23 20:46:45,761 [ genlib ] [ INFO ] Searching branch 1
2026-04-23 20:46:45,761 [ genlib ] [ INFO ] Searching order 2
2026-04-23 20:46:45,761 [ genlib ] [ INFO ] Checking atom 1HB
2026-04-23 20:46:45,761 [ genlib ] [ INFO ] Define atom pair: GLN|1HB|HC|H         - > MET|1HB|HC|H         (d = 0.05 A)
2026-04-23 20:46:45,761 [ genlib ] [ INFO ] Checking atom 2HB
2026-04-23 20:46:45,761 [ genlib ] [ INFO ] Define atom pair: GLN|2HB|HC|H         - > MET|2HB|HC|H         (d = 0.04 A)
2026-04-23 20:46:45,761 [ genlib ] [ INFO ] Checking atom CG
2026-04-23 20:46:45,761 [ genlib ] [ INFO ] Define atom pair: GLN|CG|2C|C.3        - > MET|CG|2C|C.3        (d = 0.07 A)
2026-04-23 20:46:45,761 [ genlib ] [ INFO ] Searching order 3
2026-04-23 20:46:45,761 [ genlib ] [ INFO ] Checking atom 1HG
2026-04-23 20:46:45,761 [ genlib ] [ INFO ] Define atom pair: GLN|1HG|HC|H         - > MET|1HG|H1|H         (d = 0.11 A)
2026-04-23 20:46:45,761 [ genlib ] [ INFO ] Checking atom 2HG
2026-04-23 20:46:45,761 [ genlib ] [ INFO ] Define atom pair: GLN|2HG|HC|H         - > MET|2HG|H1|H         (d = 0.10 A)
2026-04-23 20:46:45,761 [ genlib ] [ INFO ] Checking atom CD
2026-04-23 20:46:45,761 [ genlib ] [ INFO ] Define atom pair: GLN|CD|C|C.2         - > MET|SD|S|S.3         (d = 0.23 A)
2026-04-23 20:46:45,761 [ genlib ] [ INFO ] Searching order 4
2026-04-23 20:46:45,761 [ genlib ] [ INFO ] Checking atom OE1
2026-04-23 20:46:45,761 [ genlib ] [ INFO ] No partner found for atom OE1
2026-04-23 20:46:45,761 [ genlib ] [ INFO ] Checking atom NE2
2026-04-23 20:46:45,761 [ genlib ] [ INFO ] No partner found for atom NE2
2026-04-23 20:46:45,761 [ genlib ] [ INFO ] Searching order 5
2026-04-23 20:46:45,761 [ genlib ] [ INFO ] Searching order 6
2026-04-23 20:46:45,761 [ genlib ] [ INFO ] Searching order 7
2026-04-23 20:46:45,761 [ genlib ] [ INFO ] Searching branch 2
2026-04-23 20:46:45,761 [ genlib ] [ INFO ] Searching order 2
2026-04-23 20:46:45,761 [ genlib ] [ INFO ] Searching order 3
2026-04-23 20:46:45,761 [ genlib ] [ INFO ] Searching order 4
2026-04-23 20:46:45,761 [ genlib ] [ INFO ] Checking atom OE1
2026-04-23 20:46:45,761 [ genlib ] [ INFO ] No partner found for atom OE1
2026-04-23 20:46:45,761 [ genlib ] [ INFO ] Checking atom NE2
2026-04-23 20:46:45,761 [ genlib ] [ INFO ] No partner found for atom NE2
2026-04-23 20:46:45,761 [ genlib ] [ INFO ] Searching order 5
2026-04-23 20:46:45,761 [ genlib ] [ INFO ] Searching order 6
2026-04-23 20:46:45,761 [ genlib ] [ INFO ] Searching order 7
2026-04-23 20:46:45,762 [ genlib ] [ INFO ] Updating bond lists
2026-04-23 20:46:45,762 [ genlib ] [ INFO ] Updating dihedrals
2026-04-23 20:46:45,762 [ genlib ] [ INFO ] Updating impropers
2026-04-23 20:46:45,763 [ genlib ] [ INFO ] Building library files for GLN --> PHE mutant
2026-04-23 20:46:45,763 [ genlib ] [ INFO ] reading rtp file "aminoacids.rtp"
2026-04-23 20:46:45,806 [ genlib ] [ INFO ] ENTERED RINGS
2026-04-23 20:46:45,807 [ genlib ] [ INFO ] Making atom pairs
2026-04-23 20:46:45,811 [ genlib ] [ INFO ] Updating bond lists
2026-04-23 20:46:45,811 [ genlib ] [ INFO ] Updating dihedrals
2026-04-23 20:46:45,811 [ genlib ] [ INFO ] Updating impropers
2026-04-23 20:46:45,811 [ genlib ] [ INFO ] Building library files for GLN --> PRO mutant
2026-04-23 20:46:45,812 [ genlib ] [ INFO ] reading rtp file "aminoacids.rtp"
2026-04-23 20:46:45,854 [ genlib ] [ INFO ] ENTERED P
2026-04-23 20:46:45,855 [ genlib ] [ INFO ] Making atom pairs
2026-04-23 20:46:45,857 [ genlib ] [ INFO ] Updating bond lists
2026-04-23 20:46:45,857 [ genlib ] [ INFO ] Updating dihedrals
2026-04-23 20:46:45,857 [ genlib ] [ INFO ] Updating impropers
2026-04-23 20:46:45,858 [ genlib ] [ INFO ] Building library files for GLN --> SER mutant
2026-04-23 20:46:45,858 [ genlib ] [ INFO ] reading rtp file "aminoacids.rtp"
2026-04-23 20:46:45,901 [ genlib ] [ INFO ] ENTERED SIMPLE
2026-04-23 20:46:45,901 [ genlib ] [ INFO ] Making atom pairs
2026-04-23 20:46:45,901 [ genlib ] [ INFO ] Searching branch 1
2026-04-23 20:46:45,901 [ genlib ] [ INFO ] Searching order 2
2026-04-23 20:46:45,901 [ genlib ] [ INFO ] Checking atom 1HB
2026-04-23 20:46:45,901 [ genlib ] [ INFO ] Define atom pair: GLN|1HB|HC|H         - > SER|1HB|H1|H         (d = 0.05 A)
2026-04-23 20:46:45,901 [ genlib ] [ INFO ] Checking atom 2HB
2026-04-23 20:46:45,901 [ genlib ] [ INFO ] Define atom pair: GLN|2HB|HC|H         - > SER|2HB|H1|H         (d = 0.06 A)
2026-04-23 20:46:45,901 [ genlib ] [ INFO ] Checking atom CG
2026-04-23 20:46:45,901 [ genlib ] [ INFO ] Define atom pair: GLN|CG|2C|C.3        - > SER|OG|OH|O.3        (d = 0.19 A)
2026-04-23 20:46:45,901 [ genlib ] [ INFO ] Searching order 3
2026-04-23 20:46:45,901 [ genlib ] [ INFO ] Checking atom 1HG
2026-04-23 20:46:45,901 [ genlib ] [ INFO ] No partner found for atom 1HG
2026-04-23 20:46:45,901 [ genlib ] [ INFO ] Checking atom 2HG
2026-04-23 20:46:45,901 [ genlib ] [ INFO ] No partner found for atom 2HG
2026-04-23 20:46:45,901 [ genlib ] [ INFO ] Checking atom CD
2026-04-23 20:46:45,901 [ genlib ] [ INFO ] No partner found for atom CD
2026-04-23 20:46:45,901 [ genlib ] [ INFO ] Searching order 4
2026-04-23 20:46:45,901 [ genlib ] [ INFO ] Searching order 5
2026-04-23 20:46:45,901 [ genlib ] [ INFO ] Searching order 6
2026-04-23 20:46:45,901 [ genlib ] [ INFO ] Searching order 7
2026-04-23 20:46:45,901 [ genlib ] [ INFO ] Searching branch 2
2026-04-23 20:46:45,901 [ genlib ] [ INFO ] Searching order 2
2026-04-23 20:46:45,901 [ genlib ] [ INFO ] Searching order 3
2026-04-23 20:46:45,901 [ genlib ] [ INFO ] Checking atom 1HG
2026-04-23 20:46:45,901 [ genlib ] [ INFO ] No partner found for atom 1HG
2026-04-23 20:46:45,901 [ genlib ] [ INFO ] Checking atom 2HG
2026-04-23 20:46:45,901 [ genlib ] [ INFO ] No partner found for atom 2HG
2026-04-23 20:46:45,901 [ genlib ] [ INFO ] Checking atom CD
2026-04-23 20:46:45,901 [ genlib ] [ INFO ] No partner found for atom CD
2026-04-23 20:46:45,901 [ genlib ] [ INFO ] Searching order 4
2026-04-23 20:46:45,901 [ genlib ] [ INFO ] Searching order 5
2026-04-23 20:46:45,901 [ genlib ] [ INFO ] Searching order 6
2026-04-23 20:46:45,901 [ genlib ] [ INFO ] Searching order 7
2026-04-23 20:46:45,902 [ genlib ] [ INFO ] Updating bond lists
2026-04-23 20:46:45,902 [ genlib ] [ INFO ] Updating dihedrals
2026-04-23 20:46:45,902 [ genlib ] [ INFO ] Updating impropers
2026-04-23 20:46:45,902 [ genlib ] [ INFO ] Building library files for GLN --> THR mutant
2026-04-23 20:46:45,903 [ genlib ] [ INFO ] reading rtp file "aminoacids.rtp"
2026-04-23 20:46:45,946 [ genlib ] [ INFO ] ENTERED SIMPLE
2026-04-23 20:46:45,946 [ genlib ] [ INFO ] Making atom pairs
2026-04-23 20:46:45,947 [ genlib ] [ INFO ] Searching branch 1
2026-04-23 20:46:45,947 [ genlib ] [ INFO ] Searching order 2
2026-04-23 20:46:45,947 [ genlib ] [ INFO ] Checking atom 1HB
2026-04-23 20:46:45,947 [ genlib ] [ INFO ] Define atom pair: GLN|1HB|HC|H         - > THR|HB|H1|H          (d = 0.06 A)
2026-04-23 20:46:45,947 [ genlib ] [ INFO ] Checking atom 2HB
2026-04-23 20:46:45,947 [ genlib ] [ INFO ] Define atom pair: GLN|2HB|HC|H         - > THR|CG2|CT|C.3       (d = 0.47 A)
2026-04-23 20:46:45,947 [ genlib ] [ INFO ] Checking atom CG
2026-04-23 20:46:45,947 [ genlib ] [ INFO ] Define atom pair: GLN|CG|2C|C.3        - > THR|OG1|OH|O.3       (d = 0.19 A)
2026-04-23 20:46:45,947 [ genlib ] [ INFO ] Searching order 3
2026-04-23 20:46:45,947 [ genlib ] [ INFO ] Checking atom 1HG
2026-04-23 20:46:45,947 [ genlib ] [ INFO ] No partner found for atom 1HG
2026-04-23 20:46:45,947 [ genlib ] [ INFO ] Checking atom 2HG
2026-04-23 20:46:45,947 [ genlib ] [ INFO ] No partner found for atom 2HG
2026-04-23 20:46:45,947 [ genlib ] [ INFO ] Checking atom CD
2026-04-23 20:46:45,947 [ genlib ] [ INFO ] No partner found for atom CD
2026-04-23 20:46:45,947 [ genlib ] [ INFO ] Searching order 4
2026-04-23 20:46:45,947 [ genlib ] [ INFO ] Searching order 5
2026-04-23 20:46:45,947 [ genlib ] [ INFO ] Searching order 6
2026-04-23 20:46:45,947 [ genlib ] [ INFO ] Searching order 7
2026-04-23 20:46:45,947 [ genlib ] [ INFO ] Searching branch 2
2026-04-23 20:46:45,947 [ genlib ] [ INFO ] Searching order 2
2026-04-23 20:46:45,947 [ genlib ] [ INFO ] Searching order 3
2026-04-23 20:46:45,947 [ genlib ] [ INFO ] Checking atom 1HG
2026-04-23 20:46:45,947 [ genlib ] [ INFO ] No partner found for atom 1HG
2026-04-23 20:46:45,947 [ genlib ] [ INFO ] Checking atom 2HG
2026-04-23 20:46:45,947 [ genlib ] [ INFO ] No partner found for atom 2HG
2026-04-23 20:46:45,947 [ genlib ] [ INFO ] Checking atom CD
2026-04-23 20:46:45,947 [ genlib ] [ INFO ] No partner found for atom CD
2026-04-23 20:46:45,947 [ genlib ] [ INFO ] Searching order 4
2026-04-23 20:46:45,947 [ genlib ] [ INFO ] Searching order 5
2026-04-23 20:46:45,947 [ genlib ] [ INFO ] Searching order 6
2026-04-23 20:46:45,947 [ genlib ] [ INFO ] Searching order 7
2026-04-23 20:46:45,948 [ genlib ] [ INFO ] Updating bond lists
2026-04-23 20:46:45,949 [ genlib ] [ INFO ] Updating dihedrals
2026-04-23 20:46:45,949 [ genlib ] [ INFO ] Updating impropers
2026-04-23 20:46:45,949 [ genlib ] [ INFO ] Building library files for GLN --> TRP mutant
2026-04-23 20:46:45,950 [ genlib ] [ INFO ] reading rtp file "aminoacids.rtp"
2026-04-23 20:46:45,991 [ genlib ] [ INFO ] ENTERED RINGS
2026-04-23 20:46:45,991 [ genlib ] [ INFO ] Making atom pairs
2026-04-23 20:46:45,998 [ genlib ] [ INFO ] Updating bond lists
2026-04-23 20:46:45,998 [ genlib ] [ INFO ] Updating dihedrals
2026-04-23 20:46:45,998 [ genlib ] [ INFO ] Updating impropers
2026-04-23 20:46:45,999 [ genlib ] [ INFO ] Building library files for GLN --> TYR mutant
2026-04-23 20:46:45,999 [ genlib ] [ INFO ] reading rtp file "aminoacids.rtp"
2026-04-23 20:46:46,042 [ genlib ] [ INFO ] ENTERED RINGS
2026-04-23 20:46:46,043 [ genlib ] [ INFO ] Making atom pairs
2026-04-23 20:46:46,047 [ genlib ] [ INFO ] Updating bond lists
2026-04-23 20:46:46,047 [ genlib ] [ INFO ] Updating dihedrals
2026-04-23 20:46:46,047 [ genlib ] [ INFO ] Updating impropers
2026-04-23 20:46:46,048 [ genlib ] [ INFO ] Building library files for GLN --> VAL mutant
2026-04-23 20:46:46,048 [ genlib ] [ INFO ] reading rtp file "aminoacids.rtp"
2026-04-23 20:46:46,091 [ genlib ] [ INFO ] ENTERED SIMPLE
2026-04-23 20:46:46,091 [ genlib ] [ INFO ] Making atom pairs
2026-04-23 20:46:46,091 [ genlib ] [ INFO ] Searching branch 1
2026-04-23 20:46:46,091 [ genlib ] [ INFO ] Searching order 2
2026-04-23 20:46:46,091 [ genlib ] [ INFO ] Checking atom 1HB
2026-04-23 20:46:46,091 [ genlib ] [ INFO ] Define atom pair: GLN|1HB|HC|H         - > VAL|HB|HC|H          (d = 0.01 A)
2026-04-23 20:46:46,091 [ genlib ] [ INFO ] Checking atom 2HB
2026-04-23 20:46:46,091 [ genlib ] [ INFO ] Define atom pair: GLN|2HB|HC|H         - > VAL|CG1|CT|C.3       (d = 0.52 A)
2026-04-23 20:46:46,091 [ genlib ] [ INFO ] Checking atom CG
2026-04-23 20:46:46,091 [ genlib ] [ INFO ] Define atom pair: GLN|CG|2C|C.3        - > VAL|CG2|CT|C.3       (d = 0.09 A)
2026-04-23 20:46:46,091 [ genlib ] [ INFO ] Searching order 3
2026-04-23 20:46:46,091 [ genlib ] [ INFO ] Checking atom 1HG
2026-04-23 20:46:46,091 [ genlib ] [ INFO ] Define atom pair: GLN|1HG|HC|H         - > VAL|2HG2|HC|H        (d = 0.10 A)
2026-04-23 20:46:46,091 [ genlib ] [ INFO ] Checking atom 2HG
2026-04-23 20:46:46,091 [ genlib ] [ INFO ] Define atom pair: GLN|2HG|HC|H         - > VAL|3HG2|HC|H        (d = 0.15 A)
2026-04-23 20:46:46,091 [ genlib ] [ INFO ] Checking atom CD
2026-04-23 20:46:46,091 [ genlib ] [ INFO ] Define atom pair: GLN|CD|C|C.2         - > VAL|1HG2|HC|H        (d = 0.46 A)
2026-04-23 20:46:46,091 [ genlib ] [ INFO ] Searching order 4
2026-04-23 20:46:46,091 [ genlib ] [ INFO ] Checking atom OE1
2026-04-23 20:46:46,091 [ genlib ] [ INFO ] No partner found for atom OE1
2026-04-23 20:46:46,091 [ genlib ] [ INFO ] Checking atom NE2
2026-04-23 20:46:46,091 [ genlib ] [ INFO ] No partner found for atom NE2
2026-04-23 20:46:46,091 [ genlib ] [ INFO ] Searching order 5
2026-04-23 20:46:46,091 [ genlib ] [ INFO ] Searching order 6
2026-04-23 20:46:46,091 [ genlib ] [ INFO ] Searching order 7
2026-04-23 20:46:46,091 [ genlib ] [ INFO ] Searching branch 2
2026-04-23 20:46:46,091 [ genlib ] [ INFO ] Searching order 2
2026-04-23 20:46:46,091 [ genlib ] [ INFO ] Searching order 3
2026-04-23 20:46:46,091 [ genlib ] [ INFO ] Searching order 4
2026-04-23 20:46:46,091 [ genlib ] [ INFO ] Checking atom OE1
2026-04-23 20:46:46,091 [ genlib ] [ INFO ] No partner found for atom OE1
2026-04-23 20:46:46,091 [ genlib ] [ INFO ] Checking atom NE2
2026-04-23 20:46:46,091 [ genlib ] [ INFO ] No partner found for atom NE2
2026-04-23 20:46:46,091 [ genlib ] [ INFO ] Searching order 5
2026-04-23 20:46:46,091 [ genlib ] [ INFO ] Searching order 6
2026-04-23 20:46:46,091 [ genlib ] [ INFO ] Searching order 7
2026-04-23 20:46:46,093 [ genlib ] [ INFO ] Updating bond lists
2026-04-23 20:46:46,093 [ genlib ] [ INFO ] Updating dihedrals
2026-04-23 20:46:46,093 [ genlib ] [ INFO ] Updating impropers
2026-04-23 20:46:46,093 [ genlib ] [ INFO ] Building library files for GLU --> ALA mutant
2026-04-23 20:46:46,094 [ genlib ] [ INFO ] reading rtp file "aminoacids.rtp"
2026-04-23 20:46:46,137 [ genlib ] [ INFO ] ENTERED SIMPLE
2026-04-23 20:46:46,137 [ genlib ] [ INFO ] Making atom pairs
2026-04-23 20:46:46,137 [ genlib ] [ INFO ] Searching branch 1
2026-04-23 20:46:46,137 [ genlib ] [ INFO ] Searching order 2
2026-04-23 20:46:46,137 [ genlib ] [ INFO ] Checking atom 1HB
2026-04-23 20:46:46,137 [ genlib ] [ INFO ] Define atom pair: GLU|1HB|HC|H         - > ALA|2HB|HC|H         (d = 0.18 A)
2026-04-23 20:46:46,137 [ genlib ] [ INFO ] Checking atom 2HB
2026-04-23 20:46:46,137 [ genlib ] [ INFO ] Define atom pair: GLU|2HB|HC|H         - > ALA|3HB|HC|H         (d = 0.19 A)
2026-04-23 20:46:46,137 [ genlib ] [ INFO ] Checking atom CG
2026-04-23 20:46:46,137 [ genlib ] [ INFO ] Define atom pair: GLU|CG|2C|C.3        - > ALA|1HB|HC|H         (d = 0.53 A)
2026-04-23 20:46:46,137 [ genlib ] [ INFO ] Searching order 3
2026-04-23 20:46:46,137 [ genlib ] [ INFO ] Checking atom 1HG
2026-04-23 20:46:46,137 [ genlib ] [ INFO ] No partner found for atom 1HG
2026-04-23 20:46:46,137 [ genlib ] [ INFO ] Checking atom 2HG
2026-04-23 20:46:46,137 [ genlib ] [ INFO ] No partner found for atom 2HG
2026-04-23 20:46:46,137 [ genlib ] [ INFO ] Checking atom CD
2026-04-23 20:46:46,137 [ genlib ] [ INFO ] No partner found for atom CD
2026-04-23 20:46:46,137 [ genlib ] [ INFO ] Searching order 4
2026-04-23 20:46:46,137 [ genlib ] [ INFO ] Searching order 5
2026-04-23 20:46:46,137 [ genlib ] [ INFO ] Searching order 6
2026-04-23 20:46:46,137 [ genlib ] [ INFO ] Searching order 7
2026-04-23 20:46:46,137 [ genlib ] [ INFO ] Searching branch 2
2026-04-23 20:46:46,137 [ genlib ] [ INFO ] Searching order 2
2026-04-23 20:46:46,137 [ genlib ] [ INFO ] Searching order 3
2026-04-23 20:46:46,137 [ genlib ] [ INFO ] Checking atom 1HG
2026-04-23 20:46:46,137 [ genlib ] [ INFO ] No partner found for atom 1HG
2026-04-23 20:46:46,137 [ genlib ] [ INFO ] Checking atom 2HG
2026-04-23 20:46:46,137 [ genlib ] [ INFO ] No partner found for atom 2HG
2026-04-23 20:46:46,137 [ genlib ] [ INFO ] Checking atom CD
2026-04-23 20:46:46,137 [ genlib ] [ INFO ] No partner found for atom CD
2026-04-23 20:46:46,137 [ genlib ] [ INFO ] Searching order 4
2026-04-23 20:46:46,137 [ genlib ] [ INFO ] Searching order 5
2026-04-23 20:46:46,137 [ genlib ] [ INFO ] Searching order 6
2026-04-23 20:46:46,137 [ genlib ] [ INFO ] Searching order 7
2026-04-23 20:46:46,137 [ genlib ] [ INFO ] Updating bond lists
2026-04-23 20:46:46,137 [ genlib ] [ INFO ] Updating dihedrals
2026-04-23 20:46:46,137 [ genlib ] [ INFO ] Updating impropers
2026-04-23 20:46:46,138 [ genlib ] [ INFO ] Building library files for GLU --> ARG mutant
2026-04-23 20:46:46,139 [ genlib ] [ INFO ] reading rtp file "aminoacids.rtp"
2026-04-23 20:46:46,181 [ genlib ] [ INFO ] ENTERED SIMPLE
2026-04-23 20:46:46,181 [ genlib ] [ INFO ] Making atom pairs
2026-04-23 20:46:46,181 [ genlib ] [ INFO ] Searching branch 1
2026-04-23 20:46:46,181 [ genlib ] [ INFO ] Searching order 2
2026-04-23 20:46:46,181 [ genlib ] [ INFO ] Checking atom 1HB
2026-04-23 20:46:46,181 [ genlib ] [ INFO ] Define atom pair: GLU|1HB|HC|H         - > ARG|1HB|HC|H         (d = 0.21 A)
2026-04-23 20:46:46,181 [ genlib ] [ INFO ] Checking atom 2HB
2026-04-23 20:46:46,181 [ genlib ] [ INFO ] Define atom pair: GLU|2HB|HC|H         - > ARG|2HB|HC|H         (d = 0.20 A)
2026-04-23 20:46:46,181 [ genlib ] [ INFO ] Checking atom CG
2026-04-23 20:46:46,182 [ genlib ] [ INFO ] Define atom pair: GLU|CG|2C|C.3        - > ARG|CG|C8|C.3        (d = 0.17 A)
2026-04-23 20:46:46,182 [ genlib ] [ INFO ] Searching order 3
2026-04-23 20:46:46,182 [ genlib ] [ INFO ] Checking atom 1HG
2026-04-23 20:46:46,182 [ genlib ] [ INFO ] Define atom pair: GLU|1HG|HC|H         - > ARG|1HG|HC|H         (d = 0.29 A)
2026-04-23 20:46:46,182 [ genlib ] [ INFO ] Checking atom 2HG
2026-04-23 20:46:46,182 [ genlib ] [ INFO ] Define atom pair: GLU|2HG|HC|H         - > ARG|2HG|HC|H         (d = 0.19 A)
2026-04-23 20:46:46,182 [ genlib ] [ INFO ] Checking atom CD
2026-04-23 20:46:46,182 [ genlib ] [ INFO ] Define atom pair: GLU|CD|CO|C.2        - > ARG|CD|C8|C.3        (d = 0.17 A)
2026-04-23 20:46:46,182 [ genlib ] [ INFO ] Searching order 4
2026-04-23 20:46:46,182 [ genlib ] [ INFO ] Checking atom OE1
2026-04-23 20:46:46,182 [ genlib ] [ INFO ] Define atom pair: GLU|OE1|O2|O.co2     - > ARG|NE|N2|N.pl3      (d = 0.29 A)
2026-04-23 20:46:46,182 [ genlib ] [ INFO ] Checking atom OE2
2026-04-23 20:46:46,182 [ genlib ] [ INFO ] No partner found for atom OE2
2026-04-23 20:46:46,182 [ genlib ] [ INFO ] Searching order 5
2026-04-23 20:46:46,182 [ genlib ] [ INFO ] Searching order 6
2026-04-23 20:46:46,182 [ genlib ] [ INFO ] Searching order 7
2026-04-23 20:46:46,182 [ genlib ] [ INFO ] Searching branch 2
2026-04-23 20:46:46,182 [ genlib ] [ INFO ] Searching order 2
2026-04-23 20:46:46,182 [ genlib ] [ INFO ] Searching order 3
2026-04-23 20:46:46,182 [ genlib ] [ INFO ] Searching order 4
2026-04-23 20:46:46,182 [ genlib ] [ INFO ] Checking atom OE2
2026-04-23 20:46:46,182 [ genlib ] [ INFO ] No partner found for atom OE2
2026-04-23 20:46:46,182 [ genlib ] [ INFO ] Searching order 5
2026-04-23 20:46:46,182 [ genlib ] [ INFO ] Searching order 6
2026-04-23 20:46:46,182 [ genlib ] [ INFO ] Searching order 7
2026-04-23 20:46:46,187 [ genlib ] [ INFO ] Updating bond lists
2026-04-23 20:46:46,187 [ genlib ] [ INFO ] Updating dihedrals
2026-04-23 20:46:46,187 [ genlib ] [ INFO ] Updating impropers
2026-04-23 20:46:46,188 [ genlib ] [ INFO ] Building library files for GLU --> ASH mutant
2026-04-23 20:46:46,188 [ genlib ] [ INFO ] reading rtp file "aminoacids.rtp"
2026-04-23 20:46:46,231 [ genlib ] [ INFO ] ENTERED SIMPLE
2026-04-23 20:46:46,231 [ genlib ] [ INFO ] Making atom pairs
2026-04-23 20:46:46,231 [ genlib ] [ INFO ] Searching branch 1
2026-04-23 20:46:46,231 [ genlib ] [ INFO ] Searching order 2
2026-04-23 20:46:46,231 [ genlib ] [ INFO ] Checking atom 1HB
2026-04-23 20:46:46,231 [ genlib ] [ INFO ] Define atom pair: GLU|1HB|HC|H         - > ASH|1HB|HC|H         (d = 0.17 A)
2026-04-23 20:46:46,231 [ genlib ] [ INFO ] Checking atom 2HB
2026-04-23 20:46:46,231 [ genlib ] [ INFO ] Define atom pair: GLU|2HB|HC|H         - > ASH|2HB|HC|H         (d = 0.15 A)
2026-04-23 20:46:46,231 [ genlib ] [ INFO ] Checking atom CG
2026-04-23 20:46:46,231 [ genlib ] [ INFO ] Define atom pair: GLU|CG|2C|C.3        - > ASH|CG|C|C.2         (d = 0.11 A)
2026-04-23 20:46:46,231 [ genlib ] [ INFO ] Searching order 3
2026-04-23 20:46:46,231 [ genlib ] [ INFO ] Checking atom 1HG
2026-04-23 20:46:46,231 [ genlib ] [ INFO ] No partner found for atom 1HG
2026-04-23 20:46:46,231 [ genlib ] [ INFO ] Checking atom 2HG
2026-04-23 20:46:46,231 [ genlib ] [ INFO ] No partner found for atom 2HG
2026-04-23 20:46:46,231 [ genlib ] [ INFO ] Checking atom CD
2026-04-23 20:46:46,231 [ genlib ] [ INFO ] Define atom pair: GLU|CD|CO|C.2        - > ASH|OD1|O|O.co2      (d = 0.28 A)
2026-04-23 20:46:46,231 [ genlib ] [ INFO ] Searching order 4
2026-04-23 20:46:46,231 [ genlib ] [ INFO ] Checking atom OE1
2026-04-23 20:46:46,231 [ genlib ] [ INFO ] No partner found for atom OE1
2026-04-23 20:46:46,231 [ genlib ] [ INFO ] Checking atom OE2
2026-04-23 20:46:46,231 [ genlib ] [ INFO ] No partner found for atom OE2
2026-04-23 20:46:46,231 [ genlib ] [ INFO ] Searching order 5
2026-04-23 20:46:46,231 [ genlib ] [ INFO ] Searching order 6
2026-04-23 20:46:46,231 [ genlib ] [ INFO ] Searching order 7
2026-04-23 20:46:46,231 [ genlib ] [ INFO ] Searching branch 2
2026-04-23 20:46:46,231 [ genlib ] [ INFO ] Searching order 2
2026-04-23 20:46:46,231 [ genlib ] [ INFO ] Searching order 3
2026-04-23 20:46:46,231 [ genlib ] [ INFO ] Checking atom 1HG
2026-04-23 20:46:46,231 [ genlib ] [ INFO ] No partner found for atom 1HG
2026-04-23 20:46:46,231 [ genlib ] [ INFO ] Checking atom 2HG
2026-04-23 20:46:46,231 [ genlib ] [ INFO ] No partner found for atom 2HG
2026-04-23 20:46:46,231 [ genlib ] [ INFO ] Searching order 4
2026-04-23 20:46:46,231 [ genlib ] [ INFO ] Checking atom OE1
2026-04-23 20:46:46,231 [ genlib ] [ INFO ] No partner found for atom OE1
2026-04-23 20:46:46,231 [ genlib ] [ INFO ] Checking atom OE2
2026-04-23 20:46:46,231 [ genlib ] [ INFO ] No partner found for atom OE2
2026-04-23 20:46:46,231 [ genlib ] [ INFO ] Searching order 5
2026-04-23 20:46:46,231 [ genlib ] [ INFO ] Searching order 6
2026-04-23 20:46:46,231 [ genlib ] [ INFO ] Searching order 7
2026-04-23 20:46:46,232 [ genlib ] [ INFO ] Updating bond lists
2026-04-23 20:46:46,232 [ genlib ] [ INFO ] Updating dihedrals
2026-04-23 20:46:46,232 [ genlib ] [ INFO ] Updating impropers
2026-04-23 20:46:46,233 [ genlib ] [ INFO ] Building library files for GLU --> ASN mutant
2026-04-23 20:46:46,233 [ genlib ] [ INFO ] reading rtp file "aminoacids.rtp"
2026-04-23 20:46:46,276 [ genlib ] [ INFO ] ENTERED SIMPLE
2026-04-23 20:46:46,276 [ genlib ] [ INFO ] Making atom pairs
2026-04-23 20:46:46,276 [ genlib ] [ INFO ] Searching branch 1
2026-04-23 20:46:46,276 [ genlib ] [ INFO ] Searching order 2
2026-04-23 20:46:46,276 [ genlib ] [ INFO ] Checking atom 1HB
2026-04-23 20:46:46,276 [ genlib ] [ INFO ] Define atom pair: GLU|1HB|HC|H         - > ASN|1HB|HC|H         (d = 0.18 A)
2026-04-23 20:46:46,276 [ genlib ] [ INFO ] Checking atom 2HB
2026-04-23 20:46:46,276 [ genlib ] [ INFO ] Define atom pair: GLU|2HB|HC|H         - > ASN|2HB|HC|H         (d = 0.20 A)
2026-04-23 20:46:46,276 [ genlib ] [ INFO ] Checking atom CG
2026-04-23 20:46:46,276 [ genlib ] [ INFO ] Define atom pair: GLU|CG|2C|C.3        - > ASN|CG|C|C.2         (d = 0.13 A)
2026-04-23 20:46:46,276 [ genlib ] [ INFO ] Searching order 3
2026-04-23 20:46:46,276 [ genlib ] [ INFO ] Checking atom 1HG
2026-04-23 20:46:46,276 [ genlib ] [ INFO ] No partner found for atom 1HG
2026-04-23 20:46:46,276 [ genlib ] [ INFO ] Checking atom 2HG
2026-04-23 20:46:46,276 [ genlib ] [ INFO ] No partner found for atom 2HG
2026-04-23 20:46:46,276 [ genlib ] [ INFO ] Checking atom CD
2026-04-23 20:46:46,276 [ genlib ] [ INFO ] Define atom pair: GLU|CD|CO|C.2        - > ASN|OD1|O|O.2        (d = 0.33 A)
2026-04-23 20:46:46,276 [ genlib ] [ INFO ] Searching order 4
2026-04-23 20:46:46,276 [ genlib ] [ INFO ] Checking atom OE1
2026-04-23 20:46:46,276 [ genlib ] [ INFO ] No partner found for atom OE1
2026-04-23 20:46:46,276 [ genlib ] [ INFO ] Checking atom OE2
2026-04-23 20:46:46,276 [ genlib ] [ INFO ] No partner found for atom OE2
2026-04-23 20:46:46,276 [ genlib ] [ INFO ] Searching order 5
2026-04-23 20:46:46,276 [ genlib ] [ INFO ] Searching order 6
2026-04-23 20:46:46,276 [ genlib ] [ INFO ] Searching order 7
2026-04-23 20:46:46,276 [ genlib ] [ INFO ] Searching branch 2
2026-04-23 20:46:46,276 [ genlib ] [ INFO ] Searching order 2
2026-04-23 20:46:46,276 [ genlib ] [ INFO ] Searching order 3
2026-04-23 20:46:46,276 [ genlib ] [ INFO ] Checking atom 1HG
2026-04-23 20:46:46,276 [ genlib ] [ INFO ] No partner found for atom 1HG
2026-04-23 20:46:46,276 [ genlib ] [ INFO ] Checking atom 2HG
2026-04-23 20:46:46,276 [ genlib ] [ INFO ] No partner found for atom 2HG
2026-04-23 20:46:46,276 [ genlib ] [ INFO ] Searching order 4
2026-04-23 20:46:46,276 [ genlib ] [ INFO ] Checking atom OE1
2026-04-23 20:46:46,276 [ genlib ] [ INFO ] No partner found for atom OE1
2026-04-23 20:46:46,276 [ genlib ] [ INFO ] Checking atom OE2
2026-04-23 20:46:46,276 [ genlib ] [ INFO ] No partner found for atom OE2
2026-04-23 20:46:46,276 [ genlib ] [ INFO ] Searching order 5
2026-04-23 20:46:46,276 [ genlib ] [ INFO ] Searching order 6
2026-04-23 20:46:46,276 [ genlib ] [ INFO ] Searching order 7
2026-04-23 20:46:46,278 [ genlib ] [ INFO ] Updating bond lists
2026-04-23 20:46:46,278 [ genlib ] [ INFO ] Updating dihedrals
2026-04-23 20:46:46,278 [ genlib ] [ INFO ] Updating impropers
2026-04-23 20:46:46,278 [ genlib ] [ INFO ] Building library files for GLU --> ASP mutant
2026-04-23 20:46:46,278 [ genlib ] [ INFO ] reading rtp file "aminoacids.rtp"
2026-04-23 20:46:46,321 [ genlib ] [ INFO ] ENTERED SIMPLE
2026-04-23 20:46:46,321 [ genlib ] [ INFO ] Making atom pairs
2026-04-23 20:46:46,321 [ genlib ] [ INFO ] Searching branch 1
2026-04-23 20:46:46,321 [ genlib ] [ INFO ] Searching order 2
2026-04-23 20:46:46,321 [ genlib ] [ INFO ] Checking atom 1HB
2026-04-23 20:46:46,321 [ genlib ] [ INFO ] Define atom pair: GLU|1HB|HC|H         - > ASP|1HB|HC|H         (d = 0.14 A)
2026-04-23 20:46:46,321 [ genlib ] [ INFO ] Checking atom 2HB
2026-04-23 20:46:46,321 [ genlib ] [ INFO ] Define atom pair: GLU|2HB|HC|H         - > ASP|2HB|HC|H         (d = 0.15 A)
2026-04-23 20:46:46,321 [ genlib ] [ INFO ] Checking atom CG
2026-04-23 20:46:46,321 [ genlib ] [ INFO ] Define atom pair: GLU|CG|2C|C.3        - > ASP|CG|CO|C.2        (d = 0.11 A)
2026-04-23 20:46:46,321 [ genlib ] [ INFO ] Searching order 3
2026-04-23 20:46:46,321 [ genlib ] [ INFO ] Checking atom 1HG
2026-04-23 20:46:46,321 [ genlib ] [ INFO ] No partner found for atom 1HG
2026-04-23 20:46:46,321 [ genlib ] [ INFO ] Checking atom 2HG
2026-04-23 20:46:46,321 [ genlib ] [ INFO ] No partner found for atom 2HG
2026-04-23 20:46:46,321 [ genlib ] [ INFO ] Checking atom CD
2026-04-23 20:46:46,321 [ genlib ] [ INFO ] Define atom pair: GLU|CD|CO|C.2        - > ASP|OD1|O2|O.co2     (d = 0.28 A)
2026-04-23 20:46:46,321 [ genlib ] [ INFO ] Searching order 4
2026-04-23 20:46:46,321 [ genlib ] [ INFO ] Checking atom OE1
2026-04-23 20:46:46,321 [ genlib ] [ INFO ] No partner found for atom OE1
2026-04-23 20:46:46,321 [ genlib ] [ INFO ] Checking atom OE2
2026-04-23 20:46:46,321 [ genlib ] [ INFO ] No partner found for atom OE2
2026-04-23 20:46:46,321 [ genlib ] [ INFO ] Searching order 5
2026-04-23 20:46:46,321 [ genlib ] [ INFO ] Searching order 6
2026-04-23 20:46:46,321 [ genlib ] [ INFO ] Searching order 7
2026-04-23 20:46:46,321 [ genlib ] [ INFO ] Searching branch 2
2026-04-23 20:46:46,321 [ genlib ] [ INFO ] Searching order 2
2026-04-23 20:46:46,321 [ genlib ] [ INFO ] Searching order 3
2026-04-23 20:46:46,321 [ genlib ] [ INFO ] Checking atom 1HG
2026-04-23 20:46:46,321 [ genlib ] [ INFO ] No partner found for atom 1HG
2026-04-23 20:46:46,321 [ genlib ] [ INFO ] Checking atom 2HG
2026-04-23 20:46:46,321 [ genlib ] [ INFO ] No partner found for atom 2HG
2026-04-23 20:46:46,321 [ genlib ] [ INFO ] Searching order 4
2026-04-23 20:46:46,321 [ genlib ] [ INFO ] Checking atom OE1
2026-04-23 20:46:46,321 [ genlib ] [ INFO ] No partner found for atom OE1
2026-04-23 20:46:46,321 [ genlib ] [ INFO ] Checking atom OE2
2026-04-23 20:46:46,321 [ genlib ] [ INFO ] No partner found for atom OE2
2026-04-23 20:46:46,321 [ genlib ] [ INFO ] Searching order 5
2026-04-23 20:46:46,321 [ genlib ] [ INFO ] Searching order 6
2026-04-23 20:46:46,321 [ genlib ] [ INFO ] Searching order 7
2026-04-23 20:46:46,322 [ genlib ] [ INFO ] Updating bond lists
2026-04-23 20:46:46,322 [ genlib ] [ INFO ] Updating dihedrals
2026-04-23 20:46:46,322 [ genlib ] [ INFO ] Updating impropers
2026-04-23 20:46:46,322 [ genlib ] [ INFO ] Building library files for GLU --> CYS mutant
2026-04-23 20:46:46,323 [ genlib ] [ INFO ] reading rtp file "aminoacids.rtp"
2026-04-23 20:46:46,366 [ genlib ] [ INFO ] ENTERED SIMPLE
2026-04-23 20:46:46,366 [ genlib ] [ INFO ] Making atom pairs
2026-04-23 20:46:46,366 [ genlib ] [ INFO ] Searching branch 1
2026-04-23 20:46:46,366 [ genlib ] [ INFO ] Searching order 2
2026-04-23 20:46:46,366 [ genlib ] [ INFO ] Checking atom 1HB
2026-04-23 20:46:46,366 [ genlib ] [ INFO ] Define atom pair: GLU|1HB|HC|H         - > CYS|1HB|H1|H         (d = 0.16 A)
2026-04-23 20:46:46,366 [ genlib ] [ INFO ] Checking atom 2HB
2026-04-23 20:46:46,366 [ genlib ] [ INFO ] Define atom pair: GLU|2HB|HC|H         - > CYS|2HB|H1|H         (d = 0.17 A)
2026-04-23 20:46:46,366 [ genlib ] [ INFO ] Checking atom CG
2026-04-23 20:46:46,366 [ genlib ] [ INFO ] Define atom pair: GLU|CG|2C|C.3        - > CYS|SG|SH|S.3        (d = 0.25 A)
2026-04-23 20:46:46,366 [ genlib ] [ INFO ] Searching order 3
2026-04-23 20:46:46,366 [ genlib ] [ INFO ] Checking atom 1HG
2026-04-23 20:46:46,366 [ genlib ] [ INFO ] No partner found for atom 1HG
2026-04-23 20:46:46,366 [ genlib ] [ INFO ] Checking atom 2HG
2026-04-23 20:46:46,366 [ genlib ] [ INFO ] No partner found for atom 2HG
2026-04-23 20:46:46,366 [ genlib ] [ INFO ] Checking atom CD
2026-04-23 20:46:46,366 [ genlib ] [ INFO ] Define atom pair: GLU|CD|CO|C.2        - > CYS|HG|HS|H          (d = 0.29 A)
2026-04-23 20:46:46,366 [ genlib ] [ INFO ] Searching order 4
2026-04-23 20:46:46,366 [ genlib ] [ INFO ] Checking atom OE1
2026-04-23 20:46:46,366 [ genlib ] [ INFO ] No partner found for atom OE1
2026-04-23 20:46:46,366 [ genlib ] [ INFO ] Checking atom OE2
2026-04-23 20:46:46,366 [ genlib ] [ INFO ] No partner found for atom OE2
2026-04-23 20:46:46,366 [ genlib ] [ INFO ] Searching order 5
2026-04-23 20:46:46,366 [ genlib ] [ INFO ] Searching order 6
2026-04-23 20:46:46,366 [ genlib ] [ INFO ] Searching order 7
2026-04-23 20:46:46,366 [ genlib ] [ INFO ] Searching branch 2
2026-04-23 20:46:46,366 [ genlib ] [ INFO ] Searching order 2
2026-04-23 20:46:46,366 [ genlib ] [ INFO ] Searching order 3
2026-04-23 20:46:46,366 [ genlib ] [ INFO ] Checking atom 1HG
2026-04-23 20:46:46,366 [ genlib ] [ INFO ] No partner found for atom 1HG
2026-04-23 20:46:46,366 [ genlib ] [ INFO ] Checking atom 2HG
2026-04-23 20:46:46,366 [ genlib ] [ INFO ] No partner found for atom 2HG
2026-04-23 20:46:46,366 [ genlib ] [ INFO ] Searching order 4
2026-04-23 20:46:46,366 [ genlib ] [ INFO ] Checking atom OE1
2026-04-23 20:46:46,366 [ genlib ] [ INFO ] No partner found for atom OE1
2026-04-23 20:46:46,366 [ genlib ] [ INFO ] Checking atom OE2
2026-04-23 20:46:46,366 [ genlib ] [ INFO ] No partner found for atom OE2
2026-04-23 20:46:46,366 [ genlib ] [ INFO ] Searching order 5
2026-04-23 20:46:46,366 [ genlib ] [ INFO ] Searching order 6
2026-04-23 20:46:46,366 [ genlib ] [ INFO ] Searching order 7
2026-04-23 20:46:46,366 [ genlib ] [ INFO ] Updating bond lists
2026-04-23 20:46:46,367 [ genlib ] [ INFO ] Updating dihedrals
2026-04-23 20:46:46,367 [ genlib ] [ INFO ] Updating impropers
2026-04-23 20:46:46,367 [ genlib ] [ INFO ] Building library files for GLU --> GLH mutant
2026-04-23 20:46:46,367 [ genlib ] [ INFO ] reading rtp file "aminoacids.rtp"
2026-04-23 20:46:46,410 [ genlib ] [ INFO ] ENTERED SIMPLE
2026-04-23 20:46:46,410 [ genlib ] [ INFO ] Making atom pairs
2026-04-23 20:46:46,410 [ genlib ] [ INFO ] Searching branch 1
2026-04-23 20:46:46,410 [ genlib ] [ INFO ] Searching order 2
2026-04-23 20:46:46,410 [ genlib ] [ INFO ] Checking atom 1HB
2026-04-23 20:46:46,410 [ genlib ] [ INFO ] Define atom pair: GLU|1HB|HC|H         - > GLH|1HB|HC|H         (d = 0.09 A)
2026-04-23 20:46:46,410 [ genlib ] [ INFO ] Checking atom 2HB
2026-04-23 20:46:46,410 [ genlib ] [ INFO ] Define atom pair: GLU|2HB|HC|H         - > GLH|2HB|HC|H         (d = 0.12 A)
2026-04-23 20:46:46,410 [ genlib ] [ INFO ] Checking atom CG
2026-04-23 20:46:46,410 [ genlib ] [ INFO ] Define atom pair: GLU|CG|2C|C.3        - > GLH|CG|2C|C.3        (d = 0.00 A)
2026-04-23 20:46:46,410 [ genlib ] [ INFO ] Searching order 3
2026-04-23 20:46:46,410 [ genlib ] [ INFO ] Checking atom 1HG
2026-04-23 20:46:46,410 [ genlib ] [ INFO ] Define atom pair: GLU|1HG|HC|H         - > GLH|1HG|HC|H         (d = 0.09 A)
2026-04-23 20:46:46,410 [ genlib ] [ INFO ] Checking atom 2HG
2026-04-23 20:46:46,410 [ genlib ] [ INFO ] Define atom pair: GLU|2HG|HC|H         - > GLH|2HG|HC|H         (d = 0.10 A)
2026-04-23 20:46:46,410 [ genlib ] [ INFO ] Checking atom CD
2026-04-23 20:46:46,410 [ genlib ] [ INFO ] Define atom pair: GLU|CD|CO|C.2        - > GLH|CD|C|C.2         (d = 0.00 A)
2026-04-23 20:46:46,410 [ genlib ] [ INFO ] Searching order 4
2026-04-23 20:46:46,410 [ genlib ] [ INFO ] Checking atom OE1
2026-04-23 20:46:46,410 [ genlib ] [ INFO ] Define atom pair: GLU|OE1|O2|O.co2     - > GLH|OE1|O|O.co2      (d = 0.00 A)
2026-04-23 20:46:46,410 [ genlib ] [ INFO ] Checking atom OE2
2026-04-23 20:46:46,410 [ genlib ] [ INFO ] Define atom pair: GLU|OE2|O2|O.co2     - > GLH|OE2|OH|O.co2     (d = 0.01 A)
2026-04-23 20:46:46,410 [ genlib ] [ INFO ] Searching order 5
2026-04-23 20:46:46,410 [ genlib ] [ INFO ] Searching order 6
2026-04-23 20:46:46,410 [ genlib ] [ INFO ] Searching order 7
2026-04-23 20:46:46,410 [ genlib ] [ INFO ] Searching branch 2
2026-04-23 20:46:46,410 [ genlib ] [ INFO ] Searching order 2
2026-04-23 20:46:46,410 [ genlib ] [ INFO ] Searching order 3
2026-04-23 20:46:46,410 [ genlib ] [ INFO ] Searching order 4
2026-04-23 20:46:46,410 [ genlib ] [ INFO ] Searching order 5
2026-04-23 20:46:46,410 [ genlib ] [ INFO ] Searching order 6
2026-04-23 20:46:46,410 [ genlib ] [ INFO ] Searching order 7
2026-04-23 20:46:46,411 [ genlib ] [ INFO ] Updating bond lists
2026-04-23 20:46:46,411 [ genlib ] [ INFO ] Updating dihedrals
2026-04-23 20:46:46,411 [ genlib ] [ INFO ] Updating impropers
2026-04-23 20:46:46,411 [ genlib ] [ INFO ] Building library files for GLU --> GLN mutant
2026-04-23 20:46:46,412 [ genlib ] [ INFO ] reading rtp file "aminoacids.rtp"
2026-04-23 20:46:46,454 [ genlib ] [ INFO ] ENTERED SIMPLE
2026-04-23 20:46:46,454 [ genlib ] [ INFO ] Making atom pairs
2026-04-23 20:46:46,454 [ genlib ] [ INFO ] Searching branch 1
2026-04-23 20:46:46,454 [ genlib ] [ INFO ] Searching order 2
2026-04-23 20:46:46,454 [ genlib ] [ INFO ] Checking atom 1HB
2026-04-23 20:46:46,454 [ genlib ] [ INFO ] Define atom pair: GLU|1HB|HC|H         - > GLN|1HB|HC|H         (d = 0.15 A)
2026-04-23 20:46:46,454 [ genlib ] [ INFO ] Checking atom 2HB
2026-04-23 20:46:46,454 [ genlib ] [ INFO ] Define atom pair: GLU|2HB|HC|H         - > GLN|2HB|HC|H         (d = 0.16 A)
2026-04-23 20:46:46,454 [ genlib ] [ INFO ] Checking atom CG
2026-04-23 20:46:46,454 [ genlib ] [ INFO ] Define atom pair: GLU|CG|2C|C.3        - > GLN|CG|2C|C.3        (d = 0.11 A)
2026-04-23 20:46:46,454 [ genlib ] [ INFO ] Searching order 3
2026-04-23 20:46:46,454 [ genlib ] [ INFO ] Checking atom 1HG
2026-04-23 20:46:46,454 [ genlib ] [ INFO ] Define atom pair: GLU|1HG|HC|H         - > GLN|1HG|HC|H         (d = 0.16 A)
2026-04-23 20:46:46,454 [ genlib ] [ INFO ] Checking atom 2HG
2026-04-23 20:46:46,454 [ genlib ] [ INFO ] Define atom pair: GLU|2HG|HC|H         - > GLN|2HG|HC|H         (d = 0.12 A)
2026-04-23 20:46:46,454 [ genlib ] [ INFO ] Checking atom CD
2026-04-23 20:46:46,454 [ genlib ] [ INFO ] Define atom pair: GLU|CD|CO|C.2        - > GLN|CD|C|C.2         (d = 0.11 A)
2026-04-23 20:46:46,454 [ genlib ] [ INFO ] Searching order 4
2026-04-23 20:46:46,454 [ genlib ] [ INFO ] Checking atom OE1
2026-04-23 20:46:46,454 [ genlib ] [ INFO ] Define atom pair: GLU|OE1|O2|O.co2     - > GLN|OE1|O|O.2        (d = 0.15 A)
2026-04-23 20:46:46,454 [ genlib ] [ INFO ] Checking atom OE2
2026-04-23 20:46:46,454 [ genlib ] [ INFO ] Define atom pair: GLU|OE2|O2|O.co2     - > GLN|NE2|N|N.am       (d = 0.13 A)
2026-04-23 20:46:46,454 [ genlib ] [ INFO ] Searching order 5
2026-04-23 20:46:46,454 [ genlib ] [ INFO ] Searching order 6
2026-04-23 20:46:46,454 [ genlib ] [ INFO ] Searching order 7
2026-04-23 20:46:46,454 [ genlib ] [ INFO ] Searching branch 2
2026-04-23 20:46:46,454 [ genlib ] [ INFO ] Searching order 2
2026-04-23 20:46:46,454 [ genlib ] [ INFO ] Searching order 3
2026-04-23 20:46:46,454 [ genlib ] [ INFO ] Searching order 4
2026-04-23 20:46:46,454 [ genlib ] [ INFO ] Searching order 5
2026-04-23 20:46:46,454 [ genlib ] [ INFO ] Searching order 6
2026-04-23 20:46:46,454 [ genlib ] [ INFO ] Searching order 7
2026-04-23 20:46:46,456 [ genlib ] [ INFO ] Updating bond lists
2026-04-23 20:46:46,456 [ genlib ] [ INFO ] Updating dihedrals
2026-04-23 20:46:46,456 [ genlib ] [ INFO ] Updating impropers
2026-04-23 20:46:46,456 [ genlib ] [ WARNING ] undefined
2026-04-23 20:46:46,456 [ genlib ] [ WARNING ] undefined
2026-04-23 20:46:46,456 [ genlib ] [ INFO ] Building library files for GLU --> GLY mutant
2026-04-23 20:46:46,457 [ genlib ] [ INFO ] reading rtp file "aminoacids.rtp"
2026-04-23 20:46:46,499 [ genlib ] [ INFO ] ENTERED G
2026-04-23 20:46:46,499 [ genlib ] [ INFO ] Making atom pairs
2026-04-23 20:46:46,500 [ genlib ] [ INFO ] Updating bond lists
2026-04-23 20:46:46,500 [ genlib ] [ INFO ] Updating dihedrals
2026-04-23 20:46:46,500 [ genlib ] [ INFO ] Updating impropers
2026-04-23 20:46:46,500 [ genlib ] [ INFO ] Building library files for GLU --> HID mutant
2026-04-23 20:46:46,501 [ genlib ] [ INFO ] reading rtp file "aminoacids.rtp"
2026-04-23 20:46:46,544 [ genlib ] [ INFO ] ENTERED RINGS
2026-04-23 20:46:46,544 [ genlib ] [ INFO ] Making atom pairs
2026-04-23 20:46:46,546 [ genlib ] [ INFO ] Updating bond lists
2026-04-23 20:46:46,546 [ genlib ] [ INFO ] Updating dihedrals
2026-04-23 20:46:46,546 [ genlib ] [ INFO ] Updating impropers
2026-04-23 20:46:46,547 [ genlib ] [ INFO ] Building library files for GLU --> HIE mutant
2026-04-23 20:46:46,547 [ genlib ] [ INFO ] reading rtp file "aminoacids.rtp"
2026-04-23 20:46:46,590 [ genlib ] [ INFO ] ENTERED RINGS
2026-04-23 20:46:46,590 [ genlib ] [ INFO ] Making atom pairs
2026-04-23 20:46:46,593 [ genlib ] [ INFO ] Updating bond lists
2026-04-23 20:46:46,593 [ genlib ] [ INFO ] Updating dihedrals
2026-04-23 20:46:46,593 [ genlib ] [ INFO ] Updating impropers
2026-04-23 20:46:46,593 [ genlib ] [ INFO ] Building library files for GLU --> HIP mutant
2026-04-23 20:46:46,594 [ genlib ] [ INFO ] reading rtp file "aminoacids.rtp"
2026-04-23 20:46:46,637 [ genlib ] [ INFO ] ENTERED RINGS
2026-04-23 20:46:46,637 [ genlib ] [ INFO ] Making atom pairs
2026-04-23 20:46:46,640 [ genlib ] [ INFO ] Updating bond lists
2026-04-23 20:46:46,640 [ genlib ] [ INFO ] Updating dihedrals
2026-04-23 20:46:46,640 [ genlib ] [ INFO ] Updating impropers
2026-04-23 20:46:46,641 [ genlib ] [ INFO ] Building library files for GLU --> ILE mutant
2026-04-23 20:46:46,641 [ genlib ] [ INFO ] reading rtp file "aminoacids.rtp"
2026-04-23 20:46:46,685 [ genlib ] [ INFO ] ENTERED SIMPLE
2026-04-23 20:46:46,685 [ genlib ] [ INFO ] Making atom pairs
2026-04-23 20:46:46,685 [ genlib ] [ INFO ] Searching branch 1
2026-04-23 20:46:46,685 [ genlib ] [ INFO ] Searching order 2
2026-04-23 20:46:46,685 [ genlib ] [ INFO ] Checking atom 1HB
2026-04-23 20:46:46,685 [ genlib ] [ INFO ] Define atom pair: GLU|1HB|HC|H         - > ILE|HB|HC|H          (d = 0.09 A)
2026-04-23 20:46:46,685 [ genlib ] [ INFO ] Checking atom 2HB
2026-04-23 20:46:46,685 [ genlib ] [ INFO ] Define atom pair: GLU|2HB|HC|H         - > ILE|CG2|CT|C.3       (d = 0.52 A)
2026-04-23 20:46:46,685 [ genlib ] [ INFO ] Checking atom CG
2026-04-23 20:46:46,685 [ genlib ] [ INFO ] Define atom pair: GLU|CG|2C|C.3        - > ILE|CG1|2C|C.3       (d = 0.10 A)
2026-04-23 20:46:46,685 [ genlib ] [ INFO ] Searching order 3
2026-04-23 20:46:46,685 [ genlib ] [ INFO ] Checking atom 1HG
2026-04-23 20:46:46,685 [ genlib ] [ INFO ] Define atom pair: GLU|1HG|HC|H         - > ILE|1HG1|HC|H        (d = 0.19 A)
2026-04-23 20:46:46,685 [ genlib ] [ INFO ] Checking atom 2HG
2026-04-23 20:46:46,685 [ genlib ] [ INFO ] Define atom pair: GLU|2HG|HC|H         - > ILE|2HG1|HC|H        (d = 0.18 A)
2026-04-23 20:46:46,685 [ genlib ] [ INFO ] Checking atom CD
2026-04-23 20:46:46,685 [ genlib ] [ INFO ] Define atom pair: GLU|CD|CO|C.2        - > ILE|CD1|CT|C.3       (d = 0.06 A)
2026-04-23 20:46:46,685 [ genlib ] [ INFO ] Searching order 4
2026-04-23 20:46:46,685 [ genlib ] [ INFO ] Checking atom OE1
2026-04-23 20:46:46,685 [ genlib ] [ INFO ] Define atom pair: GLU|OE1|O2|O.co2     - > ILE|1HD1|HC|H        (d = 0.20 A)
2026-04-23 20:46:46,685 [ genlib ] [ INFO ] Checking atom OE2
2026-04-23 20:46:46,685 [ genlib ] [ INFO ] No partner found for atom OE2
2026-04-23 20:46:46,685 [ genlib ] [ INFO ] Searching order 5
2026-04-23 20:46:46,685 [ genlib ] [ INFO ] Searching order 6
2026-04-23 20:46:46,685 [ genlib ] [ INFO ] Searching order 7
2026-04-23 20:46:46,685 [ genlib ] [ INFO ] Searching branch 2
2026-04-23 20:46:46,685 [ genlib ] [ INFO ] Searching order 2
2026-04-23 20:46:46,685 [ genlib ] [ INFO ] Searching order 3
2026-04-23 20:46:46,685 [ genlib ] [ INFO ] Searching order 4
2026-04-23 20:46:46,685 [ genlib ] [ INFO ] Checking atom OE2
2026-04-23 20:46:46,685 [ genlib ] [ INFO ] No partner found for atom OE2
2026-04-23 20:46:46,685 [ genlib ] [ INFO ] Searching order 5
2026-04-23 20:46:46,685 [ genlib ] [ INFO ] Searching order 6
2026-04-23 20:46:46,685 [ genlib ] [ INFO ] Searching order 7
2026-04-23 20:46:46,687 [ genlib ] [ INFO ] Updating bond lists
2026-04-23 20:46:46,687 [ genlib ] [ INFO ] Updating dihedrals
2026-04-23 20:46:46,687 [ genlib ] [ INFO ] Updating impropers
2026-04-23 20:46:46,687 [ genlib ] [ INFO ] Building library files for GLU --> LEU mutant
2026-04-23 20:46:46,688 [ genlib ] [ INFO ] reading rtp file "aminoacids.rtp"
2026-04-23 20:46:46,730 [ genlib ] [ INFO ] ENTERED SIMPLE
2026-04-23 20:46:46,731 [ genlib ] [ INFO ] Making atom pairs
2026-04-23 20:46:46,731 [ genlib ] [ INFO ] Searching branch 1
2026-04-23 20:46:46,731 [ genlib ] [ INFO ] Searching order 2
2026-04-23 20:46:46,731 [ genlib ] [ INFO ] Checking atom 1HB
2026-04-23 20:46:46,731 [ genlib ] [ INFO ] Define atom pair: GLU|1HB|HC|H         - > LEU|1HB|HC|H         (d = 0.16 A)
2026-04-23 20:46:46,731 [ genlib ] [ INFO ] Checking atom 2HB
2026-04-23 20:46:46,731 [ genlib ] [ INFO ] Define atom pair: GLU|2HB|HC|H         - > LEU|2HB|HC|H         (d = 0.17 A)
2026-04-23 20:46:46,731 [ genlib ] [ INFO ] Checking atom CG
2026-04-23 20:46:46,731 [ genlib ] [ INFO ] Define atom pair: GLU|CG|2C|C.3        - > LEU|CG|3C|C.3        (d = 0.12 A)
2026-04-23 20:46:46,731 [ genlib ] [ INFO ] Searching order 3
2026-04-23 20:46:46,731 [ genlib ] [ INFO ] Checking atom 1HG
2026-04-23 20:46:46,731 [ genlib ] [ INFO ] Define atom pair: GLU|1HG|HC|H         - > LEU|CD2|CT|C.3       (d = 0.51 A)
2026-04-23 20:46:46,731 [ genlib ] [ INFO ] Checking atom 2HG
2026-04-23 20:46:46,731 [ genlib ] [ INFO ] Define atom pair: GLU|2HG|HC|H         - > LEU|HG|HC|H          (d = 0.15 A)
2026-04-23 20:46:46,731 [ genlib ] [ INFO ] Checking atom CD
2026-04-23 20:46:46,731 [ genlib ] [ INFO ] Define atom pair: GLU|CD|CO|C.2        - > LEU|CD1|CT|C.3       (d = 0.09 A)
2026-04-23 20:46:46,731 [ genlib ] [ INFO ] Searching order 4
2026-04-23 20:46:46,731 [ genlib ] [ INFO ] Checking atom OE1
2026-04-23 20:46:46,731 [ genlib ] [ INFO ] Define atom pair: GLU|OE1|O2|O.co2     - > LEU|1HD1|HC|H        (d = 0.32 A)
2026-04-23 20:46:46,731 [ genlib ] [ INFO ] Checking atom OE2
2026-04-23 20:46:46,731 [ genlib ] [ INFO ] No partner found for atom OE2
2026-04-23 20:46:46,731 [ genlib ] [ INFO ] Searching order 5
2026-04-23 20:46:46,731 [ genlib ] [ INFO ] Searching order 6
2026-04-23 20:46:46,731 [ genlib ] [ INFO ] Searching order 7
2026-04-23 20:46:46,731 [ genlib ] [ INFO ] Searching branch 2
2026-04-23 20:46:46,731 [ genlib ] [ INFO ] Searching order 2
2026-04-23 20:46:46,731 [ genlib ] [ INFO ] Searching order 3
2026-04-23 20:46:46,731 [ genlib ] [ INFO ] Searching order 4
2026-04-23 20:46:46,731 [ genlib ] [ INFO ] Checking atom OE2
2026-04-23 20:46:46,731 [ genlib ] [ INFO ] No partner found for atom OE2
2026-04-23 20:46:46,731 [ genlib ] [ INFO ] Searching order 5
2026-04-23 20:46:46,731 [ genlib ] [ INFO ] Searching order 6
2026-04-23 20:46:46,731 [ genlib ] [ INFO ] Searching order 7
2026-04-23 20:46:46,733 [ genlib ] [ INFO ] Updating bond lists
2026-04-23 20:46:46,733 [ genlib ] [ INFO ] Updating dihedrals
2026-04-23 20:46:46,733 [ genlib ] [ INFO ] Updating impropers
2026-04-23 20:46:46,734 [ genlib ] [ INFO ] Building library files for GLU --> LYN mutant
2026-04-23 20:46:46,735 [ genlib ] [ INFO ] reading rtp file "aminoacids.rtp"
2026-04-23 20:46:46,793 [ genlib ] [ INFO ] ENTERED SIMPLE
2026-04-23 20:46:46,793 [ genlib ] [ INFO ] Making atom pairs
2026-04-23 20:46:46,793 [ genlib ] [ INFO ] Searching branch 1
2026-04-23 20:46:46,793 [ genlib ] [ INFO ] Searching order 2
2026-04-23 20:46:46,793 [ genlib ] [ INFO ] Checking atom 1HB
2026-04-23 20:46:46,793 [ genlib ] [ INFO ] Define atom pair: GLU|1HB|HC|H         - > LYN|1HB|HC|H         (d = 0.22 A)
2026-04-23 20:46:46,793 [ genlib ] [ INFO ] Checking atom 2HB
2026-04-23 20:46:46,793 [ genlib ] [ INFO ] Define atom pair: GLU|2HB|HC|H         - > LYN|2HB|HC|H         (d = 0.18 A)
2026-04-23 20:46:46,793 [ genlib ] [ INFO ] Checking atom CG
2026-04-23 20:46:46,793 [ genlib ] [ INFO ] Define atom pair: GLU|CG|2C|C.3        - > LYN|CG|CT|C.3        (d = 0.17 A)
2026-04-23 20:46:46,793 [ genlib ] [ INFO ] Searching order 3
2026-04-23 20:46:46,793 [ genlib ] [ INFO ] Checking atom 1HG
2026-04-23 20:46:46,793 [ genlib ] [ INFO ] Define atom pair: GLU|1HG|HC|H         - > LYN|1HG|HC|H         (d = 0.26 A)
2026-04-23 20:46:46,793 [ genlib ] [ INFO ] Checking atom 2HG
2026-04-23 20:46:46,793 [ genlib ] [ INFO ] Define atom pair: GLU|2HG|HC|H         - > LYN|2HG|HC|H         (d = 0.16 A)
2026-04-23 20:46:46,793 [ genlib ] [ INFO ] Checking atom CD
2026-04-23 20:46:46,793 [ genlib ] [ INFO ] Define atom pair: GLU|CD|CO|C.2        - > LYN|CD|CT|C.3        (d = 0.16 A)
2026-04-23 20:46:46,793 [ genlib ] [ INFO ] Searching order 4
2026-04-23 20:46:46,793 [ genlib ] [ INFO ] Checking atom OE1
2026-04-23 20:46:46,793 [ genlib ] [ INFO ] Define atom pair: GLU|OE1|O2|O.co2     - > LYN|CE|CT|C.3        (d = 0.35 A)
2026-04-23 20:46:46,793 [ genlib ] [ INFO ] Checking atom OE2
2026-04-23 20:46:46,793 [ genlib ] [ INFO ] No partner found for atom OE2
2026-04-23 20:46:46,793 [ genlib ] [ INFO ] Searching order 5
2026-04-23 20:46:46,793 [ genlib ] [ INFO ] Searching order 6
2026-04-23 20:46:46,793 [ genlib ] [ INFO ] Searching order 7
2026-04-23 20:46:46,793 [ genlib ] [ INFO ] Searching branch 2
2026-04-23 20:46:46,793 [ genlib ] [ INFO ] Searching order 2
2026-04-23 20:46:46,793 [ genlib ] [ INFO ] Searching order 3
2026-04-23 20:46:46,793 [ genlib ] [ INFO ] Searching order 4
2026-04-23 20:46:46,793 [ genlib ] [ INFO ] Checking atom OE2
2026-04-23 20:46:46,793 [ genlib ] [ INFO ] No partner found for atom OE2
2026-04-23 20:46:46,793 [ genlib ] [ INFO ] Searching order 5
2026-04-23 20:46:46,793 [ genlib ] [ INFO ] Searching order 6
2026-04-23 20:46:46,793 [ genlib ] [ INFO ] Searching order 7
2026-04-23 20:46:46,796 [ genlib ] [ INFO ] Updating bond lists
2026-04-23 20:46:46,796 [ genlib ] [ INFO ] Updating dihedrals
2026-04-23 20:46:46,796 [ genlib ] [ INFO ] Updating impropers
2026-04-23 20:46:46,796 [ genlib ] [ INFO ] Building library files for GLU --> LYS mutant
2026-04-23 20:46:46,797 [ genlib ] [ INFO ] reading rtp file "aminoacids.rtp"
2026-04-23 20:46:46,840 [ genlib ] [ INFO ] ENTERED SIMPLE
2026-04-23 20:46:46,840 [ genlib ] [ INFO ] Making atom pairs
2026-04-23 20:46:46,841 [ genlib ] [ INFO ] Searching branch 1
2026-04-23 20:46:46,841 [ genlib ] [ INFO ] Searching order 2
2026-04-23 20:46:46,841 [ genlib ] [ INFO ] Checking atom 1HB
2026-04-23 20:46:46,841 [ genlib ] [ INFO ] Define atom pair: GLU|1HB|HC|H         - > LYS|1HB|HC|H         (d = 0.20 A)
2026-04-23 20:46:46,841 [ genlib ] [ INFO ] Checking atom 2HB
2026-04-23 20:46:46,841 [ genlib ] [ INFO ] Define atom pair: GLU|2HB|HC|H         - > LYS|2HB|HC|H         (d = 0.20 A)
2026-04-23 20:46:46,841 [ genlib ] [ INFO ] Checking atom CG
2026-04-23 20:46:46,841 [ genlib ] [ INFO ] Define atom pair: GLU|CG|2C|C.3        - > LYS|CG|C8|C.3        (d = 0.17 A)
2026-04-23 20:46:46,841 [ genlib ] [ INFO ] Searching order 3
2026-04-23 20:46:46,841 [ genlib ] [ INFO ] Checking atom 1HG
2026-04-23 20:46:46,841 [ genlib ] [ INFO ] Define atom pair: GLU|1HG|HC|H         - > LYS|1HG|HC|H         (d = 0.28 A)
2026-04-23 20:46:46,841 [ genlib ] [ INFO ] Checking atom 2HG
2026-04-23 20:46:46,841 [ genlib ] [ INFO ] Define atom pair: GLU|2HG|HC|H         - > LYS|2HG|HC|H         (d = 0.19 A)
2026-04-23 20:46:46,841 [ genlib ] [ INFO ] Checking atom CD
2026-04-23 20:46:46,841 [ genlib ] [ INFO ] Define atom pair: GLU|CD|CO|C.2        - > LYS|CD|C8|C.3        (d = 0.18 A)
2026-04-23 20:46:46,841 [ genlib ] [ INFO ] Searching order 4
2026-04-23 20:46:46,841 [ genlib ] [ INFO ] Checking atom OE1
2026-04-23 20:46:46,841 [ genlib ] [ INFO ] Define atom pair: GLU|OE1|O2|O.co2     - > LYS|CE|C8|C.3        (d = 0.30 A)
2026-04-23 20:46:46,841 [ genlib ] [ INFO ] Checking atom OE2
2026-04-23 20:46:46,841 [ genlib ] [ INFO ] No partner found for atom OE2
2026-04-23 20:46:46,841 [ genlib ] [ INFO ] Searching order 5
2026-04-23 20:46:46,841 [ genlib ] [ INFO ] Searching order 6
2026-04-23 20:46:46,841 [ genlib ] [ INFO ] Searching order 7
2026-04-23 20:46:46,841 [ genlib ] [ INFO ] Searching branch 2
2026-04-23 20:46:46,841 [ genlib ] [ INFO ] Searching order 2
2026-04-23 20:46:46,841 [ genlib ] [ INFO ] Searching order 3
2026-04-23 20:46:46,841 [ genlib ] [ INFO ] Searching order 4
2026-04-23 20:46:46,841 [ genlib ] [ INFO ] Checking atom OE2
2026-04-23 20:46:46,841 [ genlib ] [ INFO ] No partner found for atom OE2
2026-04-23 20:46:46,841 [ genlib ] [ INFO ] Searching order 5
2026-04-23 20:46:46,841 [ genlib ] [ INFO ] Searching order 6
2026-04-23 20:46:46,841 [ genlib ] [ INFO ] Searching order 7
2026-04-23 20:46:46,844 [ genlib ] [ INFO ] Updating bond lists
2026-04-23 20:46:46,844 [ genlib ] [ INFO ] Updating dihedrals
2026-04-23 20:46:46,844 [ genlib ] [ INFO ] Updating impropers
2026-04-23 20:46:46,845 [ genlib ] [ INFO ] Building library files for GLU --> MET mutant
2026-04-23 20:46:46,845 [ genlib ] [ INFO ] reading rtp file "aminoacids.rtp"
2026-04-23 20:46:46,888 [ genlib ] [ INFO ] ENTERED SIMPLE
2026-04-23 20:46:46,888 [ genlib ] [ INFO ] Making atom pairs
2026-04-23 20:46:46,888 [ genlib ] [ INFO ] Searching branch 1
2026-04-23 20:46:46,888 [ genlib ] [ INFO ] Searching order 2
2026-04-23 20:46:46,888 [ genlib ] [ INFO ] Checking atom 1HB
2026-04-23 20:46:46,888 [ genlib ] [ INFO ] Define atom pair: GLU|1HB|HC|H         - > MET|1HB|HC|H         (d = 0.20 A)
2026-04-23 20:46:46,888 [ genlib ] [ INFO ] Checking atom 2HB
2026-04-23 20:46:46,888 [ genlib ] [ INFO ] Define atom pair: GLU|2HB|HC|H         - > MET|2HB|HC|H         (d = 0.20 A)
2026-04-23 20:46:46,888 [ genlib ] [ INFO ] Checking atom CG
2026-04-23 20:46:46,888 [ genlib ] [ INFO ] Define atom pair: GLU|CG|2C|C.3        - > MET|CG|2C|C.3        (d = 0.12 A)
2026-04-23 20:46:46,888 [ genlib ] [ INFO ] Searching order 3
2026-04-23 20:46:46,888 [ genlib ] [ INFO ] Checking atom 1HG
2026-04-23 20:46:46,888 [ genlib ] [ INFO ] Define atom pair: GLU|1HG|HC|H         - > MET|1HG|H1|H         (d = 0.19 A)
2026-04-23 20:46:46,888 [ genlib ] [ INFO ] Checking atom 2HG
2026-04-23 20:46:46,888 [ genlib ] [ INFO ] Define atom pair: GLU|2HG|HC|H         - > MET|2HG|H1|H         (d = 0.18 A)
2026-04-23 20:46:46,888 [ genlib ] [ INFO ] Checking atom CD
2026-04-23 20:46:46,888 [ genlib ] [ INFO ] Define atom pair: GLU|CD|CO|C.2        - > MET|SD|S|S.3         (d = 0.23 A)
2026-04-23 20:46:46,888 [ genlib ] [ INFO ] Searching order 4
2026-04-23 20:46:46,889 [ genlib ] [ INFO ] Checking atom OE1
2026-04-23 20:46:46,889 [ genlib ] [ INFO ] No partner found for atom OE1
2026-04-23 20:46:46,889 [ genlib ] [ INFO ] Checking atom OE2
2026-04-23 20:46:46,889 [ genlib ] [ INFO ] No partner found for atom OE2
2026-04-23 20:46:46,889 [ genlib ] [ INFO ] Searching order 5
2026-04-23 20:46:46,889 [ genlib ] [ INFO ] Searching order 6
2026-04-23 20:46:46,889 [ genlib ] [ INFO ] Searching order 7
2026-04-23 20:46:46,889 [ genlib ] [ INFO ] Searching branch 2
2026-04-23 20:46:46,889 [ genlib ] [ INFO ] Searching order 2
2026-04-23 20:46:46,889 [ genlib ] [ INFO ] Searching order 3
2026-04-23 20:46:46,889 [ genlib ] [ INFO ] Searching order 4
2026-04-23 20:46:46,889 [ genlib ] [ INFO ] Checking atom OE1
2026-04-23 20:46:46,889 [ genlib ] [ INFO ] No partner found for atom OE1
2026-04-23 20:46:46,889 [ genlib ] [ INFO ] Checking atom OE2
2026-04-23 20:46:46,889 [ genlib ] [ INFO ] No partner found for atom OE2
2026-04-23 20:46:46,889 [ genlib ] [ INFO ] Searching order 5
2026-04-23 20:46:46,889 [ genlib ] [ INFO ] Searching order 6
2026-04-23 20:46:46,889 [ genlib ] [ INFO ] Searching order 7
2026-04-23 20:46:46,890 [ genlib ] [ INFO ] Updating bond lists
2026-04-23 20:46:46,890 [ genlib ] [ INFO ] Updating dihedrals
2026-04-23 20:46:46,890 [ genlib ] [ INFO ] Updating impropers
2026-04-23 20:46:46,891 [ genlib ] [ INFO ] Building library files for GLU --> PHE mutant
2026-04-23 20:46:46,891 [ genlib ] [ INFO ] reading rtp file "aminoacids.rtp"
2026-04-23 20:46:46,934 [ genlib ] [ INFO ] ENTERED RINGS
2026-04-23 20:46:46,935 [ genlib ] [ INFO ] Making atom pairs
2026-04-23 20:46:46,939 [ genlib ] [ INFO ] Updating bond lists
2026-04-23 20:46:46,939 [ genlib ] [ INFO ] Updating dihedrals
2026-04-23 20:46:46,939 [ genlib ] [ INFO ] Updating impropers
2026-04-23 20:46:46,939 [ genlib ] [ INFO ] Building library files for GLU --> PRO mutant
2026-04-23 20:46:46,940 [ genlib ] [ INFO ] reading rtp file "aminoacids.rtp"
2026-04-23 20:46:46,983 [ genlib ] [ INFO ] ENTERED P
2026-04-23 20:46:46,983 [ genlib ] [ INFO ] Making atom pairs
2026-04-23 20:46:46,986 [ genlib ] [ INFO ] Updating bond lists
2026-04-23 20:46:46,986 [ genlib ] [ INFO ] Updating dihedrals
2026-04-23 20:46:46,986 [ genlib ] [ INFO ] Updating impropers
2026-04-23 20:46:46,986 [ genlib ] [ INFO ] Building library files for GLU --> SER mutant
2026-04-23 20:46:46,987 [ genlib ] [ INFO ] reading rtp file "aminoacids.rtp"
2026-04-23 20:46:47,030 [ genlib ] [ INFO ] ENTERED SIMPLE
2026-04-23 20:46:47,030 [ genlib ] [ INFO ] Making atom pairs
2026-04-23 20:46:47,030 [ genlib ] [ INFO ] Searching branch 1
2026-04-23 20:46:47,030 [ genlib ] [ INFO ] Searching order 2
2026-04-23 20:46:47,030 [ genlib ] [ INFO ] Checking atom 1HB
2026-04-23 20:46:47,030 [ genlib ] [ INFO ] Define atom pair: GLU|1HB|HC|H         - > SER|1HB|H1|H         (d = 0.07 A)
2026-04-23 20:46:47,030 [ genlib ] [ INFO ] Checking atom 2HB
2026-04-23 20:46:47,030 [ genlib ] [ INFO ] Define atom pair: GLU|2HB|HC|H         - > SER|2HB|H1|H         (d = 0.07 A)
2026-04-23 20:46:47,030 [ genlib ] [ INFO ] Checking atom CG
2026-04-23 20:46:47,030 [ genlib ] [ INFO ] Define atom pair: GLU|CG|2C|C.3        - > SER|OG|OH|O.3        (d = 0.16 A)
2026-04-23 20:46:47,030 [ genlib ] [ INFO ] Searching order 3
2026-04-23 20:46:47,031 [ genlib ] [ INFO ] Checking atom 1HG
2026-04-23 20:46:47,031 [ genlib ] [ INFO ] No partner found for atom 1HG
2026-04-23 20:46:47,031 [ genlib ] [ INFO ] Checking atom 2HG
2026-04-23 20:46:47,031 [ genlib ] [ INFO ] No partner found for atom 2HG
2026-04-23 20:46:47,031 [ genlib ] [ INFO ] Checking atom CD
2026-04-23 20:46:47,031 [ genlib ] [ INFO ] No partner found for atom CD
2026-04-23 20:46:47,031 [ genlib ] [ INFO ] Searching order 4
2026-04-23 20:46:47,031 [ genlib ] [ INFO ] Searching order 5
2026-04-23 20:46:47,031 [ genlib ] [ INFO ] Searching order 6
2026-04-23 20:46:47,031 [ genlib ] [ INFO ] Searching order 7
2026-04-23 20:46:47,031 [ genlib ] [ INFO ] Searching branch 2
2026-04-23 20:46:47,031 [ genlib ] [ INFO ] Searching order 2
2026-04-23 20:46:47,031 [ genlib ] [ INFO ] Searching order 3
2026-04-23 20:46:47,031 [ genlib ] [ INFO ] Checking atom 1HG
2026-04-23 20:46:47,031 [ genlib ] [ INFO ] No partner found for atom 1HG
2026-04-23 20:46:47,031 [ genlib ] [ INFO ] Checking atom 2HG
2026-04-23 20:46:47,031 [ genlib ] [ INFO ] No partner found for atom 2HG
2026-04-23 20:46:47,031 [ genlib ] [ INFO ] Checking atom CD
2026-04-23 20:46:47,031 [ genlib ] [ INFO ] No partner found for atom CD
2026-04-23 20:46:47,031 [ genlib ] [ INFO ] Searching order 4
2026-04-23 20:46:47,031 [ genlib ] [ INFO ] Searching order 5
2026-04-23 20:46:47,031 [ genlib ] [ INFO ] Searching order 6
2026-04-23 20:46:47,031 [ genlib ] [ INFO ] Searching order 7
2026-04-23 20:46:47,031 [ genlib ] [ INFO ] Updating bond lists
2026-04-23 20:46:47,031 [ genlib ] [ INFO ] Updating dihedrals
2026-04-23 20:46:47,031 [ genlib ] [ INFO ] Updating impropers
2026-04-23 20:46:47,032 [ genlib ] [ INFO ] Building library files for GLU --> THR mutant
2026-04-23 20:46:47,032 [ genlib ] [ INFO ] reading rtp file "aminoacids.rtp"
2026-04-23 20:46:47,075 [ genlib ] [ INFO ] ENTERED SIMPLE
2026-04-23 20:46:47,075 [ genlib ] [ INFO ] Making atom pairs
2026-04-23 20:46:47,075 [ genlib ] [ INFO ] Searching branch 1
2026-04-23 20:46:47,075 [ genlib ] [ INFO ] Searching order 2
2026-04-23 20:46:47,075 [ genlib ] [ INFO ] Checking atom 1HB
2026-04-23 20:46:47,075 [ genlib ] [ INFO ] Define atom pair: GLU|1HB|HC|H         - > THR|HB|H1|H          (d = 0.11 A)
2026-04-23 20:46:47,075 [ genlib ] [ INFO ] Checking atom 2HB
2026-04-23 20:46:47,075 [ genlib ] [ INFO ] No partner found for atom 2HB
2026-04-23 20:46:47,075 [ genlib ] [ INFO ] Checking atom CG
2026-04-23 20:46:47,075 [ genlib ] [ INFO ] Define atom pair: GLU|CG|2C|C.3        - > THR|OG1|OH|O.3       (d = 0.22 A)
2026-04-23 20:46:47,075 [ genlib ] [ INFO ] Searching order 3
2026-04-23 20:46:47,075 [ genlib ] [ INFO ] Checking atom 1HG
2026-04-23 20:46:47,075 [ genlib ] [ INFO ] No partner found for atom 1HG
2026-04-23 20:46:47,075 [ genlib ] [ INFO ] Checking atom 2HG
2026-04-23 20:46:47,075 [ genlib ] [ INFO ] No partner found for atom 2HG
2026-04-23 20:46:47,075 [ genlib ] [ INFO ] Checking atom CD
2026-04-23 20:46:47,075 [ genlib ] [ INFO ] No partner found for atom CD
2026-04-23 20:46:47,075 [ genlib ] [ INFO ] Searching order 4
2026-04-23 20:46:47,076 [ genlib ] [ INFO ] Searching order 5
2026-04-23 20:46:47,076 [ genlib ] [ INFO ] Searching order 6
2026-04-23 20:46:47,076 [ genlib ] [ INFO ] Searching order 7
2026-04-23 20:46:47,076 [ genlib ] [ INFO ] Searching branch 2
2026-04-23 20:46:47,076 [ genlib ] [ INFO ] Searching order 2
2026-04-23 20:46:47,076 [ genlib ] [ INFO ] Checking atom 2HB
2026-04-23 20:46:47,076 [ genlib ] [ INFO ] No partner found for atom 2HB
2026-04-23 20:46:47,076 [ genlib ] [ INFO ] Searching order 3
2026-04-23 20:46:47,076 [ genlib ] [ INFO ] Checking atom 1HG
2026-04-23 20:46:47,076 [ genlib ] [ INFO ] No partner found for atom 1HG
2026-04-23 20:46:47,076 [ genlib ] [ INFO ] Checking atom 2HG
2026-04-23 20:46:47,076 [ genlib ] [ INFO ] No partner found for atom 2HG
2026-04-23 20:46:47,076 [ genlib ] [ INFO ] Checking atom CD
2026-04-23 20:46:47,076 [ genlib ] [ INFO ] No partner found for atom CD
2026-04-23 20:46:47,076 [ genlib ] [ INFO ] Searching order 4
2026-04-23 20:46:47,076 [ genlib ] [ INFO ] Searching order 5
2026-04-23 20:46:47,076 [ genlib ] [ INFO ] Searching order 6
2026-04-23 20:46:47,076 [ genlib ] [ INFO ] Searching order 7
2026-04-23 20:46:47,077 [ genlib ] [ INFO ] Updating bond lists
2026-04-23 20:46:47,077 [ genlib ] [ INFO ] Updating dihedrals
2026-04-23 20:46:47,077 [ genlib ] [ INFO ] Updating impropers
2026-04-23 20:46:47,078 [ genlib ] [ INFO ] Building library files for GLU --> TRP mutant
2026-04-23 20:46:47,078 [ genlib ] [ INFO ] reading rtp file "aminoacids.rtp"
2026-04-23 20:46:47,121 [ genlib ] [ INFO ] ENTERED RINGS
2026-04-23 20:46:47,121 [ genlib ] [ INFO ] Making atom pairs
2026-04-23 20:46:47,128 [ genlib ] [ INFO ] Updating bond lists
2026-04-23 20:46:47,128 [ genlib ] [ INFO ] Updating dihedrals
2026-04-23 20:46:47,128 [ genlib ] [ INFO ] Updating impropers
2026-04-23 20:46:47,129 [ genlib ] [ INFO ] Building library files for GLU --> TYR mutant
2026-04-23 20:46:47,129 [ genlib ] [ INFO ] reading rtp file "aminoacids.rtp"
2026-04-23 20:46:47,172 [ genlib ] [ INFO ] ENTERED RINGS
2026-04-23 20:46:47,173 [ genlib ] [ INFO ] Making atom pairs
2026-04-23 20:46:47,177 [ genlib ] [ INFO ] Updating bond lists
2026-04-23 20:46:47,177 [ genlib ] [ INFO ] Updating dihedrals
2026-04-23 20:46:47,177 [ genlib ] [ INFO ] Updating impropers
2026-04-23 20:46:47,178 [ genlib ] [ INFO ] Building library files for GLU --> VAL mutant
2026-04-23 20:46:47,179 [ genlib ] [ INFO ] reading rtp file "aminoacids.rtp"
2026-04-23 20:46:47,222 [ genlib ] [ INFO ] ENTERED SIMPLE
2026-04-23 20:46:47,222 [ genlib ] [ INFO ] Making atom pairs
2026-04-23 20:46:47,222 [ genlib ] [ INFO ] Searching branch 1
2026-04-23 20:46:47,222 [ genlib ] [ INFO ] Searching order 2
2026-04-23 20:46:47,222 [ genlib ] [ INFO ] Checking atom 1HB
2026-04-23 20:46:47,222 [ genlib ] [ INFO ] Define atom pair: GLU|1HB|HC|H         - > VAL|HB|HC|H          (d = 0.02 A)
2026-04-23 20:46:47,222 [ genlib ] [ INFO ] Checking atom 2HB
2026-04-23 20:46:47,222 [ genlib ] [ INFO ] Define atom pair: GLU|2HB|HC|H         - > VAL|CG1|CT|C.3       (d = 0.49 A)
2026-04-23 20:46:47,222 [ genlib ] [ INFO ] Checking atom CG
2026-04-23 20:46:47,222 [ genlib ] [ INFO ] Define atom pair: GLU|CG|2C|C.3        - > VAL|CG2|CT|C.3       (d = 0.07 A)
2026-04-23 20:46:47,222 [ genlib ] [ INFO ] Searching order 3
2026-04-23 20:46:47,222 [ genlib ] [ INFO ] Checking atom 1HG
2026-04-23 20:46:47,222 [ genlib ] [ INFO ] Define atom pair: GLU|1HG|HC|H         - > VAL|2HG2|HC|H        (d = 0.11 A)
2026-04-23 20:46:47,222 [ genlib ] [ INFO ] Checking atom 2HG
2026-04-23 20:46:47,222 [ genlib ] [ INFO ] Define atom pair: GLU|2HG|HC|H         - > VAL|3HG2|HC|H        (d = 0.12 A)
2026-04-23 20:46:47,222 [ genlib ] [ INFO ] Checking atom CD
2026-04-23 20:46:47,222 [ genlib ] [ INFO ] Define atom pair: GLU|CD|CO|C.2        - > VAL|1HG2|HC|H        (d = 0.43 A)
2026-04-23 20:46:47,222 [ genlib ] [ INFO ] Searching order 4
2026-04-23 20:46:47,222 [ genlib ] [ INFO ] Checking atom OE1
2026-04-23 20:46:47,222 [ genlib ] [ INFO ] No partner found for atom OE1
2026-04-23 20:46:47,222 [ genlib ] [ INFO ] Checking atom OE2
2026-04-23 20:46:47,222 [ genlib ] [ INFO ] No partner found for atom OE2
2026-04-23 20:46:47,222 [ genlib ] [ INFO ] Searching order 5
2026-04-23 20:46:47,222 [ genlib ] [ INFO ] Searching order 6
2026-04-23 20:46:47,222 [ genlib ] [ INFO ] Searching order 7
2026-04-23 20:46:47,222 [ genlib ] [ INFO ] Searching branch 2
2026-04-23 20:46:47,222 [ genlib ] [ INFO ] Searching order 2
2026-04-23 20:46:47,222 [ genlib ] [ INFO ] Searching order 3
2026-04-23 20:46:47,222 [ genlib ] [ INFO ] Searching order 4
2026-04-23 20:46:47,222 [ genlib ] [ INFO ] Checking atom OE1
2026-04-23 20:46:47,222 [ genlib ] [ INFO ] No partner found for atom OE1
2026-04-23 20:46:47,222 [ genlib ] [ INFO ] Checking atom OE2
2026-04-23 20:46:47,222 [ genlib ] [ INFO ] No partner found for atom OE2
2026-04-23 20:46:47,222 [ genlib ] [ INFO ] Searching order 5
2026-04-23 20:46:47,222 [ genlib ] [ INFO ] Searching order 6
2026-04-23 20:46:47,222 [ genlib ] [ INFO ] Searching order 7
2026-04-23 20:46:47,224 [ genlib ] [ INFO ] Updating bond lists
2026-04-23 20:46:47,224 [ genlib ] [ INFO ] Updating dihedrals
2026-04-23 20:46:47,224 [ genlib ] [ INFO ] Updating impropers
2026-04-23 20:46:47,225 [ genlib ] [ INFO ] Building library files for GLY --> ALA mutant
2026-04-23 20:46:47,225 [ genlib ] [ INFO ] reading rtp file "aminoacids.rtp"
2026-04-23 20:46:47,268 [ genlib ] [ INFO ] ENTERED G
2026-04-23 20:46:47,268 [ genlib ] [ INFO ] Making atom pairs
2026-04-23 20:46:47,269 [ genlib ] [ INFO ] Updating bond lists
2026-04-23 20:46:47,269 [ genlib ] [ INFO ] Updating dihedrals
2026-04-23 20:46:47,269 [ genlib ] [ INFO ] Updating impropers
2026-04-23 20:46:47,269 [ genlib ] [ INFO ] Building library files for GLY --> ARG mutant
2026-04-23 20:46:47,270 [ genlib ] [ INFO ] reading rtp file "aminoacids.rtp"
2026-04-23 20:46:47,313 [ genlib ] [ INFO ] ENTERED G
2026-04-23 20:46:47,313 [ genlib ] [ INFO ] Making atom pairs
2026-04-23 20:46:47,321 [ genlib ] [ INFO ] Updating bond lists
2026-04-23 20:46:47,322 [ genlib ] [ INFO ] Updating dihedrals
2026-04-23 20:46:47,322 [ genlib ] [ INFO ] Updating impropers
2026-04-23 20:46:47,322 [ genlib ] [ INFO ] Building library files for GLY --> ASH mutant
2026-04-23 20:46:47,322 [ genlib ] [ INFO ] reading rtp file "aminoacids.rtp"
2026-04-23 20:46:47,365 [ genlib ] [ INFO ] ENTERED G
2026-04-23 20:46:47,365 [ genlib ] [ INFO ] Making atom pairs
2026-04-23 20:46:47,368 [ genlib ] [ INFO ] Updating bond lists
2026-04-23 20:46:47,368 [ genlib ] [ INFO ] Updating dihedrals
2026-04-23 20:46:47,368 [ genlib ] [ INFO ] Updating impropers
2026-04-23 20:46:47,368 [ genlib ] [ INFO ] Building library files for GLY --> ASN mutant
2026-04-23 20:46:47,368 [ genlib ] [ INFO ] reading rtp file "aminoacids.rtp"
2026-04-23 20:46:47,412 [ genlib ] [ INFO ] ENTERED G
2026-04-23 20:46:47,412 [ genlib ] [ INFO ] Making atom pairs
2026-04-23 20:46:47,414 [ genlib ] [ INFO ] Updating bond lists
2026-04-23 20:46:47,414 [ genlib ] [ INFO ] Updating dihedrals
2026-04-23 20:46:47,414 [ genlib ] [ INFO ] Updating impropers
2026-04-23 20:46:47,415 [ genlib ] [ INFO ] Building library files for GLY --> ASP mutant
2026-04-23 20:46:47,415 [ genlib ] [ INFO ] reading rtp file "aminoacids.rtp"
2026-04-23 20:46:47,459 [ genlib ] [ INFO ] ENTERED G
2026-04-23 20:46:47,459 [ genlib ] [ INFO ] Making atom pairs
2026-04-23 20:46:47,461 [ genlib ] [ INFO ] Updating bond lists
2026-04-23 20:46:47,462 [ genlib ] [ INFO ] Updating dihedrals
2026-04-23 20:46:47,462 [ genlib ] [ INFO ] Updating impropers
2026-04-23 20:46:47,462 [ genlib ] [ INFO ] Building library files for GLY --> CYS mutant
2026-04-23 20:46:47,462 [ genlib ] [ INFO ] reading rtp file "aminoacids.rtp"
2026-04-23 20:46:47,505 [ genlib ] [ INFO ] ENTERED G
2026-04-23 20:46:47,505 [ genlib ] [ INFO ] Making atom pairs
2026-04-23 20:46:47,507 [ genlib ] [ INFO ] Updating bond lists
2026-04-23 20:46:47,507 [ genlib ] [ INFO ] Updating dihedrals
2026-04-23 20:46:47,507 [ genlib ] [ INFO ] Updating impropers
2026-04-23 20:46:47,507 [ genlib ] [ INFO ] Building library files for GLY --> GLH mutant
2026-04-23 20:46:47,507 [ genlib ] [ INFO ] reading rtp file "aminoacids.rtp"
2026-04-23 20:46:47,550 [ genlib ] [ INFO ] ENTERED G
2026-04-23 20:46:47,550 [ genlib ] [ INFO ] Making atom pairs
2026-04-23 20:46:47,553 [ genlib ] [ INFO ] Updating bond lists
2026-04-23 20:46:47,553 [ genlib ] [ INFO ] Updating dihedrals
2026-04-23 20:46:47,553 [ genlib ] [ INFO ] Updating impropers
2026-04-23 20:46:47,554 [ genlib ] [ INFO ] Building library files for GLY --> GLN mutant
2026-04-23 20:46:47,554 [ genlib ] [ INFO ] reading rtp file "aminoacids.rtp"
2026-04-23 20:46:47,597 [ genlib ] [ INFO ] ENTERED G
2026-04-23 20:46:47,597 [ genlib ] [ INFO ] Making atom pairs
2026-04-23 20:46:47,601 [ genlib ] [ INFO ] Updating bond lists
2026-04-23 20:46:47,601 [ genlib ] [ INFO ] Updating dihedrals
2026-04-23 20:46:47,601 [ genlib ] [ INFO ] Updating impropers
2026-04-23 20:46:47,601 [ genlib ] [ INFO ] Building library files for GLY --> GLU mutant
2026-04-23 20:46:47,602 [ genlib ] [ INFO ] reading rtp file "aminoacids.rtp"
2026-04-23 20:46:47,645 [ genlib ] [ INFO ] ENTERED G
2026-04-23 20:46:47,645 [ genlib ] [ INFO ] Making atom pairs
2026-04-23 20:46:47,648 [ genlib ] [ INFO ] Updating bond lists
2026-04-23 20:46:47,648 [ genlib ] [ INFO ] Updating dihedrals
2026-04-23 20:46:47,648 [ genlib ] [ INFO ] Updating impropers
2026-04-23 20:46:47,648 [ genlib ] [ INFO ] Building library files for GLY --> HID mutant
2026-04-23 20:46:47,649 [ genlib ] [ INFO ] reading rtp file "aminoacids.rtp"
2026-04-23 20:46:47,691 [ genlib ] [ INFO ] ENTERED G
2026-04-23 20:46:47,691 [ genlib ] [ INFO ] Making atom pairs
2026-04-23 20:46:47,696 [ genlib ] [ INFO ] Updating bond lists
2026-04-23 20:46:47,696 [ genlib ] [ INFO ] Updating dihedrals
2026-04-23 20:46:47,696 [ genlib ] [ INFO ] Updating impropers
2026-04-23 20:46:47,696 [ genlib ] [ INFO ] Building library files for GLY --> HIE mutant
2026-04-23 20:46:47,697 [ genlib ] [ INFO ] reading rtp file "aminoacids.rtp"
2026-04-23 20:46:47,740 [ genlib ] [ INFO ] ENTERED G
2026-04-23 20:46:47,740 [ genlib ] [ INFO ] Making atom pairs
2026-04-23 20:46:47,744 [ genlib ] [ INFO ] Updating bond lists
2026-04-23 20:46:47,744 [ genlib ] [ INFO ] Updating dihedrals
2026-04-23 20:46:47,744 [ genlib ] [ INFO ] Updating impropers
2026-04-23 20:46:47,744 [ genlib ] [ INFO ] Building library files for GLY --> HIP mutant
2026-04-23 20:46:47,745 [ genlib ] [ INFO ] reading rtp file "aminoacids.rtp"
2026-04-23 20:46:47,787 [ genlib ] [ INFO ] ENTERED G
2026-04-23 20:46:47,787 [ genlib ] [ INFO ] Making atom pairs
2026-04-23 20:46:47,792 [ genlib ] [ INFO ] Updating bond lists
2026-04-23 20:46:47,792 [ genlib ] [ INFO ] Updating dihedrals
2026-04-23 20:46:47,792 [ genlib ] [ INFO ] Updating impropers
2026-04-23 20:46:47,792 [ genlib ] [ INFO ] Building library files for GLY --> ILE mutant
2026-04-23 20:46:47,793 [ genlib ] [ INFO ] reading rtp file "aminoacids.rtp"
2026-04-23 20:46:47,836 [ genlib ] [ INFO ] ENTERED G
2026-04-23 20:46:47,836 [ genlib ] [ INFO ] Making atom pairs
2026-04-23 20:46:47,841 [ genlib ] [ INFO ] Updating bond lists
2026-04-23 20:46:47,841 [ genlib ] [ INFO ] Updating dihedrals
2026-04-23 20:46:47,841 [ genlib ] [ INFO ] Updating impropers
2026-04-23 20:46:47,841 [ genlib ] [ INFO ] Building library files for GLY --> LEU mutant
2026-04-23 20:46:47,842 [ genlib ] [ INFO ] reading rtp file "aminoacids.rtp"
2026-04-23 20:46:47,886 [ genlib ] [ INFO ] ENTERED G
2026-04-23 20:46:47,886 [ genlib ] [ INFO ] Making atom pairs
2026-04-23 20:46:47,892 [ genlib ] [ INFO ] Updating bond lists
2026-04-23 20:46:47,892 [ genlib ] [ INFO ] Updating dihedrals
2026-04-23 20:46:47,892 [ genlib ] [ INFO ] Updating impropers
2026-04-23 20:46:47,892 [ genlib ] [ INFO ] Building library files for GLY --> LYN mutant
2026-04-23 20:46:47,893 [ genlib ] [ INFO ] reading rtp file "aminoacids.rtp"
2026-04-23 20:46:47,937 [ genlib ] [ INFO ] ENTERED G
2026-04-23 20:46:47,937 [ genlib ] [ INFO ] Making atom pairs
2026-04-23 20:46:47,944 [ genlib ] [ INFO ] Updating bond lists
2026-04-23 20:46:47,944 [ genlib ] [ INFO ] Updating dihedrals
2026-04-23 20:46:47,944 [ genlib ] [ INFO ] Updating impropers
2026-04-23 20:46:47,944 [ genlib ] [ INFO ] Building library files for GLY --> LYS mutant
2026-04-23 20:46:47,945 [ genlib ] [ INFO ] reading rtp file "aminoacids.rtp"
2026-04-23 20:46:47,989 [ genlib ] [ INFO ] ENTERED G
2026-04-23 20:46:47,989 [ genlib ] [ INFO ] Making atom pairs
2026-04-23 20:46:47,996 [ genlib ] [ INFO ] Updating bond lists
2026-04-23 20:46:47,996 [ genlib ] [ INFO ] Updating dihedrals
2026-04-23 20:46:47,996 [ genlib ] [ INFO ] Updating impropers
2026-04-23 20:46:47,996 [ genlib ] [ INFO ] Building library files for GLY --> MET mutant
2026-04-23 20:46:47,997 [ genlib ] [ INFO ] reading rtp file "aminoacids.rtp"
2026-04-23 20:46:48,045 [ genlib ] [ INFO ] ENTERED G
2026-04-23 20:46:48,045 [ genlib ] [ INFO ] Making atom pairs
2026-04-23 20:46:48,049 [ genlib ] [ INFO ] Updating bond lists
2026-04-23 20:46:48,049 [ genlib ] [ INFO ] Updating dihedrals
2026-04-23 20:46:48,049 [ genlib ] [ INFO ] Updating impropers
2026-04-23 20:46:48,050 [ genlib ] [ INFO ] Building library files for GLY --> PHE mutant
2026-04-23 20:46:48,050 [ genlib ] [ INFO ] reading rtp file "aminoacids.rtp"
2026-04-23 20:46:48,094 [ genlib ] [ INFO ] ENTERED G
2026-04-23 20:46:48,094 [ genlib ] [ INFO ] Making atom pairs
2026-04-23 20:46:48,100 [ genlib ] [ INFO ] Updating bond lists
2026-04-23 20:46:48,101 [ genlib ] [ INFO ] Updating dihedrals
2026-04-23 20:46:48,101 [ genlib ] [ INFO ] Updating impropers
2026-04-23 20:46:48,101 [ genlib ] [ INFO ] Building library files for GLY --> PRO mutant
2026-04-23 20:46:48,101 [ genlib ] [ INFO ] reading rtp file "aminoacids.rtp"
2026-04-23 20:46:48,144 [ genlib ] [ INFO ] ENTERED P
2026-04-23 20:46:48,144 [ genlib ] [ INFO ] subENTERED G
2026-04-23 20:46:48,144 [ genlib ] [ INFO ] Making atom pairs
2026-04-23 20:46:48,147 [ genlib ] [ INFO ] Updating bond lists
2026-04-23 20:46:48,147 [ genlib ] [ INFO ] Updating dihedrals
2026-04-23 20:46:48,147 [ genlib ] [ INFO ] Updating impropers
2026-04-23 20:46:48,147 [ genlib ] [ INFO ] Building library files for GLY --> SER mutant
2026-04-23 20:46:48,148 [ genlib ] [ INFO ] reading rtp file "aminoacids.rtp"
2026-04-23 20:46:48,191 [ genlib ] [ INFO ] ENTERED G
2026-04-23 20:46:48,191 [ genlib ] [ INFO ] Making atom pairs
2026-04-23 20:46:48,193 [ genlib ] [ INFO ] Updating bond lists
2026-04-23 20:46:48,193 [ genlib ] [ INFO ] Updating dihedrals
2026-04-23 20:46:48,193 [ genlib ] [ INFO ] Updating impropers
2026-04-23 20:46:48,193 [ genlib ] [ INFO ] Building library files for GLY --> THR mutant
2026-04-23 20:46:48,194 [ genlib ] [ INFO ] reading rtp file "aminoacids.rtp"
2026-04-23 20:46:48,236 [ genlib ] [ INFO ] ENTERED G
2026-04-23 20:46:48,237 [ genlib ] [ INFO ] Making atom pairs
2026-04-23 20:46:48,239 [ genlib ] [ INFO ] Updating bond lists
2026-04-23 20:46:48,239 [ genlib ] [ INFO ] Updating dihedrals
2026-04-23 20:46:48,239 [ genlib ] [ INFO ] Updating impropers
2026-04-23 20:46:48,240 [ genlib ] [ INFO ] Building library files for GLY --> TRP mutant
2026-04-23 20:46:48,240 [ genlib ] [ INFO ] reading rtp file "aminoacids.rtp"
2026-04-23 20:46:48,283 [ genlib ] [ INFO ] ENTERED G
2026-04-23 20:46:48,283 [ genlib ] [ INFO ] Making atom pairs
2026-04-23 20:46:48,292 [ genlib ] [ INFO ] Updating bond lists
2026-04-23 20:46:48,292 [ genlib ] [ INFO ] Updating dihedrals
2026-04-23 20:46:48,292 [ genlib ] [ INFO ] Updating impropers
2026-04-23 20:46:48,292 [ genlib ] [ INFO ] Building library files for GLY --> TYR mutant
2026-04-23 20:46:48,293 [ genlib ] [ INFO ] reading rtp file "aminoacids.rtp"
2026-04-23 20:46:48,336 [ genlib ] [ INFO ] ENTERED G
2026-04-23 20:46:48,336 [ genlib ] [ INFO ] Making atom pairs
2026-04-23 20:46:48,343 [ genlib ] [ INFO ] Updating bond lists
2026-04-23 20:46:48,343 [ genlib ] [ INFO ] Updating dihedrals
2026-04-23 20:46:48,343 [ genlib ] [ INFO ] Updating impropers
2026-04-23 20:46:48,344 [ genlib ] [ INFO ] Building library files for GLY --> VAL mutant
2026-04-23 20:46:48,344 [ genlib ] [ INFO ] reading rtp file "aminoacids.rtp"
2026-04-23 20:46:48,387 [ genlib ] [ INFO ] ENTERED G
2026-04-23 20:46:48,387 [ genlib ] [ INFO ] Making atom pairs
2026-04-23 20:46:48,391 [ genlib ] [ INFO ] Updating bond lists
2026-04-23 20:46:48,391 [ genlib ] [ INFO ] Updating dihedrals
2026-04-23 20:46:48,391 [ genlib ] [ INFO ] Updating impropers
2026-04-23 20:46:48,391 [ genlib ] [ INFO ] Building library files for HID --> ALA mutant
2026-04-23 20:46:48,391 [ genlib ] [ INFO ] reading rtp file "aminoacids.rtp"
2026-04-23 20:46:48,434 [ genlib ] [ INFO ] ENTERED T,A,V,I
2026-04-23 20:46:48,434 [ genlib ] [ INFO ] Making atom pairs
2026-04-23 20:46:48,435 [ genlib ] [ INFO ] Updating bond lists
2026-04-23 20:46:48,435 [ genlib ] [ INFO ] Updating dihedrals
2026-04-23 20:46:48,435 [ genlib ] [ INFO ] Updating impropers
2026-04-23 20:46:48,435 [ genlib ] [ INFO ] Building library files for HID --> ARG mutant
2026-04-23 20:46:48,436 [ genlib ] [ INFO ] reading rtp file "aminoacids.rtp"
2026-04-23 20:46:48,479 [ genlib ] [ INFO ] ENTERED RINGS
2026-04-23 20:46:48,479 [ genlib ] [ INFO ] Making atom pairs
2026-04-23 20:46:48,486 [ genlib ] [ INFO ] Updating bond lists
2026-04-23 20:46:48,486 [ genlib ] [ INFO ] Updating dihedrals
2026-04-23 20:46:48,486 [ genlib ] [ INFO ] Updating impropers
2026-04-23 20:46:48,487 [ genlib ] [ INFO ] Building library files for HID --> ASH mutant
2026-04-23 20:46:48,487 [ genlib ] [ INFO ] reading rtp file "aminoacids.rtp"
2026-04-23 20:46:48,530 [ genlib ] [ INFO ] ENTERED RINGS
2026-04-23 20:46:48,530 [ genlib ] [ INFO ] Making atom pairs
2026-04-23 20:46:48,532 [ genlib ] [ INFO ] Updating bond lists
2026-04-23 20:46:48,532 [ genlib ] [ INFO ] Updating dihedrals
2026-04-23 20:46:48,532 [ genlib ] [ INFO ] Updating impropers
2026-04-23 20:46:48,532 [ genlib ] [ INFO ] Building library files for HID --> ASN mutant
2026-04-23 20:46:48,533 [ genlib ] [ INFO ] reading rtp file "aminoacids.rtp"
2026-04-23 20:46:48,577 [ genlib ] [ INFO ] ENTERED RINGS
2026-04-23 20:46:48,577 [ genlib ] [ INFO ] Making atom pairs
2026-04-23 20:46:48,579 [ genlib ] [ INFO ] Updating bond lists
2026-04-23 20:46:48,579 [ genlib ] [ INFO ] Updating dihedrals
2026-04-23 20:46:48,579 [ genlib ] [ INFO ] Updating impropers
2026-04-23 20:46:48,579 [ genlib ] [ INFO ] Building library files for HID --> ASP mutant
2026-04-23 20:46:48,580 [ genlib ] [ INFO ] reading rtp file "aminoacids.rtp"
2026-04-23 20:46:48,623 [ genlib ] [ INFO ] ENTERED RINGS
2026-04-23 20:46:48,623 [ genlib ] [ INFO ] Making atom pairs
2026-04-23 20:46:48,624 [ genlib ] [ INFO ] Updating bond lists
2026-04-23 20:46:48,624 [ genlib ] [ INFO ] Updating dihedrals
2026-04-23 20:46:48,624 [ genlib ] [ INFO ] Updating impropers
2026-04-23 20:46:48,624 [ genlib ] [ INFO ] Building library files for HID --> CYS mutant
2026-04-23 20:46:48,625 [ genlib ] [ INFO ] reading rtp file "aminoacids.rtp"
2026-04-23 20:46:48,668 [ genlib ] [ INFO ] ENTERED RINGS
2026-04-23 20:46:48,668 [ genlib ] [ INFO ] Making atom pairs
2026-04-23 20:46:48,669 [ genlib ] [ INFO ] Updating bond lists
2026-04-23 20:46:48,669 [ genlib ] [ INFO ] Updating dihedrals
2026-04-23 20:46:48,669 [ genlib ] [ INFO ] Updating impropers
2026-04-23 20:46:48,670 [ genlib ] [ INFO ] Building library files for HID --> GLH mutant
2026-04-23 20:46:48,670 [ genlib ] [ INFO ] reading rtp file "aminoacids.rtp"
2026-04-23 20:46:48,713 [ genlib ] [ INFO ] ENTERED RINGS
2026-04-23 20:46:48,713 [ genlib ] [ INFO ] Making atom pairs
2026-04-23 20:46:48,715 [ genlib ] [ INFO ] Updating bond lists
2026-04-23 20:46:48,715 [ genlib ] [ INFO ] Updating dihedrals
2026-04-23 20:46:48,715 [ genlib ] [ INFO ] Updating impropers
2026-04-23 20:46:48,716 [ genlib ] [ INFO ] Building library files for HID --> GLN mutant
2026-04-23 20:46:48,716 [ genlib ] [ INFO ] reading rtp file "aminoacids.rtp"
2026-04-23 20:46:48,759 [ genlib ] [ INFO ] ENTERED RINGS
2026-04-23 20:46:48,759 [ genlib ] [ INFO ] Making atom pairs
2026-04-23 20:46:48,761 [ genlib ] [ INFO ] Updating bond lists
2026-04-23 20:46:48,761 [ genlib ] [ INFO ] Updating dihedrals
2026-04-23 20:46:48,761 [ genlib ] [ INFO ] Updating impropers
2026-04-23 20:46:48,762 [ genlib ] [ INFO ] Building library files for HID --> GLU mutant
2026-04-23 20:46:48,762 [ genlib ] [ INFO ] reading rtp file "aminoacids.rtp"
2026-04-23 20:46:48,805 [ genlib ] [ INFO ] ENTERED RINGS
2026-04-23 20:46:48,806 [ genlib ] [ INFO ] Making atom pairs
2026-04-23 20:46:48,808 [ genlib ] [ INFO ] Updating bond lists
2026-04-23 20:46:48,808 [ genlib ] [ INFO ] Updating dihedrals
2026-04-23 20:46:48,808 [ genlib ] [ INFO ] Updating impropers
2026-04-23 20:46:48,808 [ genlib ] [ INFO ] Building library files for HID --> GLY mutant
2026-04-23 20:46:48,809 [ genlib ] [ INFO ] reading rtp file "aminoacids.rtp"
2026-04-23 20:46:48,852 [ genlib ] [ INFO ] ENTERED G
2026-04-23 20:46:48,852 [ genlib ] [ INFO ] Making atom pairs
2026-04-23 20:46:48,853 [ genlib ] [ INFO ] Updating bond lists
2026-04-23 20:46:48,853 [ genlib ] [ INFO ] Updating dihedrals
2026-04-23 20:46:48,853 [ genlib ] [ INFO ] Updating impropers
2026-04-23 20:46:48,853 [ genlib ] [ INFO ] Building library files for HID --> HIE mutant
2026-04-23 20:46:48,854 [ genlib ] [ INFO ] reading rtp file "aminoacids.rtp"
2026-04-23 20:46:48,897 [ genlib ] [ INFO ] ENTERED MERGE BY NAMES
2026-04-23 20:46:48,897 [ genlib ] [ INFO ] Making atom pairs.........MERGE BY NAMES...
2026-04-23 20:46:48,897 [ genlib ] [ INFO ] Updating bond lists
2026-04-23 20:46:48,897 [ genlib ] [ INFO ] Updating dihedrals
2026-04-23 20:46:48,897 [ genlib ] [ INFO ] Updating impropers
2026-04-23 20:46:48,898 [ genlib ] [ INFO ] Building library files for HID --> HIP mutant
2026-04-23 20:46:48,898 [ genlib ] [ INFO ] reading rtp file "aminoacids.rtp"
2026-04-23 20:46:48,941 [ genlib ] [ INFO ] ENTERED MERGE BY NAMES
2026-04-23 20:46:48,941 [ genlib ] [ INFO ] Making atom pairs.........MERGE BY NAMES...
2026-04-23 20:46:48,942 [ genlib ] [ INFO ] Updating bond lists
2026-04-23 20:46:48,942 [ genlib ] [ INFO ] Updating dihedrals
2026-04-23 20:46:48,942 [ genlib ] [ INFO ] Updating impropers
2026-04-23 20:46:48,942 [ genlib ] [ INFO ] Building library files for HID --> ILE mutant
2026-04-23 20:46:48,943 [ genlib ] [ INFO ] reading rtp file "aminoacids.rtp"
2026-04-23 20:46:48,986 [ genlib ] [ INFO ] ENTERED T,A,V,I
2026-04-23 20:46:48,986 [ genlib ] [ INFO ] Making atom pairs
2026-04-23 20:46:48,991 [ genlib ] [ INFO ] Updating bond lists
2026-04-23 20:46:48,991 [ genlib ] [ INFO ] Updating dihedrals
2026-04-23 20:46:48,991 [ genlib ] [ INFO ] Updating impropers
2026-04-23 20:46:48,991 [ genlib ] [ INFO ] Building library files for HID --> LEU mutant
2026-04-23 20:46:48,992 [ genlib ] [ INFO ] reading rtp file "aminoacids.rtp"
2026-04-23 20:46:49,035 [ genlib ] [ INFO ] ENTERED RINGS
2026-04-23 20:46:49,035 [ genlib ] [ INFO ] Making atom pairs
2026-04-23 20:46:49,040 [ genlib ] [ INFO ] Updating bond lists
2026-04-23 20:46:49,040 [ genlib ] [ INFO ] Updating dihedrals
2026-04-23 20:46:49,040 [ genlib ] [ INFO ] Updating impropers
2026-04-23 20:46:49,040 [ genlib ] [ INFO ] Building library files for HID --> LYN mutant
2026-04-23 20:46:49,041 [ genlib ] [ INFO ] reading rtp file "aminoacids.rtp"
2026-04-23 20:46:49,087 [ genlib ] [ INFO ] ENTERED RINGS
2026-04-23 20:46:49,087 [ genlib ] [ INFO ] Making atom pairs
2026-04-23 20:46:49,092 [ genlib ] [ INFO ] Updating bond lists
2026-04-23 20:46:49,092 [ genlib ] [ INFO ] Updating dihedrals
2026-04-23 20:46:49,092 [ genlib ] [ INFO ] Updating impropers
2026-04-23 20:46:49,092 [ genlib ] [ INFO ] Building library files for HID --> LYS mutant
2026-04-23 20:46:49,093 [ genlib ] [ INFO ] reading rtp file "aminoacids.rtp"
2026-04-23 20:46:49,137 [ genlib ] [ INFO ] ENTERED RINGS
2026-04-23 20:46:49,137 [ genlib ] [ INFO ] Making atom pairs
2026-04-23 20:46:49,144 [ genlib ] [ INFO ] Updating bond lists
2026-04-23 20:46:49,144 [ genlib ] [ INFO ] Updating dihedrals
2026-04-23 20:46:49,144 [ genlib ] [ INFO ] Updating impropers
2026-04-23 20:46:49,144 [ genlib ] [ INFO ] Building library files for HID --> MET mutant
2026-04-23 20:46:49,145 [ genlib ] [ INFO ] reading rtp file "aminoacids.rtp"
2026-04-23 20:46:49,189 [ genlib ] [ INFO ] ENTERED RINGS
2026-04-23 20:46:49,189 [ genlib ] [ INFO ] Making atom pairs
2026-04-23 20:46:49,193 [ genlib ] [ INFO ] Updating bond lists
2026-04-23 20:46:49,193 [ genlib ] [ INFO ] Updating dihedrals
2026-04-23 20:46:49,193 [ genlib ] [ INFO ] Updating impropers
2026-04-23 20:46:49,193 [ genlib ] [ INFO ] Building library files for HID --> PHE mutant
2026-04-23 20:46:49,194 [ genlib ] [ INFO ] reading rtp file "aminoacids.rtp"
2026-04-23 20:46:49,239 [ genlib ] [ INFO ] ENTERED STANDARD
2026-04-23 20:46:49,239 [ genlib ] [ INFO ] Making atom pairs
2026-04-23 20:46:49,243 [ genlib ] [ INFO ] Updating bond lists
2026-04-23 20:46:49,243 [ genlib ] [ INFO ] Updating dihedrals
2026-04-23 20:46:49,243 [ genlib ] [ INFO ] Updating impropers
2026-04-23 20:46:49,244 [ genlib ] [ INFO ] Building library files for HID --> PRO mutant
2026-04-23 20:46:49,244 [ genlib ] [ INFO ] reading rtp file "aminoacids.rtp"
2026-04-23 20:46:49,287 [ genlib ] [ INFO ] ENTERED P
2026-04-23 20:46:49,288 [ genlib ] [ INFO ] Making atom pairs
2026-04-23 20:46:49,290 [ genlib ] [ INFO ] Updating bond lists
2026-04-23 20:46:49,290 [ genlib ] [ INFO ] Updating dihedrals
2026-04-23 20:46:49,290 [ genlib ] [ INFO ] Updating impropers
2026-04-23 20:46:49,291 [ genlib ] [ INFO ] Building library files for HID --> SER mutant
2026-04-23 20:46:49,291 [ genlib ] [ INFO ] reading rtp file "aminoacids.rtp"
2026-04-23 20:46:49,336 [ genlib ] [ INFO ] ENTERED RINGS
2026-04-23 20:46:49,336 [ genlib ] [ INFO ] Making atom pairs
2026-04-23 20:46:49,354 [ genlib ] [ INFO ] Updating bond lists
2026-04-23 20:46:49,354 [ genlib ] [ INFO ] Updating dihedrals
2026-04-23 20:46:49,354 [ genlib ] [ INFO ] Updating impropers
2026-04-23 20:46:49,354 [ genlib ] [ INFO ] Building library files for HID --> THR mutant
2026-04-23 20:46:49,355 [ genlib ] [ INFO ] reading rtp file "aminoacids.rtp"
2026-04-23 20:46:49,400 [ genlib ] [ INFO ] ENTERED T,A,V,I
2026-04-23 20:46:49,400 [ genlib ] [ INFO ] Making atom pairs
2026-04-23 20:46:49,402 [ genlib ] [ INFO ] Updating bond lists
2026-04-23 20:46:49,402 [ genlib ] [ INFO ] Updating dihedrals
2026-04-23 20:46:49,402 [ genlib ] [ INFO ] Updating impropers
2026-04-23 20:46:49,402 [ genlib ] [ INFO ] Building library files for HID --> TRP mutant
2026-04-23 20:46:49,403 [ genlib ] [ INFO ] reading rtp file "aminoacids.rtp"
2026-04-23 20:46:49,449 [ genlib ] [ INFO ] ENTERED STANDARD
2026-04-23 20:46:49,449 [ genlib ] [ INFO ] Making atom pairs
2026-04-23 20:46:49,456 [ genlib ] [ INFO ] Updating bond lists
2026-04-23 20:46:49,456 [ genlib ] [ INFO ] Updating dihedrals
2026-04-23 20:46:49,456 [ genlib ] [ INFO ] Updating impropers
2026-04-23 20:46:49,456 [ genlib ] [ INFO ] Building library files for HID --> TYR mutant
2026-04-23 20:46:49,457 [ genlib ] [ INFO ] reading rtp file "aminoacids.rtp"
2026-04-23 20:46:49,502 [ genlib ] [ INFO ] ENTERED STANDARD
2026-04-23 20:46:49,502 [ genlib ] [ INFO ] Making atom pairs
2026-04-23 20:46:49,506 [ genlib ] [ INFO ] Updating bond lists
2026-04-23 20:46:49,507 [ genlib ] [ INFO ] Updating dihedrals
2026-04-23 20:46:49,507 [ genlib ] [ INFO ] Updating impropers
2026-04-23 20:46:49,507 [ genlib ] [ INFO ] Building library files for HID --> VAL mutant
2026-04-23 20:46:49,508 [ genlib ] [ INFO ] reading rtp file "aminoacids.rtp"
2026-04-23 20:46:49,553 [ genlib ] [ INFO ] ENTERED T,A,V,I
2026-04-23 20:46:49,553 [ genlib ] [ INFO ] Making atom pairs
2026-04-23 20:46:49,557 [ genlib ] [ INFO ] Updating bond lists
2026-04-23 20:46:49,557 [ genlib ] [ INFO ] Updating dihedrals
2026-04-23 20:46:49,557 [ genlib ] [ INFO ] Updating impropers
2026-04-23 20:46:49,558 [ genlib ] [ INFO ] Building library files for HIE --> ALA mutant
2026-04-23 20:46:49,558 [ genlib ] [ INFO ] reading rtp file "aminoacids.rtp"
2026-04-23 20:46:49,604 [ genlib ] [ INFO ] ENTERED T,A,V,I
2026-04-23 20:46:49,604 [ genlib ] [ INFO ] Making atom pairs
2026-04-23 20:46:49,605 [ genlib ] [ INFO ] Updating bond lists
2026-04-23 20:46:49,605 [ genlib ] [ INFO ] Updating dihedrals
2026-04-23 20:46:49,605 [ genlib ] [ INFO ] Updating impropers
2026-04-23 20:46:49,605 [ genlib ] [ INFO ] Building library files for HIE --> ARG mutant
2026-04-23 20:46:49,607 [ genlib ] [ INFO ] reading rtp file "aminoacids.rtp"
2026-04-23 20:46:49,651 [ genlib ] [ INFO ] ENTERED RINGS
2026-04-23 20:46:49,651 [ genlib ] [ INFO ] Making atom pairs
2026-04-23 20:46:49,658 [ genlib ] [ INFO ] Updating bond lists
2026-04-23 20:46:49,658 [ genlib ] [ INFO ] Updating dihedrals
2026-04-23 20:46:49,658 [ genlib ] [ INFO ] Updating impropers
2026-04-23 20:46:49,658 [ genlib ] [ INFO ] Building library files for HIE --> ASH mutant
2026-04-23 20:46:49,659 [ genlib ] [ INFO ] reading rtp file "aminoacids.rtp"
2026-04-23 20:46:49,702 [ genlib ] [ INFO ] ENTERED RINGS
2026-04-23 20:46:49,702 [ genlib ] [ INFO ] Making atom pairs
2026-04-23 20:46:49,703 [ genlib ] [ INFO ] Updating bond lists
2026-04-23 20:46:49,703 [ genlib ] [ INFO ] Updating dihedrals
2026-04-23 20:46:49,703 [ genlib ] [ INFO ] Updating impropers
2026-04-23 20:46:49,704 [ genlib ] [ INFO ] Building library files for HIE --> ASN mutant
2026-04-23 20:46:49,704 [ genlib ] [ INFO ] reading rtp file "aminoacids.rtp"
2026-04-23 20:46:49,748 [ genlib ] [ INFO ] ENTERED RINGS
2026-04-23 20:46:49,748 [ genlib ] [ INFO ] Making atom pairs
2026-04-23 20:46:49,749 [ genlib ] [ INFO ] Updating bond lists
2026-04-23 20:46:49,749 [ genlib ] [ INFO ] Updating dihedrals
2026-04-23 20:46:49,749 [ genlib ] [ INFO ] Updating impropers
2026-04-23 20:46:49,750 [ genlib ] [ INFO ] Building library files for HIE --> ASP mutant
2026-04-23 20:46:49,750 [ genlib ] [ INFO ] reading rtp file "aminoacids.rtp"
2026-04-23 20:46:49,793 [ genlib ] [ INFO ] ENTERED RINGS
2026-04-23 20:46:49,793 [ genlib ] [ INFO ] Making atom pairs
2026-04-23 20:46:49,794 [ genlib ] [ INFO ] Updating bond lists
2026-04-23 20:46:49,795 [ genlib ] [ INFO ] Updating dihedrals
2026-04-23 20:46:49,795 [ genlib ] [ INFO ] Updating impropers
2026-04-23 20:46:49,795 [ genlib ] [ INFO ] Building library files for HIE --> CYS mutant
2026-04-23 20:46:49,795 [ genlib ] [ INFO ] reading rtp file "aminoacids.rtp"
2026-04-23 20:46:49,839 [ genlib ] [ INFO ] ENTERED RINGS
2026-04-23 20:46:49,839 [ genlib ] [ INFO ] Making atom pairs
2026-04-23 20:46:49,840 [ genlib ] [ INFO ] Updating bond lists
2026-04-23 20:46:49,840 [ genlib ] [ INFO ] Updating dihedrals
2026-04-23 20:46:49,840 [ genlib ] [ INFO ] Updating impropers
2026-04-23 20:46:49,840 [ genlib ] [ INFO ] Building library files for HIE --> GLH mutant
2026-04-23 20:46:49,841 [ genlib ] [ INFO ] reading rtp file "aminoacids.rtp"
2026-04-23 20:46:49,885 [ genlib ] [ INFO ] ENTERED RINGS
2026-04-23 20:46:49,885 [ genlib ] [ INFO ] Making atom pairs
2026-04-23 20:46:49,887 [ genlib ] [ INFO ] Updating bond lists
2026-04-23 20:46:49,887 [ genlib ] [ INFO ] Updating dihedrals
2026-04-23 20:46:49,887 [ genlib ] [ INFO ] Updating impropers
2026-04-23 20:46:49,888 [ genlib ] [ INFO ] Building library files for HIE --> GLN mutant
2026-04-23 20:46:49,888 [ genlib ] [ INFO ] reading rtp file "aminoacids.rtp"
2026-04-23 20:46:49,937 [ genlib ] [ INFO ] ENTERED RINGS
2026-04-23 20:46:49,937 [ genlib ] [ INFO ] Making atom pairs
2026-04-23 20:46:49,943 [ genlib ] [ INFO ] Updating bond lists
2026-04-23 20:46:49,943 [ genlib ] [ INFO ] Updating dihedrals
2026-04-23 20:46:49,943 [ genlib ] [ INFO ] Updating impropers
2026-04-23 20:46:49,944 [ genlib ] [ INFO ] Building library files for HIE --> GLU mutant
2026-04-23 20:46:49,945 [ genlib ] [ INFO ] reading rtp file "aminoacids.rtp"
2026-04-23 20:46:49,993 [ genlib ] [ INFO ] ENTERED RINGS
2026-04-23 20:46:49,993 [ genlib ] [ INFO ] Making atom pairs
2026-04-23 20:46:49,995 [ genlib ] [ INFO ] Updating bond lists
2026-04-23 20:46:49,995 [ genlib ] [ INFO ] Updating dihedrals
2026-04-23 20:46:49,995 [ genlib ] [ INFO ] Updating impropers
2026-04-23 20:46:49,996 [ genlib ] [ INFO ] Building library files for HIE --> GLY mutant
2026-04-23 20:46:49,997 [ genlib ] [ INFO ] reading rtp file "aminoacids.rtp"
2026-04-23 20:46:50,041 [ genlib ] [ INFO ] ENTERED G
2026-04-23 20:46:50,041 [ genlib ] [ INFO ] Making atom pairs
2026-04-23 20:46:50,042 [ genlib ] [ INFO ] Updating bond lists
2026-04-23 20:46:50,042 [ genlib ] [ INFO ] Updating dihedrals
2026-04-23 20:46:50,042 [ genlib ] [ INFO ] Updating impropers
2026-04-23 20:46:50,042 [ genlib ] [ INFO ] Building library files for HIE --> HID mutant
2026-04-23 20:46:50,043 [ genlib ] [ INFO ] reading rtp file "aminoacids.rtp"
2026-04-23 20:46:50,086 [ genlib ] [ INFO ] ENTERED MERGE BY NAMES
2026-04-23 20:46:50,086 [ genlib ] [ INFO ] Making atom pairs.........MERGE BY NAMES...
2026-04-23 20:46:50,087 [ genlib ] [ INFO ] Updating bond lists
2026-04-23 20:46:50,087 [ genlib ] [ INFO ] Updating dihedrals
2026-04-23 20:46:50,087 [ genlib ] [ INFO ] Updating impropers
2026-04-23 20:46:50,087 [ genlib ] [ INFO ] Building library files for HIE --> HIP mutant
2026-04-23 20:46:50,088 [ genlib ] [ INFO ] reading rtp file "aminoacids.rtp"
2026-04-23 20:46:50,131 [ genlib ] [ INFO ] ENTERED MERGE BY NAMES
2026-04-23 20:46:50,131 [ genlib ] [ INFO ] Making atom pairs.........MERGE BY NAMES...
2026-04-23 20:46:50,132 [ genlib ] [ INFO ] Updating bond lists
2026-04-23 20:46:50,132 [ genlib ] [ INFO ] Updating dihedrals
2026-04-23 20:46:50,132 [ genlib ] [ INFO ] Updating impropers
2026-04-23 20:46:50,132 [ genlib ] [ INFO ] Building library files for HIE --> ILE mutant
2026-04-23 20:46:50,133 [ genlib ] [ INFO ] reading rtp file "aminoacids.rtp"
2026-04-23 20:46:50,176 [ genlib ] [ INFO ] ENTERED T,A,V,I
2026-04-23 20:46:50,176 [ genlib ] [ INFO ] Making atom pairs
2026-04-23 20:46:50,180 [ genlib ] [ INFO ] Updating bond lists
2026-04-23 20:46:50,180 [ genlib ] [ INFO ] Updating dihedrals
2026-04-23 20:46:50,180 [ genlib ] [ INFO ] Updating impropers
2026-04-23 20:46:50,181 [ genlib ] [ INFO ] Building library files for HIE --> LEU mutant
2026-04-23 20:46:50,181 [ genlib ] [ INFO ] reading rtp file "aminoacids.rtp"
2026-04-23 20:46:50,224 [ genlib ] [ INFO ] ENTERED RINGS
2026-04-23 20:46:50,224 [ genlib ] [ INFO ] Making atom pairs
2026-04-23 20:46:50,228 [ genlib ] [ INFO ] Updating bond lists
2026-04-23 20:46:50,228 [ genlib ] [ INFO ] Updating dihedrals
2026-04-23 20:46:50,228 [ genlib ] [ INFO ] Updating impropers
2026-04-23 20:46:50,228 [ genlib ] [ INFO ] Building library files for HIE --> LYN mutant
2026-04-23 20:46:50,229 [ genlib ] [ INFO ] reading rtp file "aminoacids.rtp"
2026-04-23 20:46:50,272 [ genlib ] [ INFO ] ENTERED RINGS
2026-04-23 20:46:50,272 [ genlib ] [ INFO ] Making atom pairs
2026-04-23 20:46:50,277 [ genlib ] [ INFO ] Updating bond lists
2026-04-23 20:46:50,277 [ genlib ] [ INFO ] Updating dihedrals
2026-04-23 20:46:50,277 [ genlib ] [ INFO ] Updating impropers
2026-04-23 20:46:50,278 [ genlib ] [ INFO ] Building library files for HIE --> LYS mutant
2026-04-23 20:46:50,278 [ genlib ] [ INFO ] reading rtp file "aminoacids.rtp"
2026-04-23 20:46:50,321 [ genlib ] [ INFO ] ENTERED RINGS
2026-04-23 20:46:50,321 [ genlib ] [ INFO ] Making atom pairs
2026-04-23 20:46:50,327 [ genlib ] [ INFO ] Updating bond lists
2026-04-23 20:46:50,327 [ genlib ] [ INFO ] Updating dihedrals
2026-04-23 20:46:50,327 [ genlib ] [ INFO ] Updating impropers
2026-04-23 20:46:50,328 [ genlib ] [ INFO ] Building library files for HIE --> MET mutant
2026-04-23 20:46:50,328 [ genlib ] [ INFO ] reading rtp file "aminoacids.rtp"
2026-04-23 20:46:50,372 [ genlib ] [ INFO ] ENTERED RINGS
2026-04-23 20:46:50,372 [ genlib ] [ INFO ] Making atom pairs
2026-04-23 20:46:50,374 [ genlib ] [ INFO ] Updating bond lists
2026-04-23 20:46:50,375 [ genlib ] [ INFO ] Updating dihedrals
2026-04-23 20:46:50,375 [ genlib ] [ INFO ] Updating impropers
2026-04-23 20:46:50,375 [ genlib ] [ INFO ] Building library files for HIE --> PHE mutant
2026-04-23 20:46:50,376 [ genlib ] [ INFO ] reading rtp file "aminoacids.rtp"
2026-04-23 20:46:50,419 [ genlib ] [ INFO ] ENTERED STANDARD
2026-04-23 20:46:50,419 [ genlib ] [ INFO ] Making atom pairs
2026-04-23 20:46:50,423 [ genlib ] [ INFO ] Updating bond lists
2026-04-23 20:46:50,423 [ genlib ] [ INFO ] Updating dihedrals
2026-04-23 20:46:50,423 [ genlib ] [ INFO ] Updating impropers
2026-04-23 20:46:50,424 [ genlib ] [ INFO ] Building library files for HIE --> PRO mutant
2026-04-23 20:46:50,424 [ genlib ] [ INFO ] reading rtp file "aminoacids.rtp"
2026-04-23 20:46:50,467 [ genlib ] [ INFO ] ENTERED P
2026-04-23 20:46:50,467 [ genlib ] [ INFO ] Making atom pairs
2026-04-23 20:46:50,470 [ genlib ] [ INFO ] Updating bond lists
2026-04-23 20:46:50,470 [ genlib ] [ INFO ] Updating dihedrals
2026-04-23 20:46:50,470 [ genlib ] [ INFO ] Updating impropers
2026-04-23 20:46:50,471 [ genlib ] [ INFO ] Building library files for HIE --> SER mutant
2026-04-23 20:46:50,471 [ genlib ] [ INFO ] reading rtp file "aminoacids.rtp"
2026-04-23 20:46:50,514 [ genlib ] [ INFO ] ENTERED RINGS
2026-04-23 20:46:50,514 [ genlib ] [ INFO ] Making atom pairs
2026-04-23 20:46:50,515 [ genlib ] [ INFO ] Updating bond lists
2026-04-23 20:46:50,515 [ genlib ] [ INFO ] Updating dihedrals
2026-04-23 20:46:50,515 [ genlib ] [ INFO ] Updating impropers
2026-04-23 20:46:50,516 [ genlib ] [ INFO ] Building library files for HIE --> THR mutant
2026-04-23 20:46:50,516 [ genlib ] [ INFO ] reading rtp file "aminoacids.rtp"
2026-04-23 20:46:50,559 [ genlib ] [ INFO ] ENTERED T,A,V,I
2026-04-23 20:46:50,559 [ genlib ] [ INFO ] Making atom pairs
2026-04-23 20:46:50,561 [ genlib ] [ INFO ] Updating bond lists
2026-04-23 20:46:50,561 [ genlib ] [ INFO ] Updating dihedrals
2026-04-23 20:46:50,561 [ genlib ] [ INFO ] Updating impropers
2026-04-23 20:46:50,561 [ genlib ] [ INFO ] Building library files for HIE --> TRP mutant
2026-04-23 20:46:50,562 [ genlib ] [ INFO ] reading rtp file "aminoacids.rtp"
2026-04-23 20:46:50,606 [ genlib ] [ INFO ] ENTERED STANDARD
2026-04-23 20:46:50,606 [ genlib ] [ INFO ] Making atom pairs
2026-04-23 20:46:50,612 [ genlib ] [ INFO ] Updating bond lists
2026-04-23 20:46:50,613 [ genlib ] [ INFO ] Updating dihedrals
2026-04-23 20:46:50,613 [ genlib ] [ INFO ] Updating impropers
2026-04-23 20:46:50,613 [ genlib ] [ INFO ] Building library files for HIE --> TYR mutant
2026-04-23 20:46:50,614 [ genlib ] [ INFO ] reading rtp file "aminoacids.rtp"
2026-04-23 20:46:50,657 [ genlib ] [ INFO ] ENTERED STANDARD
2026-04-23 20:46:50,657 [ genlib ] [ INFO ] Making atom pairs
2026-04-23 20:46:50,662 [ genlib ] [ INFO ] Updating bond lists
2026-04-23 20:46:50,662 [ genlib ] [ INFO ] Updating dihedrals
2026-04-23 20:46:50,662 [ genlib ] [ INFO ] Updating impropers
2026-04-23 20:46:50,662 [ genlib ] [ INFO ] Building library files for HIE --> VAL mutant
2026-04-23 20:46:50,663 [ genlib ] [ INFO ] reading rtp file "aminoacids.rtp"
2026-04-23 20:46:50,705 [ genlib ] [ INFO ] ENTERED T,A,V,I
2026-04-23 20:46:50,705 [ genlib ] [ INFO ] Making atom pairs
2026-04-23 20:46:50,708 [ genlib ] [ INFO ] Updating bond lists
2026-04-23 20:46:50,708 [ genlib ] [ INFO ] Updating dihedrals
2026-04-23 20:46:50,708 [ genlib ] [ INFO ] Updating impropers
2026-04-23 20:46:50,709 [ genlib ] [ INFO ] Building library files for HIP --> ALA mutant
2026-04-23 20:46:50,709 [ genlib ] [ INFO ] reading rtp file "aminoacids.rtp"
2026-04-23 20:46:50,752 [ genlib ] [ INFO ] ENTERED T,A,V,I
2026-04-23 20:46:50,752 [ genlib ] [ INFO ] Making atom pairs
2026-04-23 20:46:50,753 [ genlib ] [ INFO ] Updating bond lists
2026-04-23 20:46:50,753 [ genlib ] [ INFO ] Updating dihedrals
2026-04-23 20:46:50,753 [ genlib ] [ INFO ] Updating impropers
2026-04-23 20:46:50,753 [ genlib ] [ INFO ] Building library files for HIP --> ARG mutant
2026-04-23 20:46:50,754 [ genlib ] [ INFO ] reading rtp file "aminoacids.rtp"
2026-04-23 20:46:50,797 [ genlib ] [ INFO ] ENTERED RINGS
2026-04-23 20:46:50,797 [ genlib ] [ INFO ] Making atom pairs
2026-04-23 20:46:50,804 [ genlib ] [ INFO ] Updating bond lists
2026-04-23 20:46:50,804 [ genlib ] [ INFO ] Updating dihedrals
2026-04-23 20:46:50,804 [ genlib ] [ INFO ] Updating impropers
2026-04-23 20:46:50,805 [ genlib ] [ INFO ] Building library files for HIP --> ASH mutant
2026-04-23 20:46:50,806 [ genlib ] [ INFO ] reading rtp file "aminoacids.rtp"
2026-04-23 20:46:50,848 [ genlib ] [ INFO ] ENTERED RINGS
2026-04-23 20:46:50,848 [ genlib ] [ INFO ] Making atom pairs
2026-04-23 20:46:50,850 [ genlib ] [ INFO ] Updating bond lists
2026-04-23 20:46:50,850 [ genlib ] [ INFO ] Updating dihedrals
2026-04-23 20:46:50,850 [ genlib ] [ INFO ] Updating impropers
2026-04-23 20:46:50,850 [ genlib ] [ INFO ] Building library files for HIP --> ASN mutant
2026-04-23 20:46:50,851 [ genlib ] [ INFO ] reading rtp file "aminoacids.rtp"
2026-04-23 20:46:50,894 [ genlib ] [ INFO ] ENTERED RINGS
2026-04-23 20:46:50,894 [ genlib ] [ INFO ] Making atom pairs
2026-04-23 20:46:50,895 [ genlib ] [ INFO ] Updating bond lists
2026-04-23 20:46:50,895 [ genlib ] [ INFO ] Updating dihedrals
2026-04-23 20:46:50,895 [ genlib ] [ INFO ] Updating impropers
2026-04-23 20:46:50,896 [ genlib ] [ INFO ] Building library files for HIP --> ASP mutant
2026-04-23 20:46:50,896 [ genlib ] [ INFO ] reading rtp file "aminoacids.rtp"
2026-04-23 20:46:50,939 [ genlib ] [ INFO ] ENTERED RINGS
2026-04-23 20:46:50,939 [ genlib ] [ INFO ] Making atom pairs
2026-04-23 20:46:50,940 [ genlib ] [ INFO ] Updating bond lists
2026-04-23 20:46:50,941 [ genlib ] [ INFO ] Updating dihedrals
2026-04-23 20:46:50,941 [ genlib ] [ INFO ] Updating impropers
2026-04-23 20:46:50,941 [ genlib ] [ INFO ] Building library files for HIP --> CYS mutant
2026-04-23 20:46:50,942 [ genlib ] [ INFO ] reading rtp file "aminoacids.rtp"
2026-04-23 20:46:50,984 [ genlib ] [ INFO ] ENTERED RINGS
2026-04-23 20:46:50,984 [ genlib ] [ INFO ] Making atom pairs
2026-04-23 20:46:50,985 [ genlib ] [ INFO ] Updating bond lists
2026-04-23 20:46:50,985 [ genlib ] [ INFO ] Updating dihedrals
2026-04-23 20:46:50,985 [ genlib ] [ INFO ] Updating impropers
2026-04-23 20:46:50,986 [ genlib ] [ INFO ] Building library files for HIP --> GLH mutant
2026-04-23 20:46:50,986 [ genlib ] [ INFO ] reading rtp file "aminoacids.rtp"
2026-04-23 20:46:51,029 [ genlib ] [ INFO ] ENTERED RINGS
2026-04-23 20:46:51,029 [ genlib ] [ INFO ] Making atom pairs
2026-04-23 20:46:51,032 [ genlib ] [ INFO ] Updating bond lists
2026-04-23 20:46:51,032 [ genlib ] [ INFO ] Updating dihedrals
2026-04-23 20:46:51,032 [ genlib ] [ INFO ] Updating impropers
2026-04-23 20:46:51,032 [ genlib ] [ INFO ] Building library files for HIP --> GLN mutant
2026-04-23 20:46:51,033 [ genlib ] [ INFO ] reading rtp file "aminoacids.rtp"
2026-04-23 20:46:51,075 [ genlib ] [ INFO ] ENTERED RINGS
2026-04-23 20:46:51,075 [ genlib ] [ INFO ] Making atom pairs
2026-04-23 20:46:51,079 [ genlib ] [ INFO ] Updating bond lists
2026-04-23 20:46:51,079 [ genlib ] [ INFO ] Updating dihedrals
2026-04-23 20:46:51,079 [ genlib ] [ INFO ] Updating impropers
2026-04-23 20:46:51,079 [ genlib ] [ INFO ] Building library files for HIP --> GLU mutant
2026-04-23 20:46:51,080 [ genlib ] [ INFO ] reading rtp file "aminoacids.rtp"
2026-04-23 20:46:51,123 [ genlib ] [ INFO ] ENTERED RINGS
2026-04-23 20:46:51,123 [ genlib ] [ INFO ] Making atom pairs
2026-04-23 20:46:51,125 [ genlib ] [ INFO ] Updating bond lists
2026-04-23 20:46:51,125 [ genlib ] [ INFO ] Updating dihedrals
2026-04-23 20:46:51,125 [ genlib ] [ INFO ] Updating impropers
2026-04-23 20:46:51,125 [ genlib ] [ INFO ] Building library files for HIP --> GLY mutant
2026-04-23 20:46:51,126 [ genlib ] [ INFO ] reading rtp file "aminoacids.rtp"
2026-04-23 20:46:51,169 [ genlib ] [ INFO ] ENTERED G
2026-04-23 20:46:51,169 [ genlib ] [ INFO ] Making atom pairs
2026-04-23 20:46:51,170 [ genlib ] [ INFO ] Updating bond lists
2026-04-23 20:46:51,170 [ genlib ] [ INFO ] Updating dihedrals
2026-04-23 20:46:51,170 [ genlib ] [ INFO ] Updating impropers
2026-04-23 20:46:51,171 [ genlib ] [ INFO ] Building library files for HIP --> HID mutant
2026-04-23 20:46:51,171 [ genlib ] [ INFO ] reading rtp file "aminoacids.rtp"
2026-04-23 20:46:51,215 [ genlib ] [ INFO ] ENTERED MERGE BY NAMES
2026-04-23 20:46:51,215 [ genlib ] [ INFO ] Making atom pairs.........MERGE BY NAMES...
2026-04-23 20:46:51,215 [ genlib ] [ INFO ] Updating bond lists
2026-04-23 20:46:51,215 [ genlib ] [ INFO ] Updating dihedrals
2026-04-23 20:46:51,215 [ genlib ] [ INFO ] Updating impropers
2026-04-23 20:46:51,215 [ genlib ] [ INFO ] Building library files for HIP --> HIE mutant
2026-04-23 20:46:51,216 [ genlib ] [ INFO ] reading rtp file "aminoacids.rtp"
2026-04-23 20:46:51,258 [ genlib ] [ INFO ] ENTERED MERGE BY NAMES
2026-04-23 20:46:51,258 [ genlib ] [ INFO ] Making atom pairs.........MERGE BY NAMES...
2026-04-23 20:46:51,259 [ genlib ] [ INFO ] Updating bond lists
2026-04-23 20:46:51,259 [ genlib ] [ INFO ] Updating dihedrals
2026-04-23 20:46:51,259 [ genlib ] [ INFO ] Updating impropers
2026-04-23 20:46:51,259 [ genlib ] [ INFO ] Building library files for HIP --> ILE mutant
2026-04-23 20:46:51,260 [ genlib ] [ INFO ] reading rtp file "aminoacids.rtp"
2026-04-23 20:46:51,303 [ genlib ] [ INFO ] ENTERED T,A,V,I
2026-04-23 20:46:51,303 [ genlib ] [ INFO ] Making atom pairs
2026-04-23 20:46:51,308 [ genlib ] [ INFO ] Updating bond lists
2026-04-23 20:46:51,308 [ genlib ] [ INFO ] Updating dihedrals
2026-04-23 20:46:51,308 [ genlib ] [ INFO ] Updating impropers
2026-04-23 20:46:51,308 [ genlib ] [ INFO ] Building library files for HIP --> LEU mutant
2026-04-23 20:46:51,309 [ genlib ] [ INFO ] reading rtp file "aminoacids.rtp"
2026-04-23 20:46:51,353 [ genlib ] [ INFO ] ENTERED RINGS
2026-04-23 20:46:51,353 [ genlib ] [ INFO ] Making atom pairs
2026-04-23 20:46:51,356 [ genlib ] [ INFO ] Updating bond lists
2026-04-23 20:46:51,356 [ genlib ] [ INFO ] Updating dihedrals
2026-04-23 20:46:51,356 [ genlib ] [ INFO ] Updating impropers
2026-04-23 20:46:51,357 [ genlib ] [ INFO ] Building library files for HIP --> LYN mutant
2026-04-23 20:46:51,358 [ genlib ] [ INFO ] reading rtp file "aminoacids.rtp"
2026-04-23 20:46:51,400 [ genlib ] [ INFO ] ENTERED RINGS
2026-04-23 20:46:51,400 [ genlib ] [ INFO ] Making atom pairs
2026-04-23 20:46:51,405 [ genlib ] [ INFO ] Updating bond lists
2026-04-23 20:46:51,405 [ genlib ] [ INFO ] Updating dihedrals
2026-04-23 20:46:51,405 [ genlib ] [ INFO ] Updating impropers
2026-04-23 20:46:51,406 [ genlib ] [ INFO ] Building library files for HIP --> LYS mutant
2026-04-23 20:46:51,407 [ genlib ] [ INFO ] reading rtp file "aminoacids.rtp"
2026-04-23 20:46:51,450 [ genlib ] [ INFO ] ENTERED RINGS
2026-04-23 20:46:51,450 [ genlib ] [ INFO ] Making atom pairs
2026-04-23 20:46:51,455 [ genlib ] [ INFO ] Updating bond lists
2026-04-23 20:46:51,456 [ genlib ] [ INFO ] Updating dihedrals
2026-04-23 20:46:51,456 [ genlib ] [ INFO ] Updating impropers
2026-04-23 20:46:51,456 [ genlib ] [ INFO ] Building library files for HIP --> MET mutant
2026-04-23 20:46:51,457 [ genlib ] [ INFO ] reading rtp file "aminoacids.rtp"
2026-04-23 20:46:51,500 [ genlib ] [ INFO ] ENTERED RINGS
2026-04-23 20:46:51,500 [ genlib ] [ INFO ] Making atom pairs
2026-04-23 20:46:51,503 [ genlib ] [ INFO ] Updating bond lists
2026-04-23 20:46:51,503 [ genlib ] [ INFO ] Updating dihedrals
2026-04-23 20:46:51,503 [ genlib ] [ INFO ] Updating impropers
2026-04-23 20:46:51,503 [ genlib ] [ INFO ] Building library files for HIP --> PHE mutant
2026-04-23 20:46:51,504 [ genlib ] [ INFO ] reading rtp file "aminoacids.rtp"
2026-04-23 20:46:51,548 [ genlib ] [ INFO ] ENTERED STANDARD
2026-04-23 20:46:51,548 [ genlib ] [ INFO ] Making atom pairs
2026-04-23 20:46:51,553 [ genlib ] [ INFO ] Updating bond lists
2026-04-23 20:46:51,553 [ genlib ] [ INFO ] Updating dihedrals
2026-04-23 20:46:51,553 [ genlib ] [ INFO ] Updating impropers
2026-04-23 20:46:51,553 [ genlib ] [ INFO ] Building library files for HIP --> PRO mutant
2026-04-23 20:46:51,554 [ genlib ] [ INFO ] reading rtp file "aminoacids.rtp"
2026-04-23 20:46:51,597 [ genlib ] [ INFO ] ENTERED P
2026-04-23 20:46:51,597 [ genlib ] [ INFO ] Making atom pairs
2026-04-23 20:46:51,600 [ genlib ] [ INFO ] Updating bond lists
2026-04-23 20:46:51,600 [ genlib ] [ INFO ] Updating dihedrals
2026-04-23 20:46:51,600 [ genlib ] [ INFO ] Updating impropers
2026-04-23 20:46:51,600 [ genlib ] [ INFO ] Building library files for HIP --> SER mutant
2026-04-23 20:46:51,601 [ genlib ] [ INFO ] reading rtp file "aminoacids.rtp"
2026-04-23 20:46:51,644 [ genlib ] [ INFO ] ENTERED RINGS
2026-04-23 20:46:51,644 [ genlib ] [ INFO ] Making atom pairs
2026-04-23 20:46:51,645 [ genlib ] [ INFO ] Updating bond lists
2026-04-23 20:46:51,645 [ genlib ] [ INFO ] Updating dihedrals
2026-04-23 20:46:51,645 [ genlib ] [ INFO ] Updating impropers
2026-04-23 20:46:51,645 [ genlib ] [ INFO ] Building library files for HIP --> THR mutant
2026-04-23 20:46:51,646 [ genlib ] [ INFO ] reading rtp file "aminoacids.rtp"
2026-04-23 20:46:51,688 [ genlib ] [ INFO ] ENTERED T,A,V,I
2026-04-23 20:46:51,688 [ genlib ] [ INFO ] Making atom pairs
2026-04-23 20:46:51,691 [ genlib ] [ INFO ] Updating bond lists
2026-04-23 20:46:51,691 [ genlib ] [ INFO ] Updating dihedrals
2026-04-23 20:46:51,691 [ genlib ] [ INFO ] Updating impropers
2026-04-23 20:46:51,691 [ genlib ] [ INFO ] Building library files for HIP --> TRP mutant
2026-04-23 20:46:51,692 [ genlib ] [ INFO ] reading rtp file "aminoacids.rtp"
2026-04-23 20:46:51,735 [ genlib ] [ INFO ] ENTERED STANDARD
2026-04-23 20:46:51,735 [ genlib ] [ INFO ] Making atom pairs
2026-04-23 20:46:51,742 [ genlib ] [ INFO ] Updating bond lists
2026-04-23 20:46:51,742 [ genlib ] [ INFO ] Updating dihedrals
2026-04-23 20:46:51,742 [ genlib ] [ INFO ] Updating impropers
2026-04-23 20:46:51,742 [ genlib ] [ INFO ] Building library files for HIP --> TYR mutant
2026-04-23 20:46:51,743 [ genlib ] [ INFO ] reading rtp file "aminoacids.rtp"
2026-04-23 20:46:51,787 [ genlib ] [ INFO ] ENTERED STANDARD
2026-04-23 20:46:51,787 [ genlib ] [ INFO ] Making atom pairs
2026-04-23 20:46:51,793 [ genlib ] [ INFO ] Updating bond lists
2026-04-23 20:46:51,793 [ genlib ] [ INFO ] Updating dihedrals
2026-04-23 20:46:51,793 [ genlib ] [ INFO ] Updating impropers
2026-04-23 20:46:51,793 [ genlib ] [ INFO ] Building library files for HIP --> VAL mutant
2026-04-23 20:46:51,794 [ genlib ] [ INFO ] reading rtp file "aminoacids.rtp"
2026-04-23 20:46:51,838 [ genlib ] [ INFO ] ENTERED T,A,V,I
2026-04-23 20:46:51,838 [ genlib ] [ INFO ] Making atom pairs
2026-04-23 20:46:51,841 [ genlib ] [ INFO ] Updating bond lists
2026-04-23 20:46:51,842 [ genlib ] [ INFO ] Updating dihedrals
2026-04-23 20:46:51,842 [ genlib ] [ INFO ] Updating impropers
2026-04-23 20:46:51,842 [ genlib ] [ INFO ] Building library files for ILE --> ALA mutant
2026-04-23 20:46:51,843 [ genlib ] [ INFO ] reading rtp file "aminoacids.rtp"
2026-04-23 20:46:51,888 [ genlib ] [ INFO ] ENTERED SIMPLE
2026-04-23 20:46:51,888 [ genlib ] [ INFO ] Making atom pairs
2026-04-23 20:46:51,888 [ genlib ] [ INFO ] Searching branch 1
2026-04-23 20:46:51,888 [ genlib ] [ INFO ] Searching order 2
2026-04-23 20:46:51,888 [ genlib ] [ INFO ] Checking atom HB
2026-04-23 20:46:51,888 [ genlib ] [ INFO ] Define atom pair: ILE|HB|HC|H          - > ALA|2HB|HC|H         (d = 0.10 A)
2026-04-23 20:46:51,888 [ genlib ] [ INFO ] Checking atom CG1
2026-04-23 20:46:51,888 [ genlib ] [ INFO ] Define atom pair: ILE|CG1|2C|C.3       - > ALA|1HB|HC|H         (d = 0.53 A)
2026-04-23 20:46:51,888 [ genlib ] [ INFO ] Checking atom CG2
2026-04-23 20:46:51,888 [ genlib ] [ INFO ] Define atom pair: ILE|CG2|CT|C.3       - > ALA|3HB|HC|H         (d = 0.47 A)
2026-04-23 20:46:51,888 [ genlib ] [ INFO ] Searching order 3
2026-04-23 20:46:51,888 [ genlib ] [ INFO ] Checking atom 1HG1
2026-04-23 20:46:51,888 [ genlib ] [ INFO ] No partner found for atom 1HG1
2026-04-23 20:46:51,888 [ genlib ] [ INFO ] Checking atom 2HG1
2026-04-23 20:46:51,888 [ genlib ] [ INFO ] No partner found for atom 2HG1
2026-04-23 20:46:51,888 [ genlib ] [ INFO ] Checking atom 1HG2
2026-04-23 20:46:51,888 [ genlib ] [ INFO ] No partner found for atom 1HG2
2026-04-23 20:46:51,888 [ genlib ] [ INFO ] Checking atom 2HG2
2026-04-23 20:46:51,888 [ genlib ] [ INFO ] No partner found for atom 2HG2
2026-04-23 20:46:51,888 [ genlib ] [ INFO ] Checking atom 3HG2
2026-04-23 20:46:51,888 [ genlib ] [ INFO ] No partner found for atom 3HG2
2026-04-23 20:46:51,888 [ genlib ] [ INFO ] Checking atom CD1
2026-04-23 20:46:51,888 [ genlib ] [ INFO ] No partner found for atom CD1
2026-04-23 20:46:51,888 [ genlib ] [ INFO ] Searching order 4
2026-04-23 20:46:51,888 [ genlib ] [ INFO ] Searching order 5
2026-04-23 20:46:51,888 [ genlib ] [ INFO ] Searching order 6
2026-04-23 20:46:51,888 [ genlib ] [ INFO ] Searching order 7
2026-04-23 20:46:51,888 [ genlib ] [ INFO ] Searching branch 2
2026-04-23 20:46:51,888 [ genlib ] [ INFO ] Searching order 2
2026-04-23 20:46:51,888 [ genlib ] [ INFO ] Searching order 3
2026-04-23 20:46:51,888 [ genlib ] [ INFO ] Checking atom 1HG1
2026-04-23 20:46:51,888 [ genlib ] [ INFO ] No partner found for atom 1HG1
2026-04-23 20:46:51,888 [ genlib ] [ INFO ] Checking atom 2HG1
2026-04-23 20:46:51,888 [ genlib ] [ INFO ] No partner found for atom 2HG1
2026-04-23 20:46:51,888 [ genlib ] [ INFO ] Checking atom 1HG2
2026-04-23 20:46:51,888 [ genlib ] [ INFO ] No partner found for atom 1HG2
2026-04-23 20:46:51,888 [ genlib ] [ INFO ] Checking atom 2HG2
2026-04-23 20:46:51,888 [ genlib ] [ INFO ] No partner found for atom 2HG2
2026-04-23 20:46:51,888 [ genlib ] [ INFO ] Checking atom 3HG2
2026-04-23 20:46:51,888 [ genlib ] [ INFO ] No partner found for atom 3HG2
2026-04-23 20:46:51,888 [ genlib ] [ INFO ] Checking atom CD1
2026-04-23 20:46:51,888 [ genlib ] [ INFO ] No partner found for atom CD1
2026-04-23 20:46:51,888 [ genlib ] [ INFO ] Searching order 4
2026-04-23 20:46:51,888 [ genlib ] [ INFO ] Searching order 5
2026-04-23 20:46:51,888 [ genlib ] [ INFO ] Searching order 6
2026-04-23 20:46:51,888 [ genlib ] [ INFO ] Searching order 7
2026-04-23 20:46:51,889 [ genlib ] [ INFO ] Updating bond lists
2026-04-23 20:46:51,889 [ genlib ] [ INFO ] Updating dihedrals
2026-04-23 20:46:51,889 [ genlib ] [ INFO ] Updating impropers
2026-04-23 20:46:51,889 [ genlib ] [ INFO ] Building library files for ILE --> ARG mutant
2026-04-23 20:46:51,890 [ genlib ] [ INFO ] reading rtp file "aminoacids.rtp"
2026-04-23 20:46:51,935 [ genlib ] [ INFO ] ENTERED SIMPLE
2026-04-23 20:46:51,935 [ genlib ] [ INFO ] Making atom pairs
2026-04-23 20:46:51,935 [ genlib ] [ INFO ] Searching branch 1
2026-04-23 20:46:51,935 [ genlib ] [ INFO ] Searching order 2
2026-04-23 20:46:51,935 [ genlib ] [ INFO ] Checking atom HB
2026-04-23 20:46:51,935 [ genlib ] [ INFO ] Define atom pair: ILE|HB|HC|H          - > ARG|1HB|HC|H         (d = 0.16 A)
2026-04-23 20:46:51,935 [ genlib ] [ INFO ] Checking atom CG1
2026-04-23 20:46:51,935 [ genlib ] [ INFO ] Define atom pair: ILE|CG1|2C|C.3       - > ARG|CG|C8|C.3        (d = 0.18 A)
2026-04-23 20:46:51,935 [ genlib ] [ INFO ] Checking atom CG2
2026-04-23 20:46:51,935 [ genlib ] [ INFO ] Define atom pair: ILE|CG2|CT|C.3       - > ARG|2HB|HC|H         (d = 0.48 A)
2026-04-23 20:46:51,935 [ genlib ] [ INFO ] Searching order 3
2026-04-23 20:46:51,935 [ genlib ] [ INFO ] Checking atom 1HG1
2026-04-23 20:46:51,935 [ genlib ] [ INFO ] Define atom pair: ILE|1HG1|HC|H        - > ARG|1HG|HC|H         (d = 0.13 A)
2026-04-23 20:46:51,935 [ genlib ] [ INFO ] Checking atom 2HG1
2026-04-23 20:46:51,935 [ genlib ] [ INFO ] Define atom pair: ILE|2HG1|HC|H        - > ARG|2HG|HC|H         (d = 0.29 A)
2026-04-23 20:46:51,935 [ genlib ] [ INFO ] Checking atom 1HG2
2026-04-23 20:46:51,935 [ genlib ] [ INFO ] No partner found for atom 1HG2
2026-04-23 20:46:51,935 [ genlib ] [ INFO ] Checking atom 2HG2
2026-04-23 20:46:51,935 [ genlib ] [ INFO ] No partner found for atom 2HG2
2026-04-23 20:46:51,935 [ genlib ] [ INFO ] Checking atom 3HG2
2026-04-23 20:46:51,935 [ genlib ] [ INFO ] No partner found for atom 3HG2
2026-04-23 20:46:51,935 [ genlib ] [ INFO ] Checking atom CD1
2026-04-23 20:46:51,935 [ genlib ] [ INFO ] Define atom pair: ILE|CD1|CT|C.3       - > ARG|CD|C8|C.3        (d = 0.25 A)
2026-04-23 20:46:51,935 [ genlib ] [ INFO ] Searching order 4
2026-04-23 20:46:51,935 [ genlib ] [ INFO ] Checking atom 1HD1
2026-04-23 20:46:51,935 [ genlib ] [ INFO ] Define atom pair: ILE|1HD1|HC|H        - > ARG|NE|N2|N.pl3      (d = 0.45 A)
2026-04-23 20:46:51,935 [ genlib ] [ INFO ] Checking atom 2HD1
2026-04-23 20:46:51,935 [ genlib ] [ INFO ] Define atom pair: ILE|2HD1|HC|H        - > ARG|1HD|H1|H         (d = 0.31 A)
2026-04-23 20:46:51,935 [ genlib ] [ INFO ] Checking atom 3HD1
2026-04-23 20:46:51,935 [ genlib ] [ INFO ] Define atom pair: ILE|3HD1|HC|H        - > ARG|2HD|H1|H         (d = 0.25 A)
2026-04-23 20:46:51,935 [ genlib ] [ INFO ] Searching order 5
2026-04-23 20:46:51,935 [ genlib ] [ INFO ] Searching order 6
2026-04-23 20:46:51,935 [ genlib ] [ INFO ] Searching order 7
2026-04-23 20:46:51,935 [ genlib ] [ INFO ] Searching branch 2
2026-04-23 20:46:51,935 [ genlib ] [ INFO ] Searching order 2
2026-04-23 20:46:51,935 [ genlib ] [ INFO ] Searching order 3
2026-04-23 20:46:51,935 [ genlib ] [ INFO ] Checking atom 1HG2
2026-04-23 20:46:51,935 [ genlib ] [ INFO ] No partner found for atom 1HG2
2026-04-23 20:46:51,935 [ genlib ] [ INFO ] Checking atom 2HG2
2026-04-23 20:46:51,935 [ genlib ] [ INFO ] No partner found for atom 2HG2
2026-04-23 20:46:51,935 [ genlib ] [ INFO ] Checking atom 3HG2
2026-04-23 20:46:51,935 [ genlib ] [ INFO ] No partner found for atom 3HG2
2026-04-23 20:46:51,935 [ genlib ] [ INFO ] Searching order 4
2026-04-23 20:46:51,935 [ genlib ] [ INFO ] Searching order 5
2026-04-23 20:46:51,935 [ genlib ] [ INFO ] Searching order 6
2026-04-23 20:46:51,935 [ genlib ] [ INFO ] Searching order 7
2026-04-23 20:46:51,939 [ genlib ] [ INFO ] Updating bond lists
2026-04-23 20:46:51,939 [ genlib ] [ INFO ] Updating dihedrals
2026-04-23 20:46:51,939 [ genlib ] [ INFO ] Updating impropers
2026-04-23 20:46:51,940 [ genlib ] [ INFO ] Building library files for ILE --> ASH mutant
2026-04-23 20:46:51,941 [ genlib ] [ INFO ] reading rtp file "aminoacids.rtp"
2026-04-23 20:46:51,987 [ genlib ] [ INFO ] ENTERED SIMPLE
2026-04-23 20:46:51,987 [ genlib ] [ INFO ] Making atom pairs
2026-04-23 20:46:51,987 [ genlib ] [ INFO ] Searching branch 1
2026-04-23 20:46:51,987 [ genlib ] [ INFO ] Searching order 2
2026-04-23 20:46:51,987 [ genlib ] [ INFO ] Checking atom HB
2026-04-23 20:46:51,987 [ genlib ] [ INFO ] Define atom pair: ILE|HB|HC|H          - > ASH|1HB|HC|H         (d = 0.09 A)
2026-04-23 20:46:51,987 [ genlib ] [ INFO ] Checking atom CG1
2026-04-23 20:46:51,987 [ genlib ] [ INFO ] Define atom pair: ILE|CG1|2C|C.3       - > ASH|CG|C|C.2         (d = 0.05 A)
2026-04-23 20:46:51,987 [ genlib ] [ INFO ] Checking atom CG2
2026-04-23 20:46:51,987 [ genlib ] [ INFO ] No partner found for atom CG2
2026-04-23 20:46:51,987 [ genlib ] [ INFO ] Searching order 3
2026-04-23 20:46:51,987 [ genlib ] [ INFO ] Checking atom 1HG1
2026-04-23 20:46:51,987 [ genlib ] [ INFO ] No partner found for atom 1HG1
2026-04-23 20:46:51,987 [ genlib ] [ INFO ] Checking atom 2HG1
2026-04-23 20:46:51,987 [ genlib ] [ INFO ] No partner found for atom 2HG1
2026-04-23 20:46:51,987 [ genlib ] [ INFO ] Checking atom CD1
2026-04-23 20:46:51,987 [ genlib ] [ INFO ] Define atom pair: ILE|CD1|CT|C.3       - > ASH|OD1|O|O.co2      (d = 0.33 A)
2026-04-23 20:46:51,987 [ genlib ] [ INFO ] Searching order 4
2026-04-23 20:46:51,987 [ genlib ] [ INFO ] Checking atom 1HD1
2026-04-23 20:46:51,987 [ genlib ] [ INFO ] No partner found for atom 1HD1
2026-04-23 20:46:51,987 [ genlib ] [ INFO ] Checking atom 2HD1
2026-04-23 20:46:51,988 [ genlib ] [ INFO ] No partner found for atom 2HD1
2026-04-23 20:46:51,988 [ genlib ] [ INFO ] Checking atom 3HD1
2026-04-23 20:46:51,988 [ genlib ] [ INFO ] No partner found for atom 3HD1
2026-04-23 20:46:51,988 [ genlib ] [ INFO ] Searching order 5
2026-04-23 20:46:51,988 [ genlib ] [ INFO ] Searching order 6
2026-04-23 20:46:51,988 [ genlib ] [ INFO ] Searching order 7
2026-04-23 20:46:51,988 [ genlib ] [ INFO ] Searching branch 2
2026-04-23 20:46:51,988 [ genlib ] [ INFO ] Searching order 2
2026-04-23 20:46:51,988 [ genlib ] [ INFO ] Checking atom CG2
2026-04-23 20:46:51,988 [ genlib ] [ INFO ] No partner found for atom CG2
2026-04-23 20:46:51,988 [ genlib ] [ INFO ] Searching order 3
2026-04-23 20:46:51,988 [ genlib ] [ INFO ] Checking atom 1HG1
2026-04-23 20:46:51,988 [ genlib ] [ INFO ] No partner found for atom 1HG1
2026-04-23 20:46:51,988 [ genlib ] [ INFO ] Checking atom 2HG1
2026-04-23 20:46:51,988 [ genlib ] [ INFO ] No partner found for atom 2HG1
2026-04-23 20:46:51,988 [ genlib ] [ INFO ] Searching order 4
2026-04-23 20:46:51,988 [ genlib ] [ INFO ] Checking atom 1HD1
2026-04-23 20:46:51,988 [ genlib ] [ INFO ] No partner found for atom 1HD1
2026-04-23 20:46:51,988 [ genlib ] [ INFO ] Checking atom 2HD1
2026-04-23 20:46:51,988 [ genlib ] [ INFO ] No partner found for atom 2HD1
2026-04-23 20:46:51,988 [ genlib ] [ INFO ] Checking atom 3HD1
2026-04-23 20:46:51,988 [ genlib ] [ INFO ] No partner found for atom 3HD1
2026-04-23 20:46:51,988 [ genlib ] [ INFO ] Searching order 5
2026-04-23 20:46:51,988 [ genlib ] [ INFO ] Searching order 6
2026-04-23 20:46:51,988 [ genlib ] [ INFO ] Searching order 7
2026-04-23 20:46:51,989 [ genlib ] [ INFO ] Updating bond lists
2026-04-23 20:46:51,989 [ genlib ] [ INFO ] Updating dihedrals
2026-04-23 20:46:51,989 [ genlib ] [ INFO ] Updating impropers
2026-04-23 20:46:51,989 [ genlib ] [ INFO ] Building library files for ILE --> ASN mutant
2026-04-23 20:46:51,990 [ genlib ] [ INFO ] reading rtp file "aminoacids.rtp"
2026-04-23 20:46:52,036 [ genlib ] [ INFO ] ENTERED SIMPLE
2026-04-23 20:46:52,036 [ genlib ] [ INFO ] Making atom pairs
2026-04-23 20:46:52,036 [ genlib ] [ INFO ] Searching branch 1
2026-04-23 20:46:52,036 [ genlib ] [ INFO ] Searching order 2
2026-04-23 20:46:52,036 [ genlib ] [ INFO ] Checking atom HB
2026-04-23 20:46:52,036 [ genlib ] [ INFO ] Define atom pair: ILE|HB|HC|H          - > ASN|1HB|HC|H         (d = 0.14 A)
2026-04-23 20:46:52,036 [ genlib ] [ INFO ] Checking atom CG1
2026-04-23 20:46:52,036 [ genlib ] [ INFO ] Define atom pair: ILE|CG1|2C|C.3       - > ASN|CG|C|C.2         (d = 0.06 A)
2026-04-23 20:46:52,036 [ genlib ] [ INFO ] Checking atom CG2
2026-04-23 20:46:52,036 [ genlib ] [ INFO ] Define atom pair: ILE|CG2|CT|C.3       - > ASN|2HB|HC|H         (d = 0.45 A)
2026-04-23 20:46:52,036 [ genlib ] [ INFO ] Searching order 3
2026-04-23 20:46:52,036 [ genlib ] [ INFO ] Checking atom 1HG1
2026-04-23 20:46:52,036 [ genlib ] [ INFO ] No partner found for atom 1HG1
2026-04-23 20:46:52,036 [ genlib ] [ INFO ] Checking atom 2HG1
2026-04-23 20:46:52,036 [ genlib ] [ INFO ] No partner found for atom 2HG1
2026-04-23 20:46:52,036 [ genlib ] [ INFO ] Checking atom 1HG2
2026-04-23 20:46:52,036 [ genlib ] [ INFO ] No partner found for atom 1HG2
2026-04-23 20:46:52,036 [ genlib ] [ INFO ] Checking atom 2HG2
2026-04-23 20:46:52,036 [ genlib ] [ INFO ] No partner found for atom 2HG2
2026-04-23 20:46:52,036 [ genlib ] [ INFO ] Checking atom 3HG2
2026-04-23 20:46:52,036 [ genlib ] [ INFO ] No partner found for atom 3HG2
2026-04-23 20:46:52,036 [ genlib ] [ INFO ] Checking atom CD1
2026-04-23 20:46:52,036 [ genlib ] [ INFO ] Define atom pair: ILE|CD1|CT|C.3       - > ASN|OD1|O|O.2        (d = 0.34 A)
2026-04-23 20:46:52,036 [ genlib ] [ INFO ] Searching order 4
2026-04-23 20:46:52,036 [ genlib ] [ INFO ] Checking atom 1HD1
2026-04-23 20:46:52,036 [ genlib ] [ INFO ] No partner found for atom 1HD1
2026-04-23 20:46:52,036 [ genlib ] [ INFO ] Checking atom 2HD1
2026-04-23 20:46:52,036 [ genlib ] [ INFO ] No partner found for atom 2HD1
2026-04-23 20:46:52,036 [ genlib ] [ INFO ] Checking atom 3HD1
2026-04-23 20:46:52,036 [ genlib ] [ INFO ] No partner found for atom 3HD1
2026-04-23 20:46:52,036 [ genlib ] [ INFO ] Searching order 5
2026-04-23 20:46:52,036 [ genlib ] [ INFO ] Searching order 6
2026-04-23 20:46:52,036 [ genlib ] [ INFO ] Searching order 7
2026-04-23 20:46:52,036 [ genlib ] [ INFO ] Searching branch 2
2026-04-23 20:46:52,036 [ genlib ] [ INFO ] Searching order 2
2026-04-23 20:46:52,036 [ genlib ] [ INFO ] Searching order 3
2026-04-23 20:46:52,036 [ genlib ] [ INFO ] Checking atom 1HG1
2026-04-23 20:46:52,036 [ genlib ] [ INFO ] No partner found for atom 1HG1
2026-04-23 20:46:52,036 [ genlib ] [ INFO ] Checking atom 2HG1
2026-04-23 20:46:52,036 [ genlib ] [ INFO ] No partner found for atom 2HG1
2026-04-23 20:46:52,036 [ genlib ] [ INFO ] Checking atom 1HG2
2026-04-23 20:46:52,036 [ genlib ] [ INFO ] No partner found for atom 1HG2
2026-04-23 20:46:52,036 [ genlib ] [ INFO ] Checking atom 2HG2
2026-04-23 20:46:52,036 [ genlib ] [ INFO ] No partner found for atom 2HG2
2026-04-23 20:46:52,036 [ genlib ] [ INFO ] Checking atom 3HG2
2026-04-23 20:46:52,036 [ genlib ] [ INFO ] No partner found for atom 3HG2
2026-04-23 20:46:52,036 [ genlib ] [ INFO ] Searching order 4
2026-04-23 20:46:52,036 [ genlib ] [ INFO ] Checking atom 1HD1
2026-04-23 20:46:52,036 [ genlib ] [ INFO ] No partner found for atom 1HD1
2026-04-23 20:46:52,036 [ genlib ] [ INFO ] Checking atom 2HD1
2026-04-23 20:46:52,036 [ genlib ] [ INFO ] No partner found for atom 2HD1
2026-04-23 20:46:52,036 [ genlib ] [ INFO ] Checking atom 3HD1
2026-04-23 20:46:52,036 [ genlib ] [ INFO ] No partner found for atom 3HD1
2026-04-23 20:46:52,036 [ genlib ] [ INFO ] Searching order 5
2026-04-23 20:46:52,036 [ genlib ] [ INFO ] Searching order 6
2026-04-23 20:46:52,036 [ genlib ] [ INFO ] Searching order 7
2026-04-23 20:46:52,038 [ genlib ] [ INFO ] Updating bond lists
2026-04-23 20:46:52,038 [ genlib ] [ INFO ] Updating dihedrals
2026-04-23 20:46:52,038 [ genlib ] [ INFO ] Updating impropers
2026-04-23 20:46:52,038 [ genlib ] [ INFO ] Building library files for ILE --> ASP mutant
2026-04-23 20:46:52,039 [ genlib ] [ INFO ] reading rtp file "aminoacids.rtp"
2026-04-23 20:46:52,086 [ genlib ] [ INFO ] ENTERED SIMPLE
2026-04-23 20:46:52,086 [ genlib ] [ INFO ] Making atom pairs
2026-04-23 20:46:52,086 [ genlib ] [ INFO ] Searching branch 1
2026-04-23 20:46:52,086 [ genlib ] [ INFO ] Searching order 2
2026-04-23 20:46:52,086 [ genlib ] [ INFO ] Checking atom HB
2026-04-23 20:46:52,086 [ genlib ] [ INFO ] Define atom pair: ILE|HB|HC|H          - > ASP|1HB|HC|H         (d = 0.07 A)
2026-04-23 20:46:52,086 [ genlib ] [ INFO ] Checking atom CG1
2026-04-23 20:46:52,086 [ genlib ] [ INFO ] Define atom pair: ILE|CG1|2C|C.3       - > ASP|CG|CO|C.2        (d = 0.05 A)
2026-04-23 20:46:52,086 [ genlib ] [ INFO ] Checking atom CG2
2026-04-23 20:46:52,086 [ genlib ] [ INFO ] Define atom pair: ILE|CG2|CT|C.3       - > ASP|2HB|HC|H         (d = 0.48 A)
2026-04-23 20:46:52,086 [ genlib ] [ INFO ] Searching order 3
2026-04-23 20:46:52,086 [ genlib ] [ INFO ] Checking atom 1HG1
2026-04-23 20:46:52,086 [ genlib ] [ INFO ] No partner found for atom 1HG1
2026-04-23 20:46:52,086 [ genlib ] [ INFO ] Checking atom 2HG1
2026-04-23 20:46:52,086 [ genlib ] [ INFO ] No partner found for atom 2HG1
2026-04-23 20:46:52,086 [ genlib ] [ INFO ] Checking atom 1HG2
2026-04-23 20:46:52,086 [ genlib ] [ INFO ] No partner found for atom 1HG2
2026-04-23 20:46:52,086 [ genlib ] [ INFO ] Checking atom 2HG2
2026-04-23 20:46:52,086 [ genlib ] [ INFO ] No partner found for atom 2HG2
2026-04-23 20:46:52,086 [ genlib ] [ INFO ] Checking atom 3HG2
2026-04-23 20:46:52,086 [ genlib ] [ INFO ] No partner found for atom 3HG2
2026-04-23 20:46:52,086 [ genlib ] [ INFO ] Checking atom CD1
2026-04-23 20:46:52,086 [ genlib ] [ INFO ] Define atom pair: ILE|CD1|CT|C.3       - > ASP|OD1|O2|O.co2     (d = 0.33 A)
2026-04-23 20:46:52,086 [ genlib ] [ INFO ] Searching order 4
2026-04-23 20:46:52,086 [ genlib ] [ INFO ] Checking atom 1HD1
2026-04-23 20:46:52,086 [ genlib ] [ INFO ] No partner found for atom 1HD1
2026-04-23 20:46:52,086 [ genlib ] [ INFO ] Checking atom 2HD1
2026-04-23 20:46:52,086 [ genlib ] [ INFO ] No partner found for atom 2HD1
2026-04-23 20:46:52,086 [ genlib ] [ INFO ] Checking atom 3HD1
2026-04-23 20:46:52,086 [ genlib ] [ INFO ] No partner found for atom 3HD1
2026-04-23 20:46:52,086 [ genlib ] [ INFO ] Searching order 5
2026-04-23 20:46:52,086 [ genlib ] [ INFO ] Searching order 6
2026-04-23 20:46:52,086 [ genlib ] [ INFO ] Searching order 7
2026-04-23 20:46:52,086 [ genlib ] [ INFO ] Searching branch 2
2026-04-23 20:46:52,086 [ genlib ] [ INFO ] Searching order 2
2026-04-23 20:46:52,086 [ genlib ] [ INFO ] Searching order 3
2026-04-23 20:46:52,086 [ genlib ] [ INFO ] Checking atom 1HG1
2026-04-23 20:46:52,086 [ genlib ] [ INFO ] No partner found for atom 1HG1
2026-04-23 20:46:52,086 [ genlib ] [ INFO ] Checking atom 2HG1
2026-04-23 20:46:52,086 [ genlib ] [ INFO ] No partner found for atom 2HG1
2026-04-23 20:46:52,086 [ genlib ] [ INFO ] Checking atom 1HG2
2026-04-23 20:46:52,086 [ genlib ] [ INFO ] No partner found for atom 1HG2
2026-04-23 20:46:52,086 [ genlib ] [ INFO ] Checking atom 2HG2
2026-04-23 20:46:52,086 [ genlib ] [ INFO ] No partner found for atom 2HG2
2026-04-23 20:46:52,086 [ genlib ] [ INFO ] Checking atom 3HG2
2026-04-23 20:46:52,086 [ genlib ] [ INFO ] No partner found for atom 3HG2
2026-04-23 20:46:52,086 [ genlib ] [ INFO ] Searching order 4
2026-04-23 20:46:52,086 [ genlib ] [ INFO ] Checking atom 1HD1
2026-04-23 20:46:52,086 [ genlib ] [ INFO ] No partner found for atom 1HD1
2026-04-23 20:46:52,086 [ genlib ] [ INFO ] Checking atom 2HD1
2026-04-23 20:46:52,086 [ genlib ] [ INFO ] No partner found for atom 2HD1
2026-04-23 20:46:52,086 [ genlib ] [ INFO ] Checking atom 3HD1
2026-04-23 20:46:52,086 [ genlib ] [ INFO ] No partner found for atom 3HD1
2026-04-23 20:46:52,086 [ genlib ] [ INFO ] Searching order 5
2026-04-23 20:46:52,086 [ genlib ] [ INFO ] Searching order 6
2026-04-23 20:46:52,086 [ genlib ] [ INFO ] Searching order 7
2026-04-23 20:46:52,105 [ genlib ] [ INFO ] Updating bond lists
2026-04-23 20:46:52,105 [ genlib ] [ INFO ] Updating dihedrals
2026-04-23 20:46:52,105 [ genlib ] [ INFO ] Updating impropers
2026-04-23 20:46:52,105 [ genlib ] [ INFO ] Building library files for ILE --> CYS mutant
2026-04-23 20:46:52,106 [ genlib ] [ INFO ] reading rtp file "aminoacids.rtp"
2026-04-23 20:46:52,151 [ genlib ] [ INFO ] ENTERED SIMPLE
2026-04-23 20:46:52,151 [ genlib ] [ INFO ] Making atom pairs
2026-04-23 20:46:52,151 [ genlib ] [ INFO ] Searching branch 1
2026-04-23 20:46:52,151 [ genlib ] [ INFO ] Searching order 2
2026-04-23 20:46:52,152 [ genlib ] [ INFO ] Checking atom HB
2026-04-23 20:46:52,152 [ genlib ] [ INFO ] Define atom pair: ILE|HB|HC|H          - > CYS|1HB|H1|H         (d = 0.08 A)
2026-04-23 20:46:52,152 [ genlib ] [ INFO ] Checking atom CG1
2026-04-23 20:46:52,152 [ genlib ] [ INFO ] Define atom pair: ILE|CG1|2C|C.3       - > CYS|SG|SH|S.3        (d = 0.23 A)
2026-04-23 20:46:52,152 [ genlib ] [ INFO ] Checking atom CG2
2026-04-23 20:46:52,152 [ genlib ] [ INFO ] Define atom pair: ILE|CG2|CT|C.3       - > CYS|2HB|H1|H         (d = 0.47 A)
2026-04-23 20:46:52,152 [ genlib ] [ INFO ] Searching order 3
2026-04-23 20:46:52,152 [ genlib ] [ INFO ] Checking atom 1HG1
2026-04-23 20:46:52,152 [ genlib ] [ INFO ] No partner found for atom 1HG1
2026-04-23 20:46:52,152 [ genlib ] [ INFO ] Checking atom 2HG1
2026-04-23 20:46:52,152 [ genlib ] [ INFO ] No partner found for atom 2HG1
2026-04-23 20:46:52,152 [ genlib ] [ INFO ] Checking atom 1HG2
2026-04-23 20:46:52,152 [ genlib ] [ INFO ] No partner found for atom 1HG2
2026-04-23 20:46:52,152 [ genlib ] [ INFO ] Checking atom 2HG2
2026-04-23 20:46:52,152 [ genlib ] [ INFO ] No partner found for atom 2HG2
2026-04-23 20:46:52,152 [ genlib ] [ INFO ] Checking atom 3HG2
2026-04-23 20:46:52,152 [ genlib ] [ INFO ] No partner found for atom 3HG2
2026-04-23 20:46:52,152 [ genlib ] [ INFO ] Checking atom CD1
2026-04-23 20:46:52,152 [ genlib ] [ INFO ] Define atom pair: ILE|CD1|CT|C.3       - > CYS|HG|HS|H          (d = 0.29 A)
2026-04-23 20:46:52,152 [ genlib ] [ INFO ] Searching order 4
2026-04-23 20:46:52,152 [ genlib ] [ INFO ] Checking atom 1HD1
2026-04-23 20:46:52,152 [ genlib ] [ INFO ] No partner found for atom 1HD1
2026-04-23 20:46:52,152 [ genlib ] [ INFO ] Checking atom 2HD1
2026-04-23 20:46:52,152 [ genlib ] [ INFO ] No partner found for atom 2HD1
2026-04-23 20:46:52,152 [ genlib ] [ INFO ] Checking atom 3HD1
2026-04-23 20:46:52,152 [ genlib ] [ INFO ] No partner found for atom 3HD1
2026-04-23 20:46:52,152 [ genlib ] [ INFO ] Searching order 5
2026-04-23 20:46:52,152 [ genlib ] [ INFO ] Searching order 6
2026-04-23 20:46:52,152 [ genlib ] [ INFO ] Searching order 7
2026-04-23 20:46:52,152 [ genlib ] [ INFO ] Searching branch 2
2026-04-23 20:46:52,152 [ genlib ] [ INFO ] Searching order 2
2026-04-23 20:46:52,152 [ genlib ] [ INFO ] Searching order 3
2026-04-23 20:46:52,152 [ genlib ] [ INFO ] Checking atom 1HG1
2026-04-23 20:46:52,152 [ genlib ] [ INFO ] No partner found for atom 1HG1
2026-04-23 20:46:52,152 [ genlib ] [ INFO ] Checking atom 2HG1
2026-04-23 20:46:52,152 [ genlib ] [ INFO ] No partner found for atom 2HG1
2026-04-23 20:46:52,152 [ genlib ] [ INFO ] Checking atom 1HG2
2026-04-23 20:46:52,152 [ genlib ] [ INFO ] No partner found for atom 1HG2
2026-04-23 20:46:52,152 [ genlib ] [ INFO ] Checking atom 2HG2
2026-04-23 20:46:52,152 [ genlib ] [ INFO ] No partner found for atom 2HG2
2026-04-23 20:46:52,152 [ genlib ] [ INFO ] Checking atom 3HG2
2026-04-23 20:46:52,152 [ genlib ] [ INFO ] No partner found for atom 3HG2
2026-04-23 20:46:52,152 [ genlib ] [ INFO ] Searching order 4
2026-04-23 20:46:52,152 [ genlib ] [ INFO ] Checking atom 1HD1
2026-04-23 20:46:52,152 [ genlib ] [ INFO ] No partner found for atom 1HD1
2026-04-23 20:46:52,152 [ genlib ] [ INFO ] Checking atom 2HD1
2026-04-23 20:46:52,152 [ genlib ] [ INFO ] No partner found for atom 2HD1
2026-04-23 20:46:52,152 [ genlib ] [ INFO ] Checking atom 3HD1
2026-04-23 20:46:52,152 [ genlib ] [ INFO ] No partner found for atom 3HD1
2026-04-23 20:46:52,152 [ genlib ] [ INFO ] Searching order 5
2026-04-23 20:46:52,152 [ genlib ] [ INFO ] Searching order 6
2026-04-23 20:46:52,152 [ genlib ] [ INFO ] Searching order 7
2026-04-23 20:46:52,153 [ genlib ] [ INFO ] Updating bond lists
2026-04-23 20:46:52,153 [ genlib ] [ INFO ] Updating dihedrals
2026-04-23 20:46:52,153 [ genlib ] [ INFO ] Updating impropers
2026-04-23 20:46:52,153 [ genlib ] [ INFO ] Building library files for ILE --> GLH mutant
2026-04-23 20:46:52,154 [ genlib ] [ INFO ] reading rtp file "aminoacids.rtp"
2026-04-23 20:46:52,198 [ genlib ] [ INFO ] ENTERED SIMPLE
2026-04-23 20:46:52,199 [ genlib ] [ INFO ] Making atom pairs
2026-04-23 20:46:52,199 [ genlib ] [ INFO ] Searching branch 1
2026-04-23 20:46:52,199 [ genlib ] [ INFO ] Searching order 2
2026-04-23 20:46:52,199 [ genlib ] [ INFO ] Checking atom HB
2026-04-23 20:46:52,199 [ genlib ] [ INFO ] Define atom pair: ILE|HB|HC|H          - > GLH|1HB|HC|H         (d = 0.11 A)
2026-04-23 20:46:52,199 [ genlib ] [ INFO ] Checking atom CG1
2026-04-23 20:46:52,199 [ genlib ] [ INFO ] Define atom pair: ILE|CG1|2C|C.3       - > GLH|CG|2C|C.3        (d = 0.06 A)
2026-04-23 20:46:52,199 [ genlib ] [ INFO ] Checking atom CG2
2026-04-23 20:46:52,199 [ genlib ] [ INFO ] No partner found for atom CG2
2026-04-23 20:46:52,199 [ genlib ] [ INFO ] Searching order 3
2026-04-23 20:46:52,199 [ genlib ] [ INFO ] Checking atom 1HG1
2026-04-23 20:46:52,199 [ genlib ] [ INFO ] Define atom pair: ILE|1HG1|HC|H        - > GLH|1HG|HC|H         (d = 0.11 A)
2026-04-23 20:46:52,199 [ genlib ] [ INFO ] Checking atom 2HG1
2026-04-23 20:46:52,199 [ genlib ] [ INFO ] Define atom pair: ILE|2HG1|HC|H        - > GLH|2HG|HC|H         (d = 0.14 A)
2026-04-23 20:46:52,199 [ genlib ] [ INFO ] Checking atom CD1
2026-04-23 20:46:52,199 [ genlib ] [ INFO ] Define atom pair: ILE|CD1|CT|C.3       - > GLH|CD|C|C.2         (d = 0.02 A)
2026-04-23 20:46:52,199 [ genlib ] [ INFO ] Searching order 4
2026-04-23 20:46:52,199 [ genlib ] [ INFO ] Checking atom 1HD1
2026-04-23 20:46:52,199 [ genlib ] [ INFO ] Define atom pair: ILE|1HD1|HC|H        - > GLH|OE1|O|O.co2      (d = 0.23 A)
2026-04-23 20:46:52,199 [ genlib ] [ INFO ] Checking atom 2HD1
2026-04-23 20:46:52,199 [ genlib ] [ INFO ] No partner found for atom 2HD1
2026-04-23 20:46:52,199 [ genlib ] [ INFO ] Checking atom 3HD1
2026-04-23 20:46:52,199 [ genlib ] [ INFO ] No partner found for atom 3HD1
2026-04-23 20:46:52,199 [ genlib ] [ INFO ] Searching order 5
2026-04-23 20:46:52,199 [ genlib ] [ INFO ] Searching order 6
2026-04-23 20:46:52,199 [ genlib ] [ INFO ] Searching order 7
2026-04-23 20:46:52,199 [ genlib ] [ INFO ] Searching branch 2
2026-04-23 20:46:52,199 [ genlib ] [ INFO ] Searching order 2
2026-04-23 20:46:52,199 [ genlib ] [ INFO ] Checking atom CG2
2026-04-23 20:46:52,199 [ genlib ] [ INFO ] No partner found for atom CG2
2026-04-23 20:46:52,199 [ genlib ] [ INFO ] Searching order 3
2026-04-23 20:46:52,199 [ genlib ] [ INFO ] Searching order 4
2026-04-23 20:46:52,199 [ genlib ] [ INFO ] Checking atom 2HD1
2026-04-23 20:46:52,199 [ genlib ] [ INFO ] No partner found for atom 2HD1
2026-04-23 20:46:52,199 [ genlib ] [ INFO ] Checking atom 3HD1
2026-04-23 20:46:52,199 [ genlib ] [ INFO ] No partner found for atom 3HD1
2026-04-23 20:46:52,199 [ genlib ] [ INFO ] Searching order 5
2026-04-23 20:46:52,199 [ genlib ] [ INFO ] Searching order 6
2026-04-23 20:46:52,199 [ genlib ] [ INFO ] Searching order 7
2026-04-23 20:46:52,201 [ genlib ] [ INFO ] Updating bond lists
2026-04-23 20:46:52,201 [ genlib ] [ INFO ] Updating dihedrals
2026-04-23 20:46:52,201 [ genlib ] [ INFO ] Updating impropers
2026-04-23 20:46:52,201 [ genlib ] [ INFO ] Building library files for ILE --> GLN mutant
2026-04-23 20:46:52,202 [ genlib ] [ INFO ] reading rtp file "aminoacids.rtp"
2026-04-23 20:46:52,247 [ genlib ] [ INFO ] ENTERED SIMPLE
2026-04-23 20:46:52,247 [ genlib ] [ INFO ] Making atom pairs
2026-04-23 20:46:52,247 [ genlib ] [ INFO ] Searching branch 1
2026-04-23 20:46:52,247 [ genlib ] [ INFO ] Searching order 2
2026-04-23 20:46:52,247 [ genlib ] [ INFO ] Checking atom HB
2026-04-23 20:46:52,247 [ genlib ] [ INFO ] Define atom pair: ILE|HB|HC|H          - > GLN|1HB|HC|H         (d = 0.11 A)
2026-04-23 20:46:52,247 [ genlib ] [ INFO ] Checking atom CG1
2026-04-23 20:46:52,247 [ genlib ] [ INFO ] Define atom pair: ILE|CG1|2C|C.3       - > GLN|CG|2C|C.3        (d = 0.11 A)
2026-04-23 20:46:52,247 [ genlib ] [ INFO ] Checking atom CG2
2026-04-23 20:46:52,247 [ genlib ] [ INFO ] Define atom pair: ILE|CG2|CT|C.3       - > GLN|2HB|HC|H         (d = 0.49 A)
2026-04-23 20:46:52,247 [ genlib ] [ INFO ] Searching order 3
2026-04-23 20:46:52,247 [ genlib ] [ INFO ] Checking atom 1HG1
2026-04-23 20:46:52,247 [ genlib ] [ INFO ] Define atom pair: ILE|1HG1|HC|H        - > GLN|1HG|HC|H         (d = 0.03 A)
2026-04-23 20:46:52,247 [ genlib ] [ INFO ] Checking atom 2HG1
2026-04-23 20:46:52,247 [ genlib ] [ INFO ] Define atom pair: ILE|2HG1|HC|H        - > GLN|2HG|HC|H         (d = 0.20 A)
2026-04-23 20:46:52,247 [ genlib ] [ INFO ] Checking atom 1HG2
2026-04-23 20:46:52,247 [ genlib ] [ INFO ] No partner found for atom 1HG2
2026-04-23 20:46:52,247 [ genlib ] [ INFO ] Checking atom 2HG2
2026-04-23 20:46:52,247 [ genlib ] [ INFO ] No partner found for atom 2HG2
2026-04-23 20:46:52,247 [ genlib ] [ INFO ] Checking atom 3HG2
2026-04-23 20:46:52,247 [ genlib ] [ INFO ] No partner found for atom 3HG2
2026-04-23 20:46:52,247 [ genlib ] [ INFO ] Checking atom CD1
2026-04-23 20:46:52,247 [ genlib ] [ INFO ] Define atom pair: ILE|CD1|CT|C.3       - > GLN|CD|C|C.2         (d = 0.17 A)
2026-04-23 20:46:52,247 [ genlib ] [ INFO ] Searching order 4
2026-04-23 20:46:52,247 [ genlib ] [ INFO ] Checking atom 1HD1
2026-04-23 20:46:52,247 [ genlib ] [ INFO ] Define atom pair: ILE|1HD1|HC|H        - > GLN|OE1|O|O.2        (d = 0.21 A)
2026-04-23 20:46:52,247 [ genlib ] [ INFO ] Checking atom 2HD1
2026-04-23 20:46:52,247 [ genlib ] [ INFO ] No partner found for atom 2HD1
2026-04-23 20:46:52,247 [ genlib ] [ INFO ] Checking atom 3HD1
2026-04-23 20:46:52,247 [ genlib ] [ INFO ] No partner found for atom 3HD1
2026-04-23 20:46:52,247 [ genlib ] [ INFO ] Searching order 5
2026-04-23 20:46:52,247 [ genlib ] [ INFO ] Searching order 6
2026-04-23 20:46:52,247 [ genlib ] [ INFO ] Searching order 7
2026-04-23 20:46:52,247 [ genlib ] [ INFO ] Searching branch 2
2026-04-23 20:46:52,247 [ genlib ] [ INFO ] Searching order 2
2026-04-23 20:46:52,247 [ genlib ] [ INFO ] Searching order 3
2026-04-23 20:46:52,247 [ genlib ] [ INFO ] Checking atom 1HG2
2026-04-23 20:46:52,247 [ genlib ] [ INFO ] No partner found for atom 1HG2
2026-04-23 20:46:52,247 [ genlib ] [ INFO ] Checking atom 2HG2
2026-04-23 20:46:52,247 [ genlib ] [ INFO ] No partner found for atom 2HG2
2026-04-23 20:46:52,247 [ genlib ] [ INFO ] Checking atom 3HG2
2026-04-23 20:46:52,247 [ genlib ] [ INFO ] No partner found for atom 3HG2
2026-04-23 20:46:52,247 [ genlib ] [ INFO ] Searching order 4
2026-04-23 20:46:52,247 [ genlib ] [ INFO ] Checking atom 2HD1
2026-04-23 20:46:52,247 [ genlib ] [ INFO ] No partner found for atom 2HD1
2026-04-23 20:46:52,247 [ genlib ] [ INFO ] Checking atom 3HD1
2026-04-23 20:46:52,247 [ genlib ] [ INFO ] No partner found for atom 3HD1
2026-04-23 20:46:52,247 [ genlib ] [ INFO ] Searching order 5
2026-04-23 20:46:52,247 [ genlib ] [ INFO ] Searching order 6
2026-04-23 20:46:52,247 [ genlib ] [ INFO ] Searching order 7
2026-04-23 20:46:52,249 [ genlib ] [ INFO ] Updating bond lists
2026-04-23 20:46:52,249 [ genlib ] [ INFO ] Updating dihedrals
2026-04-23 20:46:52,249 [ genlib ] [ INFO ] Updating impropers
2026-04-23 20:46:52,249 [ genlib ] [ INFO ] Building library files for ILE --> GLU mutant
2026-04-23 20:46:52,250 [ genlib ] [ INFO ] reading rtp file "aminoacids.rtp"
2026-04-23 20:46:52,296 [ genlib ] [ INFO ] ENTERED SIMPLE
2026-04-23 20:46:52,296 [ genlib ] [ INFO ] Making atom pairs
2026-04-23 20:46:52,296 [ genlib ] [ INFO ] Searching branch 1
2026-04-23 20:46:52,296 [ genlib ] [ INFO ] Searching order 2
2026-04-23 20:46:52,296 [ genlib ] [ INFO ] Checking atom HB
2026-04-23 20:46:52,296 [ genlib ] [ INFO ] Define atom pair: ILE|HB|HC|H          - > GLU|1HB|HC|H         (d = 0.05 A)
2026-04-23 20:46:52,296 [ genlib ] [ INFO ] Checking atom CG1
2026-04-23 20:46:52,296 [ genlib ] [ INFO ] Define atom pair: ILE|CG1|2C|C.3       - > GLU|CG|2C|C.3        (d = 0.06 A)
2026-04-23 20:46:52,296 [ genlib ] [ INFO ] Checking atom CG2
2026-04-23 20:46:52,296 [ genlib ] [ INFO ] Define atom pair: ILE|CG2|CT|C.3       - > GLU|2HB|HC|H         (d = 0.53 A)
2026-04-23 20:46:52,296 [ genlib ] [ INFO ] Searching order 3
2026-04-23 20:46:52,296 [ genlib ] [ INFO ] Checking atom 1HG1
2026-04-23 20:46:52,296 [ genlib ] [ INFO ] Define atom pair: ILE|1HG1|HC|H        - > GLU|1HG|HC|H         (d = 0.11 A)
2026-04-23 20:46:52,296 [ genlib ] [ INFO ] Checking atom 2HG1
2026-04-23 20:46:52,296 [ genlib ] [ INFO ] Define atom pair: ILE|2HG1|HC|H        - > GLU|2HG|HC|H         (d = 0.11 A)
2026-04-23 20:46:52,296 [ genlib ] [ INFO ] Checking atom 1HG2
2026-04-23 20:46:52,296 [ genlib ] [ INFO ] No partner found for atom 1HG2
2026-04-23 20:46:52,296 [ genlib ] [ INFO ] Checking atom 2HG2
2026-04-23 20:46:52,296 [ genlib ] [ INFO ] No partner found for atom 2HG2
2026-04-23 20:46:52,296 [ genlib ] [ INFO ] Checking atom 3HG2
2026-04-23 20:46:52,296 [ genlib ] [ INFO ] No partner found for atom 3HG2
2026-04-23 20:46:52,296 [ genlib ] [ INFO ] Checking atom CD1
2026-04-23 20:46:52,296 [ genlib ] [ INFO ] Define atom pair: ILE|CD1|CT|C.3       - > GLU|CD|CO|C.2        (d = 0.03 A)
2026-04-23 20:46:52,296 [ genlib ] [ INFO ] Searching order 4
2026-04-23 20:46:52,296 [ genlib ] [ INFO ] Checking atom 1HD1
2026-04-23 20:46:52,296 [ genlib ] [ INFO ] Define atom pair: ILE|1HD1|HC|H        - > GLU|OE1|O2|O.co2     (d = 0.22 A)
2026-04-23 20:46:52,296 [ genlib ] [ INFO ] Checking atom 2HD1
2026-04-23 20:46:52,296 [ genlib ] [ INFO ] No partner found for atom 2HD1
2026-04-23 20:46:52,296 [ genlib ] [ INFO ] Checking atom 3HD1
2026-04-23 20:46:52,296 [ genlib ] [ INFO ] No partner found for atom 3HD1
2026-04-23 20:46:52,296 [ genlib ] [ INFO ] Searching order 5
2026-04-23 20:46:52,296 [ genlib ] [ INFO ] Searching order 6
2026-04-23 20:46:52,296 [ genlib ] [ INFO ] Searching order 7
2026-04-23 20:46:52,296 [ genlib ] [ INFO ] Searching branch 2
2026-04-23 20:46:52,296 [ genlib ] [ INFO ] Searching order 2
2026-04-23 20:46:52,296 [ genlib ] [ INFO ] Searching order 3
2026-04-23 20:46:52,296 [ genlib ] [ INFO ] Checking atom 1HG2
2026-04-23 20:46:52,296 [ genlib ] [ INFO ] No partner found for atom 1HG2
2026-04-23 20:46:52,296 [ genlib ] [ INFO ] Checking atom 2HG2
2026-04-23 20:46:52,296 [ genlib ] [ INFO ] No partner found for atom 2HG2
2026-04-23 20:46:52,296 [ genlib ] [ INFO ] Checking atom 3HG2
2026-04-23 20:46:52,296 [ genlib ] [ INFO ] No partner found for atom 3HG2
2026-04-23 20:46:52,296 [ genlib ] [ INFO ] Searching order 4
2026-04-23 20:46:52,296 [ genlib ] [ INFO ] Checking atom 2HD1
2026-04-23 20:46:52,296 [ genlib ] [ INFO ] No partner found for atom 2HD1
2026-04-23 20:46:52,296 [ genlib ] [ INFO ] Checking atom 3HD1
2026-04-23 20:46:52,296 [ genlib ] [ INFO ] No partner found for atom 3HD1
2026-04-23 20:46:52,296 [ genlib ] [ INFO ] Searching order 5
2026-04-23 20:46:52,296 [ genlib ] [ INFO ] Searching order 6
2026-04-23 20:46:52,296 [ genlib ] [ INFO ] Searching order 7
2026-04-23 20:46:52,297 [ genlib ] [ INFO ] Updating bond lists
2026-04-23 20:46:52,297 [ genlib ] [ INFO ] Updating dihedrals
2026-04-23 20:46:52,297 [ genlib ] [ INFO ] Updating impropers
2026-04-23 20:46:52,297 [ genlib ] [ INFO ] Building library files for ILE --> GLY mutant
2026-04-23 20:46:52,298 [ genlib ] [ INFO ] reading rtp file "aminoacids.rtp"
2026-04-23 20:46:52,342 [ genlib ] [ INFO ] ENTERED G
2026-04-23 20:46:52,342 [ genlib ] [ INFO ] Making atom pairs
2026-04-23 20:46:52,342 [ genlib ] [ INFO ] Updating bond lists
2026-04-23 20:46:52,342 [ genlib ] [ INFO ] Updating dihedrals
2026-04-23 20:46:52,342 [ genlib ] [ INFO ] Updating impropers
2026-04-23 20:46:52,343 [ genlib ] [ INFO ] Building library files for ILE --> HID mutant
2026-04-23 20:46:52,344 [ genlib ] [ INFO ] reading rtp file "aminoacids.rtp"
2026-04-23 20:46:52,387 [ genlib ] [ INFO ] ENTERED T,A,V,I
2026-04-23 20:46:52,387 [ genlib ] [ INFO ] Making atom pairs
2026-04-23 20:46:52,391 [ genlib ] [ INFO ] Updating bond lists
2026-04-23 20:46:52,391 [ genlib ] [ INFO ] Updating dihedrals
2026-04-23 20:46:52,391 [ genlib ] [ INFO ] Updating impropers
2026-04-23 20:46:52,391 [ genlib ] [ INFO ] Building library files for ILE --> HIE mutant
2026-04-23 20:46:52,392 [ genlib ] [ INFO ] reading rtp file "aminoacids.rtp"
2026-04-23 20:46:52,436 [ genlib ] [ INFO ] ENTERED T,A,V,I
2026-04-23 20:46:52,436 [ genlib ] [ INFO ] Making atom pairs
2026-04-23 20:46:52,439 [ genlib ] [ INFO ] Updating bond lists
2026-04-23 20:46:52,440 [ genlib ] [ INFO ] Updating dihedrals
2026-04-23 20:46:52,440 [ genlib ] [ INFO ] Updating impropers
2026-04-23 20:46:52,440 [ genlib ] [ INFO ] Building library files for ILE --> HIP mutant
2026-04-23 20:46:52,441 [ genlib ] [ INFO ] reading rtp file "aminoacids.rtp"
2026-04-23 20:46:52,484 [ genlib ] [ INFO ] ENTERED T,A,V,I
2026-04-23 20:46:52,484 [ genlib ] [ INFO ] Making atom pairs
2026-04-23 20:46:52,488 [ genlib ] [ INFO ] Updating bond lists
2026-04-23 20:46:52,488 [ genlib ] [ INFO ] Updating dihedrals
2026-04-23 20:46:52,488 [ genlib ] [ INFO ] Updating impropers
2026-04-23 20:46:52,489 [ genlib ] [ INFO ] Building library files for ILE --> LEU mutant
2026-04-23 20:46:52,489 [ genlib ] [ INFO ] reading rtp file "aminoacids.rtp"
2026-04-23 20:46:52,533 [ genlib ] [ INFO ] ENTERED SIMPLE
2026-04-23 20:46:52,533 [ genlib ] [ INFO ] Making atom pairs
2026-04-23 20:46:52,533 [ genlib ] [ INFO ] Searching branch 1
2026-04-23 20:46:52,533 [ genlib ] [ INFO ] Searching order 2
2026-04-23 20:46:52,533 [ genlib ] [ INFO ] Checking atom HB
2026-04-23 20:46:52,533 [ genlib ] [ INFO ] Define atom pair: ILE|HB|HC|H          - > LEU|1HB|HC|H         (d = 0.12 A)
2026-04-23 20:46:52,533 [ genlib ] [ INFO ] Checking atom CG1
2026-04-23 20:46:52,533 [ genlib ] [ INFO ] Define atom pair: ILE|CG1|2C|C.3       - > LEU|CG|3C|C.3        (d = 0.13 A)
2026-04-23 20:46:52,533 [ genlib ] [ INFO ] Checking atom CG2
2026-04-23 20:46:52,533 [ genlib ] [ INFO ] Define atom pair: ILE|CG2|CT|C.3       - > LEU|2HB|HC|H         (d = 0.46 A)
2026-04-23 20:46:52,533 [ genlib ] [ INFO ] Searching order 3
2026-04-23 20:46:52,533 [ genlib ] [ INFO ] Checking atom 1HG1
2026-04-23 20:46:52,533 [ genlib ] [ INFO ] Define atom pair: ILE|1HG1|HC|H        - > LEU|CD2|CT|C.3       (d = 0.40 A)
2026-04-23 20:46:52,533 [ genlib ] [ INFO ] Checking atom 2HG1
2026-04-23 20:46:52,533 [ genlib ] [ INFO ] Define atom pair: ILE|2HG1|HC|H        - > LEU|HG|HC|H          (d = 0.23 A)
2026-04-23 20:46:52,533 [ genlib ] [ INFO ] Checking atom 1HG2
2026-04-23 20:46:52,533 [ genlib ] [ INFO ] No partner found for atom 1HG2
2026-04-23 20:46:52,533 [ genlib ] [ INFO ] Checking atom 2HG2
2026-04-23 20:46:52,533 [ genlib ] [ INFO ] No partner found for atom 2HG2
2026-04-23 20:46:52,533 [ genlib ] [ INFO ] Checking atom 3HG2
2026-04-23 20:46:52,533 [ genlib ] [ INFO ] No partner found for atom 3HG2
2026-04-23 20:46:52,533 [ genlib ] [ INFO ] Checking atom CD1
2026-04-23 20:46:52,533 [ genlib ] [ INFO ] Define atom pair: ILE|CD1|CT|C.3       - > LEU|CD1|CT|C.3       (d = 0.19 A)
2026-04-23 20:46:52,533 [ genlib ] [ INFO ] Searching order 4
2026-04-23 20:46:52,533 [ genlib ] [ INFO ] Checking atom 1HD1
2026-04-23 20:46:52,533 [ genlib ] [ INFO ] Define atom pair: ILE|1HD1|HC|H        - > LEU|1HD1|HC|H        (d = 0.27 A)
2026-04-23 20:46:52,533 [ genlib ] [ INFO ] Checking atom 2HD1
2026-04-23 20:46:52,533 [ genlib ] [ INFO ] Define atom pair: ILE|2HD1|HC|H        - > LEU|2HD1|HC|H        (d = 0.24 A)
2026-04-23 20:46:52,533 [ genlib ] [ INFO ] Checking atom 3HD1
2026-04-23 20:46:52,533 [ genlib ] [ INFO ] Define atom pair: ILE|3HD1|HC|H        - > LEU|3HD1|HC|H        (d = 0.16 A)
2026-04-23 20:46:52,533 [ genlib ] [ INFO ] Searching order 5
2026-04-23 20:46:52,533 [ genlib ] [ INFO ] Searching order 6
2026-04-23 20:46:52,533 [ genlib ] [ INFO ] Searching order 7
2026-04-23 20:46:52,533 [ genlib ] [ INFO ] Searching branch 2
2026-04-23 20:46:52,533 [ genlib ] [ INFO ] Searching order 2
2026-04-23 20:46:52,533 [ genlib ] [ INFO ] Searching order 3
2026-04-23 20:46:52,533 [ genlib ] [ INFO ] Checking atom 1HG2
2026-04-23 20:46:52,533 [ genlib ] [ INFO ] No partner found for atom 1HG2
2026-04-23 20:46:52,533 [ genlib ] [ INFO ] Checking atom 2HG2
2026-04-23 20:46:52,533 [ genlib ] [ INFO ] No partner found for atom 2HG2
2026-04-23 20:46:52,533 [ genlib ] [ INFO ] Checking atom 3HG2
2026-04-23 20:46:52,533 [ genlib ] [ INFO ] No partner found for atom 3HG2
2026-04-23 20:46:52,533 [ genlib ] [ INFO ] Searching order 4
2026-04-23 20:46:52,533 [ genlib ] [ INFO ] Searching order 5
2026-04-23 20:46:52,533 [ genlib ] [ INFO ] Searching order 6
2026-04-23 20:46:52,533 [ genlib ] [ INFO ] Searching order 7
2026-04-23 20:46:52,534 [ genlib ] [ INFO ] Updating bond lists
2026-04-23 20:46:52,535 [ genlib ] [ INFO ] Updating dihedrals
2026-04-23 20:46:52,535 [ genlib ] [ INFO ] Updating impropers
2026-04-23 20:46:52,535 [ genlib ] [ INFO ] Building library files for ILE --> LYN mutant
2026-04-23 20:46:52,536 [ genlib ] [ INFO ] reading rtp file "aminoacids.rtp"
2026-04-23 20:46:52,580 [ genlib ] [ INFO ] ENTERED SIMPLE
2026-04-23 20:46:52,580 [ genlib ] [ INFO ] Making atom pairs
2026-04-23 20:46:52,580 [ genlib ] [ INFO ] Searching branch 1
2026-04-23 20:46:52,580 [ genlib ] [ INFO ] Searching order 2
2026-04-23 20:46:52,580 [ genlib ] [ INFO ] Checking atom HB
2026-04-23 20:46:52,580 [ genlib ] [ INFO ] Define atom pair: ILE|HB|HC|H          - > LYN|1HB|HC|H         (d = 0.12 A)
2026-04-23 20:46:52,580 [ genlib ] [ INFO ] Checking atom CG1
2026-04-23 20:46:52,580 [ genlib ] [ INFO ] Define atom pair: ILE|CG1|2C|C.3       - > LYN|CG|CT|C.3        (d = 0.18 A)
2026-04-23 20:46:52,580 [ genlib ] [ INFO ] Checking atom CG2
2026-04-23 20:46:52,580 [ genlib ] [ INFO ] No partner found for atom CG2
2026-04-23 20:46:52,580 [ genlib ] [ INFO ] Searching order 3
2026-04-23 20:46:52,580 [ genlib ] [ INFO ] Checking atom 1HG1
2026-04-23 20:46:52,580 [ genlib ] [ INFO ] Define atom pair: ILE|1HG1|HC|H        - > LYN|1HG|HC|H         (d = 0.17 A)
2026-04-23 20:46:52,580 [ genlib ] [ INFO ] Checking atom 2HG1
2026-04-23 20:46:52,580 [ genlib ] [ INFO ] Define atom pair: ILE|2HG1|HC|H        - > LYN|2HG|HC|H         (d = 0.25 A)
2026-04-23 20:46:52,580 [ genlib ] [ INFO ] Checking atom CD1
2026-04-23 20:46:52,580 [ genlib ] [ INFO ] Define atom pair: ILE|CD1|CT|C.3       - > LYN|CD|CT|C.3        (d = 0.24 A)
2026-04-23 20:46:52,580 [ genlib ] [ INFO ] Searching order 4
2026-04-23 20:46:52,580 [ genlib ] [ INFO ] Checking atom 1HD1
2026-04-23 20:46:52,580 [ genlib ] [ INFO ] Define atom pair: ILE|1HD1|HC|H        - > LYN|CE|CT|C.3        (d = 0.48 A)
2026-04-23 20:46:52,580 [ genlib ] [ INFO ] Checking atom 2HD1
2026-04-23 20:46:52,580 [ genlib ] [ INFO ] Define atom pair: ILE|2HD1|HC|H        - > LYN|1HD|HC|H         (d = 0.29 A)
2026-04-23 20:46:52,580 [ genlib ] [ INFO ] Checking atom 3HD1
2026-04-23 20:46:52,580 [ genlib ] [ INFO ] Define atom pair: ILE|3HD1|HC|H        - > LYN|2HD|HC|H         (d = 0.32 A)
2026-04-23 20:46:52,580 [ genlib ] [ INFO ] Searching order 5
2026-04-23 20:46:52,580 [ genlib ] [ INFO ] Searching order 6
2026-04-23 20:46:52,580 [ genlib ] [ INFO ] Searching order 7
2026-04-23 20:46:52,580 [ genlib ] [ INFO ] Searching branch 2
2026-04-23 20:46:52,580 [ genlib ] [ INFO ] Searching order 2
2026-04-23 20:46:52,580 [ genlib ] [ INFO ] Checking atom CG2
2026-04-23 20:46:52,580 [ genlib ] [ INFO ] No partner found for atom CG2
2026-04-23 20:46:52,580 [ genlib ] [ INFO ] Searching order 3
2026-04-23 20:46:52,580 [ genlib ] [ INFO ] Searching order 4
2026-04-23 20:46:52,580 [ genlib ] [ INFO ] Searching order 5
2026-04-23 20:46:52,580 [ genlib ] [ INFO ] Searching order 6
2026-04-23 20:46:52,580 [ genlib ] [ INFO ] Searching order 7
2026-04-23 20:46:52,583 [ genlib ] [ INFO ] Updating bond lists
2026-04-23 20:46:52,583 [ genlib ] [ INFO ] Updating dihedrals
2026-04-23 20:46:52,583 [ genlib ] [ INFO ] Updating impropers
2026-04-23 20:46:52,583 [ genlib ] [ INFO ] Building library files for ILE --> LYS mutant
2026-04-23 20:46:52,584 [ genlib ] [ INFO ] reading rtp file "aminoacids.rtp"
2026-04-23 20:46:52,628 [ genlib ] [ INFO ] ENTERED SIMPLE
2026-04-23 20:46:52,628 [ genlib ] [ INFO ] Making atom pairs
2026-04-23 20:46:52,628 [ genlib ] [ INFO ] Searching branch 1
2026-04-23 20:46:52,628 [ genlib ] [ INFO ] Searching order 2
2026-04-23 20:46:52,628 [ genlib ] [ INFO ] Checking atom HB
2026-04-23 20:46:52,628 [ genlib ] [ INFO ] Define atom pair: ILE|HB|HC|H          - > LYS|1HB|HC|H         (d = 0.15 A)
2026-04-23 20:46:52,628 [ genlib ] [ INFO ] Checking atom CG1
2026-04-23 20:46:52,628 [ genlib ] [ INFO ] Define atom pair: ILE|CG1|2C|C.3       - > LYS|CG|C8|C.3        (d = 0.18 A)
2026-04-23 20:46:52,628 [ genlib ] [ INFO ] Checking atom CG2
2026-04-23 20:46:52,628 [ genlib ] [ INFO ] Define atom pair: ILE|CG2|CT|C.3       - > LYS|2HB|HC|H         (d = 0.48 A)
2026-04-23 20:46:52,628 [ genlib ] [ INFO ] Searching order 3
2026-04-23 20:46:52,628 [ genlib ] [ INFO ] Checking atom 1HG1
2026-04-23 20:46:52,628 [ genlib ] [ INFO ] Define atom pair: ILE|1HG1|HC|H        - > LYS|1HG|HC|H         (d = 0.12 A)
2026-04-23 20:46:52,628 [ genlib ] [ INFO ] Checking atom 2HG1
2026-04-23 20:46:52,628 [ genlib ] [ INFO ] Define atom pair: ILE|2HG1|HC|H        - > LYS|2HG|HC|H         (d = 0.30 A)
2026-04-23 20:46:52,628 [ genlib ] [ INFO ] Checking atom 1HG2
2026-04-23 20:46:52,628 [ genlib ] [ INFO ] No partner found for atom 1HG2
2026-04-23 20:46:52,628 [ genlib ] [ INFO ] Checking atom 2HG2
2026-04-23 20:46:52,628 [ genlib ] [ INFO ] No partner found for atom 2HG2
2026-04-23 20:46:52,628 [ genlib ] [ INFO ] Checking atom 3HG2
2026-04-23 20:46:52,628 [ genlib ] [ INFO ] No partner found for atom 3HG2
2026-04-23 20:46:52,628 [ genlib ] [ INFO ] Checking atom CD1
2026-04-23 20:46:52,628 [ genlib ] [ INFO ] Define atom pair: ILE|CD1|CT|C.3       - > LYS|CD|C8|C.3        (d = 0.25 A)
2026-04-23 20:46:52,628 [ genlib ] [ INFO ] Searching order 4
2026-04-23 20:46:52,628 [ genlib ] [ INFO ] Checking atom 1HD1
2026-04-23 20:46:52,628 [ genlib ] [ INFO ] Define atom pair: ILE|1HD1|HC|H        - > LYS|CE|C8|C.3        (d = 0.51 A)
2026-04-23 20:46:52,628 [ genlib ] [ INFO ] Checking atom 2HD1
2026-04-23 20:46:52,628 [ genlib ] [ INFO ] Define atom pair: ILE|2HD1|HC|H        - > LYS|1HD|HC|H         (d = 0.31 A)
2026-04-23 20:46:52,628 [ genlib ] [ INFO ] Checking atom 3HD1
2026-04-23 20:46:52,628 [ genlib ] [ INFO ] Define atom pair: ILE|3HD1|HC|H        - > LYS|2HD|HC|H         (d = 0.25 A)
2026-04-23 20:46:52,628 [ genlib ] [ INFO ] Searching order 5
2026-04-23 20:46:52,628 [ genlib ] [ INFO ] Searching order 6
2026-04-23 20:46:52,628 [ genlib ] [ INFO ] Searching order 7
2026-04-23 20:46:52,628 [ genlib ] [ INFO ] Searching branch 2
2026-04-23 20:46:52,628 [ genlib ] [ INFO ] Searching order 2
2026-04-23 20:46:52,628 [ genlib ] [ INFO ] Searching order 3
2026-04-23 20:46:52,628 [ genlib ] [ INFO ] Checking atom 1HG2
2026-04-23 20:46:52,628 [ genlib ] [ INFO ] No partner found for atom 1HG2
2026-04-23 20:46:52,628 [ genlib ] [ INFO ] Checking atom 2HG2
2026-04-23 20:46:52,628 [ genlib ] [ INFO ] No partner found for atom 2HG2
2026-04-23 20:46:52,628 [ genlib ] [ INFO ] Checking atom 3HG2
2026-04-23 20:46:52,628 [ genlib ] [ INFO ] No partner found for atom 3HG2
2026-04-23 20:46:52,628 [ genlib ] [ INFO ] Searching order 4
2026-04-23 20:46:52,628 [ genlib ] [ INFO ] Searching order 5
2026-04-23 20:46:52,628 [ genlib ] [ INFO ] Searching order 6
2026-04-23 20:46:52,628 [ genlib ] [ INFO ] Searching order 7
2026-04-23 20:46:52,631 [ genlib ] [ INFO ] Updating bond lists
2026-04-23 20:46:52,631 [ genlib ] [ INFO ] Updating dihedrals
2026-04-23 20:46:52,631 [ genlib ] [ INFO ] Updating impropers
2026-04-23 20:46:52,631 [ genlib ] [ INFO ] Building library files for ILE --> MET mutant
2026-04-23 20:46:52,632 [ genlib ] [ INFO ] reading rtp file "aminoacids.rtp"
2026-04-23 20:46:52,675 [ genlib ] [ INFO ] ENTERED SIMPLE
2026-04-23 20:46:52,675 [ genlib ] [ INFO ] Making atom pairs
2026-04-23 20:46:52,675 [ genlib ] [ INFO ] Searching branch 1
2026-04-23 20:46:52,675 [ genlib ] [ INFO ] Searching order 2
2026-04-23 20:46:52,675 [ genlib ] [ INFO ] Checking atom HB
2026-04-23 20:46:52,675 [ genlib ] [ INFO ] Define atom pair: ILE|HB|HC|H          - > MET|1HB|HC|H         (d = 0.14 A)
2026-04-23 20:46:52,675 [ genlib ] [ INFO ] Checking atom CG1
2026-04-23 20:46:52,675 [ genlib ] [ INFO ] Define atom pair: ILE|CG1|2C|C.3       - > MET|CG|2C|C.3        (d = 0.08 A)
2026-04-23 20:46:52,675 [ genlib ] [ INFO ] Checking atom CG2
2026-04-23 20:46:52,675 [ genlib ] [ INFO ] Define atom pair: ILE|CG2|CT|C.3       - > MET|2HB|HC|H         (d = 0.46 A)
2026-04-23 20:46:52,675 [ genlib ] [ INFO ] Searching order 3
2026-04-23 20:46:52,675 [ genlib ] [ INFO ] Checking atom 1HG1
2026-04-23 20:46:52,675 [ genlib ] [ INFO ] Define atom pair: ILE|1HG1|HC|H        - > MET|1HG|H1|H         (d = 0.06 A)
2026-04-23 20:46:52,675 [ genlib ] [ INFO ] Checking atom 2HG1
2026-04-23 20:46:52,675 [ genlib ] [ INFO ] Define atom pair: ILE|2HG1|HC|H        - > MET|2HG|H1|H         (d = 0.14 A)
2026-04-23 20:46:52,675 [ genlib ] [ INFO ] Checking atom 1HG2
2026-04-23 20:46:52,675 [ genlib ] [ INFO ] No partner found for atom 1HG2
2026-04-23 20:46:52,675 [ genlib ] [ INFO ] Checking atom 2HG2
2026-04-23 20:46:52,675 [ genlib ] [ INFO ] No partner found for atom 2HG2
2026-04-23 20:46:52,675 [ genlib ] [ INFO ] Checking atom 3HG2
2026-04-23 20:46:52,675 [ genlib ] [ INFO ] No partner found for atom 3HG2
2026-04-23 20:46:52,675 [ genlib ] [ INFO ] Checking atom CD1
2026-04-23 20:46:52,675 [ genlib ] [ INFO ] Define atom pair: ILE|CD1|CT|C.3       - > MET|SD|S|S.3         (d = 0.21 A)
2026-04-23 20:46:52,675 [ genlib ] [ INFO ] Searching order 4
2026-04-23 20:46:52,675 [ genlib ] [ INFO ] Checking atom 1HD1
2026-04-23 20:46:52,675 [ genlib ] [ INFO ] No partner found for atom 1HD1
2026-04-23 20:46:52,675 [ genlib ] [ INFO ] Checking atom 2HD1
2026-04-23 20:46:52,675 [ genlib ] [ INFO ] No partner found for atom 2HD1
2026-04-23 20:46:52,675 [ genlib ] [ INFO ] Checking atom 3HD1
2026-04-23 20:46:52,675 [ genlib ] [ INFO ] No partner found for atom 3HD1
2026-04-23 20:46:52,675 [ genlib ] [ INFO ] Searching order 5
2026-04-23 20:46:52,675 [ genlib ] [ INFO ] Searching order 6
2026-04-23 20:46:52,675 [ genlib ] [ INFO ] Searching order 7
2026-04-23 20:46:52,675 [ genlib ] [ INFO ] Searching branch 2
2026-04-23 20:46:52,675 [ genlib ] [ INFO ] Searching order 2
2026-04-23 20:46:52,675 [ genlib ] [ INFO ] Searching order 3
2026-04-23 20:46:52,675 [ genlib ] [ INFO ] Checking atom 1HG2
2026-04-23 20:46:52,675 [ genlib ] [ INFO ] No partner found for atom 1HG2
2026-04-23 20:46:52,675 [ genlib ] [ INFO ] Checking atom 2HG2
2026-04-23 20:46:52,675 [ genlib ] [ INFO ] No partner found for atom 2HG2
2026-04-23 20:46:52,675 [ genlib ] [ INFO ] Checking atom 3HG2
2026-04-23 20:46:52,675 [ genlib ] [ INFO ] No partner found for atom 3HG2
2026-04-23 20:46:52,675 [ genlib ] [ INFO ] Searching order 4
2026-04-23 20:46:52,675 [ genlib ] [ INFO ] Checking atom 1HD1
2026-04-23 20:46:52,675 [ genlib ] [ INFO ] No partner found for atom 1HD1
2026-04-23 20:46:52,675 [ genlib ] [ INFO ] Checking atom 2HD1
2026-04-23 20:46:52,675 [ genlib ] [ INFO ] No partner found for atom 2HD1
2026-04-23 20:46:52,675 [ genlib ] [ INFO ] Checking atom 3HD1
2026-04-23 20:46:52,675 [ genlib ] [ INFO ] No partner found for atom 3HD1
2026-04-23 20:46:52,675 [ genlib ] [ INFO ] Searching order 5
2026-04-23 20:46:52,675 [ genlib ] [ INFO ] Searching order 6
2026-04-23 20:46:52,675 [ genlib ] [ INFO ] Searching order 7
2026-04-23 20:46:52,677 [ genlib ] [ INFO ] Updating bond lists
2026-04-23 20:46:52,677 [ genlib ] [ INFO ] Updating dihedrals
2026-04-23 20:46:52,677 [ genlib ] [ INFO ] Updating impropers
2026-04-23 20:46:52,678 [ genlib ] [ INFO ] Building library files for ILE --> PHE mutant
2026-04-23 20:46:52,678 [ genlib ] [ INFO ] reading rtp file "aminoacids.rtp"
2026-04-23 20:46:52,721 [ genlib ] [ INFO ] ENTERED T,A,V,I
2026-04-23 20:46:52,721 [ genlib ] [ INFO ] Making atom pairs
2026-04-23 20:46:52,726 [ genlib ] [ INFO ] Updating bond lists
2026-04-23 20:46:52,726 [ genlib ] [ INFO ] Updating dihedrals
2026-04-23 20:46:52,726 [ genlib ] [ INFO ] Updating impropers
2026-04-23 20:46:52,727 [ genlib ] [ INFO ] Building library files for ILE --> PRO mutant
2026-04-23 20:46:52,727 [ genlib ] [ INFO ] reading rtp file "aminoacids.rtp"
2026-04-23 20:46:52,770 [ genlib ] [ INFO ] ENTERED P
2026-04-23 20:46:52,770 [ genlib ] [ INFO ] Making atom pairs
2026-04-23 20:46:52,773 [ genlib ] [ INFO ] Updating bond lists
2026-04-23 20:46:52,773 [ genlib ] [ INFO ] Updating dihedrals
2026-04-23 20:46:52,773 [ genlib ] [ INFO ] Updating impropers
2026-04-23 20:46:52,774 [ genlib ] [ INFO ] Building library files for ILE --> SER mutant
2026-04-23 20:46:52,774 [ genlib ] [ INFO ] reading rtp file "aminoacids.rtp"
2026-04-23 20:46:52,818 [ genlib ] [ INFO ] ENTERED SIMPLE
2026-04-23 20:46:52,818 [ genlib ] [ INFO ] Making atom pairs
2026-04-23 20:46:52,818 [ genlib ] [ INFO ] Searching branch 1
2026-04-23 20:46:52,818 [ genlib ] [ INFO ] Searching order 2
2026-04-23 20:46:52,818 [ genlib ] [ INFO ] Checking atom HB
2026-04-23 20:46:52,818 [ genlib ] [ INFO ] Define atom pair: ILE|HB|HC|H          - > SER|1HB|H1|H         (d = 0.02 A)
2026-04-23 20:46:52,818 [ genlib ] [ INFO ] Checking atom CG1
2026-04-23 20:46:52,818 [ genlib ] [ INFO ] Define atom pair: ILE|CG1|2C|C.3       - > SER|OG|OH|O.3        (d = 0.14 A)
2026-04-23 20:46:52,818 [ genlib ] [ INFO ] Checking atom CG2
2026-04-23 20:46:52,818 [ genlib ] [ INFO ] Define atom pair: ILE|CG2|CT|C.3       - > SER|2HB|H1|H         (d = 0.51 A)
2026-04-23 20:46:52,818 [ genlib ] [ INFO ] Searching order 3
2026-04-23 20:46:52,818 [ genlib ] [ INFO ] Checking atom 1HG1
2026-04-23 20:46:52,818 [ genlib ] [ INFO ] No partner found for atom 1HG1
2026-04-23 20:46:52,818 [ genlib ] [ INFO ] Checking atom 2HG1
2026-04-23 20:46:52,818 [ genlib ] [ INFO ] No partner found for atom 2HG1
2026-04-23 20:46:52,818 [ genlib ] [ INFO ] Checking atom 1HG2
2026-04-23 20:46:52,818 [ genlib ] [ INFO ] No partner found for atom 1HG2
2026-04-23 20:46:52,818 [ genlib ] [ INFO ] Checking atom 2HG2
2026-04-23 20:46:52,818 [ genlib ] [ INFO ] No partner found for atom 2HG2
2026-04-23 20:46:52,818 [ genlib ] [ INFO ] Checking atom 3HG2
2026-04-23 20:46:52,818 [ genlib ] [ INFO ] No partner found for atom 3HG2
2026-04-23 20:46:52,818 [ genlib ] [ INFO ] Checking atom CD1
2026-04-23 20:46:52,818 [ genlib ] [ INFO ] No partner found for atom CD1
2026-04-23 20:46:52,818 [ genlib ] [ INFO ] Searching order 4
2026-04-23 20:46:52,818 [ genlib ] [ INFO ] Searching order 5
2026-04-23 20:46:52,818 [ genlib ] [ INFO ] Searching order 6
2026-04-23 20:46:52,818 [ genlib ] [ INFO ] Searching order 7
2026-04-23 20:46:52,818 [ genlib ] [ INFO ] Searching branch 2
2026-04-23 20:46:52,818 [ genlib ] [ INFO ] Searching order 2
2026-04-23 20:46:52,818 [ genlib ] [ INFO ] Searching order 3
2026-04-23 20:46:52,818 [ genlib ] [ INFO ] Checking atom 1HG1
2026-04-23 20:46:52,818 [ genlib ] [ INFO ] No partner found for atom 1HG1
2026-04-23 20:46:52,818 [ genlib ] [ INFO ] Checking atom 2HG1
2026-04-23 20:46:52,818 [ genlib ] [ INFO ] No partner found for atom 2HG1
2026-04-23 20:46:52,818 [ genlib ] [ INFO ] Checking atom 1HG2
2026-04-23 20:46:52,818 [ genlib ] [ INFO ] No partner found for atom 1HG2
2026-04-23 20:46:52,818 [ genlib ] [ INFO ] Checking atom 2HG2
2026-04-23 20:46:52,818 [ genlib ] [ INFO ] No partner found for atom 2HG2
2026-04-23 20:46:52,818 [ genlib ] [ INFO ] Checking atom 3HG2
2026-04-23 20:46:52,818 [ genlib ] [ INFO ] No partner found for atom 3HG2
2026-04-23 20:46:52,818 [ genlib ] [ INFO ] Checking atom CD1
2026-04-23 20:46:52,818 [ genlib ] [ INFO ] No partner found for atom CD1
2026-04-23 20:46:52,818 [ genlib ] [ INFO ] Searching order 4
2026-04-23 20:46:52,818 [ genlib ] [ INFO ] Searching order 5
2026-04-23 20:46:52,818 [ genlib ] [ INFO ] Searching order 6
2026-04-23 20:46:52,818 [ genlib ] [ INFO ] Searching order 7
2026-04-23 20:46:52,819 [ genlib ] [ INFO ] Updating bond lists
2026-04-23 20:46:52,819 [ genlib ] [ INFO ] Updating dihedrals
2026-04-23 20:46:52,819 [ genlib ] [ INFO ] Updating impropers
2026-04-23 20:46:52,819 [ genlib ] [ INFO ] Building library files for ILE --> THR mutant
2026-04-23 20:46:52,820 [ genlib ] [ INFO ] reading rtp file "aminoacids.rtp"
2026-04-23 20:46:52,864 [ genlib ] [ INFO ] ENTERED SIMPLE
2026-04-23 20:46:52,864 [ genlib ] [ INFO ] Making atom pairs
2026-04-23 20:46:52,864 [ genlib ] [ INFO ] Searching branch 1
2026-04-23 20:46:52,864 [ genlib ] [ INFO ] Searching order 2
2026-04-23 20:46:52,864 [ genlib ] [ INFO ] Checking atom HB
2026-04-23 20:46:52,864 [ genlib ] [ INFO ] Define atom pair: ILE|HB|HC|H          - > THR|HB|H1|H          (d = 0.05 A)
2026-04-23 20:46:52,864 [ genlib ] [ INFO ] Checking atom CG1
2026-04-23 20:46:52,864 [ genlib ] [ INFO ] Define atom pair: ILE|CG1|2C|C.3       - > THR|OG1|OH|O.3       (d = 0.20 A)
2026-04-23 20:46:52,864 [ genlib ] [ INFO ] Checking atom CG2
2026-04-23 20:46:52,864 [ genlib ] [ INFO ] Define atom pair: ILE|CG2|CT|C.3       - > THR|CG2|CT|C.3       (d = 0.16 A)
2026-04-23 20:46:52,864 [ genlib ] [ INFO ] Searching order 3
2026-04-23 20:46:52,864 [ genlib ] [ INFO ] Checking atom 1HG1
2026-04-23 20:46:52,864 [ genlib ] [ INFO ] No partner found for atom 1HG1
2026-04-23 20:46:52,864 [ genlib ] [ INFO ] Checking atom 2HG1
2026-04-23 20:46:52,864 [ genlib ] [ INFO ] No partner found for atom 2HG1
2026-04-23 20:46:52,864 [ genlib ] [ INFO ] Checking atom 1HG2
2026-04-23 20:46:52,864 [ genlib ] [ INFO ] Define atom pair: ILE|1HG2|HC|H        - > THR|1HG2|HC|H        (d = 0.23 A)
2026-04-23 20:46:52,864 [ genlib ] [ INFO ] Checking atom 2HG2
2026-04-23 20:46:52,864 [ genlib ] [ INFO ] Define atom pair: ILE|2HG2|HC|H        - > THR|2HG2|HC|H        (d = 0.20 A)
2026-04-23 20:46:52,864 [ genlib ] [ INFO ] Checking atom 3HG2
2026-04-23 20:46:52,864 [ genlib ] [ INFO ] Define atom pair: ILE|3HG2|HC|H        - > THR|3HG2|HC|H        (d = 0.27 A)
2026-04-23 20:46:52,864 [ genlib ] [ INFO ] Checking atom CD1
2026-04-23 20:46:52,864 [ genlib ] [ INFO ] No partner found for atom CD1
2026-04-23 20:46:52,864 [ genlib ] [ INFO ] Searching order 4
2026-04-23 20:46:52,864 [ genlib ] [ INFO ] Searching order 5
2026-04-23 20:46:52,864 [ genlib ] [ INFO ] Searching order 6
2026-04-23 20:46:52,864 [ genlib ] [ INFO ] Searching order 7
2026-04-23 20:46:52,864 [ genlib ] [ INFO ] Searching branch 2
2026-04-23 20:46:52,864 [ genlib ] [ INFO ] Searching order 2
2026-04-23 20:46:52,864 [ genlib ] [ INFO ] Searching order 3
2026-04-23 20:46:52,864 [ genlib ] [ INFO ] Checking atom 1HG1
2026-04-23 20:46:52,864 [ genlib ] [ INFO ] No partner found for atom 1HG1
2026-04-23 20:46:52,864 [ genlib ] [ INFO ] Checking atom 2HG1
2026-04-23 20:46:52,864 [ genlib ] [ INFO ] No partner found for atom 2HG1
2026-04-23 20:46:52,864 [ genlib ] [ INFO ] Checking atom CD1
2026-04-23 20:46:52,864 [ genlib ] [ INFO ] No partner found for atom CD1
2026-04-23 20:46:52,864 [ genlib ] [ INFO ] Searching order 4
2026-04-23 20:46:52,864 [ genlib ] [ INFO ] Searching order 5
2026-04-23 20:46:52,864 [ genlib ] [ INFO ] Searching order 6
2026-04-23 20:46:52,864 [ genlib ] [ INFO ] Searching order 7
2026-04-23 20:46:52,865 [ genlib ] [ INFO ] Updating bond lists
2026-04-23 20:46:52,865 [ genlib ] [ INFO ] Updating dihedrals
2026-04-23 20:46:52,865 [ genlib ] [ INFO ] Updating impropers
2026-04-23 20:46:52,865 [ genlib ] [ INFO ] Building library files for ILE --> TRP mutant
2026-04-23 20:46:52,866 [ genlib ] [ INFO ] reading rtp file "aminoacids.rtp"
2026-04-23 20:46:52,909 [ genlib ] [ INFO ] ENTERED T,A,V,I
2026-04-23 20:46:52,909 [ genlib ] [ INFO ] Making atom pairs
2026-04-23 20:46:52,917 [ genlib ] [ INFO ] Updating bond lists
2026-04-23 20:46:52,917 [ genlib ] [ INFO ] Updating dihedrals
2026-04-23 20:46:52,917 [ genlib ] [ INFO ] Updating impropers
2026-04-23 20:46:52,917 [ genlib ] [ INFO ] Building library files for ILE --> TYR mutant
2026-04-23 20:46:52,918 [ genlib ] [ INFO ] reading rtp file "aminoacids.rtp"
2026-04-23 20:46:52,961 [ genlib ] [ INFO ] ENTERED T,A,V,I
2026-04-23 20:46:52,961 [ genlib ] [ INFO ] Making atom pairs
2026-04-23 20:46:52,966 [ genlib ] [ INFO ] Updating bond lists
2026-04-23 20:46:52,966 [ genlib ] [ INFO ] Updating dihedrals
2026-04-23 20:46:52,966 [ genlib ] [ INFO ] Updating impropers
2026-04-23 20:46:52,967 [ genlib ] [ INFO ] Building library files for ILE --> VAL mutant
2026-04-23 20:46:52,968 [ genlib ] [ INFO ] reading rtp file "aminoacids.rtp"
2026-04-23 20:46:53,010 [ genlib ] [ INFO ] ENTERED SIMPLE
2026-04-23 20:46:53,010 [ genlib ] [ INFO ] Making atom pairs
2026-04-23 20:46:53,010 [ genlib ] [ INFO ] Searching branch 1
2026-04-23 20:46:53,010 [ genlib ] [ INFO ] Searching order 2
2026-04-23 20:46:53,010 [ genlib ] [ INFO ] Checking atom HB
2026-04-23 20:46:53,010 [ genlib ] [ INFO ] Define atom pair: ILE|HB|HC|H          - > VAL|HB|HC|H          (d = 0.09 A)
2026-04-23 20:46:53,010 [ genlib ] [ INFO ] Checking atom CG1
2026-04-23 20:46:53,010 [ genlib ] [ INFO ] Define atom pair: ILE|CG1|2C|C.3       - > VAL|CG2|CT|C.3       (d = 0.12 A)
2026-04-23 20:46:53,011 [ genlib ] [ INFO ] Checking atom CG2
2026-04-23 20:46:53,011 [ genlib ] [ INFO ] Define atom pair: ILE|CG2|CT|C.3       - > VAL|CG1|CT|C.3       (d = 0.18 A)
2026-04-23 20:46:53,011 [ genlib ] [ INFO ] Searching order 3
2026-04-23 20:46:53,011 [ genlib ] [ INFO ] Checking atom 1HG1
2026-04-23 20:46:53,011 [ genlib ] [ INFO ] Define atom pair: ILE|1HG1|HC|H        - > VAL|2HG2|HC|H        (d = 0.20 A)
2026-04-23 20:46:53,011 [ genlib ] [ INFO ] Checking atom 2HG1
2026-04-23 20:46:53,011 [ genlib ] [ INFO ] Define atom pair: ILE|2HG1|HC|H        - > VAL|3HG2|HC|H        (d = 0.20 A)
2026-04-23 20:46:53,011 [ genlib ] [ INFO ] Checking atom 1HG2
2026-04-23 20:46:53,011 [ genlib ] [ INFO ] Define atom pair: ILE|1HG2|HC|H        - > VAL|1HG1|HC|H        (d = 0.29 A)
2026-04-23 20:46:53,011 [ genlib ] [ INFO ] Checking atom 2HG2
2026-04-23 20:46:53,011 [ genlib ] [ INFO ] Define atom pair: ILE|2HG2|HC|H        - > VAL|2HG1|HC|H        (d = 0.18 A)
2026-04-23 20:46:53,011 [ genlib ] [ INFO ] Checking atom 3HG2
2026-04-23 20:46:53,011 [ genlib ] [ INFO ] Define atom pair: ILE|3HG2|HC|H        - > VAL|3HG1|HC|H        (d = 0.23 A)
2026-04-23 20:46:53,011 [ genlib ] [ INFO ] Checking atom CD1
2026-04-23 20:46:53,011 [ genlib ] [ INFO ] Define atom pair: ILE|CD1|CT|C.3       - > VAL|1HG2|HC|H        (d = 0.49 A)
2026-04-23 20:46:53,011 [ genlib ] [ INFO ] Searching order 4
2026-04-23 20:46:53,011 [ genlib ] [ INFO ] Checking atom 1HD1
2026-04-23 20:46:53,011 [ genlib ] [ INFO ] No partner found for atom 1HD1
2026-04-23 20:46:53,011 [ genlib ] [ INFO ] Checking atom 2HD1
2026-04-23 20:46:53,011 [ genlib ] [ INFO ] No partner found for atom 2HD1
2026-04-23 20:46:53,011 [ genlib ] [ INFO ] Checking atom 3HD1
2026-04-23 20:46:53,011 [ genlib ] [ INFO ] No partner found for atom 3HD1
2026-04-23 20:46:53,011 [ genlib ] [ INFO ] Searching order 5
2026-04-23 20:46:53,011 [ genlib ] [ INFO ] Searching order 6
2026-04-23 20:46:53,011 [ genlib ] [ INFO ] Searching order 7
2026-04-23 20:46:53,011 [ genlib ] [ INFO ] Searching branch 2
2026-04-23 20:46:53,011 [ genlib ] [ INFO ] Searching order 2
2026-04-23 20:46:53,011 [ genlib ] [ INFO ] Searching order 3
2026-04-23 20:46:53,011 [ genlib ] [ INFO ] Searching order 4
2026-04-23 20:46:53,011 [ genlib ] [ INFO ] Checking atom 1HD1
2026-04-23 20:46:53,011 [ genlib ] [ INFO ] No partner found for atom 1HD1
2026-04-23 20:46:53,011 [ genlib ] [ INFO ] Checking atom 2HD1
2026-04-23 20:46:53,011 [ genlib ] [ INFO ] No partner found for atom 2HD1
2026-04-23 20:46:53,011 [ genlib ] [ INFO ] Checking atom 3HD1
2026-04-23 20:46:53,011 [ genlib ] [ INFO ] No partner found for atom 3HD1
2026-04-23 20:46:53,011 [ genlib ] [ INFO ] Searching order 5
2026-04-23 20:46:53,011 [ genlib ] [ INFO ] Searching order 6
2026-04-23 20:46:53,011 [ genlib ] [ INFO ] Searching order 7
2026-04-23 20:46:53,011 [ genlib ] [ INFO ] Updating bond lists
2026-04-23 20:46:53,011 [ genlib ] [ INFO ] Updating dihedrals
2026-04-23 20:46:53,011 [ genlib ] [ INFO ] Updating impropers
2026-04-23 20:46:53,012 [ genlib ] [ INFO ] Building library files for LEU --> ALA mutant
2026-04-23 20:46:53,012 [ genlib ] [ INFO ] reading rtp file "aminoacids.rtp"
2026-04-23 20:46:53,055 [ genlib ] [ INFO ] ENTERED SIMPLE
2026-04-23 20:46:53,055 [ genlib ] [ INFO ] Making atom pairs
2026-04-23 20:46:53,055 [ genlib ] [ INFO ] Searching branch 1
2026-04-23 20:46:53,055 [ genlib ] [ INFO ] Searching order 2
2026-04-23 20:46:53,055 [ genlib ] [ INFO ] Checking atom 1HB
2026-04-23 20:46:53,055 [ genlib ] [ INFO ] Define atom pair: LEU|1HB|HC|H         - > ALA|2HB|HC|H         (d = 0.06 A)
2026-04-23 20:46:53,055 [ genlib ] [ INFO ] Checking atom 2HB
2026-04-23 20:46:53,055 [ genlib ] [ INFO ] Define atom pair: LEU|2HB|HC|H         - > ALA|3HB|HC|H         (d = 0.06 A)
2026-04-23 20:46:53,055 [ genlib ] [ INFO ] Checking atom CG
2026-04-23 20:46:53,055 [ genlib ] [ INFO ] Define atom pair: LEU|CG|3C|C.3        - > ALA|1HB|HC|H         (d = 0.50 A)
2026-04-23 20:46:53,055 [ genlib ] [ INFO ] Searching order 3
2026-04-23 20:46:53,055 [ genlib ] [ INFO ] Checking atom HG
2026-04-23 20:46:53,055 [ genlib ] [ INFO ] No partner found for atom HG
2026-04-23 20:46:53,055 [ genlib ] [ INFO ] Checking atom CD1
2026-04-23 20:46:53,055 [ genlib ] [ INFO ] No partner found for atom CD1
2026-04-23 20:46:53,055 [ genlib ] [ INFO ] Checking atom CD2
2026-04-23 20:46:53,055 [ genlib ] [ INFO ] No partner found for atom CD2
2026-04-23 20:46:53,055 [ genlib ] [ INFO ] Searching order 4
2026-04-23 20:46:53,055 [ genlib ] [ INFO ] Searching order 5
2026-04-23 20:46:53,055 [ genlib ] [ INFO ] Searching order 6
2026-04-23 20:46:53,055 [ genlib ] [ INFO ] Searching order 7
2026-04-23 20:46:53,055 [ genlib ] [ INFO ] Searching branch 2
2026-04-23 20:46:53,055 [ genlib ] [ INFO ] Searching order 2
2026-04-23 20:46:53,055 [ genlib ] [ INFO ] Searching order 3
2026-04-23 20:46:53,055 [ genlib ] [ INFO ] Checking atom HG
2026-04-23 20:46:53,055 [ genlib ] [ INFO ] No partner found for atom HG
2026-04-23 20:46:53,055 [ genlib ] [ INFO ] Checking atom CD1
2026-04-23 20:46:53,055 [ genlib ] [ INFO ] No partner found for atom CD1
2026-04-23 20:46:53,055 [ genlib ] [ INFO ] Checking atom CD2
2026-04-23 20:46:53,055 [ genlib ] [ INFO ] No partner found for atom CD2
2026-04-23 20:46:53,055 [ genlib ] [ INFO ] Searching order 4
2026-04-23 20:46:53,055 [ genlib ] [ INFO ] Searching order 5
2026-04-23 20:46:53,055 [ genlib ] [ INFO ] Searching order 6
2026-04-23 20:46:53,055 [ genlib ] [ INFO ] Searching order 7
2026-04-23 20:46:53,056 [ genlib ] [ INFO ] Updating bond lists
2026-04-23 20:46:53,056 [ genlib ] [ INFO ] Updating dihedrals
2026-04-23 20:46:53,056 [ genlib ] [ INFO ] Updating impropers
2026-04-23 20:46:53,056 [ genlib ] [ INFO ] Building library files for LEU --> ARG mutant
2026-04-23 20:46:53,057 [ genlib ] [ INFO ] reading rtp file "aminoacids.rtp"
2026-04-23 20:46:53,101 [ genlib ] [ INFO ] ENTERED SIMPLE
2026-04-23 20:46:53,101 [ genlib ] [ INFO ] Making atom pairs
2026-04-23 20:46:53,101 [ genlib ] [ INFO ] Searching branch 1
2026-04-23 20:46:53,101 [ genlib ] [ INFO ] Searching order 2
2026-04-23 20:46:53,101 [ genlib ] [ INFO ] Checking atom 1HB
2026-04-23 20:46:53,101 [ genlib ] [ INFO ] Define atom pair: LEU|1HB|HC|H         - > ARG|1HB|HC|H         (d = 0.08 A)
2026-04-23 20:46:53,101 [ genlib ] [ INFO ] Checking atom 2HB
2026-04-23 20:46:53,101 [ genlib ] [ INFO ] Define atom pair: LEU|2HB|HC|H         - > ARG|2HB|HC|H         (d = 0.09 A)
2026-04-23 20:46:53,101 [ genlib ] [ INFO ] Checking atom CG
2026-04-23 20:46:53,101 [ genlib ] [ INFO ] Define atom pair: LEU|CG|3C|C.3        - > ARG|CG|C8|C.3        (d = 0.09 A)
2026-04-23 20:46:53,101 [ genlib ] [ INFO ] Searching order 3
2026-04-23 20:46:53,101 [ genlib ] [ INFO ] Checking atom HG
2026-04-23 20:46:53,101 [ genlib ] [ INFO ] Define atom pair: LEU|HG|HC|H          - > ARG|2HG|HC|H         (d = 0.22 A)
2026-04-23 20:46:53,101 [ genlib ] [ INFO ] Checking atom CD1
2026-04-23 20:46:53,101 [ genlib ] [ INFO ] Define atom pair: LEU|CD1|CT|C.3       - > ARG|CD|C8|C.3        (d = 0.13 A)
2026-04-23 20:46:53,101 [ genlib ] [ INFO ] Checking atom CD2
2026-04-23 20:46:53,101 [ genlib ] [ INFO ] Define atom pair: LEU|CD2|CT|C.3       - > ARG|1HG|HC|H         (d = 0.44 A)
2026-04-23 20:46:53,101 [ genlib ] [ INFO ] Searching order 4
2026-04-23 20:46:53,101 [ genlib ] [ INFO ] Checking atom 1HD1
2026-04-23 20:46:53,101 [ genlib ] [ INFO ] Define atom pair: LEU|1HD1|HC|H        - > ARG|NE|N2|N.pl3      (d = 0.45 A)
2026-04-23 20:46:53,101 [ genlib ] [ INFO ] Checking atom 2HD1
2026-04-23 20:46:53,101 [ genlib ] [ INFO ] Define atom pair: LEU|2HD1|HC|H        - > ARG|1HD|H1|H         (d = 0.17 A)
2026-04-23 20:46:53,101 [ genlib ] [ INFO ] Checking atom 3HD1
2026-04-23 20:46:53,101 [ genlib ] [ INFO ] Define atom pair: LEU|3HD1|HC|H        - > ARG|2HD|H1|H         (d = 0.11 A)
2026-04-23 20:46:53,101 [ genlib ] [ INFO ] Checking atom 1HD2
2026-04-23 20:46:53,101 [ genlib ] [ INFO ] No partner found for atom 1HD2
2026-04-23 20:46:53,101 [ genlib ] [ INFO ] Checking atom 2HD2
2026-04-23 20:46:53,101 [ genlib ] [ INFO ] No partner found for atom 2HD2
2026-04-23 20:46:53,101 [ genlib ] [ INFO ] Checking atom 3HD2
2026-04-23 20:46:53,101 [ genlib ] [ INFO ] No partner found for atom 3HD2
2026-04-23 20:46:53,101 [ genlib ] [ INFO ] Searching order 5
2026-04-23 20:46:53,101 [ genlib ] [ INFO ] Searching order 6
2026-04-23 20:46:53,101 [ genlib ] [ INFO ] Searching order 7
2026-04-23 20:46:53,101 [ genlib ] [ INFO ] Searching branch 2
2026-04-23 20:46:53,101 [ genlib ] [ INFO ] Searching order 2
2026-04-23 20:46:53,101 [ genlib ] [ INFO ] Searching order 3
2026-04-23 20:46:53,101 [ genlib ] [ INFO ] Searching order 4
2026-04-23 20:46:53,101 [ genlib ] [ INFO ] Checking atom 1HD2
2026-04-23 20:46:53,101 [ genlib ] [ INFO ] No partner found for atom 1HD2
2026-04-23 20:46:53,101 [ genlib ] [ INFO ] Checking atom 2HD2
2026-04-23 20:46:53,101 [ genlib ] [ INFO ] No partner found for atom 2HD2
2026-04-23 20:46:53,101 [ genlib ] [ INFO ] Checking atom 3HD2
2026-04-23 20:46:53,101 [ genlib ] [ INFO ] No partner found for atom 3HD2
2026-04-23 20:46:53,101 [ genlib ] [ INFO ] Searching order 5
2026-04-23 20:46:53,101 [ genlib ] [ INFO ] Searching order 6
2026-04-23 20:46:53,101 [ genlib ] [ INFO ] Searching order 7
2026-04-23 20:46:53,105 [ genlib ] [ INFO ] Updating bond lists
2026-04-23 20:46:53,105 [ genlib ] [ INFO ] Updating dihedrals
2026-04-23 20:46:53,105 [ genlib ] [ INFO ] Updating impropers
2026-04-23 20:46:53,106 [ genlib ] [ INFO ] Building library files for LEU --> ASH mutant
2026-04-23 20:46:53,107 [ genlib ] [ INFO ] reading rtp file "aminoacids.rtp"
2026-04-23 20:46:53,149 [ genlib ] [ INFO ] ENTERED SIMPLE
2026-04-23 20:46:53,149 [ genlib ] [ INFO ] Making atom pairs
2026-04-23 20:46:53,149 [ genlib ] [ INFO ] Searching branch 1
2026-04-23 20:46:53,149 [ genlib ] [ INFO ] Searching order 2
2026-04-23 20:46:53,149 [ genlib ] [ INFO ] Checking atom 1HB
2026-04-23 20:46:53,149 [ genlib ] [ INFO ] Define atom pair: LEU|1HB|HC|H         - > ASH|1HB|HC|H         (d = 0.12 A)
2026-04-23 20:46:53,149 [ genlib ] [ INFO ] Checking atom 2HB
2026-04-23 20:46:53,149 [ genlib ] [ INFO ] Define atom pair: LEU|2HB|HC|H         - > ASH|2HB|HC|H         (d = 0.13 A)
2026-04-23 20:46:53,150 [ genlib ] [ INFO ] Checking atom CG
2026-04-23 20:46:53,150 [ genlib ] [ INFO ] Define atom pair: LEU|CG|3C|C.3        - > ASH|CG|C|C.2         (d = 0.15 A)
2026-04-23 20:46:53,150 [ genlib ] [ INFO ] Searching order 3
2026-04-23 20:46:53,150 [ genlib ] [ INFO ] Checking atom HG
2026-04-23 20:46:53,150 [ genlib ] [ INFO ] No partner found for atom HG
2026-04-23 20:46:53,150 [ genlib ] [ INFO ] Checking atom CD1
2026-04-23 20:46:53,150 [ genlib ] [ INFO ] Define atom pair: LEU|CD1|CT|C.3       - > ASH|OD1|O|O.co2      (d = 0.35 A)
2026-04-23 20:46:53,150 [ genlib ] [ INFO ] Checking atom CD2
2026-04-23 20:46:53,150 [ genlib ] [ INFO ] No partner found for atom CD2
2026-04-23 20:46:53,150 [ genlib ] [ INFO ] Searching order 4
2026-04-23 20:46:53,150 [ genlib ] [ INFO ] Checking atom 1HD1
2026-04-23 20:46:53,150 [ genlib ] [ INFO ] No partner found for atom 1HD1
2026-04-23 20:46:53,150 [ genlib ] [ INFO ] Checking atom 2HD1
2026-04-23 20:46:53,150 [ genlib ] [ INFO ] No partner found for atom 2HD1
2026-04-23 20:46:53,150 [ genlib ] [ INFO ] Checking atom 3HD1
2026-04-23 20:46:53,150 [ genlib ] [ INFO ] No partner found for atom 3HD1
2026-04-23 20:46:53,150 [ genlib ] [ INFO ] Searching order 5
2026-04-23 20:46:53,150 [ genlib ] [ INFO ] Searching order 6
2026-04-23 20:46:53,150 [ genlib ] [ INFO ] Searching order 7
2026-04-23 20:46:53,150 [ genlib ] [ INFO ] Searching branch 2
2026-04-23 20:46:53,150 [ genlib ] [ INFO ] Searching order 2
2026-04-23 20:46:53,150 [ genlib ] [ INFO ] Searching order 3
2026-04-23 20:46:53,150 [ genlib ] [ INFO ] Checking atom HG
2026-04-23 20:46:53,150 [ genlib ] [ INFO ] No partner found for atom HG
2026-04-23 20:46:53,150 [ genlib ] [ INFO ] Checking atom CD2
2026-04-23 20:46:53,150 [ genlib ] [ INFO ] No partner found for atom CD2
2026-04-23 20:46:53,150 [ genlib ] [ INFO ] Searching order 4
2026-04-23 20:46:53,150 [ genlib ] [ INFO ] Checking atom 1HD1
2026-04-23 20:46:53,150 [ genlib ] [ INFO ] No partner found for atom 1HD1
2026-04-23 20:46:53,150 [ genlib ] [ INFO ] Checking atom 2HD1
2026-04-23 20:46:53,150 [ genlib ] [ INFO ] No partner found for atom 2HD1
2026-04-23 20:46:53,150 [ genlib ] [ INFO ] Checking atom 3HD1
2026-04-23 20:46:53,150 [ genlib ] [ INFO ] No partner found for atom 3HD1
2026-04-23 20:46:53,150 [ genlib ] [ INFO ] Searching order 5
2026-04-23 20:46:53,150 [ genlib ] [ INFO ] Searching order 6
2026-04-23 20:46:53,150 [ genlib ] [ INFO ] Searching order 7
2026-04-23 20:46:53,151 [ genlib ] [ INFO ] Updating bond lists
2026-04-23 20:46:53,151 [ genlib ] [ INFO ] Updating dihedrals
2026-04-23 20:46:53,151 [ genlib ] [ INFO ] Updating impropers
2026-04-23 20:46:53,151 [ genlib ] [ INFO ] Building library files for LEU --> ASN mutant
2026-04-23 20:46:53,152 [ genlib ] [ INFO ] reading rtp file "aminoacids.rtp"
2026-04-23 20:46:53,194 [ genlib ] [ INFO ] ENTERED SIMPLE
2026-04-23 20:46:53,194 [ genlib ] [ INFO ] Making atom pairs
2026-04-23 20:46:53,194 [ genlib ] [ INFO ] Searching branch 1
2026-04-23 20:46:53,194 [ genlib ] [ INFO ] Searching order 2
2026-04-23 20:46:53,194 [ genlib ] [ INFO ] Checking atom 1HB
2026-04-23 20:46:53,194 [ genlib ] [ INFO ] Define atom pair: LEU|1HB|HC|H         - > ASN|1HB|HC|H         (d = 0.09 A)
2026-04-23 20:46:53,194 [ genlib ] [ INFO ] Checking atom 2HB
2026-04-23 20:46:53,194 [ genlib ] [ INFO ] Define atom pair: LEU|2HB|HC|H         - > ASN|2HB|HC|H         (d = 0.09 A)
2026-04-23 20:46:53,194 [ genlib ] [ INFO ] Checking atom CG
2026-04-23 20:46:53,194 [ genlib ] [ INFO ] Define atom pair: LEU|CG|3C|C.3        - > ASN|CG|C|C.2         (d = 0.11 A)
2026-04-23 20:46:53,194 [ genlib ] [ INFO ] Searching order 3
2026-04-23 20:46:53,194 [ genlib ] [ INFO ] Checking atom HG
2026-04-23 20:46:53,194 [ genlib ] [ INFO ] No partner found for atom HG
2026-04-23 20:46:53,195 [ genlib ] [ INFO ] Checking atom CD1
2026-04-23 20:46:53,195 [ genlib ] [ INFO ] Define atom pair: LEU|CD1|CT|C.3       - > ASN|OD1|O|O.2        (d = 0.35 A)
2026-04-23 20:46:53,195 [ genlib ] [ INFO ] Checking atom CD2
2026-04-23 20:46:53,195 [ genlib ] [ INFO ] No partner found for atom CD2
2026-04-23 20:46:53,195 [ genlib ] [ INFO ] Searching order 4
2026-04-23 20:46:53,195 [ genlib ] [ INFO ] Checking atom 1HD1
2026-04-23 20:46:53,195 [ genlib ] [ INFO ] No partner found for atom 1HD1
2026-04-23 20:46:53,195 [ genlib ] [ INFO ] Checking atom 2HD1
2026-04-23 20:46:53,195 [ genlib ] [ INFO ] No partner found for atom 2HD1
2026-04-23 20:46:53,195 [ genlib ] [ INFO ] Checking atom 3HD1
2026-04-23 20:46:53,195 [ genlib ] [ INFO ] No partner found for atom 3HD1
2026-04-23 20:46:53,195 [ genlib ] [ INFO ] Searching order 5
2026-04-23 20:46:53,195 [ genlib ] [ INFO ] Searching order 6
2026-04-23 20:46:53,195 [ genlib ] [ INFO ] Searching order 7
2026-04-23 20:46:53,195 [ genlib ] [ INFO ] Searching branch 2
2026-04-23 20:46:53,195 [ genlib ] [ INFO ] Searching order 2
2026-04-23 20:46:53,195 [ genlib ] [ INFO ] Searching order 3
2026-04-23 20:46:53,195 [ genlib ] [ INFO ] Checking atom HG
2026-04-23 20:46:53,195 [ genlib ] [ INFO ] No partner found for atom HG
2026-04-23 20:46:53,195 [ genlib ] [ INFO ] Checking atom CD2
2026-04-23 20:46:53,195 [ genlib ] [ INFO ] No partner found for atom CD2
2026-04-23 20:46:53,195 [ genlib ] [ INFO ] Searching order 4
2026-04-23 20:46:53,195 [ genlib ] [ INFO ] Checking atom 1HD1
2026-04-23 20:46:53,195 [ genlib ] [ INFO ] No partner found for atom 1HD1
2026-04-23 20:46:53,195 [ genlib ] [ INFO ] Checking atom 2HD1
2026-04-23 20:46:53,195 [ genlib ] [ INFO ] No partner found for atom 2HD1
2026-04-23 20:46:53,195 [ genlib ] [ INFO ] Checking atom 3HD1
2026-04-23 20:46:53,195 [ genlib ] [ INFO ] No partner found for atom 3HD1
2026-04-23 20:46:53,195 [ genlib ] [ INFO ] Searching order 5
2026-04-23 20:46:53,195 [ genlib ] [ INFO ] Searching order 6
2026-04-23 20:46:53,195 [ genlib ] [ INFO ] Searching order 7
2026-04-23 20:46:53,196 [ genlib ] [ INFO ] Updating bond lists
2026-04-23 20:46:53,196 [ genlib ] [ INFO ] Updating dihedrals
2026-04-23 20:46:53,196 [ genlib ] [ INFO ] Updating impropers
2026-04-23 20:46:53,196 [ genlib ] [ INFO ] Building library files for LEU --> ASP mutant
2026-04-23 20:46:53,197 [ genlib ] [ INFO ] reading rtp file "aminoacids.rtp"
2026-04-23 20:46:53,240 [ genlib ] [ INFO ] ENTERED SIMPLE
2026-04-23 20:46:53,241 [ genlib ] [ INFO ] Making atom pairs
2026-04-23 20:46:53,241 [ genlib ] [ INFO ] Searching branch 1
2026-04-23 20:46:53,241 [ genlib ] [ INFO ] Searching order 2
2026-04-23 20:46:53,241 [ genlib ] [ INFO ] Checking atom 1HB
2026-04-23 20:46:53,241 [ genlib ] [ INFO ] Define atom pair: LEU|1HB|HC|H         - > ASP|1HB|HC|H         (d = 0.09 A)
2026-04-23 20:46:53,241 [ genlib ] [ INFO ] Checking atom 2HB
2026-04-23 20:46:53,241 [ genlib ] [ INFO ] Define atom pair: LEU|2HB|HC|H         - > ASP|2HB|HC|H         (d = 0.07 A)
2026-04-23 20:46:53,241 [ genlib ] [ INFO ] Checking atom CG
2026-04-23 20:46:53,241 [ genlib ] [ INFO ] Define atom pair: LEU|CG|3C|C.3        - > ASP|CG|CO|C.2        (d = 0.15 A)
2026-04-23 20:46:53,241 [ genlib ] [ INFO ] Searching order 3
2026-04-23 20:46:53,241 [ genlib ] [ INFO ] Checking atom HG
2026-04-23 20:46:53,241 [ genlib ] [ INFO ] No partner found for atom HG
2026-04-23 20:46:53,241 [ genlib ] [ INFO ] Checking atom CD1
2026-04-23 20:46:53,241 [ genlib ] [ INFO ] Define atom pair: LEU|CD1|CT|C.3       - > ASP|OD1|O2|O.co2     (d = 0.35 A)
2026-04-23 20:46:53,241 [ genlib ] [ INFO ] Checking atom CD2
2026-04-23 20:46:53,241 [ genlib ] [ INFO ] No partner found for atom CD2
2026-04-23 20:46:53,241 [ genlib ] [ INFO ] Searching order 4
2026-04-23 20:46:53,241 [ genlib ] [ INFO ] Checking atom 1HD1
2026-04-23 20:46:53,241 [ genlib ] [ INFO ] No partner found for atom 1HD1
2026-04-23 20:46:53,241 [ genlib ] [ INFO ] Checking atom 2HD1
2026-04-23 20:46:53,241 [ genlib ] [ INFO ] No partner found for atom 2HD1
2026-04-23 20:46:53,241 [ genlib ] [ INFO ] Checking atom 3HD1
2026-04-23 20:46:53,241 [ genlib ] [ INFO ] No partner found for atom 3HD1
2026-04-23 20:46:53,241 [ genlib ] [ INFO ] Searching order 5
2026-04-23 20:46:53,241 [ genlib ] [ INFO ] Searching order 6
2026-04-23 20:46:53,241 [ genlib ] [ INFO ] Searching order 7
2026-04-23 20:46:53,241 [ genlib ] [ INFO ] Searching branch 2
2026-04-23 20:46:53,241 [ genlib ] [ INFO ] Searching order 2
2026-04-23 20:46:53,241 [ genlib ] [ INFO ] Searching order 3
2026-04-23 20:46:53,241 [ genlib ] [ INFO ] Checking atom HG
2026-04-23 20:46:53,241 [ genlib ] [ INFO ] No partner found for atom HG
2026-04-23 20:46:53,241 [ genlib ] [ INFO ] Checking atom CD2
2026-04-23 20:46:53,241 [ genlib ] [ INFO ] No partner found for atom CD2
2026-04-23 20:46:53,241 [ genlib ] [ INFO ] Searching order 4
2026-04-23 20:46:53,241 [ genlib ] [ INFO ] Checking atom 1HD1
2026-04-23 20:46:53,241 [ genlib ] [ INFO ] No partner found for atom 1HD1
2026-04-23 20:46:53,241 [ genlib ] [ INFO ] Checking atom 2HD1
2026-04-23 20:46:53,241 [ genlib ] [ INFO ] No partner found for atom 2HD1
2026-04-23 20:46:53,241 [ genlib ] [ INFO ] Checking atom 3HD1
2026-04-23 20:46:53,241 [ genlib ] [ INFO ] No partner found for atom 3HD1
2026-04-23 20:46:53,241 [ genlib ] [ INFO ] Searching order 5
2026-04-23 20:46:53,241 [ genlib ] [ INFO ] Searching order 6
2026-04-23 20:46:53,241 [ genlib ] [ INFO ] Searching order 7
2026-04-23 20:46:53,242 [ genlib ] [ INFO ] Updating bond lists
2026-04-23 20:46:53,242 [ genlib ] [ INFO ] Updating dihedrals
2026-04-23 20:46:53,242 [ genlib ] [ INFO ] Updating impropers
2026-04-23 20:46:53,242 [ genlib ] [ INFO ] Building library files for LEU --> CYS mutant
2026-04-23 20:46:53,243 [ genlib ] [ INFO ] reading rtp file "aminoacids.rtp"
2026-04-23 20:46:53,285 [ genlib ] [ INFO ] ENTERED SIMPLE
2026-04-23 20:46:53,285 [ genlib ] [ INFO ] Making atom pairs
2026-04-23 20:46:53,285 [ genlib ] [ INFO ] Searching branch 1
2026-04-23 20:46:53,285 [ genlib ] [ INFO ] Searching order 2
2026-04-23 20:46:53,285 [ genlib ] [ INFO ] Checking atom 1HB
2026-04-23 20:46:53,285 [ genlib ] [ INFO ] Define atom pair: LEU|1HB|HC|H         - > CYS|1HB|H1|H         (d = 0.07 A)
2026-04-23 20:46:53,285 [ genlib ] [ INFO ] Checking atom 2HB
2026-04-23 20:46:53,285 [ genlib ] [ INFO ] Define atom pair: LEU|2HB|HC|H         - > CYS|2HB|H1|H         (d = 0.06 A)
2026-04-23 20:46:53,285 [ genlib ] [ INFO ] Checking atom CG
2026-04-23 20:46:53,285 [ genlib ] [ INFO ] Define atom pair: LEU|CG|3C|C.3        - > CYS|SG|SH|S.3        (d = 0.29 A)
2026-04-23 20:46:53,285 [ genlib ] [ INFO ] Searching order 3
2026-04-23 20:46:53,285 [ genlib ] [ INFO ] Checking atom HG
2026-04-23 20:46:53,285 [ genlib ] [ INFO ] No partner found for atom HG
2026-04-23 20:46:53,285 [ genlib ] [ INFO ] Checking atom CD1
2026-04-23 20:46:53,286 [ genlib ] [ INFO ] Define atom pair: LEU|CD1|CT|C.3       - > CYS|HG|HS|H          (d = 0.24 A)
2026-04-23 20:46:53,286 [ genlib ] [ INFO ] Checking atom CD2
2026-04-23 20:46:53,286 [ genlib ] [ INFO ] No partner found for atom CD2
2026-04-23 20:46:53,286 [ genlib ] [ INFO ] Searching order 4
2026-04-23 20:46:53,286 [ genlib ] [ INFO ] Checking atom 1HD1
2026-04-23 20:46:53,286 [ genlib ] [ INFO ] No partner found for atom 1HD1
2026-04-23 20:46:53,286 [ genlib ] [ INFO ] Checking atom 2HD1
2026-04-23 20:46:53,286 [ genlib ] [ INFO ] No partner found for atom 2HD1
2026-04-23 20:46:53,286 [ genlib ] [ INFO ] Checking atom 3HD1
2026-04-23 20:46:53,286 [ genlib ] [ INFO ] No partner found for atom 3HD1
2026-04-23 20:46:53,286 [ genlib ] [ INFO ] Searching order 5
2026-04-23 20:46:53,286 [ genlib ] [ INFO ] Searching order 6
2026-04-23 20:46:53,286 [ genlib ] [ INFO ] Searching order 7
2026-04-23 20:46:53,286 [ genlib ] [ INFO ] Searching branch 2
2026-04-23 20:46:53,286 [ genlib ] [ INFO ] Searching order 2
2026-04-23 20:46:53,286 [ genlib ] [ INFO ] Searching order 3
2026-04-23 20:46:53,286 [ genlib ] [ INFO ] Checking atom HG
2026-04-23 20:46:53,286 [ genlib ] [ INFO ] No partner found for atom HG
2026-04-23 20:46:53,286 [ genlib ] [ INFO ] Checking atom CD2
2026-04-23 20:46:53,286 [ genlib ] [ INFO ] No partner found for atom CD2
2026-04-23 20:46:53,286 [ genlib ] [ INFO ] Searching order 4
2026-04-23 20:46:53,286 [ genlib ] [ INFO ] Checking atom 1HD1
2026-04-23 20:46:53,286 [ genlib ] [ INFO ] No partner found for atom 1HD1
2026-04-23 20:46:53,286 [ genlib ] [ INFO ] Checking atom 2HD1
2026-04-23 20:46:53,286 [ genlib ] [ INFO ] No partner found for atom 2HD1
2026-04-23 20:46:53,286 [ genlib ] [ INFO ] Checking atom 3HD1
2026-04-23 20:46:53,286 [ genlib ] [ INFO ] No partner found for atom 3HD1
2026-04-23 20:46:53,286 [ genlib ] [ INFO ] Searching order 5
2026-04-23 20:46:53,286 [ genlib ] [ INFO ] Searching order 6
2026-04-23 20:46:53,286 [ genlib ] [ INFO ] Searching order 7
2026-04-23 20:46:53,286 [ genlib ] [ INFO ] Updating bond lists
2026-04-23 20:46:53,286 [ genlib ] [ INFO ] Updating dihedrals
2026-04-23 20:46:53,286 [ genlib ] [ INFO ] Updating impropers
2026-04-23 20:46:53,286 [ genlib ] [ INFO ] Building library files for LEU --> GLH mutant
2026-04-23 20:46:53,287 [ genlib ] [ INFO ] reading rtp file "aminoacids.rtp"
2026-04-23 20:46:53,330 [ genlib ] [ INFO ] ENTERED SIMPLE
2026-04-23 20:46:53,330 [ genlib ] [ INFO ] Making atom pairs
2026-04-23 20:46:53,330 [ genlib ] [ INFO ] Searching branch 1
2026-04-23 20:46:53,330 [ genlib ] [ INFO ] Searching order 2
2026-04-23 20:46:53,330 [ genlib ] [ INFO ] Checking atom 1HB
2026-04-23 20:46:53,330 [ genlib ] [ INFO ] Define atom pair: LEU|1HB|HC|H         - > GLH|1HB|HC|H         (d = 0.20 A)
2026-04-23 20:46:53,330 [ genlib ] [ INFO ] Checking atom 2HB
2026-04-23 20:46:53,330 [ genlib ] [ INFO ] Define atom pair: LEU|2HB|HC|H         - > GLH|2HB|HC|H         (d = 0.19 A)
2026-04-23 20:46:53,330 [ genlib ] [ INFO ] Checking atom CG
2026-04-23 20:46:53,330 [ genlib ] [ INFO ] Define atom pair: LEU|CG|3C|C.3        - > GLH|CG|2C|C.3        (d = 0.18 A)
2026-04-23 20:46:53,330 [ genlib ] [ INFO ] Searching order 3
2026-04-23 20:46:53,330 [ genlib ] [ INFO ] Checking atom HG
2026-04-23 20:46:53,331 [ genlib ] [ INFO ] Define atom pair: LEU|HG|HC|H          - > GLH|2HG|HC|H         (d = 0.33 A)
2026-04-23 20:46:53,331 [ genlib ] [ INFO ] Checking atom CD1
2026-04-23 20:46:53,331 [ genlib ] [ INFO ] Define atom pair: LEU|CD1|CT|C.3       - > GLH|CD|C|C.2         (d = 0.19 A)
2026-04-23 20:46:53,331 [ genlib ] [ INFO ] Checking atom CD2
2026-04-23 20:46:53,331 [ genlib ] [ INFO ] Define atom pair: LEU|CD2|CT|C.3       - > GLH|1HG|HC|H         (d = 0.47 A)
2026-04-23 20:46:53,331 [ genlib ] [ INFO ] Searching order 4
2026-04-23 20:46:53,331 [ genlib ] [ INFO ] Checking atom 1HD1
2026-04-23 20:46:53,331 [ genlib ] [ INFO ] Define atom pair: LEU|1HD1|HC|H        - > GLH|OE1|O|O.co2      (d = 0.37 A)
2026-04-23 20:46:53,331 [ genlib ] [ INFO ] Checking atom 2HD1
2026-04-23 20:46:53,331 [ genlib ] [ INFO ] No partner found for atom 2HD1
2026-04-23 20:46:53,331 [ genlib ] [ INFO ] Checking atom 3HD1
2026-04-23 20:46:53,331 [ genlib ] [ INFO ] No partner found for atom 3HD1
2026-04-23 20:46:53,331 [ genlib ] [ INFO ] Checking atom 1HD2
2026-04-23 20:46:53,331 [ genlib ] [ INFO ] No partner found for atom 1HD2
2026-04-23 20:46:53,331 [ genlib ] [ INFO ] Checking atom 2HD2
2026-04-23 20:46:53,331 [ genlib ] [ INFO ] No partner found for atom 2HD2
2026-04-23 20:46:53,331 [ genlib ] [ INFO ] Checking atom 3HD2
2026-04-23 20:46:53,331 [ genlib ] [ INFO ] No partner found for atom 3HD2
2026-04-23 20:46:53,331 [ genlib ] [ INFO ] Searching order 5
2026-04-23 20:46:53,331 [ genlib ] [ INFO ] Searching order 6
2026-04-23 20:46:53,331 [ genlib ] [ INFO ] Searching order 7
2026-04-23 20:46:53,331 [ genlib ] [ INFO ] Searching branch 2
2026-04-23 20:46:53,331 [ genlib ] [ INFO ] Searching order 2
2026-04-23 20:46:53,331 [ genlib ] [ INFO ] Searching order 3
2026-04-23 20:46:53,331 [ genlib ] [ INFO ] Searching order 4
2026-04-23 20:46:53,331 [ genlib ] [ INFO ] Checking atom 2HD1
2026-04-23 20:46:53,331 [ genlib ] [ INFO ] No partner found for atom 2HD1
2026-04-23 20:46:53,331 [ genlib ] [ INFO ] Checking atom 3HD1
2026-04-23 20:46:53,331 [ genlib ] [ INFO ] No partner found for atom 3HD1
2026-04-23 20:46:53,331 [ genlib ] [ INFO ] Checking atom 1HD2
2026-04-23 20:46:53,331 [ genlib ] [ INFO ] No partner found for atom 1HD2
2026-04-23 20:46:53,331 [ genlib ] [ INFO ] Checking atom 2HD2
2026-04-23 20:46:53,331 [ genlib ] [ INFO ] No partner found for atom 2HD2
2026-04-23 20:46:53,331 [ genlib ] [ INFO ] Checking atom 3HD2
2026-04-23 20:46:53,331 [ genlib ] [ INFO ] No partner found for atom 3HD2
2026-04-23 20:46:53,331 [ genlib ] [ INFO ] Searching order 5
2026-04-23 20:46:53,331 [ genlib ] [ INFO ] Searching order 6
2026-04-23 20:46:53,331 [ genlib ] [ INFO ] Searching order 7
2026-04-23 20:46:53,332 [ genlib ] [ INFO ] Updating bond lists
2026-04-23 20:46:53,332 [ genlib ] [ INFO ] Updating dihedrals
2026-04-23 20:46:53,332 [ genlib ] [ INFO ] Updating impropers
2026-04-23 20:46:53,332 [ genlib ] [ INFO ] Building library files for LEU --> GLN mutant
2026-04-23 20:46:53,333 [ genlib ] [ INFO ] reading rtp file "aminoacids.rtp"
2026-04-23 20:46:53,377 [ genlib ] [ INFO ] ENTERED SIMPLE
2026-04-23 20:46:53,377 [ genlib ] [ INFO ] Making atom pairs
2026-04-23 20:46:53,377 [ genlib ] [ INFO ] Searching branch 1
2026-04-23 20:46:53,377 [ genlib ] [ INFO ] Searching order 2
2026-04-23 20:46:53,377 [ genlib ] [ INFO ] Checking atom 1HB
2026-04-23 20:46:53,377 [ genlib ] [ INFO ] Define atom pair: LEU|1HB|HC|H         - > GLN|1HB|HC|H         (d = 0.08 A)
2026-04-23 20:46:53,377 [ genlib ] [ INFO ] Checking atom 2HB
2026-04-23 20:46:53,377 [ genlib ] [ INFO ] Define atom pair: LEU|2HB|HC|H         - > GLN|2HB|HC|H         (d = 0.07 A)
2026-04-23 20:46:53,377 [ genlib ] [ INFO ] Checking atom CG
2026-04-23 20:46:53,377 [ genlib ] [ INFO ] Define atom pair: LEU|CG|3C|C.3        - > GLN|CG|2C|C.3        (d = 0.10 A)
2026-04-23 20:46:53,377 [ genlib ] [ INFO ] Searching order 3
2026-04-23 20:46:53,377 [ genlib ] [ INFO ] Checking atom HG
2026-04-23 20:46:53,377 [ genlib ] [ INFO ] Define atom pair: LEU|HG|HC|H          - > GLN|2HG|HC|H         (d = 0.23 A)
2026-04-23 20:46:53,377 [ genlib ] [ INFO ] Checking atom CD1
2026-04-23 20:46:53,377 [ genlib ] [ INFO ] Define atom pair: LEU|CD1|CT|C.3       - > GLN|CD|C|C.2         (d = 0.16 A)
2026-04-23 20:46:53,377 [ genlib ] [ INFO ] Checking atom CD2
2026-04-23 20:46:53,377 [ genlib ] [ INFO ] Define atom pair: LEU|CD2|CT|C.3       - > GLN|1HG|HC|H         (d = 0.40 A)
2026-04-23 20:46:53,377 [ genlib ] [ INFO ] Searching order 4
2026-04-23 20:46:53,377 [ genlib ] [ INFO ] Checking atom 1HD1
2026-04-23 20:46:53,377 [ genlib ] [ INFO ] Define atom pair: LEU|1HD1|HC|H        - > GLN|OE1|O|O.2        (d = 0.24 A)
2026-04-23 20:46:53,377 [ genlib ] [ INFO ] Checking atom 2HD1
2026-04-23 20:46:53,377 [ genlib ] [ INFO ] No partner found for atom 2HD1
2026-04-23 20:46:53,377 [ genlib ] [ INFO ] Checking atom 3HD1
2026-04-23 20:46:53,377 [ genlib ] [ INFO ] No partner found for atom 3HD1
2026-04-23 20:46:53,377 [ genlib ] [ INFO ] Checking atom 1HD2
2026-04-23 20:46:53,377 [ genlib ] [ INFO ] No partner found for atom 1HD2
2026-04-23 20:46:53,377 [ genlib ] [ INFO ] Checking atom 2HD2
2026-04-23 20:46:53,377 [ genlib ] [ INFO ] No partner found for atom 2HD2
2026-04-23 20:46:53,377 [ genlib ] [ INFO ] Checking atom 3HD2
2026-04-23 20:46:53,377 [ genlib ] [ INFO ] No partner found for atom 3HD2
2026-04-23 20:46:53,377 [ genlib ] [ INFO ] Searching order 5
2026-04-23 20:46:53,377 [ genlib ] [ INFO ] Searching order 6
2026-04-23 20:46:53,377 [ genlib ] [ INFO ] Searching order 7
2026-04-23 20:46:53,377 [ genlib ] [ INFO ] Searching branch 2
2026-04-23 20:46:53,377 [ genlib ] [ INFO ] Searching order 2
2026-04-23 20:46:53,377 [ genlib ] [ INFO ] Searching order 3
2026-04-23 20:46:53,377 [ genlib ] [ INFO ] Searching order 4
2026-04-23 20:46:53,377 [ genlib ] [ INFO ] Checking atom 2HD1
2026-04-23 20:46:53,377 [ genlib ] [ INFO ] No partner found for atom 2HD1
2026-04-23 20:46:53,377 [ genlib ] [ INFO ] Checking atom 3HD1
2026-04-23 20:46:53,377 [ genlib ] [ INFO ] No partner found for atom 3HD1
2026-04-23 20:46:53,377 [ genlib ] [ INFO ] Checking atom 1HD2
2026-04-23 20:46:53,377 [ genlib ] [ INFO ] No partner found for atom 1HD2
2026-04-23 20:46:53,377 [ genlib ] [ INFO ] Checking atom 2HD2
2026-04-23 20:46:53,377 [ genlib ] [ INFO ] No partner found for atom 2HD2
2026-04-23 20:46:53,377 [ genlib ] [ INFO ] Checking atom 3HD2
2026-04-23 20:46:53,377 [ genlib ] [ INFO ] No partner found for atom 3HD2
2026-04-23 20:46:53,377 [ genlib ] [ INFO ] Searching order 5
2026-04-23 20:46:53,377 [ genlib ] [ INFO ] Searching order 6
2026-04-23 20:46:53,377 [ genlib ] [ INFO ] Searching order 7
2026-04-23 20:46:53,379 [ genlib ] [ INFO ] Updating bond lists
2026-04-23 20:46:53,379 [ genlib ] [ INFO ] Updating dihedrals
2026-04-23 20:46:53,379 [ genlib ] [ INFO ] Updating impropers
2026-04-23 20:46:53,379 [ genlib ] [ INFO ] Building library files for LEU --> GLU mutant
2026-04-23 20:46:53,380 [ genlib ] [ INFO ] reading rtp file "aminoacids.rtp"
2026-04-23 20:46:53,423 [ genlib ] [ INFO ] ENTERED SIMPLE
2026-04-23 20:46:53,423 [ genlib ] [ INFO ] Making atom pairs
2026-04-23 20:46:53,423 [ genlib ] [ INFO ] Searching branch 1
2026-04-23 20:46:53,423 [ genlib ] [ INFO ] Searching order 2
2026-04-23 20:46:53,423 [ genlib ] [ INFO ] Checking atom 1HB
2026-04-23 20:46:53,423 [ genlib ] [ INFO ] Define atom pair: LEU|1HB|HC|H         - > GLU|1HB|HC|H         (d = 0.17 A)
2026-04-23 20:46:53,423 [ genlib ] [ INFO ] Checking atom 2HB
2026-04-23 20:46:53,423 [ genlib ] [ INFO ] Define atom pair: LEU|2HB|HC|H         - > GLU|2HB|HC|H         (d = 0.12 A)
2026-04-23 20:46:53,423 [ genlib ] [ INFO ] Checking atom CG
2026-04-23 20:46:53,423 [ genlib ] [ INFO ] Define atom pair: LEU|CG|3C|C.3        - > GLU|CG|2C|C.3        (d = 0.18 A)
2026-04-23 20:46:53,423 [ genlib ] [ INFO ] Searching order 3
2026-04-23 20:46:53,423 [ genlib ] [ INFO ] Checking atom HG
2026-04-23 20:46:53,423 [ genlib ] [ INFO ] Define atom pair: LEU|HG|HC|H          - > GLU|2HG|HC|H         (d = 0.33 A)
2026-04-23 20:46:53,423 [ genlib ] [ INFO ] Checking atom CD1
2026-04-23 20:46:53,423 [ genlib ] [ INFO ] Define atom pair: LEU|CD1|CT|C.3       - > GLU|CD|CO|C.2        (d = 0.19 A)
2026-04-23 20:46:53,423 [ genlib ] [ INFO ] Checking atom CD2
2026-04-23 20:46:53,423 [ genlib ] [ INFO ] Define atom pair: LEU|CD2|CT|C.3       - > GLU|1HG|HC|H         (d = 0.38 A)
2026-04-23 20:46:53,423 [ genlib ] [ INFO ] Searching order 4
2026-04-23 20:46:53,423 [ genlib ] [ INFO ] Checking atom 1HD1
2026-04-23 20:46:53,423 [ genlib ] [ INFO ] Define atom pair: LEU|1HD1|HC|H        - > GLU|OE1|O2|O.co2     (d = 0.37 A)
2026-04-23 20:46:53,423 [ genlib ] [ INFO ] Checking atom 2HD1
2026-04-23 20:46:53,423 [ genlib ] [ INFO ] No partner found for atom 2HD1
2026-04-23 20:46:53,423 [ genlib ] [ INFO ] Checking atom 3HD1
2026-04-23 20:46:53,423 [ genlib ] [ INFO ] No partner found for atom 3HD1
2026-04-23 20:46:53,423 [ genlib ] [ INFO ] Checking atom 1HD2
2026-04-23 20:46:53,423 [ genlib ] [ INFO ] No partner found for atom 1HD2
2026-04-23 20:46:53,423 [ genlib ] [ INFO ] Checking atom 2HD2
2026-04-23 20:46:53,423 [ genlib ] [ INFO ] No partner found for atom 2HD2
2026-04-23 20:46:53,423 [ genlib ] [ INFO ] Checking atom 3HD2
2026-04-23 20:46:53,423 [ genlib ] [ INFO ] No partner found for atom 3HD2
2026-04-23 20:46:53,423 [ genlib ] [ INFO ] Searching order 5
2026-04-23 20:46:53,423 [ genlib ] [ INFO ] Searching order 6
2026-04-23 20:46:53,423 [ genlib ] [ INFO ] Searching order 7
2026-04-23 20:46:53,423 [ genlib ] [ INFO ] Searching branch 2
2026-04-23 20:46:53,423 [ genlib ] [ INFO ] Searching order 2
2026-04-23 20:46:53,423 [ genlib ] [ INFO ] Searching order 3
2026-04-23 20:46:53,423 [ genlib ] [ INFO ] Searching order 4
2026-04-23 20:46:53,423 [ genlib ] [ INFO ] Checking atom 2HD1
2026-04-23 20:46:53,423 [ genlib ] [ INFO ] No partner found for atom 2HD1
2026-04-23 20:46:53,423 [ genlib ] [ INFO ] Checking atom 3HD1
2026-04-23 20:46:53,423 [ genlib ] [ INFO ] No partner found for atom 3HD1
2026-04-23 20:46:53,423 [ genlib ] [ INFO ] Checking atom 1HD2
2026-04-23 20:46:53,423 [ genlib ] [ INFO ] No partner found for atom 1HD2
2026-04-23 20:46:53,423 [ genlib ] [ INFO ] Checking atom 2HD2
2026-04-23 20:46:53,423 [ genlib ] [ INFO ] No partner found for atom 2HD2
2026-04-23 20:46:53,423 [ genlib ] [ INFO ] Checking atom 3HD2
2026-04-23 20:46:53,423 [ genlib ] [ INFO ] No partner found for atom 3HD2
2026-04-23 20:46:53,423 [ genlib ] [ INFO ] Searching order 5
2026-04-23 20:46:53,423 [ genlib ] [ INFO ] Searching order 6
2026-04-23 20:46:53,423 [ genlib ] [ INFO ] Searching order 7
2026-04-23 20:46:53,424 [ genlib ] [ INFO ] Updating bond lists
2026-04-23 20:46:53,424 [ genlib ] [ INFO ] Updating dihedrals
2026-04-23 20:46:53,424 [ genlib ] [ INFO ] Updating impropers
2026-04-23 20:46:53,424 [ genlib ] [ INFO ] Building library files for LEU --> GLY mutant
2026-04-23 20:46:53,425 [ genlib ] [ INFO ] reading rtp file "aminoacids.rtp"
2026-04-23 20:46:53,468 [ genlib ] [ INFO ] ENTERED G
2026-04-23 20:46:53,468 [ genlib ] [ INFO ] Making atom pairs
2026-04-23 20:46:53,469 [ genlib ] [ INFO ] Updating bond lists
2026-04-23 20:46:53,469 [ genlib ] [ INFO ] Updating dihedrals
2026-04-23 20:46:53,469 [ genlib ] [ INFO ] Updating impropers
2026-04-23 20:46:53,469 [ genlib ] [ INFO ] Building library files for LEU --> HID mutant
2026-04-23 20:46:53,470 [ genlib ] [ INFO ] reading rtp file "aminoacids.rtp"
2026-04-23 20:46:53,513 [ genlib ] [ INFO ] ENTERED RINGS
2026-04-23 20:46:53,513 [ genlib ] [ INFO ] Making atom pairs
2026-04-23 20:46:53,515 [ genlib ] [ INFO ] Updating bond lists
2026-04-23 20:46:53,516 [ genlib ] [ INFO ] Updating dihedrals
2026-04-23 20:46:53,516 [ genlib ] [ INFO ] Updating impropers
2026-04-23 20:46:53,516 [ genlib ] [ INFO ] Building library files for LEU --> HIE mutant
2026-04-23 20:46:53,517 [ genlib ] [ INFO ] reading rtp file "aminoacids.rtp"
2026-04-23 20:46:53,560 [ genlib ] [ INFO ] ENTERED RINGS
2026-04-23 20:46:53,560 [ genlib ] [ INFO ] Making atom pairs
2026-04-23 20:46:53,563 [ genlib ] [ INFO ] Updating bond lists
2026-04-23 20:46:53,563 [ genlib ] [ INFO ] Updating dihedrals
2026-04-23 20:46:53,563 [ genlib ] [ INFO ] Updating impropers
2026-04-23 20:46:53,563 [ genlib ] [ INFO ] Building library files for LEU --> HIP mutant
2026-04-23 20:46:53,564 [ genlib ] [ INFO ] reading rtp file "aminoacids.rtp"
2026-04-23 20:46:53,607 [ genlib ] [ INFO ] ENTERED RINGS
2026-04-23 20:46:53,607 [ genlib ] [ INFO ] Making atom pairs
2026-04-23 20:46:53,610 [ genlib ] [ INFO ] Updating bond lists
2026-04-23 20:46:53,610 [ genlib ] [ INFO ] Updating dihedrals
2026-04-23 20:46:53,610 [ genlib ] [ INFO ] Updating impropers
2026-04-23 20:46:53,611 [ genlib ] [ INFO ] Building library files for LEU --> ILE mutant
2026-04-23 20:46:53,611 [ genlib ] [ INFO ] reading rtp file "aminoacids.rtp"
2026-04-23 20:46:53,655 [ genlib ] [ INFO ] ENTERED SIMPLE
2026-04-23 20:46:53,655 [ genlib ] [ INFO ] Making atom pairs
2026-04-23 20:46:53,655 [ genlib ] [ INFO ] Searching branch 1
2026-04-23 20:46:53,655 [ genlib ] [ INFO ] Searching order 2
2026-04-23 20:46:53,655 [ genlib ] [ INFO ] Checking atom 1HB
2026-04-23 20:46:53,655 [ genlib ] [ INFO ] Define atom pair: LEU|1HB|HC|H         - > ILE|HB|HC|H          (d = 0.12 A)
2026-04-23 20:46:53,655 [ genlib ] [ INFO ] Checking atom 2HB
2026-04-23 20:46:53,655 [ genlib ] [ INFO ] Define atom pair: LEU|2HB|HC|H         - > ILE|CG2|CT|C.3       (d = 0.46 A)
2026-04-23 20:46:53,655 [ genlib ] [ INFO ] Checking atom CG
2026-04-23 20:46:53,655 [ genlib ] [ INFO ] Define atom pair: LEU|CG|3C|C.3        - > ILE|CG1|2C|C.3       (d = 0.13 A)
2026-04-23 20:46:53,655 [ genlib ] [ INFO ] Searching order 3
2026-04-23 20:46:53,655 [ genlib ] [ INFO ] Checking atom HG
2026-04-23 20:46:53,655 [ genlib ] [ INFO ] Define atom pair: LEU|HG|HC|H          - > ILE|2HG1|HC|H        (d = 0.23 A)
2026-04-23 20:46:53,655 [ genlib ] [ INFO ] Checking atom CD1
2026-04-23 20:46:53,655 [ genlib ] [ INFO ] Define atom pair: LEU|CD1|CT|C.3       - > ILE|CD1|CT|C.3       (d = 0.19 A)
2026-04-23 20:46:53,655 [ genlib ] [ INFO ] Checking atom CD2
2026-04-23 20:46:53,655 [ genlib ] [ INFO ] Define atom pair: LEU|CD2|CT|C.3       - > ILE|1HG1|HC|H        (d = 0.40 A)
2026-04-23 20:46:53,655 [ genlib ] [ INFO ] Searching order 4
2026-04-23 20:46:53,655 [ genlib ] [ INFO ] Checking atom 1HD1
2026-04-23 20:46:53,655 [ genlib ] [ INFO ] Define atom pair: LEU|1HD1|HC|H        - > ILE|1HD1|HC|H        (d = 0.27 A)
2026-04-23 20:46:53,655 [ genlib ] [ INFO ] Checking atom 2HD1
2026-04-23 20:46:53,655 [ genlib ] [ INFO ] Define atom pair: LEU|2HD1|HC|H        - > ILE|2HD1|HC|H        (d = 0.24 A)
2026-04-23 20:46:53,655 [ genlib ] [ INFO ] Checking atom 3HD1
2026-04-23 20:46:53,655 [ genlib ] [ INFO ] Define atom pair: LEU|3HD1|HC|H        - > ILE|3HD1|HC|H        (d = 0.16 A)
2026-04-23 20:46:53,655 [ genlib ] [ INFO ] Checking atom 1HD2
2026-04-23 20:46:53,655 [ genlib ] [ INFO ] No partner found for atom 1HD2
2026-04-23 20:46:53,655 [ genlib ] [ INFO ] Checking atom 2HD2
2026-04-23 20:46:53,655 [ genlib ] [ INFO ] No partner found for atom 2HD2
2026-04-23 20:46:53,655 [ genlib ] [ INFO ] Checking atom 3HD2
2026-04-23 20:46:53,655 [ genlib ] [ INFO ] No partner found for atom 3HD2
2026-04-23 20:46:53,655 [ genlib ] [ INFO ] Searching order 5
2026-04-23 20:46:53,655 [ genlib ] [ INFO ] Searching order 6
2026-04-23 20:46:53,655 [ genlib ] [ INFO ] Searching order 7
2026-04-23 20:46:53,655 [ genlib ] [ INFO ] Searching branch 2
2026-04-23 20:46:53,655 [ genlib ] [ INFO ] Searching order 2
2026-04-23 20:46:53,655 [ genlib ] [ INFO ] Searching order 3
2026-04-23 20:46:53,655 [ genlib ] [ INFO ] Searching order 4
2026-04-23 20:46:53,655 [ genlib ] [ INFO ] Checking atom 1HD2
2026-04-23 20:46:53,655 [ genlib ] [ INFO ] No partner found for atom 1HD2
2026-04-23 20:46:53,655 [ genlib ] [ INFO ] Checking atom 2HD2
2026-04-23 20:46:53,655 [ genlib ] [ INFO ] No partner found for atom 2HD2
2026-04-23 20:46:53,655 [ genlib ] [ INFO ] Checking atom 3HD2
2026-04-23 20:46:53,655 [ genlib ] [ INFO ] No partner found for atom 3HD2
2026-04-23 20:46:53,655 [ genlib ] [ INFO ] Searching order 5
2026-04-23 20:46:53,655 [ genlib ] [ INFO ] Searching order 6
2026-04-23 20:46:53,655 [ genlib ] [ INFO ] Searching order 7
2026-04-23 20:46:53,657 [ genlib ] [ INFO ] Updating bond lists
2026-04-23 20:46:53,657 [ genlib ] [ INFO ] Updating dihedrals
2026-04-23 20:46:53,657 [ genlib ] [ INFO ] Updating impropers
2026-04-23 20:46:53,657 [ genlib ] [ INFO ] Building library files for LEU --> LYN mutant
2026-04-23 20:46:53,658 [ genlib ] [ INFO ] reading rtp file "aminoacids.rtp"
2026-04-23 20:46:53,701 [ genlib ] [ INFO ] ENTERED SIMPLE
2026-04-23 20:46:53,701 [ genlib ] [ INFO ] Making atom pairs
2026-04-23 20:46:53,701 [ genlib ] [ INFO ] Searching branch 1
2026-04-23 20:46:53,701 [ genlib ] [ INFO ] Searching order 2
2026-04-23 20:46:53,701 [ genlib ] [ INFO ] Checking atom 1HB
2026-04-23 20:46:53,701 [ genlib ] [ INFO ] Define atom pair: LEU|1HB|HC|H         - > LYN|1HB|HC|H         (d = 0.08 A)
2026-04-23 20:46:53,701 [ genlib ] [ INFO ] Checking atom 2HB
2026-04-23 20:46:53,701 [ genlib ] [ INFO ] Define atom pair: LEU|2HB|HC|H         - > LYN|2HB|HC|H         (d = 0.13 A)
2026-04-23 20:46:53,701 [ genlib ] [ INFO ] Checking atom CG
2026-04-23 20:46:53,701 [ genlib ] [ INFO ] Define atom pair: LEU|CG|3C|C.3        - > LYN|CG|CT|C.3        (d = 0.09 A)
2026-04-23 20:46:53,701 [ genlib ] [ INFO ] Searching order 3
2026-04-23 20:46:53,701 [ genlib ] [ INFO ] Checking atom HG
2026-04-23 20:46:53,701 [ genlib ] [ INFO ] Define atom pair: LEU|HG|HC|H          - > LYN|2HG|HC|H         (d = 0.20 A)
2026-04-23 20:46:53,701 [ genlib ] [ INFO ] Checking atom CD1
2026-04-23 20:46:53,701 [ genlib ] [ INFO ] Define atom pair: LEU|CD1|CT|C.3       - > LYN|CD|CT|C.3        (d = 0.11 A)
2026-04-23 20:46:53,701 [ genlib ] [ INFO ] Checking atom CD2
2026-04-23 20:46:53,701 [ genlib ] [ INFO ] Define atom pair: LEU|CD2|CT|C.3       - > LYN|1HG|HC|H         (d = 0.53 A)
2026-04-23 20:46:53,701 [ genlib ] [ INFO ] Searching order 4
2026-04-23 20:46:53,701 [ genlib ] [ INFO ] Checking atom 1HD1
2026-04-23 20:46:53,701 [ genlib ] [ INFO ] Define atom pair: LEU|1HD1|HC|H        - > LYN|CE|CT|C.3        (d = 0.49 A)
2026-04-23 20:46:53,701 [ genlib ] [ INFO ] Checking atom 2HD1
2026-04-23 20:46:53,701 [ genlib ] [ INFO ] Define atom pair: LEU|2HD1|HC|H        - > LYN|1HD|HC|H         (d = 0.21 A)
2026-04-23 20:46:53,701 [ genlib ] [ INFO ] Checking atom 3HD1
2026-04-23 20:46:53,701 [ genlib ] [ INFO ] Define atom pair: LEU|3HD1|HC|H        - > LYN|2HD|HC|H         (d = 0.19 A)
2026-04-23 20:46:53,701 [ genlib ] [ INFO ] Checking atom 1HD2
2026-04-23 20:46:53,701 [ genlib ] [ INFO ] No partner found for atom 1HD2
2026-04-23 20:46:53,701 [ genlib ] [ INFO ] Checking atom 2HD2
2026-04-23 20:46:53,701 [ genlib ] [ INFO ] No partner found for atom 2HD2
2026-04-23 20:46:53,701 [ genlib ] [ INFO ] Checking atom 3HD2
2026-04-23 20:46:53,701 [ genlib ] [ INFO ] No partner found for atom 3HD2
2026-04-23 20:46:53,701 [ genlib ] [ INFO ] Searching order 5
2026-04-23 20:46:53,701 [ genlib ] [ INFO ] Searching order 6
2026-04-23 20:46:53,701 [ genlib ] [ INFO ] Searching order 7
2026-04-23 20:46:53,702 [ genlib ] [ INFO ] Searching branch 2
2026-04-23 20:46:53,702 [ genlib ] [ INFO ] Searching order 2
2026-04-23 20:46:53,702 [ genlib ] [ INFO ] Searching order 3
2026-04-23 20:46:53,702 [ genlib ] [ INFO ] Searching order 4
2026-04-23 20:46:53,702 [ genlib ] [ INFO ] Checking atom 1HD2
2026-04-23 20:46:53,702 [ genlib ] [ INFO ] No partner found for atom 1HD2
2026-04-23 20:46:53,702 [ genlib ] [ INFO ] Checking atom 2HD2
2026-04-23 20:46:53,702 [ genlib ] [ INFO ] No partner found for atom 2HD2
2026-04-23 20:46:53,702 [ genlib ] [ INFO ] Checking atom 3HD2
2026-04-23 20:46:53,702 [ genlib ] [ INFO ] No partner found for atom 3HD2
2026-04-23 20:46:53,702 [ genlib ] [ INFO ] Searching order 5
2026-04-23 20:46:53,702 [ genlib ] [ INFO ] Searching order 6
2026-04-23 20:46:53,702 [ genlib ] [ INFO ] Searching order 7
2026-04-23 20:46:53,704 [ genlib ] [ INFO ] Updating bond lists
2026-04-23 20:46:53,704 [ genlib ] [ INFO ] Updating dihedrals
2026-04-23 20:46:53,704 [ genlib ] [ INFO ] Updating impropers
2026-04-23 20:46:53,704 [ genlib ] [ INFO ] Building library files for LEU --> LYS mutant
2026-04-23 20:46:53,705 [ genlib ] [ INFO ] reading rtp file "aminoacids.rtp"
2026-04-23 20:46:53,748 [ genlib ] [ INFO ] ENTERED SIMPLE
2026-04-23 20:46:53,748 [ genlib ] [ INFO ] Making atom pairs
2026-04-23 20:46:53,748 [ genlib ] [ INFO ] Searching branch 1
2026-04-23 20:46:53,748 [ genlib ] [ INFO ] Searching order 2
2026-04-23 20:46:53,748 [ genlib ] [ INFO ] Checking atom 1HB
2026-04-23 20:46:53,749 [ genlib ] [ INFO ] Define atom pair: LEU|1HB|HC|H         - > LYS|1HB|HC|H         (d = 0.09 A)
2026-04-23 20:46:53,749 [ genlib ] [ INFO ] Checking atom 2HB
2026-04-23 20:46:53,749 [ genlib ] [ INFO ] Define atom pair: LEU|2HB|HC|H         - > LYS|2HB|HC|H         (d = 0.09 A)
2026-04-23 20:46:53,749 [ genlib ] [ INFO ] Checking atom CG
2026-04-23 20:46:53,749 [ genlib ] [ INFO ] Define atom pair: LEU|CG|3C|C.3        - > LYS|CG|C8|C.3        (d = 0.09 A)
2026-04-23 20:46:53,749 [ genlib ] [ INFO ] Searching order 3
2026-04-23 20:46:53,749 [ genlib ] [ INFO ] Checking atom HG
2026-04-23 20:46:53,749 [ genlib ] [ INFO ] Define atom pair: LEU|HG|HC|H          - > LYS|2HG|HC|H         (d = 0.23 A)
2026-04-23 20:46:53,749 [ genlib ] [ INFO ] Checking atom CD1
2026-04-23 20:46:53,749 [ genlib ] [ INFO ] Define atom pair: LEU|CD1|CT|C.3       - > LYS|CD|C8|C.3        (d = 0.14 A)
2026-04-23 20:46:53,749 [ genlib ] [ INFO ] Checking atom CD2
2026-04-23 20:46:53,749 [ genlib ] [ INFO ] Define atom pair: LEU|CD2|CT|C.3       - > LYS|1HG|HC|H         (d = 0.44 A)
2026-04-23 20:46:53,749 [ genlib ] [ INFO ] Searching order 4
2026-04-23 20:46:53,749 [ genlib ] [ INFO ] Checking atom 1HD1
2026-04-23 20:46:53,749 [ genlib ] [ INFO ] Define atom pair: LEU|1HD1|HC|H        - > LYS|CE|C8|C.3        (d = 0.52 A)
2026-04-23 20:46:53,749 [ genlib ] [ INFO ] Checking atom 2HD1
2026-04-23 20:46:53,749 [ genlib ] [ INFO ] Define atom pair: LEU|2HD1|HC|H        - > LYS|1HD|HC|H         (d = 0.16 A)
2026-04-23 20:46:53,749 [ genlib ] [ INFO ] Checking atom 3HD1
2026-04-23 20:46:53,749 [ genlib ] [ INFO ] Define atom pair: LEU|3HD1|HC|H        - > LYS|2HD|HC|H         (d = 0.12 A)
2026-04-23 20:46:53,749 [ genlib ] [ INFO ] Checking atom 1HD2
2026-04-23 20:46:53,749 [ genlib ] [ INFO ] No partner found for atom 1HD2
2026-04-23 20:46:53,749 [ genlib ] [ INFO ] Checking atom 2HD2
2026-04-23 20:46:53,749 [ genlib ] [ INFO ] No partner found for atom 2HD2
2026-04-23 20:46:53,749 [ genlib ] [ INFO ] Checking atom 3HD2
2026-04-23 20:46:53,749 [ genlib ] [ INFO ] No partner found for atom 3HD2
2026-04-23 20:46:53,749 [ genlib ] [ INFO ] Searching order 5
2026-04-23 20:46:53,749 [ genlib ] [ INFO ] Searching order 6
2026-04-23 20:46:53,749 [ genlib ] [ INFO ] Searching order 7
2026-04-23 20:46:53,749 [ genlib ] [ INFO ] Searching branch 2
2026-04-23 20:46:53,749 [ genlib ] [ INFO ] Searching order 2
2026-04-23 20:46:53,749 [ genlib ] [ INFO ] Searching order 3
2026-04-23 20:46:53,749 [ genlib ] [ INFO ] Searching order 4
2026-04-23 20:46:53,749 [ genlib ] [ INFO ] Checking atom 1HD2
2026-04-23 20:46:53,749 [ genlib ] [ INFO ] No partner found for atom 1HD2
2026-04-23 20:46:53,749 [ genlib ] [ INFO ] Checking atom 2HD2
2026-04-23 20:46:53,749 [ genlib ] [ INFO ] No partner found for atom 2HD2
2026-04-23 20:46:53,749 [ genlib ] [ INFO ] Checking atom 3HD2
2026-04-23 20:46:53,749 [ genlib ] [ INFO ] No partner found for atom 3HD2
2026-04-23 20:46:53,749 [ genlib ] [ INFO ] Searching order 5
2026-04-23 20:46:53,749 [ genlib ] [ INFO ] Searching order 6
2026-04-23 20:46:53,749 [ genlib ] [ INFO ] Searching order 7
2026-04-23 20:46:53,752 [ genlib ] [ INFO ] Updating bond lists
2026-04-23 20:46:53,752 [ genlib ] [ INFO ] Updating dihedrals
2026-04-23 20:46:53,752 [ genlib ] [ INFO ] Updating impropers
2026-04-23 20:46:53,752 [ genlib ] [ INFO ] Building library files for LEU --> MET mutant
2026-04-23 20:46:53,753 [ genlib ] [ INFO ] reading rtp file "aminoacids.rtp"
2026-04-23 20:46:53,796 [ genlib ] [ INFO ] ENTERED SIMPLE
2026-04-23 20:46:53,796 [ genlib ] [ INFO ] Making atom pairs
2026-04-23 20:46:53,796 [ genlib ] [ INFO ] Searching branch 1
2026-04-23 20:46:53,796 [ genlib ] [ INFO ] Searching order 2
2026-04-23 20:46:53,796 [ genlib ] [ INFO ] Checking atom 1HB
2026-04-23 20:46:53,796 [ genlib ] [ INFO ] Define atom pair: LEU|1HB|HC|H         - > MET|1HB|HC|H         (d = 0.03 A)
2026-04-23 20:46:53,796 [ genlib ] [ INFO ] Checking atom 2HB
2026-04-23 20:46:53,796 [ genlib ] [ INFO ] Define atom pair: LEU|2HB|HC|H         - > MET|2HB|HC|H         (d = 0.02 A)
2026-04-23 20:46:53,796 [ genlib ] [ INFO ] Checking atom CG
2026-04-23 20:46:53,796 [ genlib ] [ INFO ] Define atom pair: LEU|CG|3C|C.3        - > MET|CG|2C|C.3        (d = 0.09 A)
2026-04-23 20:46:53,796 [ genlib ] [ INFO ] Searching order 3
2026-04-23 20:46:53,796 [ genlib ] [ INFO ] Checking atom HG
2026-04-23 20:46:53,796 [ genlib ] [ INFO ] Define atom pair: LEU|HG|HC|H          - > MET|2HG|H1|H         (d = 0.17 A)
2026-04-23 20:46:53,796 [ genlib ] [ INFO ] Checking atom CD1
2026-04-23 20:46:53,796 [ genlib ] [ INFO ] Define atom pair: LEU|CD1|CT|C.3       - > MET|SD|S|S.3         (d = 0.30 A)
2026-04-23 20:46:53,796 [ genlib ] [ INFO ] Checking atom CD2
2026-04-23 20:46:53,796 [ genlib ] [ INFO ] Define atom pair: LEU|CD2|CT|C.3       - > MET|1HG|H1|H         (d = 0.44 A)
2026-04-23 20:46:53,796 [ genlib ] [ INFO ] Searching order 4
2026-04-23 20:46:53,796 [ genlib ] [ INFO ] Checking atom 1HD1
2026-04-23 20:46:53,796 [ genlib ] [ INFO ] No partner found for atom 1HD1
2026-04-23 20:46:53,796 [ genlib ] [ INFO ] Checking atom 2HD1
2026-04-23 20:46:53,796 [ genlib ] [ INFO ] No partner found for atom 2HD1
2026-04-23 20:46:53,796 [ genlib ] [ INFO ] Checking atom 3HD1
2026-04-23 20:46:53,796 [ genlib ] [ INFO ] No partner found for atom 3HD1
2026-04-23 20:46:53,796 [ genlib ] [ INFO ] Checking atom 1HD2
2026-04-23 20:46:53,796 [ genlib ] [ INFO ] No partner found for atom 1HD2
2026-04-23 20:46:53,796 [ genlib ] [ INFO ] Checking atom 2HD2
2026-04-23 20:46:53,796 [ genlib ] [ INFO ] No partner found for atom 2HD2
2026-04-23 20:46:53,796 [ genlib ] [ INFO ] Checking atom 3HD2
2026-04-23 20:46:53,796 [ genlib ] [ INFO ] No partner found for atom 3HD2
2026-04-23 20:46:53,796 [ genlib ] [ INFO ] Searching order 5
2026-04-23 20:46:53,796 [ genlib ] [ INFO ] Searching order 6
2026-04-23 20:46:53,796 [ genlib ] [ INFO ] Searching order 7
2026-04-23 20:46:53,796 [ genlib ] [ INFO ] Searching branch 2
2026-04-23 20:46:53,796 [ genlib ] [ INFO ] Searching order 2
2026-04-23 20:46:53,796 [ genlib ] [ INFO ] Searching order 3
2026-04-23 20:46:53,796 [ genlib ] [ INFO ] Searching order 4
2026-04-23 20:46:53,796 [ genlib ] [ INFO ] Checking atom 1HD1
2026-04-23 20:46:53,796 [ genlib ] [ INFO ] No partner found for atom 1HD1
2026-04-23 20:46:53,796 [ genlib ] [ INFO ] Checking atom 2HD1
2026-04-23 20:46:53,796 [ genlib ] [ INFO ] No partner found for atom 2HD1
2026-04-23 20:46:53,796 [ genlib ] [ INFO ] Checking atom 3HD1
2026-04-23 20:46:53,796 [ genlib ] [ INFO ] No partner found for atom 3HD1
2026-04-23 20:46:53,796 [ genlib ] [ INFO ] Checking atom 1HD2
2026-04-23 20:46:53,796 [ genlib ] [ INFO ] No partner found for atom 1HD2
2026-04-23 20:46:53,796 [ genlib ] [ INFO ] Checking atom 2HD2
2026-04-23 20:46:53,796 [ genlib ] [ INFO ] No partner found for atom 2HD2
2026-04-23 20:46:53,796 [ genlib ] [ INFO ] Checking atom 3HD2
2026-04-23 20:46:53,797 [ genlib ] [ INFO ] No partner found for atom 3HD2
2026-04-23 20:46:53,797 [ genlib ] [ INFO ] Searching order 5
2026-04-23 20:46:53,797 [ genlib ] [ INFO ] Searching order 6
2026-04-23 20:46:53,797 [ genlib ] [ INFO ] Searching order 7
2026-04-23 20:46:53,798 [ genlib ] [ INFO ] Updating bond lists
2026-04-23 20:46:53,798 [ genlib ] [ INFO ] Updating dihedrals
2026-04-23 20:46:53,798 [ genlib ] [ INFO ] Updating impropers
2026-04-23 20:46:53,799 [ genlib ] [ INFO ] Building library files for LEU --> PHE mutant
2026-04-23 20:46:53,799 [ genlib ] [ INFO ] reading rtp file "aminoacids.rtp"
2026-04-23 20:46:53,843 [ genlib ] [ INFO ] ENTERED RINGS
2026-04-23 20:46:53,843 [ genlib ] [ INFO ] Making atom pairs
2026-04-23 20:46:53,847 [ genlib ] [ INFO ] Updating bond lists
2026-04-23 20:46:53,847 [ genlib ] [ INFO ] Updating dihedrals
2026-04-23 20:46:53,847 [ genlib ] [ INFO ] Updating impropers
2026-04-23 20:46:53,847 [ genlib ] [ INFO ] Building library files for LEU --> PRO mutant
2026-04-23 20:46:53,848 [ genlib ] [ INFO ] reading rtp file "aminoacids.rtp"
2026-04-23 20:46:53,891 [ genlib ] [ INFO ] ENTERED P
2026-04-23 20:46:53,891 [ genlib ] [ INFO ] Making atom pairs
2026-04-23 20:46:53,894 [ genlib ] [ INFO ] Updating bond lists
2026-04-23 20:46:53,894 [ genlib ] [ INFO ] Updating dihedrals
2026-04-23 20:46:53,894 [ genlib ] [ INFO ] Updating impropers
2026-04-23 20:46:53,895 [ genlib ] [ INFO ] Building library files for LEU --> SER mutant
2026-04-23 20:46:53,895 [ genlib ] [ INFO ] reading rtp file "aminoacids.rtp"
2026-04-23 20:46:53,938 [ genlib ] [ INFO ] ENTERED SIMPLE
2026-04-23 20:46:53,938 [ genlib ] [ INFO ] Making atom pairs
2026-04-23 20:46:53,938 [ genlib ] [ INFO ] Searching branch 1
2026-04-23 20:46:53,938 [ genlib ] [ INFO ] Searching order 2
2026-04-23 20:46:53,938 [ genlib ] [ INFO ] Checking atom 1HB
2026-04-23 20:46:53,938 [ genlib ] [ INFO ] Define atom pair: LEU|1HB|HC|H         - > SER|1HB|H1|H         (d = 0.13 A)
2026-04-23 20:46:53,938 [ genlib ] [ INFO ] Checking atom 2HB
2026-04-23 20:46:53,938 [ genlib ] [ INFO ] Define atom pair: LEU|2HB|HC|H         - > SER|2HB|H1|H         (d = 0.11 A)
2026-04-23 20:46:53,938 [ genlib ] [ INFO ] Checking atom CG
2026-04-23 20:46:53,938 [ genlib ] [ INFO ] Define atom pair: LEU|CG|3C|C.3        - > SER|OG|OH|O.3        (d = 0.19 A)
2026-04-23 20:46:53,938 [ genlib ] [ INFO ] Searching order 3
2026-04-23 20:46:53,938 [ genlib ] [ INFO ] Checking atom HG
2026-04-23 20:46:53,938 [ genlib ] [ INFO ] No partner found for atom HG
2026-04-23 20:46:53,938 [ genlib ] [ INFO ] Checking atom CD1
2026-04-23 20:46:53,938 [ genlib ] [ INFO ] No partner found for atom CD1
2026-04-23 20:46:53,938 [ genlib ] [ INFO ] Checking atom CD2
2026-04-23 20:46:53,938 [ genlib ] [ INFO ] No partner found for atom CD2
2026-04-23 20:46:53,938 [ genlib ] [ INFO ] Searching order 4
2026-04-23 20:46:53,938 [ genlib ] [ INFO ] Searching order 5
2026-04-23 20:46:53,938 [ genlib ] [ INFO ] Searching order 6
2026-04-23 20:46:53,938 [ genlib ] [ INFO ] Searching order 7
2026-04-23 20:46:53,938 [ genlib ] [ INFO ] Searching branch 2
2026-04-23 20:46:53,938 [ genlib ] [ INFO ] Searching order 2
2026-04-23 20:46:53,938 [ genlib ] [ INFO ] Searching order 3
2026-04-23 20:46:53,938 [ genlib ] [ INFO ] Checking atom HG
2026-04-23 20:46:53,938 [ genlib ] [ INFO ] No partner found for atom HG
2026-04-23 20:46:53,938 [ genlib ] [ INFO ] Checking atom CD1
2026-04-23 20:46:53,938 [ genlib ] [ INFO ] No partner found for atom CD1
2026-04-23 20:46:53,938 [ genlib ] [ INFO ] Checking atom CD2
2026-04-23 20:46:53,938 [ genlib ] [ INFO ] No partner found for atom CD2
2026-04-23 20:46:53,938 [ genlib ] [ INFO ] Searching order 4
2026-04-23 20:46:53,938 [ genlib ] [ INFO ] Searching order 5
2026-04-23 20:46:53,938 [ genlib ] [ INFO ] Searching order 6
2026-04-23 20:46:53,938 [ genlib ] [ INFO ] Searching order 7
2026-04-23 20:46:53,939 [ genlib ] [ INFO ] Updating bond lists
2026-04-23 20:46:53,939 [ genlib ] [ INFO ] Updating dihedrals
2026-04-23 20:46:53,939 [ genlib ] [ INFO ] Updating impropers
2026-04-23 20:46:53,940 [ genlib ] [ INFO ] Building library files for LEU --> THR mutant
2026-04-23 20:46:53,940 [ genlib ] [ INFO ] reading rtp file "aminoacids.rtp"
2026-04-23 20:46:53,983 [ genlib ] [ INFO ] ENTERED SIMPLE
2026-04-23 20:46:53,983 [ genlib ] [ INFO ] Making atom pairs
2026-04-23 20:46:53,983 [ genlib ] [ INFO ] Searching branch 1
2026-04-23 20:46:53,983 [ genlib ] [ INFO ] Searching order 2
2026-04-23 20:46:53,983 [ genlib ] [ INFO ] Checking atom 1HB
2026-04-23 20:46:53,983 [ genlib ] [ INFO ] Define atom pair: LEU|1HB|HC|H         - > THR|HB|H1|H          (d = 0.12 A)
2026-04-23 20:46:53,983 [ genlib ] [ INFO ] Checking atom 2HB
2026-04-23 20:46:53,983 [ genlib ] [ INFO ] Define atom pair: LEU|2HB|HC|H         - > THR|CG2|CT|C.3       (d = 0.45 A)
2026-04-23 20:46:53,983 [ genlib ] [ INFO ] Checking atom CG
2026-04-23 20:46:53,983 [ genlib ] [ INFO ] Define atom pair: LEU|CG|3C|C.3        - > THR|OG1|OH|O.3       (d = 0.26 A)
2026-04-23 20:46:53,983 [ genlib ] [ INFO ] Searching order 3
2026-04-23 20:46:53,983 [ genlib ] [ INFO ] Checking atom HG
2026-04-23 20:46:53,983 [ genlib ] [ INFO ] No partner found for atom HG
2026-04-23 20:46:53,983 [ genlib ] [ INFO ] Checking atom CD1
2026-04-23 20:46:53,983 [ genlib ] [ INFO ] No partner found for atom CD1
2026-04-23 20:46:53,983 [ genlib ] [ INFO ] Checking atom CD2
2026-04-23 20:46:53,983 [ genlib ] [ INFO ] No partner found for atom CD2
2026-04-23 20:46:53,983 [ genlib ] [ INFO ] Searching order 4
2026-04-23 20:46:53,983 [ genlib ] [ INFO ] Searching order 5
2026-04-23 20:46:53,983 [ genlib ] [ INFO ] Searching order 6
2026-04-23 20:46:53,983 [ genlib ] [ INFO ] Searching order 7
2026-04-23 20:46:53,983 [ genlib ] [ INFO ] Searching branch 2
2026-04-23 20:46:53,983 [ genlib ] [ INFO ] Searching order 2
2026-04-23 20:46:53,983 [ genlib ] [ INFO ] Searching order 3
2026-04-23 20:46:53,983 [ genlib ] [ INFO ] Checking atom HG
2026-04-23 20:46:53,983 [ genlib ] [ INFO ] No partner found for atom HG
2026-04-23 20:46:53,983 [ genlib ] [ INFO ] Checking atom CD1
2026-04-23 20:46:53,983 [ genlib ] [ INFO ] No partner found for atom CD1
2026-04-23 20:46:53,983 [ genlib ] [ INFO ] Checking atom CD2
2026-04-23 20:46:53,983 [ genlib ] [ INFO ] No partner found for atom CD2
2026-04-23 20:46:53,983 [ genlib ] [ INFO ] Searching order 4
2026-04-23 20:46:53,983 [ genlib ] [ INFO ] Searching order 5
2026-04-23 20:46:53,983 [ genlib ] [ INFO ] Searching order 6
2026-04-23 20:46:53,983 [ genlib ] [ INFO ] Searching order 7
2026-04-23 20:46:53,985 [ genlib ] [ INFO ] Updating bond lists
2026-04-23 20:46:53,985 [ genlib ] [ INFO ] Updating dihedrals
2026-04-23 20:46:53,985 [ genlib ] [ INFO ] Updating impropers
2026-04-23 20:46:53,985 [ genlib ] [ INFO ] Building library files for LEU --> TRP mutant
2026-04-23 20:46:53,986 [ genlib ] [ INFO ] reading rtp file "aminoacids.rtp"
2026-04-23 20:46:54,029 [ genlib ] [ INFO ] ENTERED RINGS
2026-04-23 20:46:54,029 [ genlib ] [ INFO ] Making atom pairs
2026-04-23 20:46:54,036 [ genlib ] [ INFO ] Updating bond lists
2026-04-23 20:46:54,036 [ genlib ] [ INFO ] Updating dihedrals
2026-04-23 20:46:54,036 [ genlib ] [ INFO ] Updating impropers
2026-04-23 20:46:54,036 [ genlib ] [ INFO ] Building library files for LEU --> TYR mutant
2026-04-23 20:46:54,037 [ genlib ] [ INFO ] reading rtp file "aminoacids.rtp"
2026-04-23 20:46:54,080 [ genlib ] [ INFO ] ENTERED RINGS
2026-04-23 20:46:54,080 [ genlib ] [ INFO ] Making atom pairs
2026-04-23 20:46:54,085 [ genlib ] [ INFO ] Updating bond lists
2026-04-23 20:46:54,085 [ genlib ] [ INFO ] Updating dihedrals
2026-04-23 20:46:54,085 [ genlib ] [ INFO ] Updating impropers
2026-04-23 20:46:54,086 [ genlib ] [ INFO ] Building library files for LEU --> VAL mutant
2026-04-23 20:46:54,086 [ genlib ] [ INFO ] reading rtp file "aminoacids.rtp"
2026-04-23 20:46:54,129 [ genlib ] [ INFO ] ENTERED SIMPLE
2026-04-23 20:46:54,129 [ genlib ] [ INFO ] Making atom pairs
2026-04-23 20:46:54,129 [ genlib ] [ INFO ] Searching branch 1
2026-04-23 20:46:54,129 [ genlib ] [ INFO ] Searching order 2
2026-04-23 20:46:54,129 [ genlib ] [ INFO ] Checking atom 1HB
2026-04-23 20:46:54,129 [ genlib ] [ INFO ] Define atom pair: LEU|1HB|HC|H         - > VAL|HB|HC|H          (d = 0.21 A)
2026-04-23 20:46:54,129 [ genlib ] [ INFO ] Checking atom 2HB
2026-04-23 20:46:54,129 [ genlib ] [ INFO ] Define atom pair: LEU|2HB|HC|H         - > VAL|CG1|CT|C.3       (d = 0.43 A)
2026-04-23 20:46:54,129 [ genlib ] [ INFO ] Checking atom CG
2026-04-23 20:46:54,129 [ genlib ] [ INFO ] Define atom pair: LEU|CG|3C|C.3        - > VAL|CG2|CT|C.3       (d = 0.24 A)
2026-04-23 20:46:54,129 [ genlib ] [ INFO ] Searching order 3
2026-04-23 20:46:54,129 [ genlib ] [ INFO ] Checking atom HG
2026-04-23 20:46:54,129 [ genlib ] [ INFO ] Define atom pair: LEU|HG|HC|H          - > VAL|3HG2|HC|H        (d = 0.42 A)
2026-04-23 20:46:54,129 [ genlib ] [ INFO ] Checking atom CD1
2026-04-23 20:46:54,129 [ genlib ] [ INFO ] Define atom pair: LEU|CD1|CT|C.3       - > VAL|1HG2|HC|H        (d = 0.49 A)
2026-04-23 20:46:54,129 [ genlib ] [ INFO ] Checking atom CD2
2026-04-23 20:46:54,129 [ genlib ] [ INFO ] Define atom pair: LEU|CD2|CT|C.3       - > VAL|2HG2|HC|H        (d = 0.42 A)
2026-04-23 20:46:54,129 [ genlib ] [ INFO ] Searching order 4
2026-04-23 20:46:54,129 [ genlib ] [ INFO ] Checking atom 1HD1
2026-04-23 20:46:54,129 [ genlib ] [ INFO ] No partner found for atom 1HD1
2026-04-23 20:46:54,129 [ genlib ] [ INFO ] Checking atom 2HD1
2026-04-23 20:46:54,129 [ genlib ] [ INFO ] No partner found for atom 2HD1
2026-04-23 20:46:54,129 [ genlib ] [ INFO ] Checking atom 3HD1
2026-04-23 20:46:54,129 [ genlib ] [ INFO ] No partner found for atom 3HD1
2026-04-23 20:46:54,129 [ genlib ] [ INFO ] Checking atom 1HD2
2026-04-23 20:46:54,129 [ genlib ] [ INFO ] No partner found for atom 1HD2
2026-04-23 20:46:54,129 [ genlib ] [ INFO ] Checking atom 2HD2
2026-04-23 20:46:54,130 [ genlib ] [ INFO ] No partner found for atom 2HD2
2026-04-23 20:46:54,130 [ genlib ] [ INFO ] Checking atom 3HD2
2026-04-23 20:46:54,130 [ genlib ] [ INFO ] No partner found for atom 3HD2
2026-04-23 20:46:54,130 [ genlib ] [ INFO ] Searching order 5
2026-04-23 20:46:54,130 [ genlib ] [ INFO ] Searching order 6
2026-04-23 20:46:54,130 [ genlib ] [ INFO ] Searching order 7
2026-04-23 20:46:54,130 [ genlib ] [ INFO ] Searching branch 2
2026-04-23 20:46:54,130 [ genlib ] [ INFO ] Searching order 2
2026-04-23 20:46:54,130 [ genlib ] [ INFO ] Searching order 3
2026-04-23 20:46:54,130 [ genlib ] [ INFO ] Searching order 4
2026-04-23 20:46:54,130 [ genlib ] [ INFO ] Checking atom 1HD1
2026-04-23 20:46:54,130 [ genlib ] [ INFO ] No partner found for atom 1HD1
2026-04-23 20:46:54,130 [ genlib ] [ INFO ] Checking atom 2HD1
2026-04-23 20:46:54,130 [ genlib ] [ INFO ] No partner found for atom 2HD1
2026-04-23 20:46:54,130 [ genlib ] [ INFO ] Checking atom 3HD1
2026-04-23 20:46:54,130 [ genlib ] [ INFO ] No partner found for atom 3HD1
2026-04-23 20:46:54,130 [ genlib ] [ INFO ] Checking atom 1HD2
2026-04-23 20:46:54,130 [ genlib ] [ INFO ] No partner found for atom 1HD2
2026-04-23 20:46:54,130 [ genlib ] [ INFO ] Checking atom 2HD2
2026-04-23 20:46:54,130 [ genlib ] [ INFO ] No partner found for atom 2HD2
2026-04-23 20:46:54,130 [ genlib ] [ INFO ] Checking atom 3HD2
2026-04-23 20:46:54,130 [ genlib ] [ INFO ] No partner found for atom 3HD2
2026-04-23 20:46:54,130 [ genlib ] [ INFO ] Searching order 5
2026-04-23 20:46:54,130 [ genlib ] [ INFO ] Searching order 6
2026-04-23 20:46:54,130 [ genlib ] [ INFO ] Searching order 7
2026-04-23 20:46:54,132 [ genlib ] [ INFO ] Updating bond lists
2026-04-23 20:46:54,132 [ genlib ] [ INFO ] Updating dihedrals
2026-04-23 20:46:54,132 [ genlib ] [ INFO ] Updating impropers
2026-04-23 20:46:54,132 [ genlib ] [ INFO ] Building library files for LYN --> ALA mutant
2026-04-23 20:46:54,133 [ genlib ] [ INFO ] reading rtp file "aminoacids.rtp"
2026-04-23 20:46:54,176 [ genlib ] [ INFO ] ENTERED SIMPLE
2026-04-23 20:46:54,176 [ genlib ] [ INFO ] Making atom pairs
2026-04-23 20:46:54,176 [ genlib ] [ INFO ] Searching branch 1
2026-04-23 20:46:54,176 [ genlib ] [ INFO ] Searching order 2
2026-04-23 20:46:54,176 [ genlib ] [ INFO ] Checking atom 1HB
2026-04-23 20:46:54,176 [ genlib ] [ INFO ] Define atom pair: LYN|1HB|HC|H         - > ALA|2HB|HC|H         (d = 0.09 A)
2026-04-23 20:46:54,176 [ genlib ] [ INFO ] Checking atom 2HB
2026-04-23 20:46:54,176 [ genlib ] [ INFO ] Define atom pair: LYN|2HB|HC|H         - > ALA|3HB|HC|H         (d = 0.10 A)
2026-04-23 20:46:54,176 [ genlib ] [ INFO ] Checking atom CG
2026-04-23 20:46:54,176 [ genlib ] [ INFO ] Define atom pair: LYN|CG|CT|C.3        - > ALA|1HB|HC|H         (d = 0.47 A)
2026-04-23 20:46:54,176 [ genlib ] [ INFO ] Searching order 3
2026-04-23 20:46:54,176 [ genlib ] [ INFO ] Checking atom 1HG
2026-04-23 20:46:54,176 [ genlib ] [ INFO ] No partner found for atom 1HG
2026-04-23 20:46:54,176 [ genlib ] [ INFO ] Checking atom 2HG
2026-04-23 20:46:54,176 [ genlib ] [ INFO ] No partner found for atom 2HG
2026-04-23 20:46:54,176 [ genlib ] [ INFO ] Checking atom CD
2026-04-23 20:46:54,176 [ genlib ] [ INFO ] No partner found for atom CD
2026-04-23 20:46:54,176 [ genlib ] [ INFO ] Searching order 4
2026-04-23 20:46:54,176 [ genlib ] [ INFO ] Searching order 5
2026-04-23 20:46:54,176 [ genlib ] [ INFO ] Searching order 6
2026-04-23 20:46:54,176 [ genlib ] [ INFO ] Searching order 7
2026-04-23 20:46:54,176 [ genlib ] [ INFO ] Searching branch 2
2026-04-23 20:46:54,176 [ genlib ] [ INFO ] Searching order 2
2026-04-23 20:46:54,176 [ genlib ] [ INFO ] Searching order 3
2026-04-23 20:46:54,176 [ genlib ] [ INFO ] Checking atom 1HG
2026-04-23 20:46:54,176 [ genlib ] [ INFO ] No partner found for atom 1HG
2026-04-23 20:46:54,176 [ genlib ] [ INFO ] Checking atom 2HG
2026-04-23 20:46:54,176 [ genlib ] [ INFO ] No partner found for atom 2HG
2026-04-23 20:46:54,176 [ genlib ] [ INFO ] Checking atom CD
2026-04-23 20:46:54,176 [ genlib ] [ INFO ] No partner found for atom CD
2026-04-23 20:46:54,176 [ genlib ] [ INFO ] Searching order 4
2026-04-23 20:46:54,176 [ genlib ] [ INFO ] Searching order 5
2026-04-23 20:46:54,176 [ genlib ] [ INFO ] Searching order 6
2026-04-23 20:46:54,176 [ genlib ] [ INFO ] Searching order 7
2026-04-23 20:46:54,177 [ genlib ] [ INFO ] Updating bond lists
2026-04-23 20:46:54,177 [ genlib ] [ INFO ] Updating dihedrals
2026-04-23 20:46:54,177 [ genlib ] [ INFO ] Updating impropers
2026-04-23 20:46:54,177 [ genlib ] [ INFO ] Building library files for LYN --> ARG mutant
2026-04-23 20:46:54,178 [ genlib ] [ INFO ] reading rtp file "aminoacids.rtp"
2026-04-23 20:46:54,221 [ genlib ] [ INFO ] ENTERED SIMPLE
2026-04-23 20:46:54,221 [ genlib ] [ INFO ] Making atom pairs
2026-04-23 20:46:54,221 [ genlib ] [ INFO ] Searching branch 1
2026-04-23 20:46:54,221 [ genlib ] [ INFO ] Searching order 2
2026-04-23 20:46:54,221 [ genlib ] [ INFO ] Checking atom 1HB
2026-04-23 20:46:54,221 [ genlib ] [ INFO ] Define atom pair: LYN|1HB|HC|H         - > ARG|1HB|HC|H         (d = 0.09 A)
2026-04-23 20:46:54,221 [ genlib ] [ INFO ] Checking atom 2HB
2026-04-23 20:46:54,221 [ genlib ] [ INFO ] Define atom pair: LYN|2HB|HC|H         - > ARG|2HB|HC|H         (d = 0.11 A)
2026-04-23 20:46:54,221 [ genlib ] [ INFO ] Checking atom CG
2026-04-23 20:46:54,221 [ genlib ] [ INFO ] Define atom pair: LYN|CG|CT|C.3        - > ARG|CG|C8|C.3        (d = 0.01 A)
2026-04-23 20:46:54,221 [ genlib ] [ INFO ] Searching order 3
2026-04-23 20:46:54,221 [ genlib ] [ INFO ] Checking atom 1HG
2026-04-23 20:46:54,221 [ genlib ] [ INFO ] Define atom pair: LYN|1HG|HC|H         - > ARG|1HG|HC|H         (d = 0.11 A)
2026-04-23 20:46:54,221 [ genlib ] [ INFO ] Checking atom 2HG
2026-04-23 20:46:54,221 [ genlib ] [ INFO ] Define atom pair: LYN|2HG|HC|H         - > ARG|2HG|HC|H         (d = 0.09 A)
2026-04-23 20:46:54,221 [ genlib ] [ INFO ] Checking atom CD
2026-04-23 20:46:54,221 [ genlib ] [ INFO ] Define atom pair: LYN|CD|CT|C.3        - > ARG|CD|C8|C.3        (d = 0.02 A)
2026-04-23 20:46:54,221 [ genlib ] [ INFO ] Searching order 4
2026-04-23 20:46:54,221 [ genlib ] [ INFO ] Checking atom 1HD
2026-04-23 20:46:54,221 [ genlib ] [ INFO ] Define atom pair: LYN|1HD|HC|H         - > ARG|1HD|H1|H         (d = 0.08 A)
2026-04-23 20:46:54,221 [ genlib ] [ INFO ] Checking atom 2HD
2026-04-23 20:46:54,221 [ genlib ] [ INFO ] Define atom pair: LYN|2HD|HC|H         - > ARG|2HD|H1|H         (d = 0.08 A)
2026-04-23 20:46:54,221 [ genlib ] [ INFO ] Checking atom CE
2026-04-23 20:46:54,221 [ genlib ] [ INFO ] Define atom pair: LYN|CE|CT|C.3        - > ARG|NE|N2|N.pl3      (d = 0.07 A)
2026-04-23 20:46:54,221 [ genlib ] [ INFO ] Searching order 5
2026-04-23 20:46:54,221 [ genlib ] [ INFO ] Checking atom 1HE
2026-04-23 20:46:54,221 [ genlib ] [ INFO ] No partner found for atom 1HE
2026-04-23 20:46:54,221 [ genlib ] [ INFO ] Checking atom 2HE
2026-04-23 20:46:54,221 [ genlib ] [ INFO ] No partner found for atom 2HE
2026-04-23 20:46:54,221 [ genlib ] [ INFO ] Checking atom NZ
2026-04-23 20:46:54,221 [ genlib ] [ INFO ] Define atom pair: LYN|NZ|N3|N.4        - > ARG|CZ|CA|C.cat      (d = 0.41 A)
2026-04-23 20:46:54,221 [ genlib ] [ INFO ] Searching order 6
2026-04-23 20:46:54,221 [ genlib ] [ INFO ] Checking atom 1HZ
2026-04-23 20:46:54,221 [ genlib ] [ INFO ] No partner found for atom 1HZ
2026-04-23 20:46:54,221 [ genlib ] [ INFO ] Checking atom 2HZ
2026-04-23 20:46:54,221 [ genlib ] [ INFO ] No partner found for atom 2HZ
2026-04-23 20:46:54,221 [ genlib ] [ INFO ] Searching order 7
2026-04-23 20:46:54,221 [ genlib ] [ INFO ] Searching branch 2
2026-04-23 20:46:54,221 [ genlib ] [ INFO ] Searching order 2
2026-04-23 20:46:54,221 [ genlib ] [ INFO ] Searching order 3
2026-04-23 20:46:54,221 [ genlib ] [ INFO ] Searching order 4
2026-04-23 20:46:54,221 [ genlib ] [ INFO ] Searching order 5
2026-04-23 20:46:54,221 [ genlib ] [ INFO ] Checking atom 1HE
2026-04-23 20:46:54,221 [ genlib ] [ INFO ] No partner found for atom 1HE
2026-04-23 20:46:54,221 [ genlib ] [ INFO ] Checking atom 2HE
2026-04-23 20:46:54,221 [ genlib ] [ INFO ] No partner found for atom 2HE
2026-04-23 20:46:54,221 [ genlib ] [ INFO ] Searching order 6
2026-04-23 20:46:54,221 [ genlib ] [ INFO ] Checking atom 1HZ
2026-04-23 20:46:54,221 [ genlib ] [ INFO ] No partner found for atom 1HZ
2026-04-23 20:46:54,221 [ genlib ] [ INFO ] Checking atom 2HZ
2026-04-23 20:46:54,221 [ genlib ] [ INFO ] No partner found for atom 2HZ
2026-04-23 20:46:54,221 [ genlib ] [ INFO ] Searching order 7
2026-04-23 20:46:54,224 [ genlib ] [ INFO ] Updating bond lists
2026-04-23 20:46:54,225 [ genlib ] [ INFO ] Updating dihedrals
2026-04-23 20:46:54,225 [ genlib ] [ INFO ] Updating impropers
2026-04-23 20:46:54,225 [ genlib ] [ INFO ] Building library files for LYN --> ASH mutant
2026-04-23 20:46:54,226 [ genlib ] [ INFO ] reading rtp file "aminoacids.rtp"
2026-04-23 20:46:54,269 [ genlib ] [ INFO ] ENTERED SIMPLE
2026-04-23 20:46:54,269 [ genlib ] [ INFO ] Making atom pairs
2026-04-23 20:46:54,269 [ genlib ] [ INFO ] Searching branch 1
2026-04-23 20:46:54,269 [ genlib ] [ INFO ] Searching order 2
2026-04-23 20:46:54,269 [ genlib ] [ INFO ] Checking atom 1HB
2026-04-23 20:46:54,270 [ genlib ] [ INFO ] Define atom pair: LYN|1HB|HC|H         - > ASH|1HB|HC|H         (d = 0.11 A)
2026-04-23 20:46:54,270 [ genlib ] [ INFO ] Checking atom 2HB
2026-04-23 20:46:54,270 [ genlib ] [ INFO ] Define atom pair: LYN|2HB|HC|H         - > ASH|2HB|HC|H         (d = 0.09 A)
2026-04-23 20:46:54,270 [ genlib ] [ INFO ] Checking atom CG
2026-04-23 20:46:54,270 [ genlib ] [ INFO ] Define atom pair: LYN|CG|CT|C.3        - > ASH|CG|C|C.2         (d = 0.18 A)
2026-04-23 20:46:54,270 [ genlib ] [ INFO ] Searching order 3
2026-04-23 20:46:54,270 [ genlib ] [ INFO ] Checking atom 1HG
2026-04-23 20:46:54,270 [ genlib ] [ INFO ] No partner found for atom 1HG
2026-04-23 20:46:54,270 [ genlib ] [ INFO ] Checking atom 2HG
2026-04-23 20:46:54,270 [ genlib ] [ INFO ] No partner found for atom 2HG
2026-04-23 20:46:54,270 [ genlib ] [ INFO ] Checking atom CD
2026-04-23 20:46:54,270 [ genlib ] [ INFO ] Define atom pair: LYN|CD|CT|C.3        - > ASH|OD1|O|O.co2      (d = 0.29 A)
2026-04-23 20:46:54,270 [ genlib ] [ INFO ] Searching order 4
2026-04-23 20:46:54,270 [ genlib ] [ INFO ] Checking atom 1HD
2026-04-23 20:46:54,270 [ genlib ] [ INFO ] No partner found for atom 1HD
2026-04-23 20:46:54,270 [ genlib ] [ INFO ] Checking atom 2HD
2026-04-23 20:46:54,270 [ genlib ] [ INFO ] No partner found for atom 2HD
2026-04-23 20:46:54,270 [ genlib ] [ INFO ] Checking atom CE
2026-04-23 20:46:54,270 [ genlib ] [ INFO ] No partner found for atom CE
2026-04-23 20:46:54,270 [ genlib ] [ INFO ] Searching order 5
2026-04-23 20:46:54,270 [ genlib ] [ INFO ] Searching order 6
2026-04-23 20:46:54,270 [ genlib ] [ INFO ] Searching order 7
2026-04-23 20:46:54,270 [ genlib ] [ INFO ] Searching branch 2
2026-04-23 20:46:54,270 [ genlib ] [ INFO ] Searching order 2
2026-04-23 20:46:54,270 [ genlib ] [ INFO ] Searching order 3
2026-04-23 20:46:54,270 [ genlib ] [ INFO ] Checking atom 1HG
2026-04-23 20:46:54,270 [ genlib ] [ INFO ] No partner found for atom 1HG
2026-04-23 20:46:54,270 [ genlib ] [ INFO ] Checking atom 2HG
2026-04-23 20:46:54,270 [ genlib ] [ INFO ] No partner found for atom 2HG
2026-04-23 20:46:54,270 [ genlib ] [ INFO ] Searching order 4
2026-04-23 20:46:54,270 [ genlib ] [ INFO ] Checking atom 1HD
2026-04-23 20:46:54,270 [ genlib ] [ INFO ] No partner found for atom 1HD
2026-04-23 20:46:54,270 [ genlib ] [ INFO ] Checking atom 2HD
2026-04-23 20:46:54,270 [ genlib ] [ INFO ] No partner found for atom 2HD
2026-04-23 20:46:54,270 [ genlib ] [ INFO ] Checking atom CE
2026-04-23 20:46:54,270 [ genlib ] [ INFO ] No partner found for atom CE
2026-04-23 20:46:54,270 [ genlib ] [ INFO ] Searching order 5
2026-04-23 20:46:54,270 [ genlib ] [ INFO ] Searching order 6
2026-04-23 20:46:54,270 [ genlib ] [ INFO ] Searching order 7
2026-04-23 20:46:54,271 [ genlib ] [ INFO ] Updating bond lists
2026-04-23 20:46:54,271 [ genlib ] [ INFO ] Updating dihedrals
2026-04-23 20:46:54,271 [ genlib ] [ INFO ] Updating impropers
2026-04-23 20:46:54,271 [ genlib ] [ INFO ] Building library files for LYN --> ASN mutant
2026-04-23 20:46:54,272 [ genlib ] [ INFO ] reading rtp file "aminoacids.rtp"
2026-04-23 20:46:54,315 [ genlib ] [ INFO ] ENTERED SIMPLE
2026-04-23 20:46:54,315 [ genlib ] [ INFO ] Making atom pairs
2026-04-23 20:46:54,315 [ genlib ] [ INFO ] Searching branch 1
2026-04-23 20:46:54,315 [ genlib ] [ INFO ] Searching order 2
2026-04-23 20:46:54,315 [ genlib ] [ INFO ] Checking atom 1HB
2026-04-23 20:46:54,315 [ genlib ] [ INFO ] Define atom pair: LYN|1HB|HC|H         - > ASN|1HB|HC|H         (d = 0.15 A)
2026-04-23 20:46:54,315 [ genlib ] [ INFO ] Checking atom 2HB
2026-04-23 20:46:54,315 [ genlib ] [ INFO ] Define atom pair: LYN|2HB|HC|H         - > ASN|2HB|HC|H         (d = 0.18 A)
2026-04-23 20:46:54,315 [ genlib ] [ INFO ] Checking atom CG
2026-04-23 20:46:54,315 [ genlib ] [ INFO ] Define atom pair: LYN|CG|CT|C.3        - > ASN|CG|C|C.2         (d = 0.17 A)
2026-04-23 20:46:54,315 [ genlib ] [ INFO ] Searching order 3
2026-04-23 20:46:54,315 [ genlib ] [ INFO ] Checking atom 1HG
2026-04-23 20:46:54,315 [ genlib ] [ INFO ] No partner found for atom 1HG
2026-04-23 20:46:54,315 [ genlib ] [ INFO ] Checking atom 2HG
2026-04-23 20:46:54,315 [ genlib ] [ INFO ] No partner found for atom 2HG
2026-04-23 20:46:54,315 [ genlib ] [ INFO ] Checking atom CD
2026-04-23 20:46:54,315 [ genlib ] [ INFO ] Define atom pair: LYN|CD|CT|C.3        - > ASN|OD1|O|O.2        (d = 0.27 A)
2026-04-23 20:46:54,315 [ genlib ] [ INFO ] Searching order 4
2026-04-23 20:46:54,315 [ genlib ] [ INFO ] Checking atom 1HD
2026-04-23 20:46:54,315 [ genlib ] [ INFO ] No partner found for atom 1HD
2026-04-23 20:46:54,315 [ genlib ] [ INFO ] Checking atom 2HD
2026-04-23 20:46:54,315 [ genlib ] [ INFO ] No partner found for atom 2HD
2026-04-23 20:46:54,315 [ genlib ] [ INFO ] Checking atom CE
2026-04-23 20:46:54,315 [ genlib ] [ INFO ] No partner found for atom CE
2026-04-23 20:46:54,315 [ genlib ] [ INFO ] Searching order 5
2026-04-23 20:46:54,315 [ genlib ] [ INFO ] Searching order 6
2026-04-23 20:46:54,315 [ genlib ] [ INFO ] Searching order 7
2026-04-23 20:46:54,315 [ genlib ] [ INFO ] Searching branch 2
2026-04-23 20:46:54,315 [ genlib ] [ INFO ] Searching order 2
2026-04-23 20:46:54,315 [ genlib ] [ INFO ] Searching order 3
2026-04-23 20:46:54,316 [ genlib ] [ INFO ] Checking atom 1HG
2026-04-23 20:46:54,316 [ genlib ] [ INFO ] No partner found for atom 1HG
2026-04-23 20:46:54,316 [ genlib ] [ INFO ] Checking atom 2HG
2026-04-23 20:46:54,316 [ genlib ] [ INFO ] No partner found for atom 2HG
2026-04-23 20:46:54,316 [ genlib ] [ INFO ] Searching order 4
2026-04-23 20:46:54,316 [ genlib ] [ INFO ] Checking atom 1HD
2026-04-23 20:46:54,316 [ genlib ] [ INFO ] No partner found for atom 1HD
2026-04-23 20:46:54,316 [ genlib ] [ INFO ] Checking atom 2HD
2026-04-23 20:46:54,316 [ genlib ] [ INFO ] No partner found for atom 2HD
2026-04-23 20:46:54,316 [ genlib ] [ INFO ] Checking atom CE
2026-04-23 20:46:54,316 [ genlib ] [ INFO ] No partner found for atom CE
2026-04-23 20:46:54,316 [ genlib ] [ INFO ] Searching order 5
2026-04-23 20:46:54,316 [ genlib ] [ INFO ] Searching order 6
2026-04-23 20:46:54,316 [ genlib ] [ INFO ] Searching order 7
2026-04-23 20:46:54,317 [ genlib ] [ INFO ] Updating bond lists
2026-04-23 20:46:54,317 [ genlib ] [ INFO ] Updating dihedrals
2026-04-23 20:46:54,317 [ genlib ] [ INFO ] Updating impropers
2026-04-23 20:46:54,317 [ genlib ] [ INFO ] Building library files for LYN --> ASP mutant
2026-04-23 20:46:54,318 [ genlib ] [ INFO ] reading rtp file "aminoacids.rtp"
2026-04-23 20:46:54,361 [ genlib ] [ INFO ] ENTERED SIMPLE
2026-04-23 20:46:54,361 [ genlib ] [ INFO ] Making atom pairs
2026-04-23 20:46:54,361 [ genlib ] [ INFO ] Searching branch 1
2026-04-23 20:46:54,361 [ genlib ] [ INFO ] Searching order 2
2026-04-23 20:46:54,361 [ genlib ] [ INFO ] Checking atom 1HB
2026-04-23 20:46:54,361 [ genlib ] [ INFO ] Define atom pair: LYN|1HB|HC|H         - > ASP|1HB|HC|H         (d = 0.13 A)
2026-04-23 20:46:54,361 [ genlib ] [ INFO ] Checking atom 2HB
2026-04-23 20:46:54,361 [ genlib ] [ INFO ] Define atom pair: LYN|2HB|HC|H         - > ASP|2HB|HC|H         (d = 0.13 A)
2026-04-23 20:46:54,361 [ genlib ] [ INFO ] Checking atom CG
2026-04-23 20:46:54,361 [ genlib ] [ INFO ] Define atom pair: LYN|CG|CT|C.3        - > ASP|CG|CO|C.2        (d = 0.18 A)
2026-04-23 20:46:54,361 [ genlib ] [ INFO ] Searching order 3
2026-04-23 20:46:54,361 [ genlib ] [ INFO ] Checking atom 1HG
2026-04-23 20:46:54,361 [ genlib ] [ INFO ] No partner found for atom 1HG
2026-04-23 20:46:54,361 [ genlib ] [ INFO ] Checking atom 2HG
2026-04-23 20:46:54,361 [ genlib ] [ INFO ] No partner found for atom 2HG
2026-04-23 20:46:54,361 [ genlib ] [ INFO ] Checking atom CD
2026-04-23 20:46:54,361 [ genlib ] [ INFO ] Define atom pair: LYN|CD|CT|C.3        - > ASP|OD1|O2|O.co2     (d = 0.29 A)
2026-04-23 20:46:54,361 [ genlib ] [ INFO ] Searching order 4
2026-04-23 20:46:54,361 [ genlib ] [ INFO ] Checking atom 1HD
2026-04-23 20:46:54,361 [ genlib ] [ INFO ] No partner found for atom 1HD
2026-04-23 20:46:54,361 [ genlib ] [ INFO ] Checking atom 2HD
2026-04-23 20:46:54,361 [ genlib ] [ INFO ] No partner found for atom 2HD
2026-04-23 20:46:54,361 [ genlib ] [ INFO ] Checking atom CE
2026-04-23 20:46:54,361 [ genlib ] [ INFO ] No partner found for atom CE
2026-04-23 20:46:54,361 [ genlib ] [ INFO ] Searching order 5
2026-04-23 20:46:54,361 [ genlib ] [ INFO ] Searching order 6
2026-04-23 20:46:54,361 [ genlib ] [ INFO ] Searching order 7
2026-04-23 20:46:54,361 [ genlib ] [ INFO ] Searching branch 2
2026-04-23 20:46:54,361 [ genlib ] [ INFO ] Searching order 2
2026-04-23 20:46:54,361 [ genlib ] [ INFO ] Searching order 3
2026-04-23 20:46:54,361 [ genlib ] [ INFO ] Checking atom 1HG
2026-04-23 20:46:54,361 [ genlib ] [ INFO ] No partner found for atom 1HG
2026-04-23 20:46:54,361 [ genlib ] [ INFO ] Checking atom 2HG
2026-04-23 20:46:54,361 [ genlib ] [ INFO ] No partner found for atom 2HG
2026-04-23 20:46:54,361 [ genlib ] [ INFO ] Searching order 4
2026-04-23 20:46:54,361 [ genlib ] [ INFO ] Checking atom 1HD
2026-04-23 20:46:54,361 [ genlib ] [ INFO ] No partner found for atom 1HD
2026-04-23 20:46:54,361 [ genlib ] [ INFO ] Checking atom 2HD
2026-04-23 20:46:54,361 [ genlib ] [ INFO ] No partner found for atom 2HD
2026-04-23 20:46:54,361 [ genlib ] [ INFO ] Checking atom CE
2026-04-23 20:46:54,361 [ genlib ] [ INFO ] No partner found for atom CE
2026-04-23 20:46:54,361 [ genlib ] [ INFO ] Searching order 5
2026-04-23 20:46:54,361 [ genlib ] [ INFO ] Searching order 6
2026-04-23 20:46:54,361 [ genlib ] [ INFO ] Searching order 7
2026-04-23 20:46:54,362 [ genlib ] [ INFO ] Updating bond lists
2026-04-23 20:46:54,362 [ genlib ] [ INFO ] Updating dihedrals
2026-04-23 20:46:54,362 [ genlib ] [ INFO ] Updating impropers
2026-04-23 20:46:54,362 [ genlib ] [ INFO ] Building library files for LYN --> CYS mutant
2026-04-23 20:46:54,363 [ genlib ] [ INFO ] reading rtp file "aminoacids.rtp"
2026-04-23 20:46:54,410 [ genlib ] [ INFO ] ENTERED SIMPLE
2026-04-23 20:46:54,410 [ genlib ] [ INFO ] Making atom pairs
2026-04-23 20:46:54,410 [ genlib ] [ INFO ] Searching branch 1
2026-04-23 20:46:54,410 [ genlib ] [ INFO ] Searching order 2
2026-04-23 20:46:54,410 [ genlib ] [ INFO ] Checking atom 1HB
2026-04-23 20:46:54,410 [ genlib ] [ INFO ] Define atom pair: LYN|1HB|HC|H         - > CYS|1HB|H1|H         (d = 0.10 A)
2026-04-23 20:46:54,410 [ genlib ] [ INFO ] Checking atom 2HB
2026-04-23 20:46:54,410 [ genlib ] [ INFO ] Define atom pair: LYN|2HB|HC|H         - > CYS|2HB|H1|H         (d = 0.10 A)
2026-04-23 20:46:54,410 [ genlib ] [ INFO ] Checking atom CG
2026-04-23 20:46:54,410 [ genlib ] [ INFO ] Define atom pair: LYN|CG|CT|C.3        - > CYS|SG|SH|S.3        (d = 0.32 A)
2026-04-23 20:46:54,410 [ genlib ] [ INFO ] Searching order 3
2026-04-23 20:46:54,410 [ genlib ] [ INFO ] Checking atom 1HG
2026-04-23 20:46:54,410 [ genlib ] [ INFO ] No partner found for atom 1HG
2026-04-23 20:46:54,410 [ genlib ] [ INFO ] Checking atom 2HG
2026-04-23 20:46:54,410 [ genlib ] [ INFO ] No partner found for atom 2HG
2026-04-23 20:46:54,410 [ genlib ] [ INFO ] Checking atom CD
2026-04-23 20:46:54,410 [ genlib ] [ INFO ] Define atom pair: LYN|CD|CT|C.3        - > CYS|HG|HS|H          (d = 0.24 A)
2026-04-23 20:46:54,410 [ genlib ] [ INFO ] Searching order 4
2026-04-23 20:46:54,410 [ genlib ] [ INFO ] Checking atom 1HD
2026-04-23 20:46:54,410 [ genlib ] [ INFO ] No partner found for atom 1HD
2026-04-23 20:46:54,410 [ genlib ] [ INFO ] Checking atom 2HD
2026-04-23 20:46:54,410 [ genlib ] [ INFO ] No partner found for atom 2HD
2026-04-23 20:46:54,410 [ genlib ] [ INFO ] Checking atom CE
2026-04-23 20:46:54,410 [ genlib ] [ INFO ] No partner found for atom CE
2026-04-23 20:46:54,410 [ genlib ] [ INFO ] Searching order 5
2026-04-23 20:46:54,410 [ genlib ] [ INFO ] Searching order 6
2026-04-23 20:46:54,410 [ genlib ] [ INFO ] Searching order 7
2026-04-23 20:46:54,410 [ genlib ] [ INFO ] Searching branch 2
2026-04-23 20:46:54,410 [ genlib ] [ INFO ] Searching order 2
2026-04-23 20:46:54,410 [ genlib ] [ INFO ] Searching order 3
2026-04-23 20:46:54,410 [ genlib ] [ INFO ] Checking atom 1HG
2026-04-23 20:46:54,410 [ genlib ] [ INFO ] No partner found for atom 1HG
2026-04-23 20:46:54,410 [ genlib ] [ INFO ] Checking atom 2HG
2026-04-23 20:46:54,410 [ genlib ] [ INFO ] No partner found for atom 2HG
2026-04-23 20:46:54,410 [ genlib ] [ INFO ] Searching order 4
2026-04-23 20:46:54,410 [ genlib ] [ INFO ] Checking atom 1HD
2026-04-23 20:46:54,410 [ genlib ] [ INFO ] No partner found for atom 1HD
2026-04-23 20:46:54,410 [ genlib ] [ INFO ] Checking atom 2HD
2026-04-23 20:46:54,410 [ genlib ] [ INFO ] No partner found for atom 2HD
2026-04-23 20:46:54,410 [ genlib ] [ INFO ] Checking atom CE
2026-04-23 20:46:54,410 [ genlib ] [ INFO ] No partner found for atom CE
2026-04-23 20:46:54,410 [ genlib ] [ INFO ] Searching order 5
2026-04-23 20:46:54,410 [ genlib ] [ INFO ] Searching order 6
2026-04-23 20:46:54,410 [ genlib ] [ INFO ] Searching order 7
2026-04-23 20:46:54,411 [ genlib ] [ INFO ] Updating bond lists
2026-04-23 20:46:54,411 [ genlib ] [ INFO ] Updating dihedrals
2026-04-23 20:46:54,411 [ genlib ] [ INFO ] Updating impropers
2026-04-23 20:46:54,411 [ genlib ] [ INFO ] Building library files for LYN --> GLH mutant
2026-04-23 20:46:54,412 [ genlib ] [ INFO ] reading rtp file "aminoacids.rtp"
2026-04-23 20:46:54,456 [ genlib ] [ INFO ] ENTERED SIMPLE
2026-04-23 20:46:54,456 [ genlib ] [ INFO ] Making atom pairs
2026-04-23 20:46:54,456 [ genlib ] [ INFO ] Searching branch 1
2026-04-23 20:46:54,456 [ genlib ] [ INFO ] Searching order 2
2026-04-23 20:46:54,456 [ genlib ] [ INFO ] Checking atom 1HB
2026-04-23 20:46:54,456 [ genlib ] [ INFO ] Define atom pair: LYN|1HB|HC|H         - > GLH|1HB|HC|H         (d = 0.17 A)
2026-04-23 20:46:54,456 [ genlib ] [ INFO ] Checking atom 2HB
2026-04-23 20:46:54,456 [ genlib ] [ INFO ] Define atom pair: LYN|2HB|HC|H         - > GLH|2HB|HC|H         (d = 0.13 A)
2026-04-23 20:46:54,456 [ genlib ] [ INFO ] Checking atom CG
2026-04-23 20:46:54,456 [ genlib ] [ INFO ] Define atom pair: LYN|CG|CT|C.3        - > GLH|CG|2C|C.3        (d = 0.22 A)
2026-04-23 20:46:54,457 [ genlib ] [ INFO ] Searching order 3
2026-04-23 20:46:54,457 [ genlib ] [ INFO ] Checking atom 1HG
2026-04-23 20:46:54,457 [ genlib ] [ INFO ] Define atom pair: LYN|1HG|HC|H         - > GLH|1HG|HC|H         (d = 0.22 A)
2026-04-23 20:46:54,457 [ genlib ] [ INFO ] Checking atom 2HG
2026-04-23 20:46:54,457 [ genlib ] [ INFO ] Define atom pair: LYN|2HG|HC|H         - > GLH|2HG|HC|H         (d = 0.28 A)
2026-04-23 20:46:54,457 [ genlib ] [ INFO ] Checking atom CD
2026-04-23 20:46:54,457 [ genlib ] [ INFO ] Define atom pair: LYN|CD|CT|C.3        - > GLH|CD|C|C.2         (d = 0.23 A)
2026-04-23 20:46:54,457 [ genlib ] [ INFO ] Searching order 4
2026-04-23 20:46:54,457 [ genlib ] [ INFO ] Checking atom 1HD
2026-04-23 20:46:54,457 [ genlib ] [ INFO ] No partner found for atom 1HD
2026-04-23 20:46:54,457 [ genlib ] [ INFO ] Checking atom 2HD
2026-04-23 20:46:54,457 [ genlib ] [ INFO ] No partner found for atom 2HD
2026-04-23 20:46:54,457 [ genlib ] [ INFO ] Checking atom CE
2026-04-23 20:46:54,457 [ genlib ] [ INFO ] Define atom pair: LYN|CE|CT|C.3        - > GLH|OE1|O|O.co2      (d = 0.42 A)
2026-04-23 20:46:54,457 [ genlib ] [ INFO ] Searching order 5
2026-04-23 20:46:54,457 [ genlib ] [ INFO ] Checking atom 1HE
2026-04-23 20:46:54,457 [ genlib ] [ INFO ] No partner found for atom 1HE
2026-04-23 20:46:54,457 [ genlib ] [ INFO ] Checking atom 2HE
2026-04-23 20:46:54,457 [ genlib ] [ INFO ] No partner found for atom 2HE
2026-04-23 20:46:54,457 [ genlib ] [ INFO ] Checking atom NZ
2026-04-23 20:46:54,457 [ genlib ] [ INFO ] No partner found for atom NZ
2026-04-23 20:46:54,457 [ genlib ] [ INFO ] Searching order 6
2026-04-23 20:46:54,457 [ genlib ] [ INFO ] Searching order 7
2026-04-23 20:46:54,457 [ genlib ] [ INFO ] Searching branch 2
2026-04-23 20:46:54,457 [ genlib ] [ INFO ] Searching order 2
2026-04-23 20:46:54,457 [ genlib ] [ INFO ] Searching order 3
2026-04-23 20:46:54,457 [ genlib ] [ INFO ] Searching order 4
2026-04-23 20:46:54,457 [ genlib ] [ INFO ] Checking atom 1HD
2026-04-23 20:46:54,457 [ genlib ] [ INFO ] No partner found for atom 1HD
2026-04-23 20:46:54,457 [ genlib ] [ INFO ] Checking atom 2HD
2026-04-23 20:46:54,457 [ genlib ] [ INFO ] No partner found for atom 2HD
2026-04-23 20:46:54,457 [ genlib ] [ INFO ] Searching order 5
2026-04-23 20:46:54,457 [ genlib ] [ INFO ] Checking atom 1HE
2026-04-23 20:46:54,457 [ genlib ] [ INFO ] No partner found for atom 1HE
2026-04-23 20:46:54,457 [ genlib ] [ INFO ] Checking atom 2HE
2026-04-23 20:46:54,457 [ genlib ] [ INFO ] No partner found for atom 2HE
2026-04-23 20:46:54,457 [ genlib ] [ INFO ] Checking atom NZ
2026-04-23 20:46:54,457 [ genlib ] [ INFO ] No partner found for atom NZ
2026-04-23 20:46:54,457 [ genlib ] [ INFO ] Searching order 6
2026-04-23 20:46:54,457 [ genlib ] [ INFO ] Searching order 7
2026-04-23 20:46:54,458 [ genlib ] [ INFO ] Updating bond lists
2026-04-23 20:46:54,458 [ genlib ] [ INFO ] Updating dihedrals
2026-04-23 20:46:54,458 [ genlib ] [ INFO ] Updating impropers
2026-04-23 20:46:54,459 [ genlib ] [ INFO ] Building library files for LYN --> GLN mutant
2026-04-23 20:46:54,460 [ genlib ] [ INFO ] reading rtp file "aminoacids.rtp"
2026-04-23 20:46:54,503 [ genlib ] [ INFO ] ENTERED SIMPLE
2026-04-23 20:46:54,503 [ genlib ] [ INFO ] Making atom pairs
2026-04-23 20:46:54,503 [ genlib ] [ INFO ] Searching branch 1
2026-04-23 20:46:54,503 [ genlib ] [ INFO ] Searching order 2
2026-04-23 20:46:54,503 [ genlib ] [ INFO ] Checking atom 1HB
2026-04-23 20:46:54,503 [ genlib ] [ INFO ] Define atom pair: LYN|1HB|HC|H         - > GLN|1HB|HC|H         (d = 0.08 A)
2026-04-23 20:46:54,503 [ genlib ] [ INFO ] Checking atom 2HB
2026-04-23 20:46:54,503 [ genlib ] [ INFO ] Define atom pair: LYN|2HB|HC|H         - > GLN|2HB|HC|H         (d = 0.08 A)
2026-04-23 20:46:54,503 [ genlib ] [ INFO ] Checking atom CG
2026-04-23 20:46:54,503 [ genlib ] [ INFO ] Define atom pair: LYN|CG|CT|C.3        - > GLN|CG|2C|C.3        (d = 0.08 A)
2026-04-23 20:46:54,503 [ genlib ] [ INFO ] Searching order 3
2026-04-23 20:46:54,503 [ genlib ] [ INFO ] Checking atom 1HG
2026-04-23 20:46:54,503 [ genlib ] [ INFO ] Define atom pair: LYN|1HG|HC|H         - > GLN|1HG|HC|H         (d = 0.15 A)
2026-04-23 20:46:54,503 [ genlib ] [ INFO ] Checking atom 2HG
2026-04-23 20:46:54,503 [ genlib ] [ INFO ] Define atom pair: LYN|2HG|HC|H         - > GLN|2HG|HC|H         (d = 0.11 A)
2026-04-23 20:46:54,503 [ genlib ] [ INFO ] Checking atom CD
2026-04-23 20:46:54,503 [ genlib ] [ INFO ] Define atom pair: LYN|CD|CT|C.3        - > GLN|CD|C|C.2         (d = 0.11 A)
2026-04-23 20:46:54,503 [ genlib ] [ INFO ] Searching order 4
2026-04-23 20:46:54,503 [ genlib ] [ INFO ] Checking atom 1HD
2026-04-23 20:46:54,503 [ genlib ] [ INFO ] No partner found for atom 1HD
2026-04-23 20:46:54,503 [ genlib ] [ INFO ] Checking atom 2HD
2026-04-23 20:46:54,503 [ genlib ] [ INFO ] No partner found for atom 2HD
2026-04-23 20:46:54,503 [ genlib ] [ INFO ] Checking atom CE
2026-04-23 20:46:54,503 [ genlib ] [ INFO ] Define atom pair: LYN|CE|CT|C.3        - > GLN|OE1|O|O.2        (d = 0.30 A)
2026-04-23 20:46:54,503 [ genlib ] [ INFO ] Searching order 5
2026-04-23 20:46:54,503 [ genlib ] [ INFO ] Checking atom 1HE
2026-04-23 20:46:54,503 [ genlib ] [ INFO ] No partner found for atom 1HE
2026-04-23 20:46:54,503 [ genlib ] [ INFO ] Checking atom 2HE
2026-04-23 20:46:54,503 [ genlib ] [ INFO ] No partner found for atom 2HE
2026-04-23 20:46:54,503 [ genlib ] [ INFO ] Checking atom NZ
2026-04-23 20:46:54,503 [ genlib ] [ INFO ] No partner found for atom NZ
2026-04-23 20:46:54,503 [ genlib ] [ INFO ] Searching order 6
2026-04-23 20:46:54,504 [ genlib ] [ INFO ] Searching order 7
2026-04-23 20:46:54,504 [ genlib ] [ INFO ] Searching branch 2
2026-04-23 20:46:54,504 [ genlib ] [ INFO ] Searching order 2
2026-04-23 20:46:54,504 [ genlib ] [ INFO ] Searching order 3
2026-04-23 20:46:54,504 [ genlib ] [ INFO ] Searching order 4
2026-04-23 20:46:54,504 [ genlib ] [ INFO ] Checking atom 1HD
2026-04-23 20:46:54,504 [ genlib ] [ INFO ] No partner found for atom 1HD
2026-04-23 20:46:54,504 [ genlib ] [ INFO ] Checking atom 2HD
2026-04-23 20:46:54,504 [ genlib ] [ INFO ] No partner found for atom 2HD
2026-04-23 20:46:54,504 [ genlib ] [ INFO ] Searching order 5
2026-04-23 20:46:54,504 [ genlib ] [ INFO ] Checking atom 1HE
2026-04-23 20:46:54,504 [ genlib ] [ INFO ] No partner found for atom 1HE
2026-04-23 20:46:54,504 [ genlib ] [ INFO ] Checking atom 2HE
2026-04-23 20:46:54,504 [ genlib ] [ INFO ] No partner found for atom 2HE
2026-04-23 20:46:54,504 [ genlib ] [ INFO ] Checking atom NZ
2026-04-23 20:46:54,504 [ genlib ] [ INFO ] No partner found for atom NZ
2026-04-23 20:46:54,504 [ genlib ] [ INFO ] Searching order 6
2026-04-23 20:46:54,504 [ genlib ] [ INFO ] Searching order 7
2026-04-23 20:46:54,505 [ genlib ] [ INFO ] Updating bond lists
2026-04-23 20:46:54,505 [ genlib ] [ INFO ] Updating dihedrals
2026-04-23 20:46:54,505 [ genlib ] [ INFO ] Updating impropers
2026-04-23 20:46:54,506 [ genlib ] [ INFO ] Building library files for LYN --> GLU mutant
2026-04-23 20:46:54,507 [ genlib ] [ INFO ] reading rtp file "aminoacids.rtp"
2026-04-23 20:46:54,551 [ genlib ] [ INFO ] ENTERED SIMPLE
2026-04-23 20:46:54,551 [ genlib ] [ INFO ] Making atom pairs
2026-04-23 20:46:54,551 [ genlib ] [ INFO ] Searching branch 1
2026-04-23 20:46:54,551 [ genlib ] [ INFO ] Searching order 2
2026-04-23 20:46:54,551 [ genlib ] [ INFO ] Checking atom 1HB
2026-04-23 20:46:54,551 [ genlib ] [ INFO ] Define atom pair: LYN|1HB|HC|H         - > GLU|1HB|HC|H         (d = 0.16 A)
2026-04-23 20:46:54,551 [ genlib ] [ INFO ] Checking atom 2HB
2026-04-23 20:46:54,551 [ genlib ] [ INFO ] Define atom pair: LYN|2HB|HC|H         - > GLU|2HB|HC|H         (d = 0.10 A)
2026-04-23 20:46:54,551 [ genlib ] [ INFO ] Checking atom CG
2026-04-23 20:46:54,551 [ genlib ] [ INFO ] Define atom pair: LYN|CG|CT|C.3        - > GLU|CG|2C|C.3        (d = 0.22 A)
2026-04-23 20:46:54,551 [ genlib ] [ INFO ] Searching order 3
2026-04-23 20:46:54,551 [ genlib ] [ INFO ] Checking atom 1HG
2026-04-23 20:46:54,551 [ genlib ] [ INFO ] Define atom pair: LYN|1HG|HC|H         - > GLU|1HG|HC|H         (d = 0.27 A)
2026-04-23 20:46:54,551 [ genlib ] [ INFO ] Checking atom 2HG
2026-04-23 20:46:54,551 [ genlib ] [ INFO ] Define atom pair: LYN|2HG|HC|H         - > GLU|2HG|HC|H         (d = 0.29 A)
2026-04-23 20:46:54,551 [ genlib ] [ INFO ] Checking atom CD
2026-04-23 20:46:54,551 [ genlib ] [ INFO ] Define atom pair: LYN|CD|CT|C.3        - > GLU|CD|CO|C.2        (d = 0.23 A)
2026-04-23 20:46:54,551 [ genlib ] [ INFO ] Searching order 4
2026-04-23 20:46:54,551 [ genlib ] [ INFO ] Checking atom 1HD
2026-04-23 20:46:54,551 [ genlib ] [ INFO ] No partner found for atom 1HD
2026-04-23 20:46:54,551 [ genlib ] [ INFO ] Checking atom 2HD
2026-04-23 20:46:54,551 [ genlib ] [ INFO ] No partner found for atom 2HD
2026-04-23 20:46:54,551 [ genlib ] [ INFO ] Checking atom CE
2026-04-23 20:46:54,551 [ genlib ] [ INFO ] Define atom pair: LYN|CE|CT|C.3        - > GLU|OE1|O2|O.co2     (d = 0.42 A)
2026-04-23 20:46:54,551 [ genlib ] [ INFO ] Searching order 5
2026-04-23 20:46:54,551 [ genlib ] [ INFO ] Checking atom 1HE
2026-04-23 20:46:54,551 [ genlib ] [ INFO ] No partner found for atom 1HE
2026-04-23 20:46:54,551 [ genlib ] [ INFO ] Checking atom 2HE
2026-04-23 20:46:54,551 [ genlib ] [ INFO ] No partner found for atom 2HE
2026-04-23 20:46:54,551 [ genlib ] [ INFO ] Checking atom NZ
2026-04-23 20:46:54,551 [ genlib ] [ INFO ] No partner found for atom NZ
2026-04-23 20:46:54,551 [ genlib ] [ INFO ] Searching order 6
2026-04-23 20:46:54,551 [ genlib ] [ INFO ] Searching order 7
2026-04-23 20:46:54,551 [ genlib ] [ INFO ] Searching branch 2
2026-04-23 20:46:54,551 [ genlib ] [ INFO ] Searching order 2
2026-04-23 20:46:54,551 [ genlib ] [ INFO ] Searching order 3
2026-04-23 20:46:54,551 [ genlib ] [ INFO ] Searching order 4
2026-04-23 20:46:54,551 [ genlib ] [ INFO ] Checking atom 1HD
2026-04-23 20:46:54,551 [ genlib ] [ INFO ] No partner found for atom 1HD
2026-04-23 20:46:54,551 [ genlib ] [ INFO ] Checking atom 2HD
2026-04-23 20:46:54,551 [ genlib ] [ INFO ] No partner found for atom 2HD
2026-04-23 20:46:54,551 [ genlib ] [ INFO ] Searching order 5
2026-04-23 20:46:54,551 [ genlib ] [ INFO ] Checking atom 1HE
2026-04-23 20:46:54,551 [ genlib ] [ INFO ] No partner found for atom 1HE
2026-04-23 20:46:54,551 [ genlib ] [ INFO ] Checking atom 2HE
2026-04-23 20:46:54,551 [ genlib ] [ INFO ] No partner found for atom 2HE
2026-04-23 20:46:54,551 [ genlib ] [ INFO ] Checking atom NZ
2026-04-23 20:46:54,551 [ genlib ] [ INFO ] No partner found for atom NZ
2026-04-23 20:46:54,551 [ genlib ] [ INFO ] Searching order 6
2026-04-23 20:46:54,551 [ genlib ] [ INFO ] Searching order 7
2026-04-23 20:46:54,552 [ genlib ] [ INFO ] Updating bond lists
2026-04-23 20:46:54,552 [ genlib ] [ INFO ] Updating dihedrals
2026-04-23 20:46:54,552 [ genlib ] [ INFO ] Updating impropers
2026-04-23 20:46:54,552 [ genlib ] [ INFO ] Building library files for LYN --> GLY mutant
2026-04-23 20:46:54,553 [ genlib ] [ INFO ] reading rtp file "aminoacids.rtp"
2026-04-23 20:46:54,597 [ genlib ] [ INFO ] ENTERED G
2026-04-23 20:46:54,597 [ genlib ] [ INFO ] Making atom pairs
2026-04-23 20:46:54,597 [ genlib ] [ INFO ] Updating bond lists
2026-04-23 20:46:54,598 [ genlib ] [ INFO ] Updating dihedrals
2026-04-23 20:46:54,598 [ genlib ] [ INFO ] Updating impropers
2026-04-23 20:46:54,598 [ genlib ] [ INFO ] Building library files for LYN --> HID mutant
2026-04-23 20:46:54,599 [ genlib ] [ INFO ] reading rtp file "aminoacids.rtp"
2026-04-23 20:46:54,643 [ genlib ] [ INFO ] ENTERED RINGS
2026-04-23 20:46:54,643 [ genlib ] [ INFO ] Making atom pairs
2026-04-23 20:46:54,645 [ genlib ] [ INFO ] Updating bond lists
2026-04-23 20:46:54,646 [ genlib ] [ INFO ] Updating dihedrals
2026-04-23 20:46:54,646 [ genlib ] [ INFO ] Updating impropers
2026-04-23 20:46:54,646 [ genlib ] [ INFO ] Building library files for LYN --> HIE mutant
2026-04-23 20:46:54,647 [ genlib ] [ INFO ] reading rtp file "aminoacids.rtp"
2026-04-23 20:46:54,690 [ genlib ] [ INFO ] ENTERED RINGS
2026-04-23 20:46:54,691 [ genlib ] [ INFO ] Making atom pairs
2026-04-23 20:46:54,694 [ genlib ] [ INFO ] Updating bond lists
2026-04-23 20:46:54,694 [ genlib ] [ INFO ] Updating dihedrals
2026-04-23 20:46:54,694 [ genlib ] [ INFO ] Updating impropers
2026-04-23 20:46:54,694 [ genlib ] [ INFO ] Building library files for LYN --> HIP mutant
2026-04-23 20:46:54,695 [ genlib ] [ INFO ] reading rtp file "aminoacids.rtp"
2026-04-23 20:46:54,739 [ genlib ] [ INFO ] ENTERED RINGS
2026-04-23 20:46:54,739 [ genlib ] [ INFO ] Making atom pairs
2026-04-23 20:46:54,743 [ genlib ] [ INFO ] Updating bond lists
2026-04-23 20:46:54,743 [ genlib ] [ INFO ] Updating dihedrals
2026-04-23 20:46:54,743 [ genlib ] [ INFO ] Updating impropers
2026-04-23 20:46:54,743 [ genlib ] [ INFO ] Building library files for LYN --> ILE mutant
2026-04-23 20:46:54,744 [ genlib ] [ INFO ] reading rtp file "aminoacids.rtp"
2026-04-23 20:46:54,788 [ genlib ] [ INFO ] ENTERED SIMPLE
2026-04-23 20:46:54,788 [ genlib ] [ INFO ] Making atom pairs
2026-04-23 20:46:54,788 [ genlib ] [ INFO ] Searching branch 1
2026-04-23 20:46:54,788 [ genlib ] [ INFO ] Searching order 2
2026-04-23 20:46:54,788 [ genlib ] [ INFO ] Checking atom 1HB
2026-04-23 20:46:54,789 [ genlib ] [ INFO ] Define atom pair: LYN|1HB|HC|H         - > ILE|HB|HC|H          (d = 0.12 A)
2026-04-23 20:46:54,789 [ genlib ] [ INFO ] Checking atom 2HB
2026-04-23 20:46:54,789 [ genlib ] [ INFO ] No partner found for atom 2HB
2026-04-23 20:46:54,789 [ genlib ] [ INFO ] Checking atom CG
2026-04-23 20:46:54,789 [ genlib ] [ INFO ] Define atom pair: LYN|CG|CT|C.3        - > ILE|CG1|2C|C.3       (d = 0.18 A)
2026-04-23 20:46:54,789 [ genlib ] [ INFO ] Searching order 3
2026-04-23 20:46:54,789 [ genlib ] [ INFO ] Checking atom 1HG
2026-04-23 20:46:54,789 [ genlib ] [ INFO ] Define atom pair: LYN|1HG|HC|H         - > ILE|1HG1|HC|H        (d = 0.17 A)
2026-04-23 20:46:54,789 [ genlib ] [ INFO ] Checking atom 2HG
2026-04-23 20:46:54,789 [ genlib ] [ INFO ] Define atom pair: LYN|2HG|HC|H         - > ILE|2HG1|HC|H        (d = 0.25 A)
2026-04-23 20:46:54,789 [ genlib ] [ INFO ] Checking atom CD
2026-04-23 20:46:54,789 [ genlib ] [ INFO ] Define atom pair: LYN|CD|CT|C.3        - > ILE|CD1|CT|C.3       (d = 0.24 A)
2026-04-23 20:46:54,789 [ genlib ] [ INFO ] Searching order 4
2026-04-23 20:46:54,789 [ genlib ] [ INFO ] Checking atom 1HD
2026-04-23 20:46:54,789 [ genlib ] [ INFO ] Define atom pair: LYN|1HD|HC|H         - > ILE|2HD1|HC|H        (d = 0.30 A)
2026-04-23 20:46:54,789 [ genlib ] [ INFO ] Checking atom 2HD
2026-04-23 20:46:54,789 [ genlib ] [ INFO ] Define atom pair: LYN|2HD|HC|H         - > ILE|3HD1|HC|H        (d = 0.32 A)
2026-04-23 20:46:54,789 [ genlib ] [ INFO ] Checking atom CE
2026-04-23 20:46:54,789 [ genlib ] [ INFO ] Define atom pair: LYN|CE|CT|C.3        - > ILE|1HD1|HC|H        (d = 0.47 A)
2026-04-23 20:46:54,789 [ genlib ] [ INFO ] Searching order 5
2026-04-23 20:46:54,789 [ genlib ] [ INFO ] Checking atom 1HE
2026-04-23 20:46:54,789 [ genlib ] [ INFO ] No partner found for atom 1HE
2026-04-23 20:46:54,789 [ genlib ] [ INFO ] Checking atom 2HE
2026-04-23 20:46:54,789 [ genlib ] [ INFO ] No partner found for atom 2HE
2026-04-23 20:46:54,789 [ genlib ] [ INFO ] Checking atom NZ
2026-04-23 20:46:54,789 [ genlib ] [ INFO ] No partner found for atom NZ
2026-04-23 20:46:54,789 [ genlib ] [ INFO ] Searching order 6
2026-04-23 20:46:54,789 [ genlib ] [ INFO ] Searching order 7
2026-04-23 20:46:54,789 [ genlib ] [ INFO ] Searching branch 2
2026-04-23 20:46:54,789 [ genlib ] [ INFO ] Searching order 2
2026-04-23 20:46:54,789 [ genlib ] [ INFO ] Checking atom 2HB
2026-04-23 20:46:54,789 [ genlib ] [ INFO ] No partner found for atom 2HB
2026-04-23 20:46:54,789 [ genlib ] [ INFO ] Searching order 3
2026-04-23 20:46:54,789 [ genlib ] [ INFO ] Searching order 4
2026-04-23 20:46:54,789 [ genlib ] [ INFO ] Searching order 5
2026-04-23 20:46:54,789 [ genlib ] [ INFO ] Checking atom 1HE
2026-04-23 20:46:54,789 [ genlib ] [ INFO ] No partner found for atom 1HE
2026-04-23 20:46:54,789 [ genlib ] [ INFO ] Checking atom 2HE
2026-04-23 20:46:54,789 [ genlib ] [ INFO ] No partner found for atom 2HE
2026-04-23 20:46:54,789 [ genlib ] [ INFO ] Checking atom NZ
2026-04-23 20:46:54,789 [ genlib ] [ INFO ] No partner found for atom NZ
2026-04-23 20:46:54,789 [ genlib ] [ INFO ] Searching order 6
2026-04-23 20:46:54,789 [ genlib ] [ INFO ] Searching order 7
2026-04-23 20:46:54,791 [ genlib ] [ INFO ] Updating bond lists
2026-04-23 20:46:54,791 [ genlib ] [ INFO ] Updating dihedrals
2026-04-23 20:46:54,791 [ genlib ] [ INFO ] Updating impropers
2026-04-23 20:46:54,791 [ genlib ] [ INFO ] Building library files for LYN --> LEU mutant
2026-04-23 20:46:54,792 [ genlib ] [ INFO ] reading rtp file "aminoacids.rtp"
2026-04-23 20:46:54,837 [ genlib ] [ INFO ] ENTERED SIMPLE
2026-04-23 20:46:54,837 [ genlib ] [ INFO ] Making atom pairs
2026-04-23 20:46:54,837 [ genlib ] [ INFO ] Searching branch 1
2026-04-23 20:46:54,837 [ genlib ] [ INFO ] Searching order 2
2026-04-23 20:46:54,837 [ genlib ] [ INFO ] Checking atom 1HB
2026-04-23 20:46:54,837 [ genlib ] [ INFO ] Define atom pair: LYN|1HB|HC|H         - > LEU|1HB|HC|H         (d = 0.08 A)
2026-04-23 20:46:54,837 [ genlib ] [ INFO ] Checking atom 2HB
2026-04-23 20:46:54,837 [ genlib ] [ INFO ] Define atom pair: LYN|2HB|HC|H         - > LEU|2HB|HC|H         (d = 0.13 A)
2026-04-23 20:46:54,837 [ genlib ] [ INFO ] Checking atom CG
2026-04-23 20:46:54,837 [ genlib ] [ INFO ] Define atom pair: LYN|CG|CT|C.3        - > LEU|CG|3C|C.3        (d = 0.09 A)
2026-04-23 20:46:54,837 [ genlib ] [ INFO ] Searching order 3
2026-04-23 20:46:54,837 [ genlib ] [ INFO ] Checking atom 1HG
2026-04-23 20:46:54,837 [ genlib ] [ INFO ] Define atom pair: LYN|1HG|HC|H         - > LEU|CD2|CT|C.3       (d = 0.53 A)
2026-04-23 20:46:54,837 [ genlib ] [ INFO ] Checking atom 2HG
2026-04-23 20:46:54,837 [ genlib ] [ INFO ] Define atom pair: LYN|2HG|HC|H         - > LEU|HG|HC|H          (d = 0.20 A)
2026-04-23 20:46:54,837 [ genlib ] [ INFO ] Checking atom CD
2026-04-23 20:46:54,837 [ genlib ] [ INFO ] Define atom pair: LYN|CD|CT|C.3        - > LEU|CD1|CT|C.3       (d = 0.11 A)
2026-04-23 20:46:54,837 [ genlib ] [ INFO ] Searching order 4
2026-04-23 20:46:54,837 [ genlib ] [ INFO ] Checking atom 1HD
2026-04-23 20:46:54,837 [ genlib ] [ INFO ] Define atom pair: LYN|1HD|HC|H         - > LEU|2HD1|HC|H        (d = 0.21 A)
2026-04-23 20:46:54,837 [ genlib ] [ INFO ] Checking atom 2HD
2026-04-23 20:46:54,837 [ genlib ] [ INFO ] Define atom pair: LYN|2HD|HC|H         - > LEU|3HD1|HC|H        (d = 0.19 A)
2026-04-23 20:46:54,837 [ genlib ] [ INFO ] Checking atom CE
2026-04-23 20:46:54,837 [ genlib ] [ INFO ] Define atom pair: LYN|CE|CT|C.3        - > LEU|1HD1|HC|H        (d = 0.49 A)
2026-04-23 20:46:54,837 [ genlib ] [ INFO ] Searching order 5
2026-04-23 20:46:54,837 [ genlib ] [ INFO ] Checking atom 1HE
2026-04-23 20:46:54,837 [ genlib ] [ INFO ] No partner found for atom 1HE
2026-04-23 20:46:54,837 [ genlib ] [ INFO ] Checking atom 2HE
2026-04-23 20:46:54,838 [ genlib ] [ INFO ] No partner found for atom 2HE
2026-04-23 20:46:54,838 [ genlib ] [ INFO ] Checking atom NZ
2026-04-23 20:46:54,838 [ genlib ] [ INFO ] No partner found for atom NZ
2026-04-23 20:46:54,838 [ genlib ] [ INFO ] Searching order 6
2026-04-23 20:46:54,838 [ genlib ] [ INFO ] Searching order 7
2026-04-23 20:46:54,838 [ genlib ] [ INFO ] Searching branch 2
2026-04-23 20:46:54,838 [ genlib ] [ INFO ] Searching order 2
2026-04-23 20:46:54,838 [ genlib ] [ INFO ] Searching order 3
2026-04-23 20:46:54,838 [ genlib ] [ INFO ] Searching order 4
2026-04-23 20:46:54,838 [ genlib ] [ INFO ] Searching order 5
2026-04-23 20:46:54,838 [ genlib ] [ INFO ] Checking atom 1HE
2026-04-23 20:46:54,838 [ genlib ] [ INFO ] No partner found for atom 1HE
2026-04-23 20:46:54,838 [ genlib ] [ INFO ] Checking atom 2HE
2026-04-23 20:46:54,838 [ genlib ] [ INFO ] No partner found for atom 2HE
2026-04-23 20:46:54,838 [ genlib ] [ INFO ] Checking atom NZ
2026-04-23 20:46:54,838 [ genlib ] [ INFO ] No partner found for atom NZ
2026-04-23 20:46:54,838 [ genlib ] [ INFO ] Searching order 6
2026-04-23 20:46:54,838 [ genlib ] [ INFO ] Searching order 7
2026-04-23 20:46:54,839 [ genlib ] [ INFO ] Updating bond lists
2026-04-23 20:46:54,839 [ genlib ] [ INFO ] Updating dihedrals
2026-04-23 20:46:54,839 [ genlib ] [ INFO ] Updating impropers
2026-04-23 20:46:54,840 [ genlib ] [ INFO ] Building library files for LYN --> LYS mutant
2026-04-23 20:46:54,841 [ genlib ] [ INFO ] reading rtp file "aminoacids.rtp"
2026-04-23 20:46:54,886 [ genlib ] [ INFO ] ENTERED SIMPLE
2026-04-23 20:46:54,886 [ genlib ] [ INFO ] Making atom pairs
2026-04-23 20:46:54,886 [ genlib ] [ INFO ] Searching branch 1
2026-04-23 20:46:54,886 [ genlib ] [ INFO ] Searching order 2
2026-04-23 20:46:54,886 [ genlib ] [ INFO ] Checking atom 1HB
2026-04-23 20:46:54,886 [ genlib ] [ INFO ] Define atom pair: LYN|1HB|HC|H         - > LYS|1HB|HC|H         (d = 0.09 A)
2026-04-23 20:46:54,886 [ genlib ] [ INFO ] Checking atom 2HB
2026-04-23 20:46:54,886 [ genlib ] [ INFO ] Define atom pair: LYN|2HB|HC|H         - > LYS|2HB|HC|H         (d = 0.10 A)
2026-04-23 20:46:54,886 [ genlib ] [ INFO ] Checking atom CG
2026-04-23 20:46:54,886 [ genlib ] [ INFO ] Define atom pair: LYN|CG|CT|C.3        - > LYS|CG|C8|C.3        (d = 0.00 A)
2026-04-23 20:46:54,886 [ genlib ] [ INFO ] Searching order 3
2026-04-23 20:46:54,886 [ genlib ] [ INFO ] Checking atom 1HG
2026-04-23 20:46:54,886 [ genlib ] [ INFO ] Define atom pair: LYN|1HG|HC|H         - > LYS|1HG|HC|H         (d = 0.11 A)
2026-04-23 20:46:54,886 [ genlib ] [ INFO ] Checking atom 2HG
2026-04-23 20:46:54,886 [ genlib ] [ INFO ] Define atom pair: LYN|2HG|HC|H         - > LYS|2HG|HC|H         (d = 0.10 A)
2026-04-23 20:46:54,886 [ genlib ] [ INFO ] Checking atom CD
2026-04-23 20:46:54,886 [ genlib ] [ INFO ] Define atom pair: LYN|CD|CT|C.3        - > LYS|CD|C8|C.3        (d = 0.03 A)
2026-04-23 20:46:54,886 [ genlib ] [ INFO ] Searching order 4
2026-04-23 20:46:54,886 [ genlib ] [ INFO ] Checking atom 1HD
2026-04-23 20:46:54,886 [ genlib ] [ INFO ] Define atom pair: LYN|1HD|HC|H         - > LYS|1HD|HC|H         (d = 0.07 A)
2026-04-23 20:46:54,886 [ genlib ] [ INFO ] Checking atom 2HD
2026-04-23 20:46:54,886 [ genlib ] [ INFO ] Define atom pair: LYN|2HD|HC|H         - > LYS|2HD|HC|H         (d = 0.08 A)
2026-04-23 20:46:54,886 [ genlib ] [ INFO ] Checking atom CE
2026-04-23 20:46:54,886 [ genlib ] [ INFO ] Define atom pair: LYN|CE|CT|C.3        - > LYS|CE|C8|C.3        (d = 0.05 A)
2026-04-23 20:46:54,886 [ genlib ] [ INFO ] Searching order 5
2026-04-23 20:46:54,886 [ genlib ] [ INFO ] Checking atom 1HE
2026-04-23 20:46:54,886 [ genlib ] [ INFO ] Define atom pair: LYN|1HE|HP|H         - > LYS|1HE|HP|H         (d = 0.14 A)
2026-04-23 20:46:54,886 [ genlib ] [ INFO ] Checking atom 2HE
2026-04-23 20:46:54,886 [ genlib ] [ INFO ] Define atom pair: LYN|2HE|HP|H         - > LYS|2HE|HP|H         (d = 0.14 A)
2026-04-23 20:46:54,886 [ genlib ] [ INFO ] Checking atom NZ
2026-04-23 20:46:54,886 [ genlib ] [ INFO ] Define atom pair: LYN|NZ|N3|N.4        - > LYS|NZ|N3|N.4        (d = 0.06 A)
2026-04-23 20:46:54,886 [ genlib ] [ INFO ] Searching order 6
2026-04-23 20:46:54,886 [ genlib ] [ INFO ] Checking atom 1HZ
2026-04-23 20:46:54,886 [ genlib ] [ INFO ] Define atom pair: LYN|1HZ|H|H          - > LYS|1HZ|H|H          (d = 0.07 A)
2026-04-23 20:46:54,886 [ genlib ] [ INFO ] Checking atom 2HZ
2026-04-23 20:46:54,886 [ genlib ] [ INFO ] Define atom pair: LYN|2HZ|H|H          - > LYS|2HZ|H|H          (d = 0.06 A)
2026-04-23 20:46:54,886 [ genlib ] [ INFO ] Searching order 7
2026-04-23 20:46:54,886 [ genlib ] [ INFO ] Searching branch 2
2026-04-23 20:46:54,886 [ genlib ] [ INFO ] Searching order 2
2026-04-23 20:46:54,886 [ genlib ] [ INFO ] Searching order 3
2026-04-23 20:46:54,886 [ genlib ] [ INFO ] Searching order 4
2026-04-23 20:46:54,886 [ genlib ] [ INFO ] Searching order 5
2026-04-23 20:46:54,886 [ genlib ] [ INFO ] Searching order 6
2026-04-23 20:46:54,886 [ genlib ] [ INFO ] Searching order 7
2026-04-23 20:46:54,887 [ genlib ] [ INFO ] Updating bond lists
2026-04-23 20:46:54,887 [ genlib ] [ INFO ] Updating dihedrals
2026-04-23 20:46:54,887 [ genlib ] [ INFO ] Updating impropers
2026-04-23 20:46:54,887 [ genlib ] [ INFO ] Building library files for LYN --> MET mutant
2026-04-23 20:46:54,888 [ genlib ] [ INFO ] reading rtp file "aminoacids.rtp"
2026-04-23 20:46:54,932 [ genlib ] [ INFO ] ENTERED SIMPLE
2026-04-23 20:46:54,932 [ genlib ] [ INFO ] Making atom pairs
2026-04-23 20:46:54,932 [ genlib ] [ INFO ] Searching branch 1
2026-04-23 20:46:54,932 [ genlib ] [ INFO ] Searching order 2
2026-04-23 20:46:54,932 [ genlib ] [ INFO ] Checking atom 1HB
2026-04-23 20:46:54,932 [ genlib ] [ INFO ] Define atom pair: LYN|1HB|HC|H         - > MET|1HB|HC|H         (d = 0.10 A)
2026-04-23 20:46:54,932 [ genlib ] [ INFO ] Checking atom 2HB
2026-04-23 20:46:54,932 [ genlib ] [ INFO ] Define atom pair: LYN|2HB|HC|H         - > MET|2HB|HC|H         (d = 0.13 A)
2026-04-23 20:46:54,932 [ genlib ] [ INFO ] Checking atom CG
2026-04-23 20:46:54,932 [ genlib ] [ INFO ] Define atom pair: LYN|CG|CT|C.3        - > MET|CG|2C|C.3        (d = 0.11 A)
2026-04-23 20:46:54,932 [ genlib ] [ INFO ] Searching order 3
2026-04-23 20:46:54,932 [ genlib ] [ INFO ] Checking atom 1HG
2026-04-23 20:46:54,932 [ genlib ] [ INFO ] Define atom pair: LYN|1HG|HC|H         - > MET|1HG|H1|H         (d = 0.13 A)
2026-04-23 20:46:54,932 [ genlib ] [ INFO ] Checking atom 2HG
2026-04-23 20:46:54,932 [ genlib ] [ INFO ] Define atom pair: LYN|2HG|HC|H         - > MET|2HG|H1|H         (d = 0.11 A)
2026-04-23 20:46:54,932 [ genlib ] [ INFO ] Checking atom CD
2026-04-23 20:46:54,932 [ genlib ] [ INFO ] Define atom pair: LYN|CD|CT|C.3        - > MET|SD|S|S.3         (d = 0.37 A)
2026-04-23 20:46:54,933 [ genlib ] [ INFO ] Searching order 4
2026-04-23 20:46:54,933 [ genlib ] [ INFO ] Checking atom 1HD
2026-04-23 20:46:54,933 [ genlib ] [ INFO ] No partner found for atom 1HD
2026-04-23 20:46:54,933 [ genlib ] [ INFO ] Checking atom 2HD
2026-04-23 20:46:54,933 [ genlib ] [ INFO ] No partner found for atom 2HD
2026-04-23 20:46:54,933 [ genlib ] [ INFO ] Checking atom CE
2026-04-23 20:46:54,933 [ genlib ] [ INFO ] Define atom pair: LYN|CE|CT|C.3        - > MET|CE|CT|C.3        (d = 0.48 A)
2026-04-23 20:46:54,933 [ genlib ] [ INFO ] Searching order 5
2026-04-23 20:46:54,933 [ genlib ] [ INFO ] Checking atom 1HE
2026-04-23 20:46:54,933 [ genlib ] [ INFO ] Define atom pair: LYN|1HE|HP|H         - > MET|2HE|H1|H         (d = 0.52 A)
2026-04-23 20:46:54,933 [ genlib ] [ INFO ] Checking atom 2HE
2026-04-23 20:46:54,933 [ genlib ] [ INFO ] Define atom pair: LYN|2HE|HP|H         - > MET|3HE|H1|H         (d = 0.45 A)
2026-04-23 20:46:54,933 [ genlib ] [ INFO ] Checking atom NZ
2026-04-23 20:46:54,933 [ genlib ] [ INFO ] No partner found for atom NZ
2026-04-23 20:46:54,933 [ genlib ] [ INFO ] Searching order 6
2026-04-23 20:46:54,933 [ genlib ] [ INFO ] Searching order 7
2026-04-23 20:46:54,933 [ genlib ] [ INFO ] Searching branch 2
2026-04-23 20:46:54,933 [ genlib ] [ INFO ] Searching order 2
2026-04-23 20:46:54,933 [ genlib ] [ INFO ] Searching order 3
2026-04-23 20:46:54,933 [ genlib ] [ INFO ] Searching order 4
2026-04-23 20:46:54,933 [ genlib ] [ INFO ] Checking atom 1HD
2026-04-23 20:46:54,933 [ genlib ] [ INFO ] No partner found for atom 1HD
2026-04-23 20:46:54,933 [ genlib ] [ INFO ] Checking atom 2HD
2026-04-23 20:46:54,933 [ genlib ] [ INFO ] No partner found for atom 2HD
2026-04-23 20:46:54,933 [ genlib ] [ INFO ] Searching order 5
2026-04-23 20:46:54,933 [ genlib ] [ INFO ] Checking atom NZ
2026-04-23 20:46:54,933 [ genlib ] [ INFO ] No partner found for atom NZ
2026-04-23 20:46:54,933 [ genlib ] [ INFO ] Searching order 6
2026-04-23 20:46:54,933 [ genlib ] [ INFO ] Searching order 7
2026-04-23 20:46:54,934 [ genlib ] [ INFO ] Updating bond lists
2026-04-23 20:46:54,934 [ genlib ] [ INFO ] Updating dihedrals
2026-04-23 20:46:54,934 [ genlib ] [ INFO ] Updating impropers
2026-04-23 20:46:54,934 [ genlib ] [ INFO ] Building library files for LYN --> PHE mutant
2026-04-23 20:46:54,935 [ genlib ] [ INFO ] reading rtp file "aminoacids.rtp"
2026-04-23 20:46:54,979 [ genlib ] [ INFO ] ENTERED RINGS
2026-04-23 20:46:54,979 [ genlib ] [ INFO ] Making atom pairs
2026-04-23 20:46:55,000 [ genlib ] [ INFO ] Updating bond lists
2026-04-23 20:46:55,000 [ genlib ] [ INFO ] Updating dihedrals
2026-04-23 20:46:55,000 [ genlib ] [ INFO ] Updating impropers
2026-04-23 20:46:55,000 [ genlib ] [ INFO ] Building library files for LYN --> PRO mutant
2026-04-23 20:46:55,001 [ genlib ] [ INFO ] reading rtp file "aminoacids.rtp"
2026-04-23 20:46:55,045 [ genlib ] [ INFO ] ENTERED P
2026-04-23 20:46:55,045 [ genlib ] [ INFO ] Making atom pairs
2026-04-23 20:46:55,047 [ genlib ] [ INFO ] Updating bond lists
2026-04-23 20:46:55,047 [ genlib ] [ INFO ] Updating dihedrals
2026-04-23 20:46:55,047 [ genlib ] [ INFO ] Updating impropers
2026-04-23 20:46:55,048 [ genlib ] [ INFO ] Building library files for LYN --> SER mutant
2026-04-23 20:46:55,049 [ genlib ] [ INFO ] reading rtp file "aminoacids.rtp"
2026-04-23 20:46:55,092 [ genlib ] [ INFO ] ENTERED SIMPLE
2026-04-23 20:46:55,092 [ genlib ] [ INFO ] Making atom pairs
2026-04-23 20:46:55,092 [ genlib ] [ INFO ] Searching branch 1
2026-04-23 20:46:55,092 [ genlib ] [ INFO ] Searching order 2
2026-04-23 20:46:55,092 [ genlib ] [ INFO ] Checking atom 1HB
2026-04-23 20:46:55,092 [ genlib ] [ INFO ] Define atom pair: LYN|1HB|HC|H         - > SER|1HB|H1|H         (d = 0.13 A)
2026-04-23 20:46:55,092 [ genlib ] [ INFO ] Checking atom 2HB
2026-04-23 20:46:55,092 [ genlib ] [ INFO ] Define atom pair: LYN|2HB|HC|H         - > SER|2HB|H1|H         (d = 0.11 A)
2026-04-23 20:46:55,092 [ genlib ] [ INFO ] Checking atom CG
2026-04-23 20:46:55,092 [ genlib ] [ INFO ] Define atom pair: LYN|CG|CT|C.3        - > SER|OG|OH|O.3        (d = 0.19 A)
2026-04-23 20:46:55,092 [ genlib ] [ INFO ] Searching order 3
2026-04-23 20:46:55,092 [ genlib ] [ INFO ] Checking atom 1HG
2026-04-23 20:46:55,092 [ genlib ] [ INFO ] No partner found for atom 1HG
2026-04-23 20:46:55,092 [ genlib ] [ INFO ] Checking atom 2HG
2026-04-23 20:46:55,092 [ genlib ] [ INFO ] No partner found for atom 2HG
2026-04-23 20:46:55,092 [ genlib ] [ INFO ] Checking atom CD
2026-04-23 20:46:55,092 [ genlib ] [ INFO ] No partner found for atom CD
2026-04-23 20:46:55,092 [ genlib ] [ INFO ] Searching order 4
2026-04-23 20:46:55,092 [ genlib ] [ INFO ] Searching order 5
2026-04-23 20:46:55,092 [ genlib ] [ INFO ] Searching order 6
2026-04-23 20:46:55,092 [ genlib ] [ INFO ] Searching order 7
2026-04-23 20:46:55,092 [ genlib ] [ INFO ] Searching branch 2
2026-04-23 20:46:55,092 [ genlib ] [ INFO ] Searching order 2
2026-04-23 20:46:55,092 [ genlib ] [ INFO ] Searching order 3
2026-04-23 20:46:55,092 [ genlib ] [ INFO ] Checking atom 1HG
2026-04-23 20:46:55,092 [ genlib ] [ INFO ] No partner found for atom 1HG
2026-04-23 20:46:55,092 [ genlib ] [ INFO ] Checking atom 2HG
2026-04-23 20:46:55,092 [ genlib ] [ INFO ] No partner found for atom 2HG
2026-04-23 20:46:55,092 [ genlib ] [ INFO ] Checking atom CD
2026-04-23 20:46:55,092 [ genlib ] [ INFO ] No partner found for atom CD
2026-04-23 20:46:55,093 [ genlib ] [ INFO ] Searching order 4
2026-04-23 20:46:55,093 [ genlib ] [ INFO ] Searching order 5
2026-04-23 20:46:55,093 [ genlib ] [ INFO ] Searching order 6
2026-04-23 20:46:55,093 [ genlib ] [ INFO ] Searching order 7
2026-04-23 20:46:55,093 [ genlib ] [ INFO ] Updating bond lists
2026-04-23 20:46:55,093 [ genlib ] [ INFO ] Updating dihedrals
2026-04-23 20:46:55,093 [ genlib ] [ INFO ] Updating impropers
2026-04-23 20:46:55,094 [ genlib ] [ INFO ] Building library files for LYN --> THR mutant
2026-04-23 20:46:55,094 [ genlib ] [ INFO ] reading rtp file "aminoacids.rtp"
2026-04-23 20:46:55,138 [ genlib ] [ INFO ] ENTERED SIMPLE
2026-04-23 20:46:55,138 [ genlib ] [ INFO ] Making atom pairs
2026-04-23 20:46:55,138 [ genlib ] [ INFO ] Searching branch 1
2026-04-23 20:46:55,138 [ genlib ] [ INFO ] Searching order 2
2026-04-23 20:46:55,138 [ genlib ] [ INFO ] Checking atom 1HB
2026-04-23 20:46:55,138 [ genlib ] [ INFO ] Define atom pair: LYN|1HB|HC|H         - > THR|HB|H1|H          (d = 0.12 A)
2026-04-23 20:46:55,138 [ genlib ] [ INFO ] Checking atom 2HB
2026-04-23 20:46:55,138 [ genlib ] [ INFO ] No partner found for atom 2HB
2026-04-23 20:46:55,138 [ genlib ] [ INFO ] Checking atom CG
2026-04-23 20:46:55,138 [ genlib ] [ INFO ] Define atom pair: LYN|CG|CT|C.3        - > THR|OG1|OH|O.3       (d = 0.24 A)
2026-04-23 20:46:55,138 [ genlib ] [ INFO ] Searching order 3
2026-04-23 20:46:55,138 [ genlib ] [ INFO ] Checking atom 1HG
2026-04-23 20:46:55,138 [ genlib ] [ INFO ] No partner found for atom 1HG
2026-04-23 20:46:55,138 [ genlib ] [ INFO ] Checking atom 2HG
2026-04-23 20:46:55,138 [ genlib ] [ INFO ] No partner found for atom 2HG
2026-04-23 20:46:55,138 [ genlib ] [ INFO ] Checking atom CD
2026-04-23 20:46:55,138 [ genlib ] [ INFO ] No partner found for atom CD
2026-04-23 20:46:55,138 [ genlib ] [ INFO ] Searching order 4
2026-04-23 20:46:55,138 [ genlib ] [ INFO ] Searching order 5
2026-04-23 20:46:55,138 [ genlib ] [ INFO ] Searching order 6
2026-04-23 20:46:55,138 [ genlib ] [ INFO ] Searching order 7
2026-04-23 20:46:55,138 [ genlib ] [ INFO ] Searching branch 2
2026-04-23 20:46:55,138 [ genlib ] [ INFO ] Searching order 2
2026-04-23 20:46:55,138 [ genlib ] [ INFO ] Checking atom 2HB
2026-04-23 20:46:55,138 [ genlib ] [ INFO ] No partner found for atom 2HB
2026-04-23 20:46:55,138 [ genlib ] [ INFO ] Searching order 3
2026-04-23 20:46:55,138 [ genlib ] [ INFO ] Checking atom 1HG
2026-04-23 20:46:55,138 [ genlib ] [ INFO ] No partner found for atom 1HG
2026-04-23 20:46:55,138 [ genlib ] [ INFO ] Checking atom 2HG
2026-04-23 20:46:55,138 [ genlib ] [ INFO ] No partner found for atom 2HG
2026-04-23 20:46:55,138 [ genlib ] [ INFO ] Checking atom CD
2026-04-23 20:46:55,138 [ genlib ] [ INFO ] No partner found for atom CD
2026-04-23 20:46:55,138 [ genlib ] [ INFO ] Searching order 4
2026-04-23 20:46:55,138 [ genlib ] [ INFO ] Searching order 5
2026-04-23 20:46:55,138 [ genlib ] [ INFO ] Searching order 6
2026-04-23 20:46:55,138 [ genlib ] [ INFO ] Searching order 7
2026-04-23 20:46:55,140 [ genlib ] [ INFO ] Updating bond lists
2026-04-23 20:46:55,140 [ genlib ] [ INFO ] Updating dihedrals
2026-04-23 20:46:55,140 [ genlib ] [ INFO ] Updating impropers
2026-04-23 20:46:55,141 [ genlib ] [ INFO ] Building library files for LYN --> TRP mutant
2026-04-23 20:46:55,142 [ genlib ] [ INFO ] reading rtp file "aminoacids.rtp"
2026-04-23 20:46:55,186 [ genlib ] [ INFO ] ENTERED RINGS
2026-04-23 20:46:55,187 [ genlib ] [ INFO ] Making atom pairs
2026-04-23 20:46:55,194 [ genlib ] [ INFO ] Updating bond lists
2026-04-23 20:46:55,194 [ genlib ] [ INFO ] Updating dihedrals
2026-04-23 20:46:55,194 [ genlib ] [ INFO ] Updating impropers
2026-04-23 20:46:55,194 [ genlib ] [ INFO ] Building library files for LYN --> TYR mutant
2026-04-23 20:46:55,195 [ genlib ] [ INFO ] reading rtp file "aminoacids.rtp"
2026-04-23 20:46:55,242 [ genlib ] [ INFO ] ENTERED RINGS
2026-04-23 20:46:55,242 [ genlib ] [ INFO ] Making atom pairs
2026-04-23 20:46:55,248 [ genlib ] [ INFO ] Updating bond lists
2026-04-23 20:46:55,248 [ genlib ] [ INFO ] Updating dihedrals
2026-04-23 20:46:55,248 [ genlib ] [ INFO ] Updating impropers
2026-04-23 20:46:55,248 [ genlib ] [ INFO ] Building library files for LYN --> VAL mutant
2026-04-23 20:46:55,249 [ genlib ] [ INFO ] reading rtp file "aminoacids.rtp"
2026-04-23 20:46:55,295 [ genlib ] [ INFO ] ENTERED SIMPLE
2026-04-23 20:46:55,295 [ genlib ] [ INFO ] Making atom pairs
2026-04-23 20:46:55,295 [ genlib ] [ INFO ] Searching branch 1
2026-04-23 20:46:55,295 [ genlib ] [ INFO ] Searching order 2
2026-04-23 20:46:55,295 [ genlib ] [ INFO ] Checking atom 1HB
2026-04-23 20:46:55,295 [ genlib ] [ INFO ] Define atom pair: LYN|1HB|HC|H         - > VAL|HB|HC|H          (d = 0.19 A)
2026-04-23 20:46:55,295 [ genlib ] [ INFO ] Checking atom 2HB
2026-04-23 20:46:55,295 [ genlib ] [ INFO ] Define atom pair: LYN|2HB|HC|H         - > VAL|CG1|CT|C.3       (d = 0.53 A)
2026-04-23 20:46:55,295 [ genlib ] [ INFO ] Checking atom CG
2026-04-23 20:46:55,295 [ genlib ] [ INFO ] Define atom pair: LYN|CG|CT|C.3        - > VAL|CG2|CT|C.3       (d = 0.25 A)
2026-04-23 20:46:55,295 [ genlib ] [ INFO ] Searching order 3
2026-04-23 20:46:55,295 [ genlib ] [ INFO ] Checking atom 1HG
2026-04-23 20:46:55,295 [ genlib ] [ INFO ] Define atom pair: LYN|1HG|HC|H         - > VAL|2HG2|HC|H        (d = 0.35 A)
2026-04-23 20:46:55,295 [ genlib ] [ INFO ] Checking atom 2HG
2026-04-23 20:46:55,295 [ genlib ] [ INFO ] Define atom pair: LYN|2HG|HC|H         - > VAL|3HG2|HC|H        (d = 0.37 A)
2026-04-23 20:46:55,295 [ genlib ] [ INFO ] Checking atom CD
2026-04-23 20:46:55,295 [ genlib ] [ INFO ] Define atom pair: LYN|CD|CT|C.3        - > VAL|1HG2|HC|H        (d = 0.44 A)
2026-04-23 20:46:55,295 [ genlib ] [ INFO ] Searching order 4
2026-04-23 20:46:55,295 [ genlib ] [ INFO ] Checking atom 1HD
2026-04-23 20:46:55,295 [ genlib ] [ INFO ] No partner found for atom 1HD
2026-04-23 20:46:55,295 [ genlib ] [ INFO ] Checking atom 2HD
2026-04-23 20:46:55,295 [ genlib ] [ INFO ] No partner found for atom 2HD
2026-04-23 20:46:55,295 [ genlib ] [ INFO ] Checking atom CE
2026-04-23 20:46:55,295 [ genlib ] [ INFO ] No partner found for atom CE
2026-04-23 20:46:55,295 [ genlib ] [ INFO ] Searching order 5
2026-04-23 20:46:55,295 [ genlib ] [ INFO ] Searching order 6
2026-04-23 20:46:55,295 [ genlib ] [ INFO ] Searching order 7
2026-04-23 20:46:55,295 [ genlib ] [ INFO ] Searching branch 2
2026-04-23 20:46:55,295 [ genlib ] [ INFO ] Searching order 2
2026-04-23 20:46:55,295 [ genlib ] [ INFO ] Searching order 3
2026-04-23 20:46:55,295 [ genlib ] [ INFO ] Searching order 4
2026-04-23 20:46:55,295 [ genlib ] [ INFO ] Checking atom 1HD
2026-04-23 20:46:55,295 [ genlib ] [ INFO ] No partner found for atom 1HD
2026-04-23 20:46:55,295 [ genlib ] [ INFO ] Checking atom 2HD
2026-04-23 20:46:55,295 [ genlib ] [ INFO ] No partner found for atom 2HD
2026-04-23 20:46:55,295 [ genlib ] [ INFO ] Checking atom CE
2026-04-23 20:46:55,295 [ genlib ] [ INFO ] No partner found for atom CE
2026-04-23 20:46:55,295 [ genlib ] [ INFO ] Searching order 5
2026-04-23 20:46:55,295 [ genlib ] [ INFO ] Searching order 6
2026-04-23 20:46:55,295 [ genlib ] [ INFO ] Searching order 7
2026-04-23 20:46:55,297 [ genlib ] [ INFO ] Updating bond lists
2026-04-23 20:46:55,297 [ genlib ] [ INFO ] Updating dihedrals
2026-04-23 20:46:55,297 [ genlib ] [ INFO ] Updating impropers
2026-04-23 20:46:55,297 [ genlib ] [ INFO ] Building library files for LYS --> ALA mutant
2026-04-23 20:46:55,298 [ genlib ] [ INFO ] reading rtp file "aminoacids.rtp"
2026-04-23 20:46:55,344 [ genlib ] [ INFO ] ENTERED SIMPLE
2026-04-23 20:46:55,344 [ genlib ] [ INFO ] Making atom pairs
2026-04-23 20:46:55,344 [ genlib ] [ INFO ] Searching branch 1
2026-04-23 20:46:55,344 [ genlib ] [ INFO ] Searching order 2
2026-04-23 20:46:55,344 [ genlib ] [ INFO ] Checking atom 1HB
2026-04-23 20:46:55,344 [ genlib ] [ INFO ] Define atom pair: LYS|1HB|HC|H         - > ALA|2HB|HC|H         (d = 0.06 A)
2026-04-23 20:46:55,344 [ genlib ] [ INFO ] Checking atom 2HB
2026-04-23 20:46:55,344 [ genlib ] [ INFO ] Define atom pair: LYS|2HB|HC|H         - > ALA|3HB|HC|H         (d = 0.07 A)
2026-04-23 20:46:55,344 [ genlib ] [ INFO ] Checking atom CG
2026-04-23 20:46:55,344 [ genlib ] [ INFO ] Define atom pair: LYS|CG|C8|C.3        - > ALA|1HB|HC|H         (d = 0.47 A)
2026-04-23 20:46:55,344 [ genlib ] [ INFO ] Searching order 3
2026-04-23 20:46:55,344 [ genlib ] [ INFO ] Checking atom 1HG
2026-04-23 20:46:55,344 [ genlib ] [ INFO ] No partner found for atom 1HG
2026-04-23 20:46:55,344 [ genlib ] [ INFO ] Checking atom 2HG
2026-04-23 20:46:55,344 [ genlib ] [ INFO ] No partner found for atom 2HG
2026-04-23 20:46:55,344 [ genlib ] [ INFO ] Checking atom CD
2026-04-23 20:46:55,344 [ genlib ] [ INFO ] No partner found for atom CD
2026-04-23 20:46:55,344 [ genlib ] [ INFO ] Searching order 4
2026-04-23 20:46:55,344 [ genlib ] [ INFO ] Searching order 5
2026-04-23 20:46:55,344 [ genlib ] [ INFO ] Searching order 6
2026-04-23 20:46:55,344 [ genlib ] [ INFO ] Searching order 7
2026-04-23 20:46:55,344 [ genlib ] [ INFO ] Searching branch 2
2026-04-23 20:46:55,344 [ genlib ] [ INFO ] Searching order 2
2026-04-23 20:46:55,344 [ genlib ] [ INFO ] Searching order 3
2026-04-23 20:46:55,344 [ genlib ] [ INFO ] Checking atom 1HG
2026-04-23 20:46:55,344 [ genlib ] [ INFO ] No partner found for atom 1HG
2026-04-23 20:46:55,344 [ genlib ] [ INFO ] Checking atom 2HG
2026-04-23 20:46:55,344 [ genlib ] [ INFO ] No partner found for atom 2HG
2026-04-23 20:46:55,344 [ genlib ] [ INFO ] Checking atom CD
2026-04-23 20:46:55,344 [ genlib ] [ INFO ] No partner found for atom CD
2026-04-23 20:46:55,344 [ genlib ] [ INFO ] Searching order 4
2026-04-23 20:46:55,344 [ genlib ] [ INFO ] Searching order 5
2026-04-23 20:46:55,344 [ genlib ] [ INFO ] Searching order 6
2026-04-23 20:46:55,344 [ genlib ] [ INFO ] Searching order 7
2026-04-23 20:46:55,344 [ genlib ] [ INFO ] Updating bond lists
2026-04-23 20:46:55,344 [ genlib ] [ INFO ] Updating dihedrals
2026-04-23 20:46:55,344 [ genlib ] [ INFO ] Updating impropers
2026-04-23 20:46:55,345 [ genlib ] [ INFO ] Building library files for LYS --> ARG mutant
2026-04-23 20:46:55,346 [ genlib ] [ INFO ] reading rtp file "aminoacids.rtp"
2026-04-23 20:46:55,390 [ genlib ] [ INFO ] ENTERED SIMPLE
2026-04-23 20:46:55,390 [ genlib ] [ INFO ] Making atom pairs
2026-04-23 20:46:55,390 [ genlib ] [ INFO ] Searching branch 1
2026-04-23 20:46:55,390 [ genlib ] [ INFO ] Searching order 2
2026-04-23 20:46:55,390 [ genlib ] [ INFO ] Checking atom 1HB
2026-04-23 20:46:55,390 [ genlib ] [ INFO ] Define atom pair: LYS|1HB|HC|H         - > ARG|1HB|HC|H         (d = 0.01 A)
2026-04-23 20:46:55,390 [ genlib ] [ INFO ] Checking atom 2HB
2026-04-23 20:46:55,390 [ genlib ] [ INFO ] Define atom pair: LYS|2HB|HC|H         - > ARG|2HB|HC|H         (d = 0.00 A)
2026-04-23 20:46:55,390 [ genlib ] [ INFO ] Checking atom CG
2026-04-23 20:46:55,390 [ genlib ] [ INFO ] Define atom pair: LYS|CG|C8|C.3        - > ARG|CG|C8|C.3        (d = 0.01 A)
2026-04-23 20:46:55,390 [ genlib ] [ INFO ] Searching order 3
2026-04-23 20:46:55,390 [ genlib ] [ INFO ] Checking atom 1HG
2026-04-23 20:46:55,390 [ genlib ] [ INFO ] Define atom pair: LYS|1HG|HC|H         - > ARG|1HG|HC|H         (d = 0.01 A)
2026-04-23 20:46:55,390 [ genlib ] [ INFO ] Checking atom 2HG
2026-04-23 20:46:55,390 [ genlib ] [ INFO ] Define atom pair: LYS|2HG|HC|H         - > ARG|2HG|HC|H         (d = 0.02 A)
2026-04-23 20:46:55,390 [ genlib ] [ INFO ] Checking atom CD
2026-04-23 20:46:55,390 [ genlib ] [ INFO ] Define atom pair: LYS|CD|C8|C.3        - > ARG|CD|C8|C.3        (d = 0.01 A)
2026-04-23 20:46:55,390 [ genlib ] [ INFO ] Searching order 4
2026-04-23 20:46:55,390 [ genlib ] [ INFO ] Checking atom 1HD
2026-04-23 20:46:55,390 [ genlib ] [ INFO ] Define atom pair: LYS|1HD|HC|H         - > ARG|1HD|H1|H         (d = 0.02 A)
2026-04-23 20:46:55,390 [ genlib ] [ INFO ] Checking atom 2HD
2026-04-23 20:46:55,390 [ genlib ] [ INFO ] Define atom pair: LYS|2HD|HC|H         - > ARG|2HD|H1|H         (d = 0.02 A)
2026-04-23 20:46:55,390 [ genlib ] [ INFO ] Checking atom CE
2026-04-23 20:46:55,390 [ genlib ] [ INFO ] Define atom pair: LYS|CE|C8|C.3        - > ARG|NE|N2|N.pl3      (d = 0.08 A)
2026-04-23 20:46:55,391 [ genlib ] [ INFO ] Searching order 5
2026-04-23 20:46:55,391 [ genlib ] [ INFO ] Checking atom 1HE
2026-04-23 20:46:55,391 [ genlib ] [ INFO ] No partner found for atom 1HE
2026-04-23 20:46:55,391 [ genlib ] [ INFO ] Checking atom 2HE
2026-04-23 20:46:55,391 [ genlib ] [ INFO ] No partner found for atom 2HE
2026-04-23 20:46:55,391 [ genlib ] [ INFO ] Checking atom NZ
2026-04-23 20:46:55,391 [ genlib ] [ INFO ] Define atom pair: LYS|NZ|N3|N.4        - > ARG|CZ|CA|C.cat      (d = 0.35 A)
2026-04-23 20:46:55,391 [ genlib ] [ INFO ] Searching order 6
2026-04-23 20:46:55,391 [ genlib ] [ INFO ] Checking atom 1HZ
2026-04-23 20:46:55,391 [ genlib ] [ INFO ] No partner found for atom 1HZ
2026-04-23 20:46:55,391 [ genlib ] [ INFO ] Checking atom 2HZ
2026-04-23 20:46:55,391 [ genlib ] [ INFO ] No partner found for atom 2HZ
2026-04-23 20:46:55,391 [ genlib ] [ INFO ] Checking atom 3HZ
2026-04-23 20:46:55,391 [ genlib ] [ INFO ] No partner found for atom 3HZ
2026-04-23 20:46:55,391 [ genlib ] [ INFO ] Searching order 7
2026-04-23 20:46:55,391 [ genlib ] [ INFO ] Searching branch 2
2026-04-23 20:46:55,391 [ genlib ] [ INFO ] Searching order 2
2026-04-23 20:46:55,391 [ genlib ] [ INFO ] Searching order 3
2026-04-23 20:46:55,391 [ genlib ] [ INFO ] Searching order 4
2026-04-23 20:46:55,391 [ genlib ] [ INFO ] Searching order 5
2026-04-23 20:46:55,391 [ genlib ] [ INFO ] Checking atom 1HE
2026-04-23 20:46:55,391 [ genlib ] [ INFO ] No partner found for atom 1HE
2026-04-23 20:46:55,391 [ genlib ] [ INFO ] Checking atom 2HE
2026-04-23 20:46:55,391 [ genlib ] [ INFO ] No partner found for atom 2HE
2026-04-23 20:46:55,391 [ genlib ] [ INFO ] Searching order 6
2026-04-23 20:46:55,391 [ genlib ] [ INFO ] Checking atom 1HZ
2026-04-23 20:46:55,391 [ genlib ] [ INFO ] No partner found for atom 1HZ
2026-04-23 20:46:55,391 [ genlib ] [ INFO ] Checking atom 2HZ
2026-04-23 20:46:55,391 [ genlib ] [ INFO ] No partner found for atom 2HZ
2026-04-23 20:46:55,391 [ genlib ] [ INFO ] Checking atom 3HZ
2026-04-23 20:46:55,391 [ genlib ] [ INFO ] No partner found for atom 3HZ
2026-04-23 20:46:55,391 [ genlib ] [ INFO ] Searching order 7
2026-04-23 20:46:55,394 [ genlib ] [ INFO ] Updating bond lists
2026-04-23 20:46:55,394 [ genlib ] [ INFO ] Updating dihedrals
2026-04-23 20:46:55,394 [ genlib ] [ INFO ] Updating impropers
2026-04-23 20:46:55,395 [ genlib ] [ INFO ] Building library files for LYS --> ASH mutant
2026-04-23 20:46:55,395 [ genlib ] [ INFO ] reading rtp file "aminoacids.rtp"
2026-04-23 20:46:55,441 [ genlib ] [ INFO ] ENTERED SIMPLE
2026-04-23 20:46:55,441 [ genlib ] [ INFO ] Making atom pairs
2026-04-23 20:46:55,441 [ genlib ] [ INFO ] Searching branch 1
2026-04-23 20:46:55,441 [ genlib ] [ INFO ] Searching order 2
2026-04-23 20:46:55,441 [ genlib ] [ INFO ] Checking atom 1HB
2026-04-23 20:46:55,441 [ genlib ] [ INFO ] Define atom pair: LYS|1HB|HC|H         - > ASH|1HB|HC|H         (d = 0.18 A)
2026-04-23 20:46:55,441 [ genlib ] [ INFO ] Checking atom 2HB
2026-04-23 20:46:55,441 [ genlib ] [ INFO ] Define atom pair: LYS|2HB|HC|H         - > ASH|2HB|HC|H         (d = 0.16 A)
2026-04-23 20:46:55,441 [ genlib ] [ INFO ] Checking atom CG
2026-04-23 20:46:55,441 [ genlib ] [ INFO ] Define atom pair: LYS|CG|C8|C.3        - > ASH|CG|C|C.2         (d = 0.18 A)
2026-04-23 20:46:55,441 [ genlib ] [ INFO ] Searching order 3
2026-04-23 20:46:55,441 [ genlib ] [ INFO ] Checking atom 1HG
2026-04-23 20:46:55,441 [ genlib ] [ INFO ] No partner found for atom 1HG
2026-04-23 20:46:55,441 [ genlib ] [ INFO ] Checking atom 2HG
2026-04-23 20:46:55,441 [ genlib ] [ INFO ] No partner found for atom 2HG
2026-04-23 20:46:55,441 [ genlib ] [ INFO ] Checking atom CD
2026-04-23 20:46:55,441 [ genlib ] [ INFO ] Define atom pair: LYS|CD|C8|C.3        - > ASH|OD1|O|O.co2      (d = 0.28 A)
2026-04-23 20:46:55,441 [ genlib ] [ INFO ] Searching order 4
2026-04-23 20:46:55,441 [ genlib ] [ INFO ] Checking atom 1HD
2026-04-23 20:46:55,441 [ genlib ] [ INFO ] No partner found for atom 1HD
2026-04-23 20:46:55,441 [ genlib ] [ INFO ] Checking atom 2HD
2026-04-23 20:46:55,441 [ genlib ] [ INFO ] No partner found for atom 2HD
2026-04-23 20:46:55,441 [ genlib ] [ INFO ] Checking atom CE
2026-04-23 20:46:55,441 [ genlib ] [ INFO ] No partner found for atom CE
2026-04-23 20:46:55,441 [ genlib ] [ INFO ] Searching order 5
2026-04-23 20:46:55,441 [ genlib ] [ INFO ] Searching order 6
2026-04-23 20:46:55,441 [ genlib ] [ INFO ] Searching order 7
2026-04-23 20:46:55,441 [ genlib ] [ INFO ] Searching branch 2
2026-04-23 20:46:55,441 [ genlib ] [ INFO ] Searching order 2
2026-04-23 20:46:55,441 [ genlib ] [ INFO ] Searching order 3
2026-04-23 20:46:55,441 [ genlib ] [ INFO ] Checking atom 1HG
2026-04-23 20:46:55,441 [ genlib ] [ INFO ] No partner found for atom 1HG
2026-04-23 20:46:55,441 [ genlib ] [ INFO ] Checking atom 2HG
2026-04-23 20:46:55,441 [ genlib ] [ INFO ] No partner found for atom 2HG
2026-04-23 20:46:55,441 [ genlib ] [ INFO ] Searching order 4
2026-04-23 20:46:55,441 [ genlib ] [ INFO ] Checking atom 1HD
2026-04-23 20:46:55,441 [ genlib ] [ INFO ] No partner found for atom 1HD
2026-04-23 20:46:55,441 [ genlib ] [ INFO ] Checking atom 2HD
2026-04-23 20:46:55,441 [ genlib ] [ INFO ] No partner found for atom 2HD
2026-04-23 20:46:55,441 [ genlib ] [ INFO ] Checking atom CE
2026-04-23 20:46:55,441 [ genlib ] [ INFO ] No partner found for atom CE
2026-04-23 20:46:55,441 [ genlib ] [ INFO ] Searching order 5
2026-04-23 20:46:55,441 [ genlib ] [ INFO ] Searching order 6
2026-04-23 20:46:55,441 [ genlib ] [ INFO ] Searching order 7
2026-04-23 20:46:55,443 [ genlib ] [ INFO ] Updating bond lists
2026-04-23 20:46:55,443 [ genlib ] [ INFO ] Updating dihedrals
2026-04-23 20:46:55,443 [ genlib ] [ INFO ] Updating impropers
2026-04-23 20:46:55,443 [ genlib ] [ INFO ] Building library files for LYS --> ASN mutant
2026-04-23 20:46:55,444 [ genlib ] [ INFO ] reading rtp file "aminoacids.rtp"
2026-04-23 20:46:55,489 [ genlib ] [ INFO ] ENTERED SIMPLE
2026-04-23 20:46:55,489 [ genlib ] [ INFO ] Making atom pairs
2026-04-23 20:46:55,489 [ genlib ] [ INFO ] Searching branch 1
2026-04-23 20:46:55,489 [ genlib ] [ INFO ] Searching order 2
2026-04-23 20:46:55,489 [ genlib ] [ INFO ] Checking atom 1HB
2026-04-23 20:46:55,489 [ genlib ] [ INFO ] Define atom pair: LYS|1HB|HC|H         - > ASN|1HB|HC|H         (d = 0.18 A)
2026-04-23 20:46:55,489 [ genlib ] [ INFO ] Checking atom 2HB
2026-04-23 20:46:55,489 [ genlib ] [ INFO ] Define atom pair: LYS|2HB|HC|H         - > ASN|2HB|HC|H         (d = 0.17 A)
2026-04-23 20:46:55,489 [ genlib ] [ INFO ] Checking atom CG
2026-04-23 20:46:55,489 [ genlib ] [ INFO ] Define atom pair: LYS|CG|C8|C.3        - > ASN|CG|C|C.2         (d = 0.17 A)
2026-04-23 20:46:55,489 [ genlib ] [ INFO ] Searching order 3
2026-04-23 20:46:55,489 [ genlib ] [ INFO ] Checking atom 1HG
2026-04-23 20:46:55,489 [ genlib ] [ INFO ] No partner found for atom 1HG
2026-04-23 20:46:55,489 [ genlib ] [ INFO ] Checking atom 2HG
2026-04-23 20:46:55,489 [ genlib ] [ INFO ] No partner found for atom 2HG
2026-04-23 20:46:55,489 [ genlib ] [ INFO ] Checking atom CD
2026-04-23 20:46:55,489 [ genlib ] [ INFO ] Define atom pair: LYS|CD|C8|C.3        - > ASN|OD1|O|O.2        (d = 0.25 A)
2026-04-23 20:46:55,489 [ genlib ] [ INFO ] Searching order 4
2026-04-23 20:46:55,489 [ genlib ] [ INFO ] Checking atom 1HD
2026-04-23 20:46:55,489 [ genlib ] [ INFO ] No partner found for atom 1HD
2026-04-23 20:46:55,489 [ genlib ] [ INFO ] Checking atom 2HD
2026-04-23 20:46:55,489 [ genlib ] [ INFO ] No partner found for atom 2HD
2026-04-23 20:46:55,489 [ genlib ] [ INFO ] Checking atom CE
2026-04-23 20:46:55,489 [ genlib ] [ INFO ] No partner found for atom CE
2026-04-23 20:46:55,489 [ genlib ] [ INFO ] Searching order 5
2026-04-23 20:46:55,489 [ genlib ] [ INFO ] Searching order 6
2026-04-23 20:46:55,489 [ genlib ] [ INFO ] Searching order 7
2026-04-23 20:46:55,489 [ genlib ] [ INFO ] Searching branch 2
2026-04-23 20:46:55,489 [ genlib ] [ INFO ] Searching order 2
2026-04-23 20:46:55,489 [ genlib ] [ INFO ] Searching order 3
2026-04-23 20:46:55,489 [ genlib ] [ INFO ] Checking atom 1HG
2026-04-23 20:46:55,489 [ genlib ] [ INFO ] No partner found for atom 1HG
2026-04-23 20:46:55,489 [ genlib ] [ INFO ] Checking atom 2HG
2026-04-23 20:46:55,489 [ genlib ] [ INFO ] No partner found for atom 2HG
2026-04-23 20:46:55,489 [ genlib ] [ INFO ] Searching order 4
2026-04-23 20:46:55,489 [ genlib ] [ INFO ] Checking atom 1HD
2026-04-23 20:46:55,489 [ genlib ] [ INFO ] No partner found for atom 1HD
2026-04-23 20:46:55,489 [ genlib ] [ INFO ] Checking atom 2HD
2026-04-23 20:46:55,489 [ genlib ] [ INFO ] No partner found for atom 2HD
2026-04-23 20:46:55,489 [ genlib ] [ INFO ] Checking atom CE
2026-04-23 20:46:55,489 [ genlib ] [ INFO ] No partner found for atom CE
2026-04-23 20:46:55,489 [ genlib ] [ INFO ] Searching order 5
2026-04-23 20:46:55,489 [ genlib ] [ INFO ] Searching order 6
2026-04-23 20:46:55,489 [ genlib ] [ INFO ] Searching order 7
2026-04-23 20:46:55,491 [ genlib ] [ INFO ] Updating bond lists
2026-04-23 20:46:55,491 [ genlib ] [ INFO ] Updating dihedrals
2026-04-23 20:46:55,491 [ genlib ] [ INFO ] Updating impropers
2026-04-23 20:46:55,492 [ genlib ] [ INFO ] Building library files for LYS --> ASP mutant
2026-04-23 20:46:55,493 [ genlib ] [ INFO ] reading rtp file "aminoacids.rtp"
2026-04-23 20:46:55,540 [ genlib ] [ INFO ] ENTERED SIMPLE
2026-04-23 20:46:55,540 [ genlib ] [ INFO ] Making atom pairs
2026-04-23 20:46:55,540 [ genlib ] [ INFO ] Searching branch 1
2026-04-23 20:46:55,540 [ genlib ] [ INFO ] Searching order 2
2026-04-23 20:46:55,541 [ genlib ] [ INFO ] Checking atom 1HB
2026-04-23 20:46:55,541 [ genlib ] [ INFO ] Define atom pair: LYS|1HB|HC|H         - > ASP|1HB|HC|H         (d = 0.15 A)
2026-04-23 20:46:55,541 [ genlib ] [ INFO ] Checking atom 2HB
2026-04-23 20:46:55,541 [ genlib ] [ INFO ] Define atom pair: LYS|2HB|HC|H         - > ASP|2HB|HC|H         (d = 0.13 A)
2026-04-23 20:46:55,541 [ genlib ] [ INFO ] Checking atom CG
2026-04-23 20:46:55,541 [ genlib ] [ INFO ] Define atom pair: LYS|CG|C8|C.3        - > ASP|CG|CO|C.2        (d = 0.18 A)
2026-04-23 20:46:55,541 [ genlib ] [ INFO ] Searching order 3
2026-04-23 20:46:55,541 [ genlib ] [ INFO ] Checking atom 1HG
2026-04-23 20:46:55,541 [ genlib ] [ INFO ] No partner found for atom 1HG
2026-04-23 20:46:55,541 [ genlib ] [ INFO ] Checking atom 2HG
2026-04-23 20:46:55,541 [ genlib ] [ INFO ] No partner found for atom 2HG
2026-04-23 20:46:55,541 [ genlib ] [ INFO ] Checking atom CD
2026-04-23 20:46:55,541 [ genlib ] [ INFO ] Define atom pair: LYS|CD|C8|C.3        - > ASP|OD1|O2|O.co2     (d = 0.28 A)
2026-04-23 20:46:55,541 [ genlib ] [ INFO ] Searching order 4
2026-04-23 20:46:55,541 [ genlib ] [ INFO ] Checking atom 1HD
2026-04-23 20:46:55,541 [ genlib ] [ INFO ] No partner found for atom 1HD
2026-04-23 20:46:55,541 [ genlib ] [ INFO ] Checking atom 2HD
2026-04-23 20:46:55,541 [ genlib ] [ INFO ] No partner found for atom 2HD
2026-04-23 20:46:55,541 [ genlib ] [ INFO ] Checking atom CE
2026-04-23 20:46:55,541 [ genlib ] [ INFO ] No partner found for atom CE
2026-04-23 20:46:55,541 [ genlib ] [ INFO ] Searching order 5
2026-04-23 20:46:55,541 [ genlib ] [ INFO ] Searching order 6
2026-04-23 20:46:55,541 [ genlib ] [ INFO ] Searching order 7
2026-04-23 20:46:55,541 [ genlib ] [ INFO ] Searching branch 2
2026-04-23 20:46:55,541 [ genlib ] [ INFO ] Searching order 2
2026-04-23 20:46:55,541 [ genlib ] [ INFO ] Searching order 3
2026-04-23 20:46:55,541 [ genlib ] [ INFO ] Checking atom 1HG
2026-04-23 20:46:55,541 [ genlib ] [ INFO ] No partner found for atom 1HG
2026-04-23 20:46:55,541 [ genlib ] [ INFO ] Checking atom 2HG
2026-04-23 20:46:55,541 [ genlib ] [ INFO ] No partner found for atom 2HG
2026-04-23 20:46:55,541 [ genlib ] [ INFO ] Searching order 4
2026-04-23 20:46:55,541 [ genlib ] [ INFO ] Checking atom 1HD
2026-04-23 20:46:55,541 [ genlib ] [ INFO ] No partner found for atom 1HD
2026-04-23 20:46:55,541 [ genlib ] [ INFO ] Checking atom 2HD
2026-04-23 20:46:55,541 [ genlib ] [ INFO ] No partner found for atom 2HD
2026-04-23 20:46:55,541 [ genlib ] [ INFO ] Checking atom CE
2026-04-23 20:46:55,541 [ genlib ] [ INFO ] No partner found for atom CE
2026-04-23 20:46:55,541 [ genlib ] [ INFO ] Searching order 5
2026-04-23 20:46:55,541 [ genlib ] [ INFO ] Searching order 6
2026-04-23 20:46:55,541 [ genlib ] [ INFO ] Searching order 7
2026-04-23 20:46:55,543 [ genlib ] [ INFO ] Updating bond lists
2026-04-23 20:46:55,543 [ genlib ] [ INFO ] Updating dihedrals
2026-04-23 20:46:55,543 [ genlib ] [ INFO ] Updating impropers
2026-04-23 20:46:55,543 [ genlib ] [ INFO ] Building library files for LYS --> CYS mutant
2026-04-23 20:46:55,544 [ genlib ] [ INFO ] reading rtp file "aminoacids.rtp"
2026-04-23 20:46:55,590 [ genlib ] [ INFO ] ENTERED SIMPLE
2026-04-23 20:46:55,590 [ genlib ] [ INFO ] Making atom pairs
2026-04-23 20:46:55,590 [ genlib ] [ INFO ] Searching branch 1
2026-04-23 20:46:55,590 [ genlib ] [ INFO ] Searching order 2
2026-04-23 20:46:55,590 [ genlib ] [ INFO ] Checking atom 1HB
2026-04-23 20:46:55,590 [ genlib ] [ INFO ] Define atom pair: LYS|1HB|HC|H         - > CYS|1HB|H1|H         (d = 0.08 A)
2026-04-23 20:46:55,590 [ genlib ] [ INFO ] Checking atom 2HB
2026-04-23 20:46:55,590 [ genlib ] [ INFO ] Define atom pair: LYS|2HB|HC|H         - > CYS|2HB|H1|H         (d = 0.05 A)
2026-04-23 20:46:55,590 [ genlib ] [ INFO ] Checking atom CG
2026-04-23 20:46:55,590 [ genlib ] [ INFO ] Define atom pair: LYS|CG|C8|C.3        - > CYS|SG|SH|S.3        (d = 0.32 A)
2026-04-23 20:46:55,590 [ genlib ] [ INFO ] Searching order 3
2026-04-23 20:46:55,590 [ genlib ] [ INFO ] Checking atom 1HG
2026-04-23 20:46:55,590 [ genlib ] [ INFO ] No partner found for atom 1HG
2026-04-23 20:46:55,590 [ genlib ] [ INFO ] Checking atom 2HG
2026-04-23 20:46:55,590 [ genlib ] [ INFO ] No partner found for atom 2HG
2026-04-23 20:46:55,590 [ genlib ] [ INFO ] Checking atom CD
2026-04-23 20:46:55,590 [ genlib ] [ INFO ] Define atom pair: LYS|CD|C8|C.3        - > CYS|HG|HS|H          (d = 0.26 A)
2026-04-23 20:46:55,590 [ genlib ] [ INFO ] Searching order 4
2026-04-23 20:46:55,590 [ genlib ] [ INFO ] Checking atom 1HD
2026-04-23 20:46:55,590 [ genlib ] [ INFO ] No partner found for atom 1HD
2026-04-23 20:46:55,590 [ genlib ] [ INFO ] Checking atom 2HD
2026-04-23 20:46:55,590 [ genlib ] [ INFO ] No partner found for atom 2HD
2026-04-23 20:46:55,590 [ genlib ] [ INFO ] Checking atom CE
2026-04-23 20:46:55,590 [ genlib ] [ INFO ] No partner found for atom CE
2026-04-23 20:46:55,590 [ genlib ] [ INFO ] Searching order 5
2026-04-23 20:46:55,590 [ genlib ] [ INFO ] Searching order 6
2026-04-23 20:46:55,590 [ genlib ] [ INFO ] Searching order 7
2026-04-23 20:46:55,591 [ genlib ] [ INFO ] Searching branch 2
2026-04-23 20:46:55,591 [ genlib ] [ INFO ] Searching order 2
2026-04-23 20:46:55,591 [ genlib ] [ INFO ] Searching order 3
2026-04-23 20:46:55,591 [ genlib ] [ INFO ] Checking atom 1HG
2026-04-23 20:46:55,591 [ genlib ] [ INFO ] No partner found for atom 1HG
2026-04-23 20:46:55,591 [ genlib ] [ INFO ] Checking atom 2HG
2026-04-23 20:46:55,591 [ genlib ] [ INFO ] No partner found for atom 2HG
2026-04-23 20:46:55,591 [ genlib ] [ INFO ] Searching order 4
2026-04-23 20:46:55,591 [ genlib ] [ INFO ] Checking atom 1HD
2026-04-23 20:46:55,591 [ genlib ] [ INFO ] No partner found for atom 1HD
2026-04-23 20:46:55,591 [ genlib ] [ INFO ] Checking atom 2HD
2026-04-23 20:46:55,591 [ genlib ] [ INFO ] No partner found for atom 2HD
2026-04-23 20:46:55,591 [ genlib ] [ INFO ] Checking atom CE
2026-04-23 20:46:55,591 [ genlib ] [ INFO ] No partner found for atom CE
2026-04-23 20:46:55,591 [ genlib ] [ INFO ] Searching order 5
2026-04-23 20:46:55,591 [ genlib ] [ INFO ] Searching order 6
2026-04-23 20:46:55,591 [ genlib ] [ INFO ] Searching order 7
2026-04-23 20:46:55,591 [ genlib ] [ INFO ] Updating bond lists
2026-04-23 20:46:55,591 [ genlib ] [ INFO ] Updating dihedrals
2026-04-23 20:46:55,591 [ genlib ] [ INFO ] Updating impropers
2026-04-23 20:46:55,592 [ genlib ] [ INFO ] Building library files for LYS --> GLH mutant
2026-04-23 20:46:55,593 [ genlib ] [ INFO ] reading rtp file "aminoacids.rtp"
2026-04-23 20:46:55,638 [ genlib ] [ INFO ] ENTERED SIMPLE
2026-04-23 20:46:55,638 [ genlib ] [ INFO ] Making atom pairs
2026-04-23 20:46:55,638 [ genlib ] [ INFO ] Searching branch 1
2026-04-23 20:46:55,638 [ genlib ] [ INFO ] Searching order 2
2026-04-23 20:46:55,638 [ genlib ] [ INFO ] Checking atom 1HB
2026-04-23 20:46:55,638 [ genlib ] [ INFO ] Define atom pair: LYS|1HB|HC|H         - > GLH|1HB|HC|H         (d = 0.25 A)
2026-04-23 20:46:55,638 [ genlib ] [ INFO ] Checking atom 2HB
2026-04-23 20:46:55,638 [ genlib ] [ INFO ] Define atom pair: LYS|2HB|HC|H         - > GLH|2HB|HC|H         (d = 0.22 A)
2026-04-23 20:46:55,638 [ genlib ] [ INFO ] Checking atom CG
2026-04-23 20:46:55,638 [ genlib ] [ INFO ] Define atom pair: LYS|CG|C8|C.3        - > GLH|CG|2C|C.3        (d = 0.22 A)
2026-04-23 20:46:55,638 [ genlib ] [ INFO ] Searching order 3
2026-04-23 20:46:55,638 [ genlib ] [ INFO ] Checking atom 1HG
2026-04-23 20:46:55,638 [ genlib ] [ INFO ] Define atom pair: LYS|1HG|HC|H         - > GLH|1HG|HC|H         (d = 0.22 A)
2026-04-23 20:46:55,638 [ genlib ] [ INFO ] Checking atom 2HG
2026-04-23 20:46:55,638 [ genlib ] [ INFO ] Define atom pair: LYS|2HG|HC|H         - > GLH|2HG|HC|H         (d = 0.33 A)
2026-04-23 20:46:55,638 [ genlib ] [ INFO ] Checking atom CD
2026-04-23 20:46:55,638 [ genlib ] [ INFO ] Define atom pair: LYS|CD|C8|C.3        - > GLH|CD|C|C.2         (d = 0.24 A)
2026-04-23 20:46:55,638 [ genlib ] [ INFO ] Searching order 4
2026-04-23 20:46:55,638 [ genlib ] [ INFO ] Checking atom 1HD
2026-04-23 20:46:55,639 [ genlib ] [ INFO ] No partner found for atom 1HD
2026-04-23 20:46:55,639 [ genlib ] [ INFO ] Checking atom 2HD
2026-04-23 20:46:55,639 [ genlib ] [ INFO ] No partner found for atom 2HD
2026-04-23 20:46:55,639 [ genlib ] [ INFO ] Checking atom CE
2026-04-23 20:46:55,639 [ genlib ] [ INFO ] Define atom pair: LYS|CE|C8|C.3        - > GLH|OE1|O|O.co2      (d = 0.47 A)
2026-04-23 20:46:55,639 [ genlib ] [ INFO ] Searching order 5
2026-04-23 20:46:55,639 [ genlib ] [ INFO ] Checking atom 1HE
2026-04-23 20:46:55,639 [ genlib ] [ INFO ] No partner found for atom 1HE
2026-04-23 20:46:55,639 [ genlib ] [ INFO ] Checking atom 2HE
2026-04-23 20:46:55,639 [ genlib ] [ INFO ] No partner found for atom 2HE
2026-04-23 20:46:55,639 [ genlib ] [ INFO ] Checking atom NZ
2026-04-23 20:46:55,639 [ genlib ] [ INFO ] No partner found for atom NZ
2026-04-23 20:46:55,639 [ genlib ] [ INFO ] Searching order 6
2026-04-23 20:46:55,639 [ genlib ] [ INFO ] Searching order 7
2026-04-23 20:46:55,639 [ genlib ] [ INFO ] Searching branch 2
2026-04-23 20:46:55,639 [ genlib ] [ INFO ] Searching order 2
2026-04-23 20:46:55,639 [ genlib ] [ INFO ] Searching order 3
2026-04-23 20:46:55,639 [ genlib ] [ INFO ] Searching order 4
2026-04-23 20:46:55,639 [ genlib ] [ INFO ] Checking atom 1HD
2026-04-23 20:46:55,639 [ genlib ] [ INFO ] No partner found for atom 1HD
2026-04-23 20:46:55,639 [ genlib ] [ INFO ] Checking atom 2HD
2026-04-23 20:46:55,639 [ genlib ] [ INFO ] No partner found for atom 2HD
2026-04-23 20:46:55,639 [ genlib ] [ INFO ] Searching order 5
2026-04-23 20:46:55,639 [ genlib ] [ INFO ] Checking atom 1HE
2026-04-23 20:46:55,639 [ genlib ] [ INFO ] No partner found for atom 1HE
2026-04-23 20:46:55,639 [ genlib ] [ INFO ] Checking atom 2HE
2026-04-23 20:46:55,639 [ genlib ] [ INFO ] No partner found for atom 2HE
2026-04-23 20:46:55,639 [ genlib ] [ INFO ] Checking atom NZ
2026-04-23 20:46:55,639 [ genlib ] [ INFO ] No partner found for atom NZ
2026-04-23 20:46:55,639 [ genlib ] [ INFO ] Searching order 6
2026-04-23 20:46:55,639 [ genlib ] [ INFO ] Searching order 7
2026-04-23 20:46:55,640 [ genlib ] [ INFO ] Updating bond lists
2026-04-23 20:46:55,640 [ genlib ] [ INFO ] Updating dihedrals
2026-04-23 20:46:55,640 [ genlib ] [ INFO ] Updating impropers
2026-04-23 20:46:55,641 [ genlib ] [ INFO ] Building library files for LYS --> GLN mutant
2026-04-23 20:46:55,642 [ genlib ] [ INFO ] reading rtp file "aminoacids.rtp"
2026-04-23 20:46:55,688 [ genlib ] [ INFO ] ENTERED SIMPLE
2026-04-23 20:46:55,688 [ genlib ] [ INFO ] Making atom pairs
2026-04-23 20:46:55,688 [ genlib ] [ INFO ] Searching branch 1
2026-04-23 20:46:55,688 [ genlib ] [ INFO ] Searching order 2
2026-04-23 20:46:55,688 [ genlib ] [ INFO ] Checking atom 1HB
2026-04-23 20:46:55,688 [ genlib ] [ INFO ] Define atom pair: LYS|1HB|HC|H         - > GLN|1HB|HC|H         (d = 0.05 A)
2026-04-23 20:46:55,688 [ genlib ] [ INFO ] Checking atom 2HB
2026-04-23 20:46:55,688 [ genlib ] [ INFO ] Define atom pair: LYS|2HB|HC|H         - > GLN|2HB|HC|H         (d = 0.04 A)
2026-04-23 20:46:55,688 [ genlib ] [ INFO ] Checking atom CG
2026-04-23 20:46:55,688 [ genlib ] [ INFO ] Define atom pair: LYS|CG|C8|C.3        - > GLN|CG|2C|C.3        (d = 0.08 A)
2026-04-23 20:46:55,688 [ genlib ] [ INFO ] Searching order 3
2026-04-23 20:46:55,688 [ genlib ] [ INFO ] Checking atom 1HG
2026-04-23 20:46:55,688 [ genlib ] [ INFO ] Define atom pair: LYS|1HG|HC|H         - > GLN|1HG|HC|H         (d = 0.09 A)
2026-04-23 20:46:55,688 [ genlib ] [ INFO ] Checking atom 2HG
2026-04-23 20:46:55,688 [ genlib ] [ INFO ] Define atom pair: LYS|2HG|HC|H         - > GLN|2HG|HC|H         (d = 0.11 A)
2026-04-23 20:46:55,688 [ genlib ] [ INFO ] Checking atom CD
2026-04-23 20:46:55,688 [ genlib ] [ INFO ] Define atom pair: LYS|CD|C8|C.3        - > GLN|CD|C|C.2         (d = 0.10 A)
2026-04-23 20:46:55,688 [ genlib ] [ INFO ] Searching order 4
2026-04-23 20:46:55,688 [ genlib ] [ INFO ] Checking atom 1HD
2026-04-23 20:46:55,688 [ genlib ] [ INFO ] No partner found for atom 1HD
2026-04-23 20:46:55,688 [ genlib ] [ INFO ] Checking atom 2HD
2026-04-23 20:46:55,688 [ genlib ] [ INFO ] No partner found for atom 2HD
2026-04-23 20:46:55,688 [ genlib ] [ INFO ] Checking atom CE
2026-04-23 20:46:55,688 [ genlib ] [ INFO ] Define atom pair: LYS|CE|C8|C.3        - > GLN|OE1|O|O.2        (d = 0.34 A)
2026-04-23 20:46:55,688 [ genlib ] [ INFO ] Searching order 5
2026-04-23 20:46:55,688 [ genlib ] [ INFO ] Checking atom 1HE
2026-04-23 20:46:55,688 [ genlib ] [ INFO ] No partner found for atom 1HE
2026-04-23 20:46:55,688 [ genlib ] [ INFO ] Checking atom 2HE
2026-04-23 20:46:55,688 [ genlib ] [ INFO ] No partner found for atom 2HE
2026-04-23 20:46:55,688 [ genlib ] [ INFO ] Checking atom NZ
2026-04-23 20:46:55,688 [ genlib ] [ INFO ] No partner found for atom NZ
2026-04-23 20:46:55,688 [ genlib ] [ INFO ] Searching order 6
2026-04-23 20:46:55,688 [ genlib ] [ INFO ] Searching order 7
2026-04-23 20:46:55,688 [ genlib ] [ INFO ] Searching branch 2
2026-04-23 20:46:55,688 [ genlib ] [ INFO ] Searching order 2
2026-04-23 20:46:55,688 [ genlib ] [ INFO ] Searching order 3
2026-04-23 20:46:55,688 [ genlib ] [ INFO ] Searching order 4
2026-04-23 20:46:55,688 [ genlib ] [ INFO ] Checking atom 1HD
2026-04-23 20:46:55,688 [ genlib ] [ INFO ] No partner found for atom 1HD
2026-04-23 20:46:55,688 [ genlib ] [ INFO ] Checking atom 2HD
2026-04-23 20:46:55,688 [ genlib ] [ INFO ] No partner found for atom 2HD
2026-04-23 20:46:55,688 [ genlib ] [ INFO ] Searching order 5
2026-04-23 20:46:55,688 [ genlib ] [ INFO ] Checking atom 1HE
2026-04-23 20:46:55,688 [ genlib ] [ INFO ] No partner found for atom 1HE
2026-04-23 20:46:55,688 [ genlib ] [ INFO ] Checking atom 2HE
2026-04-23 20:46:55,688 [ genlib ] [ INFO ] No partner found for atom 2HE
2026-04-23 20:46:55,688 [ genlib ] [ INFO ] Checking atom NZ
2026-04-23 20:46:55,688 [ genlib ] [ INFO ] No partner found for atom NZ
2026-04-23 20:46:55,688 [ genlib ] [ INFO ] Searching order 6
2026-04-23 20:46:55,688 [ genlib ] [ INFO ] Searching order 7
2026-04-23 20:46:55,690 [ genlib ] [ INFO ] Updating bond lists
2026-04-23 20:46:55,690 [ genlib ] [ INFO ] Updating dihedrals
2026-04-23 20:46:55,690 [ genlib ] [ INFO ] Updating impropers
2026-04-23 20:46:55,691 [ genlib ] [ INFO ] Building library files for LYS --> GLU mutant
2026-04-23 20:46:55,691 [ genlib ] [ INFO ] reading rtp file "aminoacids.rtp"
2026-04-23 20:46:55,738 [ genlib ] [ INFO ] ENTERED SIMPLE
2026-04-23 20:46:55,738 [ genlib ] [ INFO ] Making atom pairs
2026-04-23 20:46:55,738 [ genlib ] [ INFO ] Searching branch 1
2026-04-23 20:46:55,738 [ genlib ] [ INFO ] Searching order 2
2026-04-23 20:46:55,738 [ genlib ] [ INFO ] Checking atom 1HB
2026-04-23 20:46:55,738 [ genlib ] [ INFO ] Define atom pair: LYS|1HB|HC|H         - > GLU|1HB|HC|H         (d = 0.19 A)
2026-04-23 20:46:55,738 [ genlib ] [ INFO ] Checking atom 2HB
2026-04-23 20:46:55,738 [ genlib ] [ INFO ] Define atom pair: LYS|2HB|HC|H         - > GLU|2HB|HC|H         (d = 0.13 A)
2026-04-23 20:46:55,738 [ genlib ] [ INFO ] Checking atom CG
2026-04-23 20:46:55,738 [ genlib ] [ INFO ] Define atom pair: LYS|CG|C8|C.3        - > GLU|CG|2C|C.3        (d = 0.22 A)
2026-04-23 20:46:55,738 [ genlib ] [ INFO ] Searching order 3
2026-04-23 20:46:55,738 [ genlib ] [ INFO ] Checking atom 1HG
2026-04-23 20:46:55,738 [ genlib ] [ INFO ] Define atom pair: LYS|1HG|HC|H         - > GLU|1HG|HC|H         (d = 0.23 A)
2026-04-23 20:46:55,738 [ genlib ] [ INFO ] Checking atom 2HG
2026-04-23 20:46:55,738 [ genlib ] [ INFO ] Define atom pair: LYS|2HG|HC|H         - > GLU|2HG|HC|H         (d = 0.32 A)
2026-04-23 20:46:55,738 [ genlib ] [ INFO ] Checking atom CD
2026-04-23 20:46:55,738 [ genlib ] [ INFO ] Define atom pair: LYS|CD|C8|C.3        - > GLU|CD|CO|C.2        (d = 0.24 A)
2026-04-23 20:46:55,738 [ genlib ] [ INFO ] Searching order 4
2026-04-23 20:46:55,738 [ genlib ] [ INFO ] Checking atom 1HD
2026-04-23 20:46:55,738 [ genlib ] [ INFO ] No partner found for atom 1HD
2026-04-23 20:46:55,738 [ genlib ] [ INFO ] Checking atom 2HD
2026-04-23 20:46:55,738 [ genlib ] [ INFO ] No partner found for atom 2HD
2026-04-23 20:46:55,738 [ genlib ] [ INFO ] Checking atom CE
2026-04-23 20:46:55,738 [ genlib ] [ INFO ] Define atom pair: LYS|CE|C8|C.3        - > GLU|OE1|O2|O.co2     (d = 0.47 A)
2026-04-23 20:46:55,738 [ genlib ] [ INFO ] Searching order 5
2026-04-23 20:46:55,738 [ genlib ] [ INFO ] Checking atom 1HE
2026-04-23 20:46:55,738 [ genlib ] [ INFO ] No partner found for atom 1HE
2026-04-23 20:46:55,738 [ genlib ] [ INFO ] Checking atom 2HE
2026-04-23 20:46:55,739 [ genlib ] [ INFO ] No partner found for atom 2HE
2026-04-23 20:46:55,739 [ genlib ] [ INFO ] Checking atom NZ
2026-04-23 20:46:55,739 [ genlib ] [ INFO ] No partner found for atom NZ
2026-04-23 20:46:55,739 [ genlib ] [ INFO ] Searching order 6
2026-04-23 20:46:55,739 [ genlib ] [ INFO ] Searching order 7
2026-04-23 20:46:55,739 [ genlib ] [ INFO ] Searching branch 2
2026-04-23 20:46:55,739 [ genlib ] [ INFO ] Searching order 2
2026-04-23 20:46:55,739 [ genlib ] [ INFO ] Searching order 3
2026-04-23 20:46:55,739 [ genlib ] [ INFO ] Searching order 4
2026-04-23 20:46:55,739 [ genlib ] [ INFO ] Checking atom 1HD
2026-04-23 20:46:55,739 [ genlib ] [ INFO ] No partner found for atom 1HD
2026-04-23 20:46:55,739 [ genlib ] [ INFO ] Checking atom 2HD
2026-04-23 20:46:55,739 [ genlib ] [ INFO ] No partner found for atom 2HD
2026-04-23 20:46:55,739 [ genlib ] [ INFO ] Searching order 5
2026-04-23 20:46:55,739 [ genlib ] [ INFO ] Checking atom 1HE
2026-04-23 20:46:55,739 [ genlib ] [ INFO ] No partner found for atom 1HE
2026-04-23 20:46:55,739 [ genlib ] [ INFO ] Checking atom 2HE
2026-04-23 20:46:55,739 [ genlib ] [ INFO ] No partner found for atom 2HE
2026-04-23 20:46:55,739 [ genlib ] [ INFO ] Checking atom NZ
2026-04-23 20:46:55,739 [ genlib ] [ INFO ] No partner found for atom NZ
2026-04-23 20:46:55,739 [ genlib ] [ INFO ] Searching order 6
2026-04-23 20:46:55,739 [ genlib ] [ INFO ] Searching order 7
2026-04-23 20:46:55,740 [ genlib ] [ INFO ] Updating bond lists
2026-04-23 20:46:55,740 [ genlib ] [ INFO ] Updating dihedrals
2026-04-23 20:46:55,740 [ genlib ] [ INFO ] Updating impropers
2026-04-23 20:46:55,740 [ genlib ] [ INFO ] Building library files for LYS --> GLY mutant
2026-04-23 20:46:55,741 [ genlib ] [ INFO ] reading rtp file "aminoacids.rtp"
2026-04-23 20:46:55,791 [ genlib ] [ INFO ] ENTERED G
2026-04-23 20:46:55,791 [ genlib ] [ INFO ] Making atom pairs
2026-04-23 20:46:55,793 [ genlib ] [ INFO ] Updating bond lists
2026-04-23 20:46:55,793 [ genlib ] [ INFO ] Updating dihedrals
2026-04-23 20:46:55,793 [ genlib ] [ INFO ] Updating impropers
2026-04-23 20:46:55,793 [ genlib ] [ INFO ] Building library files for LYS --> HID mutant
2026-04-23 20:46:55,794 [ genlib ] [ INFO ] reading rtp file "aminoacids.rtp"
2026-04-23 20:46:55,848 [ genlib ] [ INFO ] ENTERED RINGS
2026-04-23 20:46:55,848 [ genlib ] [ INFO ] Making atom pairs
2026-04-23 20:46:55,852 [ genlib ] [ INFO ] Updating bond lists
2026-04-23 20:46:55,853 [ genlib ] [ INFO ] Updating dihedrals
2026-04-23 20:46:55,853 [ genlib ] [ INFO ] Updating impropers
2026-04-23 20:46:55,854 [ genlib ] [ INFO ] Building library files for LYS --> HIE mutant
2026-04-23 20:46:55,855 [ genlib ] [ INFO ] reading rtp file "aminoacids.rtp"
2026-04-23 20:46:55,906 [ genlib ] [ INFO ] ENTERED RINGS
2026-04-23 20:46:55,906 [ genlib ] [ INFO ] Making atom pairs
2026-04-23 20:46:55,911 [ genlib ] [ INFO ] Updating bond lists
2026-04-23 20:46:55,911 [ genlib ] [ INFO ] Updating dihedrals
2026-04-23 20:46:55,911 [ genlib ] [ INFO ] Updating impropers
2026-04-23 20:46:55,912 [ genlib ] [ INFO ] Building library files for LYS --> HIP mutant
2026-04-23 20:46:55,913 [ genlib ] [ INFO ] reading rtp file "aminoacids.rtp"
2026-04-23 20:46:55,961 [ genlib ] [ INFO ] ENTERED RINGS
2026-04-23 20:46:55,961 [ genlib ] [ INFO ] Making atom pairs
2026-04-23 20:46:55,965 [ genlib ] [ INFO ] Updating bond lists
2026-04-23 20:46:55,965 [ genlib ] [ INFO ] Updating dihedrals
2026-04-23 20:46:55,965 [ genlib ] [ INFO ] Updating impropers
2026-04-23 20:46:55,966 [ genlib ] [ INFO ] Building library files for LYS --> ILE mutant
2026-04-23 20:46:55,967 [ genlib ] [ INFO ] reading rtp file "aminoacids.rtp"
2026-04-23 20:46:56,015 [ genlib ] [ INFO ] ENTERED SIMPLE
2026-04-23 20:46:56,015 [ genlib ] [ INFO ] Making atom pairs
2026-04-23 20:46:56,015 [ genlib ] [ INFO ] Searching branch 1
2026-04-23 20:46:56,015 [ genlib ] [ INFO ] Searching order 2
2026-04-23 20:46:56,015 [ genlib ] [ INFO ] Checking atom 1HB
2026-04-23 20:46:56,015 [ genlib ] [ INFO ] Define atom pair: LYS|1HB|HC|H         - > ILE|HB|HC|H          (d = 0.15 A)
2026-04-23 20:46:56,015 [ genlib ] [ INFO ] Checking atom 2HB
2026-04-23 20:46:56,015 [ genlib ] [ INFO ] Define atom pair: LYS|2HB|HC|H         - > ILE|CG2|CT|C.3       (d = 0.48 A)
2026-04-23 20:46:56,015 [ genlib ] [ INFO ] Checking atom CG
2026-04-23 20:46:56,015 [ genlib ] [ INFO ] Define atom pair: LYS|CG|C8|C.3        - > ILE|CG1|2C|C.3       (d = 0.18 A)
2026-04-23 20:46:56,015 [ genlib ] [ INFO ] Searching order 3
2026-04-23 20:46:56,016 [ genlib ] [ INFO ] Checking atom 1HG
2026-04-23 20:46:56,016 [ genlib ] [ INFO ] Define atom pair: LYS|1HG|HC|H         - > ILE|1HG1|HC|H        (d = 0.12 A)
2026-04-23 20:46:56,016 [ genlib ] [ INFO ] Checking atom 2HG
2026-04-23 20:46:56,016 [ genlib ] [ INFO ] Define atom pair: LYS|2HG|HC|H         - > ILE|2HG1|HC|H        (d = 0.30 A)
2026-04-23 20:46:56,016 [ genlib ] [ INFO ] Checking atom CD
2026-04-23 20:46:56,016 [ genlib ] [ INFO ] Define atom pair: LYS|CD|C8|C.3        - > ILE|CD1|CT|C.3       (d = 0.25 A)
2026-04-23 20:46:56,016 [ genlib ] [ INFO ] Searching order 4
2026-04-23 20:46:56,016 [ genlib ] [ INFO ] Checking atom 1HD
2026-04-23 20:46:56,016 [ genlib ] [ INFO ] Define atom pair: LYS|1HD|HC|H         - > ILE|2HD1|HC|H        (d = 0.31 A)
2026-04-23 20:46:56,016 [ genlib ] [ INFO ] Checking atom 2HD
2026-04-23 20:46:56,016 [ genlib ] [ INFO ] Define atom pair: LYS|2HD|HC|H         - > ILE|3HD1|HC|H        (d = 0.25 A)
2026-04-23 20:46:56,016 [ genlib ] [ INFO ] Checking atom CE
2026-04-23 20:46:56,016 [ genlib ] [ INFO ] Define atom pair: LYS|CE|C8|C.3        - > ILE|1HD1|HC|H        (d = 0.51 A)
2026-04-23 20:46:56,016 [ genlib ] [ INFO ] Searching order 5
2026-04-23 20:46:56,016 [ genlib ] [ INFO ] Checking atom 1HE
2026-04-23 20:46:56,016 [ genlib ] [ INFO ] No partner found for atom 1HE
2026-04-23 20:46:56,016 [ genlib ] [ INFO ] Checking atom 2HE
2026-04-23 20:46:56,016 [ genlib ] [ INFO ] No partner found for atom 2HE
2026-04-23 20:46:56,016 [ genlib ] [ INFO ] Checking atom NZ
2026-04-23 20:46:56,016 [ genlib ] [ INFO ] No partner found for atom NZ
2026-04-23 20:46:56,016 [ genlib ] [ INFO ] Searching order 6
2026-04-23 20:46:56,016 [ genlib ] [ INFO ] Searching order 7
2026-04-23 20:46:56,016 [ genlib ] [ INFO ] Searching branch 2
2026-04-23 20:46:56,016 [ genlib ] [ INFO ] Searching order 2
2026-04-23 20:46:56,016 [ genlib ] [ INFO ] Searching order 3
2026-04-23 20:46:56,016 [ genlib ] [ INFO ] Searching order 4
2026-04-23 20:46:56,016 [ genlib ] [ INFO ] Searching order 5
2026-04-23 20:46:56,016 [ genlib ] [ INFO ] Checking atom 1HE
2026-04-23 20:46:56,017 [ genlib ] [ INFO ] No partner found for atom 1HE
2026-04-23 20:46:56,017 [ genlib ] [ INFO ] Checking atom 2HE
2026-04-23 20:46:56,017 [ genlib ] [ INFO ] No partner found for atom 2HE
2026-04-23 20:46:56,017 [ genlib ] [ INFO ] Checking atom NZ
2026-04-23 20:46:56,017 [ genlib ] [ INFO ] No partner found for atom NZ
2026-04-23 20:46:56,017 [ genlib ] [ INFO ] Searching order 6
2026-04-23 20:46:56,017 [ genlib ] [ INFO ] Searching order 7
2026-04-23 20:46:56,018 [ genlib ] [ INFO ] Updating bond lists
2026-04-23 20:46:56,018 [ genlib ] [ INFO ] Updating dihedrals
2026-04-23 20:46:56,018 [ genlib ] [ INFO ] Updating impropers
2026-04-23 20:46:56,019 [ genlib ] [ INFO ] Building library files for LYS --> LEU mutant
2026-04-23 20:46:56,020 [ genlib ] [ INFO ] reading rtp file "aminoacids.rtp"
2026-04-23 20:46:56,070 [ genlib ] [ INFO ] ENTERED SIMPLE
2026-04-23 20:46:56,070 [ genlib ] [ INFO ] Making atom pairs
2026-04-23 20:46:56,070 [ genlib ] [ INFO ] Searching branch 1
2026-04-23 20:46:56,070 [ genlib ] [ INFO ] Searching order 2
2026-04-23 20:46:56,070 [ genlib ] [ INFO ] Checking atom 1HB
2026-04-23 20:46:56,070 [ genlib ] [ INFO ] Define atom pair: LYS|1HB|HC|H         - > LEU|1HB|HC|H         (d = 0.09 A)
2026-04-23 20:46:56,070 [ genlib ] [ INFO ] Checking atom 2HB
2026-04-23 20:46:56,070 [ genlib ] [ INFO ] Define atom pair: LYS|2HB|HC|H         - > LEU|2HB|HC|H         (d = 0.09 A)
2026-04-23 20:46:56,070 [ genlib ] [ INFO ] Checking atom CG
2026-04-23 20:46:56,070 [ genlib ] [ INFO ] Define atom pair: LYS|CG|C8|C.3        - > LEU|CG|3C|C.3        (d = 0.09 A)
2026-04-23 20:46:56,071 [ genlib ] [ INFO ] Searching order 3
2026-04-23 20:46:56,071 [ genlib ] [ INFO ] Checking atom 1HG
2026-04-23 20:46:56,071 [ genlib ] [ INFO ] Define atom pair: LYS|1HG|HC|H         - > LEU|CD2|CT|C.3       (d = 0.44 A)
2026-04-23 20:46:56,071 [ genlib ] [ INFO ] Checking atom 2HG
2026-04-23 20:46:56,071 [ genlib ] [ INFO ] Define atom pair: LYS|2HG|HC|H         - > LEU|HG|HC|H          (d = 0.23 A)
2026-04-23 20:46:56,071 [ genlib ] [ INFO ] Checking atom CD
2026-04-23 20:46:56,071 [ genlib ] [ INFO ] Define atom pair: LYS|CD|C8|C.3        - > LEU|CD1|CT|C.3       (d = 0.14 A)
2026-04-23 20:46:56,071 [ genlib ] [ INFO ] Searching order 4
2026-04-23 20:46:56,071 [ genlib ] [ INFO ] Checking atom 1HD
2026-04-23 20:46:56,071 [ genlib ] [ INFO ] Define atom pair: LYS|1HD|HC|H         - > LEU|2HD1|HC|H        (d = 0.16 A)
2026-04-23 20:46:56,071 [ genlib ] [ INFO ] Checking atom 2HD
2026-04-23 20:46:56,071 [ genlib ] [ INFO ] Define atom pair: LYS|2HD|HC|H         - > LEU|3HD1|HC|H        (d = 0.12 A)
2026-04-23 20:46:56,071 [ genlib ] [ INFO ] Checking atom CE
2026-04-23 20:46:56,071 [ genlib ] [ INFO ] Define atom pair: LYS|CE|C8|C.3        - > LEU|1HD1|HC|H        (d = 0.52 A)
2026-04-23 20:46:56,071 [ genlib ] [ INFO ] Searching order 5
2026-04-23 20:46:56,071 [ genlib ] [ INFO ] Checking atom 1HE
2026-04-23 20:46:56,071 [ genlib ] [ INFO ] No partner found for atom 1HE
2026-04-23 20:46:56,071 [ genlib ] [ INFO ] Checking atom 2HE
2026-04-23 20:46:56,071 [ genlib ] [ INFO ] No partner found for atom 2HE
2026-04-23 20:46:56,071 [ genlib ] [ INFO ] Checking atom NZ
2026-04-23 20:46:56,071 [ genlib ] [ INFO ] No partner found for atom NZ
2026-04-23 20:46:56,071 [ genlib ] [ INFO ] Searching order 6
2026-04-23 20:46:56,071 [ genlib ] [ INFO ] Searching order 7
2026-04-23 20:46:56,071 [ genlib ] [ INFO ] Searching branch 2
2026-04-23 20:46:56,071 [ genlib ] [ INFO ] Searching order 2
2026-04-23 20:46:56,071 [ genlib ] [ INFO ] Searching order 3
2026-04-23 20:46:56,071 [ genlib ] [ INFO ] Searching order 4
2026-04-23 20:46:56,071 [ genlib ] [ INFO ] Searching order 5
2026-04-23 20:46:56,071 [ genlib ] [ INFO ] Checking atom 1HE
2026-04-23 20:46:56,071 [ genlib ] [ INFO ] No partner found for atom 1HE
2026-04-23 20:46:56,071 [ genlib ] [ INFO ] Checking atom 2HE
2026-04-23 20:46:56,071 [ genlib ] [ INFO ] No partner found for atom 2HE
2026-04-23 20:46:56,071 [ genlib ] [ INFO ] Checking atom NZ
2026-04-23 20:46:56,071 [ genlib ] [ INFO ] No partner found for atom NZ
2026-04-23 20:46:56,071 [ genlib ] [ INFO ] Searching order 6
2026-04-23 20:46:56,071 [ genlib ] [ INFO ] Searching order 7
2026-04-23 20:46:56,073 [ genlib ] [ INFO ] Updating bond lists
2026-04-23 20:46:56,073 [ genlib ] [ INFO ] Updating dihedrals
2026-04-23 20:46:56,073 [ genlib ] [ INFO ] Updating impropers
2026-04-23 20:46:56,073 [ genlib ] [ INFO ] Building library files for LYS --> LYN mutant
2026-04-23 20:46:56,074 [ genlib ] [ INFO ] reading rtp file "aminoacids.rtp"
2026-04-23 20:46:56,124 [ genlib ] [ INFO ] ENTERED SIMPLE
2026-04-23 20:46:56,124 [ genlib ] [ INFO ] Making atom pairs
2026-04-23 20:46:56,124 [ genlib ] [ INFO ] Searching branch 1
2026-04-23 20:46:56,124 [ genlib ] [ INFO ] Searching order 2
2026-04-23 20:46:56,124 [ genlib ] [ INFO ] Checking atom 1HB
2026-04-23 20:46:56,124 [ genlib ] [ INFO ] Define atom pair: LYS|1HB|HC|H         - > LYN|1HB|HC|H         (d = 0.09 A)
2026-04-23 20:46:56,124 [ genlib ] [ INFO ] Checking atom 2HB
2026-04-23 20:46:56,124 [ genlib ] [ INFO ] Define atom pair: LYS|2HB|HC|H         - > LYN|2HB|HC|H         (d = 0.10 A)
2026-04-23 20:46:56,124 [ genlib ] [ INFO ] Checking atom CG
2026-04-23 20:46:56,124 [ genlib ] [ INFO ] Define atom pair: LYS|CG|C8|C.3        - > LYN|CG|CT|C.3        (d = 0.00 A)
2026-04-23 20:46:56,124 [ genlib ] [ INFO ] Searching order 3
2026-04-23 20:46:56,124 [ genlib ] [ INFO ] Checking atom 1HG
2026-04-23 20:46:56,124 [ genlib ] [ INFO ] Define atom pair: LYS|1HG|HC|H         - > LYN|1HG|HC|H         (d = 0.11 A)
2026-04-23 20:46:56,124 [ genlib ] [ INFO ] Checking atom 2HG
2026-04-23 20:46:56,124 [ genlib ] [ INFO ] Define atom pair: LYS|2HG|HC|H         - > LYN|2HG|HC|H         (d = 0.10 A)
2026-04-23 20:46:56,124 [ genlib ] [ INFO ] Checking atom CD
2026-04-23 20:46:56,124 [ genlib ] [ INFO ] Define atom pair: LYS|CD|C8|C.3        - > LYN|CD|CT|C.3        (d = 0.03 A)
2026-04-23 20:46:56,124 [ genlib ] [ INFO ] Searching order 4
2026-04-23 20:46:56,124 [ genlib ] [ INFO ] Checking atom 1HD
2026-04-23 20:46:56,124 [ genlib ] [ INFO ] Define atom pair: LYS|1HD|HC|H         - > LYN|1HD|HC|H         (d = 0.07 A)
2026-04-23 20:46:56,124 [ genlib ] [ INFO ] Checking atom 2HD
2026-04-23 20:46:56,124 [ genlib ] [ INFO ] Define atom pair: LYS|2HD|HC|H         - > LYN|2HD|HC|H         (d = 0.08 A)
2026-04-23 20:46:56,124 [ genlib ] [ INFO ] Checking atom CE
2026-04-23 20:46:56,124 [ genlib ] [ INFO ] Define atom pair: LYS|CE|C8|C.3        - > LYN|CE|CT|C.3        (d = 0.05 A)
2026-04-23 20:46:56,124 [ genlib ] [ INFO ] Searching order 5
2026-04-23 20:46:56,124 [ genlib ] [ INFO ] Checking atom 1HE
2026-04-23 20:46:56,124 [ genlib ] [ INFO ] Define atom pair: LYS|1HE|HP|H         - > LYN|1HE|HP|H         (d = 0.14 A)
2026-04-23 20:46:56,124 [ genlib ] [ INFO ] Checking atom 2HE
2026-04-23 20:46:56,124 [ genlib ] [ INFO ] Define atom pair: LYS|2HE|HP|H         - > LYN|2HE|HP|H         (d = 0.14 A)
2026-04-23 20:46:56,124 [ genlib ] [ INFO ] Checking atom NZ
2026-04-23 20:46:56,124 [ genlib ] [ INFO ] Define atom pair: LYS|NZ|N3|N.4        - > LYN|NZ|N3|N.4        (d = 0.06 A)
2026-04-23 20:46:56,124 [ genlib ] [ INFO ] Searching order 6
2026-04-23 20:46:56,124 [ genlib ] [ INFO ] Checking atom 1HZ
2026-04-23 20:46:56,125 [ genlib ] [ INFO ] Define atom pair: LYS|1HZ|H|H          - > LYN|1HZ|H|H          (d = 0.07 A)
2026-04-23 20:46:56,125 [ genlib ] [ INFO ] Checking atom 2HZ
2026-04-23 20:46:56,125 [ genlib ] [ INFO ] Define atom pair: LYS|2HZ|H|H          - > LYN|2HZ|H|H          (d = 0.06 A)
2026-04-23 20:46:56,125 [ genlib ] [ INFO ] Checking atom 3HZ
2026-04-23 20:46:56,125 [ genlib ] [ INFO ] No partner found for atom 3HZ
2026-04-23 20:46:56,125 [ genlib ] [ INFO ] Searching order 7
2026-04-23 20:46:56,125 [ genlib ] [ INFO ] Searching branch 2
2026-04-23 20:46:56,125 [ genlib ] [ INFO ] Searching order 2
2026-04-23 20:46:56,125 [ genlib ] [ INFO ] Searching order 3
2026-04-23 20:46:56,125 [ genlib ] [ INFO ] Searching order 4
2026-04-23 20:46:56,125 [ genlib ] [ INFO ] Searching order 5
2026-04-23 20:46:56,125 [ genlib ] [ INFO ] Searching order 6
2026-04-23 20:46:56,125 [ genlib ] [ INFO ] Checking atom 3HZ
2026-04-23 20:46:56,125 [ genlib ] [ INFO ] No partner found for atom 3HZ
2026-04-23 20:46:56,125 [ genlib ] [ INFO ] Searching order 7
2026-04-23 20:46:56,125 [ genlib ] [ INFO ] Updating bond lists
2026-04-23 20:46:56,126 [ genlib ] [ INFO ] Updating dihedrals
2026-04-23 20:46:56,126 [ genlib ] [ INFO ] Updating impropers
2026-04-23 20:46:56,126 [ genlib ] [ INFO ] Building library files for LYS --> MET mutant
2026-04-23 20:46:56,127 [ genlib ] [ INFO ] reading rtp file "aminoacids.rtp"
2026-04-23 20:46:56,176 [ genlib ] [ INFO ] ENTERED SIMPLE
2026-04-23 20:46:56,176 [ genlib ] [ INFO ] Making atom pairs
2026-04-23 20:46:56,176 [ genlib ] [ INFO ] Searching branch 1
2026-04-23 20:46:56,176 [ genlib ] [ INFO ] Searching order 2
2026-04-23 20:46:56,176 [ genlib ] [ INFO ] Checking atom 1HB
2026-04-23 20:46:56,176 [ genlib ] [ INFO ] Define atom pair: LYS|1HB|HC|H         - > MET|1HB|HC|H         (d = 0.10 A)
2026-04-23 20:46:56,176 [ genlib ] [ INFO ] Checking atom 2HB
2026-04-23 20:46:56,176 [ genlib ] [ INFO ] Define atom pair: LYS|2HB|HC|H         - > MET|2HB|HC|H         (d = 0.11 A)
2026-04-23 20:46:56,176 [ genlib ] [ INFO ] Checking atom CG
2026-04-23 20:46:56,176 [ genlib ] [ INFO ] Define atom pair: LYS|CG|C8|C.3        - > MET|CG|2C|C.3        (d = 0.11 A)
2026-04-23 20:46:56,176 [ genlib ] [ INFO ] Searching order 3
2026-04-23 20:46:56,176 [ genlib ] [ INFO ] Checking atom 1HG
2026-04-23 20:46:56,176 [ genlib ] [ INFO ] Define atom pair: LYS|1HG|HC|H         - > MET|1HG|H1|H         (d = 0.09 A)
2026-04-23 20:46:56,176 [ genlib ] [ INFO ] Checking atom 2HG
2026-04-23 20:46:56,176 [ genlib ] [ INFO ] Define atom pair: LYS|2HG|HC|H         - > MET|2HG|H1|H         (d = 0.17 A)
2026-04-23 20:46:56,176 [ genlib ] [ INFO ] Checking atom CD
2026-04-23 20:46:56,176 [ genlib ] [ INFO ] Define atom pair: LYS|CD|C8|C.3        - > MET|SD|S|S.3         (d = 0.38 A)
2026-04-23 20:46:56,176 [ genlib ] [ INFO ] Searching order 4
2026-04-23 20:46:56,176 [ genlib ] [ INFO ] Checking atom 1HD
2026-04-23 20:46:56,176 [ genlib ] [ INFO ] No partner found for atom 1HD
2026-04-23 20:46:56,176 [ genlib ] [ INFO ] Checking atom 2HD
2026-04-23 20:46:56,176 [ genlib ] [ INFO ] No partner found for atom 2HD
2026-04-23 20:46:56,176 [ genlib ] [ INFO ] Checking atom CE
2026-04-23 20:46:56,176 [ genlib ] [ INFO ] Define atom pair: LYS|CE|C8|C.3        - > MET|CE|CT|C.3        (d = 0.44 A)
2026-04-23 20:46:56,176 [ genlib ] [ INFO ] Searching order 5
2026-04-23 20:46:56,176 [ genlib ] [ INFO ] Checking atom 1HE
2026-04-23 20:46:56,176 [ genlib ] [ INFO ] Define atom pair: LYS|1HE|HP|H         - > MET|2HE|H1|H         (d = 0.38 A)
2026-04-23 20:46:56,176 [ genlib ] [ INFO ] Checking atom 2HE
2026-04-23 20:46:56,176 [ genlib ] [ INFO ] Define atom pair: LYS|2HE|HP|H         - > MET|3HE|H1|H         (d = 0.36 A)
2026-04-23 20:46:56,176 [ genlib ] [ INFO ] Checking atom NZ
2026-04-23 20:46:56,176 [ genlib ] [ INFO ] No partner found for atom NZ
2026-04-23 20:46:56,176 [ genlib ] [ INFO ] Searching order 6
2026-04-23 20:46:56,176 [ genlib ] [ INFO ] Searching order 7
2026-04-23 20:46:56,176 [ genlib ] [ INFO ] Searching branch 2
2026-04-23 20:46:56,176 [ genlib ] [ INFO ] Searching order 2
2026-04-23 20:46:56,176 [ genlib ] [ INFO ] Searching order 3
2026-04-23 20:46:56,176 [ genlib ] [ INFO ] Searching order 4
2026-04-23 20:46:56,176 [ genlib ] [ INFO ] Checking atom 1HD
2026-04-23 20:46:56,176 [ genlib ] [ INFO ] No partner found for atom 1HD
2026-04-23 20:46:56,176 [ genlib ] [ INFO ] Checking atom 2HD
2026-04-23 20:46:56,176 [ genlib ] [ INFO ] No partner found for atom 2HD
2026-04-23 20:46:56,176 [ genlib ] [ INFO ] Searching order 5
2026-04-23 20:46:56,176 [ genlib ] [ INFO ] Checking atom NZ
2026-04-23 20:46:56,176 [ genlib ] [ INFO ] No partner found for atom NZ
2026-04-23 20:46:56,176 [ genlib ] [ INFO ] Searching order 6
2026-04-23 20:46:56,176 [ genlib ] [ INFO ] Searching order 7
2026-04-23 20:46:56,178 [ genlib ] [ INFO ] Updating bond lists
2026-04-23 20:46:56,178 [ genlib ] [ INFO ] Updating dihedrals
2026-04-23 20:46:56,178 [ genlib ] [ INFO ] Updating impropers
2026-04-23 20:46:56,179 [ genlib ] [ INFO ] Building library files for LYS --> PHE mutant
2026-04-23 20:46:56,180 [ genlib ] [ INFO ] reading rtp file "aminoacids.rtp"
2026-04-23 20:46:56,228 [ genlib ] [ INFO ] ENTERED RINGS
2026-04-23 20:46:56,228 [ genlib ] [ INFO ] Making atom pairs
2026-04-23 20:46:56,233 [ genlib ] [ INFO ] Updating bond lists
2026-04-23 20:46:56,233 [ genlib ] [ INFO ] Updating dihedrals
2026-04-23 20:46:56,233 [ genlib ] [ INFO ] Updating impropers
2026-04-23 20:46:56,233 [ genlib ] [ INFO ] Building library files for LYS --> PRO mutant
2026-04-23 20:46:56,235 [ genlib ] [ INFO ] reading rtp file "aminoacids.rtp"
2026-04-23 20:46:56,282 [ genlib ] [ INFO ] ENTERED P
2026-04-23 20:46:56,282 [ genlib ] [ INFO ] Making atom pairs
2026-04-23 20:46:56,286 [ genlib ] [ INFO ] Updating bond lists
2026-04-23 20:46:56,286 [ genlib ] [ INFO ] Updating dihedrals
2026-04-23 20:46:56,286 [ genlib ] [ INFO ] Updating impropers
2026-04-23 20:46:56,287 [ genlib ] [ INFO ] Building library files for LYS --> SER mutant
2026-04-23 20:46:56,288 [ genlib ] [ INFO ] reading rtp file "aminoacids.rtp"
2026-04-23 20:46:56,337 [ genlib ] [ INFO ] ENTERED SIMPLE
2026-04-23 20:46:56,337 [ genlib ] [ INFO ] Making atom pairs
2026-04-23 20:46:56,337 [ genlib ] [ INFO ] Searching branch 1
2026-04-23 20:46:56,337 [ genlib ] [ INFO ] Searching order 2
2026-04-23 20:46:56,337 [ genlib ] [ INFO ] Checking atom 1HB
2026-04-23 20:46:56,337 [ genlib ] [ INFO ] Define atom pair: LYS|1HB|HC|H         - > SER|1HB|H1|H         (d = 0.15 A)
2026-04-23 20:46:56,337 [ genlib ] [ INFO ] Checking atom 2HB
2026-04-23 20:46:56,337 [ genlib ] [ INFO ] Define atom pair: LYS|2HB|HC|H         - > SER|2HB|H1|H         (d = 0.12 A)
2026-04-23 20:46:56,337 [ genlib ] [ INFO ] Checking atom CG
2026-04-23 20:46:56,337 [ genlib ] [ INFO ] Define atom pair: LYS|CG|C8|C.3        - > SER|OG|OH|O.3        (d = 0.19 A)
2026-04-23 20:46:56,337 [ genlib ] [ INFO ] Searching order 3
2026-04-23 20:46:56,337 [ genlib ] [ INFO ] Checking atom 1HG
2026-04-23 20:46:56,337 [ genlib ] [ INFO ] No partner found for atom 1HG
2026-04-23 20:46:56,337 [ genlib ] [ INFO ] Checking atom 2HG
2026-04-23 20:46:56,337 [ genlib ] [ INFO ] No partner found for atom 2HG
2026-04-23 20:46:56,337 [ genlib ] [ INFO ] Checking atom CD
2026-04-23 20:46:56,337 [ genlib ] [ INFO ] No partner found for atom CD
2026-04-23 20:46:56,337 [ genlib ] [ INFO ] Searching order 4
2026-04-23 20:46:56,337 [ genlib ] [ INFO ] Searching order 5
2026-04-23 20:46:56,337 [ genlib ] [ INFO ] Searching order 6
2026-04-23 20:46:56,337 [ genlib ] [ INFO ] Searching order 7
2026-04-23 20:46:56,337 [ genlib ] [ INFO ] Searching branch 2
2026-04-23 20:46:56,337 [ genlib ] [ INFO ] Searching order 2
2026-04-23 20:46:56,337 [ genlib ] [ INFO ] Searching order 3
2026-04-23 20:46:56,337 [ genlib ] [ INFO ] Checking atom 1HG
2026-04-23 20:46:56,337 [ genlib ] [ INFO ] No partner found for atom 1HG
2026-04-23 20:46:56,337 [ genlib ] [ INFO ] Checking atom 2HG
2026-04-23 20:46:56,337 [ genlib ] [ INFO ] No partner found for atom 2HG
2026-04-23 20:46:56,337 [ genlib ] [ INFO ] Checking atom CD
2026-04-23 20:46:56,337 [ genlib ] [ INFO ] No partner found for atom CD
2026-04-23 20:46:56,337 [ genlib ] [ INFO ] Searching order 4
2026-04-23 20:46:56,337 [ genlib ] [ INFO ] Searching order 5
2026-04-23 20:46:56,337 [ genlib ] [ INFO ] Searching order 6
2026-04-23 20:46:56,337 [ genlib ] [ INFO ] Searching order 7
2026-04-23 20:46:56,338 [ genlib ] [ INFO ] Updating bond lists
2026-04-23 20:46:56,338 [ genlib ] [ INFO ] Updating dihedrals
2026-04-23 20:46:56,338 [ genlib ] [ INFO ] Updating impropers
2026-04-23 20:46:56,339 [ genlib ] [ INFO ] Building library files for LYS --> THR mutant
2026-04-23 20:46:56,340 [ genlib ] [ INFO ] reading rtp file "aminoacids.rtp"
2026-04-23 20:46:56,389 [ genlib ] [ INFO ] ENTERED SIMPLE
2026-04-23 20:46:56,390 [ genlib ] [ INFO ] Making atom pairs
2026-04-23 20:46:56,390 [ genlib ] [ INFO ] Searching branch 1
2026-04-23 20:46:56,390 [ genlib ] [ INFO ] Searching order 2
2026-04-23 20:46:56,390 [ genlib ] [ INFO ] Checking atom 1HB
2026-04-23 20:46:56,390 [ genlib ] [ INFO ] Define atom pair: LYS|1HB|HC|H         - > THR|HB|H1|H          (d = 0.12 A)
2026-04-23 20:46:56,390 [ genlib ] [ INFO ] Checking atom 2HB
2026-04-23 20:46:56,390 [ genlib ] [ INFO ] Define atom pair: LYS|2HB|HC|H         - > THR|CG2|CT|C.3       (d = 0.48 A)
2026-04-23 20:46:56,390 [ genlib ] [ INFO ] Checking atom CG
2026-04-23 20:46:56,390 [ genlib ] [ INFO ] Define atom pair: LYS|CG|C8|C.3        - > THR|OG1|OH|O.3       (d = 0.24 A)
2026-04-23 20:46:56,390 [ genlib ] [ INFO ] Searching order 3
2026-04-23 20:46:56,390 [ genlib ] [ INFO ] Checking atom 1HG
2026-04-23 20:46:56,390 [ genlib ] [ INFO ] No partner found for atom 1HG
2026-04-23 20:46:56,390 [ genlib ] [ INFO ] Checking atom 2HG
2026-04-23 20:46:56,390 [ genlib ] [ INFO ] No partner found for atom 2HG
2026-04-23 20:46:56,390 [ genlib ] [ INFO ] Checking atom CD
2026-04-23 20:46:56,390 [ genlib ] [ INFO ] No partner found for atom CD
2026-04-23 20:46:56,390 [ genlib ] [ INFO ] Searching order 4
2026-04-23 20:46:56,390 [ genlib ] [ INFO ] Searching order 5
2026-04-23 20:46:56,390 [ genlib ] [ INFO ] Searching order 6
2026-04-23 20:46:56,390 [ genlib ] [ INFO ] Searching order 7
2026-04-23 20:46:56,390 [ genlib ] [ INFO ] Searching branch 2
2026-04-23 20:46:56,390 [ genlib ] [ INFO ] Searching order 2
2026-04-23 20:46:56,390 [ genlib ] [ INFO ] Searching order 3
2026-04-23 20:46:56,390 [ genlib ] [ INFO ] Checking atom 1HG
2026-04-23 20:46:56,390 [ genlib ] [ INFO ] No partner found for atom 1HG
2026-04-23 20:46:56,390 [ genlib ] [ INFO ] Checking atom 2HG
2026-04-23 20:46:56,390 [ genlib ] [ INFO ] No partner found for atom 2HG
2026-04-23 20:46:56,390 [ genlib ] [ INFO ] Checking atom CD
2026-04-23 20:46:56,390 [ genlib ] [ INFO ] No partner found for atom CD
2026-04-23 20:46:56,390 [ genlib ] [ INFO ] Searching order 4
2026-04-23 20:46:56,390 [ genlib ] [ INFO ] Searching order 5
2026-04-23 20:46:56,390 [ genlib ] [ INFO ] Searching order 6
2026-04-23 20:46:56,390 [ genlib ] [ INFO ] Searching order 7
2026-04-23 20:46:56,392 [ genlib ] [ INFO ] Updating bond lists
2026-04-23 20:46:56,392 [ genlib ] [ INFO ] Updating dihedrals
2026-04-23 20:46:56,392 [ genlib ] [ INFO ] Updating impropers
2026-04-23 20:46:56,393 [ genlib ] [ INFO ] Building library files for LYS --> TRP mutant
2026-04-23 20:46:56,394 [ genlib ] [ INFO ] reading rtp file "aminoacids.rtp"
2026-04-23 20:46:56,444 [ genlib ] [ INFO ] ENTERED RINGS
2026-04-23 20:46:56,445 [ genlib ] [ INFO ] Making atom pairs
2026-04-23 20:46:56,453 [ genlib ] [ INFO ] Updating bond lists
2026-04-23 20:46:56,453 [ genlib ] [ INFO ] Updating dihedrals
2026-04-23 20:46:56,453 [ genlib ] [ INFO ] Updating impropers
2026-04-23 20:46:56,454 [ genlib ] [ INFO ] Building library files for LYS --> TYR mutant
2026-04-23 20:46:56,455 [ genlib ] [ INFO ] reading rtp file "aminoacids.rtp"
2026-04-23 20:46:56,504 [ genlib ] [ INFO ] ENTERED RINGS
2026-04-23 20:46:56,504 [ genlib ] [ INFO ] Making atom pairs
2026-04-23 20:46:56,510 [ genlib ] [ INFO ] Updating bond lists
2026-04-23 20:46:56,510 [ genlib ] [ INFO ] Updating dihedrals
2026-04-23 20:46:56,510 [ genlib ] [ INFO ] Updating impropers
2026-04-23 20:46:56,511 [ genlib ] [ INFO ] Building library files for LYS --> VAL mutant
2026-04-23 20:46:56,512 [ genlib ] [ INFO ] reading rtp file "aminoacids.rtp"
2026-04-23 20:46:56,557 [ genlib ] [ INFO ] ENTERED SIMPLE
2026-04-23 20:46:56,557 [ genlib ] [ INFO ] Making atom pairs
2026-04-23 20:46:56,557 [ genlib ] [ INFO ] Searching branch 1
2026-04-23 20:46:56,557 [ genlib ] [ INFO ] Searching order 2
2026-04-23 20:46:56,557 [ genlib ] [ INFO ] Checking atom 1HB
2026-04-23 20:46:56,557 [ genlib ] [ INFO ] Define atom pair: LYS|1HB|HC|H         - > VAL|HB|HC|H          (d = 0.21 A)
2026-04-23 20:46:56,557 [ genlib ] [ INFO ] Checking atom 2HB
2026-04-23 20:46:56,557 [ genlib ] [ INFO ] Define atom pair: LYS|2HB|HC|H         - > VAL|CG1|CT|C.3       (d = 0.45 A)
2026-04-23 20:46:56,557 [ genlib ] [ INFO ] Checking atom CG
2026-04-23 20:46:56,557 [ genlib ] [ INFO ] Define atom pair: LYS|CG|C8|C.3        - > VAL|CG2|CT|C.3       (d = 0.25 A)
2026-04-23 20:46:56,557 [ genlib ] [ INFO ] Searching order 3
2026-04-23 20:46:56,557 [ genlib ] [ INFO ] Checking atom 1HG
2026-04-23 20:46:56,557 [ genlib ] [ INFO ] Define atom pair: LYS|1HG|HC|H         - > VAL|2HG2|HC|H        (d = 0.30 A)
2026-04-23 20:46:56,557 [ genlib ] [ INFO ] Checking atom 2HG
2026-04-23 20:46:56,557 [ genlib ] [ INFO ] Define atom pair: LYS|2HG|HC|H         - > VAL|3HG2|HC|H        (d = 0.40 A)
2026-04-23 20:46:56,557 [ genlib ] [ INFO ] Checking atom CD
2026-04-23 20:46:56,557 [ genlib ] [ INFO ] Define atom pair: LYS|CD|C8|C.3        - > VAL|1HG2|HC|H        (d = 0.43 A)
2026-04-23 20:46:56,557 [ genlib ] [ INFO ] Searching order 4
2026-04-23 20:46:56,557 [ genlib ] [ INFO ] Checking atom 1HD
2026-04-23 20:46:56,557 [ genlib ] [ INFO ] No partner found for atom 1HD
2026-04-23 20:46:56,557 [ genlib ] [ INFO ] Checking atom 2HD
2026-04-23 20:46:56,557 [ genlib ] [ INFO ] No partner found for atom 2HD
2026-04-23 20:46:56,557 [ genlib ] [ INFO ] Checking atom CE
2026-04-23 20:46:56,557 [ genlib ] [ INFO ] No partner found for atom CE
2026-04-23 20:46:56,557 [ genlib ] [ INFO ] Searching order 5
2026-04-23 20:46:56,557 [ genlib ] [ INFO ] Searching order 6
2026-04-23 20:46:56,557 [ genlib ] [ INFO ] Searching order 7
2026-04-23 20:46:56,557 [ genlib ] [ INFO ] Searching branch 2
2026-04-23 20:46:56,557 [ genlib ] [ INFO ] Searching order 2
2026-04-23 20:46:56,557 [ genlib ] [ INFO ] Searching order 3
2026-04-23 20:46:56,557 [ genlib ] [ INFO ] Searching order 4
2026-04-23 20:46:56,557 [ genlib ] [ INFO ] Checking atom 1HD
2026-04-23 20:46:56,557 [ genlib ] [ INFO ] No partner found for atom 1HD
2026-04-23 20:46:56,557 [ genlib ] [ INFO ] Checking atom 2HD
2026-04-23 20:46:56,557 [ genlib ] [ INFO ] No partner found for atom 2HD
2026-04-23 20:46:56,557 [ genlib ] [ INFO ] Checking atom CE
2026-04-23 20:46:56,557 [ genlib ] [ INFO ] No partner found for atom CE
2026-04-23 20:46:56,557 [ genlib ] [ INFO ] Searching order 5
2026-04-23 20:46:56,557 [ genlib ] [ INFO ] Searching order 6
2026-04-23 20:46:56,557 [ genlib ] [ INFO ] Searching order 7
2026-04-23 20:46:56,559 [ genlib ] [ INFO ] Updating bond lists
2026-04-23 20:46:56,559 [ genlib ] [ INFO ] Updating dihedrals
2026-04-23 20:46:56,559 [ genlib ] [ INFO ] Updating impropers
2026-04-23 20:46:56,560 [ genlib ] [ INFO ] Building library files for MET --> ALA mutant
2026-04-23 20:46:56,560 [ genlib ] [ INFO ] reading rtp file "aminoacids.rtp"
2026-04-23 20:46:56,605 [ genlib ] [ INFO ] ENTERED SIMPLE
2026-04-23 20:46:56,605 [ genlib ] [ INFO ] Making atom pairs
2026-04-23 20:46:56,605 [ genlib ] [ INFO ] Searching branch 1
2026-04-23 20:46:56,605 [ genlib ] [ INFO ] Searching order 2
2026-04-23 20:46:56,605 [ genlib ] [ INFO ] Checking atom 1HB
2026-04-23 20:46:56,605 [ genlib ] [ INFO ] Define atom pair: MET|1HB|HC|H         - > ALA|2HB|HC|H         (d = 0.07 A)
2026-04-23 20:46:56,605 [ genlib ] [ INFO ] Checking atom 2HB
2026-04-23 20:46:56,605 [ genlib ] [ INFO ] Define atom pair: MET|2HB|HC|H         - > ALA|3HB|HC|H         (d = 0.07 A)
2026-04-23 20:46:56,605 [ genlib ] [ INFO ] Checking atom CG
2026-04-23 20:46:56,605 [ genlib ] [ INFO ] Define atom pair: MET|CG|2C|C.3        - > ALA|1HB|HC|H         (d = 0.47 A)
2026-04-23 20:46:56,605 [ genlib ] [ INFO ] Searching order 3
2026-04-23 20:46:56,605 [ genlib ] [ INFO ] Checking atom 1HG
2026-04-23 20:46:56,605 [ genlib ] [ INFO ] No partner found for atom 1HG
2026-04-23 20:46:56,605 [ genlib ] [ INFO ] Checking atom 2HG
2026-04-23 20:46:56,605 [ genlib ] [ INFO ] No partner found for atom 2HG
2026-04-23 20:46:56,605 [ genlib ] [ INFO ] Checking atom SD
2026-04-23 20:46:56,605 [ genlib ] [ INFO ] No partner found for atom SD
2026-04-23 20:46:56,605 [ genlib ] [ INFO ] Searching order 4
2026-04-23 20:46:56,605 [ genlib ] [ INFO ] Searching order 5
2026-04-23 20:46:56,605 [ genlib ] [ INFO ] Searching order 6
2026-04-23 20:46:56,605 [ genlib ] [ INFO ] Searching order 7
2026-04-23 20:46:56,605 [ genlib ] [ INFO ] Searching branch 2
2026-04-23 20:46:56,605 [ genlib ] [ INFO ] Searching order 2
2026-04-23 20:46:56,605 [ genlib ] [ INFO ] Searching order 3
2026-04-23 20:46:56,605 [ genlib ] [ INFO ] Checking atom 1HG
2026-04-23 20:46:56,605 [ genlib ] [ INFO ] No partner found for atom 1HG
2026-04-23 20:46:56,606 [ genlib ] [ INFO ] Checking atom 2HG
2026-04-23 20:46:56,606 [ genlib ] [ INFO ] No partner found for atom 2HG
2026-04-23 20:46:56,606 [ genlib ] [ INFO ] Checking atom SD
2026-04-23 20:46:56,606 [ genlib ] [ INFO ] No partner found for atom SD
2026-04-23 20:46:56,606 [ genlib ] [ INFO ] Searching order 4
2026-04-23 20:46:56,606 [ genlib ] [ INFO ] Searching order 5
2026-04-23 20:46:56,606 [ genlib ] [ INFO ] Searching order 6
2026-04-23 20:46:56,606 [ genlib ] [ INFO ] Searching order 7
2026-04-23 20:46:56,606 [ genlib ] [ INFO ] Updating bond lists
2026-04-23 20:46:56,606 [ genlib ] [ INFO ] Updating dihedrals
2026-04-23 20:46:56,606 [ genlib ] [ INFO ] Updating impropers
2026-04-23 20:46:56,607 [ genlib ] [ INFO ] Building library files for MET --> ARG mutant
2026-04-23 20:46:56,608 [ genlib ] [ INFO ] reading rtp file "aminoacids.rtp"
2026-04-23 20:46:56,653 [ genlib ] [ INFO ] ENTERED SIMPLE
2026-04-23 20:46:56,653 [ genlib ] [ INFO ] Making atom pairs
2026-04-23 20:46:56,653 [ genlib ] [ INFO ] Searching branch 1
2026-04-23 20:46:56,653 [ genlib ] [ INFO ] Searching order 2
2026-04-23 20:46:56,653 [ genlib ] [ INFO ] Checking atom 1HB
2026-04-23 20:46:56,653 [ genlib ] [ INFO ] Define atom pair: MET|1HB|HC|H         - > ARG|1HB|HC|H         (d = 0.09 A)
2026-04-23 20:46:56,653 [ genlib ] [ INFO ] Checking atom 2HB
2026-04-23 20:46:56,653 [ genlib ] [ INFO ] Define atom pair: MET|2HB|HC|H         - > ARG|2HB|HC|H         (d = 0.11 A)
2026-04-23 20:46:56,653 [ genlib ] [ INFO ] Checking atom CG
2026-04-23 20:46:56,653 [ genlib ] [ INFO ] Define atom pair: MET|CG|2C|C.3        - > ARG|CG|C8|C.3        (d = 0.11 A)
2026-04-23 20:46:56,653 [ genlib ] [ INFO ] Searching order 3
2026-04-23 20:46:56,653 [ genlib ] [ INFO ] Checking atom 1HG
2026-04-23 20:46:56,653 [ genlib ] [ INFO ] Define atom pair: MET|1HG|H1|H         - > ARG|1HG|HC|H         (d = 0.10 A)
2026-04-23 20:46:56,653 [ genlib ] [ INFO ] Checking atom 2HG
2026-04-23 20:46:56,653 [ genlib ] [ INFO ] Define atom pair: MET|2HG|H1|H         - > ARG|2HG|HC|H         (d = 0.16 A)
2026-04-23 20:46:56,653 [ genlib ] [ INFO ] Checking atom SD
2026-04-23 20:46:56,653 [ genlib ] [ INFO ] Define atom pair: MET|SD|S|S.3         - > ARG|CD|C8|C.3        (d = 0.38 A)
2026-04-23 20:46:56,653 [ genlib ] [ INFO ] Searching order 4
2026-04-23 20:46:56,653 [ genlib ] [ INFO ] Checking atom CE
2026-04-23 20:46:56,653 [ genlib ] [ INFO ] Define atom pair: MET|CE|CT|C.3        - > ARG|NE|N2|N.pl3      (d = 0.51 A)
2026-04-23 20:46:56,653 [ genlib ] [ INFO ] Searching order 5
2026-04-23 20:46:56,653 [ genlib ] [ INFO ] Checking atom 1HE
2026-04-23 20:46:56,653 [ genlib ] [ INFO ] Define atom pair: MET|1HE|H1|H         - > ARG|CZ|CA|C.cat      (d = 0.52 A)
2026-04-23 20:46:56,653 [ genlib ] [ INFO ] Checking atom 2HE
2026-04-23 20:46:56,653 [ genlib ] [ INFO ] No partner found for atom 2HE
2026-04-23 20:46:56,653 [ genlib ] [ INFO ] Checking atom 3HE
2026-04-23 20:46:56,653 [ genlib ] [ INFO ] No partner found for atom 3HE
2026-04-23 20:46:56,653 [ genlib ] [ INFO ] Searching order 6
2026-04-23 20:46:56,653 [ genlib ] [ INFO ] Searching order 7
2026-04-23 20:46:56,653 [ genlib ] [ INFO ] Searching branch 2
2026-04-23 20:46:56,653 [ genlib ] [ INFO ] Searching order 2
2026-04-23 20:46:56,653 [ genlib ] [ INFO ] Searching order 3
2026-04-23 20:46:56,653 [ genlib ] [ INFO ] Searching order 4
2026-04-23 20:46:56,653 [ genlib ] [ INFO ] Searching order 5
2026-04-23 20:46:56,653 [ genlib ] [ INFO ] Checking atom 2HE
2026-04-23 20:46:56,653 [ genlib ] [ INFO ] No partner found for atom 2HE
2026-04-23 20:46:56,653 [ genlib ] [ INFO ] Checking atom 3HE
2026-04-23 20:46:56,653 [ genlib ] [ INFO ] No partner found for atom 3HE
2026-04-23 20:46:56,653 [ genlib ] [ INFO ] Searching order 6
2026-04-23 20:46:56,653 [ genlib ] [ INFO ] Searching order 7
2026-04-23 20:46:56,659 [ genlib ] [ INFO ] Updating bond lists
2026-04-23 20:46:56,659 [ genlib ] [ INFO ] Updating dihedrals
2026-04-23 20:46:56,659 [ genlib ] [ INFO ] Updating impropers
2026-04-23 20:46:56,660 [ genlib ] [ INFO ] Building library files for MET --> ASH mutant
2026-04-23 20:46:56,661 [ genlib ] [ INFO ] reading rtp file "aminoacids.rtp"
2026-04-23 20:46:56,729 [ genlib ] [ INFO ] ENTERED SIMPLE
2026-04-23 20:46:56,729 [ genlib ] [ INFO ] Making atom pairs
2026-04-23 20:46:56,729 [ genlib ] [ INFO ] Searching branch 1
2026-04-23 20:46:56,729 [ genlib ] [ INFO ] Searching order 2
2026-04-23 20:46:56,729 [ genlib ] [ INFO ] Checking atom 1HB
2026-04-23 20:46:56,729 [ genlib ] [ INFO ] Define atom pair: MET|1HB|HC|H         - > ASH|1HB|HC|H         (d = 0.14 A)
2026-04-23 20:46:56,729 [ genlib ] [ INFO ] Checking atom 2HB
2026-04-23 20:46:56,729 [ genlib ] [ INFO ] Define atom pair: MET|2HB|HC|H         - > ASH|2HB|HC|H         (d = 0.12 A)
2026-04-23 20:46:56,729 [ genlib ] [ INFO ] Checking atom CG
2026-04-23 20:46:56,729 [ genlib ] [ INFO ] Define atom pair: MET|CG|2C|C.3        - > ASH|CG|C|C.2         (d = 0.07 A)
2026-04-23 20:46:56,729 [ genlib ] [ INFO ] Searching order 3
2026-04-23 20:46:56,729 [ genlib ] [ INFO ] Checking atom 1HG
2026-04-23 20:46:56,729 [ genlib ] [ INFO ] No partner found for atom 1HG
2026-04-23 20:46:56,729 [ genlib ] [ INFO ] Checking atom 2HG
2026-04-23 20:46:56,729 [ genlib ] [ INFO ] No partner found for atom 2HG
2026-04-23 20:46:56,729 [ genlib ] [ INFO ] Checking atom SD
2026-04-23 20:46:56,729 [ genlib ] [ INFO ] Define atom pair: MET|SD|S|S.3         - > ASH|OD1|O|O.co2      (d = 0.53 A)
2026-04-23 20:46:56,729 [ genlib ] [ INFO ] Searching order 4
2026-04-23 20:46:56,729 [ genlib ] [ INFO ] Checking atom CE
2026-04-23 20:46:56,729 [ genlib ] [ INFO ] No partner found for atom CE
2026-04-23 20:46:56,729 [ genlib ] [ INFO ] Searching order 5
2026-04-23 20:46:56,729 [ genlib ] [ INFO ] Searching order 6
2026-04-23 20:46:56,729 [ genlib ] [ INFO ] Searching order 7
2026-04-23 20:46:56,729 [ genlib ] [ INFO ] Searching branch 2
2026-04-23 20:46:56,729 [ genlib ] [ INFO ] Searching order 2
2026-04-23 20:46:56,729 [ genlib ] [ INFO ] Searching order 3
2026-04-23 20:46:56,729 [ genlib ] [ INFO ] Checking atom 1HG
2026-04-23 20:46:56,729 [ genlib ] [ INFO ] No partner found for atom 1HG
2026-04-23 20:46:56,729 [ genlib ] [ INFO ] Checking atom 2HG
2026-04-23 20:46:56,729 [ genlib ] [ INFO ] No partner found for atom 2HG
2026-04-23 20:46:56,729 [ genlib ] [ INFO ] Searching order 4
2026-04-23 20:46:56,729 [ genlib ] [ INFO ] Checking atom CE
2026-04-23 20:46:56,729 [ genlib ] [ INFO ] No partner found for atom CE
2026-04-23 20:46:56,729 [ genlib ] [ INFO ] Searching order 5
2026-04-23 20:46:56,729 [ genlib ] [ INFO ] Searching order 6
2026-04-23 20:46:56,729 [ genlib ] [ INFO ] Searching order 7
2026-04-23 20:46:56,734 [ genlib ] [ INFO ] Updating bond lists
2026-04-23 20:46:56,734 [ genlib ] [ INFO ] Updating dihedrals
2026-04-23 20:46:56,734 [ genlib ] [ INFO ] Updating impropers
2026-04-23 20:46:56,735 [ genlib ] [ INFO ] Building library files for MET --> ASN mutant
2026-04-23 20:46:56,736 [ genlib ] [ INFO ] reading rtp file "aminoacids.rtp"
2026-04-23 20:46:56,806 [ genlib ] [ INFO ] ENTERED SIMPLE
2026-04-23 20:46:56,807 [ genlib ] [ INFO ] Making atom pairs
2026-04-23 20:46:56,807 [ genlib ] [ INFO ] Searching branch 1
2026-04-23 20:46:56,807 [ genlib ] [ INFO ] Searching order 2
2026-04-23 20:46:56,807 [ genlib ] [ INFO ] Checking atom 1HB
2026-04-23 20:46:56,807 [ genlib ] [ INFO ] Define atom pair: MET|1HB|HC|H         - > ASN|1HB|HC|H         (d = 0.08 A)
2026-04-23 20:46:56,807 [ genlib ] [ INFO ] Checking atom 2HB
2026-04-23 20:46:56,807 [ genlib ] [ INFO ] Define atom pair: MET|2HB|HC|H         - > ASN|2HB|HC|H         (d = 0.07 A)
2026-04-23 20:46:56,807 [ genlib ] [ INFO ] Checking atom CG
2026-04-23 20:46:56,807 [ genlib ] [ INFO ] Define atom pair: MET|CG|2C|C.3        - > ASN|CG|C|C.2         (d = 0.07 A)
2026-04-23 20:46:56,807 [ genlib ] [ INFO ] Searching order 3
2026-04-23 20:46:56,807 [ genlib ] [ INFO ] Checking atom 1HG
2026-04-23 20:46:56,807 [ genlib ] [ INFO ] No partner found for atom 1HG
2026-04-23 20:46:56,807 [ genlib ] [ INFO ] Checking atom 2HG
2026-04-23 20:46:56,807 [ genlib ] [ INFO ] No partner found for atom 2HG
2026-04-23 20:46:56,807 [ genlib ] [ INFO ] Checking atom SD
2026-04-23 20:46:56,807 [ genlib ] [ INFO ] Define atom pair: MET|SD|S|S.3         - > ASN|OD1|O|O.2        (d = 0.52 A)
2026-04-23 20:46:56,807 [ genlib ] [ INFO ] Searching order 4
2026-04-23 20:46:56,807 [ genlib ] [ INFO ] Checking atom CE
2026-04-23 20:46:56,807 [ genlib ] [ INFO ] No partner found for atom CE
2026-04-23 20:46:56,807 [ genlib ] [ INFO ] Searching order 5
2026-04-23 20:46:56,807 [ genlib ] [ INFO ] Searching order 6
2026-04-23 20:46:56,807 [ genlib ] [ INFO ] Searching order 7
2026-04-23 20:46:56,807 [ genlib ] [ INFO ] Searching branch 2
2026-04-23 20:46:56,807 [ genlib ] [ INFO ] Searching order 2
2026-04-23 20:46:56,807 [ genlib ] [ INFO ] Searching order 3
2026-04-23 20:46:56,807 [ genlib ] [ INFO ] Checking atom 1HG
2026-04-23 20:46:56,807 [ genlib ] [ INFO ] No partner found for atom 1HG
2026-04-23 20:46:56,807 [ genlib ] [ INFO ] Checking atom 2HG
2026-04-23 20:46:56,807 [ genlib ] [ INFO ] No partner found for atom 2HG
2026-04-23 20:46:56,807 [ genlib ] [ INFO ] Searching order 4
2026-04-23 20:46:56,807 [ genlib ] [ INFO ] Checking atom CE
2026-04-23 20:46:56,807 [ genlib ] [ INFO ] No partner found for atom CE
2026-04-23 20:46:56,807 [ genlib ] [ INFO ] Searching order 5
2026-04-23 20:46:56,807 [ genlib ] [ INFO ] Searching order 6
2026-04-23 20:46:56,807 [ genlib ] [ INFO ] Searching order 7
2026-04-23 20:46:56,810 [ genlib ] [ INFO ] Updating bond lists
2026-04-23 20:46:56,810 [ genlib ] [ INFO ] Updating dihedrals
2026-04-23 20:46:56,810 [ genlib ] [ INFO ] Updating impropers
2026-04-23 20:46:56,810 [ genlib ] [ INFO ] Building library files for MET --> ASP mutant
2026-04-23 20:46:56,811 [ genlib ] [ INFO ] reading rtp file "aminoacids.rtp"
2026-04-23 20:46:56,860 [ genlib ] [ INFO ] ENTERED SIMPLE
2026-04-23 20:46:56,860 [ genlib ] [ INFO ] Making atom pairs
2026-04-23 20:46:56,860 [ genlib ] [ INFO ] Searching branch 1
2026-04-23 20:46:56,860 [ genlib ] [ INFO ] Searching order 2
2026-04-23 20:46:56,860 [ genlib ] [ INFO ] Checking atom 1HB
2026-04-23 20:46:56,860 [ genlib ] [ INFO ] Define atom pair: MET|1HB|HC|H         - > ASP|1HB|HC|H         (d = 0.09 A)
2026-04-23 20:46:56,860 [ genlib ] [ INFO ] Checking atom 2HB
2026-04-23 20:46:56,860 [ genlib ] [ INFO ] Define atom pair: MET|2HB|HC|H         - > ASP|2HB|HC|H         (d = 0.06 A)
2026-04-23 20:46:56,860 [ genlib ] [ INFO ] Checking atom CG
2026-04-23 20:46:56,860 [ genlib ] [ INFO ] Define atom pair: MET|CG|2C|C.3        - > ASP|CG|CO|C.2        (d = 0.07 A)
2026-04-23 20:46:56,860 [ genlib ] [ INFO ] Searching order 3
2026-04-23 20:46:56,860 [ genlib ] [ INFO ] Checking atom 1HG
2026-04-23 20:46:56,860 [ genlib ] [ INFO ] No partner found for atom 1HG
2026-04-23 20:46:56,860 [ genlib ] [ INFO ] Checking atom 2HG
2026-04-23 20:46:56,860 [ genlib ] [ INFO ] No partner found for atom 2HG
2026-04-23 20:46:56,860 [ genlib ] [ INFO ] Checking atom SD
2026-04-23 20:46:56,860 [ genlib ] [ INFO ] Define atom pair: MET|SD|S|S.3         - > ASP|OD1|O2|O.co2     (d = 0.53 A)
2026-04-23 20:46:56,860 [ genlib ] [ INFO ] Searching order 4
2026-04-23 20:46:56,860 [ genlib ] [ INFO ] Checking atom CE
2026-04-23 20:46:56,860 [ genlib ] [ INFO ] No partner found for atom CE
2026-04-23 20:46:56,860 [ genlib ] [ INFO ] Searching order 5
2026-04-23 20:46:56,860 [ genlib ] [ INFO ] Searching order 6
2026-04-23 20:46:56,860 [ genlib ] [ INFO ] Searching order 7
2026-04-23 20:46:56,860 [ genlib ] [ INFO ] Searching branch 2
2026-04-23 20:46:56,860 [ genlib ] [ INFO ] Searching order 2
2026-04-23 20:46:56,860 [ genlib ] [ INFO ] Searching order 3
2026-04-23 20:46:56,860 [ genlib ] [ INFO ] Checking atom 1HG
2026-04-23 20:46:56,860 [ genlib ] [ INFO ] No partner found for atom 1HG
2026-04-23 20:46:56,860 [ genlib ] [ INFO ] Checking atom 2HG
2026-04-23 20:46:56,860 [ genlib ] [ INFO ] No partner found for atom 2HG
2026-04-23 20:46:56,861 [ genlib ] [ INFO ] Searching order 4
2026-04-23 20:46:56,861 [ genlib ] [ INFO ] Checking atom CE
2026-04-23 20:46:56,861 [ genlib ] [ INFO ] No partner found for atom CE
2026-04-23 20:46:56,861 [ genlib ] [ INFO ] Searching order 5
2026-04-23 20:46:56,861 [ genlib ] [ INFO ] Searching order 6
2026-04-23 20:46:56,861 [ genlib ] [ INFO ] Searching order 7
2026-04-23 20:46:56,861 [ genlib ] [ INFO ] Updating bond lists
2026-04-23 20:46:56,861 [ genlib ] [ INFO ] Updating dihedrals
2026-04-23 20:46:56,862 [ genlib ] [ INFO ] Updating impropers
2026-04-23 20:46:56,862 [ genlib ] [ INFO ] Building library files for MET --> CYS mutant
2026-04-23 20:46:56,863 [ genlib ] [ INFO ] reading rtp file "aminoacids.rtp"
2026-04-23 20:46:56,908 [ genlib ] [ INFO ] ENTERED SIMPLE
2026-04-23 20:46:56,908 [ genlib ] [ INFO ] Making atom pairs
2026-04-23 20:46:56,908 [ genlib ] [ INFO ] Searching branch 1
2026-04-23 20:46:56,908 [ genlib ] [ INFO ] Searching order 2
2026-04-23 20:46:56,908 [ genlib ] [ INFO ] Checking atom 1HB
2026-04-23 20:46:56,908 [ genlib ] [ INFO ] Define atom pair: MET|1HB|HC|H         - > CYS|1HB|H1|H         (d = 0.08 A)
2026-04-23 20:46:56,908 [ genlib ] [ INFO ] Checking atom 2HB
2026-04-23 20:46:56,908 [ genlib ] [ INFO ] Define atom pair: MET|2HB|HC|H         - > CYS|2HB|H1|H         (d = 0.08 A)
2026-04-23 20:46:56,908 [ genlib ] [ INFO ] Checking atom CG
2026-04-23 20:46:56,908 [ genlib ] [ INFO ] Define atom pair: MET|CG|2C|C.3        - > CYS|SG|SH|S.3        (d = 0.28 A)
2026-04-23 20:46:56,908 [ genlib ] [ INFO ] Searching order 3
2026-04-23 20:46:56,908 [ genlib ] [ INFO ] Checking atom 1HG
2026-04-23 20:46:56,908 [ genlib ] [ INFO ] No partner found for atom 1HG
2026-04-23 20:46:56,908 [ genlib ] [ INFO ] Checking atom 2HG
2026-04-23 20:46:56,908 [ genlib ] [ INFO ] No partner found for atom 2HG
2026-04-23 20:46:56,908 [ genlib ] [ INFO ] Checking atom SD
2026-04-23 20:46:56,908 [ genlib ] [ INFO ] Define atom pair: MET|SD|S|S.3         - > CYS|HG|HS|H          (d = 0.48 A)
2026-04-23 20:46:56,908 [ genlib ] [ INFO ] Searching order 4
2026-04-23 20:46:56,908 [ genlib ] [ INFO ] Checking atom CE
2026-04-23 20:46:56,908 [ genlib ] [ INFO ] No partner found for atom CE
2026-04-23 20:46:56,908 [ genlib ] [ INFO ] Searching order 5
2026-04-23 20:46:56,908 [ genlib ] [ INFO ] Searching order 6
2026-04-23 20:46:56,908 [ genlib ] [ INFO ] Searching order 7
2026-04-23 20:46:56,908 [ genlib ] [ INFO ] Searching branch 2
2026-04-23 20:46:56,908 [ genlib ] [ INFO ] Searching order 2
2026-04-23 20:46:56,908 [ genlib ] [ INFO ] Searching order 3
2026-04-23 20:46:56,908 [ genlib ] [ INFO ] Checking atom 1HG
2026-04-23 20:46:56,908 [ genlib ] [ INFO ] No partner found for atom 1HG
2026-04-23 20:46:56,908 [ genlib ] [ INFO ] Checking atom 2HG
2026-04-23 20:46:56,908 [ genlib ] [ INFO ] No partner found for atom 2HG
2026-04-23 20:46:56,908 [ genlib ] [ INFO ] Searching order 4
2026-04-23 20:46:56,909 [ genlib ] [ INFO ] Checking atom CE
2026-04-23 20:46:56,909 [ genlib ] [ INFO ] No partner found for atom CE
2026-04-23 20:46:56,909 [ genlib ] [ INFO ] Searching order 5
2026-04-23 20:46:56,909 [ genlib ] [ INFO ] Searching order 6
2026-04-23 20:46:56,909 [ genlib ] [ INFO ] Searching order 7
2026-04-23 20:46:56,909 [ genlib ] [ INFO ] Updating bond lists
2026-04-23 20:46:56,909 [ genlib ] [ INFO ] Updating dihedrals
2026-04-23 20:46:56,909 [ genlib ] [ INFO ] Updating impropers
2026-04-23 20:46:56,910 [ genlib ] [ INFO ] Building library files for MET --> GLH mutant
2026-04-23 20:46:56,910 [ genlib ] [ INFO ] reading rtp file "aminoacids.rtp"
2026-04-23 20:46:56,955 [ genlib ] [ INFO ] ENTERED SIMPLE
2026-04-23 20:46:56,955 [ genlib ] [ INFO ] Making atom pairs
2026-04-23 20:46:56,955 [ genlib ] [ INFO ] Searching branch 1
2026-04-23 20:46:56,955 [ genlib ] [ INFO ] Searching order 2
2026-04-23 20:46:56,955 [ genlib ] [ INFO ] Checking atom 1HB
2026-04-23 20:46:56,955 [ genlib ] [ INFO ] Define atom pair: MET|1HB|HC|H         - > GLH|1HB|HC|H         (d = 0.22 A)
2026-04-23 20:46:56,955 [ genlib ] [ INFO ] Checking atom 2HB
2026-04-23 20:46:56,955 [ genlib ] [ INFO ] Define atom pair: MET|2HB|HC|H         - > GLH|2HB|HC|H         (d = 0.18 A)
2026-04-23 20:46:56,955 [ genlib ] [ INFO ] Checking atom CG
2026-04-23 20:46:56,955 [ genlib ] [ INFO ] Define atom pair: MET|CG|2C|C.3        - > GLH|CG|2C|C.3        (d = 0.13 A)
2026-04-23 20:46:56,955 [ genlib ] [ INFO ] Searching order 3
2026-04-23 20:46:56,955 [ genlib ] [ INFO ] Checking atom 1HG
2026-04-23 20:46:56,955 [ genlib ] [ INFO ] Define atom pair: MET|1HG|H1|H         - > GLH|1HG|HC|H         (d = 0.14 A)
2026-04-23 20:46:56,955 [ genlib ] [ INFO ] Checking atom 2HG
2026-04-23 20:46:56,955 [ genlib ] [ INFO ] Define atom pair: MET|2HG|H1|H         - > GLH|2HG|HC|H         (d = 0.19 A)
2026-04-23 20:46:56,955 [ genlib ] [ INFO ] Checking atom SD
2026-04-23 20:46:56,955 [ genlib ] [ INFO ] Define atom pair: MET|SD|S|S.3         - > GLH|CD|C|C.2         (d = 0.22 A)
2026-04-23 20:46:56,955 [ genlib ] [ INFO ] Searching order 4
2026-04-23 20:46:56,955 [ genlib ] [ INFO ] Checking atom CE
2026-04-23 20:46:56,955 [ genlib ] [ INFO ] No partner found for atom CE
2026-04-23 20:46:56,955 [ genlib ] [ INFO ] Searching order 5
2026-04-23 20:46:56,955 [ genlib ] [ INFO ] Searching order 6
2026-04-23 20:46:56,955 [ genlib ] [ INFO ] Searching order 7
2026-04-23 20:46:56,956 [ genlib ] [ INFO ] Searching branch 2
2026-04-23 20:46:56,956 [ genlib ] [ INFO ] Searching order 2
2026-04-23 20:46:56,956 [ genlib ] [ INFO ] Searching order 3
2026-04-23 20:46:56,956 [ genlib ] [ INFO ] Searching order 4
2026-04-23 20:46:56,956 [ genlib ] [ INFO ] Checking atom CE
2026-04-23 20:46:56,956 [ genlib ] [ INFO ] No partner found for atom CE
2026-04-23 20:46:56,956 [ genlib ] [ INFO ] Searching order 5
2026-04-23 20:46:56,956 [ genlib ] [ INFO ] Searching order 6
2026-04-23 20:46:56,956 [ genlib ] [ INFO ] Searching order 7
2026-04-23 20:46:56,957 [ genlib ] [ INFO ] Updating bond lists
2026-04-23 20:46:56,957 [ genlib ] [ INFO ] Updating dihedrals
2026-04-23 20:46:56,957 [ genlib ] [ INFO ] Updating impropers
2026-04-23 20:46:56,958 [ genlib ] [ INFO ] Building library files for MET --> GLN mutant
2026-04-23 20:46:56,958 [ genlib ] [ INFO ] reading rtp file "aminoacids.rtp"
2026-04-23 20:46:57,004 [ genlib ] [ INFO ] ENTERED SIMPLE
2026-04-23 20:46:57,004 [ genlib ] [ INFO ] Making atom pairs
2026-04-23 20:46:57,004 [ genlib ] [ INFO ] Searching branch 1
2026-04-23 20:46:57,004 [ genlib ] [ INFO ] Searching order 2
2026-04-23 20:46:57,004 [ genlib ] [ INFO ] Checking atom 1HB
2026-04-23 20:46:57,004 [ genlib ] [ INFO ] Define atom pair: MET|1HB|HC|H         - > GLN|1HB|HC|H         (d = 0.10 A)
2026-04-23 20:46:57,004 [ genlib ] [ INFO ] Checking atom 2HB
2026-04-23 20:46:57,004 [ genlib ] [ INFO ] Define atom pair: MET|2HB|HC|H         - > GLN|2HB|HC|H         (d = 0.08 A)
2026-04-23 20:46:57,004 [ genlib ] [ INFO ] Checking atom CG
2026-04-23 20:46:57,004 [ genlib ] [ INFO ] Define atom pair: MET|CG|2C|C.3        - > GLN|CG|2C|C.3        (d = 0.06 A)
2026-04-23 20:46:57,004 [ genlib ] [ INFO ] Searching order 3
2026-04-23 20:46:57,004 [ genlib ] [ INFO ] Checking atom 1HG
2026-04-23 20:46:57,004 [ genlib ] [ INFO ] Define atom pair: MET|1HG|H1|H         - > GLN|1HG|HC|H         (d = 0.04 A)
2026-04-23 20:46:57,004 [ genlib ] [ INFO ] Checking atom 2HG
2026-04-23 20:46:57,004 [ genlib ] [ INFO ] Define atom pair: MET|2HG|H1|H         - > GLN|2HG|HC|H         (d = 0.09 A)
2026-04-23 20:46:57,004 [ genlib ] [ INFO ] Checking atom SD
2026-04-23 20:46:57,004 [ genlib ] [ INFO ] Define atom pair: MET|SD|S|S.3         - > GLN|CD|C|C.2         (d = 0.32 A)
2026-04-23 20:46:57,004 [ genlib ] [ INFO ] Searching order 4
2026-04-23 20:46:57,004 [ genlib ] [ INFO ] Checking atom CE
2026-04-23 20:46:57,004 [ genlib ] [ INFO ] No partner found for atom CE
2026-04-23 20:46:57,004 [ genlib ] [ INFO ] Searching order 5
2026-04-23 20:46:57,004 [ genlib ] [ INFO ] Searching order 6
2026-04-23 20:46:57,004 [ genlib ] [ INFO ] Searching order 7
2026-04-23 20:46:57,004 [ genlib ] [ INFO ] Searching branch 2
2026-04-23 20:46:57,004 [ genlib ] [ INFO ] Searching order 2
2026-04-23 20:46:57,004 [ genlib ] [ INFO ] Searching order 3
2026-04-23 20:46:57,004 [ genlib ] [ INFO ] Searching order 4
2026-04-23 20:46:57,004 [ genlib ] [ INFO ] Checking atom CE
2026-04-23 20:46:57,004 [ genlib ] [ INFO ] No partner found for atom CE
2026-04-23 20:46:57,004 [ genlib ] [ INFO ] Searching order 5
2026-04-23 20:46:57,004 [ genlib ] [ INFO ] Searching order 6
2026-04-23 20:46:57,004 [ genlib ] [ INFO ] Searching order 7
2026-04-23 20:46:57,007 [ genlib ] [ INFO ] Updating bond lists
2026-04-23 20:46:57,007 [ genlib ] [ INFO ] Updating dihedrals
2026-04-23 20:46:57,007 [ genlib ] [ INFO ] Updating impropers
2026-04-23 20:46:57,007 [ genlib ] [ INFO ] Building library files for MET --> GLU mutant
2026-04-23 20:46:57,008 [ genlib ] [ INFO ] reading rtp file "aminoacids.rtp"
2026-04-23 20:46:57,053 [ genlib ] [ INFO ] ENTERED SIMPLE
2026-04-23 20:46:57,053 [ genlib ] [ INFO ] Making atom pairs
2026-04-23 20:46:57,053 [ genlib ] [ INFO ] Searching branch 1
2026-04-23 20:46:57,053 [ genlib ] [ INFO ] Searching order 2
2026-04-23 20:46:57,053 [ genlib ] [ INFO ] Checking atom 1HB
2026-04-23 20:46:57,053 [ genlib ] [ INFO ] Define atom pair: MET|1HB|HC|H         - > GLU|1HB|HC|H         (d = 0.18 A)
2026-04-23 20:46:57,053 [ genlib ] [ INFO ] Checking atom 2HB
2026-04-23 20:46:57,053 [ genlib ] [ INFO ] Define atom pair: MET|2HB|HC|H         - > GLU|2HB|HC|H         (d = 0.12 A)
2026-04-23 20:46:57,053 [ genlib ] [ INFO ] Checking atom CG
2026-04-23 20:46:57,053 [ genlib ] [ INFO ] Define atom pair: MET|CG|2C|C.3        - > GLU|CG|2C|C.3        (d = 0.13 A)
2026-04-23 20:46:57,053 [ genlib ] [ INFO ] Searching order 3
2026-04-23 20:46:57,053 [ genlib ] [ INFO ] Checking atom 1HG
2026-04-23 20:46:57,053 [ genlib ] [ INFO ] Define atom pair: MET|1HG|H1|H         - > GLU|1HG|HC|H         (d = 0.16 A)
2026-04-23 20:46:57,053 [ genlib ] [ INFO ] Checking atom 2HG
2026-04-23 20:46:57,053 [ genlib ] [ INFO ] Define atom pair: MET|2HG|H1|H         - > GLU|2HG|HC|H         (d = 0.20 A)
2026-04-23 20:46:57,053 [ genlib ] [ INFO ] Checking atom SD
2026-04-23 20:46:57,053 [ genlib ] [ INFO ] Define atom pair: MET|SD|S|S.3         - > GLU|CD|CO|C.2        (d = 0.22 A)
2026-04-23 20:46:57,053 [ genlib ] [ INFO ] Searching order 4
2026-04-23 20:46:57,053 [ genlib ] [ INFO ] Checking atom CE
2026-04-23 20:46:57,053 [ genlib ] [ INFO ] No partner found for atom CE
2026-04-23 20:46:57,053 [ genlib ] [ INFO ] Searching order 5
2026-04-23 20:46:57,053 [ genlib ] [ INFO ] Searching order 6
2026-04-23 20:46:57,053 [ genlib ] [ INFO ] Searching order 7
2026-04-23 20:46:57,053 [ genlib ] [ INFO ] Searching branch 2
2026-04-23 20:46:57,053 [ genlib ] [ INFO ] Searching order 2
2026-04-23 20:46:57,053 [ genlib ] [ INFO ] Searching order 3
2026-04-23 20:46:57,053 [ genlib ] [ INFO ] Searching order 4
2026-04-23 20:46:57,053 [ genlib ] [ INFO ] Checking atom CE
2026-04-23 20:46:57,053 [ genlib ] [ INFO ] No partner found for atom CE
2026-04-23 20:46:57,053 [ genlib ] [ INFO ] Searching order 5
2026-04-23 20:46:57,054 [ genlib ] [ INFO ] Searching order 6
2026-04-23 20:46:57,054 [ genlib ] [ INFO ] Searching order 7
2026-04-23 20:46:57,055 [ genlib ] [ INFO ] Updating bond lists
2026-04-23 20:46:57,056 [ genlib ] [ INFO ] Updating dihedrals
2026-04-23 20:46:57,056 [ genlib ] [ INFO ] Updating impropers
2026-04-23 20:46:57,056 [ genlib ] [ INFO ] Building library files for MET --> GLY mutant
2026-04-23 20:46:57,056 [ genlib ] [ INFO ] reading rtp file "aminoacids.rtp"
2026-04-23 20:46:57,101 [ genlib ] [ INFO ] ENTERED G
2026-04-23 20:46:57,101 [ genlib ] [ INFO ] Making atom pairs
2026-04-23 20:46:57,102 [ genlib ] [ INFO ] Updating bond lists
2026-04-23 20:46:57,102 [ genlib ] [ INFO ] Updating dihedrals
2026-04-23 20:46:57,102 [ genlib ] [ INFO ] Updating impropers
2026-04-23 20:46:57,103 [ genlib ] [ INFO ] Building library files for MET --> HID mutant
2026-04-23 20:46:57,103 [ genlib ] [ INFO ] reading rtp file "aminoacids.rtp"
2026-04-23 20:46:57,149 [ genlib ] [ INFO ] ENTERED RINGS
2026-04-23 20:46:57,149 [ genlib ] [ INFO ] Making atom pairs
2026-04-23 20:46:57,152 [ genlib ] [ INFO ] Updating bond lists
2026-04-23 20:46:57,152 [ genlib ] [ INFO ] Updating dihedrals
2026-04-23 20:46:57,152 [ genlib ] [ INFO ] Updating impropers
2026-04-23 20:46:57,152 [ genlib ] [ INFO ] Building library files for MET --> HIE mutant
2026-04-23 20:46:57,153 [ genlib ] [ INFO ] reading rtp file "aminoacids.rtp"
2026-04-23 20:46:57,198 [ genlib ] [ INFO ] ENTERED RINGS
2026-04-23 20:46:57,198 [ genlib ] [ INFO ] Making atom pairs
2026-04-23 20:46:57,201 [ genlib ] [ INFO ] Updating bond lists
2026-04-23 20:46:57,201 [ genlib ] [ INFO ] Updating dihedrals
2026-04-23 20:46:57,201 [ genlib ] [ INFO ] Updating impropers
2026-04-23 20:46:57,202 [ genlib ] [ INFO ] Building library files for MET --> HIP mutant
2026-04-23 20:46:57,203 [ genlib ] [ INFO ] reading rtp file "aminoacids.rtp"
2026-04-23 20:46:57,249 [ genlib ] [ INFO ] ENTERED RINGS
2026-04-23 20:46:57,249 [ genlib ] [ INFO ] Making atom pairs
2026-04-23 20:46:57,252 [ genlib ] [ INFO ] Updating bond lists
2026-04-23 20:46:57,252 [ genlib ] [ INFO ] Updating dihedrals
2026-04-23 20:46:57,252 [ genlib ] [ INFO ] Updating impropers
2026-04-23 20:46:57,253 [ genlib ] [ INFO ] Building library files for MET --> ILE mutant
2026-04-23 20:46:57,254 [ genlib ] [ INFO ] reading rtp file "aminoacids.rtp"
2026-04-23 20:46:57,299 [ genlib ] [ INFO ] ENTERED SIMPLE
2026-04-23 20:46:57,299 [ genlib ] [ INFO ] Making atom pairs
2026-04-23 20:46:57,299 [ genlib ] [ INFO ] Searching branch 1
2026-04-23 20:46:57,299 [ genlib ] [ INFO ] Searching order 2
2026-04-23 20:46:57,299 [ genlib ] [ INFO ] Checking atom 1HB
2026-04-23 20:46:57,299 [ genlib ] [ INFO ] Define atom pair: MET|1HB|HC|H         - > ILE|HB|HC|H          (d = 0.14 A)
2026-04-23 20:46:57,299 [ genlib ] [ INFO ] Checking atom 2HB
2026-04-23 20:46:57,299 [ genlib ] [ INFO ] Define atom pair: MET|2HB|HC|H         - > ILE|CG2|CT|C.3       (d = 0.46 A)
2026-04-23 20:46:57,299 [ genlib ] [ INFO ] Checking atom CG
2026-04-23 20:46:57,299 [ genlib ] [ INFO ] Define atom pair: MET|CG|2C|C.3        - > ILE|CG1|2C|C.3       (d = 0.08 A)
2026-04-23 20:46:57,299 [ genlib ] [ INFO ] Searching order 3
2026-04-23 20:46:57,299 [ genlib ] [ INFO ] Checking atom 1HG
2026-04-23 20:46:57,299 [ genlib ] [ INFO ] Define atom pair: MET|1HG|H1|H         - > ILE|1HG1|HC|H        (d = 0.06 A)
2026-04-23 20:46:57,299 [ genlib ] [ INFO ] Checking atom 2HG
2026-04-23 20:46:57,299 [ genlib ] [ INFO ] Define atom pair: MET|2HG|H1|H         - > ILE|2HG1|HC|H        (d = 0.14 A)
2026-04-23 20:46:57,299 [ genlib ] [ INFO ] Checking atom SD
2026-04-23 20:46:57,299 [ genlib ] [ INFO ] Define atom pair: MET|SD|S|S.3         - > ILE|CD1|CT|C.3       (d = 0.21 A)
2026-04-23 20:46:57,299 [ genlib ] [ INFO ] Searching order 4
2026-04-23 20:46:57,299 [ genlib ] [ INFO ] Checking atom CE
2026-04-23 20:46:57,299 [ genlib ] [ INFO ] No partner found for atom CE
2026-04-23 20:46:57,299 [ genlib ] [ INFO ] Searching order 5
2026-04-23 20:46:57,299 [ genlib ] [ INFO ] Searching order 6
2026-04-23 20:46:57,299 [ genlib ] [ INFO ] Searching order 7
2026-04-23 20:46:57,299 [ genlib ] [ INFO ] Searching branch 2
2026-04-23 20:46:57,299 [ genlib ] [ INFO ] Searching order 2
2026-04-23 20:46:57,299 [ genlib ] [ INFO ] Searching order 3
2026-04-23 20:46:57,299 [ genlib ] [ INFO ] Searching order 4
2026-04-23 20:46:57,300 [ genlib ] [ INFO ] Checking atom CE
2026-04-23 20:46:57,300 [ genlib ] [ INFO ] No partner found for atom CE
2026-04-23 20:46:57,300 [ genlib ] [ INFO ] Searching order 5
2026-04-23 20:46:57,300 [ genlib ] [ INFO ] Searching order 6
2026-04-23 20:46:57,300 [ genlib ] [ INFO ] Searching order 7
2026-04-23 20:46:57,302 [ genlib ] [ INFO ] Updating bond lists
2026-04-23 20:46:57,302 [ genlib ] [ INFO ] Updating dihedrals
2026-04-23 20:46:57,302 [ genlib ] [ INFO ] Updating impropers
2026-04-23 20:46:57,303 [ genlib ] [ INFO ] Building library files for MET --> LEU mutant
2026-04-23 20:46:57,304 [ genlib ] [ INFO ] reading rtp file "aminoacids.rtp"
2026-04-23 20:46:57,348 [ genlib ] [ INFO ] ENTERED SIMPLE
2026-04-23 20:46:57,349 [ genlib ] [ INFO ] Making atom pairs
2026-04-23 20:46:57,349 [ genlib ] [ INFO ] Searching branch 1
2026-04-23 20:46:57,349 [ genlib ] [ INFO ] Searching order 2
2026-04-23 20:46:57,349 [ genlib ] [ INFO ] Checking atom 1HB
2026-04-23 20:46:57,349 [ genlib ] [ INFO ] Define atom pair: MET|1HB|HC|H         - > LEU|1HB|HC|H         (d = 0.03 A)
2026-04-23 20:46:57,349 [ genlib ] [ INFO ] Checking atom 2HB
2026-04-23 20:46:57,349 [ genlib ] [ INFO ] Define atom pair: MET|2HB|HC|H         - > LEU|2HB|HC|H         (d = 0.02 A)
2026-04-23 20:46:57,349 [ genlib ] [ INFO ] Checking atom CG
2026-04-23 20:46:57,349 [ genlib ] [ INFO ] Define atom pair: MET|CG|2C|C.3        - > LEU|CG|3C|C.3        (d = 0.09 A)
2026-04-23 20:46:57,349 [ genlib ] [ INFO ] Searching order 3
2026-04-23 20:46:57,349 [ genlib ] [ INFO ] Checking atom 1HG
2026-04-23 20:46:57,349 [ genlib ] [ INFO ] Define atom pair: MET|1HG|H1|H         - > LEU|CD2|CT|C.3       (d = 0.44 A)
2026-04-23 20:46:57,349 [ genlib ] [ INFO ] Checking atom 2HG
2026-04-23 20:46:57,349 [ genlib ] [ INFO ] Define atom pair: MET|2HG|H1|H         - > LEU|HG|HC|H          (d = 0.17 A)
2026-04-23 20:46:57,349 [ genlib ] [ INFO ] Checking atom SD
2026-04-23 20:46:57,349 [ genlib ] [ INFO ] Define atom pair: MET|SD|S|S.3         - > LEU|CD1|CT|C.3       (d = 0.30 A)
2026-04-23 20:46:57,349 [ genlib ] [ INFO ] Searching order 4
2026-04-23 20:46:57,349 [ genlib ] [ INFO ] Checking atom CE
2026-04-23 20:46:57,349 [ genlib ] [ INFO ] No partner found for atom CE
2026-04-23 20:46:57,349 [ genlib ] [ INFO ] Searching order 5
2026-04-23 20:46:57,349 [ genlib ] [ INFO ] Searching order 6
2026-04-23 20:46:57,349 [ genlib ] [ INFO ] Searching order 7
2026-04-23 20:46:57,349 [ genlib ] [ INFO ] Searching branch 2
2026-04-23 20:46:57,349 [ genlib ] [ INFO ] Searching order 2
2026-04-23 20:46:57,349 [ genlib ] [ INFO ] Searching order 3
2026-04-23 20:46:57,349 [ genlib ] [ INFO ] Searching order 4
2026-04-23 20:46:57,349 [ genlib ] [ INFO ] Checking atom CE
2026-04-23 20:46:57,349 [ genlib ] [ INFO ] No partner found for atom CE
2026-04-23 20:46:57,349 [ genlib ] [ INFO ] Searching order 5
2026-04-23 20:46:57,349 [ genlib ] [ INFO ] Searching order 6
2026-04-23 20:46:57,349 [ genlib ] [ INFO ] Searching order 7
2026-04-23 20:46:57,352 [ genlib ] [ INFO ] Updating bond lists
2026-04-23 20:46:57,353 [ genlib ] [ INFO ] Updating dihedrals
2026-04-23 20:46:57,353 [ genlib ] [ INFO ] Updating impropers
2026-04-23 20:46:57,353 [ genlib ] [ INFO ] Building library files for MET --> LYN mutant
2026-04-23 20:46:57,354 [ genlib ] [ INFO ] reading rtp file "aminoacids.rtp"
2026-04-23 20:46:57,399 [ genlib ] [ INFO ] ENTERED SIMPLE
2026-04-23 20:46:57,399 [ genlib ] [ INFO ] Making atom pairs
2026-04-23 20:46:57,399 [ genlib ] [ INFO ] Searching branch 1
2026-04-23 20:46:57,399 [ genlib ] [ INFO ] Searching order 2
2026-04-23 20:46:57,399 [ genlib ] [ INFO ] Checking atom 1HB
2026-04-23 20:46:57,399 [ genlib ] [ INFO ] Define atom pair: MET|1HB|HC|H         - > LYN|1HB|HC|H         (d = 0.10 A)
2026-04-23 20:46:57,399 [ genlib ] [ INFO ] Checking atom 2HB
2026-04-23 20:46:57,399 [ genlib ] [ INFO ] Define atom pair: MET|2HB|HC|H         - > LYN|2HB|HC|H         (d = 0.13 A)
2026-04-23 20:46:57,399 [ genlib ] [ INFO ] Checking atom CG
2026-04-23 20:46:57,399 [ genlib ] [ INFO ] Define atom pair: MET|CG|2C|C.3        - > LYN|CG|CT|C.3        (d = 0.11 A)
2026-04-23 20:46:57,399 [ genlib ] [ INFO ] Searching order 3
2026-04-23 20:46:57,399 [ genlib ] [ INFO ] Checking atom 1HG
2026-04-23 20:46:57,399 [ genlib ] [ INFO ] Define atom pair: MET|1HG|H1|H         - > LYN|1HG|HC|H         (d = 0.13 A)
2026-04-23 20:46:57,399 [ genlib ] [ INFO ] Checking atom 2HG
2026-04-23 20:46:57,399 [ genlib ] [ INFO ] Define atom pair: MET|2HG|H1|H         - > LYN|2HG|HC|H         (d = 0.11 A)
2026-04-23 20:46:57,399 [ genlib ] [ INFO ] Checking atom SD
2026-04-23 20:46:57,399 [ genlib ] [ INFO ] Define atom pair: MET|SD|S|S.3         - > LYN|CD|CT|C.3        (d = 0.37 A)
2026-04-23 20:46:57,399 [ genlib ] [ INFO ] Searching order 4
2026-04-23 20:46:57,399 [ genlib ] [ INFO ] Checking atom CE
2026-04-23 20:46:57,399 [ genlib ] [ INFO ] Define atom pair: MET|CE|CT|C.3        - > LYN|CE|CT|C.3        (d = 0.48 A)
2026-04-23 20:46:57,399 [ genlib ] [ INFO ] Searching order 5
2026-04-23 20:46:57,399 [ genlib ] [ INFO ] Checking atom 1HE
2026-04-23 20:46:57,399 [ genlib ] [ INFO ] No partner found for atom 1HE
2026-04-23 20:46:57,399 [ genlib ] [ INFO ] Checking atom 2HE
2026-04-23 20:46:57,399 [ genlib ] [ INFO ] Define atom pair: MET|2HE|H1|H         - > LYN|1HE|HP|H         (d = 0.51 A)
2026-04-23 20:46:57,399 [ genlib ] [ INFO ] Checking atom 3HE
2026-04-23 20:46:57,399 [ genlib ] [ INFO ] Define atom pair: MET|3HE|H1|H         - > LYN|2HE|HP|H         (d = 0.44 A)
2026-04-23 20:46:57,399 [ genlib ] [ INFO ] Searching order 6
2026-04-23 20:46:57,399 [ genlib ] [ INFO ] Searching order 7
2026-04-23 20:46:57,399 [ genlib ] [ INFO ] Searching branch 2
2026-04-23 20:46:57,399 [ genlib ] [ INFO ] Searching order 2
2026-04-23 20:46:57,399 [ genlib ] [ INFO ] Searching order 3
2026-04-23 20:46:57,399 [ genlib ] [ INFO ] Searching order 4
2026-04-23 20:46:57,399 [ genlib ] [ INFO ] Searching order 5
2026-04-23 20:46:57,399 [ genlib ] [ INFO ] Checking atom 1HE
2026-04-23 20:46:57,399 [ genlib ] [ INFO ] No partner found for atom 1HE
2026-04-23 20:46:57,399 [ genlib ] [ INFO ] Searching order 6
2026-04-23 20:46:57,399 [ genlib ] [ INFO ] Searching order 7
2026-04-23 20:46:57,402 [ genlib ] [ INFO ] Updating bond lists
2026-04-23 20:46:57,402 [ genlib ] [ INFO ] Updating dihedrals
2026-04-23 20:46:57,402 [ genlib ] [ INFO ] Updating impropers
2026-04-23 20:46:57,402 [ genlib ] [ INFO ] Building library files for MET --> LYS mutant
2026-04-23 20:46:57,403 [ genlib ] [ INFO ] reading rtp file "aminoacids.rtp"
2026-04-23 20:46:57,449 [ genlib ] [ INFO ] ENTERED SIMPLE
2026-04-23 20:46:57,449 [ genlib ] [ INFO ] Making atom pairs
2026-04-23 20:46:57,449 [ genlib ] [ INFO ] Searching branch 1
2026-04-23 20:46:57,449 [ genlib ] [ INFO ] Searching order 2
2026-04-23 20:46:57,449 [ genlib ] [ INFO ] Checking atom 1HB
2026-04-23 20:46:57,449 [ genlib ] [ INFO ] Define atom pair: MET|1HB|HC|H         - > LYS|1HB|HC|H         (d = 0.10 A)
2026-04-23 20:46:57,449 [ genlib ] [ INFO ] Checking atom 2HB
2026-04-23 20:46:57,449 [ genlib ] [ INFO ] Define atom pair: MET|2HB|HC|H         - > LYS|2HB|HC|H         (d = 0.11 A)
2026-04-23 20:46:57,449 [ genlib ] [ INFO ] Checking atom CG
2026-04-23 20:46:57,449 [ genlib ] [ INFO ] Define atom pair: MET|CG|2C|C.3        - > LYS|CG|C8|C.3        (d = 0.11 A)
2026-04-23 20:46:57,449 [ genlib ] [ INFO ] Searching order 3
2026-04-23 20:46:57,449 [ genlib ] [ INFO ] Checking atom 1HG
2026-04-23 20:46:57,449 [ genlib ] [ INFO ] Define atom pair: MET|1HG|H1|H         - > LYS|1HG|HC|H         (d = 0.09 A)
2026-04-23 20:46:57,449 [ genlib ] [ INFO ] Checking atom 2HG
2026-04-23 20:46:57,449 [ genlib ] [ INFO ] Define atom pair: MET|2HG|H1|H         - > LYS|2HG|HC|H         (d = 0.17 A)
2026-04-23 20:46:57,449 [ genlib ] [ INFO ] Checking atom SD
2026-04-23 20:46:57,449 [ genlib ] [ INFO ] Define atom pair: MET|SD|S|S.3         - > LYS|CD|C8|C.3        (d = 0.38 A)
2026-04-23 20:46:57,449 [ genlib ] [ INFO ] Searching order 4
2026-04-23 20:46:57,449 [ genlib ] [ INFO ] Checking atom CE
2026-04-23 20:46:57,449 [ genlib ] [ INFO ] Define atom pair: MET|CE|CT|C.3        - > LYS|CE|C8|C.3        (d = 0.44 A)
2026-04-23 20:46:57,449 [ genlib ] [ INFO ] Searching order 5
2026-04-23 20:46:57,449 [ genlib ] [ INFO ] Checking atom 1HE
2026-04-23 20:46:57,449 [ genlib ] [ INFO ] No partner found for atom 1HE
2026-04-23 20:46:57,449 [ genlib ] [ INFO ] Checking atom 2HE
2026-04-23 20:46:57,449 [ genlib ] [ INFO ] Define atom pair: MET|2HE|H1|H         - > LYS|1HE|HP|H         (d = 0.38 A)
2026-04-23 20:46:57,449 [ genlib ] [ INFO ] Checking atom 3HE
2026-04-23 20:46:57,449 [ genlib ] [ INFO ] Define atom pair: MET|3HE|H1|H         - > LYS|2HE|HP|H         (d = 0.36 A)
2026-04-23 20:46:57,449 [ genlib ] [ INFO ] Searching order 6
2026-04-23 20:46:57,449 [ genlib ] [ INFO ] Searching order 7
2026-04-23 20:46:57,449 [ genlib ] [ INFO ] Searching branch 2
2026-04-23 20:46:57,449 [ genlib ] [ INFO ] Searching order 2
2026-04-23 20:46:57,449 [ genlib ] [ INFO ] Searching order 3
2026-04-23 20:46:57,449 [ genlib ] [ INFO ] Searching order 4
2026-04-23 20:46:57,449 [ genlib ] [ INFO ] Searching order 5
2026-04-23 20:46:57,449 [ genlib ] [ INFO ] Checking atom 1HE
2026-04-23 20:46:57,449 [ genlib ] [ INFO ] No partner found for atom 1HE
2026-04-23 20:46:57,449 [ genlib ] [ INFO ] Searching order 6
2026-04-23 20:46:57,449 [ genlib ] [ INFO ] Searching order 7
2026-04-23 20:46:57,452 [ genlib ] [ INFO ] Updating bond lists
2026-04-23 20:46:57,452 [ genlib ] [ INFO ] Updating dihedrals
2026-04-23 20:46:57,452 [ genlib ] [ INFO ] Updating impropers
2026-04-23 20:46:57,453 [ genlib ] [ INFO ] Building library files for MET --> PHE mutant
2026-04-23 20:46:57,454 [ genlib ] [ INFO ] reading rtp file "aminoacids.rtp"
2026-04-23 20:46:57,499 [ genlib ] [ INFO ] ENTERED RINGS
2026-04-23 20:46:57,499 [ genlib ] [ INFO ] Making atom pairs
2026-04-23 20:46:57,504 [ genlib ] [ INFO ] Updating bond lists
2026-04-23 20:46:57,504 [ genlib ] [ INFO ] Updating dihedrals
2026-04-23 20:46:57,504 [ genlib ] [ INFO ] Updating impropers
2026-04-23 20:46:57,505 [ genlib ] [ INFO ] Building library files for MET --> PRO mutant
2026-04-23 20:46:57,506 [ genlib ] [ INFO ] reading rtp file "aminoacids.rtp"
2026-04-23 20:46:57,554 [ genlib ] [ INFO ] ENTERED P
2026-04-23 20:46:57,554 [ genlib ] [ INFO ] Making atom pairs
2026-04-23 20:46:57,557 [ genlib ] [ INFO ] Updating bond lists
2026-04-23 20:46:57,557 [ genlib ] [ INFO ] Updating dihedrals
2026-04-23 20:46:57,557 [ genlib ] [ INFO ] Updating impropers
2026-04-23 20:46:57,558 [ genlib ] [ INFO ] Building library files for MET --> SER mutant
2026-04-23 20:46:57,559 [ genlib ] [ INFO ] reading rtp file "aminoacids.rtp"
2026-04-23 20:46:57,606 [ genlib ] [ INFO ] ENTERED SIMPLE
2026-04-23 20:46:57,606 [ genlib ] [ INFO ] Making atom pairs
2026-04-23 20:46:57,606 [ genlib ] [ INFO ] Searching branch 1
2026-04-23 20:46:57,606 [ genlib ] [ INFO ] Searching order 2
2026-04-23 20:46:57,606 [ genlib ] [ INFO ] Checking atom 1HB
2026-04-23 20:46:57,606 [ genlib ] [ INFO ] Define atom pair: MET|1HB|HC|H         - > SER|1HB|H1|H         (d = 0.14 A)
2026-04-23 20:46:57,606 [ genlib ] [ INFO ] Checking atom 2HB
2026-04-23 20:46:57,606 [ genlib ] [ INFO ] Define atom pair: MET|2HB|HC|H         - > SER|2HB|H1|H         (d = 0.11 A)
2026-04-23 20:46:57,606 [ genlib ] [ INFO ] Checking atom CG
2026-04-23 20:46:57,606 [ genlib ] [ INFO ] Define atom pair: MET|CG|2C|C.3        - > SER|OG|OH|O.3        (d = 0.11 A)
2026-04-23 20:46:57,606 [ genlib ] [ INFO ] Searching order 3
2026-04-23 20:46:57,606 [ genlib ] [ INFO ] Checking atom 1HG
2026-04-23 20:46:57,606 [ genlib ] [ INFO ] No partner found for atom 1HG
2026-04-23 20:46:57,606 [ genlib ] [ INFO ] Checking atom 2HG
2026-04-23 20:46:57,606 [ genlib ] [ INFO ] No partner found for atom 2HG
2026-04-23 20:46:57,606 [ genlib ] [ INFO ] Checking atom SD
2026-04-23 20:46:57,606 [ genlib ] [ INFO ] No partner found for atom SD
2026-04-23 20:46:57,606 [ genlib ] [ INFO ] Searching order 4
2026-04-23 20:46:57,606 [ genlib ] [ INFO ] Searching order 5
2026-04-23 20:46:57,606 [ genlib ] [ INFO ] Searching order 6
2026-04-23 20:46:57,606 [ genlib ] [ INFO ] Searching order 7
2026-04-23 20:46:57,606 [ genlib ] [ INFO ] Searching branch 2
2026-04-23 20:46:57,606 [ genlib ] [ INFO ] Searching order 2
2026-04-23 20:46:57,606 [ genlib ] [ INFO ] Searching order 3
2026-04-23 20:46:57,606 [ genlib ] [ INFO ] Checking atom 1HG
2026-04-23 20:46:57,606 [ genlib ] [ INFO ] No partner found for atom 1HG
2026-04-23 20:46:57,606 [ genlib ] [ INFO ] Checking atom 2HG
2026-04-23 20:46:57,606 [ genlib ] [ INFO ] No partner found for atom 2HG
2026-04-23 20:46:57,606 [ genlib ] [ INFO ] Checking atom SD
2026-04-23 20:46:57,606 [ genlib ] [ INFO ] No partner found for atom SD
2026-04-23 20:46:57,606 [ genlib ] [ INFO ] Searching order 4
2026-04-23 20:46:57,606 [ genlib ] [ INFO ] Searching order 5
2026-04-23 20:46:57,606 [ genlib ] [ INFO ] Searching order 6
2026-04-23 20:46:57,606 [ genlib ] [ INFO ] Searching order 7
2026-04-23 20:46:57,607 [ genlib ] [ INFO ] Updating bond lists
2026-04-23 20:46:57,607 [ genlib ] [ INFO ] Updating dihedrals
2026-04-23 20:46:57,607 [ genlib ] [ INFO ] Updating impropers
2026-04-23 20:46:57,608 [ genlib ] [ INFO ] Building library files for MET --> THR mutant
2026-04-23 20:46:57,609 [ genlib ] [ INFO ] reading rtp file "aminoacids.rtp"
2026-04-23 20:46:57,658 [ genlib ] [ INFO ] ENTERED SIMPLE
2026-04-23 20:46:57,658 [ genlib ] [ INFO ] Making atom pairs
2026-04-23 20:46:57,658 [ genlib ] [ INFO ] Searching branch 1
2026-04-23 20:46:57,658 [ genlib ] [ INFO ] Searching order 2
2026-04-23 20:46:57,658 [ genlib ] [ INFO ] Checking atom 1HB
2026-04-23 20:46:57,658 [ genlib ] [ INFO ] Define atom pair: MET|1HB|HC|H         - > THR|HB|H1|H          (d = 0.13 A)
2026-04-23 20:46:57,658 [ genlib ] [ INFO ] Checking atom 2HB
2026-04-23 20:46:57,658 [ genlib ] [ INFO ] Define atom pair: MET|2HB|HC|H         - > THR|CG2|CT|C.3       (d = 0.45 A)
2026-04-23 20:46:57,658 [ genlib ] [ INFO ] Checking atom CG
2026-04-23 20:46:57,658 [ genlib ] [ INFO ] Define atom pair: MET|CG|2C|C.3        - > THR|OG1|OH|O.3       (d = 0.18 A)
2026-04-23 20:46:57,658 [ genlib ] [ INFO ] Searching order 3
2026-04-23 20:46:57,658 [ genlib ] [ INFO ] Checking atom 1HG
2026-04-23 20:46:57,658 [ genlib ] [ INFO ] No partner found for atom 1HG
2026-04-23 20:46:57,658 [ genlib ] [ INFO ] Checking atom 2HG
2026-04-23 20:46:57,658 [ genlib ] [ INFO ] No partner found for atom 2HG
2026-04-23 20:46:57,658 [ genlib ] [ INFO ] Checking atom SD
2026-04-23 20:46:57,658 [ genlib ] [ INFO ] No partner found for atom SD
2026-04-23 20:46:57,658 [ genlib ] [ INFO ] Searching order 4
2026-04-23 20:46:57,658 [ genlib ] [ INFO ] Searching order 5
2026-04-23 20:46:57,658 [ genlib ] [ INFO ] Searching order 6
2026-04-23 20:46:57,658 [ genlib ] [ INFO ] Searching order 7
2026-04-23 20:46:57,658 [ genlib ] [ INFO ] Searching branch 2
2026-04-23 20:46:57,658 [ genlib ] [ INFO ] Searching order 2
2026-04-23 20:46:57,658 [ genlib ] [ INFO ] Searching order 3
2026-04-23 20:46:57,658 [ genlib ] [ INFO ] Checking atom 1HG
2026-04-23 20:46:57,658 [ genlib ] [ INFO ] No partner found for atom 1HG
2026-04-23 20:46:57,658 [ genlib ] [ INFO ] Checking atom 2HG
2026-04-23 20:46:57,658 [ genlib ] [ INFO ] No partner found for atom 2HG
2026-04-23 20:46:57,658 [ genlib ] [ INFO ] Checking atom SD
2026-04-23 20:46:57,658 [ genlib ] [ INFO ] No partner found for atom SD
2026-04-23 20:46:57,658 [ genlib ] [ INFO ] Searching order 4
2026-04-23 20:46:57,658 [ genlib ] [ INFO ] Searching order 5
2026-04-23 20:46:57,658 [ genlib ] [ INFO ] Searching order 6
2026-04-23 20:46:57,658 [ genlib ] [ INFO ] Searching order 7
2026-04-23 20:46:57,660 [ genlib ] [ INFO ] Updating bond lists
2026-04-23 20:46:57,660 [ genlib ] [ INFO ] Updating dihedrals
2026-04-23 20:46:57,660 [ genlib ] [ INFO ] Updating impropers
2026-04-23 20:46:57,661 [ genlib ] [ INFO ] Building library files for MET --> TRP mutant
2026-04-23 20:46:57,663 [ genlib ] [ INFO ] reading rtp file "aminoacids.rtp"
2026-04-23 20:46:57,713 [ genlib ] [ INFO ] ENTERED RINGS
2026-04-23 20:46:57,713 [ genlib ] [ INFO ] Making atom pairs
2026-04-23 20:46:57,721 [ genlib ] [ INFO ] Updating bond lists
2026-04-23 20:46:57,721 [ genlib ] [ INFO ] Updating dihedrals
2026-04-23 20:46:57,721 [ genlib ] [ INFO ] Updating impropers
2026-04-23 20:46:57,722 [ genlib ] [ INFO ] Building library files for MET --> TYR mutant
2026-04-23 20:46:57,723 [ genlib ] [ INFO ] reading rtp file "aminoacids.rtp"
2026-04-23 20:46:57,772 [ genlib ] [ INFO ] ENTERED RINGS
2026-04-23 20:46:57,772 [ genlib ] [ INFO ] Making atom pairs
2026-04-23 20:46:57,778 [ genlib ] [ INFO ] Updating bond lists
2026-04-23 20:46:57,778 [ genlib ] [ INFO ] Updating dihedrals
2026-04-23 20:46:57,778 [ genlib ] [ INFO ] Updating impropers
2026-04-23 20:46:57,779 [ genlib ] [ INFO ] Building library files for MET --> VAL mutant
2026-04-23 20:46:57,780 [ genlib ] [ INFO ] reading rtp file "aminoacids.rtp"
2026-04-23 20:46:57,828 [ genlib ] [ INFO ] ENTERED SIMPLE
2026-04-23 20:46:57,828 [ genlib ] [ INFO ] Making atom pairs
2026-04-23 20:46:57,828 [ genlib ] [ INFO ] Searching branch 1
2026-04-23 20:46:57,828 [ genlib ] [ INFO ] Searching order 2
2026-04-23 20:46:57,828 [ genlib ] [ INFO ] Checking atom 1HB
2026-04-23 20:46:57,828 [ genlib ] [ INFO ] Define atom pair: MET|1HB|HC|H         - > VAL|HB|HC|H          (d = 0.22 A)
2026-04-23 20:46:57,828 [ genlib ] [ INFO ] Checking atom 2HB
2026-04-23 20:46:57,828 [ genlib ] [ INFO ] Define atom pair: MET|2HB|HC|H         - > VAL|CG1|CT|C.3       (d = 0.44 A)
2026-04-23 20:46:57,828 [ genlib ] [ INFO ] Checking atom CG
2026-04-23 20:46:57,828 [ genlib ] [ INFO ] Define atom pair: MET|CG|2C|C.3        - > VAL|CG2|CT|C.3       (d = 0.17 A)
2026-04-23 20:46:57,828 [ genlib ] [ INFO ] Searching order 3
2026-04-23 20:46:57,828 [ genlib ] [ INFO ] Checking atom 1HG
2026-04-23 20:46:57,828 [ genlib ] [ INFO ] Define atom pair: MET|1HG|H1|H         - > VAL|2HG2|HC|H        (d = 0.22 A)
2026-04-23 20:46:57,828 [ genlib ] [ INFO ] Checking atom 2HG
2026-04-23 20:46:57,828 [ genlib ] [ INFO ] Define atom pair: MET|2HG|H1|H         - > VAL|3HG2|HC|H        (d = 0.28 A)
2026-04-23 20:46:57,828 [ genlib ] [ INFO ] Checking atom SD
2026-04-23 20:46:57,828 [ genlib ] [ INFO ] No partner found for atom SD
2026-04-23 20:46:57,828 [ genlib ] [ INFO ] Searching order 4
2026-04-23 20:46:57,828 [ genlib ] [ INFO ] Searching order 5
2026-04-23 20:46:57,828 [ genlib ] [ INFO ] Searching order 6
2026-04-23 20:46:57,828 [ genlib ] [ INFO ] Searching order 7
2026-04-23 20:46:57,828 [ genlib ] [ INFO ] Searching branch 2
2026-04-23 20:46:57,828 [ genlib ] [ INFO ] Searching order 2
2026-04-23 20:46:57,828 [ genlib ] [ INFO ] Searching order 3
2026-04-23 20:46:57,828 [ genlib ] [ INFO ] Checking atom SD
2026-04-23 20:46:57,828 [ genlib ] [ INFO ] No partner found for atom SD
2026-04-23 20:46:57,828 [ genlib ] [ INFO ] Searching order 4
2026-04-23 20:46:57,828 [ genlib ] [ INFO ] Searching order 5
2026-04-23 20:46:57,828 [ genlib ] [ INFO ] Searching order 6
2026-04-23 20:46:57,828 [ genlib ] [ INFO ] Searching order 7
2026-04-23 20:46:57,830 [ genlib ] [ INFO ] Updating bond lists
2026-04-23 20:46:57,830 [ genlib ] [ INFO ] Updating dihedrals
2026-04-23 20:46:57,830 [ genlib ] [ INFO ] Updating impropers
2026-04-23 20:46:57,830 [ genlib ] [ INFO ] Building library files for PHE --> ALA mutant
2026-04-23 20:46:57,831 [ genlib ] [ INFO ] reading rtp file "aminoacids.rtp"
2026-04-23 20:46:57,877 [ genlib ] [ INFO ] ENTERED T,A,V,I
2026-04-23 20:46:57,877 [ genlib ] [ INFO ] Making atom pairs
2026-04-23 20:46:57,878 [ genlib ] [ INFO ] Updating bond lists
2026-04-23 20:46:57,878 [ genlib ] [ INFO ] Updating dihedrals
2026-04-23 20:46:57,878 [ genlib ] [ INFO ] Updating impropers
2026-04-23 20:46:57,879 [ genlib ] [ INFO ] Building library files for PHE --> ARG mutant
2026-04-23 20:46:57,879 [ genlib ] [ INFO ] reading rtp file "aminoacids.rtp"
2026-04-23 20:46:57,928 [ genlib ] [ INFO ] ENTERED RINGS
2026-04-23 20:46:57,928 [ genlib ] [ INFO ] Making atom pairs
2026-04-23 20:46:57,935 [ genlib ] [ INFO ] Updating bond lists
2026-04-23 20:46:57,935 [ genlib ] [ INFO ] Updating dihedrals
2026-04-23 20:46:57,935 [ genlib ] [ INFO ] Updating impropers
2026-04-23 20:46:57,936 [ genlib ] [ INFO ] Building library files for PHE --> ASH mutant
2026-04-23 20:46:57,937 [ genlib ] [ INFO ] reading rtp file "aminoacids.rtp"
2026-04-23 20:46:57,985 [ genlib ] [ INFO ] ENTERED RINGS
2026-04-23 20:46:57,986 [ genlib ] [ INFO ] Making atom pairs
2026-04-23 20:46:57,988 [ genlib ] [ INFO ] Updating bond lists
2026-04-23 20:46:57,988 [ genlib ] [ INFO ] Updating dihedrals
2026-04-23 20:46:57,988 [ genlib ] [ INFO ] Updating impropers
2026-04-23 20:46:57,988 [ genlib ] [ INFO ] Building library files for PHE --> ASN mutant
2026-04-23 20:46:57,989 [ genlib ] [ INFO ] reading rtp file "aminoacids.rtp"
2026-04-23 20:46:58,037 [ genlib ] [ INFO ] ENTERED RINGS
2026-04-23 20:46:58,037 [ genlib ] [ INFO ] Making atom pairs
2026-04-23 20:46:58,039 [ genlib ] [ INFO ] Updating bond lists
2026-04-23 20:46:58,039 [ genlib ] [ INFO ] Updating dihedrals
2026-04-23 20:46:58,039 [ genlib ] [ INFO ] Updating impropers
2026-04-23 20:46:58,040 [ genlib ] [ INFO ] Building library files for PHE --> ASP mutant
2026-04-23 20:46:58,040 [ genlib ] [ INFO ] reading rtp file "aminoacids.rtp"
2026-04-23 20:46:58,086 [ genlib ] [ INFO ] ENTERED RINGS
2026-04-23 20:46:58,086 [ genlib ] [ INFO ] Making atom pairs
2026-04-23 20:46:58,088 [ genlib ] [ INFO ] Updating bond lists
2026-04-23 20:46:58,088 [ genlib ] [ INFO ] Updating dihedrals
2026-04-23 20:46:58,088 [ genlib ] [ INFO ] Updating impropers
2026-04-23 20:46:58,089 [ genlib ] [ INFO ] Building library files for PHE --> CYS mutant
2026-04-23 20:46:58,089 [ genlib ] [ INFO ] reading rtp file "aminoacids.rtp"
2026-04-23 20:46:58,137 [ genlib ] [ INFO ] ENTERED RINGS
2026-04-23 20:46:58,137 [ genlib ] [ INFO ] Making atom pairs
2026-04-23 20:46:58,138 [ genlib ] [ INFO ] Updating bond lists
2026-04-23 20:46:58,138 [ genlib ] [ INFO ] Updating dihedrals
2026-04-23 20:46:58,138 [ genlib ] [ INFO ] Updating impropers
2026-04-23 20:46:58,139 [ genlib ] [ INFO ] Building library files for PHE --> GLH mutant
2026-04-23 20:46:58,139 [ genlib ] [ INFO ] reading rtp file "aminoacids.rtp"
2026-04-23 20:46:58,185 [ genlib ] [ INFO ] ENTERED RINGS
2026-04-23 20:46:58,185 [ genlib ] [ INFO ] Making atom pairs
2026-04-23 20:46:58,189 [ genlib ] [ INFO ] Updating bond lists
2026-04-23 20:46:58,189 [ genlib ] [ INFO ] Updating dihedrals
2026-04-23 20:46:58,189 [ genlib ] [ INFO ] Updating impropers
2026-04-23 20:46:58,190 [ genlib ] [ INFO ] Building library files for PHE --> GLN mutant
2026-04-23 20:46:58,191 [ genlib ] [ INFO ] reading rtp file "aminoacids.rtp"
2026-04-23 20:46:58,276 [ genlib ] [ INFO ] ENTERED RINGS
2026-04-23 20:46:58,276 [ genlib ] [ INFO ] Making atom pairs
2026-04-23 20:46:58,279 [ genlib ] [ INFO ] Updating bond lists
2026-04-23 20:46:58,279 [ genlib ] [ INFO ] Updating dihedrals
2026-04-23 20:46:58,279 [ genlib ] [ INFO ] Updating impropers
2026-04-23 20:46:58,280 [ genlib ] [ INFO ] Building library files for PHE --> GLU mutant
2026-04-23 20:46:58,281 [ genlib ] [ INFO ] reading rtp file "aminoacids.rtp"
2026-04-23 20:46:58,329 [ genlib ] [ INFO ] ENTERED RINGS
2026-04-23 20:46:58,329 [ genlib ] [ INFO ] Making atom pairs
2026-04-23 20:46:58,331 [ genlib ] [ INFO ] Updating bond lists
2026-04-23 20:46:58,331 [ genlib ] [ INFO ] Updating dihedrals
2026-04-23 20:46:58,331 [ genlib ] [ INFO ] Updating impropers
2026-04-23 20:46:58,332 [ genlib ] [ INFO ] Building library files for PHE --> GLY mutant
2026-04-23 20:46:58,332 [ genlib ] [ INFO ] reading rtp file "aminoacids.rtp"
2026-04-23 20:46:58,378 [ genlib ] [ INFO ] ENTERED G
2026-04-23 20:46:58,378 [ genlib ] [ INFO ] Making atom pairs
2026-04-23 20:46:58,379 [ genlib ] [ INFO ] Updating bond lists
2026-04-23 20:46:58,379 [ genlib ] [ INFO ] Updating dihedrals
2026-04-23 20:46:58,379 [ genlib ] [ INFO ] Updating impropers
2026-04-23 20:46:58,379 [ genlib ] [ INFO ] Building library files for PHE --> HID mutant
2026-04-23 20:46:58,380 [ genlib ] [ INFO ] reading rtp file "aminoacids.rtp"
2026-04-23 20:46:58,424 [ genlib ] [ INFO ] ENTERED STANDARD
2026-04-23 20:46:58,424 [ genlib ] [ INFO ] Making atom pairs
2026-04-23 20:46:58,427 [ genlib ] [ INFO ] Updating bond lists
2026-04-23 20:46:58,427 [ genlib ] [ INFO ] Updating dihedrals
2026-04-23 20:46:58,427 [ genlib ] [ INFO ] Updating impropers
2026-04-23 20:46:58,428 [ genlib ] [ INFO ] Building library files for PHE --> HIE mutant
2026-04-23 20:46:58,429 [ genlib ] [ INFO ] reading rtp file "aminoacids.rtp"
2026-04-23 20:46:58,474 [ genlib ] [ INFO ] ENTERED STANDARD
2026-04-23 20:46:58,474 [ genlib ] [ INFO ] Making atom pairs
2026-04-23 20:46:58,477 [ genlib ] [ INFO ] Updating bond lists
2026-04-23 20:46:58,477 [ genlib ] [ INFO ] Updating dihedrals
2026-04-23 20:46:58,477 [ genlib ] [ INFO ] Updating impropers
2026-04-23 20:46:58,478 [ genlib ] [ INFO ] Building library files for PHE --> HIP mutant
2026-04-23 20:46:58,479 [ genlib ] [ INFO ] reading rtp file "aminoacids.rtp"
2026-04-23 20:46:58,524 [ genlib ] [ INFO ] ENTERED STANDARD
2026-04-23 20:46:58,524 [ genlib ] [ INFO ] Making atom pairs
2026-04-23 20:46:58,527 [ genlib ] [ INFO ] Updating bond lists
2026-04-23 20:46:58,527 [ genlib ] [ INFO ] Updating dihedrals
2026-04-23 20:46:58,527 [ genlib ] [ INFO ] Updating impropers
2026-04-23 20:46:58,528 [ genlib ] [ INFO ] Building library files for PHE --> ILE mutant
2026-04-23 20:46:58,529 [ genlib ] [ INFO ] reading rtp file "aminoacids.rtp"
2026-04-23 20:46:58,575 [ genlib ] [ INFO ] ENTERED T,A,V,I
2026-04-23 20:46:58,575 [ genlib ] [ INFO ] Making atom pairs
2026-04-23 20:46:58,580 [ genlib ] [ INFO ] Updating bond lists
2026-04-23 20:46:58,580 [ genlib ] [ INFO ] Updating dihedrals
2026-04-23 20:46:58,580 [ genlib ] [ INFO ] Updating impropers
2026-04-23 20:46:58,581 [ genlib ] [ INFO ] Building library files for PHE --> LEU mutant
2026-04-23 20:46:58,582 [ genlib ] [ INFO ] reading rtp file "aminoacids.rtp"
2026-04-23 20:46:58,627 [ genlib ] [ INFO ] ENTERED RINGS
2026-04-23 20:46:58,627 [ genlib ] [ INFO ] Making atom pairs
2026-04-23 20:46:58,631 [ genlib ] [ INFO ] Updating bond lists
2026-04-23 20:46:58,631 [ genlib ] [ INFO ] Updating dihedrals
2026-04-23 20:46:58,631 [ genlib ] [ INFO ] Updating impropers
2026-04-23 20:46:58,632 [ genlib ] [ INFO ] Building library files for PHE --> LYN mutant
2026-04-23 20:46:58,633 [ genlib ] [ INFO ] reading rtp file "aminoacids.rtp"
2026-04-23 20:46:58,679 [ genlib ] [ INFO ] ENTERED RINGS
2026-04-23 20:46:58,679 [ genlib ] [ INFO ] Making atom pairs
2026-04-23 20:46:58,685 [ genlib ] [ INFO ] Updating bond lists
2026-04-23 20:46:58,685 [ genlib ] [ INFO ] Updating dihedrals
2026-04-23 20:46:58,685 [ genlib ] [ INFO ] Updating impropers
2026-04-23 20:46:58,685 [ genlib ] [ INFO ] Building library files for PHE --> LYS mutant
2026-04-23 20:46:58,686 [ genlib ] [ INFO ] reading rtp file "aminoacids.rtp"
2026-04-23 20:46:58,733 [ genlib ] [ INFO ] ENTERED RINGS
2026-04-23 20:46:58,733 [ genlib ] [ INFO ] Making atom pairs
2026-04-23 20:46:58,739 [ genlib ] [ INFO ] Updating bond lists
2026-04-23 20:46:58,739 [ genlib ] [ INFO ] Updating dihedrals
2026-04-23 20:46:58,739 [ genlib ] [ INFO ] Updating impropers
2026-04-23 20:46:58,740 [ genlib ] [ INFO ] Building library files for PHE --> MET mutant
2026-04-23 20:46:58,741 [ genlib ] [ INFO ] reading rtp file "aminoacids.rtp"
2026-04-23 20:46:58,789 [ genlib ] [ INFO ] ENTERED RINGS
2026-04-23 20:46:58,789 [ genlib ] [ INFO ] Making atom pairs
2026-04-23 20:46:58,792 [ genlib ] [ INFO ] Updating bond lists
2026-04-23 20:46:58,792 [ genlib ] [ INFO ] Updating dihedrals
2026-04-23 20:46:58,792 [ genlib ] [ INFO ] Updating impropers
2026-04-23 20:46:58,793 [ genlib ] [ INFO ] Building library files for PHE --> PRO mutant
2026-04-23 20:46:58,794 [ genlib ] [ INFO ] reading rtp file "aminoacids.rtp"
2026-04-23 20:46:58,839 [ genlib ] [ INFO ] ENTERED P
2026-04-23 20:46:58,839 [ genlib ] [ INFO ] Making atom pairs
2026-04-23 20:46:58,842 [ genlib ] [ INFO ] Updating bond lists
2026-04-23 20:46:58,843 [ genlib ] [ INFO ] Updating dihedrals
2026-04-23 20:46:58,843 [ genlib ] [ INFO ] Updating impropers
2026-04-23 20:46:58,843 [ genlib ] [ INFO ] Building library files for PHE --> SER mutant
2026-04-23 20:46:58,844 [ genlib ] [ INFO ] reading rtp file "aminoacids.rtp"
2026-04-23 20:46:58,889 [ genlib ] [ INFO ] ENTERED RINGS
2026-04-23 20:46:58,889 [ genlib ] [ INFO ] Making atom pairs
2026-04-23 20:46:58,890 [ genlib ] [ INFO ] Updating bond lists
2026-04-23 20:46:58,890 [ genlib ] [ INFO ] Updating dihedrals
2026-04-23 20:46:58,890 [ genlib ] [ INFO ] Updating impropers
2026-04-23 20:46:58,890 [ genlib ] [ INFO ] Building library files for PHE --> THR mutant
2026-04-23 20:46:58,891 [ genlib ] [ INFO ] reading rtp file "aminoacids.rtp"
2026-04-23 20:46:58,935 [ genlib ] [ INFO ] ENTERED T,A,V,I
2026-04-23 20:46:58,935 [ genlib ] [ INFO ] Making atom pairs
2026-04-23 20:46:58,937 [ genlib ] [ INFO ] Updating bond lists
2026-04-23 20:46:58,938 [ genlib ] [ INFO ] Updating dihedrals
2026-04-23 20:46:58,938 [ genlib ] [ INFO ] Updating impropers
2026-04-23 20:46:58,938 [ genlib ] [ INFO ] Building library files for PHE --> TRP mutant
2026-04-23 20:46:58,939 [ genlib ] [ INFO ] reading rtp file "aminoacids.rtp"
2026-04-23 20:46:58,984 [ genlib ] [ INFO ] ENTERED STANDARD
2026-04-23 20:46:58,984 [ genlib ] [ INFO ] Making atom pairs
2026-04-23 20:46:58,992 [ genlib ] [ INFO ] Updating bond lists
2026-04-23 20:46:58,992 [ genlib ] [ INFO ] Updating dihedrals
2026-04-23 20:46:58,992 [ genlib ] [ INFO ] Updating impropers
2026-04-23 20:46:58,993 [ genlib ] [ INFO ] Building library files for PHE --> TYR mutant
2026-04-23 20:46:58,993 [ genlib ] [ INFO ] reading rtp file "aminoacids.rtp"
2026-04-23 20:46:59,039 [ genlib ] [ INFO ] ENTERED MERGE BY NAMES
2026-04-23 20:46:59,039 [ genlib ] [ INFO ] Making atom pairs.........MERGE BY NAMES...
2026-04-23 20:46:59,041 [ genlib ] [ INFO ] Updating bond lists
2026-04-23 20:46:59,041 [ genlib ] [ INFO ] Updating dihedrals
2026-04-23 20:46:59,042 [ genlib ] [ INFO ] Updating impropers
2026-04-23 20:46:59,042 [ genlib ] [ INFO ] Building library files for PHE --> VAL mutant
2026-04-23 20:46:59,043 [ genlib ] [ INFO ] reading rtp file "aminoacids.rtp"
2026-04-23 20:46:59,088 [ genlib ] [ INFO ] ENTERED T,A,V,I
2026-04-23 20:46:59,088 [ genlib ] [ INFO ] Making atom pairs
2026-04-23 20:46:59,092 [ genlib ] [ INFO ] Updating bond lists
2026-04-23 20:46:59,092 [ genlib ] [ INFO ] Updating dihedrals
2026-04-23 20:46:59,092 [ genlib ] [ INFO ] Updating impropers
2026-04-23 20:46:59,092 [ genlib ] [ INFO ] Building library files for PRO --> ALA mutant
2026-04-23 20:46:59,093 [ genlib ] [ INFO ] reading rtp file "aminoacids.rtp"
2026-04-23 20:46:59,138 [ genlib ] [ INFO ] ENTERED P
2026-04-23 20:46:59,138 [ genlib ] [ INFO ] Making atom pairs
2026-04-23 20:46:59,140 [ genlib ] [ INFO ] Updating bond lists
2026-04-23 20:46:59,140 [ genlib ] [ INFO ] Updating dihedrals
2026-04-23 20:46:59,140 [ genlib ] [ INFO ] Updating impropers
2026-04-23 20:46:59,140 [ genlib ] [ INFO ] Building library files for PRO --> ARG mutant
2026-04-23 20:46:59,141 [ genlib ] [ INFO ] reading rtp file "aminoacids.rtp"
2026-04-23 20:46:59,186 [ genlib ] [ INFO ] ENTERED P
2026-04-23 20:46:59,186 [ genlib ] [ INFO ] Making atom pairs
2026-04-23 20:46:59,196 [ genlib ] [ INFO ] Updating bond lists
2026-04-23 20:46:59,196 [ genlib ] [ INFO ] Updating dihedrals
2026-04-23 20:46:59,196 [ genlib ] [ INFO ] Updating impropers
2026-04-23 20:46:59,196 [ genlib ] [ INFO ] Building library files for PRO --> ASH mutant
2026-04-23 20:46:59,197 [ genlib ] [ INFO ] reading rtp file "aminoacids.rtp"
2026-04-23 20:46:59,242 [ genlib ] [ INFO ] ENTERED P
2026-04-23 20:46:59,243 [ genlib ] [ INFO ] Making atom pairs
2026-04-23 20:46:59,245 [ genlib ] [ INFO ] Updating bond lists
2026-04-23 20:46:59,245 [ genlib ] [ INFO ] Updating dihedrals
2026-04-23 20:46:59,246 [ genlib ] [ INFO ] Updating impropers
2026-04-23 20:46:59,246 [ genlib ] [ INFO ] Building library files for PRO --> ASN mutant
2026-04-23 20:46:59,247 [ genlib ] [ INFO ] reading rtp file "aminoacids.rtp"
2026-04-23 20:46:59,292 [ genlib ] [ INFO ] ENTERED P
2026-04-23 20:46:59,292 [ genlib ] [ INFO ] Making atom pairs
2026-04-23 20:46:59,297 [ genlib ] [ INFO ] Updating bond lists
2026-04-23 20:46:59,297 [ genlib ] [ INFO ] Updating dihedrals
2026-04-23 20:46:59,297 [ genlib ] [ INFO ] Updating impropers
2026-04-23 20:46:59,297 [ genlib ] [ INFO ] Building library files for PRO --> ASP mutant
2026-04-23 20:46:59,298 [ genlib ] [ INFO ] reading rtp file "aminoacids.rtp"
2026-04-23 20:46:59,344 [ genlib ] [ INFO ] ENTERED P
2026-04-23 20:46:59,344 [ genlib ] [ INFO ] Making atom pairs
2026-04-23 20:46:59,346 [ genlib ] [ INFO ] Updating bond lists
2026-04-23 20:46:59,347 [ genlib ] [ INFO ] Updating dihedrals
2026-04-23 20:46:59,347 [ genlib ] [ INFO ] Updating impropers
2026-04-23 20:46:59,347 [ genlib ] [ INFO ] Building library files for PRO --> CYS mutant
2026-04-23 20:46:59,347 [ genlib ] [ INFO ] reading rtp file "aminoacids.rtp"
2026-04-23 20:46:59,394 [ genlib ] [ INFO ] ENTERED P
2026-04-23 20:46:59,394 [ genlib ] [ INFO ] Making atom pairs
2026-04-23 20:46:59,396 [ genlib ] [ INFO ] Updating bond lists
2026-04-23 20:46:59,396 [ genlib ] [ INFO ] Updating dihedrals
2026-04-23 20:46:59,396 [ genlib ] [ INFO ] Updating impropers
2026-04-23 20:46:59,396 [ genlib ] [ INFO ] Building library files for PRO --> GLH mutant
2026-04-23 20:46:59,397 [ genlib ] [ INFO ] reading rtp file "aminoacids.rtp"
2026-04-23 20:46:59,442 [ genlib ] [ INFO ] ENTERED P
2026-04-23 20:46:59,442 [ genlib ] [ INFO ] Making atom pairs
2026-04-23 20:46:59,447 [ genlib ] [ INFO ] Updating bond lists
2026-04-23 20:46:59,447 [ genlib ] [ INFO ] Updating dihedrals
2026-04-23 20:46:59,447 [ genlib ] [ INFO ] Updating impropers
2026-04-23 20:46:59,447 [ genlib ] [ INFO ] Building library files for PRO --> GLN mutant
2026-04-23 20:46:59,448 [ genlib ] [ INFO ] reading rtp file "aminoacids.rtp"
2026-04-23 20:46:59,494 [ genlib ] [ INFO ] ENTERED P
2026-04-23 20:46:59,494 [ genlib ] [ INFO ] Making atom pairs
2026-04-23 20:46:59,498 [ genlib ] [ INFO ] Updating bond lists
2026-04-23 20:46:59,498 [ genlib ] [ INFO ] Updating dihedrals
2026-04-23 20:46:59,498 [ genlib ] [ INFO ] Updating impropers
2026-04-23 20:46:59,499 [ genlib ] [ INFO ] Building library files for PRO --> GLU mutant
2026-04-23 20:46:59,500 [ genlib ] [ INFO ] reading rtp file "aminoacids.rtp"
2026-04-23 20:46:59,545 [ genlib ] [ INFO ] ENTERED P
2026-04-23 20:46:59,546 [ genlib ] [ INFO ] Making atom pairs
2026-04-23 20:46:59,549 [ genlib ] [ INFO ] Updating bond lists
2026-04-23 20:46:59,549 [ genlib ] [ INFO ] Updating dihedrals
2026-04-23 20:46:59,549 [ genlib ] [ INFO ] Updating impropers
2026-04-23 20:46:59,550 [ genlib ] [ INFO ] Building library files for PRO --> GLY mutant
2026-04-23 20:46:59,550 [ genlib ] [ INFO ] reading rtp file "aminoacids.rtp"
2026-04-23 20:46:59,597 [ genlib ] [ INFO ] ENTERED P
2026-04-23 20:46:59,597 [ genlib ] [ INFO ] subENTERED G
2026-04-23 20:46:59,597 [ genlib ] [ INFO ] Making atom pairs
2026-04-23 20:46:59,598 [ genlib ] [ INFO ] Updating bond lists
2026-04-23 20:46:59,598 [ genlib ] [ INFO ] Updating dihedrals
2026-04-23 20:46:59,598 [ genlib ] [ INFO ] Updating impropers
2026-04-23 20:46:59,598 [ genlib ] [ INFO ] Building library files for PRO --> HID mutant
2026-04-23 20:46:59,599 [ genlib ] [ INFO ] reading rtp file "aminoacids.rtp"
2026-04-23 20:46:59,645 [ genlib ] [ INFO ] ENTERED P
2026-04-23 20:46:59,645 [ genlib ] [ INFO ] Making atom pairs
2026-04-23 20:46:59,650 [ genlib ] [ INFO ] Updating bond lists
2026-04-23 20:46:59,650 [ genlib ] [ INFO ] Updating dihedrals
2026-04-23 20:46:59,650 [ genlib ] [ INFO ] Updating impropers
2026-04-23 20:46:59,650 [ genlib ] [ INFO ] Building library files for PRO --> HIE mutant
2026-04-23 20:46:59,651 [ genlib ] [ INFO ] reading rtp file "aminoacids.rtp"
2026-04-23 20:46:59,698 [ genlib ] [ INFO ] ENTERED P
2026-04-23 20:46:59,698 [ genlib ] [ INFO ] Making atom pairs
2026-04-23 20:46:59,703 [ genlib ] [ INFO ] Updating bond lists
2026-04-23 20:46:59,703 [ genlib ] [ INFO ] Updating dihedrals
2026-04-23 20:46:59,703 [ genlib ] [ INFO ] Updating impropers
2026-04-23 20:46:59,703 [ genlib ] [ INFO ] Building library files for PRO --> HIP mutant
2026-04-23 20:46:59,704 [ genlib ] [ INFO ] reading rtp file "aminoacids.rtp"
2026-04-23 20:46:59,750 [ genlib ] [ INFO ] ENTERED P
2026-04-23 20:46:59,750 [ genlib ] [ INFO ] Making atom pairs
2026-04-23 20:46:59,755 [ genlib ] [ INFO ] Updating bond lists
2026-04-23 20:46:59,755 [ genlib ] [ INFO ] Updating dihedrals
2026-04-23 20:46:59,756 [ genlib ] [ INFO ] Updating impropers
2026-04-23 20:46:59,756 [ genlib ] [ INFO ] Building library files for PRO --> ILE mutant
2026-04-23 20:46:59,757 [ genlib ] [ INFO ] reading rtp file "aminoacids.rtp"
2026-04-23 20:46:59,803 [ genlib ] [ INFO ] ENTERED P
2026-04-23 20:46:59,803 [ genlib ] [ INFO ] Making atom pairs
2026-04-23 20:46:59,811 [ genlib ] [ INFO ] Updating bond lists
2026-04-23 20:46:59,811 [ genlib ] [ INFO ] Updating dihedrals
2026-04-23 20:46:59,811 [ genlib ] [ INFO ] Updating impropers
2026-04-23 20:46:59,812 [ genlib ] [ INFO ] Building library files for PRO --> LEU mutant
2026-04-23 20:46:59,813 [ genlib ] [ INFO ] reading rtp file "aminoacids.rtp"
2026-04-23 20:46:59,859 [ genlib ] [ INFO ] ENTERED P
2026-04-23 20:46:59,859 [ genlib ] [ INFO ] Making atom pairs
2026-04-23 20:46:59,865 [ genlib ] [ INFO ] Updating bond lists
2026-04-23 20:46:59,865 [ genlib ] [ INFO ] Updating dihedrals
2026-04-23 20:46:59,865 [ genlib ] [ INFO ] Updating impropers
2026-04-23 20:46:59,865 [ genlib ] [ INFO ] Building library files for PRO --> LYN mutant
2026-04-23 20:46:59,867 [ genlib ] [ INFO ] reading rtp file "aminoacids.rtp"
2026-04-23 20:46:59,913 [ genlib ] [ INFO ] ENTERED P
2026-04-23 20:46:59,913 [ genlib ] [ INFO ] Making atom pairs
2026-04-23 20:46:59,920 [ genlib ] [ INFO ] Updating bond lists
2026-04-23 20:46:59,920 [ genlib ] [ INFO ] Updating dihedrals
2026-04-23 20:46:59,920 [ genlib ] [ INFO ] Updating impropers
2026-04-23 20:46:59,921 [ genlib ] [ INFO ] Building library files for PRO --> LYS mutant
2026-04-23 20:46:59,922 [ genlib ] [ INFO ] reading rtp file "aminoacids.rtp"
2026-04-23 20:46:59,968 [ genlib ] [ INFO ] ENTERED P
2026-04-23 20:46:59,968 [ genlib ] [ INFO ] Making atom pairs
2026-04-23 20:46:59,976 [ genlib ] [ INFO ] Updating bond lists
2026-04-23 20:46:59,976 [ genlib ] [ INFO ] Updating dihedrals
2026-04-23 20:46:59,976 [ genlib ] [ INFO ] Updating impropers
2026-04-23 20:46:59,977 [ genlib ] [ INFO ] Building library files for PRO --> MET mutant
2026-04-23 20:46:59,977 [ genlib ] [ INFO ] reading rtp file "aminoacids.rtp"
2026-04-23 20:47:00,024 [ genlib ] [ INFO ] ENTERED P
2026-04-23 20:47:00,024 [ genlib ] [ INFO ] Making atom pairs
2026-04-23 20:47:00,031 [ genlib ] [ INFO ] Updating bond lists
2026-04-23 20:47:00,031 [ genlib ] [ INFO ] Updating dihedrals
2026-04-23 20:47:00,031 [ genlib ] [ INFO ] Updating impropers
2026-04-23 20:47:00,031 [ genlib ] [ INFO ] Building library files for PRO --> PHE mutant
2026-04-23 20:47:00,032 [ genlib ] [ INFO ] reading rtp file "aminoacids.rtp"
2026-04-23 20:47:00,078 [ genlib ] [ INFO ] ENTERED P
2026-04-23 20:47:00,078 [ genlib ] [ INFO ] Making atom pairs
2026-04-23 20:47:00,084 [ genlib ] [ INFO ] Updating bond lists
2026-04-23 20:47:00,084 [ genlib ] [ INFO ] Updating dihedrals
2026-04-23 20:47:00,084 [ genlib ] [ INFO ] Updating impropers
2026-04-23 20:47:00,085 [ genlib ] [ INFO ] Building library files for PRO --> SER mutant
2026-04-23 20:47:00,085 [ genlib ] [ INFO ] reading rtp file "aminoacids.rtp"
2026-04-23 20:47:00,130 [ genlib ] [ INFO ] ENTERED P
2026-04-23 20:47:00,130 [ genlib ] [ INFO ] Making atom pairs
2026-04-23 20:47:00,132 [ genlib ] [ INFO ] Updating bond lists
2026-04-23 20:47:00,132 [ genlib ] [ INFO ] Updating dihedrals
2026-04-23 20:47:00,132 [ genlib ] [ INFO ] Updating impropers
2026-04-23 20:47:00,133 [ genlib ] [ INFO ] Building library files for PRO --> THR mutant
2026-04-23 20:47:00,134 [ genlib ] [ INFO ] reading rtp file "aminoacids.rtp"
2026-04-23 20:47:00,180 [ genlib ] [ INFO ] ENTERED P
2026-04-23 20:47:00,180 [ genlib ] [ INFO ] Making atom pairs
2026-04-23 20:47:00,183 [ genlib ] [ INFO ] Updating bond lists
2026-04-23 20:47:00,183 [ genlib ] [ INFO ] Updating dihedrals
2026-04-23 20:47:00,183 [ genlib ] [ INFO ] Updating impropers
2026-04-23 20:47:00,183 [ genlib ] [ INFO ] Building library files for PRO --> TRP mutant
2026-04-23 20:47:00,184 [ genlib ] [ INFO ] reading rtp file "aminoacids.rtp"
2026-04-23 20:47:00,240 [ genlib ] [ INFO ] ENTERED P
2026-04-23 20:47:00,240 [ genlib ] [ INFO ] Making atom pairs
2026-04-23 20:47:00,252 [ genlib ] [ INFO ] Updating bond lists
2026-04-23 20:47:00,252 [ genlib ] [ INFO ] Updating dihedrals
2026-04-23 20:47:00,252 [ genlib ] [ INFO ] Updating impropers
2026-04-23 20:47:00,252 [ genlib ] [ INFO ] Building library files for PRO --> TYR mutant
2026-04-23 20:47:00,253 [ genlib ] [ INFO ] reading rtp file "aminoacids.rtp"
2026-04-23 20:47:00,298 [ genlib ] [ INFO ] ENTERED P
2026-04-23 20:47:00,298 [ genlib ] [ INFO ] Making atom pairs
2026-04-23 20:47:00,305 [ genlib ] [ INFO ] Updating bond lists
2026-04-23 20:47:00,306 [ genlib ] [ INFO ] Updating dihedrals
2026-04-23 20:47:00,306 [ genlib ] [ INFO ] Updating impropers
2026-04-23 20:47:00,306 [ genlib ] [ INFO ] Building library files for PRO --> VAL mutant
2026-04-23 20:47:00,307 [ genlib ] [ INFO ] reading rtp file "aminoacids.rtp"
2026-04-23 20:47:00,352 [ genlib ] [ INFO ] ENTERED P
2026-04-23 20:47:00,352 [ genlib ] [ INFO ] Making atom pairs
2026-04-23 20:47:00,356 [ genlib ] [ INFO ] Updating bond lists
2026-04-23 20:47:00,356 [ genlib ] [ INFO ] Updating dihedrals
2026-04-23 20:47:00,356 [ genlib ] [ INFO ] Updating impropers
2026-04-23 20:47:00,357 [ genlib ] [ INFO ] Building library files for SER --> ALA mutant
2026-04-23 20:47:00,357 [ genlib ] [ INFO ] reading rtp file "aminoacids.rtp"
2026-04-23 20:47:00,403 [ genlib ] [ INFO ] ENTERED SIMPLE
2026-04-23 20:47:00,403 [ genlib ] [ INFO ] Making atom pairs
2026-04-23 20:47:00,403 [ genlib ] [ INFO ] Searching branch 1
2026-04-23 20:47:00,403 [ genlib ] [ INFO ] Searching order 2
2026-04-23 20:47:00,403 [ genlib ] [ INFO ] Checking atom 1HB
2026-04-23 20:47:00,403 [ genlib ] [ INFO ] Define atom pair: SER|1HB|H1|H         - > ALA|2HB|HC|H         (d = 0.10 A)
2026-04-23 20:47:00,403 [ genlib ] [ INFO ] Checking atom 2HB
2026-04-23 20:47:00,403 [ genlib ] [ INFO ] Define atom pair: SER|2HB|H1|H         - > ALA|3HB|HC|H         (d = 0.14 A)
2026-04-23 20:47:00,403 [ genlib ] [ INFO ] Checking atom OG
2026-04-23 20:47:00,403 [ genlib ] [ INFO ] Define atom pair: SER|OG|OH|O.3        - > ALA|1HB|HC|H         (d = 0.31 A)
2026-04-23 20:47:00,403 [ genlib ] [ INFO ] Searching order 3
2026-04-23 20:47:00,403 [ genlib ] [ INFO ] Checking atom HG
2026-04-23 20:47:00,403 [ genlib ] [ INFO ] No partner found for atom HG
2026-04-23 20:47:00,403 [ genlib ] [ INFO ] Searching order 4
2026-04-23 20:47:00,403 [ genlib ] [ INFO ] Searching order 5
2026-04-23 20:47:00,403 [ genlib ] [ INFO ] Searching order 6
2026-04-23 20:47:00,403 [ genlib ] [ INFO ] Searching order 7
2026-04-23 20:47:00,403 [ genlib ] [ INFO ] Searching branch 2
2026-04-23 20:47:00,403 [ genlib ] [ INFO ] Searching order 2
2026-04-23 20:47:00,403 [ genlib ] [ INFO ] Searching order 3
2026-04-23 20:47:00,403 [ genlib ] [ INFO ] Checking atom HG
2026-04-23 20:47:00,403 [ genlib ] [ INFO ] No partner found for atom HG
2026-04-23 20:47:00,403 [ genlib ] [ INFO ] Searching order 4
2026-04-23 20:47:00,403 [ genlib ] [ INFO ] Searching order 5
2026-04-23 20:47:00,403 [ genlib ] [ INFO ] Searching order 6
2026-04-23 20:47:00,403 [ genlib ] [ INFO ] Searching order 7
2026-04-23 20:47:00,404 [ genlib ] [ INFO ] Updating bond lists
2026-04-23 20:47:00,404 [ genlib ] [ INFO ] Updating dihedrals
2026-04-23 20:47:00,404 [ genlib ] [ INFO ] Updating impropers
2026-04-23 20:47:00,404 [ genlib ] [ INFO ] Building library files for SER --> ARG mutant
2026-04-23 20:47:00,405 [ genlib ] [ INFO ] reading rtp file "aminoacids.rtp"
2026-04-23 20:47:00,451 [ genlib ] [ INFO ] ENTERED SIMPLE
2026-04-23 20:47:00,451 [ genlib ] [ INFO ] Making atom pairs
2026-04-23 20:47:00,451 [ genlib ] [ INFO ] Searching branch 1
2026-04-23 20:47:00,451 [ genlib ] [ INFO ] Searching order 2
2026-04-23 20:47:00,451 [ genlib ] [ INFO ] Checking atom 1HB
2026-04-23 20:47:00,451 [ genlib ] [ INFO ] Define atom pair: SER|1HB|H1|H         - > ARG|1HB|HC|H         (d = 0.07 A)
2026-04-23 20:47:00,451 [ genlib ] [ INFO ] Checking atom 2HB
2026-04-23 20:47:00,451 [ genlib ] [ INFO ] Define atom pair: SER|2HB|H1|H         - > ARG|2HB|HC|H         (d = 0.10 A)
2026-04-23 20:47:00,451 [ genlib ] [ INFO ] Checking atom OG
2026-04-23 20:47:00,451 [ genlib ] [ INFO ] Define atom pair: SER|OG|OH|O.3        - > ARG|CG|C8|C.3        (d = 0.22 A)
2026-04-23 20:47:00,451 [ genlib ] [ INFO ] Searching order 3
2026-04-23 20:47:00,451 [ genlib ] [ INFO ] Checking atom HG
2026-04-23 20:47:00,451 [ genlib ] [ INFO ] No partner found for atom HG
2026-04-23 20:47:00,451 [ genlib ] [ INFO ] Searching order 4
2026-04-23 20:47:00,451 [ genlib ] [ INFO ] Searching order 5
2026-04-23 20:47:00,451 [ genlib ] [ INFO ] Searching order 6
2026-04-23 20:47:00,451 [ genlib ] [ INFO ] Searching order 7
2026-04-23 20:47:00,451 [ genlib ] [ INFO ] Searching branch 2
2026-04-23 20:47:00,451 [ genlib ] [ INFO ] Searching order 2
2026-04-23 20:47:00,451 [ genlib ] [ INFO ] Searching order 3
2026-04-23 20:47:00,451 [ genlib ] [ INFO ] Checking atom HG
2026-04-23 20:47:00,451 [ genlib ] [ INFO ] No partner found for atom HG
2026-04-23 20:47:00,451 [ genlib ] [ INFO ] Searching order 4
2026-04-23 20:47:00,451 [ genlib ] [ INFO ] Searching order 5
2026-04-23 20:47:00,451 [ genlib ] [ INFO ] Searching order 6
2026-04-23 20:47:00,451 [ genlib ] [ INFO ] Searching order 7
2026-04-23 20:47:00,458 [ genlib ] [ INFO ] Updating bond lists
2026-04-23 20:47:00,458 [ genlib ] [ INFO ] Updating dihedrals
2026-04-23 20:47:00,458 [ genlib ] [ INFO ] Updating impropers
2026-04-23 20:47:00,459 [ genlib ] [ INFO ] Building library files for SER --> ASH mutant
2026-04-23 20:47:00,459 [ genlib ] [ INFO ] reading rtp file "aminoacids.rtp"
2026-04-23 20:47:00,504 [ genlib ] [ INFO ] ENTERED SIMPLE
2026-04-23 20:47:00,505 [ genlib ] [ INFO ] Making atom pairs
2026-04-23 20:47:00,505 [ genlib ] [ INFO ] Searching branch 1
2026-04-23 20:47:00,505 [ genlib ] [ INFO ] Searching order 2
2026-04-23 20:47:00,505 [ genlib ] [ INFO ] Checking atom 1HB
2026-04-23 20:47:00,505 [ genlib ] [ INFO ] Define atom pair: SER|1HB|H1|H         - > ASH|1HB|HC|H         (d = 0.08 A)
2026-04-23 20:47:00,505 [ genlib ] [ INFO ] Checking atom 2HB
2026-04-23 20:47:00,505 [ genlib ] [ INFO ] Define atom pair: SER|2HB|H1|H         - > ASH|2HB|HC|H         (d = 0.13 A)
2026-04-23 20:47:00,505 [ genlib ] [ INFO ] Checking atom OG
2026-04-23 20:47:00,505 [ genlib ] [ INFO ] Define atom pair: SER|OG|OH|O.3        - > ASH|CG|C|C.2         (d = 0.13 A)
2026-04-23 20:47:00,505 [ genlib ] [ INFO ] Searching order 3
2026-04-23 20:47:00,505 [ genlib ] [ INFO ] Checking atom HG
2026-04-23 20:47:00,505 [ genlib ] [ INFO ] Define atom pair: SER|HG|HO|H          - > ASH|OD1|O|O.co2      (d = 0.42 A)
2026-04-23 20:47:00,505 [ genlib ] [ INFO ] Searching order 4
2026-04-23 20:47:00,505 [ genlib ] [ INFO ] Searching order 5
2026-04-23 20:47:00,505 [ genlib ] [ INFO ] Searching order 6
2026-04-23 20:47:00,505 [ genlib ] [ INFO ] Searching order 7
2026-04-23 20:47:00,505 [ genlib ] [ INFO ] Searching branch 2
2026-04-23 20:47:00,505 [ genlib ] [ INFO ] Searching order 2
2026-04-23 20:47:00,505 [ genlib ] [ INFO ] Searching order 3
2026-04-23 20:47:00,505 [ genlib ] [ INFO ] Searching order 4
2026-04-23 20:47:00,505 [ genlib ] [ INFO ] Searching order 5
2026-04-23 20:47:00,505 [ genlib ] [ INFO ] Searching order 6
2026-04-23 20:47:00,505 [ genlib ] [ INFO ] Searching order 7
2026-04-23 20:47:00,506 [ genlib ] [ INFO ] Updating bond lists
2026-04-23 20:47:00,506 [ genlib ] [ INFO ] Updating dihedrals
2026-04-23 20:47:00,506 [ genlib ] [ INFO ] Updating impropers
2026-04-23 20:47:00,507 [ genlib ] [ INFO ] Building library files for SER --> ASN mutant
2026-04-23 20:47:00,507 [ genlib ] [ INFO ] reading rtp file "aminoacids.rtp"
2026-04-23 20:47:00,553 [ genlib ] [ INFO ] ENTERED SIMPLE
2026-04-23 20:47:00,553 [ genlib ] [ INFO ] Making atom pairs
2026-04-23 20:47:00,553 [ genlib ] [ INFO ] Searching branch 1
2026-04-23 20:47:00,553 [ genlib ] [ INFO ] Searching order 2
2026-04-23 20:47:00,553 [ genlib ] [ INFO ] Checking atom 1HB
2026-04-23 20:47:00,553 [ genlib ] [ INFO ] Define atom pair: SER|1HB|H1|H         - > ASN|1HB|HC|H         (d = 0.10 A)
2026-04-23 20:47:00,553 [ genlib ] [ INFO ] Checking atom 2HB
2026-04-23 20:47:00,553 [ genlib ] [ INFO ] Define atom pair: SER|2HB|H1|H         - > ASN|2HB|HC|H         (d = 0.07 A)
2026-04-23 20:47:00,553 [ genlib ] [ INFO ] Checking atom OG
2026-04-23 20:47:00,553 [ genlib ] [ INFO ] Define atom pair: SER|OG|OH|O.3        - > ASN|CG|C|C.2         (d = 0.17 A)
2026-04-23 20:47:00,553 [ genlib ] [ INFO ] Searching order 3
2026-04-23 20:47:00,553 [ genlib ] [ INFO ] Checking atom HG
2026-04-23 20:47:00,553 [ genlib ] [ INFO ] Define atom pair: SER|HG|HO|H          - > ASN|OD1|O|O.2        (d = 0.45 A)
2026-04-23 20:47:00,553 [ genlib ] [ INFO ] Searching order 4
2026-04-23 20:47:00,553 [ genlib ] [ INFO ] Searching order 5
2026-04-23 20:47:00,553 [ genlib ] [ INFO ] Searching order 6
2026-04-23 20:47:00,553 [ genlib ] [ INFO ] Searching order 7
2026-04-23 20:47:00,553 [ genlib ] [ INFO ] Searching branch 2
2026-04-23 20:47:00,553 [ genlib ] [ INFO ] Searching order 2
2026-04-23 20:47:00,553 [ genlib ] [ INFO ] Searching order 3
2026-04-23 20:47:00,553 [ genlib ] [ INFO ] Searching order 4
2026-04-23 20:47:00,553 [ genlib ] [ INFO ] Searching order 5
2026-04-23 20:47:00,553 [ genlib ] [ INFO ] Searching order 6
2026-04-23 20:47:00,553 [ genlib ] [ INFO ] Searching order 7
2026-04-23 20:47:00,555 [ genlib ] [ INFO ] Updating bond lists
2026-04-23 20:47:00,555 [ genlib ] [ INFO ] Updating dihedrals
2026-04-23 20:47:00,555 [ genlib ] [ INFO ] Updating impropers
2026-04-23 20:47:00,555 [ genlib ] [ INFO ] Building library files for SER --> ASP mutant
2026-04-23 20:47:00,556 [ genlib ] [ INFO ] reading rtp file "aminoacids.rtp"
2026-04-23 20:47:00,601 [ genlib ] [ INFO ] ENTERED SIMPLE
2026-04-23 20:47:00,601 [ genlib ] [ INFO ] Making atom pairs
2026-04-23 20:47:00,601 [ genlib ] [ INFO ] Searching branch 1
2026-04-23 20:47:00,601 [ genlib ] [ INFO ] Searching order 2
2026-04-23 20:47:00,601 [ genlib ] [ INFO ] Checking atom 1HB
2026-04-23 20:47:00,601 [ genlib ] [ INFO ] Define atom pair: SER|1HB|H1|H         - > ASP|1HB|HC|H         (d = 0.03 A)
2026-04-23 20:47:00,601 [ genlib ] [ INFO ] Checking atom 2HB
2026-04-23 20:47:00,601 [ genlib ] [ INFO ] Define atom pair: SER|2HB|H1|H         - > ASP|2HB|HC|H         (d = 0.04 A)
2026-04-23 20:47:00,601 [ genlib ] [ INFO ] Checking atom OG
2026-04-23 20:47:00,601 [ genlib ] [ INFO ] Define atom pair: SER|OG|OH|O.3        - > ASP|CG|CO|C.2        (d = 0.13 A)
2026-04-23 20:47:00,601 [ genlib ] [ INFO ] Searching order 3
2026-04-23 20:47:00,601 [ genlib ] [ INFO ] Checking atom HG
2026-04-23 20:47:00,601 [ genlib ] [ INFO ] Define atom pair: SER|HG|HO|H          - > ASP|OD1|O2|O.co2     (d = 0.42 A)
2026-04-23 20:47:00,601 [ genlib ] [ INFO ] Searching order 4
2026-04-23 20:47:00,601 [ genlib ] [ INFO ] Searching order 5
2026-04-23 20:47:00,601 [ genlib ] [ INFO ] Searching order 6
2026-04-23 20:47:00,601 [ genlib ] [ INFO ] Searching order 7
2026-04-23 20:47:00,601 [ genlib ] [ INFO ] Searching branch 2
2026-04-23 20:47:00,601 [ genlib ] [ INFO ] Searching order 2
2026-04-23 20:47:00,601 [ genlib ] [ INFO ] Searching order 3
2026-04-23 20:47:00,601 [ genlib ] [ INFO ] Searching order 4
2026-04-23 20:47:00,601 [ genlib ] [ INFO ] Searching order 5
2026-04-23 20:47:00,601 [ genlib ] [ INFO ] Searching order 6
2026-04-23 20:47:00,601 [ genlib ] [ INFO ] Searching order 7
2026-04-23 20:47:00,602 [ genlib ] [ INFO ] Updating bond lists
2026-04-23 20:47:00,602 [ genlib ] [ INFO ] Updating dihedrals
2026-04-23 20:47:00,602 [ genlib ] [ INFO ] Updating impropers
2026-04-23 20:47:00,602 [ genlib ] [ INFO ] Building library files for SER --> CYS mutant
2026-04-23 20:47:00,603 [ genlib ] [ INFO ] reading rtp file "aminoacids.rtp"
2026-04-23 20:47:00,648 [ genlib ] [ INFO ] ENTERED SIMPLE
2026-04-23 20:47:00,648 [ genlib ] [ INFO ] Making atom pairs
2026-04-23 20:47:00,649 [ genlib ] [ INFO ] Searching branch 1
2026-04-23 20:47:00,649 [ genlib ] [ INFO ] Searching order 2
2026-04-23 20:47:00,649 [ genlib ] [ INFO ] Checking atom 1HB
2026-04-23 20:47:00,649 [ genlib ] [ INFO ] Define atom pair: SER|1HB|H1|H         - > CYS|1HB|H1|H         (d = 0.09 A)
2026-04-23 20:47:00,649 [ genlib ] [ INFO ] Checking atom 2HB
2026-04-23 20:47:00,649 [ genlib ] [ INFO ] Define atom pair: SER|2HB|H1|H         - > CYS|2HB|H1|H         (d = 0.11 A)
2026-04-23 20:47:00,649 [ genlib ] [ INFO ] Checking atom OG
2026-04-23 20:47:00,649 [ genlib ] [ INFO ] Define atom pair: SER|OG|OH|O.3        - > CYS|SG|SH|S.3        (d = 0.47 A)
2026-04-23 20:47:00,649 [ genlib ] [ INFO ] Searching order 3
2026-04-23 20:47:00,649 [ genlib ] [ INFO ] Checking atom HG
2026-04-23 20:47:00,649 [ genlib ] [ INFO ] No partner found for atom HG
2026-04-23 20:47:00,649 [ genlib ] [ INFO ] Searching order 4
2026-04-23 20:47:00,649 [ genlib ] [ INFO ] Searching order 5
2026-04-23 20:47:00,649 [ genlib ] [ INFO ] Searching order 6
2026-04-23 20:47:00,649 [ genlib ] [ INFO ] Searching order 7
2026-04-23 20:47:00,649 [ genlib ] [ INFO ] Searching branch 2
2026-04-23 20:47:00,649 [ genlib ] [ INFO ] Searching order 2
2026-04-23 20:47:00,649 [ genlib ] [ INFO ] Searching order 3
2026-04-23 20:47:00,649 [ genlib ] [ INFO ] Checking atom HG
2026-04-23 20:47:00,649 [ genlib ] [ INFO ] No partner found for atom HG
2026-04-23 20:47:00,649 [ genlib ] [ INFO ] Searching order 4
2026-04-23 20:47:00,649 [ genlib ] [ INFO ] Searching order 5
2026-04-23 20:47:00,649 [ genlib ] [ INFO ] Searching order 6
2026-04-23 20:47:00,649 [ genlib ] [ INFO ] Searching order 7
2026-04-23 20:47:00,650 [ genlib ] [ INFO ] Updating bond lists
2026-04-23 20:47:00,650 [ genlib ] [ INFO ] Updating dihedrals
2026-04-23 20:47:00,650 [ genlib ] [ INFO ] Updating impropers
2026-04-23 20:47:00,650 [ genlib ] [ INFO ] Building library files for SER --> GLH mutant
2026-04-23 20:47:00,651 [ genlib ] [ INFO ] reading rtp file "aminoacids.rtp"
2026-04-23 20:47:00,696 [ genlib ] [ INFO ] ENTERED SIMPLE
2026-04-23 20:47:00,696 [ genlib ] [ INFO ] Making atom pairs
2026-04-23 20:47:00,696 [ genlib ] [ INFO ] Searching branch 1
2026-04-23 20:47:00,696 [ genlib ] [ INFO ] Searching order 2
2026-04-23 20:47:00,696 [ genlib ] [ INFO ] Checking atom 1HB
2026-04-23 20:47:00,696 [ genlib ] [ INFO ] Define atom pair: SER|1HB|H1|H         - > GLH|1HB|HC|H         (d = 0.11 A)
2026-04-23 20:47:00,696 [ genlib ] [ INFO ] Checking atom 2HB
2026-04-23 20:47:00,696 [ genlib ] [ INFO ] Define atom pair: SER|2HB|H1|H         - > GLH|2HB|HC|H         (d = 0.11 A)
2026-04-23 20:47:00,696 [ genlib ] [ INFO ] Checking atom OG
2026-04-23 20:47:00,696 [ genlib ] [ INFO ] Define atom pair: SER|OG|OH|O.3        - > GLH|CG|2C|C.3        (d = 0.16 A)
2026-04-23 20:47:00,696 [ genlib ] [ INFO ] Searching order 3
2026-04-23 20:47:00,696 [ genlib ] [ INFO ] Checking atom HG
2026-04-23 20:47:00,696 [ genlib ] [ INFO ] No partner found for atom HG
2026-04-23 20:47:00,696 [ genlib ] [ INFO ] Searching order 4
2026-04-23 20:47:00,696 [ genlib ] [ INFO ] Searching order 5
2026-04-23 20:47:00,696 [ genlib ] [ INFO ] Searching order 6
2026-04-23 20:47:00,696 [ genlib ] [ INFO ] Searching order 7
2026-04-23 20:47:00,696 [ genlib ] [ INFO ] Searching branch 2
2026-04-23 20:47:00,696 [ genlib ] [ INFO ] Searching order 2
2026-04-23 20:47:00,696 [ genlib ] [ INFO ] Searching order 3
2026-04-23 20:47:00,696 [ genlib ] [ INFO ] Checking atom HG
2026-04-23 20:47:00,696 [ genlib ] [ INFO ] No partner found for atom HG
2026-04-23 20:47:00,696 [ genlib ] [ INFO ] Searching order 4
2026-04-23 20:47:00,696 [ genlib ] [ INFO ] Searching order 5
2026-04-23 20:47:00,696 [ genlib ] [ INFO ] Searching order 6
2026-04-23 20:47:00,696 [ genlib ] [ INFO ] Searching order 7
2026-04-23 20:47:00,699 [ genlib ] [ INFO ] Updating bond lists
2026-04-23 20:47:00,699 [ genlib ] [ INFO ] Updating dihedrals
2026-04-23 20:47:00,699 [ genlib ] [ INFO ] Updating impropers
2026-04-23 20:47:00,700 [ genlib ] [ INFO ] Building library files for SER --> GLN mutant
2026-04-23 20:47:00,700 [ genlib ] [ INFO ] reading rtp file "aminoacids.rtp"
2026-04-23 20:47:00,754 [ genlib ] [ INFO ] ENTERED SIMPLE
2026-04-23 20:47:00,755 [ genlib ] [ INFO ] Making atom pairs
2026-04-23 20:47:00,755 [ genlib ] [ INFO ] Searching branch 1
2026-04-23 20:47:00,755 [ genlib ] [ INFO ] Searching order 2
2026-04-23 20:47:00,755 [ genlib ] [ INFO ] Checking atom 1HB
2026-04-23 20:47:00,755 [ genlib ] [ INFO ] Define atom pair: SER|1HB|H1|H         - > GLN|1HB|HC|H         (d = 0.05 A)
2026-04-23 20:47:00,755 [ genlib ] [ INFO ] Checking atom 2HB
2026-04-23 20:47:00,755 [ genlib ] [ INFO ] Define atom pair: SER|2HB|H1|H         - > GLN|2HB|HC|H         (d = 0.06 A)
2026-04-23 20:47:00,755 [ genlib ] [ INFO ] Checking atom OG
2026-04-23 20:47:00,755 [ genlib ] [ INFO ] Define atom pair: SER|OG|OH|O.3        - > GLN|CG|2C|C.3        (d = 0.19 A)
2026-04-23 20:47:00,755 [ genlib ] [ INFO ] Searching order 3
2026-04-23 20:47:00,755 [ genlib ] [ INFO ] Checking atom HG
2026-04-23 20:47:00,755 [ genlib ] [ INFO ] No partner found for atom HG
2026-04-23 20:47:00,755 [ genlib ] [ INFO ] Searching order 4
2026-04-23 20:47:00,755 [ genlib ] [ INFO ] Searching order 5
2026-04-23 20:47:00,755 [ genlib ] [ INFO ] Searching order 6
2026-04-23 20:47:00,755 [ genlib ] [ INFO ] Searching order 7
2026-04-23 20:47:00,755 [ genlib ] [ INFO ] Searching branch 2
2026-04-23 20:47:00,755 [ genlib ] [ INFO ] Searching order 2
2026-04-23 20:47:00,755 [ genlib ] [ INFO ] Searching order 3
2026-04-23 20:47:00,755 [ genlib ] [ INFO ] Checking atom HG
2026-04-23 20:47:00,755 [ genlib ] [ INFO ] No partner found for atom HG
2026-04-23 20:47:00,755 [ genlib ] [ INFO ] Searching order 4
2026-04-23 20:47:00,755 [ genlib ] [ INFO ] Searching order 5
2026-04-23 20:47:00,755 [ genlib ] [ INFO ] Searching order 6
2026-04-23 20:47:00,755 [ genlib ] [ INFO ] Searching order 7
2026-04-23 20:47:00,758 [ genlib ] [ INFO ] Updating bond lists
2026-04-23 20:47:00,758 [ genlib ] [ INFO ] Updating dihedrals
2026-04-23 20:47:00,758 [ genlib ] [ INFO ] Updating impropers
2026-04-23 20:47:00,758 [ genlib ] [ INFO ] Building library files for SER --> GLU mutant
2026-04-23 20:47:00,759 [ genlib ] [ INFO ] reading rtp file "aminoacids.rtp"
2026-04-23 20:47:00,805 [ genlib ] [ INFO ] ENTERED SIMPLE
2026-04-23 20:47:00,805 [ genlib ] [ INFO ] Making atom pairs
2026-04-23 20:47:00,805 [ genlib ] [ INFO ] Searching branch 1
2026-04-23 20:47:00,805 [ genlib ] [ INFO ] Searching order 2
2026-04-23 20:47:00,805 [ genlib ] [ INFO ] Checking atom 1HB
2026-04-23 20:47:00,805 [ genlib ] [ INFO ] Define atom pair: SER|1HB|H1|H         - > GLU|1HB|HC|H         (d = 0.06 A)
2026-04-23 20:47:00,805 [ genlib ] [ INFO ] Checking atom 2HB
2026-04-23 20:47:00,805 [ genlib ] [ INFO ] Define atom pair: SER|2HB|H1|H         - > GLU|2HB|HC|H         (d = 0.10 A)
2026-04-23 20:47:00,805 [ genlib ] [ INFO ] Checking atom OG
2026-04-23 20:47:00,805 [ genlib ] [ INFO ] Define atom pair: SER|OG|OH|O.3        - > GLU|CG|2C|C.3        (d = 0.16 A)
2026-04-23 20:47:00,805 [ genlib ] [ INFO ] Searching order 3
2026-04-23 20:47:00,805 [ genlib ] [ INFO ] Checking atom HG
2026-04-23 20:47:00,805 [ genlib ] [ INFO ] No partner found for atom HG
2026-04-23 20:47:00,806 [ genlib ] [ INFO ] Searching order 4
2026-04-23 20:47:00,806 [ genlib ] [ INFO ] Searching order 5
2026-04-23 20:47:00,806 [ genlib ] [ INFO ] Searching order 6
2026-04-23 20:47:00,806 [ genlib ] [ INFO ] Searching order 7
2026-04-23 20:47:00,806 [ genlib ] [ INFO ] Searching branch 2
2026-04-23 20:47:00,806 [ genlib ] [ INFO ] Searching order 2
2026-04-23 20:47:00,806 [ genlib ] [ INFO ] Searching order 3
2026-04-23 20:47:00,806 [ genlib ] [ INFO ] Checking atom HG
2026-04-23 20:47:00,806 [ genlib ] [ INFO ] No partner found for atom HG
2026-04-23 20:47:00,806 [ genlib ] [ INFO ] Searching order 4
2026-04-23 20:47:00,806 [ genlib ] [ INFO ] Searching order 5
2026-04-23 20:47:00,806 [ genlib ] [ INFO ] Searching order 6
2026-04-23 20:47:00,806 [ genlib ] [ INFO ] Searching order 7
2026-04-23 20:47:00,808 [ genlib ] [ INFO ] Updating bond lists
2026-04-23 20:47:00,808 [ genlib ] [ INFO ] Updating dihedrals
2026-04-23 20:47:00,808 [ genlib ] [ INFO ] Updating impropers
2026-04-23 20:47:00,809 [ genlib ] [ INFO ] Building library files for SER --> GLY mutant
2026-04-23 20:47:00,809 [ genlib ] [ INFO ] reading rtp file "aminoacids.rtp"
2026-04-23 20:47:00,867 [ genlib ] [ INFO ] ENTERED G
2026-04-23 20:47:00,867 [ genlib ] [ INFO ] Making atom pairs
2026-04-23 20:47:00,868 [ genlib ] [ INFO ] Updating bond lists
2026-04-23 20:47:00,868 [ genlib ] [ INFO ] Updating dihedrals
2026-04-23 20:47:00,868 [ genlib ] [ INFO ] Updating impropers
2026-04-23 20:47:00,868 [ genlib ] [ INFO ] Building library files for SER --> HID mutant
2026-04-23 20:47:00,869 [ genlib ] [ INFO ] reading rtp file "aminoacids.rtp"
2026-04-23 20:47:00,919 [ genlib ] [ INFO ] ENTERED RINGS
2026-04-23 20:47:00,920 [ genlib ] [ INFO ] Making atom pairs
2026-04-23 20:47:00,923 [ genlib ] [ INFO ] Updating bond lists
2026-04-23 20:47:00,923 [ genlib ] [ INFO ] Updating dihedrals
2026-04-23 20:47:00,923 [ genlib ] [ INFO ] Updating impropers
2026-04-23 20:47:00,924 [ genlib ] [ INFO ] Building library files for SER --> HIE mutant
2026-04-23 20:47:00,925 [ genlib ] [ INFO ] reading rtp file "aminoacids.rtp"
2026-04-23 20:47:00,974 [ genlib ] [ INFO ] ENTERED RINGS
2026-04-23 20:47:00,974 [ genlib ] [ INFO ] Making atom pairs
2026-04-23 20:47:00,978 [ genlib ] [ INFO ] Updating bond lists
2026-04-23 20:47:00,978 [ genlib ] [ INFO ] Updating dihedrals
2026-04-23 20:47:00,979 [ genlib ] [ INFO ] Updating impropers
2026-04-23 20:47:00,979 [ genlib ] [ INFO ] Building library files for SER --> HIP mutant
2026-04-23 20:47:00,980 [ genlib ] [ INFO ] reading rtp file "aminoacids.rtp"
2026-04-23 20:47:01,032 [ genlib ] [ INFO ] ENTERED RINGS
2026-04-23 20:47:01,032 [ genlib ] [ INFO ] Making atom pairs
2026-04-23 20:47:01,037 [ genlib ] [ INFO ] Updating bond lists
2026-04-23 20:47:01,037 [ genlib ] [ INFO ] Updating dihedrals
2026-04-23 20:47:01,037 [ genlib ] [ INFO ] Updating impropers
2026-04-23 20:47:01,038 [ genlib ] [ INFO ] Building library files for SER --> ILE mutant
2026-04-23 20:47:01,038 [ genlib ] [ INFO ] reading rtp file "aminoacids.rtp"
2026-04-23 20:47:01,087 [ genlib ] [ INFO ] ENTERED SIMPLE
2026-04-23 20:47:01,088 [ genlib ] [ INFO ] Making atom pairs
2026-04-23 20:47:01,088 [ genlib ] [ INFO ] Searching branch 1
2026-04-23 20:47:01,088 [ genlib ] [ INFO ] Searching order 2
2026-04-23 20:47:01,088 [ genlib ] [ INFO ] Checking atom 1HB
2026-04-23 20:47:01,088 [ genlib ] [ INFO ] Define atom pair: SER|1HB|H1|H         - > ILE|HB|HC|H          (d = 0.11 A)
2026-04-23 20:47:01,088 [ genlib ] [ INFO ] Checking atom 2HB
2026-04-23 20:47:01,088 [ genlib ] [ INFO ] Define atom pair: SER|2HB|H1|H         - > ILE|CG2|CT|C.3       (d = 0.44 A)
2026-04-23 20:47:01,088 [ genlib ] [ INFO ] Checking atom OG
2026-04-23 20:47:01,088 [ genlib ] [ INFO ] Define atom pair: SER|OG|OH|O.3        - > ILE|CG1|2C|C.3       (d = 0.16 A)
2026-04-23 20:47:01,088 [ genlib ] [ INFO ] Searching order 3
2026-04-23 20:47:01,088 [ genlib ] [ INFO ] Checking atom HG
2026-04-23 20:47:01,088 [ genlib ] [ INFO ] No partner found for atom HG
2026-04-23 20:47:01,088 [ genlib ] [ INFO ] Searching order 4
2026-04-23 20:47:01,088 [ genlib ] [ INFO ] Searching order 5
2026-04-23 20:47:01,088 [ genlib ] [ INFO ] Searching order 6
2026-04-23 20:47:01,088 [ genlib ] [ INFO ] Searching order 7
2026-04-23 20:47:01,088 [ genlib ] [ INFO ] Searching branch 2
2026-04-23 20:47:01,088 [ genlib ] [ INFO ] Searching order 2
2026-04-23 20:47:01,088 [ genlib ] [ INFO ] Searching order 3
2026-04-23 20:47:01,088 [ genlib ] [ INFO ] Checking atom HG
2026-04-23 20:47:01,088 [ genlib ] [ INFO ] No partner found for atom HG
2026-04-23 20:47:01,088 [ genlib ] [ INFO ] Searching order 4
2026-04-23 20:47:01,088 [ genlib ] [ INFO ] Searching order 5
2026-04-23 20:47:01,088 [ genlib ] [ INFO ] Searching order 6
2026-04-23 20:47:01,088 [ genlib ] [ INFO ] Searching order 7
2026-04-23 20:47:01,092 [ genlib ] [ INFO ] Updating bond lists
2026-04-23 20:47:01,092 [ genlib ] [ INFO ] Updating dihedrals
2026-04-23 20:47:01,092 [ genlib ] [ INFO ] Updating impropers
2026-04-23 20:47:01,093 [ genlib ] [ INFO ] Building library files for SER --> LEU mutant
2026-04-23 20:47:01,093 [ genlib ] [ INFO ] reading rtp file "aminoacids.rtp"
2026-04-23 20:47:01,142 [ genlib ] [ INFO ] ENTERED SIMPLE
2026-04-23 20:47:01,142 [ genlib ] [ INFO ] Making atom pairs
2026-04-23 20:47:01,142 [ genlib ] [ INFO ] Searching branch 1
2026-04-23 20:47:01,142 [ genlib ] [ INFO ] Searching order 2
2026-04-23 20:47:01,142 [ genlib ] [ INFO ] Checking atom 1HB
2026-04-23 20:47:01,142 [ genlib ] [ INFO ] Define atom pair: SER|1HB|H1|H         - > LEU|1HB|HC|H         (d = 0.08 A)
2026-04-23 20:47:01,142 [ genlib ] [ INFO ] Checking atom 2HB
2026-04-23 20:47:01,142 [ genlib ] [ INFO ] Define atom pair: SER|2HB|H1|H         - > LEU|2HB|HC|H         (d = 0.07 A)
2026-04-23 20:47:01,142 [ genlib ] [ INFO ] Checking atom OG
2026-04-23 20:47:01,142 [ genlib ] [ INFO ] Define atom pair: SER|OG|OH|O.3        - > LEU|CG|3C|C.3        (d = 0.20 A)
2026-04-23 20:47:01,142 [ genlib ] [ INFO ] Searching order 3
2026-04-23 20:47:01,142 [ genlib ] [ INFO ] Checking atom HG
2026-04-23 20:47:01,142 [ genlib ] [ INFO ] No partner found for atom HG
2026-04-23 20:47:01,142 [ genlib ] [ INFO ] Searching order 4
2026-04-23 20:47:01,142 [ genlib ] [ INFO ] Searching order 5
2026-04-23 20:47:01,142 [ genlib ] [ INFO ] Searching order 6
2026-04-23 20:47:01,142 [ genlib ] [ INFO ] Searching order 7
2026-04-23 20:47:01,142 [ genlib ] [ INFO ] Searching branch 2
2026-04-23 20:47:01,142 [ genlib ] [ INFO ] Searching order 2
2026-04-23 20:47:01,142 [ genlib ] [ INFO ] Searching order 3
2026-04-23 20:47:01,142 [ genlib ] [ INFO ] Checking atom HG
2026-04-23 20:47:01,142 [ genlib ] [ INFO ] No partner found for atom HG
2026-04-23 20:47:01,142 [ genlib ] [ INFO ] Searching order 4
2026-04-23 20:47:01,142 [ genlib ] [ INFO ] Searching order 5
2026-04-23 20:47:01,142 [ genlib ] [ INFO ] Searching order 6
2026-04-23 20:47:01,142 [ genlib ] [ INFO ] Searching order 7
2026-04-23 20:47:01,147 [ genlib ] [ INFO ] Updating bond lists
2026-04-23 20:47:01,147 [ genlib ] [ INFO ] Updating dihedrals
2026-04-23 20:47:01,147 [ genlib ] [ INFO ] Updating impropers
2026-04-23 20:47:01,148 [ genlib ] [ INFO ] Building library files for SER --> LYN mutant
2026-04-23 20:47:01,148 [ genlib ] [ INFO ] reading rtp file "aminoacids.rtp"
2026-04-23 20:47:01,198 [ genlib ] [ INFO ] ENTERED SIMPLE
2026-04-23 20:47:01,198 [ genlib ] [ INFO ] Making atom pairs
2026-04-23 20:47:01,198 [ genlib ] [ INFO ] Searching branch 1
2026-04-23 20:47:01,198 [ genlib ] [ INFO ] Searching order 2
2026-04-23 20:47:01,198 [ genlib ] [ INFO ] Checking atom 1HB
2026-04-23 20:47:01,198 [ genlib ] [ INFO ] Define atom pair: SER|1HB|H1|H         - > LYN|1HB|HC|H         (d = 0.13 A)
2026-04-23 20:47:01,198 [ genlib ] [ INFO ] Checking atom 2HB
2026-04-23 20:47:01,198 [ genlib ] [ INFO ] Define atom pair: SER|2HB|H1|H         - > LYN|2HB|HC|H         (d = 0.19 A)
2026-04-23 20:47:01,198 [ genlib ] [ INFO ] Checking atom OG
2026-04-23 20:47:01,198 [ genlib ] [ INFO ] Define atom pair: SER|OG|OH|O.3        - > LYN|CG|CT|C.3        (d = 0.22 A)
2026-04-23 20:47:01,198 [ genlib ] [ INFO ] Searching order 3
2026-04-23 20:47:01,198 [ genlib ] [ INFO ] Checking atom HG
2026-04-23 20:47:01,198 [ genlib ] [ INFO ] No partner found for atom HG
2026-04-23 20:47:01,198 [ genlib ] [ INFO ] Searching order 4
2026-04-23 20:47:01,198 [ genlib ] [ INFO ] Searching order 5
2026-04-23 20:47:01,198 [ genlib ] [ INFO ] Searching order 6
2026-04-23 20:47:01,198 [ genlib ] [ INFO ] Searching order 7
2026-04-23 20:47:01,198 [ genlib ] [ INFO ] Searching branch 2
2026-04-23 20:47:01,198 [ genlib ] [ INFO ] Searching order 2
2026-04-23 20:47:01,198 [ genlib ] [ INFO ] Searching order 3
2026-04-23 20:47:01,198 [ genlib ] [ INFO ] Checking atom HG
2026-04-23 20:47:01,198 [ genlib ] [ INFO ] No partner found for atom HG
2026-04-23 20:47:01,198 [ genlib ] [ INFO ] Searching order 4
2026-04-23 20:47:01,198 [ genlib ] [ INFO ] Searching order 5
2026-04-23 20:47:01,198 [ genlib ] [ INFO ] Searching order 6
2026-04-23 20:47:01,198 [ genlib ] [ INFO ] Searching order 7
2026-04-23 20:47:01,242 [ genlib ] [ INFO ] Updating bond lists
2026-04-23 20:47:01,242 [ genlib ] [ INFO ] Updating dihedrals
2026-04-23 20:47:01,242 [ genlib ] [ INFO ] Updating impropers
2026-04-23 20:47:01,242 [ genlib ] [ INFO ] Building library files for SER --> LYS mutant
2026-04-23 20:47:01,243 [ genlib ] [ INFO ] reading rtp file "aminoacids.rtp"
2026-04-23 20:47:01,292 [ genlib ] [ INFO ] ENTERED SIMPLE
2026-04-23 20:47:01,292 [ genlib ] [ INFO ] Making atom pairs
2026-04-23 20:47:01,292 [ genlib ] [ INFO ] Searching branch 1
2026-04-23 20:47:01,292 [ genlib ] [ INFO ] Searching order 2
2026-04-23 20:47:01,292 [ genlib ] [ INFO ] Checking atom 1HB
2026-04-23 20:47:01,292 [ genlib ] [ INFO ] Define atom pair: SER|1HB|H1|H         - > LYS|1HB|HC|H         (d = 0.07 A)
2026-04-23 20:47:01,292 [ genlib ] [ INFO ] Checking atom 2HB
2026-04-23 20:47:01,292 [ genlib ] [ INFO ] Define atom pair: SER|2HB|H1|H         - > LYS|2HB|HC|H         (d = 0.10 A)
2026-04-23 20:47:01,292 [ genlib ] [ INFO ] Checking atom OG
2026-04-23 20:47:01,292 [ genlib ] [ INFO ] Define atom pair: SER|OG|OH|O.3        - > LYS|CG|C8|C.3        (d = 0.22 A)
2026-04-23 20:47:01,292 [ genlib ] [ INFO ] Searching order 3
2026-04-23 20:47:01,292 [ genlib ] [ INFO ] Checking atom HG
2026-04-23 20:47:01,292 [ genlib ] [ INFO ] No partner found for atom HG
2026-04-23 20:47:01,292 [ genlib ] [ INFO ] Searching order 4
2026-04-23 20:47:01,292 [ genlib ] [ INFO ] Searching order 5
2026-04-23 20:47:01,292 [ genlib ] [ INFO ] Searching order 6
2026-04-23 20:47:01,292 [ genlib ] [ INFO ] Searching order 7
2026-04-23 20:47:01,292 [ genlib ] [ INFO ] Searching branch 2
2026-04-23 20:47:01,292 [ genlib ] [ INFO ] Searching order 2
2026-04-23 20:47:01,292 [ genlib ] [ INFO ] Searching order 3
2026-04-23 20:47:01,292 [ genlib ] [ INFO ] Checking atom HG
2026-04-23 20:47:01,292 [ genlib ] [ INFO ] No partner found for atom HG
2026-04-23 20:47:01,292 [ genlib ] [ INFO ] Searching order 4
2026-04-23 20:47:01,292 [ genlib ] [ INFO ] Searching order 5
2026-04-23 20:47:01,292 [ genlib ] [ INFO ] Searching order 6
2026-04-23 20:47:01,292 [ genlib ] [ INFO ] Searching order 7
2026-04-23 20:47:01,298 [ genlib ] [ INFO ] Updating bond lists
2026-04-23 20:47:01,298 [ genlib ] [ INFO ] Updating dihedrals
2026-04-23 20:47:01,298 [ genlib ] [ INFO ] Updating impropers
2026-04-23 20:47:01,299 [ genlib ] [ INFO ] Building library files for SER --> MET mutant
2026-04-23 20:47:01,300 [ genlib ] [ INFO ] reading rtp file "aminoacids.rtp"
2026-04-23 20:47:01,346 [ genlib ] [ INFO ] ENTERED SIMPLE
2026-04-23 20:47:01,346 [ genlib ] [ INFO ] Making atom pairs
2026-04-23 20:47:01,346 [ genlib ] [ INFO ] Searching branch 1
2026-04-23 20:47:01,346 [ genlib ] [ INFO ] Searching order 2
2026-04-23 20:47:01,346 [ genlib ] [ INFO ] Checking atom 1HB
2026-04-23 20:47:01,346 [ genlib ] [ INFO ] Define atom pair: SER|1HB|H1|H         - > MET|1HB|HC|H         (d = 0.05 A)
2026-04-23 20:47:01,346 [ genlib ] [ INFO ] Checking atom 2HB
2026-04-23 20:47:01,346 [ genlib ] [ INFO ] Define atom pair: SER|2HB|H1|H         - > MET|2HB|HC|H         (d = 0.08 A)
2026-04-23 20:47:01,346 [ genlib ] [ INFO ] Checking atom OG
2026-04-23 20:47:01,346 [ genlib ] [ INFO ] Define atom pair: SER|OG|OH|O.3        - > MET|CG|2C|C.3        (d = 0.18 A)
2026-04-23 20:47:01,346 [ genlib ] [ INFO ] Searching order 3
2026-04-23 20:47:01,346 [ genlib ] [ INFO ] Checking atom HG
2026-04-23 20:47:01,346 [ genlib ] [ INFO ] No partner found for atom HG
2026-04-23 20:47:01,346 [ genlib ] [ INFO ] Searching order 4
2026-04-23 20:47:01,346 [ genlib ] [ INFO ] Searching order 5
2026-04-23 20:47:01,346 [ genlib ] [ INFO ] Searching order 6
2026-04-23 20:47:01,346 [ genlib ] [ INFO ] Searching order 7
2026-04-23 20:47:01,346 [ genlib ] [ INFO ] Searching branch 2
2026-04-23 20:47:01,346 [ genlib ] [ INFO ] Searching order 2
2026-04-23 20:47:01,346 [ genlib ] [ INFO ] Searching order 3
2026-04-23 20:47:01,346 [ genlib ] [ INFO ] Checking atom HG
2026-04-23 20:47:01,346 [ genlib ] [ INFO ] No partner found for atom HG
2026-04-23 20:47:01,346 [ genlib ] [ INFO ] Searching order 4
2026-04-23 20:47:01,346 [ genlib ] [ INFO ] Searching order 5
2026-04-23 20:47:01,346 [ genlib ] [ INFO ] Searching order 6
2026-04-23 20:47:01,346 [ genlib ] [ INFO ] Searching order 7
2026-04-23 20:47:01,349 [ genlib ] [ INFO ] Updating bond lists
2026-04-23 20:47:01,349 [ genlib ] [ INFO ] Updating dihedrals
2026-04-23 20:47:01,349 [ genlib ] [ INFO ] Updating impropers
2026-04-23 20:47:01,349 [ genlib ] [ INFO ] Building library files for SER --> PHE mutant
2026-04-23 20:47:01,350 [ genlib ] [ INFO ] reading rtp file "aminoacids.rtp"
2026-04-23 20:47:01,395 [ genlib ] [ INFO ] ENTERED RINGS
2026-04-23 20:47:01,395 [ genlib ] [ INFO ] Making atom pairs
2026-04-23 20:47:01,400 [ genlib ] [ INFO ] Updating bond lists
2026-04-23 20:47:01,400 [ genlib ] [ INFO ] Updating dihedrals
2026-04-23 20:47:01,400 [ genlib ] [ INFO ] Updating impropers
2026-04-23 20:47:01,400 [ genlib ] [ INFO ] Building library files for SER --> PRO mutant
2026-04-23 20:47:01,401 [ genlib ] [ INFO ] reading rtp file "aminoacids.rtp"
2026-04-23 20:47:01,446 [ genlib ] [ INFO ] ENTERED P
2026-04-23 20:47:01,446 [ genlib ] [ INFO ] Making atom pairs
2026-04-23 20:47:01,449 [ genlib ] [ INFO ] Updating bond lists
2026-04-23 20:47:01,449 [ genlib ] [ INFO ] Updating dihedrals
2026-04-23 20:47:01,449 [ genlib ] [ INFO ] Updating impropers
2026-04-23 20:47:01,449 [ genlib ] [ INFO ] Building library files for SER --> THR mutant
2026-04-23 20:47:01,450 [ genlib ] [ INFO ] reading rtp file "aminoacids.rtp"
2026-04-23 20:47:01,495 [ genlib ] [ INFO ] ENTERED SIMPLE
2026-04-23 20:47:01,495 [ genlib ] [ INFO ] Making atom pairs
2026-04-23 20:47:01,495 [ genlib ] [ INFO ] Searching branch 1
2026-04-23 20:47:01,495 [ genlib ] [ INFO ] Searching order 2
2026-04-23 20:47:01,495 [ genlib ] [ INFO ] Checking atom 1HB
2026-04-23 20:47:01,495 [ genlib ] [ INFO ] Define atom pair: SER|1HB|H1|H         - > THR|HB|H1|H          (d = 0.10 A)
2026-04-23 20:47:01,495 [ genlib ] [ INFO ] Checking atom 2HB
2026-04-23 20:47:01,495 [ genlib ] [ INFO ] Define atom pair: SER|2HB|H1|H         - > THR|CG2|CT|C.3       (d = 0.45 A)
2026-04-23 20:47:01,495 [ genlib ] [ INFO ] Checking atom OG
2026-04-23 20:47:01,495 [ genlib ] [ INFO ] Define atom pair: SER|OG|OH|O.3        - > THR|OG1|OH|O.3       (d = 0.18 A)
2026-04-23 20:47:01,495 [ genlib ] [ INFO ] Searching order 3
2026-04-23 20:47:01,495 [ genlib ] [ INFO ] Checking atom HG
2026-04-23 20:47:01,495 [ genlib ] [ INFO ] Define atom pair: SER|HG|HO|H          - > THR|HG1|HO|H         (d = 0.21 A)
2026-04-23 20:47:01,495 [ genlib ] [ INFO ] Searching order 4
2026-04-23 20:47:01,495 [ genlib ] [ INFO ] Searching order 5
2026-04-23 20:47:01,495 [ genlib ] [ INFO ] Searching order 6
2026-04-23 20:47:01,495 [ genlib ] [ INFO ] Searching order 7
2026-04-23 20:47:01,495 [ genlib ] [ INFO ] Searching branch 2
2026-04-23 20:47:01,495 [ genlib ] [ INFO ] Searching order 2
2026-04-23 20:47:01,495 [ genlib ] [ INFO ] Searching order 3
2026-04-23 20:47:01,495 [ genlib ] [ INFO ] Searching order 4
2026-04-23 20:47:01,495 [ genlib ] [ INFO ] Searching order 5
2026-04-23 20:47:01,495 [ genlib ] [ INFO ] Searching order 6
2026-04-23 20:47:01,495 [ genlib ] [ INFO ] Searching order 7
2026-04-23 20:47:01,498 [ genlib ] [ INFO ] Updating bond lists
2026-04-23 20:47:01,498 [ genlib ] [ INFO ] Updating dihedrals
2026-04-23 20:47:01,498 [ genlib ] [ INFO ] Updating impropers
2026-04-23 20:47:01,498 [ genlib ] [ INFO ] Building library files for SER --> TRP mutant
2026-04-23 20:47:01,499 [ genlib ] [ INFO ] reading rtp file "aminoacids.rtp"
2026-04-23 20:47:01,544 [ genlib ] [ INFO ] ENTERED RINGS
2026-04-23 20:47:01,544 [ genlib ] [ INFO ] Making atom pairs
2026-04-23 20:47:01,552 [ genlib ] [ INFO ] Updating bond lists
2026-04-23 20:47:01,553 [ genlib ] [ INFO ] Updating dihedrals
2026-04-23 20:47:01,553 [ genlib ] [ INFO ] Updating impropers
2026-04-23 20:47:01,553 [ genlib ] [ INFO ] Building library files for SER --> TYR mutant
2026-04-23 20:47:01,554 [ genlib ] [ INFO ] reading rtp file "aminoacids.rtp"
2026-04-23 20:47:01,602 [ genlib ] [ INFO ] ENTERED RINGS
2026-04-23 20:47:01,602 [ genlib ] [ INFO ] Making atom pairs
2026-04-23 20:47:01,608 [ genlib ] [ INFO ] Updating bond lists
2026-04-23 20:47:01,609 [ genlib ] [ INFO ] Updating dihedrals
2026-04-23 20:47:01,609 [ genlib ] [ INFO ] Updating impropers
2026-04-23 20:47:01,609 [ genlib ] [ INFO ] Building library files for SER --> VAL mutant
2026-04-23 20:47:01,610 [ genlib ] [ INFO ] reading rtp file "aminoacids.rtp"
2026-04-23 20:47:01,658 [ genlib ] [ INFO ] ENTERED SIMPLE
2026-04-23 20:47:01,658 [ genlib ] [ INFO ] Making atom pairs
2026-04-23 20:47:01,658 [ genlib ] [ INFO ] Searching branch 1
2026-04-23 20:47:01,658 [ genlib ] [ INFO ] Searching order 2
2026-04-23 20:47:01,658 [ genlib ] [ INFO ] Checking atom 1HB
2026-04-23 20:47:01,658 [ genlib ] [ INFO ] Define atom pair: SER|1HB|H1|H         - > VAL|HB|HC|H          (d = 0.04 A)
2026-04-23 20:47:01,658 [ genlib ] [ INFO ] Checking atom 2HB
2026-04-23 20:47:01,658 [ genlib ] [ INFO ] Define atom pair: SER|2HB|H1|H         - > VAL|CG1|CT|C.3       (d = 0.47 A)
2026-04-23 20:47:01,658 [ genlib ] [ INFO ] Checking atom OG
2026-04-23 20:47:01,658 [ genlib ] [ INFO ] Define atom pair: SER|OG|OH|O.3        - > VAL|CG2|CT|C.3       (d = 0.14 A)
2026-04-23 20:47:01,658 [ genlib ] [ INFO ] Searching order 3
2026-04-23 20:47:01,658 [ genlib ] [ INFO ] Checking atom HG
2026-04-23 20:47:01,658 [ genlib ] [ INFO ] Define atom pair: SER|HG|HO|H          - > VAL|1HG2|HC|H        (d = 0.25 A)
2026-04-23 20:47:01,658 [ genlib ] [ INFO ] Searching order 4
2026-04-23 20:47:01,658 [ genlib ] [ INFO ] Searching order 5
2026-04-23 20:47:01,658 [ genlib ] [ INFO ] Searching order 6
2026-04-23 20:47:01,658 [ genlib ] [ INFO ] Searching order 7
2026-04-23 20:47:01,658 [ genlib ] [ INFO ] Searching branch 2
2026-04-23 20:47:01,658 [ genlib ] [ INFO ] Searching order 2
2026-04-23 20:47:01,658 [ genlib ] [ INFO ] Searching order 3
2026-04-23 20:47:01,658 [ genlib ] [ INFO ] Searching order 4
2026-04-23 20:47:01,658 [ genlib ] [ INFO ] Searching order 5
2026-04-23 20:47:01,658 [ genlib ] [ INFO ] Searching order 6
2026-04-23 20:47:01,658 [ genlib ] [ INFO ] Searching order 7
2026-04-23 20:47:01,661 [ genlib ] [ INFO ] Updating bond lists
2026-04-23 20:47:01,661 [ genlib ] [ INFO ] Updating dihedrals
2026-04-23 20:47:01,661 [ genlib ] [ INFO ] Updating impropers
2026-04-23 20:47:01,661 [ genlib ] [ INFO ] Building library files for THR --> ALA mutant
2026-04-23 20:47:01,662 [ genlib ] [ INFO ] reading rtp file "aminoacids.rtp"
2026-04-23 20:47:01,711 [ genlib ] [ INFO ] ENTERED SIMPLE
2026-04-23 20:47:01,711 [ genlib ] [ INFO ] Making atom pairs
2026-04-23 20:47:01,711 [ genlib ] [ INFO ] Searching branch 1
2026-04-23 20:47:01,711 [ genlib ] [ INFO ] Searching order 2
2026-04-23 20:47:01,711 [ genlib ] [ INFO ] Checking atom HB
2026-04-23 20:47:01,711 [ genlib ] [ INFO ] Define atom pair: THR|HB|H1|H          - > ALA|2HB|HC|H         (d = 0.00 A)
2026-04-23 20:47:01,711 [ genlib ] [ INFO ] Checking atom OG1
2026-04-23 20:47:01,711 [ genlib ] [ INFO ] Define atom pair: THR|OG1|OH|O.3       - > ALA|1HB|HC|H         (d = 0.32 A)
2026-04-23 20:47:01,711 [ genlib ] [ INFO ] Checking atom CG2
2026-04-23 20:47:01,711 [ genlib ] [ INFO ] Define atom pair: THR|CG2|CT|C.3       - > ALA|3HB|HC|H         (d = 0.48 A)
2026-04-23 20:47:01,711 [ genlib ] [ INFO ] Searching order 3
2026-04-23 20:47:01,711 [ genlib ] [ INFO ] Checking atom HG1
2026-04-23 20:47:01,711 [ genlib ] [ INFO ] No partner found for atom HG1
2026-04-23 20:47:01,711 [ genlib ] [ INFO ] Checking atom 1HG2
2026-04-23 20:47:01,711 [ genlib ] [ INFO ] No partner found for atom 1HG2
2026-04-23 20:47:01,711 [ genlib ] [ INFO ] Checking atom 2HG2
2026-04-23 20:47:01,711 [ genlib ] [ INFO ] No partner found for atom 2HG2
2026-04-23 20:47:01,711 [ genlib ] [ INFO ] Checking atom 3HG2
2026-04-23 20:47:01,711 [ genlib ] [ INFO ] No partner found for atom 3HG2
2026-04-23 20:47:01,711 [ genlib ] [ INFO ] Searching order 4
2026-04-23 20:47:01,711 [ genlib ] [ INFO ] Searching order 5
2026-04-23 20:47:01,711 [ genlib ] [ INFO ] Searching order 6
2026-04-23 20:47:01,711 [ genlib ] [ INFO ] Searching order 7
2026-04-23 20:47:01,711 [ genlib ] [ INFO ] Searching branch 2
2026-04-23 20:47:01,711 [ genlib ] [ INFO ] Searching order 2
2026-04-23 20:47:01,711 [ genlib ] [ INFO ] Searching order 3
2026-04-23 20:47:01,711 [ genlib ] [ INFO ] Checking atom HG1
2026-04-23 20:47:01,711 [ genlib ] [ INFO ] No partner found for atom HG1
2026-04-23 20:47:01,711 [ genlib ] [ INFO ] Checking atom 1HG2
2026-04-23 20:47:01,711 [ genlib ] [ INFO ] No partner found for atom 1HG2
2026-04-23 20:47:01,711 [ genlib ] [ INFO ] Checking atom 2HG2
2026-04-23 20:47:01,711 [ genlib ] [ INFO ] No partner found for atom 2HG2
2026-04-23 20:47:01,712 [ genlib ] [ INFO ] Checking atom 3HG2
2026-04-23 20:47:01,712 [ genlib ] [ INFO ] No partner found for atom 3HG2
2026-04-23 20:47:01,712 [ genlib ] [ INFO ] Searching order 4
2026-04-23 20:47:01,712 [ genlib ] [ INFO ] Searching order 5
2026-04-23 20:47:01,712 [ genlib ] [ INFO ] Searching order 6
2026-04-23 20:47:01,712 [ genlib ] [ INFO ] Searching order 7
2026-04-23 20:47:01,712 [ genlib ] [ INFO ] Updating bond lists
2026-04-23 20:47:01,712 [ genlib ] [ INFO ] Updating dihedrals
2026-04-23 20:47:01,712 [ genlib ] [ INFO ] Updating impropers
2026-04-23 20:47:01,712 [ genlib ] [ INFO ] Building library files for THR --> ARG mutant
2026-04-23 20:47:01,713 [ genlib ] [ INFO ] reading rtp file "aminoacids.rtp"
2026-04-23 20:47:01,762 [ genlib ] [ INFO ] ENTERED SIMPLE
2026-04-23 20:47:01,762 [ genlib ] [ INFO ] Making atom pairs
2026-04-23 20:47:01,762 [ genlib ] [ INFO ] Searching branch 1
2026-04-23 20:47:01,762 [ genlib ] [ INFO ] Searching order 2
2026-04-23 20:47:01,762 [ genlib ] [ INFO ] Checking atom HB
2026-04-23 20:47:01,762 [ genlib ] [ INFO ] Define atom pair: THR|HB|H1|H          - > ARG|1HB|HC|H         (d = 0.03 A)
2026-04-23 20:47:01,762 [ genlib ] [ INFO ] Checking atom OG1
2026-04-23 20:47:01,762 [ genlib ] [ INFO ] Define atom pair: THR|OG1|OH|O.3       - > ARG|CG|C8|C.3        (d = 0.20 A)
2026-04-23 20:47:01,762 [ genlib ] [ INFO ] Checking atom CG2
2026-04-23 20:47:01,762 [ genlib ] [ INFO ] Define atom pair: THR|CG2|CT|C.3       - > ARG|2HB|HC|H         (d = 0.48 A)
2026-04-23 20:47:01,762 [ genlib ] [ INFO ] Searching order 3
2026-04-23 20:47:01,762 [ genlib ] [ INFO ] Checking atom HG1
2026-04-23 20:47:01,762 [ genlib ] [ INFO ] No partner found for atom HG1
2026-04-23 20:47:01,762 [ genlib ] [ INFO ] Checking atom 1HG2
2026-04-23 20:47:01,762 [ genlib ] [ INFO ] No partner found for atom 1HG2
2026-04-23 20:47:01,762 [ genlib ] [ INFO ] Checking atom 2HG2
2026-04-23 20:47:01,763 [ genlib ] [ INFO ] No partner found for atom 2HG2
2026-04-23 20:47:01,763 [ genlib ] [ INFO ] Checking atom 3HG2
2026-04-23 20:47:01,763 [ genlib ] [ INFO ] No partner found for atom 3HG2
2026-04-23 20:47:01,763 [ genlib ] [ INFO ] Searching order 4
2026-04-23 20:47:01,763 [ genlib ] [ INFO ] Searching order 5
2026-04-23 20:47:01,763 [ genlib ] [ INFO ] Searching order 6
2026-04-23 20:47:01,763 [ genlib ] [ INFO ] Searching order 7
2026-04-23 20:47:01,763 [ genlib ] [ INFO ] Searching branch 2
2026-04-23 20:47:01,763 [ genlib ] [ INFO ] Searching order 2
2026-04-23 20:47:01,763 [ genlib ] [ INFO ] Searching order 3
2026-04-23 20:47:01,763 [ genlib ] [ INFO ] Checking atom HG1
2026-04-23 20:47:01,763 [ genlib ] [ INFO ] No partner found for atom HG1
2026-04-23 20:47:01,763 [ genlib ] [ INFO ] Checking atom 1HG2
2026-04-23 20:47:01,763 [ genlib ] [ INFO ] No partner found for atom 1HG2
2026-04-23 20:47:01,763 [ genlib ] [ INFO ] Checking atom 2HG2
2026-04-23 20:47:01,763 [ genlib ] [ INFO ] No partner found for atom 2HG2
2026-04-23 20:47:01,763 [ genlib ] [ INFO ] Checking atom 3HG2
2026-04-23 20:47:01,763 [ genlib ] [ INFO ] No partner found for atom 3HG2
2026-04-23 20:47:01,763 [ genlib ] [ INFO ] Searching order 4
2026-04-23 20:47:01,763 [ genlib ] [ INFO ] Searching order 5
2026-04-23 20:47:01,763 [ genlib ] [ INFO ] Searching order 6
2026-04-23 20:47:01,763 [ genlib ] [ INFO ] Searching order 7
2026-04-23 20:47:01,770 [ genlib ] [ INFO ] Updating bond lists
2026-04-23 20:47:01,770 [ genlib ] [ INFO ] Updating dihedrals
2026-04-23 20:47:01,770 [ genlib ] [ INFO ] Updating impropers
2026-04-23 20:47:01,770 [ genlib ] [ INFO ] Building library files for THR --> ASH mutant
2026-04-23 20:47:01,771 [ genlib ] [ INFO ] reading rtp file "aminoacids.rtp"
2026-04-23 20:47:01,818 [ genlib ] [ INFO ] ENTERED SIMPLE
2026-04-23 20:47:01,818 [ genlib ] [ INFO ] Making atom pairs
2026-04-23 20:47:01,818 [ genlib ] [ INFO ] Searching branch 1
2026-04-23 20:47:01,818 [ genlib ] [ INFO ] Searching order 2
2026-04-23 20:47:01,818 [ genlib ] [ INFO ] Checking atom HB
2026-04-23 20:47:01,818 [ genlib ] [ INFO ] Define atom pair: THR|HB|H1|H          - > ASH|1HB|HC|H         (d = 0.11 A)
2026-04-23 20:47:01,818 [ genlib ] [ INFO ] Checking atom OG1
2026-04-23 20:47:01,818 [ genlib ] [ INFO ] Define atom pair: THR|OG1|OH|O.3       - > ASH|CG|C|C.2         (d = 0.17 A)
2026-04-23 20:47:01,818 [ genlib ] [ INFO ] Checking atom CG2
2026-04-23 20:47:01,818 [ genlib ] [ INFO ] No partner found for atom CG2
2026-04-23 20:47:01,818 [ genlib ] [ INFO ] Searching order 3
2026-04-23 20:47:01,818 [ genlib ] [ INFO ] Checking atom HG1
2026-04-23 20:47:01,818 [ genlib ] [ INFO ] Define atom pair: THR|HG1|HO|H         - > ASH|OD1|O|O.co2      (d = 0.44 A)
2026-04-23 20:47:01,818 [ genlib ] [ INFO ] Searching order 4
2026-04-23 20:47:01,818 [ genlib ] [ INFO ] Searching order 5
2026-04-23 20:47:01,818 [ genlib ] [ INFO ] Searching order 6
2026-04-23 20:47:01,818 [ genlib ] [ INFO ] Searching order 7
2026-04-23 20:47:01,818 [ genlib ] [ INFO ] Searching branch 2
2026-04-23 20:47:01,818 [ genlib ] [ INFO ] Searching order 2
2026-04-23 20:47:01,818 [ genlib ] [ INFO ] Checking atom CG2
2026-04-23 20:47:01,818 [ genlib ] [ INFO ] No partner found for atom CG2
2026-04-23 20:47:01,818 [ genlib ] [ INFO ] Searching order 3
2026-04-23 20:47:01,818 [ genlib ] [ INFO ] Searching order 4
2026-04-23 20:47:01,818 [ genlib ] [ INFO ] Searching order 5
2026-04-23 20:47:01,818 [ genlib ] [ INFO ] Searching order 6
2026-04-23 20:47:01,818 [ genlib ] [ INFO ] Searching order 7
2026-04-23 20:47:01,820 [ genlib ] [ INFO ] Updating bond lists
2026-04-23 20:47:01,820 [ genlib ] [ INFO ] Updating dihedrals
2026-04-23 20:47:01,820 [ genlib ] [ INFO ] Updating impropers
2026-04-23 20:47:01,820 [ genlib ] [ INFO ] Building library files for THR --> ASN mutant
2026-04-23 20:47:01,821 [ genlib ] [ INFO ] reading rtp file "aminoacids.rtp"
2026-04-23 20:47:01,866 [ genlib ] [ INFO ] ENTERED SIMPLE
2026-04-23 20:47:01,866 [ genlib ] [ INFO ] Making atom pairs
2026-04-23 20:47:01,866 [ genlib ] [ INFO ] Searching branch 1
2026-04-23 20:47:01,866 [ genlib ] [ INFO ] Searching order 2
2026-04-23 20:47:01,866 [ genlib ] [ INFO ] Checking atom HB
2026-04-23 20:47:01,866 [ genlib ] [ INFO ] Define atom pair: THR|HB|H1|H          - > ASN|1HB|HC|H         (d = 0.16 A)
2026-04-23 20:47:01,866 [ genlib ] [ INFO ] Checking atom OG1
2026-04-23 20:47:01,866 [ genlib ] [ INFO ] Define atom pair: THR|OG1|OH|O.3       - > ASN|CG|C|C.2         (d = 0.26 A)
2026-04-23 20:47:01,866 [ genlib ] [ INFO ] Checking atom CG2
2026-04-23 20:47:01,866 [ genlib ] [ INFO ] Define atom pair: THR|CG2|CT|C.3       - > ASN|2HB|HC|H         (d = 0.49 A)
2026-04-23 20:47:01,866 [ genlib ] [ INFO ] Searching order 3
2026-04-23 20:47:01,866 [ genlib ] [ INFO ] Checking atom HG1
2026-04-23 20:47:01,866 [ genlib ] [ INFO ] Define atom pair: THR|HG1|HO|H         - > ASN|OD1|O|O.2        (d = 0.55 A)
2026-04-23 20:47:01,866 [ genlib ] [ INFO ] Checking atom 1HG2
2026-04-23 20:47:01,866 [ genlib ] [ INFO ] No partner found for atom 1HG2
2026-04-23 20:47:01,866 [ genlib ] [ INFO ] Checking atom 2HG2
2026-04-23 20:47:01,866 [ genlib ] [ INFO ] No partner found for atom 2HG2
2026-04-23 20:47:01,866 [ genlib ] [ INFO ] Checking atom 3HG2
2026-04-23 20:47:01,866 [ genlib ] [ INFO ] No partner found for atom 3HG2
2026-04-23 20:47:01,866 [ genlib ] [ INFO ] Searching order 4
2026-04-23 20:47:01,866 [ genlib ] [ INFO ] Searching order 5
2026-04-23 20:47:01,866 [ genlib ] [ INFO ] Searching order 6
2026-04-23 20:47:01,866 [ genlib ] [ INFO ] Searching order 7
2026-04-23 20:47:01,866 [ genlib ] [ INFO ] Searching branch 2
2026-04-23 20:47:01,866 [ genlib ] [ INFO ] Searching order 2
2026-04-23 20:47:01,866 [ genlib ] [ INFO ] Searching order 3
2026-04-23 20:47:01,866 [ genlib ] [ INFO ] Checking atom 1HG2
2026-04-23 20:47:01,866 [ genlib ] [ INFO ] No partner found for atom 1HG2
2026-04-23 20:47:01,866 [ genlib ] [ INFO ] Checking atom 2HG2
2026-04-23 20:47:01,866 [ genlib ] [ INFO ] No partner found for atom 2HG2
2026-04-23 20:47:01,866 [ genlib ] [ INFO ] Checking atom 3HG2
2026-04-23 20:47:01,866 [ genlib ] [ INFO ] No partner found for atom 3HG2
2026-04-23 20:47:01,866 [ genlib ] [ INFO ] Searching order 4
2026-04-23 20:47:01,866 [ genlib ] [ INFO ] Searching order 5
2026-04-23 20:47:01,866 [ genlib ] [ INFO ] Searching order 6
2026-04-23 20:47:01,866 [ genlib ] [ INFO ] Searching order 7
2026-04-23 20:47:01,868 [ genlib ] [ INFO ] Updating bond lists
2026-04-23 20:47:01,868 [ genlib ] [ INFO ] Updating dihedrals
2026-04-23 20:47:01,868 [ genlib ] [ INFO ] Updating impropers
2026-04-23 20:47:01,868 [ genlib ] [ INFO ] Building library files for THR --> ASP mutant
2026-04-23 20:47:01,869 [ genlib ] [ INFO ] reading rtp file "aminoacids.rtp"
2026-04-23 20:47:01,914 [ genlib ] [ INFO ] ENTERED SIMPLE
2026-04-23 20:47:01,914 [ genlib ] [ INFO ] Making atom pairs
2026-04-23 20:47:01,914 [ genlib ] [ INFO ] Searching branch 1
2026-04-23 20:47:01,914 [ genlib ] [ INFO ] Searching order 2
2026-04-23 20:47:01,914 [ genlib ] [ INFO ] Checking atom HB
2026-04-23 20:47:01,914 [ genlib ] [ INFO ] Define atom pair: THR|HB|H1|H          - > ASP|1HB|HC|H         (d = 0.08 A)
2026-04-23 20:47:01,914 [ genlib ] [ INFO ] Checking atom OG1
2026-04-23 20:47:01,914 [ genlib ] [ INFO ] Define atom pair: THR|OG1|OH|O.3       - > ASP|CG|CO|C.2        (d = 0.17 A)
2026-04-23 20:47:01,914 [ genlib ] [ INFO ] Checking atom CG2
2026-04-23 20:47:01,914 [ genlib ] [ INFO ] Define atom pair: THR|CG2|CT|C.3       - > ASP|2HB|HC|H         (d = 0.47 A)
2026-04-23 20:47:01,914 [ genlib ] [ INFO ] Searching order 3
2026-04-23 20:47:01,914 [ genlib ] [ INFO ] Checking atom HG1
2026-04-23 20:47:01,914 [ genlib ] [ INFO ] Define atom pair: THR|HG1|HO|H         - > ASP|OD1|O2|O.co2     (d = 0.44 A)
2026-04-23 20:47:01,914 [ genlib ] [ INFO ] Checking atom 1HG2
2026-04-23 20:47:01,914 [ genlib ] [ INFO ] No partner found for atom 1HG2
2026-04-23 20:47:01,914 [ genlib ] [ INFO ] Checking atom 2HG2
2026-04-23 20:47:01,914 [ genlib ] [ INFO ] No partner found for atom 2HG2
2026-04-23 20:47:01,914 [ genlib ] [ INFO ] Checking atom 3HG2
2026-04-23 20:47:01,914 [ genlib ] [ INFO ] No partner found for atom 3HG2
2026-04-23 20:47:01,914 [ genlib ] [ INFO ] Searching order 4
2026-04-23 20:47:01,914 [ genlib ] [ INFO ] Searching order 5
2026-04-23 20:47:01,914 [ genlib ] [ INFO ] Searching order 6
2026-04-23 20:47:01,914 [ genlib ] [ INFO ] Searching order 7
2026-04-23 20:47:01,914 [ genlib ] [ INFO ] Searching branch 2
2026-04-23 20:47:01,914 [ genlib ] [ INFO ] Searching order 2
2026-04-23 20:47:01,914 [ genlib ] [ INFO ] Searching order 3
2026-04-23 20:47:01,914 [ genlib ] [ INFO ] Checking atom 1HG2
2026-04-23 20:47:01,914 [ genlib ] [ INFO ] No partner found for atom 1HG2
2026-04-23 20:47:01,914 [ genlib ] [ INFO ] Checking atom 2HG2
2026-04-23 20:47:01,914 [ genlib ] [ INFO ] No partner found for atom 2HG2
2026-04-23 20:47:01,914 [ genlib ] [ INFO ] Checking atom 3HG2
2026-04-23 20:47:01,914 [ genlib ] [ INFO ] No partner found for atom 3HG2
2026-04-23 20:47:01,914 [ genlib ] [ INFO ] Searching order 4
2026-04-23 20:47:01,914 [ genlib ] [ INFO ] Searching order 5
2026-04-23 20:47:01,914 [ genlib ] [ INFO ] Searching order 6
2026-04-23 20:47:01,914 [ genlib ] [ INFO ] Searching order 7
2026-04-23 20:47:01,915 [ genlib ] [ INFO ] Updating bond lists
2026-04-23 20:47:01,915 [ genlib ] [ INFO ] Updating dihedrals
2026-04-23 20:47:01,915 [ genlib ] [ INFO ] Updating impropers
2026-04-23 20:47:01,915 [ genlib ] [ INFO ] Building library files for THR --> CYS mutant
2026-04-23 20:47:01,916 [ genlib ] [ INFO ] reading rtp file "aminoacids.rtp"
2026-04-23 20:47:01,960 [ genlib ] [ INFO ] ENTERED SIMPLE
2026-04-23 20:47:01,960 [ genlib ] [ INFO ] Making atom pairs
2026-04-23 20:47:01,960 [ genlib ] [ INFO ] Searching branch 1
2026-04-23 20:47:01,960 [ genlib ] [ INFO ] Searching order 2
2026-04-23 20:47:01,960 [ genlib ] [ INFO ] Checking atom HB
2026-04-23 20:47:01,960 [ genlib ] [ INFO ] Define atom pair: THR|HB|H1|H          - > CYS|1HB|H1|H         (d = 0.01 A)
2026-04-23 20:47:01,960 [ genlib ] [ INFO ] Checking atom OG1
2026-04-23 20:47:01,960 [ genlib ] [ INFO ] Define atom pair: THR|OG1|OH|O.3       - > CYS|SG|SH|S.3        (d = 0.41 A)
2026-04-23 20:47:01,960 [ genlib ] [ INFO ] Checking atom CG2
2026-04-23 20:47:01,960 [ genlib ] [ INFO ] Define atom pair: THR|CG2|CT|C.3       - > CYS|2HB|H1|H         (d = 0.48 A)
2026-04-23 20:47:01,961 [ genlib ] [ INFO ] Searching order 3
2026-04-23 20:47:01,961 [ genlib ] [ INFO ] Checking atom HG1
2026-04-23 20:47:01,961 [ genlib ] [ INFO ] Define atom pair: THR|HG1|HO|H         - > CYS|HG|HS|H          (d = 0.46 A)
2026-04-23 20:47:01,961 [ genlib ] [ INFO ] Checking atom 1HG2
2026-04-23 20:47:01,961 [ genlib ] [ INFO ] No partner found for atom 1HG2
2026-04-23 20:47:01,961 [ genlib ] [ INFO ] Checking atom 2HG2
2026-04-23 20:47:01,961 [ genlib ] [ INFO ] No partner found for atom 2HG2
2026-04-23 20:47:01,961 [ genlib ] [ INFO ] Checking atom 3HG2
2026-04-23 20:47:01,961 [ genlib ] [ INFO ] No partner found for atom 3HG2
2026-04-23 20:47:01,961 [ genlib ] [ INFO ] Searching order 4
2026-04-23 20:47:01,961 [ genlib ] [ INFO ] Searching order 5
2026-04-23 20:47:01,961 [ genlib ] [ INFO ] Searching order 6
2026-04-23 20:47:01,961 [ genlib ] [ INFO ] Searching order 7
2026-04-23 20:47:01,961 [ genlib ] [ INFO ] Searching branch 2
2026-04-23 20:47:01,961 [ genlib ] [ INFO ] Searching order 2
2026-04-23 20:47:01,961 [ genlib ] [ INFO ] Searching order 3
2026-04-23 20:47:01,961 [ genlib ] [ INFO ] Checking atom 1HG2
2026-04-23 20:47:01,961 [ genlib ] [ INFO ] No partner found for atom 1HG2
2026-04-23 20:47:01,961 [ genlib ] [ INFO ] Checking atom 2HG2
2026-04-23 20:47:01,961 [ genlib ] [ INFO ] No partner found for atom 2HG2
2026-04-23 20:47:01,961 [ genlib ] [ INFO ] Checking atom 3HG2
2026-04-23 20:47:01,961 [ genlib ] [ INFO ] No partner found for atom 3HG2
2026-04-23 20:47:01,961 [ genlib ] [ INFO ] Searching order 4
2026-04-23 20:47:01,961 [ genlib ] [ INFO ] Searching order 5
2026-04-23 20:47:01,961 [ genlib ] [ INFO ] Searching order 6
2026-04-23 20:47:01,961 [ genlib ] [ INFO ] Searching order 7
2026-04-23 20:47:01,961 [ genlib ] [ INFO ] Updating bond lists
2026-04-23 20:47:01,961 [ genlib ] [ INFO ] Updating dihedrals
2026-04-23 20:47:01,961 [ genlib ] [ INFO ] Updating impropers
2026-04-23 20:47:01,962 [ genlib ] [ INFO ] Building library files for THR --> GLH mutant
2026-04-23 20:47:01,962 [ genlib ] [ INFO ] reading rtp file "aminoacids.rtp"
2026-04-23 20:47:02,008 [ genlib ] [ INFO ] ENTERED SIMPLE
2026-04-23 20:47:02,008 [ genlib ] [ INFO ] Making atom pairs
2026-04-23 20:47:02,008 [ genlib ] [ INFO ] Searching branch 1
2026-04-23 20:47:02,008 [ genlib ] [ INFO ] Searching order 2
2026-04-23 20:47:02,008 [ genlib ] [ INFO ] Checking atom HB
2026-04-23 20:47:02,008 [ genlib ] [ INFO ] Define atom pair: THR|HB|H1|H          - > GLH|1HB|HC|H         (d = 0.18 A)
2026-04-23 20:47:02,008 [ genlib ] [ INFO ] Checking atom OG1
2026-04-23 20:47:02,008 [ genlib ] [ INFO ] Define atom pair: THR|OG1|OH|O.3       - > GLH|CG|2C|C.3        (d = 0.32 A)
2026-04-23 20:47:02,008 [ genlib ] [ INFO ] Checking atom CG2
2026-04-23 20:47:02,008 [ genlib ] [ INFO ] Define atom pair: THR|CG2|CT|C.3       - > GLH|2HB|HC|H         (d = 0.54 A)
2026-04-23 20:47:02,008 [ genlib ] [ INFO ] Searching order 3
2026-04-23 20:47:02,008 [ genlib ] [ INFO ] Checking atom HG1
2026-04-23 20:47:02,008 [ genlib ] [ INFO ] No partner found for atom HG1
2026-04-23 20:47:02,008 [ genlib ] [ INFO ] Checking atom 1HG2
2026-04-23 20:47:02,008 [ genlib ] [ INFO ] No partner found for atom 1HG2
2026-04-23 20:47:02,008 [ genlib ] [ INFO ] Checking atom 2HG2
2026-04-23 20:47:02,008 [ genlib ] [ INFO ] No partner found for atom 2HG2
2026-04-23 20:47:02,008 [ genlib ] [ INFO ] Checking atom 3HG2
2026-04-23 20:47:02,008 [ genlib ] [ INFO ] No partner found for atom 3HG2
2026-04-23 20:47:02,008 [ genlib ] [ INFO ] Searching order 4
2026-04-23 20:47:02,008 [ genlib ] [ INFO ] Searching order 5
2026-04-23 20:47:02,008 [ genlib ] [ INFO ] Searching order 6
2026-04-23 20:47:02,008 [ genlib ] [ INFO ] Searching order 7
2026-04-23 20:47:02,008 [ genlib ] [ INFO ] Searching branch 2
2026-04-23 20:47:02,008 [ genlib ] [ INFO ] Searching order 2
2026-04-23 20:47:02,008 [ genlib ] [ INFO ] Searching order 3
2026-04-23 20:47:02,008 [ genlib ] [ INFO ] Checking atom HG1
2026-04-23 20:47:02,008 [ genlib ] [ INFO ] No partner found for atom HG1
2026-04-23 20:47:02,009 [ genlib ] [ INFO ] Checking atom 1HG2
2026-04-23 20:47:02,009 [ genlib ] [ INFO ] No partner found for atom 1HG2
2026-04-23 20:47:02,009 [ genlib ] [ INFO ] Checking atom 2HG2
2026-04-23 20:47:02,009 [ genlib ] [ INFO ] No partner found for atom 2HG2
2026-04-23 20:47:02,009 [ genlib ] [ INFO ] Checking atom 3HG2
2026-04-23 20:47:02,009 [ genlib ] [ INFO ] No partner found for atom 3HG2
2026-04-23 20:47:02,009 [ genlib ] [ INFO ] Searching order 4
2026-04-23 20:47:02,009 [ genlib ] [ INFO ] Searching order 5
2026-04-23 20:47:02,009 [ genlib ] [ INFO ] Searching order 6
2026-04-23 20:47:02,009 [ genlib ] [ INFO ] Searching order 7
2026-04-23 20:47:02,011 [ genlib ] [ INFO ] Updating bond lists
2026-04-23 20:47:02,011 [ genlib ] [ INFO ] Updating dihedrals
2026-04-23 20:47:02,011 [ genlib ] [ INFO ] Updating impropers
2026-04-23 20:47:02,011 [ genlib ] [ INFO ] Building library files for THR --> GLN mutant
2026-04-23 20:47:02,012 [ genlib ] [ INFO ] reading rtp file "aminoacids.rtp"
2026-04-23 20:47:02,057 [ genlib ] [ INFO ] ENTERED SIMPLE
2026-04-23 20:47:02,058 [ genlib ] [ INFO ] Making atom pairs
2026-04-23 20:47:02,058 [ genlib ] [ INFO ] Searching branch 1
2026-04-23 20:47:02,058 [ genlib ] [ INFO ] Searching order 2
2026-04-23 20:47:02,058 [ genlib ] [ INFO ] Checking atom HB
2026-04-23 20:47:02,058 [ genlib ] [ INFO ] Define atom pair: THR|HB|H1|H          - > GLN|1HB|HC|H         (d = 0.06 A)
2026-04-23 20:47:02,058 [ genlib ] [ INFO ] Checking atom OG1
2026-04-23 20:47:02,058 [ genlib ] [ INFO ] Define atom pair: THR|OG1|OH|O.3       - > GLN|CG|2C|C.3        (d = 0.19 A)
2026-04-23 20:47:02,058 [ genlib ] [ INFO ] Checking atom CG2
2026-04-23 20:47:02,058 [ genlib ] [ INFO ] Define atom pair: THR|CG2|CT|C.3       - > GLN|2HB|HC|H         (d = 0.47 A)
2026-04-23 20:47:02,058 [ genlib ] [ INFO ] Searching order 3
2026-04-23 20:47:02,058 [ genlib ] [ INFO ] Checking atom HG1
2026-04-23 20:47:02,058 [ genlib ] [ INFO ] No partner found for atom HG1
2026-04-23 20:47:02,058 [ genlib ] [ INFO ] Checking atom 1HG2
2026-04-23 20:47:02,058 [ genlib ] [ INFO ] No partner found for atom 1HG2
2026-04-23 20:47:02,058 [ genlib ] [ INFO ] Checking atom 2HG2
2026-04-23 20:47:02,058 [ genlib ] [ INFO ] No partner found for atom 2HG2
2026-04-23 20:47:02,058 [ genlib ] [ INFO ] Checking atom 3HG2
2026-04-23 20:47:02,058 [ genlib ] [ INFO ] No partner found for atom 3HG2
2026-04-23 20:47:02,058 [ genlib ] [ INFO ] Searching order 4
2026-04-23 20:47:02,058 [ genlib ] [ INFO ] Searching order 5
2026-04-23 20:47:02,058 [ genlib ] [ INFO ] Searching order 6
2026-04-23 20:47:02,058 [ genlib ] [ INFO ] Searching order 7
2026-04-23 20:47:02,058 [ genlib ] [ INFO ] Searching branch 2
2026-04-23 20:47:02,058 [ genlib ] [ INFO ] Searching order 2
2026-04-23 20:47:02,058 [ genlib ] [ INFO ] Searching order 3
2026-04-23 20:47:02,058 [ genlib ] [ INFO ] Checking atom HG1
2026-04-23 20:47:02,058 [ genlib ] [ INFO ] No partner found for atom HG1
2026-04-23 20:47:02,058 [ genlib ] [ INFO ] Checking atom 1HG2
2026-04-23 20:47:02,058 [ genlib ] [ INFO ] No partner found for atom 1HG2
2026-04-23 20:47:02,058 [ genlib ] [ INFO ] Checking atom 2HG2
2026-04-23 20:47:02,058 [ genlib ] [ INFO ] No partner found for atom 2HG2
2026-04-23 20:47:02,058 [ genlib ] [ INFO ] Checking atom 3HG2
2026-04-23 20:47:02,058 [ genlib ] [ INFO ] No partner found for atom 3HG2
2026-04-23 20:47:02,058 [ genlib ] [ INFO ] Searching order 4
2026-04-23 20:47:02,058 [ genlib ] [ INFO ] Searching order 5
2026-04-23 20:47:02,058 [ genlib ] [ INFO ] Searching order 6
2026-04-23 20:47:02,058 [ genlib ] [ INFO ] Searching order 7
2026-04-23 20:47:02,061 [ genlib ] [ INFO ] Updating bond lists
2026-04-23 20:47:02,061 [ genlib ] [ INFO ] Updating dihedrals
2026-04-23 20:47:02,061 [ genlib ] [ INFO ] Updating impropers
2026-04-23 20:47:02,061 [ genlib ] [ INFO ] Building library files for THR --> GLU mutant
2026-04-23 20:47:02,062 [ genlib ] [ INFO ] reading rtp file "aminoacids.rtp"
2026-04-23 20:47:02,107 [ genlib ] [ INFO ] ENTERED SIMPLE
2026-04-23 20:47:02,107 [ genlib ] [ INFO ] Making atom pairs
2026-04-23 20:47:02,107 [ genlib ] [ INFO ] Searching branch 1
2026-04-23 20:47:02,107 [ genlib ] [ INFO ] Searching order 2
2026-04-23 20:47:02,107 [ genlib ] [ INFO ] Checking atom HB
2026-04-23 20:47:02,107 [ genlib ] [ INFO ] Define atom pair: THR|HB|H1|H          - > GLU|1HB|HC|H         (d = 0.15 A)
2026-04-23 20:47:02,107 [ genlib ] [ INFO ] Checking atom OG1
2026-04-23 20:47:02,107 [ genlib ] [ INFO ] Define atom pair: THR|OG1|OH|O.3       - > GLU|CG|2C|C.3        (d = 0.32 A)
2026-04-23 20:47:02,107 [ genlib ] [ INFO ] Checking atom CG2
2026-04-23 20:47:02,107 [ genlib ] [ INFO ] Define atom pair: THR|CG2|CT|C.3       - > GLU|2HB|HC|H         (d = 0.47 A)
2026-04-23 20:47:02,107 [ genlib ] [ INFO ] Searching order 3
2026-04-23 20:47:02,107 [ genlib ] [ INFO ] Checking atom HG1
2026-04-23 20:47:02,107 [ genlib ] [ INFO ] No partner found for atom HG1
2026-04-23 20:47:02,107 [ genlib ] [ INFO ] Checking atom 1HG2
2026-04-23 20:47:02,107 [ genlib ] [ INFO ] No partner found for atom 1HG2
2026-04-23 20:47:02,107 [ genlib ] [ INFO ] Checking atom 2HG2
2026-04-23 20:47:02,107 [ genlib ] [ INFO ] No partner found for atom 2HG2
2026-04-23 20:47:02,107 [ genlib ] [ INFO ] Checking atom 3HG2
2026-04-23 20:47:02,107 [ genlib ] [ INFO ] No partner found for atom 3HG2
2026-04-23 20:47:02,107 [ genlib ] [ INFO ] Searching order 4
2026-04-23 20:47:02,107 [ genlib ] [ INFO ] Searching order 5
2026-04-23 20:47:02,107 [ genlib ] [ INFO ] Searching order 6
2026-04-23 20:47:02,107 [ genlib ] [ INFO ] Searching order 7
2026-04-23 20:47:02,107 [ genlib ] [ INFO ] Searching branch 2
2026-04-23 20:47:02,107 [ genlib ] [ INFO ] Searching order 2
2026-04-23 20:47:02,107 [ genlib ] [ INFO ] Searching order 3
2026-04-23 20:47:02,107 [ genlib ] [ INFO ] Checking atom HG1
2026-04-23 20:47:02,107 [ genlib ] [ INFO ] No partner found for atom HG1
2026-04-23 20:47:02,107 [ genlib ] [ INFO ] Checking atom 1HG2
2026-04-23 20:47:02,107 [ genlib ] [ INFO ] No partner found for atom 1HG2
2026-04-23 20:47:02,107 [ genlib ] [ INFO ] Checking atom 2HG2
2026-04-23 20:47:02,107 [ genlib ] [ INFO ] No partner found for atom 2HG2
2026-04-23 20:47:02,107 [ genlib ] [ INFO ] Checking atom 3HG2
2026-04-23 20:47:02,107 [ genlib ] [ INFO ] No partner found for atom 3HG2
2026-04-23 20:47:02,107 [ genlib ] [ INFO ] Searching order 4
2026-04-23 20:47:02,107 [ genlib ] [ INFO ] Searching order 5
2026-04-23 20:47:02,107 [ genlib ] [ INFO ] Searching order 6
2026-04-23 20:47:02,107 [ genlib ] [ INFO ] Searching order 7
2026-04-23 20:47:02,109 [ genlib ] [ INFO ] Updating bond lists
2026-04-23 20:47:02,109 [ genlib ] [ INFO ] Updating dihedrals
2026-04-23 20:47:02,109 [ genlib ] [ INFO ] Updating impropers
2026-04-23 20:47:02,110 [ genlib ] [ INFO ] Building library files for THR --> GLY mutant
2026-04-23 20:47:02,110 [ genlib ] [ INFO ] reading rtp file "aminoacids.rtp"
2026-04-23 20:47:02,155 [ genlib ] [ INFO ] ENTERED G
2026-04-23 20:47:02,155 [ genlib ] [ INFO ] Making atom pairs
2026-04-23 20:47:02,156 [ genlib ] [ INFO ] Updating bond lists
2026-04-23 20:47:02,156 [ genlib ] [ INFO ] Updating dihedrals
2026-04-23 20:47:02,156 [ genlib ] [ INFO ] Updating impropers
2026-04-23 20:47:02,156 [ genlib ] [ INFO ] Building library files for THR --> HID mutant
2026-04-23 20:47:02,157 [ genlib ] [ INFO ] reading rtp file "aminoacids.rtp"
2026-04-23 20:47:02,202 [ genlib ] [ INFO ] ENTERED T,A,V,I
2026-04-23 20:47:02,202 [ genlib ] [ INFO ] Making atom pairs
2026-04-23 20:47:02,206 [ genlib ] [ INFO ] Updating bond lists
2026-04-23 20:47:02,206 [ genlib ] [ INFO ] Updating dihedrals
2026-04-23 20:47:02,206 [ genlib ] [ INFO ] Updating impropers
2026-04-23 20:47:02,207 [ genlib ] [ INFO ] Building library files for THR --> HIE mutant
2026-04-23 20:47:02,208 [ genlib ] [ INFO ] reading rtp file "aminoacids.rtp"
2026-04-23 20:47:02,253 [ genlib ] [ INFO ] ENTERED T,A,V,I
2026-04-23 20:47:02,253 [ genlib ] [ INFO ] Making atom pairs
2026-04-23 20:47:02,257 [ genlib ] [ INFO ] Updating bond lists
2026-04-23 20:47:02,257 [ genlib ] [ INFO ] Updating dihedrals
2026-04-23 20:47:02,257 [ genlib ] [ INFO ] Updating impropers
2026-04-23 20:47:02,257 [ genlib ] [ INFO ] Building library files for THR --> HIP mutant
2026-04-23 20:47:02,258 [ genlib ] [ INFO ] reading rtp file "aminoacids.rtp"
2026-04-23 20:47:02,303 [ genlib ] [ INFO ] ENTERED T,A,V,I
2026-04-23 20:47:02,303 [ genlib ] [ INFO ] Making atom pairs
2026-04-23 20:47:02,308 [ genlib ] [ INFO ] Updating bond lists
2026-04-23 20:47:02,308 [ genlib ] [ INFO ] Updating dihedrals
2026-04-23 20:47:02,308 [ genlib ] [ INFO ] Updating impropers
2026-04-23 20:47:02,309 [ genlib ] [ INFO ] Building library files for THR --> ILE mutant
2026-04-23 20:47:02,310 [ genlib ] [ INFO ] reading rtp file "aminoacids.rtp"
2026-04-23 20:47:02,355 [ genlib ] [ INFO ] ENTERED SIMPLE
2026-04-23 20:47:02,356 [ genlib ] [ INFO ] Making atom pairs
2026-04-23 20:47:02,356 [ genlib ] [ INFO ] Searching branch 1
2026-04-23 20:47:02,356 [ genlib ] [ INFO ] Searching order 2
2026-04-23 20:47:02,356 [ genlib ] [ INFO ] Checking atom HB
2026-04-23 20:47:02,356 [ genlib ] [ INFO ] Define atom pair: THR|HB|H1|H          - > ILE|HB|HC|H          (d = 0.09 A)
2026-04-23 20:47:02,356 [ genlib ] [ INFO ] Checking atom OG1
2026-04-23 20:47:02,356 [ genlib ] [ INFO ] Define atom pair: THR|OG1|OH|O.3       - > ILE|CG1|2C|C.3       (d = 0.22 A)
2026-04-23 20:47:02,356 [ genlib ] [ INFO ] Checking atom CG2
2026-04-23 20:47:02,356 [ genlib ] [ INFO ] Define atom pair: THR|CG2|CT|C.3       - > ILE|CG2|CT|C.3       (d = 0.25 A)
2026-04-23 20:47:02,356 [ genlib ] [ INFO ] Searching order 3
2026-04-23 20:47:02,356 [ genlib ] [ INFO ] Checking atom HG1
2026-04-23 20:47:02,356 [ genlib ] [ INFO ] No partner found for atom HG1
2026-04-23 20:47:02,356 [ genlib ] [ INFO ] Checking atom 1HG2
2026-04-23 20:47:02,356 [ genlib ] [ INFO ] Define atom pair: THR|1HG2|HC|H        - > ILE|1HG2|HC|H        (d = 0.34 A)
2026-04-23 20:47:02,356 [ genlib ] [ INFO ] Checking atom 2HG2
2026-04-23 20:47:02,356 [ genlib ] [ INFO ] Define atom pair: THR|2HG2|HC|H        - > ILE|2HG2|HC|H        (d = 0.33 A)
2026-04-23 20:47:02,356 [ genlib ] [ INFO ] Checking atom 3HG2
2026-04-23 20:47:02,356 [ genlib ] [ INFO ] Define atom pair: THR|3HG2|HC|H        - > ILE|3HG2|HC|H        (d = 0.32 A)
2026-04-23 20:47:02,356 [ genlib ] [ INFO ] Searching order 4
2026-04-23 20:47:02,356 [ genlib ] [ INFO ] Searching order 5
2026-04-23 20:47:02,356 [ genlib ] [ INFO ] Searching order 6
2026-04-23 20:47:02,356 [ genlib ] [ INFO ] Searching order 7
2026-04-23 20:47:02,356 [ genlib ] [ INFO ] Searching branch 2
2026-04-23 20:47:02,356 [ genlib ] [ INFO ] Searching order 2
2026-04-23 20:47:02,356 [ genlib ] [ INFO ] Searching order 3
2026-04-23 20:47:02,356 [ genlib ] [ INFO ] Checking atom HG1
2026-04-23 20:47:02,356 [ genlib ] [ INFO ] No partner found for atom HG1
2026-04-23 20:47:02,356 [ genlib ] [ INFO ] Searching order 4
2026-04-23 20:47:02,356 [ genlib ] [ INFO ] Searching order 5
2026-04-23 20:47:02,356 [ genlib ] [ INFO ] Searching order 6
2026-04-23 20:47:02,356 [ genlib ] [ INFO ] Searching order 7
2026-04-23 20:47:02,359 [ genlib ] [ INFO ] Updating bond lists
2026-04-23 20:47:02,359 [ genlib ] [ INFO ] Updating dihedrals
2026-04-23 20:47:02,359 [ genlib ] [ INFO ] Updating impropers
2026-04-23 20:47:02,359 [ genlib ] [ INFO ] Building library files for THR --> LEU mutant
2026-04-23 20:47:02,360 [ genlib ] [ INFO ] reading rtp file "aminoacids.rtp"
2026-04-23 20:47:02,425 [ genlib ] [ INFO ] ENTERED SIMPLE
2026-04-23 20:47:02,425 [ genlib ] [ INFO ] Making atom pairs
2026-04-23 20:47:02,425 [ genlib ] [ INFO ] Searching branch 1
2026-04-23 20:47:02,425 [ genlib ] [ INFO ] Searching order 2
2026-04-23 20:47:02,425 [ genlib ] [ INFO ] Checking atom HB
2026-04-23 20:47:02,425 [ genlib ] [ INFO ] Define atom pair: THR|HB|H1|H          - > LEU|1HB|HC|H         (d = 0.12 A)
2026-04-23 20:47:02,425 [ genlib ] [ INFO ] Checking atom OG1
2026-04-23 20:47:02,425 [ genlib ] [ INFO ] Define atom pair: THR|OG1|OH|O.3       - > LEU|CG|3C|C.3        (d = 0.28 A)
2026-04-23 20:47:02,425 [ genlib ] [ INFO ] Checking atom CG2
2026-04-23 20:47:02,425 [ genlib ] [ INFO ] Define atom pair: THR|CG2|CT|C.3       - > LEU|2HB|HC|H         (d = 0.50 A)
2026-04-23 20:47:02,425 [ genlib ] [ INFO ] Searching order 3
2026-04-23 20:47:02,425 [ genlib ] [ INFO ] Checking atom HG1
2026-04-23 20:47:02,425 [ genlib ] [ INFO ] No partner found for atom HG1
2026-04-23 20:47:02,425 [ genlib ] [ INFO ] Checking atom 1HG2
2026-04-23 20:47:02,425 [ genlib ] [ INFO ] No partner found for atom 1HG2
2026-04-23 20:47:02,425 [ genlib ] [ INFO ] Checking atom 2HG2
2026-04-23 20:47:02,425 [ genlib ] [ INFO ] No partner found for atom 2HG2
2026-04-23 20:47:02,425 [ genlib ] [ INFO ] Checking atom 3HG2
2026-04-23 20:47:02,425 [ genlib ] [ INFO ] No partner found for atom 3HG2
2026-04-23 20:47:02,425 [ genlib ] [ INFO ] Searching order 4
2026-04-23 20:47:02,425 [ genlib ] [ INFO ] Searching order 5
2026-04-23 20:47:02,425 [ genlib ] [ INFO ] Searching order 6
2026-04-23 20:47:02,425 [ genlib ] [ INFO ] Searching order 7
2026-04-23 20:47:02,425 [ genlib ] [ INFO ] Searching branch 2
2026-04-23 20:47:02,425 [ genlib ] [ INFO ] Searching order 2
2026-04-23 20:47:02,425 [ genlib ] [ INFO ] Searching order 3
2026-04-23 20:47:02,425 [ genlib ] [ INFO ] Checking atom HG1
2026-04-23 20:47:02,425 [ genlib ] [ INFO ] No partner found for atom HG1
2026-04-23 20:47:02,425 [ genlib ] [ INFO ] Checking atom 1HG2
2026-04-23 20:47:02,425 [ genlib ] [ INFO ] No partner found for atom 1HG2
2026-04-23 20:47:02,425 [ genlib ] [ INFO ] Checking atom 2HG2
2026-04-23 20:47:02,425 [ genlib ] [ INFO ] No partner found for atom 2HG2
2026-04-23 20:47:02,425 [ genlib ] [ INFO ] Checking atom 3HG2
2026-04-23 20:47:02,426 [ genlib ] [ INFO ] No partner found for atom 3HG2
2026-04-23 20:47:02,426 [ genlib ] [ INFO ] Searching order 4
2026-04-23 20:47:02,426 [ genlib ] [ INFO ] Searching order 5
2026-04-23 20:47:02,426 [ genlib ] [ INFO ] Searching order 6
2026-04-23 20:47:02,426 [ genlib ] [ INFO ] Searching order 7
2026-04-23 20:47:02,430 [ genlib ] [ INFO ] Updating bond lists
2026-04-23 20:47:02,430 [ genlib ] [ INFO ] Updating dihedrals
2026-04-23 20:47:02,430 [ genlib ] [ INFO ] Updating impropers
2026-04-23 20:47:02,430 [ genlib ] [ INFO ] Building library files for THR --> LYN mutant
2026-04-23 20:47:02,431 [ genlib ] [ INFO ] reading rtp file "aminoacids.rtp"
2026-04-23 20:47:02,483 [ genlib ] [ INFO ] ENTERED SIMPLE
2026-04-23 20:47:02,483 [ genlib ] [ INFO ] Making atom pairs
2026-04-23 20:47:02,483 [ genlib ] [ INFO ] Searching branch 1
2026-04-23 20:47:02,483 [ genlib ] [ INFO ] Searching order 2
2026-04-23 20:47:02,483 [ genlib ] [ INFO ] Checking atom HB
2026-04-23 20:47:02,483 [ genlib ] [ INFO ] Define atom pair: THR|HB|H1|H          - > LYN|1HB|HC|H         (d = 0.10 A)
2026-04-23 20:47:02,483 [ genlib ] [ INFO ] Checking atom OG1
2026-04-23 20:47:02,483 [ genlib ] [ INFO ] Define atom pair: THR|OG1|OH|O.3       - > LYN|CG|CT|C.3        (d = 0.20 A)
2026-04-23 20:47:02,483 [ genlib ] [ INFO ] Checking atom CG2
2026-04-23 20:47:02,483 [ genlib ] [ INFO ] No partner found for atom CG2
2026-04-23 20:47:02,483 [ genlib ] [ INFO ] Searching order 3
2026-04-23 20:47:02,483 [ genlib ] [ INFO ] Checking atom HG1
2026-04-23 20:47:02,483 [ genlib ] [ INFO ] No partner found for atom HG1
2026-04-23 20:47:02,483 [ genlib ] [ INFO ] Searching order 4
2026-04-23 20:47:02,483 [ genlib ] [ INFO ] Searching order 5
2026-04-23 20:47:02,483 [ genlib ] [ INFO ] Searching order 6
2026-04-23 20:47:02,483 [ genlib ] [ INFO ] Searching order 7
2026-04-23 20:47:02,483 [ genlib ] [ INFO ] Searching branch 2
2026-04-23 20:47:02,483 [ genlib ] [ INFO ] Searching order 2
2026-04-23 20:47:02,483 [ genlib ] [ INFO ] Checking atom CG2
2026-04-23 20:47:02,483 [ genlib ] [ INFO ] No partner found for atom CG2
2026-04-23 20:47:02,483 [ genlib ] [ INFO ] Searching order 3
2026-04-23 20:47:02,483 [ genlib ] [ INFO ] Checking atom HG1
2026-04-23 20:47:02,483 [ genlib ] [ INFO ] No partner found for atom HG1
2026-04-23 20:47:02,483 [ genlib ] [ INFO ] Searching order 4
2026-04-23 20:47:02,483 [ genlib ] [ INFO ] Searching order 5
2026-04-23 20:47:02,483 [ genlib ] [ INFO ] Searching order 6
2026-04-23 20:47:02,483 [ genlib ] [ INFO ] Searching order 7
2026-04-23 20:47:02,489 [ genlib ] [ INFO ] Updating bond lists
2026-04-23 20:47:02,490 [ genlib ] [ INFO ] Updating dihedrals
2026-04-23 20:47:02,490 [ genlib ] [ INFO ] Updating impropers
2026-04-23 20:47:02,490 [ genlib ] [ INFO ] Building library files for THR --> LYS mutant
2026-04-23 20:47:02,491 [ genlib ] [ INFO ] reading rtp file "aminoacids.rtp"
2026-04-23 20:47:02,544 [ genlib ] [ INFO ] ENTERED SIMPLE
2026-04-23 20:47:02,544 [ genlib ] [ INFO ] Making atom pairs
2026-04-23 20:47:02,545 [ genlib ] [ INFO ] Searching branch 1
2026-04-23 20:47:02,545 [ genlib ] [ INFO ] Searching order 2
2026-04-23 20:47:02,545 [ genlib ] [ INFO ] Checking atom HB
2026-04-23 20:47:02,545 [ genlib ] [ INFO ] Define atom pair: THR|HB|H1|H          - > LYS|1HB|HC|H         (d = 0.03 A)
2026-04-23 20:47:02,545 [ genlib ] [ INFO ] Checking atom OG1
2026-04-23 20:47:02,545 [ genlib ] [ INFO ] Define atom pair: THR|OG1|OH|O.3       - > LYS|CG|C8|C.3        (d = 0.20 A)
2026-04-23 20:47:02,545 [ genlib ] [ INFO ] Checking atom CG2
2026-04-23 20:47:02,545 [ genlib ] [ INFO ] Define atom pair: THR|CG2|CT|C.3       - > LYS|2HB|HC|H         (d = 0.48 A)
2026-04-23 20:47:02,545 [ genlib ] [ INFO ] Searching order 3
2026-04-23 20:47:02,545 [ genlib ] [ INFO ] Checking atom HG1
2026-04-23 20:47:02,545 [ genlib ] [ INFO ] No partner found for atom HG1
2026-04-23 20:47:02,545 [ genlib ] [ INFO ] Checking atom 1HG2
2026-04-23 20:47:02,545 [ genlib ] [ INFO ] No partner found for atom 1HG2
2026-04-23 20:47:02,545 [ genlib ] [ INFO ] Checking atom 2HG2
2026-04-23 20:47:02,545 [ genlib ] [ INFO ] No partner found for atom 2HG2
2026-04-23 20:47:02,545 [ genlib ] [ INFO ] Checking atom 3HG2
2026-04-23 20:47:02,545 [ genlib ] [ INFO ] No partner found for atom 3HG2
2026-04-23 20:47:02,545 [ genlib ] [ INFO ] Searching order 4
2026-04-23 20:47:02,545 [ genlib ] [ INFO ] Searching order 5
2026-04-23 20:47:02,545 [ genlib ] [ INFO ] Searching order 6
2026-04-23 20:47:02,545 [ genlib ] [ INFO ] Searching order 7
2026-04-23 20:47:02,545 [ genlib ] [ INFO ] Searching branch 2
2026-04-23 20:47:02,545 [ genlib ] [ INFO ] Searching order 2
2026-04-23 20:47:02,545 [ genlib ] [ INFO ] Searching order 3
2026-04-23 20:47:02,545 [ genlib ] [ INFO ] Checking atom HG1
2026-04-23 20:47:02,545 [ genlib ] [ INFO ] No partner found for atom HG1
2026-04-23 20:47:02,545 [ genlib ] [ INFO ] Checking atom 1HG2
2026-04-23 20:47:02,545 [ genlib ] [ INFO ] No partner found for atom 1HG2
2026-04-23 20:47:02,545 [ genlib ] [ INFO ] Checking atom 2HG2
2026-04-23 20:47:02,545 [ genlib ] [ INFO ] No partner found for atom 2HG2
2026-04-23 20:47:02,545 [ genlib ] [ INFO ] Checking atom 3HG2
2026-04-23 20:47:02,545 [ genlib ] [ INFO ] No partner found for atom 3HG2
2026-04-23 20:47:02,545 [ genlib ] [ INFO ] Searching order 4
2026-04-23 20:47:02,545 [ genlib ] [ INFO ] Searching order 5
2026-04-23 20:47:02,545 [ genlib ] [ INFO ] Searching order 6
2026-04-23 20:47:02,545 [ genlib ] [ INFO ] Searching order 7
2026-04-23 20:47:02,550 [ genlib ] [ INFO ] Updating bond lists
2026-04-23 20:47:02,551 [ genlib ] [ INFO ] Updating dihedrals
2026-04-23 20:47:02,551 [ genlib ] [ INFO ] Updating impropers
2026-04-23 20:47:02,551 [ genlib ] [ INFO ] Building library files for THR --> MET mutant
2026-04-23 20:47:02,552 [ genlib ] [ INFO ] reading rtp file "aminoacids.rtp"
2026-04-23 20:47:02,599 [ genlib ] [ INFO ] ENTERED SIMPLE
2026-04-23 20:47:02,599 [ genlib ] [ INFO ] Making atom pairs
2026-04-23 20:47:02,599 [ genlib ] [ INFO ] Searching branch 1
2026-04-23 20:47:02,599 [ genlib ] [ INFO ] Searching order 2
2026-04-23 20:47:02,599 [ genlib ] [ INFO ] Checking atom HB
2026-04-23 20:47:02,599 [ genlib ] [ INFO ] Define atom pair: THR|HB|H1|H          - > MET|1HB|HC|H         (d = 0.09 A)
2026-04-23 20:47:02,599 [ genlib ] [ INFO ] Checking atom OG1
2026-04-23 20:47:02,599 [ genlib ] [ INFO ] Define atom pair: THR|OG1|OH|O.3       - > MET|CG|2C|C.3        (d = 0.18 A)
2026-04-23 20:47:02,599 [ genlib ] [ INFO ] Checking atom CG2
2026-04-23 20:47:02,599 [ genlib ] [ INFO ] Define atom pair: THR|CG2|CT|C.3       - > MET|2HB|HC|H         (d = 0.49 A)
2026-04-23 20:47:02,599 [ genlib ] [ INFO ] Searching order 3
2026-04-23 20:47:02,599 [ genlib ] [ INFO ] Checking atom HG1
2026-04-23 20:47:02,599 [ genlib ] [ INFO ] No partner found for atom HG1
2026-04-23 20:47:02,599 [ genlib ] [ INFO ] Checking atom 1HG2
2026-04-23 20:47:02,599 [ genlib ] [ INFO ] No partner found for atom 1HG2
2026-04-23 20:47:02,599 [ genlib ] [ INFO ] Checking atom 2HG2
2026-04-23 20:47:02,599 [ genlib ] [ INFO ] No partner found for atom 2HG2
2026-04-23 20:47:02,599 [ genlib ] [ INFO ] Checking atom 3HG2
2026-04-23 20:47:02,599 [ genlib ] [ INFO ] No partner found for atom 3HG2
2026-04-23 20:47:02,599 [ genlib ] [ INFO ] Searching order 4
2026-04-23 20:47:02,599 [ genlib ] [ INFO ] Searching order 5
2026-04-23 20:47:02,599 [ genlib ] [ INFO ] Searching order 6
2026-04-23 20:47:02,599 [ genlib ] [ INFO ] Searching order 7
2026-04-23 20:47:02,599 [ genlib ] [ INFO ] Searching branch 2
2026-04-23 20:47:02,599 [ genlib ] [ INFO ] Searching order 2
2026-04-23 20:47:02,599 [ genlib ] [ INFO ] Searching order 3
2026-04-23 20:47:02,599 [ genlib ] [ INFO ] Checking atom HG1
2026-04-23 20:47:02,599 [ genlib ] [ INFO ] No partner found for atom HG1
2026-04-23 20:47:02,599 [ genlib ] [ INFO ] Checking atom 1HG2
2026-04-23 20:47:02,599 [ genlib ] [ INFO ] No partner found for atom 1HG2
2026-04-23 20:47:02,599 [ genlib ] [ INFO ] Checking atom 2HG2
2026-04-23 20:47:02,599 [ genlib ] [ INFO ] No partner found for atom 2HG2
2026-04-23 20:47:02,599 [ genlib ] [ INFO ] Checking atom 3HG2
2026-04-23 20:47:02,599 [ genlib ] [ INFO ] No partner found for atom 3HG2
2026-04-23 20:47:02,599 [ genlib ] [ INFO ] Searching order 4
2026-04-23 20:47:02,599 [ genlib ] [ INFO ] Searching order 5
2026-04-23 20:47:02,599 [ genlib ] [ INFO ] Searching order 6
2026-04-23 20:47:02,599 [ genlib ] [ INFO ] Searching order 7
2026-04-23 20:47:02,602 [ genlib ] [ INFO ] Updating bond lists
2026-04-23 20:47:02,603 [ genlib ] [ INFO ] Updating dihedrals
2026-04-23 20:47:02,603 [ genlib ] [ INFO ] Updating impropers
2026-04-23 20:47:02,603 [ genlib ] [ INFO ] Building library files for THR --> PHE mutant
2026-04-23 20:47:02,604 [ genlib ] [ INFO ] reading rtp file "aminoacids.rtp"
2026-04-23 20:47:02,652 [ genlib ] [ INFO ] ENTERED T,A,V,I
2026-04-23 20:47:02,652 [ genlib ] [ INFO ] Making atom pairs
2026-04-23 20:47:02,658 [ genlib ] [ INFO ] Updating bond lists
2026-04-23 20:47:02,659 [ genlib ] [ INFO ] Updating dihedrals
2026-04-23 20:47:02,659 [ genlib ] [ INFO ] Updating impropers
2026-04-23 20:47:02,659 [ genlib ] [ INFO ] Building library files for THR --> PRO mutant
2026-04-23 20:47:02,660 [ genlib ] [ INFO ] reading rtp file "aminoacids.rtp"
2026-04-23 20:47:02,706 [ genlib ] [ INFO ] ENTERED P
2026-04-23 20:47:02,706 [ genlib ] [ INFO ] Making atom pairs
2026-04-23 20:47:02,710 [ genlib ] [ INFO ] Updating bond lists
2026-04-23 20:47:02,710 [ genlib ] [ INFO ] Updating dihedrals
2026-04-23 20:47:02,710 [ genlib ] [ INFO ] Updating impropers
2026-04-23 20:47:02,710 [ genlib ] [ INFO ] Building library files for THR --> SER mutant
2026-04-23 20:47:02,711 [ genlib ] [ INFO ] reading rtp file "aminoacids.rtp"
2026-04-23 20:47:02,758 [ genlib ] [ INFO ] ENTERED SIMPLE
2026-04-23 20:47:02,758 [ genlib ] [ INFO ] Making atom pairs
2026-04-23 20:47:02,758 [ genlib ] [ INFO ] Searching branch 1
2026-04-23 20:47:02,758 [ genlib ] [ INFO ] Searching order 2
2026-04-23 20:47:02,758 [ genlib ] [ INFO ] Checking atom HB
2026-04-23 20:47:02,758 [ genlib ] [ INFO ] Define atom pair: THR|HB|H1|H          - > SER|1HB|H1|H         (d = 0.10 A)
2026-04-23 20:47:02,758 [ genlib ] [ INFO ] Checking atom OG1
2026-04-23 20:47:02,758 [ genlib ] [ INFO ] Define atom pair: THR|OG1|OH|O.3       - > SER|OG|OH|O.3        (d = 0.18 A)
2026-04-23 20:47:02,758 [ genlib ] [ INFO ] Checking atom CG2
2026-04-23 20:47:02,758 [ genlib ] [ INFO ] Define atom pair: THR|CG2|CT|C.3       - > SER|2HB|H1|H         (d = 0.45 A)
2026-04-23 20:47:02,758 [ genlib ] [ INFO ] Searching order 3
2026-04-23 20:47:02,758 [ genlib ] [ INFO ] Checking atom HG1
2026-04-23 20:47:02,758 [ genlib ] [ INFO ] Define atom pair: THR|HG1|HO|H         - > SER|HG|HO|H          (d = 0.21 A)
2026-04-23 20:47:02,758 [ genlib ] [ INFO ] Checking atom 1HG2
2026-04-23 20:47:02,758 [ genlib ] [ INFO ] No partner found for atom 1HG2
2026-04-23 20:47:02,758 [ genlib ] [ INFO ] Checking atom 2HG2
2026-04-23 20:47:02,758 [ genlib ] [ INFO ] No partner found for atom 2HG2
2026-04-23 20:47:02,758 [ genlib ] [ INFO ] Checking atom 3HG2
2026-04-23 20:47:02,758 [ genlib ] [ INFO ] No partner found for atom 3HG2
2026-04-23 20:47:02,758 [ genlib ] [ INFO ] Searching order 4
2026-04-23 20:47:02,758 [ genlib ] [ INFO ] Searching order 5
2026-04-23 20:47:02,758 [ genlib ] [ INFO ] Searching order 6
2026-04-23 20:47:02,758 [ genlib ] [ INFO ] Searching order 7
2026-04-23 20:47:02,758 [ genlib ] [ INFO ] Searching branch 2
2026-04-23 20:47:02,758 [ genlib ] [ INFO ] Searching order 2
2026-04-23 20:47:02,758 [ genlib ] [ INFO ] Searching order 3
2026-04-23 20:47:02,758 [ genlib ] [ INFO ] Checking atom 1HG2
2026-04-23 20:47:02,758 [ genlib ] [ INFO ] No partner found for atom 1HG2
2026-04-23 20:47:02,758 [ genlib ] [ INFO ] Checking atom 2HG2
2026-04-23 20:47:02,758 [ genlib ] [ INFO ] No partner found for atom 2HG2
2026-04-23 20:47:02,758 [ genlib ] [ INFO ] Checking atom 3HG2
2026-04-23 20:47:02,758 [ genlib ] [ INFO ] No partner found for atom 3HG2
2026-04-23 20:47:02,758 [ genlib ] [ INFO ] Searching order 4
2026-04-23 20:47:02,758 [ genlib ] [ INFO ] Searching order 5
2026-04-23 20:47:02,758 [ genlib ] [ INFO ] Searching order 6
2026-04-23 20:47:02,758 [ genlib ] [ INFO ] Searching order 7
2026-04-23 20:47:02,759 [ genlib ] [ INFO ] Updating bond lists
2026-04-23 20:47:02,759 [ genlib ] [ INFO ] Updating dihedrals
2026-04-23 20:47:02,759 [ genlib ] [ INFO ] Updating impropers
2026-04-23 20:47:02,759 [ genlib ] [ INFO ] Building library files for THR --> TRP mutant
2026-04-23 20:47:02,760 [ genlib ] [ INFO ] reading rtp file "aminoacids.rtp"
2026-04-23 20:47:02,805 [ genlib ] [ INFO ] ENTERED T,A,V,I
2026-04-23 20:47:02,806 [ genlib ] [ INFO ] Making atom pairs
2026-04-23 20:47:02,814 [ genlib ] [ INFO ] Updating bond lists
2026-04-23 20:47:02,814 [ genlib ] [ INFO ] Updating dihedrals
2026-04-23 20:47:02,814 [ genlib ] [ INFO ] Updating impropers
2026-04-23 20:47:02,815 [ genlib ] [ INFO ] Building library files for THR --> TYR mutant
2026-04-23 20:47:02,816 [ genlib ] [ INFO ] reading rtp file "aminoacids.rtp"
2026-04-23 20:47:02,861 [ genlib ] [ INFO ] ENTERED T,A,V,I
2026-04-23 20:47:02,861 [ genlib ] [ INFO ] Making atom pairs
2026-04-23 20:47:02,870 [ genlib ] [ INFO ] Updating bond lists
2026-04-23 20:47:02,870 [ genlib ] [ INFO ] Updating dihedrals
2026-04-23 20:47:02,870 [ genlib ] [ INFO ] Updating impropers
2026-04-23 20:47:02,870 [ genlib ] [ INFO ] Building library files for THR --> VAL mutant
2026-04-23 20:47:02,871 [ genlib ] [ INFO ] reading rtp file "aminoacids.rtp"
2026-04-23 20:47:02,916 [ genlib ] [ INFO ] ENTERED SIMPLE
2026-04-23 20:47:02,917 [ genlib ] [ INFO ] Making atom pairs
2026-04-23 20:47:02,917 [ genlib ] [ INFO ] Searching branch 1
2026-04-23 20:47:02,917 [ genlib ] [ INFO ] Searching order 2
2026-04-23 20:47:02,917 [ genlib ] [ INFO ] Checking atom HB
2026-04-23 20:47:02,917 [ genlib ] [ INFO ] Define atom pair: THR|HB|H1|H          - > VAL|HB|HC|H          (d = 0.05 A)
2026-04-23 20:47:02,917 [ genlib ] [ INFO ] Checking atom OG1
2026-04-23 20:47:02,917 [ genlib ] [ INFO ] Define atom pair: THR|OG1|OH|O.3       - > VAL|CG2|CT|C.3       (d = 0.19 A)
2026-04-23 20:47:02,917 [ genlib ] [ INFO ] Checking atom CG2
2026-04-23 20:47:02,917 [ genlib ] [ INFO ] Define atom pair: THR|CG2|CT|C.3       - > VAL|CG1|CT|C.3       (d = 0.21 A)
2026-04-23 20:47:02,917 [ genlib ] [ INFO ] Searching order 3
2026-04-23 20:47:02,917 [ genlib ] [ INFO ] Checking atom HG1
2026-04-23 20:47:02,917 [ genlib ] [ INFO ] Define atom pair: THR|HG1|HO|H         - > VAL|1HG2|HC|H        (d = 0.28 A)
2026-04-23 20:47:02,917 [ genlib ] [ INFO ] Checking atom 1HG2
2026-04-23 20:47:02,917 [ genlib ] [ INFO ] Define atom pair: THR|1HG2|HC|H        - > VAL|1HG1|HC|H        (d = 0.27 A)
2026-04-23 20:47:02,917 [ genlib ] [ INFO ] Checking atom 2HG2
2026-04-23 20:47:02,917 [ genlib ] [ INFO ] Define atom pair: THR|2HG2|HC|H        - > VAL|2HG1|HC|H        (d = 0.24 A)
2026-04-23 20:47:02,917 [ genlib ] [ INFO ] Checking atom 3HG2
2026-04-23 20:47:02,917 [ genlib ] [ INFO ] Define atom pair: THR|3HG2|HC|H        - > VAL|3HG1|HC|H        (d = 0.26 A)
2026-04-23 20:47:02,917 [ genlib ] [ INFO ] Searching order 4
2026-04-23 20:47:02,917 [ genlib ] [ INFO ] Searching order 5
2026-04-23 20:47:02,917 [ genlib ] [ INFO ] Searching order 6
2026-04-23 20:47:02,917 [ genlib ] [ INFO ] Searching order 7
2026-04-23 20:47:02,917 [ genlib ] [ INFO ] Searching branch 2
2026-04-23 20:47:02,917 [ genlib ] [ INFO ] Searching order 2
2026-04-23 20:47:02,917 [ genlib ] [ INFO ] Searching order 3
2026-04-23 20:47:02,917 [ genlib ] [ INFO ] Searching order 4
2026-04-23 20:47:02,917 [ genlib ] [ INFO ] Searching order 5
2026-04-23 20:47:02,917 [ genlib ] [ INFO ] Searching order 6
2026-04-23 20:47:02,917 [ genlib ] [ INFO ] Searching order 7
2026-04-23 20:47:02,918 [ genlib ] [ INFO ] Updating bond lists
2026-04-23 20:47:02,918 [ genlib ] [ INFO ] Updating dihedrals
2026-04-23 20:47:02,918 [ genlib ] [ INFO ] Updating impropers
2026-04-23 20:47:02,919 [ genlib ] [ INFO ] Building library files for TRP --> ALA mutant
2026-04-23 20:47:02,919 [ genlib ] [ INFO ] reading rtp file "aminoacids.rtp"
2026-04-23 20:47:02,965 [ genlib ] [ INFO ] ENTERED T,A,V,I
2026-04-23 20:47:02,965 [ genlib ] [ INFO ] Making atom pairs
2026-04-23 20:47:02,966 [ genlib ] [ INFO ] Updating bond lists
2026-04-23 20:47:02,966 [ genlib ] [ INFO ] Updating dihedrals
2026-04-23 20:47:02,966 [ genlib ] [ INFO ] Updating impropers
2026-04-23 20:47:02,967 [ genlib ] [ INFO ] Building library files for TRP --> ARG mutant
2026-04-23 20:47:02,968 [ genlib ] [ INFO ] reading rtp file "aminoacids.rtp"
2026-04-23 20:47:03,014 [ genlib ] [ INFO ] ENTERED RINGS
2026-04-23 20:47:03,014 [ genlib ] [ INFO ] Making atom pairs
2026-04-23 20:47:03,021 [ genlib ] [ INFO ] Updating bond lists
2026-04-23 20:47:03,021 [ genlib ] [ INFO ] Updating dihedrals
2026-04-23 20:47:03,021 [ genlib ] [ INFO ] Updating impropers
2026-04-23 20:47:03,022 [ genlib ] [ INFO ] Building library files for TRP --> ASH mutant
2026-04-23 20:47:03,023 [ genlib ] [ INFO ] reading rtp file "aminoacids.rtp"
2026-04-23 20:47:03,069 [ genlib ] [ INFO ] ENTERED RINGS
2026-04-23 20:47:03,069 [ genlib ] [ INFO ] Making atom pairs
2026-04-23 20:47:03,071 [ genlib ] [ INFO ] Updating bond lists
2026-04-23 20:47:03,071 [ genlib ] [ INFO ] Updating dihedrals
2026-04-23 20:47:03,071 [ genlib ] [ INFO ] Updating impropers
2026-04-23 20:47:03,072 [ genlib ] [ INFO ] Building library files for TRP --> ASN mutant
2026-04-23 20:47:03,073 [ genlib ] [ INFO ] reading rtp file "aminoacids.rtp"
2026-04-23 20:47:03,124 [ genlib ] [ INFO ] ENTERED RINGS
2026-04-23 20:47:03,124 [ genlib ] [ INFO ] Making atom pairs
2026-04-23 20:47:03,127 [ genlib ] [ INFO ] Updating bond lists
2026-04-23 20:47:03,127 [ genlib ] [ INFO ] Updating dihedrals
2026-04-23 20:47:03,127 [ genlib ] [ INFO ] Updating impropers
2026-04-23 20:47:03,127 [ genlib ] [ INFO ] Building library files for TRP --> ASP mutant
2026-04-23 20:47:03,128 [ genlib ] [ INFO ] reading rtp file "aminoacids.rtp"
2026-04-23 20:47:03,182 [ genlib ] [ INFO ] ENTERED RINGS
2026-04-23 20:47:03,182 [ genlib ] [ INFO ] Making atom pairs
2026-04-23 20:47:03,183 [ genlib ] [ INFO ] Updating bond lists
2026-04-23 20:47:03,183 [ genlib ] [ INFO ] Updating dihedrals
2026-04-23 20:47:03,183 [ genlib ] [ INFO ] Updating impropers
2026-04-23 20:47:03,183 [ genlib ] [ INFO ] Building library files for TRP --> CYS mutant
2026-04-23 20:47:03,184 [ genlib ] [ INFO ] reading rtp file "aminoacids.rtp"
2026-04-23 20:47:03,229 [ genlib ] [ INFO ] ENTERED RINGS
2026-04-23 20:47:03,229 [ genlib ] [ INFO ] Making atom pairs
2026-04-23 20:47:03,230 [ genlib ] [ INFO ] Updating bond lists
2026-04-23 20:47:03,230 [ genlib ] [ INFO ] Updating dihedrals
2026-04-23 20:47:03,230 [ genlib ] [ INFO ] Updating impropers
2026-04-23 20:47:03,231 [ genlib ] [ INFO ] Building library files for TRP --> GLH mutant
2026-04-23 20:47:03,232 [ genlib ] [ INFO ] reading rtp file "aminoacids.rtp"
2026-04-23 20:47:03,277 [ genlib ] [ INFO ] ENTERED RINGS
2026-04-23 20:47:03,277 [ genlib ] [ INFO ] Making atom pairs
2026-04-23 20:47:03,279 [ genlib ] [ INFO ] Updating bond lists
2026-04-23 20:47:03,279 [ genlib ] [ INFO ] Updating dihedrals
2026-04-23 20:47:03,279 [ genlib ] [ INFO ] Updating impropers
2026-04-23 20:47:03,280 [ genlib ] [ INFO ] Building library files for TRP --> GLN mutant
2026-04-23 20:47:03,281 [ genlib ] [ INFO ] reading rtp file "aminoacids.rtp"
2026-04-23 20:47:03,327 [ genlib ] [ INFO ] ENTERED RINGS
2026-04-23 20:47:03,327 [ genlib ] [ INFO ] Making atom pairs
2026-04-23 20:47:03,331 [ genlib ] [ INFO ] Updating bond lists
2026-04-23 20:47:03,331 [ genlib ] [ INFO ] Updating dihedrals
2026-04-23 20:47:03,331 [ genlib ] [ INFO ] Updating impropers
2026-04-23 20:47:03,331 [ genlib ] [ INFO ] Building library files for TRP --> GLU mutant
2026-04-23 20:47:03,332 [ genlib ] [ INFO ] reading rtp file "aminoacids.rtp"
2026-04-23 20:47:03,377 [ genlib ] [ INFO ] ENTERED RINGS
2026-04-23 20:47:03,377 [ genlib ] [ INFO ] Making atom pairs
2026-04-23 20:47:03,379 [ genlib ] [ INFO ] Updating bond lists
2026-04-23 20:47:03,379 [ genlib ] [ INFO ] Updating dihedrals
2026-04-23 20:47:03,379 [ genlib ] [ INFO ] Updating impropers
2026-04-23 20:47:03,380 [ genlib ] [ INFO ] Building library files for TRP --> GLY mutant
2026-04-23 20:47:03,380 [ genlib ] [ INFO ] reading rtp file "aminoacids.rtp"
2026-04-23 20:47:03,425 [ genlib ] [ INFO ] ENTERED G
2026-04-23 20:47:03,425 [ genlib ] [ INFO ] Making atom pairs
2026-04-23 20:47:03,426 [ genlib ] [ INFO ] Updating bond lists
2026-04-23 20:47:03,426 [ genlib ] [ INFO ] Updating dihedrals
2026-04-23 20:47:03,426 [ genlib ] [ INFO ] Updating impropers
2026-04-23 20:47:03,426 [ genlib ] [ INFO ] Building library files for TRP --> HID mutant
2026-04-23 20:47:03,427 [ genlib ] [ INFO ] reading rtp file "aminoacids.rtp"
2026-04-23 20:47:03,472 [ genlib ] [ INFO ] ENTERED STANDARD
2026-04-23 20:47:03,472 [ genlib ] [ INFO ] Making atom pairs
2026-04-23 20:47:03,475 [ genlib ] [ INFO ] Updating bond lists
2026-04-23 20:47:03,475 [ genlib ] [ INFO ] Updating dihedrals
2026-04-23 20:47:03,475 [ genlib ] [ INFO ] Updating impropers
2026-04-23 20:47:03,475 [ genlib ] [ INFO ] Building library files for TRP --> HIE mutant
2026-04-23 20:47:03,476 [ genlib ] [ INFO ] reading rtp file "aminoacids.rtp"
2026-04-23 20:47:03,521 [ genlib ] [ INFO ] ENTERED STANDARD
2026-04-23 20:47:03,521 [ genlib ] [ INFO ] Making atom pairs
2026-04-23 20:47:03,524 [ genlib ] [ INFO ] Updating bond lists
2026-04-23 20:47:03,524 [ genlib ] [ INFO ] Updating dihedrals
2026-04-23 20:47:03,525 [ genlib ] [ INFO ] Updating impropers
2026-04-23 20:47:03,525 [ genlib ] [ INFO ] Building library files for TRP --> HIP mutant
2026-04-23 20:47:03,526 [ genlib ] [ INFO ] reading rtp file "aminoacids.rtp"
2026-04-23 20:47:03,570 [ genlib ] [ INFO ] ENTERED STANDARD
2026-04-23 20:47:03,570 [ genlib ] [ INFO ] Making atom pairs
2026-04-23 20:47:03,573 [ genlib ] [ INFO ] Updating bond lists
2026-04-23 20:47:03,573 [ genlib ] [ INFO ] Updating dihedrals
2026-04-23 20:47:03,573 [ genlib ] [ INFO ] Updating impropers
2026-04-23 20:47:03,574 [ genlib ] [ INFO ] Building library files for TRP --> ILE mutant
2026-04-23 20:47:03,575 [ genlib ] [ INFO ] reading rtp file "aminoacids.rtp"
2026-04-23 20:47:03,623 [ genlib ] [ INFO ] ENTERED T,A,V,I
2026-04-23 20:47:03,623 [ genlib ] [ INFO ] Making atom pairs
2026-04-23 20:47:03,628 [ genlib ] [ INFO ] Updating bond lists
2026-04-23 20:47:03,628 [ genlib ] [ INFO ] Updating dihedrals
2026-04-23 20:47:03,628 [ genlib ] [ INFO ] Updating impropers
2026-04-23 20:47:03,628 [ genlib ] [ INFO ] Building library files for TRP --> LEU mutant
2026-04-23 20:47:03,629 [ genlib ] [ INFO ] reading rtp file "aminoacids.rtp"
2026-04-23 20:47:03,673 [ genlib ] [ INFO ] ENTERED RINGS
2026-04-23 20:47:03,673 [ genlib ] [ INFO ] Making atom pairs
2026-04-23 20:47:03,678 [ genlib ] [ INFO ] Updating bond lists
2026-04-23 20:47:03,678 [ genlib ] [ INFO ] Updating dihedrals
2026-04-23 20:47:03,678 [ genlib ] [ INFO ] Updating impropers
2026-04-23 20:47:03,679 [ genlib ] [ INFO ] Building library files for TRP --> LYN mutant
2026-04-23 20:47:03,679 [ genlib ] [ INFO ] reading rtp file "aminoacids.rtp"
2026-04-23 20:47:03,723 [ genlib ] [ INFO ] ENTERED RINGS
2026-04-23 20:47:03,723 [ genlib ] [ INFO ] Making atom pairs
2026-04-23 20:47:03,728 [ genlib ] [ INFO ] Updating bond lists
2026-04-23 20:47:03,728 [ genlib ] [ INFO ] Updating dihedrals
2026-04-23 20:47:03,728 [ genlib ] [ INFO ] Updating impropers
2026-04-23 20:47:03,728 [ genlib ] [ INFO ] Building library files for TRP --> LYS mutant
2026-04-23 20:47:03,729 [ genlib ] [ INFO ] reading rtp file "aminoacids.rtp"
2026-04-23 20:47:03,773 [ genlib ] [ INFO ] ENTERED RINGS
2026-04-23 20:47:03,773 [ genlib ] [ INFO ] Making atom pairs
2026-04-23 20:47:03,778 [ genlib ] [ INFO ] Updating bond lists
2026-04-23 20:47:03,778 [ genlib ] [ INFO ] Updating dihedrals
2026-04-23 20:47:03,778 [ genlib ] [ INFO ] Updating impropers
2026-04-23 20:47:03,779 [ genlib ] [ INFO ] Building library files for TRP --> MET mutant
2026-04-23 20:47:03,779 [ genlib ] [ INFO ] reading rtp file "aminoacids.rtp"
2026-04-23 20:47:03,823 [ genlib ] [ INFO ] ENTERED RINGS
2026-04-23 20:47:03,823 [ genlib ] [ INFO ] Making atom pairs
2026-04-23 20:47:03,826 [ genlib ] [ INFO ] Updating bond lists
2026-04-23 20:47:03,826 [ genlib ] [ INFO ] Updating dihedrals
2026-04-23 20:47:03,826 [ genlib ] [ INFO ] Updating impropers
2026-04-23 20:47:03,826 [ genlib ] [ INFO ] Building library files for TRP --> PHE mutant
2026-04-23 20:47:03,827 [ genlib ] [ INFO ] reading rtp file "aminoacids.rtp"
2026-04-23 20:47:03,870 [ genlib ] [ INFO ] ENTERED STANDARD
2026-04-23 20:47:03,870 [ genlib ] [ INFO ] Making atom pairs
2026-04-23 20:47:03,874 [ genlib ] [ INFO ] Updating bond lists
2026-04-23 20:47:03,874 [ genlib ] [ INFO ] Updating dihedrals
2026-04-23 20:47:03,874 [ genlib ] [ INFO ] Updating impropers
2026-04-23 20:47:03,875 [ genlib ] [ INFO ] Building library files for TRP --> PRO mutant
2026-04-23 20:47:03,875 [ genlib ] [ INFO ] reading rtp file "aminoacids.rtp"
2026-04-23 20:47:03,919 [ genlib ] [ INFO ] ENTERED P
2026-04-23 20:47:03,919 [ genlib ] [ INFO ] Making atom pairs
2026-04-23 20:47:03,922 [ genlib ] [ INFO ] Updating bond lists
2026-04-23 20:47:03,922 [ genlib ] [ INFO ] Updating dihedrals
2026-04-23 20:47:03,922 [ genlib ] [ INFO ] Updating impropers
2026-04-23 20:47:03,923 [ genlib ] [ INFO ] Building library files for TRP --> SER mutant
2026-04-23 20:47:03,923 [ genlib ] [ INFO ] reading rtp file "aminoacids.rtp"
2026-04-23 20:47:03,967 [ genlib ] [ INFO ] ENTERED RINGS
2026-04-23 20:47:03,967 [ genlib ] [ INFO ] Making atom pairs
2026-04-23 20:47:03,968 [ genlib ] [ INFO ] Updating bond lists
2026-04-23 20:47:03,968 [ genlib ] [ INFO ] Updating dihedrals
2026-04-23 20:47:03,968 [ genlib ] [ INFO ] Updating impropers
2026-04-23 20:47:03,968 [ genlib ] [ INFO ] Building library files for TRP --> THR mutant
2026-04-23 20:47:03,969 [ genlib ] [ INFO ] reading rtp file "aminoacids.rtp"
2026-04-23 20:47:04,012 [ genlib ] [ INFO ] ENTERED T,A,V,I
2026-04-23 20:47:04,012 [ genlib ] [ INFO ] Making atom pairs
2026-04-23 20:47:04,015 [ genlib ] [ INFO ] Updating bond lists
2026-04-23 20:47:04,015 [ genlib ] [ INFO ] Updating dihedrals
2026-04-23 20:47:04,015 [ genlib ] [ INFO ] Updating impropers
2026-04-23 20:47:04,015 [ genlib ] [ INFO ] Building library files for TRP --> TYR mutant
2026-04-23 20:47:04,016 [ genlib ] [ INFO ] reading rtp file "aminoacids.rtp"
2026-04-23 20:47:04,059 [ genlib ] [ INFO ] ENTERED STANDARD
2026-04-23 20:47:04,059 [ genlib ] [ INFO ] Making atom pairs
2026-04-23 20:47:04,063 [ genlib ] [ INFO ] Updating bond lists
2026-04-23 20:47:04,063 [ genlib ] [ INFO ] Updating dihedrals
2026-04-23 20:47:04,063 [ genlib ] [ INFO ] Updating impropers
2026-04-23 20:47:04,064 [ genlib ] [ INFO ] Building library files for TRP --> VAL mutant
2026-04-23 20:47:04,065 [ genlib ] [ INFO ] reading rtp file "aminoacids.rtp"
2026-04-23 20:47:04,108 [ genlib ] [ INFO ] ENTERED T,A,V,I
2026-04-23 20:47:04,108 [ genlib ] [ INFO ] Making atom pairs
2026-04-23 20:47:04,111 [ genlib ] [ INFO ] Updating bond lists
2026-04-23 20:47:04,111 [ genlib ] [ INFO ] Updating dihedrals
2026-04-23 20:47:04,111 [ genlib ] [ INFO ] Updating impropers
2026-04-23 20:47:04,111 [ genlib ] [ INFO ] Building library files for TYR --> ALA mutant
2026-04-23 20:47:04,112 [ genlib ] [ INFO ] reading rtp file "aminoacids.rtp"
2026-04-23 20:47:04,155 [ genlib ] [ INFO ] ENTERED T,A,V,I
2026-04-23 20:47:04,155 [ genlib ] [ INFO ] Making atom pairs
2026-04-23 20:47:04,157 [ genlib ] [ INFO ] Updating bond lists
2026-04-23 20:47:04,157 [ genlib ] [ INFO ] Updating dihedrals
2026-04-23 20:47:04,157 [ genlib ] [ INFO ] Updating impropers
2026-04-23 20:47:04,158 [ genlib ] [ INFO ] Building library files for TYR --> ARG mutant
2026-04-23 20:47:04,159 [ genlib ] [ INFO ] reading rtp file "aminoacids.rtp"
2026-04-23 20:47:04,220 [ genlib ] [ INFO ] ENTERED RINGS
2026-04-23 20:47:04,221 [ genlib ] [ INFO ] Making atom pairs
2026-04-23 20:47:04,227 [ genlib ] [ INFO ] Updating bond lists
2026-04-23 20:47:04,227 [ genlib ] [ INFO ] Updating dihedrals
2026-04-23 20:47:04,227 [ genlib ] [ INFO ] Updating impropers
2026-04-23 20:47:04,228 [ genlib ] [ INFO ] Building library files for TYR --> ASH mutant
2026-04-23 20:47:04,229 [ genlib ] [ INFO ] reading rtp file "aminoacids.rtp"
2026-04-23 20:47:04,272 [ genlib ] [ INFO ] ENTERED RINGS
2026-04-23 20:47:04,272 [ genlib ] [ INFO ] Making atom pairs
2026-04-23 20:47:04,273 [ genlib ] [ INFO ] Updating bond lists
2026-04-23 20:47:04,273 [ genlib ] [ INFO ] Updating dihedrals
2026-04-23 20:47:04,273 [ genlib ] [ INFO ] Updating impropers
2026-04-23 20:47:04,274 [ genlib ] [ INFO ] Building library files for TYR --> ASN mutant
2026-04-23 20:47:04,274 [ genlib ] [ INFO ] reading rtp file "aminoacids.rtp"
2026-04-23 20:47:04,317 [ genlib ] [ INFO ] ENTERED RINGS
2026-04-23 20:47:04,317 [ genlib ] [ INFO ] Making atom pairs
2026-04-23 20:47:04,319 [ genlib ] [ INFO ] Updating bond lists
2026-04-23 20:47:04,319 [ genlib ] [ INFO ] Updating dihedrals
2026-04-23 20:47:04,319 [ genlib ] [ INFO ] Updating impropers
2026-04-23 20:47:04,320 [ genlib ] [ INFO ] Building library files for TYR --> ASP mutant
2026-04-23 20:47:04,320 [ genlib ] [ INFO ] reading rtp file "aminoacids.rtp"
2026-04-23 20:47:04,363 [ genlib ] [ INFO ] ENTERED RINGS
2026-04-23 20:47:04,363 [ genlib ] [ INFO ] Making atom pairs
2026-04-23 20:47:04,365 [ genlib ] [ INFO ] Updating bond lists
2026-04-23 20:47:04,365 [ genlib ] [ INFO ] Updating dihedrals
2026-04-23 20:47:04,365 [ genlib ] [ INFO ] Updating impropers
2026-04-23 20:47:04,365 [ genlib ] [ INFO ] Building library files for TYR --> CYS mutant
2026-04-23 20:47:04,366 [ genlib ] [ INFO ] reading rtp file "aminoacids.rtp"
2026-04-23 20:47:04,409 [ genlib ] [ INFO ] ENTERED RINGS
2026-04-23 20:47:04,409 [ genlib ] [ INFO ] Making atom pairs
2026-04-23 20:47:04,410 [ genlib ] [ INFO ] Updating bond lists
2026-04-23 20:47:04,410 [ genlib ] [ INFO ] Updating dihedrals
2026-04-23 20:47:04,410 [ genlib ] [ INFO ] Updating impropers
2026-04-23 20:47:04,410 [ genlib ] [ INFO ] Building library files for TYR --> GLH mutant
2026-04-23 20:47:04,411 [ genlib ] [ INFO ] reading rtp file "aminoacids.rtp"
2026-04-23 20:47:04,456 [ genlib ] [ INFO ] ENTERED RINGS
2026-04-23 20:47:04,456 [ genlib ] [ INFO ] Making atom pairs
2026-04-23 20:47:04,458 [ genlib ] [ INFO ] Updating bond lists
2026-04-23 20:47:04,458 [ genlib ] [ INFO ] Updating dihedrals
2026-04-23 20:47:04,458 [ genlib ] [ INFO ] Updating impropers
2026-04-23 20:47:04,459 [ genlib ] [ INFO ] Building library files for TYR --> GLN mutant
2026-04-23 20:47:04,459 [ genlib ] [ INFO ] reading rtp file "aminoacids.rtp"
2026-04-23 20:47:04,503 [ genlib ] [ INFO ] ENTERED RINGS
2026-04-23 20:47:04,503 [ genlib ] [ INFO ] Making atom pairs
2026-04-23 20:47:04,506 [ genlib ] [ INFO ] Updating bond lists
2026-04-23 20:47:04,506 [ genlib ] [ INFO ] Updating dihedrals
2026-04-23 20:47:04,506 [ genlib ] [ INFO ] Updating impropers
2026-04-23 20:47:04,507 [ genlib ] [ INFO ] Building library files for TYR --> GLU mutant
2026-04-23 20:47:04,507 [ genlib ] [ INFO ] reading rtp file "aminoacids.rtp"
2026-04-23 20:47:04,551 [ genlib ] [ INFO ] ENTERED RINGS
2026-04-23 20:47:04,551 [ genlib ] [ INFO ] Making atom pairs
2026-04-23 20:47:04,553 [ genlib ] [ INFO ] Updating bond lists
2026-04-23 20:47:04,553 [ genlib ] [ INFO ] Updating dihedrals
2026-04-23 20:47:04,553 [ genlib ] [ INFO ] Updating impropers
2026-04-23 20:47:04,554 [ genlib ] [ INFO ] Building library files for TYR --> GLY mutant
2026-04-23 20:47:04,554 [ genlib ] [ INFO ] reading rtp file "aminoacids.rtp"
2026-04-23 20:47:04,597 [ genlib ] [ INFO ] ENTERED G
2026-04-23 20:47:04,597 [ genlib ] [ INFO ] Making atom pairs
2026-04-23 20:47:04,598 [ genlib ] [ INFO ] Updating bond lists
2026-04-23 20:47:04,598 [ genlib ] [ INFO ] Updating dihedrals
2026-04-23 20:47:04,598 [ genlib ] [ INFO ] Updating impropers
2026-04-23 20:47:04,598 [ genlib ] [ INFO ] Building library files for TYR --> HID mutant
2026-04-23 20:47:04,599 [ genlib ] [ INFO ] reading rtp file "aminoacids.rtp"
2026-04-23 20:47:04,643 [ genlib ] [ INFO ] ENTERED STANDARD
2026-04-23 20:47:04,643 [ genlib ] [ INFO ] Making atom pairs
2026-04-23 20:47:04,645 [ genlib ] [ INFO ] Updating bond lists
2026-04-23 20:47:04,645 [ genlib ] [ INFO ] Updating dihedrals
2026-04-23 20:47:04,645 [ genlib ] [ INFO ] Updating impropers
2026-04-23 20:47:04,646 [ genlib ] [ INFO ] Building library files for TYR --> HIE mutant
2026-04-23 20:47:04,646 [ genlib ] [ INFO ] reading rtp file "aminoacids.rtp"
2026-04-23 20:47:04,689 [ genlib ] [ INFO ] ENTERED STANDARD
2026-04-23 20:47:04,689 [ genlib ] [ INFO ] Making atom pairs
2026-04-23 20:47:04,692 [ genlib ] [ INFO ] Updating bond lists
2026-04-23 20:47:04,692 [ genlib ] [ INFO ] Updating dihedrals
2026-04-23 20:47:04,692 [ genlib ] [ INFO ] Updating impropers
2026-04-23 20:47:04,692 [ genlib ] [ INFO ] Building library files for TYR --> HIP mutant
2026-04-23 20:47:04,693 [ genlib ] [ INFO ] reading rtp file "aminoacids.rtp"
2026-04-23 20:47:04,736 [ genlib ] [ INFO ] ENTERED STANDARD
2026-04-23 20:47:04,737 [ genlib ] [ INFO ] Making atom pairs
2026-04-23 20:47:04,740 [ genlib ] [ INFO ] Updating bond lists
2026-04-23 20:47:04,740 [ genlib ] [ INFO ] Updating dihedrals
2026-04-23 20:47:04,740 [ genlib ] [ INFO ] Updating impropers
2026-04-23 20:47:04,740 [ genlib ] [ INFO ] Building library files for TYR --> ILE mutant
2026-04-23 20:47:04,741 [ genlib ] [ INFO ] reading rtp file "aminoacids.rtp"
2026-04-23 20:47:04,784 [ genlib ] [ INFO ] ENTERED T,A,V,I
2026-04-23 20:47:04,784 [ genlib ] [ INFO ] Making atom pairs
2026-04-23 20:47:04,789 [ genlib ] [ INFO ] Updating bond lists
2026-04-23 20:47:04,789 [ genlib ] [ INFO ] Updating dihedrals
2026-04-23 20:47:04,789 [ genlib ] [ INFO ] Updating impropers
2026-04-23 20:47:04,790 [ genlib ] [ INFO ] Building library files for TYR --> LEU mutant
2026-04-23 20:47:04,790 [ genlib ] [ INFO ] reading rtp file "aminoacids.rtp"
2026-04-23 20:47:04,833 [ genlib ] [ INFO ] ENTERED RINGS
2026-04-23 20:47:04,833 [ genlib ] [ INFO ] Making atom pairs
2026-04-23 20:47:04,837 [ genlib ] [ INFO ] Updating bond lists
2026-04-23 20:47:04,838 [ genlib ] [ INFO ] Updating dihedrals
2026-04-23 20:47:04,838 [ genlib ] [ INFO ] Updating impropers
2026-04-23 20:47:04,838 [ genlib ] [ INFO ] Building library files for TYR --> LYN mutant
2026-04-23 20:47:04,839 [ genlib ] [ INFO ] reading rtp file "aminoacids.rtp"
2026-04-23 20:47:04,882 [ genlib ] [ INFO ] ENTERED RINGS
2026-04-23 20:47:04,882 [ genlib ] [ INFO ] Making atom pairs
2026-04-23 20:47:04,887 [ genlib ] [ INFO ] Updating bond lists
2026-04-23 20:47:04,887 [ genlib ] [ INFO ] Updating dihedrals
2026-04-23 20:47:04,887 [ genlib ] [ INFO ] Updating impropers
2026-04-23 20:47:04,888 [ genlib ] [ INFO ] Building library files for TYR --> LYS mutant
2026-04-23 20:47:04,888 [ genlib ] [ INFO ] reading rtp file "aminoacids.rtp"
2026-04-23 20:47:04,933 [ genlib ] [ INFO ] ENTERED RINGS
2026-04-23 20:47:04,933 [ genlib ] [ INFO ] Making atom pairs
2026-04-23 20:47:04,938 [ genlib ] [ INFO ] Updating bond lists
2026-04-23 20:47:04,938 [ genlib ] [ INFO ] Updating dihedrals
2026-04-23 20:47:04,938 [ genlib ] [ INFO ] Updating impropers
2026-04-23 20:47:04,939 [ genlib ] [ INFO ] Building library files for TYR --> MET mutant
2026-04-23 20:47:04,939 [ genlib ] [ INFO ] reading rtp file "aminoacids.rtp"
2026-04-23 20:47:04,982 [ genlib ] [ INFO ] ENTERED RINGS
2026-04-23 20:47:04,982 [ genlib ] [ INFO ] Making atom pairs
2026-04-23 20:47:04,985 [ genlib ] [ INFO ] Updating bond lists
2026-04-23 20:47:04,985 [ genlib ] [ INFO ] Updating dihedrals
2026-04-23 20:47:04,985 [ genlib ] [ INFO ] Updating impropers
2026-04-23 20:47:04,986 [ genlib ] [ INFO ] Building library files for TYR --> PHE mutant
2026-04-23 20:47:04,986 [ genlib ] [ INFO ] reading rtp file "aminoacids.rtp"
2026-04-23 20:47:05,029 [ genlib ] [ INFO ] ENTERED MERGE BY NAMES
2026-04-23 20:47:05,029 [ genlib ] [ INFO ] Making atom pairs.........MERGE BY NAMES...
2026-04-23 20:47:05,030 [ genlib ] [ INFO ] Updating bond lists
2026-04-23 20:47:05,030 [ genlib ] [ INFO ] Updating dihedrals
2026-04-23 20:47:05,030 [ genlib ] [ INFO ] Updating impropers
2026-04-23 20:47:05,030 [ genlib ] [ INFO ] Building library files for TYR --> PRO mutant
2026-04-23 20:47:05,031 [ genlib ] [ INFO ] reading rtp file "aminoacids.rtp"
2026-04-23 20:47:05,074 [ genlib ] [ INFO ] ENTERED P
2026-04-23 20:47:05,074 [ genlib ] [ INFO ] Making atom pairs
2026-04-23 20:47:05,077 [ genlib ] [ INFO ] Updating bond lists
2026-04-23 20:47:05,077 [ genlib ] [ INFO ] Updating dihedrals
2026-04-23 20:47:05,077 [ genlib ] [ INFO ] Updating impropers
2026-04-23 20:47:05,077 [ genlib ] [ INFO ] Building library files for TYR --> SER mutant
2026-04-23 20:47:05,078 [ genlib ] [ INFO ] reading rtp file "aminoacids.rtp"
2026-04-23 20:47:05,121 [ genlib ] [ INFO ] ENTERED RINGS
2026-04-23 20:47:05,121 [ genlib ] [ INFO ] Making atom pairs
2026-04-23 20:47:05,122 [ genlib ] [ INFO ] Updating bond lists
2026-04-23 20:47:05,122 [ genlib ] [ INFO ] Updating dihedrals
2026-04-23 20:47:05,122 [ genlib ] [ INFO ] Updating impropers
2026-04-23 20:47:05,122 [ genlib ] [ INFO ] Building library files for TYR --> THR mutant
2026-04-23 20:47:05,123 [ genlib ] [ INFO ] reading rtp file "aminoacids.rtp"
2026-04-23 20:47:05,166 [ genlib ] [ INFO ] ENTERED T,A,V,I
2026-04-23 20:47:05,166 [ genlib ] [ INFO ] Making atom pairs
2026-04-23 20:47:05,168 [ genlib ] [ INFO ] Updating bond lists
2026-04-23 20:47:05,168 [ genlib ] [ INFO ] Updating dihedrals
2026-04-23 20:47:05,168 [ genlib ] [ INFO ] Updating impropers
2026-04-23 20:47:05,168 [ genlib ] [ INFO ] Building library files for TYR --> TRP mutant
2026-04-23 20:47:05,169 [ genlib ] [ INFO ] reading rtp file "aminoacids.rtp"
2026-04-23 20:47:05,213 [ genlib ] [ INFO ] ENTERED STANDARD
2026-04-23 20:47:05,213 [ genlib ] [ INFO ] Making atom pairs
2026-04-23 20:47:05,220 [ genlib ] [ INFO ] Updating bond lists
2026-04-23 20:47:05,220 [ genlib ] [ INFO ] Updating dihedrals
2026-04-23 20:47:05,220 [ genlib ] [ INFO ] Updating impropers
2026-04-23 20:47:05,220 [ genlib ] [ INFO ] Building library files for TYR --> VAL mutant
2026-04-23 20:47:05,221 [ genlib ] [ INFO ] reading rtp file "aminoacids.rtp"
2026-04-23 20:47:05,265 [ genlib ] [ INFO ] ENTERED T,A,V,I
2026-04-23 20:47:05,265 [ genlib ] [ INFO ] Making atom pairs
2026-04-23 20:47:05,268 [ genlib ] [ INFO ] Updating bond lists
2026-04-23 20:47:05,268 [ genlib ] [ INFO ] Updating dihedrals
2026-04-23 20:47:05,268 [ genlib ] [ INFO ] Updating impropers
2026-04-23 20:47:05,269 [ genlib ] [ INFO ] Building library files for VAL --> ALA mutant
2026-04-23 20:47:05,269 [ genlib ] [ INFO ] reading rtp file "aminoacids.rtp"
2026-04-23 20:47:05,312 [ genlib ] [ INFO ] ENTERED SIMPLE
2026-04-23 20:47:05,312 [ genlib ] [ INFO ] Making atom pairs
2026-04-23 20:47:05,312 [ genlib ] [ INFO ] Searching branch 1
2026-04-23 20:47:05,312 [ genlib ] [ INFO ] Searching order 2
2026-04-23 20:47:05,312 [ genlib ] [ INFO ] Checking atom HB
2026-04-23 20:47:05,312 [ genlib ] [ INFO ] Define atom pair: VAL|HB|HC|H          - > ALA|2HB|HC|H         (d = 0.06 A)
2026-04-23 20:47:05,312 [ genlib ] [ INFO ] Checking atom CG1
2026-04-23 20:47:05,312 [ genlib ] [ INFO ] No partner found for atom CG1
2026-04-23 20:47:05,312 [ genlib ] [ INFO ] Checking atom CG2
2026-04-23 20:47:05,312 [ genlib ] [ INFO ] Define atom pair: VAL|CG2|CT|C.3       - > ALA|1HB|HC|H         (d = 0.43 A)
2026-04-23 20:47:05,312 [ genlib ] [ INFO ] Searching order 3
2026-04-23 20:47:05,312 [ genlib ] [ INFO ] Checking atom 1HG2
2026-04-23 20:47:05,312 [ genlib ] [ INFO ] No partner found for atom 1HG2
2026-04-23 20:47:05,312 [ genlib ] [ INFO ] Checking atom 2HG2
2026-04-23 20:47:05,312 [ genlib ] [ INFO ] No partner found for atom 2HG2
2026-04-23 20:47:05,312 [ genlib ] [ INFO ] Checking atom 3HG2
2026-04-23 20:47:05,312 [ genlib ] [ INFO ] No partner found for atom 3HG2
2026-04-23 20:47:05,312 [ genlib ] [ INFO ] Searching order 4
2026-04-23 20:47:05,312 [ genlib ] [ INFO ] Searching order 5
2026-04-23 20:47:05,312 [ genlib ] [ INFO ] Searching order 6
2026-04-23 20:47:05,312 [ genlib ] [ INFO ] Searching order 7
2026-04-23 20:47:05,312 [ genlib ] [ INFO ] Searching branch 2
2026-04-23 20:47:05,312 [ genlib ] [ INFO ] Searching order 2
2026-04-23 20:47:05,312 [ genlib ] [ INFO ] Checking atom CG1
2026-04-23 20:47:05,312 [ genlib ] [ INFO ] No partner found for atom CG1
2026-04-23 20:47:05,312 [ genlib ] [ INFO ] Searching order 3
2026-04-23 20:47:05,312 [ genlib ] [ INFO ] Checking atom 1HG2
2026-04-23 20:47:05,312 [ genlib ] [ INFO ] No partner found for atom 1HG2
2026-04-23 20:47:05,312 [ genlib ] [ INFO ] Checking atom 2HG2
2026-04-23 20:47:05,312 [ genlib ] [ INFO ] No partner found for atom 2HG2
2026-04-23 20:47:05,312 [ genlib ] [ INFO ] Checking atom 3HG2
2026-04-23 20:47:05,312 [ genlib ] [ INFO ] No partner found for atom 3HG2
2026-04-23 20:47:05,312 [ genlib ] [ INFO ] Searching order 4
2026-04-23 20:47:05,312 [ genlib ] [ INFO ] Searching order 5
2026-04-23 20:47:05,312 [ genlib ] [ INFO ] Searching order 6
2026-04-23 20:47:05,312 [ genlib ] [ INFO ] Searching order 7
2026-04-23 20:47:05,313 [ genlib ] [ INFO ] Updating bond lists
2026-04-23 20:47:05,313 [ genlib ] [ INFO ] Updating dihedrals
2026-04-23 20:47:05,313 [ genlib ] [ INFO ] Updating impropers
2026-04-23 20:47:05,313 [ genlib ] [ INFO ] Building library files for VAL --> ARG mutant
2026-04-23 20:47:05,314 [ genlib ] [ INFO ] reading rtp file "aminoacids.rtp"
2026-04-23 20:47:05,357 [ genlib ] [ INFO ] ENTERED SIMPLE
2026-04-23 20:47:05,357 [ genlib ] [ INFO ] Making atom pairs
2026-04-23 20:47:05,357 [ genlib ] [ INFO ] Searching branch 1
2026-04-23 20:47:05,358 [ genlib ] [ INFO ] Searching order 2
2026-04-23 20:47:05,358 [ genlib ] [ INFO ] Checking atom HB
2026-04-23 20:47:05,358 [ genlib ] [ INFO ] Define atom pair: VAL|HB|HC|H          - > ARG|1HB|HC|H         (d = 0.03 A)
2026-04-23 20:47:05,358 [ genlib ] [ INFO ] Checking atom CG1
2026-04-23 20:47:05,358 [ genlib ] [ INFO ] Define atom pair: VAL|CG1|CT|C.3       - > ARG|2HB|HC|H         (d = 0.55 A)
2026-04-23 20:47:05,358 [ genlib ] [ INFO ] Checking atom CG2
2026-04-23 20:47:05,358 [ genlib ] [ INFO ] Define atom pair: VAL|CG2|CT|C.3       - > ARG|CG|C8|C.3        (d = 0.13 A)
2026-04-23 20:47:05,358 [ genlib ] [ INFO ] Searching order 3
2026-04-23 20:47:05,358 [ genlib ] [ INFO ] Checking atom 1HG1
2026-04-23 20:47:05,358 [ genlib ] [ INFO ] No partner found for atom 1HG1
2026-04-23 20:47:05,358 [ genlib ] [ INFO ] Checking atom 2HG1
2026-04-23 20:47:05,358 [ genlib ] [ INFO ] No partner found for atom 2HG1
2026-04-23 20:47:05,358 [ genlib ] [ INFO ] Checking atom 3HG1
2026-04-23 20:47:05,358 [ genlib ] [ INFO ] No partner found for atom 3HG1
2026-04-23 20:47:05,358 [ genlib ] [ INFO ] Checking atom 1HG2
2026-04-23 20:47:05,358 [ genlib ] [ INFO ] Define atom pair: VAL|1HG2|HC|H        - > ARG|CD|C8|C.3        (d = 0.46 A)
2026-04-23 20:47:05,358 [ genlib ] [ INFO ] Checking atom 2HG2
2026-04-23 20:47:05,358 [ genlib ] [ INFO ] Define atom pair: VAL|2HG2|HC|H        - > ARG|1HG|HC|H         (d = 0.15 A)
2026-04-23 20:47:05,358 [ genlib ] [ INFO ] Checking atom 3HG2
2026-04-23 20:47:05,358 [ genlib ] [ INFO ] Define atom pair: VAL|3HG2|HC|H        - > ARG|2HG|HC|H         (d = 0.20 A)
2026-04-23 20:47:05,358 [ genlib ] [ INFO ] Searching order 4
2026-04-23 20:47:05,358 [ genlib ] [ INFO ] Searching order 5
2026-04-23 20:47:05,358 [ genlib ] [ INFO ] Searching order 6
2026-04-23 20:47:05,358 [ genlib ] [ INFO ] Searching order 7
2026-04-23 20:47:05,358 [ genlib ] [ INFO ] Searching branch 2
2026-04-23 20:47:05,358 [ genlib ] [ INFO ] Searching order 2
2026-04-23 20:47:05,358 [ genlib ] [ INFO ] Searching order 3
2026-04-23 20:47:05,358 [ genlib ] [ INFO ] Checking atom 1HG1
2026-04-23 20:47:05,358 [ genlib ] [ INFO ] No partner found for atom 1HG1
2026-04-23 20:47:05,358 [ genlib ] [ INFO ] Checking atom 2HG1
2026-04-23 20:47:05,358 [ genlib ] [ INFO ] No partner found for atom 2HG1
2026-04-23 20:47:05,358 [ genlib ] [ INFO ] Checking atom 3HG1
2026-04-23 20:47:05,358 [ genlib ] [ INFO ] No partner found for atom 3HG1
2026-04-23 20:47:05,358 [ genlib ] [ INFO ] Searching order 4
2026-04-23 20:47:05,358 [ genlib ] [ INFO ] Searching order 5
2026-04-23 20:47:05,358 [ genlib ] [ INFO ] Searching order 6
2026-04-23 20:47:05,358 [ genlib ] [ INFO ] Searching order 7
2026-04-23 20:47:05,363 [ genlib ] [ INFO ] Updating bond lists
2026-04-23 20:47:05,363 [ genlib ] [ INFO ] Updating dihedrals
2026-04-23 20:47:05,363 [ genlib ] [ INFO ] Updating impropers
2026-04-23 20:47:05,363 [ genlib ] [ INFO ] Building library files for VAL --> ASH mutant
2026-04-23 20:47:05,364 [ genlib ] [ INFO ] reading rtp file "aminoacids.rtp"
2026-04-23 20:47:05,407 [ genlib ] [ INFO ] ENTERED SIMPLE
2026-04-23 20:47:05,407 [ genlib ] [ INFO ] Making atom pairs
2026-04-23 20:47:05,407 [ genlib ] [ INFO ] Searching branch 1
2026-04-23 20:47:05,407 [ genlib ] [ INFO ] Searching order 2
2026-04-23 20:47:05,407 [ genlib ] [ INFO ] Checking atom HB
2026-04-23 20:47:05,407 [ genlib ] [ INFO ] Define atom pair: VAL|HB|HC|H          - > ASH|1HB|HC|H         (d = 0.07 A)
2026-04-23 20:47:05,407 [ genlib ] [ INFO ] Checking atom CG1
2026-04-23 20:47:05,407 [ genlib ] [ INFO ] No partner found for atom CG1
2026-04-23 20:47:05,407 [ genlib ] [ INFO ] Checking atom CG2
2026-04-23 20:47:05,407 [ genlib ] [ INFO ] Define atom pair: VAL|CG2|CT|C.3       - > ASH|CG|C|C.2         (d = 0.10 A)
2026-04-23 20:47:05,407 [ genlib ] [ INFO ] Searching order 3
2026-04-23 20:47:05,407 [ genlib ] [ INFO ] Checking atom 1HG2
2026-04-23 20:47:05,407 [ genlib ] [ INFO ] Define atom pair: VAL|1HG2|HC|H        - > ASH|OD1|O|O.co2      (d = 0.20 A)
2026-04-23 20:47:05,407 [ genlib ] [ INFO ] Checking atom 2HG2
2026-04-23 20:47:05,407 [ genlib ] [ INFO ] No partner found for atom 2HG2
2026-04-23 20:47:05,407 [ genlib ] [ INFO ] Checking atom 3HG2
2026-04-23 20:47:05,407 [ genlib ] [ INFO ] No partner found for atom 3HG2
2026-04-23 20:47:05,407 [ genlib ] [ INFO ] Searching order 4
2026-04-23 20:47:05,407 [ genlib ] [ INFO ] Searching order 5
2026-04-23 20:47:05,407 [ genlib ] [ INFO ] Searching order 6
2026-04-23 20:47:05,407 [ genlib ] [ INFO ] Searching order 7
2026-04-23 20:47:05,407 [ genlib ] [ INFO ] Searching branch 2
2026-04-23 20:47:05,407 [ genlib ] [ INFO ] Searching order 2
2026-04-23 20:47:05,407 [ genlib ] [ INFO ] Checking atom CG1
2026-04-23 20:47:05,407 [ genlib ] [ INFO ] No partner found for atom CG1
2026-04-23 20:47:05,407 [ genlib ] [ INFO ] Searching order 3
2026-04-23 20:47:05,407 [ genlib ] [ INFO ] Checking atom 2HG2
2026-04-23 20:47:05,407 [ genlib ] [ INFO ] No partner found for atom 2HG2
2026-04-23 20:47:05,407 [ genlib ] [ INFO ] Checking atom 3HG2
2026-04-23 20:47:05,408 [ genlib ] [ INFO ] No partner found for atom 3HG2
2026-04-23 20:47:05,408 [ genlib ] [ INFO ] Searching order 4
2026-04-23 20:47:05,408 [ genlib ] [ INFO ] Searching order 5
2026-04-23 20:47:05,408 [ genlib ] [ INFO ] Searching order 6
2026-04-23 20:47:05,408 [ genlib ] [ INFO ] Searching order 7
2026-04-23 20:47:05,409 [ genlib ] [ INFO ] Updating bond lists
2026-04-23 20:47:05,409 [ genlib ] [ INFO ] Updating dihedrals
2026-04-23 20:47:05,409 [ genlib ] [ INFO ] Updating impropers
2026-04-23 20:47:05,409 [ genlib ] [ INFO ] Building library files for VAL --> ASN mutant
2026-04-23 20:47:05,410 [ genlib ] [ INFO ] reading rtp file "aminoacids.rtp"
2026-04-23 20:47:05,453 [ genlib ] [ INFO ] ENTERED SIMPLE
2026-04-23 20:47:05,453 [ genlib ] [ INFO ] Making atom pairs
2026-04-23 20:47:05,453 [ genlib ] [ INFO ] Searching branch 1
2026-04-23 20:47:05,453 [ genlib ] [ INFO ] Searching order 2
2026-04-23 20:47:05,453 [ genlib ] [ INFO ] Checking atom HB
2026-04-23 20:47:05,453 [ genlib ] [ INFO ] Define atom pair: VAL|HB|HC|H          - > ASN|1HB|HC|H         (d = 0.13 A)
2026-04-23 20:47:05,453 [ genlib ] [ INFO ] Checking atom CG1
2026-04-23 20:47:05,453 [ genlib ] [ INFO ] Define atom pair: VAL|CG1|CT|C.3       - > ASN|2HB|HC|H         (d = 0.52 A)
2026-04-23 20:47:05,453 [ genlib ] [ INFO ] Checking atom CG2
2026-04-23 20:47:05,453 [ genlib ] [ INFO ] Define atom pair: VAL|CG2|CT|C.3       - > ASN|CG|C|C.2         (d = 0.19 A)
2026-04-23 20:47:05,453 [ genlib ] [ INFO ] Searching order 3
2026-04-23 20:47:05,453 [ genlib ] [ INFO ] Checking atom 1HG1
2026-04-23 20:47:05,453 [ genlib ] [ INFO ] No partner found for atom 1HG1
2026-04-23 20:47:05,453 [ genlib ] [ INFO ] Checking atom 2HG1
2026-04-23 20:47:05,453 [ genlib ] [ INFO ] No partner found for atom 2HG1
2026-04-23 20:47:05,453 [ genlib ] [ INFO ] Checking atom 3HG1
2026-04-23 20:47:05,453 [ genlib ] [ INFO ] No partner found for atom 3HG1
2026-04-23 20:47:05,453 [ genlib ] [ INFO ] Checking atom 1HG2
2026-04-23 20:47:05,453 [ genlib ] [ INFO ] Define atom pair: VAL|1HG2|HC|H        - > ASN|OD1|O|O.2        (d = 0.33 A)
2026-04-23 20:47:05,453 [ genlib ] [ INFO ] Checking atom 2HG2
2026-04-23 20:47:05,453 [ genlib ] [ INFO ] No partner found for atom 2HG2
2026-04-23 20:47:05,453 [ genlib ] [ INFO ] Checking atom 3HG2
2026-04-23 20:47:05,453 [ genlib ] [ INFO ] No partner found for atom 3HG2
2026-04-23 20:47:05,453 [ genlib ] [ INFO ] Searching order 4
2026-04-23 20:47:05,453 [ genlib ] [ INFO ] Searching order 5
2026-04-23 20:47:05,453 [ genlib ] [ INFO ] Searching order 6
2026-04-23 20:47:05,453 [ genlib ] [ INFO ] Searching order 7
2026-04-23 20:47:05,453 [ genlib ] [ INFO ] Searching branch 2
2026-04-23 20:47:05,453 [ genlib ] [ INFO ] Searching order 2
2026-04-23 20:47:05,453 [ genlib ] [ INFO ] Searching order 3
2026-04-23 20:47:05,453 [ genlib ] [ INFO ] Checking atom 1HG1
2026-04-23 20:47:05,453 [ genlib ] [ INFO ] No partner found for atom 1HG1
2026-04-23 20:47:05,453 [ genlib ] [ INFO ] Checking atom 2HG1
2026-04-23 20:47:05,453 [ genlib ] [ INFO ] No partner found for atom 2HG1
2026-04-23 20:47:05,453 [ genlib ] [ INFO ] Checking atom 3HG1
2026-04-23 20:47:05,453 [ genlib ] [ INFO ] No partner found for atom 3HG1
2026-04-23 20:47:05,453 [ genlib ] [ INFO ] Checking atom 2HG2
2026-04-23 20:47:05,453 [ genlib ] [ INFO ] No partner found for atom 2HG2
2026-04-23 20:47:05,453 [ genlib ] [ INFO ] Checking atom 3HG2
2026-04-23 20:47:05,453 [ genlib ] [ INFO ] No partner found for atom 3HG2
2026-04-23 20:47:05,453 [ genlib ] [ INFO ] Searching order 4
2026-04-23 20:47:05,453 [ genlib ] [ INFO ] Searching order 5
2026-04-23 20:47:05,453 [ genlib ] [ INFO ] Searching order 6
2026-04-23 20:47:05,453 [ genlib ] [ INFO ] Searching order 7
2026-04-23 20:47:05,456 [ genlib ] [ INFO ] Updating bond lists
2026-04-23 20:47:05,456 [ genlib ] [ INFO ] Updating dihedrals
2026-04-23 20:47:05,456 [ genlib ] [ INFO ] Updating impropers
2026-04-23 20:47:05,456 [ genlib ] [ INFO ] Building library files for VAL --> ASP mutant
2026-04-23 20:47:05,457 [ genlib ] [ INFO ] reading rtp file "aminoacids.rtp"
2026-04-23 20:47:05,500 [ genlib ] [ INFO ] ENTERED SIMPLE
2026-04-23 20:47:05,500 [ genlib ] [ INFO ] Making atom pairs
2026-04-23 20:47:05,500 [ genlib ] [ INFO ] Searching branch 1
2026-04-23 20:47:05,500 [ genlib ] [ INFO ] Searching order 2
2026-04-23 20:47:05,500 [ genlib ] [ INFO ] Checking atom HB
2026-04-23 20:47:05,500 [ genlib ] [ INFO ] Define atom pair: VAL|HB|HC|H          - > ASP|1HB|HC|H         (d = 0.05 A)
2026-04-23 20:47:05,500 [ genlib ] [ INFO ] Checking atom CG1
2026-04-23 20:47:05,500 [ genlib ] [ INFO ] Define atom pair: VAL|CG1|CT|C.3       - > ASP|2HB|HC|H         (d = 0.51 A)
2026-04-23 20:47:05,500 [ genlib ] [ INFO ] Checking atom CG2
2026-04-23 20:47:05,500 [ genlib ] [ INFO ] Define atom pair: VAL|CG2|CT|C.3       - > ASP|CG|CO|C.2        (d = 0.10 A)
2026-04-23 20:47:05,500 [ genlib ] [ INFO ] Searching order 3
2026-04-23 20:47:05,500 [ genlib ] [ INFO ] Checking atom 1HG1
2026-04-23 20:47:05,500 [ genlib ] [ INFO ] No partner found for atom 1HG1
2026-04-23 20:47:05,500 [ genlib ] [ INFO ] Checking atom 2HG1
2026-04-23 20:47:05,500 [ genlib ] [ INFO ] No partner found for atom 2HG1
2026-04-23 20:47:05,500 [ genlib ] [ INFO ] Checking atom 3HG1
2026-04-23 20:47:05,500 [ genlib ] [ INFO ] No partner found for atom 3HG1
2026-04-23 20:47:05,500 [ genlib ] [ INFO ] Checking atom 1HG2
2026-04-23 20:47:05,500 [ genlib ] [ INFO ] Define atom pair: VAL|1HG2|HC|H        - > ASP|OD1|O2|O.co2     (d = 0.20 A)
2026-04-23 20:47:05,500 [ genlib ] [ INFO ] Checking atom 2HG2
2026-04-23 20:47:05,500 [ genlib ] [ INFO ] No partner found for atom 2HG2
2026-04-23 20:47:05,500 [ genlib ] [ INFO ] Checking atom 3HG2
2026-04-23 20:47:05,500 [ genlib ] [ INFO ] No partner found for atom 3HG2
2026-04-23 20:47:05,500 [ genlib ] [ INFO ] Searching order 4
2026-04-23 20:47:05,500 [ genlib ] [ INFO ] Searching order 5
2026-04-23 20:47:05,500 [ genlib ] [ INFO ] Searching order 6
2026-04-23 20:47:05,500 [ genlib ] [ INFO ] Searching order 7
2026-04-23 20:47:05,500 [ genlib ] [ INFO ] Searching branch 2
2026-04-23 20:47:05,500 [ genlib ] [ INFO ] Searching order 2
2026-04-23 20:47:05,500 [ genlib ] [ INFO ] Searching order 3
2026-04-23 20:47:05,500 [ genlib ] [ INFO ] Checking atom 1HG1
2026-04-23 20:47:05,500 [ genlib ] [ INFO ] No partner found for atom 1HG1
2026-04-23 20:47:05,500 [ genlib ] [ INFO ] Checking atom 2HG1
2026-04-23 20:47:05,500 [ genlib ] [ INFO ] No partner found for atom 2HG1
2026-04-23 20:47:05,500 [ genlib ] [ INFO ] Checking atom 3HG1
2026-04-23 20:47:05,500 [ genlib ] [ INFO ] No partner found for atom 3HG1
2026-04-23 20:47:05,500 [ genlib ] [ INFO ] Checking atom 2HG2
2026-04-23 20:47:05,500 [ genlib ] [ INFO ] No partner found for atom 2HG2
2026-04-23 20:47:05,500 [ genlib ] [ INFO ] Checking atom 3HG2
2026-04-23 20:47:05,500 [ genlib ] [ INFO ] No partner found for atom 3HG2
2026-04-23 20:47:05,500 [ genlib ] [ INFO ] Searching order 4
2026-04-23 20:47:05,500 [ genlib ] [ INFO ] Searching order 5
2026-04-23 20:47:05,500 [ genlib ] [ INFO ] Searching order 6
2026-04-23 20:47:05,500 [ genlib ] [ INFO ] Searching order 7
2026-04-23 20:47:05,501 [ genlib ] [ INFO ] Updating bond lists
2026-04-23 20:47:05,501 [ genlib ] [ INFO ] Updating dihedrals
2026-04-23 20:47:05,501 [ genlib ] [ INFO ] Updating impropers
2026-04-23 20:47:05,502 [ genlib ] [ INFO ] Building library files for VAL --> CYS mutant
2026-04-23 20:47:05,502 [ genlib ] [ INFO ] reading rtp file "aminoacids.rtp"
2026-04-23 20:47:05,545 [ genlib ] [ INFO ] ENTERED SIMPLE
2026-04-23 20:47:05,545 [ genlib ] [ INFO ] Making atom pairs
2026-04-23 20:47:05,545 [ genlib ] [ INFO ] Searching branch 1
2026-04-23 20:47:05,545 [ genlib ] [ INFO ] Searching order 2
2026-04-23 20:47:05,545 [ genlib ] [ INFO ] Checking atom HB
2026-04-23 20:47:05,545 [ genlib ] [ INFO ] Define atom pair: VAL|HB|HC|H          - > CYS|1HB|H1|H         (d = 0.06 A)
2026-04-23 20:47:05,545 [ genlib ] [ INFO ] Checking atom CG1
2026-04-23 20:47:05,545 [ genlib ] [ INFO ] Define atom pair: VAL|CG1|CT|C.3       - > CYS|2HB|H1|H         (d = 0.54 A)
2026-04-23 20:47:05,545 [ genlib ] [ INFO ] Checking atom CG2
2026-04-23 20:47:05,545 [ genlib ] [ INFO ] Define atom pair: VAL|CG2|CT|C.3       - > CYS|SG|SH|S.3        (d = 0.36 A)
2026-04-23 20:47:05,545 [ genlib ] [ INFO ] Searching order 3
2026-04-23 20:47:05,545 [ genlib ] [ INFO ] Checking atom 1HG1
2026-04-23 20:47:05,545 [ genlib ] [ INFO ] No partner found for atom 1HG1
2026-04-23 20:47:05,545 [ genlib ] [ INFO ] Checking atom 2HG1
2026-04-23 20:47:05,545 [ genlib ] [ INFO ] No partner found for atom 2HG1
2026-04-23 20:47:05,545 [ genlib ] [ INFO ] Checking atom 3HG1
2026-04-23 20:47:05,545 [ genlib ] [ INFO ] No partner found for atom 3HG1
2026-04-23 20:47:05,545 [ genlib ] [ INFO ] Checking atom 1HG2
2026-04-23 20:47:05,545 [ genlib ] [ INFO ] Define atom pair: VAL|1HG2|HC|H        - > CYS|HG|HS|H          (d = 0.36 A)
2026-04-23 20:47:05,545 [ genlib ] [ INFO ] Checking atom 2HG2
2026-04-23 20:47:05,545 [ genlib ] [ INFO ] No partner found for atom 2HG2
2026-04-23 20:47:05,545 [ genlib ] [ INFO ] Checking atom 3HG2
2026-04-23 20:47:05,545 [ genlib ] [ INFO ] No partner found for atom 3HG2
2026-04-23 20:47:05,545 [ genlib ] [ INFO ] Searching order 4
2026-04-23 20:47:05,545 [ genlib ] [ INFO ] Searching order 5
2026-04-23 20:47:05,545 [ genlib ] [ INFO ] Searching order 6
2026-04-23 20:47:05,545 [ genlib ] [ INFO ] Searching order 7
2026-04-23 20:47:05,545 [ genlib ] [ INFO ] Searching branch 2
2026-04-23 20:47:05,545 [ genlib ] [ INFO ] Searching order 2
2026-04-23 20:47:05,545 [ genlib ] [ INFO ] Searching order 3
2026-04-23 20:47:05,545 [ genlib ] [ INFO ] Checking atom 1HG1
2026-04-23 20:47:05,545 [ genlib ] [ INFO ] No partner found for atom 1HG1
2026-04-23 20:47:05,545 [ genlib ] [ INFO ] Checking atom 2HG1
2026-04-23 20:47:05,545 [ genlib ] [ INFO ] No partner found for atom 2HG1
2026-04-23 20:47:05,545 [ genlib ] [ INFO ] Checking atom 3HG1
2026-04-23 20:47:05,545 [ genlib ] [ INFO ] No partner found for atom 3HG1
2026-04-23 20:47:05,545 [ genlib ] [ INFO ] Checking atom 2HG2
2026-04-23 20:47:05,545 [ genlib ] [ INFO ] No partner found for atom 2HG2
2026-04-23 20:47:05,545 [ genlib ] [ INFO ] Checking atom 3HG2
2026-04-23 20:47:05,545 [ genlib ] [ INFO ] No partner found for atom 3HG2
2026-04-23 20:47:05,545 [ genlib ] [ INFO ] Searching order 4
2026-04-23 20:47:05,545 [ genlib ] [ INFO ] Searching order 5
2026-04-23 20:47:05,545 [ genlib ] [ INFO ] Searching order 6
2026-04-23 20:47:05,545 [ genlib ] [ INFO ] Searching order 7
2026-04-23 20:47:05,546 [ genlib ] [ INFO ] Updating bond lists
2026-04-23 20:47:05,546 [ genlib ] [ INFO ] Updating dihedrals
2026-04-23 20:47:05,546 [ genlib ] [ INFO ] Updating impropers
2026-04-23 20:47:05,546 [ genlib ] [ INFO ] Building library files for VAL --> GLH mutant
2026-04-23 20:47:05,547 [ genlib ] [ INFO ] reading rtp file "aminoacids.rtp"
2026-04-23 20:47:05,589 [ genlib ] [ INFO ] ENTERED SIMPLE
2026-04-23 20:47:05,589 [ genlib ] [ INFO ] Making atom pairs
2026-04-23 20:47:05,589 [ genlib ] [ INFO ] Searching branch 1
2026-04-23 20:47:05,589 [ genlib ] [ INFO ] Searching order 2
2026-04-23 20:47:05,589 [ genlib ] [ INFO ] Checking atom HB
2026-04-23 20:47:05,589 [ genlib ] [ INFO ] Define atom pair: VAL|HB|HC|H          - > GLH|1HB|HC|H         (d = 0.13 A)
2026-04-23 20:47:05,589 [ genlib ] [ INFO ] Checking atom CG1
2026-04-23 20:47:05,589 [ genlib ] [ INFO ] No partner found for atom CG1
2026-04-23 20:47:05,589 [ genlib ] [ INFO ] Checking atom CG2
2026-04-23 20:47:05,589 [ genlib ] [ INFO ] Define atom pair: VAL|CG2|CT|C.3       - > GLH|CG|2C|C.3        (d = 0.16 A)
2026-04-23 20:47:05,589 [ genlib ] [ INFO ] Searching order 3
2026-04-23 20:47:05,589 [ genlib ] [ INFO ] Checking atom 1HG2
2026-04-23 20:47:05,589 [ genlib ] [ INFO ] Define atom pair: VAL|1HG2|HC|H        - > GLH|CD|C|C.2         (d = 0.37 A)
2026-04-23 20:47:05,589 [ genlib ] [ INFO ] Checking atom 2HG2
2026-04-23 20:47:05,589 [ genlib ] [ INFO ] Define atom pair: VAL|2HG2|HC|H        - > GLH|1HG|HC|H         (d = 0.24 A)
2026-04-23 20:47:05,589 [ genlib ] [ INFO ] Checking atom 3HG2
2026-04-23 20:47:05,589 [ genlib ] [ INFO ] Define atom pair: VAL|3HG2|HC|H        - > GLH|2HG|HC|H         (d = 0.26 A)
2026-04-23 20:47:05,589 [ genlib ] [ INFO ] Searching order 4
2026-04-23 20:47:05,589 [ genlib ] [ INFO ] Searching order 5
2026-04-23 20:47:05,589 [ genlib ] [ INFO ] Searching order 6
2026-04-23 20:47:05,589 [ genlib ] [ INFO ] Searching order 7
2026-04-23 20:47:05,589 [ genlib ] [ INFO ] Searching branch 2
2026-04-23 20:47:05,589 [ genlib ] [ INFO ] Searching order 2
2026-04-23 20:47:05,589 [ genlib ] [ INFO ] Checking atom CG1
2026-04-23 20:47:05,589 [ genlib ] [ INFO ] No partner found for atom CG1
2026-04-23 20:47:05,589 [ genlib ] [ INFO ] Searching order 3
2026-04-23 20:47:05,589 [ genlib ] [ INFO ] Searching order 4
2026-04-23 20:47:05,589 [ genlib ] [ INFO ] Searching order 5
2026-04-23 20:47:05,589 [ genlib ] [ INFO ] Searching order 6
2026-04-23 20:47:05,589 [ genlib ] [ INFO ] Searching order 7
2026-04-23 20:47:05,591 [ genlib ] [ INFO ] Updating bond lists
2026-04-23 20:47:05,591 [ genlib ] [ INFO ] Updating dihedrals
2026-04-23 20:47:05,591 [ genlib ] [ INFO ] Updating impropers
2026-04-23 20:47:05,591 [ genlib ] [ INFO ] Building library files for VAL --> GLN mutant
2026-04-23 20:47:05,592 [ genlib ] [ INFO ] reading rtp file "aminoacids.rtp"
2026-04-23 20:47:05,635 [ genlib ] [ INFO ] ENTERED SIMPLE
2026-04-23 20:47:05,635 [ genlib ] [ INFO ] Making atom pairs
2026-04-23 20:47:05,635 [ genlib ] [ INFO ] Searching branch 1
2026-04-23 20:47:05,635 [ genlib ] [ INFO ] Searching order 2
2026-04-23 20:47:05,635 [ genlib ] [ INFO ] Checking atom HB
2026-04-23 20:47:05,635 [ genlib ] [ INFO ] Define atom pair: VAL|HB|HC|H          - > GLN|1HB|HC|H         (d = 0.01 A)
2026-04-23 20:47:05,635 [ genlib ] [ INFO ] Checking atom CG1
2026-04-23 20:47:05,635 [ genlib ] [ INFO ] Define atom pair: VAL|CG1|CT|C.3       - > GLN|2HB|HC|H         (d = 0.52 A)
2026-04-23 20:47:05,635 [ genlib ] [ INFO ] Checking atom CG2
2026-04-23 20:47:05,635 [ genlib ] [ INFO ] Define atom pair: VAL|CG2|CT|C.3       - > GLN|CG|2C|C.3        (d = 0.09 A)
2026-04-23 20:47:05,635 [ genlib ] [ INFO ] Searching order 3
2026-04-23 20:47:05,635 [ genlib ] [ INFO ] Checking atom 1HG1
2026-04-23 20:47:05,635 [ genlib ] [ INFO ] No partner found for atom 1HG1
2026-04-23 20:47:05,635 [ genlib ] [ INFO ] Checking atom 2HG1
2026-04-23 20:47:05,635 [ genlib ] [ INFO ] No partner found for atom 2HG1
2026-04-23 20:47:05,635 [ genlib ] [ INFO ] Checking atom 3HG1
2026-04-23 20:47:05,635 [ genlib ] [ INFO ] No partner found for atom 3HG1
2026-04-23 20:47:05,635 [ genlib ] [ INFO ] Checking atom 1HG2
2026-04-23 20:47:05,635 [ genlib ] [ INFO ] Define atom pair: VAL|1HG2|HC|H        - > GLN|CD|C|C.2         (d = 0.46 A)
2026-04-23 20:47:05,635 [ genlib ] [ INFO ] Checking atom 2HG2
2026-04-23 20:47:05,635 [ genlib ] [ INFO ] Define atom pair: VAL|2HG2|HC|H        - > GLN|1HG|HC|H         (d = 0.10 A)
2026-04-23 20:47:05,635 [ genlib ] [ INFO ] Checking atom 3HG2
2026-04-23 20:47:05,635 [ genlib ] [ INFO ] Define atom pair: VAL|3HG2|HC|H        - > GLN|2HG|HC|H         (d = 0.15 A)
2026-04-23 20:47:05,635 [ genlib ] [ INFO ] Searching order 4
2026-04-23 20:47:05,635 [ genlib ] [ INFO ] Searching order 5
2026-04-23 20:47:05,635 [ genlib ] [ INFO ] Searching order 6
2026-04-23 20:47:05,635 [ genlib ] [ INFO ] Searching order 7
2026-04-23 20:47:05,635 [ genlib ] [ INFO ] Searching branch 2
2026-04-23 20:47:05,635 [ genlib ] [ INFO ] Searching order 2
2026-04-23 20:47:05,635 [ genlib ] [ INFO ] Searching order 3
2026-04-23 20:47:05,635 [ genlib ] [ INFO ] Checking atom 1HG1
2026-04-23 20:47:05,635 [ genlib ] [ INFO ] No partner found for atom 1HG1
2026-04-23 20:47:05,635 [ genlib ] [ INFO ] Checking atom 2HG1
2026-04-23 20:47:05,635 [ genlib ] [ INFO ] No partner found for atom 2HG1
2026-04-23 20:47:05,635 [ genlib ] [ INFO ] Checking atom 3HG1
2026-04-23 20:47:05,635 [ genlib ] [ INFO ] No partner found for atom 3HG1
2026-04-23 20:47:05,635 [ genlib ] [ INFO ] Searching order 4
2026-04-23 20:47:05,635 [ genlib ] [ INFO ] Searching order 5
2026-04-23 20:47:05,635 [ genlib ] [ INFO ] Searching order 6
2026-04-23 20:47:05,635 [ genlib ] [ INFO ] Searching order 7
2026-04-23 20:47:05,637 [ genlib ] [ INFO ] Updating bond lists
2026-04-23 20:47:05,637 [ genlib ] [ INFO ] Updating dihedrals
2026-04-23 20:47:05,637 [ genlib ] [ INFO ] Updating impropers
2026-04-23 20:47:05,637 [ genlib ] [ INFO ] Building library files for VAL --> GLU mutant
2026-04-23 20:47:05,638 [ genlib ] [ INFO ] reading rtp file "aminoacids.rtp"
2026-04-23 20:47:05,681 [ genlib ] [ INFO ] ENTERED SIMPLE
2026-04-23 20:47:05,681 [ genlib ] [ INFO ] Making atom pairs
2026-04-23 20:47:05,681 [ genlib ] [ INFO ] Searching branch 1
2026-04-23 20:47:05,681 [ genlib ] [ INFO ] Searching order 2
2026-04-23 20:47:05,681 [ genlib ] [ INFO ] Checking atom HB
2026-04-23 20:47:05,681 [ genlib ] [ INFO ] Define atom pair: VAL|HB|HC|H          - > GLU|1HB|HC|H         (d = 0.10 A)
2026-04-23 20:47:05,681 [ genlib ] [ INFO ] Checking atom CG1
2026-04-23 20:47:05,681 [ genlib ] [ INFO ] Define atom pair: VAL|CG1|CT|C.3       - > GLU|2HB|HC|H         (d = 0.45 A)
2026-04-23 20:47:05,681 [ genlib ] [ INFO ] Checking atom CG2
2026-04-23 20:47:05,681 [ genlib ] [ INFO ] Define atom pair: VAL|CG2|CT|C.3       - > GLU|CG|2C|C.3        (d = 0.16 A)
2026-04-23 20:47:05,681 [ genlib ] [ INFO ] Searching order 3
2026-04-23 20:47:05,681 [ genlib ] [ INFO ] Checking atom 1HG1
2026-04-23 20:47:05,681 [ genlib ] [ INFO ] No partner found for atom 1HG1
2026-04-23 20:47:05,681 [ genlib ] [ INFO ] Checking atom 2HG1
2026-04-23 20:47:05,681 [ genlib ] [ INFO ] No partner found for atom 2HG1
2026-04-23 20:47:05,681 [ genlib ] [ INFO ] Checking atom 3HG1
2026-04-23 20:47:05,681 [ genlib ] [ INFO ] No partner found for atom 3HG1
2026-04-23 20:47:05,681 [ genlib ] [ INFO ] Checking atom 1HG2
2026-04-23 20:47:05,681 [ genlib ] [ INFO ] Define atom pair: VAL|1HG2|HC|H        - > GLU|CD|CO|C.2        (d = 0.37 A)
2026-04-23 20:47:05,681 [ genlib ] [ INFO ] Checking atom 2HG2
2026-04-23 20:47:05,681 [ genlib ] [ INFO ] Define atom pair: VAL|2HG2|HC|H        - > GLU|1HG|HC|H         (d = 0.22 A)
2026-04-23 20:47:05,681 [ genlib ] [ INFO ] Checking atom 3HG2
2026-04-23 20:47:05,681 [ genlib ] [ INFO ] Define atom pair: VAL|3HG2|HC|H        - > GLU|2HG|HC|H         (d = 0.25 A)
2026-04-23 20:47:05,681 [ genlib ] [ INFO ] Searching order 4
2026-04-23 20:47:05,681 [ genlib ] [ INFO ] Searching order 5
2026-04-23 20:47:05,681 [ genlib ] [ INFO ] Searching order 6
2026-04-23 20:47:05,681 [ genlib ] [ INFO ] Searching order 7
2026-04-23 20:47:05,681 [ genlib ] [ INFO ] Searching branch 2
2026-04-23 20:47:05,681 [ genlib ] [ INFO ] Searching order 2
2026-04-23 20:47:05,681 [ genlib ] [ INFO ] Searching order 3
2026-04-23 20:47:05,681 [ genlib ] [ INFO ] Checking atom 1HG1
2026-04-23 20:47:05,681 [ genlib ] [ INFO ] No partner found for atom 1HG1
2026-04-23 20:47:05,681 [ genlib ] [ INFO ] Checking atom 2HG1
2026-04-23 20:47:05,681 [ genlib ] [ INFO ] No partner found for atom 2HG1
2026-04-23 20:47:05,681 [ genlib ] [ INFO ] Checking atom 3HG1
2026-04-23 20:47:05,681 [ genlib ] [ INFO ] No partner found for atom 3HG1
2026-04-23 20:47:05,681 [ genlib ] [ INFO ] Searching order 4
2026-04-23 20:47:05,681 [ genlib ] [ INFO ] Searching order 5
2026-04-23 20:47:05,681 [ genlib ] [ INFO ] Searching order 6
2026-04-23 20:47:05,681 [ genlib ] [ INFO ] Searching order 7
2026-04-23 20:47:05,682 [ genlib ] [ INFO ] Updating bond lists
2026-04-23 20:47:05,682 [ genlib ] [ INFO ] Updating dihedrals
2026-04-23 20:47:05,682 [ genlib ] [ INFO ] Updating impropers
2026-04-23 20:47:05,683 [ genlib ] [ INFO ] Building library files for VAL --> GLY mutant
2026-04-23 20:47:05,683 [ genlib ] [ INFO ] reading rtp file "aminoacids.rtp"
2026-04-23 20:47:05,728 [ genlib ] [ INFO ] ENTERED G
2026-04-23 20:47:05,728 [ genlib ] [ INFO ] Making atom pairs
2026-04-23 20:47:05,729 [ genlib ] [ INFO ] Updating bond lists
2026-04-23 20:47:05,729 [ genlib ] [ INFO ] Updating dihedrals
2026-04-23 20:47:05,729 [ genlib ] [ INFO ] Updating impropers
2026-04-23 20:47:05,730 [ genlib ] [ INFO ] Building library files for VAL --> HID mutant
2026-04-23 20:47:05,730 [ genlib ] [ INFO ] reading rtp file "aminoacids.rtp"
2026-04-23 20:47:05,778 [ genlib ] [ INFO ] ENTERED T,A,V,I
2026-04-23 20:47:05,778 [ genlib ] [ INFO ] Making atom pairs
2026-04-23 20:47:05,781 [ genlib ] [ INFO ] Updating bond lists
2026-04-23 20:47:05,781 [ genlib ] [ INFO ] Updating dihedrals
2026-04-23 20:47:05,781 [ genlib ] [ INFO ] Updating impropers
2026-04-23 20:47:05,782 [ genlib ] [ INFO ] Building library files for VAL --> HIE mutant
2026-04-23 20:47:05,782 [ genlib ] [ INFO ] reading rtp file "aminoacids.rtp"
2026-04-23 20:47:05,832 [ genlib ] [ INFO ] ENTERED T,A,V,I
2026-04-23 20:47:05,832 [ genlib ] [ INFO ] Making atom pairs
2026-04-23 20:47:05,836 [ genlib ] [ INFO ] Updating bond lists
2026-04-23 20:47:05,836 [ genlib ] [ INFO ] Updating dihedrals
2026-04-23 20:47:05,836 [ genlib ] [ INFO ] Updating impropers
2026-04-23 20:47:05,836 [ genlib ] [ INFO ] Building library files for VAL --> HIP mutant
2026-04-23 20:47:05,837 [ genlib ] [ INFO ] reading rtp file "aminoacids.rtp"
2026-04-23 20:47:05,884 [ genlib ] [ INFO ] ENTERED T,A,V,I
2026-04-23 20:47:05,884 [ genlib ] [ INFO ] Making atom pairs
2026-04-23 20:47:05,889 [ genlib ] [ INFO ] Updating bond lists
2026-04-23 20:47:05,889 [ genlib ] [ INFO ] Updating dihedrals
2026-04-23 20:47:05,889 [ genlib ] [ INFO ] Updating impropers
2026-04-23 20:47:05,889 [ genlib ] [ INFO ] Building library files for VAL --> ILE mutant
2026-04-23 20:47:05,890 [ genlib ] [ INFO ] reading rtp file "aminoacids.rtp"
2026-04-23 20:47:05,934 [ genlib ] [ INFO ] ENTERED SIMPLE
2026-04-23 20:47:05,934 [ genlib ] [ INFO ] Making atom pairs
2026-04-23 20:47:05,934 [ genlib ] [ INFO ] Searching branch 1
2026-04-23 20:47:05,934 [ genlib ] [ INFO ] Searching order 2
2026-04-23 20:47:05,934 [ genlib ] [ INFO ] Checking atom HB
2026-04-23 20:47:05,934 [ genlib ] [ INFO ] Define atom pair: VAL|HB|HC|H          - > ILE|HB|HC|H          (d = 0.10 A)
2026-04-23 20:47:05,934 [ genlib ] [ INFO ] Checking atom CG1
2026-04-23 20:47:05,934 [ genlib ] [ INFO ] Define atom pair: VAL|CG1|CT|C.3       - > ILE|CG2|CT|C.3       (d = 0.08 A)
2026-04-23 20:47:05,934 [ genlib ] [ INFO ] Checking atom CG2
2026-04-23 20:47:05,934 [ genlib ] [ INFO ] Define atom pair: VAL|CG2|CT|C.3       - > ILE|CG1|2C|C.3       (d = 0.13 A)
2026-04-23 20:47:05,934 [ genlib ] [ INFO ] Searching order 3
2026-04-23 20:47:05,934 [ genlib ] [ INFO ] Checking atom 1HG1
2026-04-23 20:47:05,934 [ genlib ] [ INFO ] Define atom pair: VAL|1HG1|HC|H        - > ILE|1HG2|HC|H        (d = 0.08 A)
2026-04-23 20:47:05,934 [ genlib ] [ INFO ] Checking atom 2HG1
2026-04-23 20:47:05,934 [ genlib ] [ INFO ] Define atom pair: VAL|2HG1|HC|H        - > ILE|2HG2|HC|H        (d = 0.10 A)
2026-04-23 20:47:05,934 [ genlib ] [ INFO ] Checking atom 3HG1
2026-04-23 20:47:05,934 [ genlib ] [ INFO ] Define atom pair: VAL|3HG1|HC|H        - > ILE|3HG2|HC|H        (d = 0.09 A)
2026-04-23 20:47:05,934 [ genlib ] [ INFO ] Checking atom 1HG2
2026-04-23 20:47:05,934 [ genlib ] [ INFO ] Define atom pair: VAL|1HG2|HC|H        - > ILE|CD1|CT|C.3       (d = 0.39 A)
2026-04-23 20:47:05,934 [ genlib ] [ INFO ] Checking atom 2HG2
2026-04-23 20:47:05,934 [ genlib ] [ INFO ] Define atom pair: VAL|2HG2|HC|H        - > ILE|1HG1|HC|H        (d = 0.18 A)
2026-04-23 20:47:05,934 [ genlib ] [ INFO ] Checking atom 3HG2
2026-04-23 20:47:05,934 [ genlib ] [ INFO ] Define atom pair: VAL|3HG2|HC|H        - > ILE|2HG1|HC|H        (d = 0.18 A)
2026-04-23 20:47:05,934 [ genlib ] [ INFO ] Searching order 4
2026-04-23 20:47:05,934 [ genlib ] [ INFO ] Searching order 5
2026-04-23 20:47:05,934 [ genlib ] [ INFO ] Searching order 6
2026-04-23 20:47:05,934 [ genlib ] [ INFO ] Searching order 7
2026-04-23 20:47:05,934 [ genlib ] [ INFO ] Searching branch 2
2026-04-23 20:47:05,934 [ genlib ] [ INFO ] Searching order 2
2026-04-23 20:47:05,934 [ genlib ] [ INFO ] Searching order 3
2026-04-23 20:47:05,934 [ genlib ] [ INFO ] Searching order 4
2026-04-23 20:47:05,934 [ genlib ] [ INFO ] Searching order 5
2026-04-23 20:47:05,934 [ genlib ] [ INFO ] Searching order 6
2026-04-23 20:47:05,934 [ genlib ] [ INFO ] Searching order 7
2026-04-23 20:47:05,936 [ genlib ] [ INFO ] Updating bond lists
2026-04-23 20:47:05,936 [ genlib ] [ INFO ] Updating dihedrals
2026-04-23 20:47:05,936 [ genlib ] [ INFO ] Updating impropers
2026-04-23 20:47:05,936 [ genlib ] [ INFO ] Building library files for VAL --> LEU mutant
2026-04-23 20:47:05,937 [ genlib ] [ INFO ] reading rtp file "aminoacids.rtp"
2026-04-23 20:47:05,981 [ genlib ] [ INFO ] ENTERED SIMPLE
2026-04-23 20:47:05,981 [ genlib ] [ INFO ] Making atom pairs
2026-04-23 20:47:05,981 [ genlib ] [ INFO ] Searching branch 1
2026-04-23 20:47:05,981 [ genlib ] [ INFO ] Searching order 2
2026-04-23 20:47:05,981 [ genlib ] [ INFO ] Checking atom HB
2026-04-23 20:47:05,981 [ genlib ] [ INFO ] Define atom pair: VAL|HB|HC|H          - > LEU|1HB|HC|H         (d = 0.09 A)
2026-04-23 20:47:05,981 [ genlib ] [ INFO ] Checking atom CG1
2026-04-23 20:47:05,981 [ genlib ] [ INFO ] Define atom pair: VAL|CG1|CT|C.3       - > LEU|2HB|HC|H         (d = 0.53 A)
2026-04-23 20:47:05,981 [ genlib ] [ INFO ] Checking atom CG2
2026-04-23 20:47:05,981 [ genlib ] [ INFO ] Define atom pair: VAL|CG2|CT|C.3       - > LEU|CG|3C|C.3        (d = 0.18 A)
2026-04-23 20:47:05,981 [ genlib ] [ INFO ] Searching order 3
2026-04-23 20:47:05,981 [ genlib ] [ INFO ] Checking atom 1HG1
2026-04-23 20:47:05,981 [ genlib ] [ INFO ] No partner found for atom 1HG1
2026-04-23 20:47:05,981 [ genlib ] [ INFO ] Checking atom 2HG1
2026-04-23 20:47:05,981 [ genlib ] [ INFO ] No partner found for atom 2HG1
2026-04-23 20:47:05,981 [ genlib ] [ INFO ] Checking atom 3HG1
2026-04-23 20:47:05,981 [ genlib ] [ INFO ] No partner found for atom 3HG1
2026-04-23 20:47:05,981 [ genlib ] [ INFO ] Checking atom 1HG2
2026-04-23 20:47:05,981 [ genlib ] [ INFO ] Define atom pair: VAL|1HG2|HC|H        - > LEU|CD1|CT|C.3       (d = 0.34 A)
2026-04-23 20:47:05,981 [ genlib ] [ INFO ] Checking atom 2HG2
2026-04-23 20:47:05,981 [ genlib ] [ INFO ] No partner found for atom 2HG2
2026-04-23 20:47:05,981 [ genlib ] [ INFO ] Checking atom 3HG2
2026-04-23 20:47:05,981 [ genlib ] [ INFO ] Define atom pair: VAL|3HG2|HC|H        - > LEU|HG|HC|H          (d = 0.23 A)
2026-04-23 20:47:05,981 [ genlib ] [ INFO ] Searching order 4
2026-04-23 20:47:05,981 [ genlib ] [ INFO ] Searching order 5
2026-04-23 20:47:05,981 [ genlib ] [ INFO ] Searching order 6
2026-04-23 20:47:05,981 [ genlib ] [ INFO ] Searching order 7
2026-04-23 20:47:05,981 [ genlib ] [ INFO ] Searching branch 2
2026-04-23 20:47:05,981 [ genlib ] [ INFO ] Searching order 2
2026-04-23 20:47:05,981 [ genlib ] [ INFO ] Searching order 3
2026-04-23 20:47:05,981 [ genlib ] [ INFO ] Checking atom 1HG1
2026-04-23 20:47:05,981 [ genlib ] [ INFO ] No partner found for atom 1HG1
2026-04-23 20:47:05,981 [ genlib ] [ INFO ] Checking atom 2HG1
2026-04-23 20:47:05,981 [ genlib ] [ INFO ] No partner found for atom 2HG1
2026-04-23 20:47:05,981 [ genlib ] [ INFO ] Checking atom 3HG1
2026-04-23 20:47:05,981 [ genlib ] [ INFO ] No partner found for atom 3HG1
2026-04-23 20:47:05,981 [ genlib ] [ INFO ] Checking atom 2HG2
2026-04-23 20:47:05,981 [ genlib ] [ INFO ] No partner found for atom 2HG2
2026-04-23 20:47:05,981 [ genlib ] [ INFO ] Searching order 4
2026-04-23 20:47:05,981 [ genlib ] [ INFO ] Searching order 5
2026-04-23 20:47:05,981 [ genlib ] [ INFO ] Searching order 6
2026-04-23 20:47:05,981 [ genlib ] [ INFO ] Searching order 7
2026-04-23 20:47:05,984 [ genlib ] [ INFO ] Updating bond lists
2026-04-23 20:47:05,984 [ genlib ] [ INFO ] Updating dihedrals
2026-04-23 20:47:05,984 [ genlib ] [ INFO ] Updating impropers
2026-04-23 20:47:05,985 [ genlib ] [ INFO ] Building library files for VAL --> LYN mutant
2026-04-23 20:47:05,985 [ genlib ] [ INFO ] reading rtp file "aminoacids.rtp"
2026-04-23 20:47:06,029 [ genlib ] [ INFO ] ENTERED SIMPLE
2026-04-23 20:47:06,029 [ genlib ] [ INFO ] Making atom pairs
2026-04-23 20:47:06,029 [ genlib ] [ INFO ] Searching branch 1
2026-04-23 20:47:06,029 [ genlib ] [ INFO ] Searching order 2
2026-04-23 20:47:06,029 [ genlib ] [ INFO ] Checking atom HB
2026-04-23 20:47:06,029 [ genlib ] [ INFO ] Define atom pair: VAL|HB|HC|H          - > LYN|1HB|HC|H         (d = 0.10 A)
2026-04-23 20:47:06,029 [ genlib ] [ INFO ] Checking atom CG1
2026-04-23 20:47:06,029 [ genlib ] [ INFO ] No partner found for atom CG1
2026-04-23 20:47:06,029 [ genlib ] [ INFO ] Checking atom CG2
2026-04-23 20:47:06,029 [ genlib ] [ INFO ] Define atom pair: VAL|CG2|CT|C.3       - > LYN|CG|CT|C.3        (d = 0.13 A)
2026-04-23 20:47:06,029 [ genlib ] [ INFO ] Searching order 3
2026-04-23 20:47:06,029 [ genlib ] [ INFO ] Checking atom 1HG2
2026-04-23 20:47:06,029 [ genlib ] [ INFO ] Define atom pair: VAL|1HG2|HC|H        - > LYN|CD|CT|C.3        (d = 0.46 A)
2026-04-23 20:47:06,029 [ genlib ] [ INFO ] Checking atom 2HG2
2026-04-23 20:47:06,030 [ genlib ] [ INFO ] Define atom pair: VAL|2HG2|HC|H        - > LYN|1HG|HC|H         (d = 0.07 A)
2026-04-23 20:47:06,030 [ genlib ] [ INFO ] Checking atom 3HG2
2026-04-23 20:47:06,030 [ genlib ] [ INFO ] Define atom pair: VAL|3HG2|HC|H        - > LYN|2HG|HC|H         (d = 0.20 A)
2026-04-23 20:47:06,030 [ genlib ] [ INFO ] Searching order 4
2026-04-23 20:47:06,030 [ genlib ] [ INFO ] Searching order 5
2026-04-23 20:47:06,030 [ genlib ] [ INFO ] Searching order 6
2026-04-23 20:47:06,030 [ genlib ] [ INFO ] Searching order 7
2026-04-23 20:47:06,030 [ genlib ] [ INFO ] Searching branch 2
2026-04-23 20:47:06,030 [ genlib ] [ INFO ] Searching order 2
2026-04-23 20:47:06,030 [ genlib ] [ INFO ] Checking atom CG1
2026-04-23 20:47:06,030 [ genlib ] [ INFO ] No partner found for atom CG1
2026-04-23 20:47:06,030 [ genlib ] [ INFO ] Searching order 3
2026-04-23 20:47:06,030 [ genlib ] [ INFO ] Searching order 4
2026-04-23 20:47:06,030 [ genlib ] [ INFO ] Searching order 5
2026-04-23 20:47:06,030 [ genlib ] [ INFO ] Searching order 6
2026-04-23 20:47:06,030 [ genlib ] [ INFO ] Searching order 7
2026-04-23 20:47:06,033 [ genlib ] [ INFO ] Updating bond lists
2026-04-23 20:47:06,034 [ genlib ] [ INFO ] Updating dihedrals
2026-04-23 20:47:06,034 [ genlib ] [ INFO ] Updating impropers
2026-04-23 20:47:06,034 [ genlib ] [ INFO ] Building library files for VAL --> LYS mutant
2026-04-23 20:47:06,035 [ genlib ] [ INFO ] reading rtp file "aminoacids.rtp"
2026-04-23 20:47:06,078 [ genlib ] [ INFO ] ENTERED SIMPLE
2026-04-23 20:47:06,078 [ genlib ] [ INFO ] Making atom pairs
2026-04-23 20:47:06,078 [ genlib ] [ INFO ] Searching branch 1
2026-04-23 20:47:06,078 [ genlib ] [ INFO ] Searching order 2
2026-04-23 20:47:06,078 [ genlib ] [ INFO ] Checking atom HB
2026-04-23 20:47:06,078 [ genlib ] [ INFO ] Define atom pair: VAL|HB|HC|H          - > LYS|1HB|HC|H         (d = 0.03 A)
2026-04-23 20:47:06,078 [ genlib ] [ INFO ] Checking atom CG1
2026-04-23 20:47:06,078 [ genlib ] [ INFO ] Define atom pair: VAL|CG1|CT|C.3       - > LYS|2HB|HC|H         (d = 0.54 A)
2026-04-23 20:47:06,078 [ genlib ] [ INFO ] Checking atom CG2
2026-04-23 20:47:06,078 [ genlib ] [ INFO ] Define atom pair: VAL|CG2|CT|C.3       - > LYS|CG|C8|C.3        (d = 0.13 A)
2026-04-23 20:47:06,078 [ genlib ] [ INFO ] Searching order 3
2026-04-23 20:47:06,078 [ genlib ] [ INFO ] Checking atom 1HG1
2026-04-23 20:47:06,078 [ genlib ] [ INFO ] No partner found for atom 1HG1
2026-04-23 20:47:06,078 [ genlib ] [ INFO ] Checking atom 2HG1
2026-04-23 20:47:06,078 [ genlib ] [ INFO ] No partner found for atom 2HG1
2026-04-23 20:47:06,078 [ genlib ] [ INFO ] Checking atom 3HG1
2026-04-23 20:47:06,078 [ genlib ] [ INFO ] No partner found for atom 3HG1
2026-04-23 20:47:06,078 [ genlib ] [ INFO ] Checking atom 1HG2
2026-04-23 20:47:06,078 [ genlib ] [ INFO ] Define atom pair: VAL|1HG2|HC|H        - > LYS|CD|C8|C.3        (d = 0.46 A)
2026-04-23 20:47:06,078 [ genlib ] [ INFO ] Checking atom 2HG2
2026-04-23 20:47:06,078 [ genlib ] [ INFO ] Define atom pair: VAL|2HG2|HC|H        - > LYS|1HG|HC|H         (d = 0.15 A)
2026-04-23 20:47:06,078 [ genlib ] [ INFO ] Checking atom 3HG2
2026-04-23 20:47:06,078 [ genlib ] [ INFO ] Define atom pair: VAL|3HG2|HC|H        - > LYS|2HG|HC|H         (d = 0.21 A)
2026-04-23 20:47:06,078 [ genlib ] [ INFO ] Searching order 4
2026-04-23 20:47:06,078 [ genlib ] [ INFO ] Searching order 5
2026-04-23 20:47:06,078 [ genlib ] [ INFO ] Searching order 6
2026-04-23 20:47:06,078 [ genlib ] [ INFO ] Searching order 7
2026-04-23 20:47:06,078 [ genlib ] [ INFO ] Searching branch 2
2026-04-23 20:47:06,078 [ genlib ] [ INFO ] Searching order 2
2026-04-23 20:47:06,078 [ genlib ] [ INFO ] Searching order 3
2026-04-23 20:47:06,078 [ genlib ] [ INFO ] Checking atom 1HG1
2026-04-23 20:47:06,078 [ genlib ] [ INFO ] No partner found for atom 1HG1
2026-04-23 20:47:06,078 [ genlib ] [ INFO ] Checking atom 2HG1
2026-04-23 20:47:06,078 [ genlib ] [ INFO ] No partner found for atom 2HG1
2026-04-23 20:47:06,078 [ genlib ] [ INFO ] Checking atom 3HG1
2026-04-23 20:47:06,078 [ genlib ] [ INFO ] No partner found for atom 3HG1
2026-04-23 20:47:06,078 [ genlib ] [ INFO ] Searching order 4
2026-04-23 20:47:06,078 [ genlib ] [ INFO ] Searching order 5
2026-04-23 20:47:06,078 [ genlib ] [ INFO ] Searching order 6
2026-04-23 20:47:06,078 [ genlib ] [ INFO ] Searching order 7
2026-04-23 20:47:06,082 [ genlib ] [ INFO ] Updating bond lists
2026-04-23 20:47:06,082 [ genlib ] [ INFO ] Updating dihedrals
2026-04-23 20:47:06,082 [ genlib ] [ INFO ] Updating impropers
2026-04-23 20:47:06,083 [ genlib ] [ INFO ] Building library files for VAL --> MET mutant
2026-04-23 20:47:06,083 [ genlib ] [ INFO ] reading rtp file "aminoacids.rtp"
2026-04-23 20:47:06,126 [ genlib ] [ INFO ] ENTERED SIMPLE
2026-04-23 20:47:06,127 [ genlib ] [ INFO ] Making atom pairs
2026-04-23 20:47:06,127 [ genlib ] [ INFO ] Searching branch 1
2026-04-23 20:47:06,127 [ genlib ] [ INFO ] Searching order 2
2026-04-23 20:47:06,127 [ genlib ] [ INFO ] Checking atom HB
2026-04-23 20:47:06,127 [ genlib ] [ INFO ] Define atom pair: VAL|HB|HC|H          - > MET|1HB|HC|H         (d = 0.06 A)
2026-04-23 20:47:06,127 [ genlib ] [ INFO ] Checking atom CG1
2026-04-23 20:47:06,127 [ genlib ] [ INFO ] Define atom pair: VAL|CG1|CT|C.3       - > MET|2HB|HC|H         (d = 0.54 A)
2026-04-23 20:47:06,127 [ genlib ] [ INFO ] Checking atom CG2
2026-04-23 20:47:06,127 [ genlib ] [ INFO ] Define atom pair: VAL|CG2|CT|C.3       - > MET|CG|2C|C.3        (d = 0.15 A)
2026-04-23 20:47:06,127 [ genlib ] [ INFO ] Searching order 3
2026-04-23 20:47:06,127 [ genlib ] [ INFO ] Checking atom 1HG1
2026-04-23 20:47:06,127 [ genlib ] [ INFO ] No partner found for atom 1HG1
2026-04-23 20:47:06,127 [ genlib ] [ INFO ] Checking atom 2HG1
2026-04-23 20:47:06,127 [ genlib ] [ INFO ] No partner found for atom 2HG1
2026-04-23 20:47:06,127 [ genlib ] [ INFO ] Checking atom 3HG1
2026-04-23 20:47:06,127 [ genlib ] [ INFO ] No partner found for atom 3HG1
2026-04-23 20:47:06,127 [ genlib ] [ INFO ] Checking atom 1HG2
2026-04-23 20:47:06,127 [ genlib ] [ INFO ] No partner found for atom 1HG2
2026-04-23 20:47:06,127 [ genlib ] [ INFO ] Checking atom 2HG2
2026-04-23 20:47:06,127 [ genlib ] [ INFO ] Define atom pair: VAL|2HG2|HC|H        - > MET|1HG|H1|H         (d = 0.19 A)
2026-04-23 20:47:06,127 [ genlib ] [ INFO ] Checking atom 3HG2
2026-04-23 20:47:06,127 [ genlib ] [ INFO ] Define atom pair: VAL|3HG2|HC|H        - > MET|2HG|H1|H         (d = 0.24 A)
2026-04-23 20:47:06,127 [ genlib ] [ INFO ] Searching order 4
2026-04-23 20:47:06,127 [ genlib ] [ INFO ] Searching order 5
2026-04-23 20:47:06,127 [ genlib ] [ INFO ] Searching order 6
2026-04-23 20:47:06,127 [ genlib ] [ INFO ] Searching order 7
2026-04-23 20:47:06,127 [ genlib ] [ INFO ] Searching branch 2
2026-04-23 20:47:06,127 [ genlib ] [ INFO ] Searching order 2
2026-04-23 20:47:06,127 [ genlib ] [ INFO ] Searching order 3
2026-04-23 20:47:06,127 [ genlib ] [ INFO ] Checking atom 1HG1
2026-04-23 20:47:06,127 [ genlib ] [ INFO ] No partner found for atom 1HG1
2026-04-23 20:47:06,127 [ genlib ] [ INFO ] Checking atom 2HG1
2026-04-23 20:47:06,127 [ genlib ] [ INFO ] No partner found for atom 2HG1
2026-04-23 20:47:06,127 [ genlib ] [ INFO ] Checking atom 3HG1
2026-04-23 20:47:06,127 [ genlib ] [ INFO ] No partner found for atom 3HG1
2026-04-23 20:47:06,127 [ genlib ] [ INFO ] Checking atom 1HG2
2026-04-23 20:47:06,127 [ genlib ] [ INFO ] No partner found for atom 1HG2
2026-04-23 20:47:06,127 [ genlib ] [ INFO ] Searching order 4
2026-04-23 20:47:06,127 [ genlib ] [ INFO ] Searching order 5
2026-04-23 20:47:06,127 [ genlib ] [ INFO ] Searching order 6
2026-04-23 20:47:06,127 [ genlib ] [ INFO ] Searching order 7
2026-04-23 20:47:06,129 [ genlib ] [ INFO ] Updating bond lists
2026-04-23 20:47:06,129 [ genlib ] [ INFO ] Updating dihedrals
2026-04-23 20:47:06,129 [ genlib ] [ INFO ] Updating impropers
2026-04-23 20:47:06,129 [ genlib ] [ INFO ] Building library files for VAL --> PHE mutant
2026-04-23 20:47:06,130 [ genlib ] [ INFO ] reading rtp file "aminoacids.rtp"
2026-04-23 20:47:06,173 [ genlib ] [ INFO ] ENTERED T,A,V,I
2026-04-23 20:47:06,173 [ genlib ] [ INFO ] Making atom pairs
2026-04-23 20:47:06,178 [ genlib ] [ INFO ] Updating bond lists
2026-04-23 20:47:06,179 [ genlib ] [ INFO ] Updating dihedrals
2026-04-23 20:47:06,179 [ genlib ] [ INFO ] Updating impropers
2026-04-23 20:47:06,179 [ genlib ] [ INFO ] Building library files for VAL --> PRO mutant
2026-04-23 20:47:06,180 [ genlib ] [ INFO ] reading rtp file "aminoacids.rtp"
2026-04-23 20:47:06,224 [ genlib ] [ INFO ] ENTERED P
2026-04-23 20:47:06,224 [ genlib ] [ INFO ] Making atom pairs
2026-04-23 20:47:06,227 [ genlib ] [ INFO ] Updating bond lists
2026-04-23 20:47:06,227 [ genlib ] [ INFO ] Updating dihedrals
2026-04-23 20:47:06,227 [ genlib ] [ INFO ] Updating impropers
2026-04-23 20:47:06,228 [ genlib ] [ INFO ] Building library files for VAL --> SER mutant
2026-04-23 20:47:06,229 [ genlib ] [ INFO ] reading rtp file "aminoacids.rtp"
2026-04-23 20:47:06,274 [ genlib ] [ INFO ] ENTERED SIMPLE
2026-04-23 20:47:06,275 [ genlib ] [ INFO ] Making atom pairs
2026-04-23 20:47:06,275 [ genlib ] [ INFO ] Searching branch 1
2026-04-23 20:47:06,275 [ genlib ] [ INFO ] Searching order 2
2026-04-23 20:47:06,275 [ genlib ] [ INFO ] Checking atom HB
2026-04-23 20:47:06,275 [ genlib ] [ INFO ] Define atom pair: VAL|HB|HC|H          - > SER|1HB|H1|H         (d = 0.04 A)
2026-04-23 20:47:06,275 [ genlib ] [ INFO ] Checking atom CG1
2026-04-23 20:47:06,275 [ genlib ] [ INFO ] Define atom pair: VAL|CG1|CT|C.3       - > SER|2HB|H1|H         (d = 0.47 A)
2026-04-23 20:47:06,275 [ genlib ] [ INFO ] Checking atom CG2
2026-04-23 20:47:06,275 [ genlib ] [ INFO ] Define atom pair: VAL|CG2|CT|C.3       - > SER|OG|OH|O.3        (d = 0.14 A)
2026-04-23 20:47:06,275 [ genlib ] [ INFO ] Searching order 3
2026-04-23 20:47:06,275 [ genlib ] [ INFO ] Checking atom 1HG1
2026-04-23 20:47:06,275 [ genlib ] [ INFO ] No partner found for atom 1HG1
2026-04-23 20:47:06,275 [ genlib ] [ INFO ] Checking atom 2HG1
2026-04-23 20:47:06,275 [ genlib ] [ INFO ] No partner found for atom 2HG1
2026-04-23 20:47:06,275 [ genlib ] [ INFO ] Checking atom 3HG1
2026-04-23 20:47:06,275 [ genlib ] [ INFO ] No partner found for atom 3HG1
2026-04-23 20:47:06,275 [ genlib ] [ INFO ] Checking atom 1HG2
2026-04-23 20:47:06,275 [ genlib ] [ INFO ] Define atom pair: VAL|1HG2|HC|H        - > SER|HG|HO|H          (d = 0.25 A)
2026-04-23 20:47:06,275 [ genlib ] [ INFO ] Checking atom 2HG2
2026-04-23 20:47:06,275 [ genlib ] [ INFO ] No partner found for atom 2HG2
2026-04-23 20:47:06,275 [ genlib ] [ INFO ] Checking atom 3HG2
2026-04-23 20:47:06,275 [ genlib ] [ INFO ] No partner found for atom 3HG2
2026-04-23 20:47:06,275 [ genlib ] [ INFO ] Searching order 4
2026-04-23 20:47:06,275 [ genlib ] [ INFO ] Searching order 5
2026-04-23 20:47:06,275 [ genlib ] [ INFO ] Searching order 6
2026-04-23 20:47:06,275 [ genlib ] [ INFO ] Searching order 7
2026-04-23 20:47:06,275 [ genlib ] [ INFO ] Searching branch 2
2026-04-23 20:47:06,275 [ genlib ] [ INFO ] Searching order 2
2026-04-23 20:47:06,275 [ genlib ] [ INFO ] Searching order 3
2026-04-23 20:47:06,275 [ genlib ] [ INFO ] Checking atom 1HG1
2026-04-23 20:47:06,275 [ genlib ] [ INFO ] No partner found for atom 1HG1
2026-04-23 20:47:06,275 [ genlib ] [ INFO ] Checking atom 2HG1
2026-04-23 20:47:06,275 [ genlib ] [ INFO ] No partner found for atom 2HG1
2026-04-23 20:47:06,275 [ genlib ] [ INFO ] Checking atom 3HG1
2026-04-23 20:47:06,275 [ genlib ] [ INFO ] No partner found for atom 3HG1
2026-04-23 20:47:06,275 [ genlib ] [ INFO ] Checking atom 2HG2
2026-04-23 20:47:06,275 [ genlib ] [ INFO ] No partner found for atom 2HG2
2026-04-23 20:47:06,275 [ genlib ] [ INFO ] Checking atom 3HG2
2026-04-23 20:47:06,275 [ genlib ] [ INFO ] No partner found for atom 3HG2
2026-04-23 20:47:06,275 [ genlib ] [ INFO ] Searching order 4
2026-04-23 20:47:06,275 [ genlib ] [ INFO ] Searching order 5
2026-04-23 20:47:06,275 [ genlib ] [ INFO ] Searching order 6
2026-04-23 20:47:06,275 [ genlib ] [ INFO ] Searching order 7
2026-04-23 20:47:06,275 [ genlib ] [ INFO ] Updating bond lists
2026-04-23 20:47:06,275 [ genlib ] [ INFO ] Updating dihedrals
2026-04-23 20:47:06,275 [ genlib ] [ INFO ] Updating impropers
2026-04-23 20:47:06,276 [ genlib ] [ INFO ] Building library files for VAL --> THR mutant
2026-04-23 20:47:06,276 [ genlib ] [ INFO ] reading rtp file "aminoacids.rtp"
2026-04-23 20:47:06,322 [ genlib ] [ INFO ] ENTERED SIMPLE
2026-04-23 20:47:06,322 [ genlib ] [ INFO ] Making atom pairs
2026-04-23 20:47:06,322 [ genlib ] [ INFO ] Searching branch 1
2026-04-23 20:47:06,322 [ genlib ] [ INFO ] Searching order 2
2026-04-23 20:47:06,322 [ genlib ] [ INFO ] Checking atom HB
2026-04-23 20:47:06,322 [ genlib ] [ INFO ] Define atom pair: VAL|HB|HC|H          - > THR|HB|H1|H          (d = 0.05 A)
2026-04-23 20:47:06,322 [ genlib ] [ INFO ] Checking atom CG1
2026-04-23 20:47:06,322 [ genlib ] [ INFO ] Define atom pair: VAL|CG1|CT|C.3       - > THR|CG2|CT|C.3       (d = 0.21 A)
2026-04-23 20:47:06,322 [ genlib ] [ INFO ] Checking atom CG2
2026-04-23 20:47:06,322 [ genlib ] [ INFO ] Define atom pair: VAL|CG2|CT|C.3       - > THR|OG1|OH|O.3       (d = 0.19 A)
2026-04-23 20:47:06,322 [ genlib ] [ INFO ] Searching order 3
2026-04-23 20:47:06,322 [ genlib ] [ INFO ] Checking atom 1HG1
2026-04-23 20:47:06,322 [ genlib ] [ INFO ] Define atom pair: VAL|1HG1|HC|H        - > THR|1HG2|HC|H        (d = 0.27 A)
2026-04-23 20:47:06,322 [ genlib ] [ INFO ] Checking atom 2HG1
2026-04-23 20:47:06,322 [ genlib ] [ INFO ] Define atom pair: VAL|2HG1|HC|H        - > THR|2HG2|HC|H        (d = 0.24 A)
2026-04-23 20:47:06,322 [ genlib ] [ INFO ] Checking atom 3HG1
2026-04-23 20:47:06,322 [ genlib ] [ INFO ] Define atom pair: VAL|3HG1|HC|H        - > THR|3HG2|HC|H        (d = 0.26 A)
2026-04-23 20:47:06,322 [ genlib ] [ INFO ] Checking atom 1HG2
2026-04-23 20:47:06,322 [ genlib ] [ INFO ] Define atom pair: VAL|1HG2|HC|H        - > THR|HG1|HO|H         (d = 0.28 A)
2026-04-23 20:47:06,322 [ genlib ] [ INFO ] Checking atom 2HG2
2026-04-23 20:47:06,322 [ genlib ] [ INFO ] No partner found for atom 2HG2
2026-04-23 20:47:06,322 [ genlib ] [ INFO ] Checking atom 3HG2
2026-04-23 20:47:06,322 [ genlib ] [ INFO ] No partner found for atom 3HG2
2026-04-23 20:47:06,322 [ genlib ] [ INFO ] Searching order 4
2026-04-23 20:47:06,322 [ genlib ] [ INFO ] Searching order 5
2026-04-23 20:47:06,322 [ genlib ] [ INFO ] Searching order 6
2026-04-23 20:47:06,322 [ genlib ] [ INFO ] Searching order 7
2026-04-23 20:47:06,322 [ genlib ] [ INFO ] Searching branch 2
2026-04-23 20:47:06,322 [ genlib ] [ INFO ] Searching order 2
2026-04-23 20:47:06,322 [ genlib ] [ INFO ] Searching order 3
2026-04-23 20:47:06,322 [ genlib ] [ INFO ] Checking atom 2HG2
2026-04-23 20:47:06,322 [ genlib ] [ INFO ] No partner found for atom 2HG2
2026-04-23 20:47:06,322 [ genlib ] [ INFO ] Checking atom 3HG2
2026-04-23 20:47:06,322 [ genlib ] [ INFO ] No partner found for atom 3HG2
2026-04-23 20:47:06,322 [ genlib ] [ INFO ] Searching order 4
2026-04-23 20:47:06,322 [ genlib ] [ INFO ] Searching order 5
2026-04-23 20:47:06,322 [ genlib ] [ INFO ] Searching order 6
2026-04-23 20:47:06,322 [ genlib ] [ INFO ] Searching order 7
2026-04-23 20:47:06,323 [ genlib ] [ INFO ] Updating bond lists
2026-04-23 20:47:06,323 [ genlib ] [ INFO ] Updating dihedrals
2026-04-23 20:47:06,323 [ genlib ] [ INFO ] Updating impropers
2026-04-23 20:47:06,323 [ genlib ] [ INFO ] Building library files for VAL --> TRP mutant
2026-04-23 20:47:06,324 [ genlib ] [ INFO ] reading rtp file "aminoacids.rtp"
2026-04-23 20:47:06,371 [ genlib ] [ INFO ] ENTERED T,A,V,I
2026-04-23 20:47:06,371 [ genlib ] [ INFO ] Making atom pairs
2026-04-23 20:47:06,380 [ genlib ] [ INFO ] Updating bond lists
2026-04-23 20:47:06,380 [ genlib ] [ INFO ] Updating dihedrals
2026-04-23 20:47:06,380 [ genlib ] [ INFO ] Updating impropers
2026-04-23 20:47:06,380 [ genlib ] [ INFO ] Building library files for VAL --> TYR mutant
2026-04-23 20:47:06,381 [ genlib ] [ INFO ] reading rtp file "aminoacids.rtp"
2026-04-23 20:47:06,428 [ genlib ] [ INFO ] ENTERED T,A,V,I
2026-04-23 20:47:06,428 [ genlib ] [ INFO ] Making atom pairs
2026-04-23 20:47:06,433 [ genlib ] [ INFO ] Updating bond lists
2026-04-23 20:47:06,434 [ genlib ] [ INFO ] Updating dihedrals
2026-04-23 20:47:06,434 [ genlib ] [ INFO ] Updating impropers
