2026-04-23 20:44:39,021 [ genlib ] [ INFO ] Building library files for ALA --> ARG mutant
2026-04-23 20:44:39,021 [ genlib ] [ INFO ] reading rtp file "aminoacids.rtp"
2026-04-23 20:44:39,056 [ genlib ] [ INFO ] ENTERED SIMPLE
2026-04-23 20:44:39,056 [ genlib ] [ INFO ] Making atom pairs
2026-04-23 20:44:39,056 [ genlib ] [ INFO ] Searching branch 1
2026-04-23 20:44:39,056 [ genlib ] [ INFO ] Searching order 2
2026-04-23 20:44:39,056 [ genlib ] [ INFO ] Checking atom 1HB
2026-04-23 20:44:39,056 [ genlib ] [ INFO ] Define atom pair: ALA|1HB|HC|H         - > ARG|CG|C8|C.3        (d = 0.45 A)
2026-04-23 20:44:39,056 [ genlib ] [ INFO ] Checking atom 2HB
2026-04-23 20:44:39,056 [ genlib ] [ INFO ] Define atom pair: ALA|2HB|HC|H         - > ARG|1HB|HC|H         (d = 0.07 A)
2026-04-23 20:44:39,056 [ genlib ] [ INFO ] Checking atom 3HB
2026-04-23 20:44:39,056 [ genlib ] [ INFO ] Define atom pair: ALA|3HB|HC|H         - > ARG|2HB|HC|H         (d = 0.08 A)
2026-04-23 20:44:39,056 [ genlib ] [ INFO ] Searching order 3
2026-04-23 20:44:39,056 [ genlib ] [ INFO ] Searching order 4
2026-04-23 20:44:39,056 [ genlib ] [ INFO ] Searching order 5
2026-04-23 20:44:39,056 [ genlib ] [ INFO ] Searching order 6
2026-04-23 20:44:39,056 [ genlib ] [ INFO ] Searching order 7
2026-04-23 20:44:39,056 [ genlib ] [ INFO ] Searching branch 2
2026-04-23 20:44:39,056 [ genlib ] [ INFO ] Searching order 2
2026-04-23 20:44:39,056 [ genlib ] [ INFO ] Searching order 3
2026-04-23 20:44:39,056 [ genlib ] [ INFO ] Searching order 4
2026-04-23 20:44:39,056 [ genlib ] [ INFO ] Searching order 5
2026-04-23 20:44:39,056 [ genlib ] [ INFO ] Searching order 6
2026-04-23 20:44:39,056 [ genlib ] [ INFO ] Searching order 7
2026-04-23 20:44:39,064 [ genlib ] [ INFO ] Updating bond lists
2026-04-23 20:44:39,064 [ genlib ] [ INFO ] Updating dihedrals
2026-04-23 20:44:39,064 [ genlib ] [ INFO ] Updating impropers
2026-04-23 20:44:39,065 [ genlib ] [ INFO ] Building library files for ALA --> ASH mutant
2026-04-23 20:44:39,065 [ genlib ] [ INFO ] reading rtp file "aminoacids.rtp"
2026-04-23 20:44:39,100 [ genlib ] [ INFO ] ENTERED SIMPLE
2026-04-23 20:44:39,100 [ genlib ] [ INFO ] Making atom pairs
2026-04-23 20:44:39,100 [ genlib ] [ INFO ] Searching branch 1
2026-04-23 20:44:39,100 [ genlib ] [ INFO ] Searching order 2
2026-04-23 20:44:39,100 [ genlib ] [ INFO ] Checking atom 1HB
2026-04-23 20:44:39,100 [ genlib ] [ INFO ] Define atom pair: ALA|1HB|HC|H         - > ASH|CG|C|C.2         (d = 0.49 A)
2026-04-23 20:44:39,100 [ genlib ] [ INFO ] Checking atom 2HB
2026-04-23 20:44:39,100 [ genlib ] [ INFO ] Define atom pair: ALA|2HB|HC|H         - > ASH|1HB|HC|H         (d = 0.12 A)
2026-04-23 20:44:39,100 [ genlib ] [ INFO ] Checking atom 3HB
2026-04-23 20:44:39,100 [ genlib ] [ INFO ] Define atom pair: ALA|3HB|HC|H         - > ASH|2HB|HC|H         (d = 0.14 A)
2026-04-23 20:44:39,100 [ genlib ] [ INFO ] Searching order 3
2026-04-23 20:44:39,100 [ genlib ] [ INFO ] Searching order 4
2026-04-23 20:44:39,100 [ genlib ] [ INFO ] Searching order 5
2026-04-23 20:44:39,100 [ genlib ] [ INFO ] Searching order 6
2026-04-23 20:44:39,100 [ genlib ] [ INFO ] Searching order 7
2026-04-23 20:44:39,100 [ genlib ] [ INFO ] Searching branch 2
2026-04-23 20:44:39,100 [ genlib ] [ INFO ] Searching order 2
2026-04-23 20:44:39,100 [ genlib ] [ INFO ] Searching order 3
2026-04-23 20:44:39,100 [ genlib ] [ INFO ] Searching order 4
2026-04-23 20:44:39,100 [ genlib ] [ INFO ] Searching order 5
2026-04-23 20:44:39,100 [ genlib ] [ INFO ] Searching order 6
2026-04-23 20:44:39,100 [ genlib ] [ INFO ] Searching order 7
2026-04-23 20:44:39,101 [ genlib ] [ INFO ] Updating bond lists
2026-04-23 20:44:39,101 [ genlib ] [ INFO ] Updating dihedrals
2026-04-23 20:44:39,101 [ genlib ] [ INFO ] Updating impropers
2026-04-23 20:44:39,102 [ genlib ] [ INFO ] Building library files for ALA --> ASN mutant
2026-04-23 20:44:39,102 [ genlib ] [ INFO ] reading rtp file "aminoacids.rtp"
2026-04-23 20:44:39,137 [ genlib ] [ INFO ] ENTERED SIMPLE
2026-04-23 20:44:39,137 [ genlib ] [ INFO ] Making atom pairs
2026-04-23 20:44:39,137 [ genlib ] [ INFO ] Searching branch 1
2026-04-23 20:44:39,137 [ genlib ] [ INFO ] Searching order 2
2026-04-23 20:44:39,137 [ genlib ] [ INFO ] Checking atom 1HB
2026-04-23 20:44:39,137 [ genlib ] [ INFO ] Define atom pair: ALA|1HB|HC|H         - > ASN|CG|C|C.2         (d = 0.53 A)
2026-04-23 20:44:39,137 [ genlib ] [ INFO ] Checking atom 2HB
2026-04-23 20:44:39,137 [ genlib ] [ INFO ] Define atom pair: ALA|2HB|HC|H         - > ASN|1HB|HC|H         (d = 0.07 A)
2026-04-23 20:44:39,137 [ genlib ] [ INFO ] Checking atom 3HB
2026-04-23 20:44:39,137 [ genlib ] [ INFO ] Define atom pair: ALA|3HB|HC|H         - > ASN|2HB|HC|H         (d = 0.10 A)
2026-04-23 20:44:39,137 [ genlib ] [ INFO ] Searching order 3
2026-04-23 20:44:39,137 [ genlib ] [ INFO ] Searching order 4
2026-04-23 20:44:39,137 [ genlib ] [ INFO ] Searching order 5
2026-04-23 20:44:39,137 [ genlib ] [ INFO ] Searching order 6
2026-04-23 20:44:39,137 [ genlib ] [ INFO ] Searching order 7
2026-04-23 20:44:39,137 [ genlib ] [ INFO ] Searching branch 2
2026-04-23 20:44:39,137 [ genlib ] [ INFO ] Searching order 2
2026-04-23 20:44:39,137 [ genlib ] [ INFO ] Searching order 3
2026-04-23 20:44:39,137 [ genlib ] [ INFO ] Searching order 4
2026-04-23 20:44:39,138 [ genlib ] [ INFO ] Searching order 5
2026-04-23 20:44:39,138 [ genlib ] [ INFO ] Searching order 6
2026-04-23 20:44:39,138 [ genlib ] [ INFO ] Searching order 7
2026-04-23 20:44:39,139 [ genlib ] [ INFO ] Updating bond lists
2026-04-23 20:44:39,139 [ genlib ] [ INFO ] Updating dihedrals
2026-04-23 20:44:39,139 [ genlib ] [ INFO ] Updating impropers
2026-04-23 20:44:39,139 [ genlib ] [ INFO ] Building library files for ALA --> ASP mutant
2026-04-23 20:44:39,140 [ genlib ] [ INFO ] reading rtp file "aminoacids.rtp"
2026-04-23 20:44:39,177 [ genlib ] [ INFO ] ENTERED SIMPLE
2026-04-23 20:44:39,177 [ genlib ] [ INFO ] Making atom pairs
2026-04-23 20:44:39,177 [ genlib ] [ INFO ] Searching branch 1
2026-04-23 20:44:39,177 [ genlib ] [ INFO ] Searching order 2
2026-04-23 20:44:39,177 [ genlib ] [ INFO ] Checking atom 1HB
2026-04-23 20:44:39,177 [ genlib ] [ INFO ] Define atom pair: ALA|1HB|HC|H         - > ASP|CG|CO|C.2        (d = 0.49 A)
2026-04-23 20:44:39,177 [ genlib ] [ INFO ] Checking atom 2HB
2026-04-23 20:44:39,177 [ genlib ] [ INFO ] Define atom pair: ALA|2HB|HC|H         - > ASP|1HB|HC|H         (d = 0.06 A)
2026-04-23 20:44:39,177 [ genlib ] [ INFO ] Checking atom 3HB
2026-04-23 20:44:39,177 [ genlib ] [ INFO ] Define atom pair: ALA|3HB|HC|H         - > ASP|2HB|HC|H         (d = 0.07 A)
2026-04-23 20:44:39,177 [ genlib ] [ INFO ] Searching order 3
2026-04-23 20:44:39,177 [ genlib ] [ INFO ] Searching order 4
2026-04-23 20:44:39,177 [ genlib ] [ INFO ] Searching order 5
2026-04-23 20:44:39,177 [ genlib ] [ INFO ] Searching order 6
2026-04-23 20:44:39,177 [ genlib ] [ INFO ] Searching order 7
2026-04-23 20:44:39,177 [ genlib ] [ INFO ] Searching branch 2
2026-04-23 20:44:39,177 [ genlib ] [ INFO ] Searching order 2
2026-04-23 20:44:39,177 [ genlib ] [ INFO ] Searching order 3
2026-04-23 20:44:39,177 [ genlib ] [ INFO ] Searching order 4
2026-04-23 20:44:39,177 [ genlib ] [ INFO ] Searching order 5
2026-04-23 20:44:39,177 [ genlib ] [ INFO ] Searching order 6
2026-04-23 20:44:39,177 [ genlib ] [ INFO ] Searching order 7
2026-04-23 20:44:39,178 [ genlib ] [ INFO ] Updating bond lists
2026-04-23 20:44:39,178 [ genlib ] [ INFO ] Updating dihedrals
2026-04-23 20:44:39,179 [ genlib ] [ INFO ] Updating impropers
2026-04-23 20:44:39,179 [ genlib ] [ INFO ] Building library files for ALA --> CYS mutant
2026-04-23 20:44:39,179 [ genlib ] [ INFO ] reading rtp file "aminoacids.rtp"
2026-04-23 20:44:39,217 [ genlib ] [ INFO ] ENTERED SIMPLE
2026-04-23 20:44:39,217 [ genlib ] [ INFO ] Making atom pairs
2026-04-23 20:44:39,217 [ genlib ] [ INFO ] Searching branch 1
2026-04-23 20:44:39,217 [ genlib ] [ INFO ] Searching order 2
2026-04-23 20:44:39,217 [ genlib ] [ INFO ] Checking atom 1HB
2026-04-23 20:44:39,217 [ genlib ] [ INFO ] No partner found for atom 1HB
2026-04-23 20:44:39,217 [ genlib ] [ INFO ] Checking atom 2HB
2026-04-23 20:44:39,217 [ genlib ] [ INFO ] Define atom pair: ALA|2HB|HC|H         - > CYS|1HB|H1|H         (d = 0.02 A)
2026-04-23 20:44:39,217 [ genlib ] [ INFO ] Checking atom 3HB
2026-04-23 20:44:39,217 [ genlib ] [ INFO ] Define atom pair: ALA|3HB|HC|H         - > CYS|2HB|H1|H         (d = 0.03 A)
2026-04-23 20:44:39,217 [ genlib ] [ INFO ] Searching order 3
2026-04-23 20:44:39,217 [ genlib ] [ INFO ] Searching order 4
2026-04-23 20:44:39,217 [ genlib ] [ INFO ] Searching order 5
2026-04-23 20:44:39,217 [ genlib ] [ INFO ] Searching order 6
2026-04-23 20:44:39,217 [ genlib ] [ INFO ] Searching order 7
2026-04-23 20:44:39,217 [ genlib ] [ INFO ] Searching branch 2
2026-04-23 20:44:39,217 [ genlib ] [ INFO ] Searching order 2
2026-04-23 20:44:39,217 [ genlib ] [ INFO ] Checking atom 1HB
2026-04-23 20:44:39,218 [ genlib ] [ INFO ] No partner found for atom 1HB
2026-04-23 20:44:39,218 [ genlib ] [ INFO ] Searching order 3
2026-04-23 20:44:39,218 [ genlib ] [ INFO ] Searching order 4
2026-04-23 20:44:39,218 [ genlib ] [ INFO ] Searching order 5
2026-04-23 20:44:39,218 [ genlib ] [ INFO ] Searching order 6
2026-04-23 20:44:39,218 [ genlib ] [ INFO ] Searching order 7
2026-04-23 20:44:39,219 [ genlib ] [ INFO ] Updating bond lists
2026-04-23 20:44:39,219 [ genlib ] [ INFO ] Updating dihedrals
2026-04-23 20:44:39,219 [ genlib ] [ INFO ] Updating impropers
2026-04-23 20:44:39,219 [ genlib ] [ INFO ] Building library files for ALA --> GLH mutant
2026-04-23 20:44:39,220 [ genlib ] [ INFO ] reading rtp file "aminoacids.rtp"
2026-04-23 20:44:39,259 [ genlib ] [ INFO ] ENTERED SIMPLE
2026-04-23 20:44:39,259 [ genlib ] [ INFO ] Making atom pairs
2026-04-23 20:44:39,259 [ genlib ] [ INFO ] Searching branch 1
2026-04-23 20:44:39,259 [ genlib ] [ INFO ] Searching order 2
2026-04-23 20:44:39,259 [ genlib ] [ INFO ] Checking atom 1HB
2026-04-23 20:44:39,259 [ genlib ] [ INFO ] Define atom pair: ALA|1HB|HC|H         - > GLH|CG|2C|C.3        (d = 0.53 A)
2026-04-23 20:44:39,259 [ genlib ] [ INFO ] Checking atom 2HB
2026-04-23 20:44:39,259 [ genlib ] [ INFO ] Define atom pair: ALA|2HB|HC|H         - > GLH|1HB|HC|H         (d = 0.18 A)
2026-04-23 20:44:39,259 [ genlib ] [ INFO ] Checking atom 3HB
2026-04-23 20:44:39,259 [ genlib ] [ INFO ] Define atom pair: ALA|3HB|HC|H         - > GLH|2HB|HC|H         (d = 0.22 A)
2026-04-23 20:44:39,259 [ genlib ] [ INFO ] Searching order 3
2026-04-23 20:44:39,259 [ genlib ] [ INFO ] Searching order 4
2026-04-23 20:44:39,259 [ genlib ] [ INFO ] Searching order 5
2026-04-23 20:44:39,259 [ genlib ] [ INFO ] Searching order 6
2026-04-23 20:44:39,259 [ genlib ] [ INFO ] Searching order 7
2026-04-23 20:44:39,259 [ genlib ] [ INFO ] Searching branch 2
2026-04-23 20:44:39,259 [ genlib ] [ INFO ] Searching order 2
2026-04-23 20:44:39,259 [ genlib ] [ INFO ] Searching order 3
2026-04-23 20:44:39,259 [ genlib ] [ INFO ] Searching order 4
2026-04-23 20:44:39,260 [ genlib ] [ INFO ] Searching order 5
2026-04-23 20:44:39,260 [ genlib ] [ INFO ] Searching order 6
2026-04-23 20:44:39,260 [ genlib ] [ INFO ] Searching order 7
2026-04-23 20:44:39,262 [ genlib ] [ INFO ] Updating bond lists
2026-04-23 20:44:39,262 [ genlib ] [ INFO ] Updating dihedrals
2026-04-23 20:44:39,262 [ genlib ] [ INFO ] Updating impropers
2026-04-23 20:44:39,262 [ genlib ] [ INFO ] Building library files for ALA --> GLN mutant
2026-04-23 20:44:39,263 [ genlib ] [ INFO ] reading rtp file "aminoacids.rtp"
2026-04-23 20:44:39,300 [ genlib ] [ INFO ] ENTERED SIMPLE
2026-04-23 20:44:39,300 [ genlib ] [ INFO ] Making atom pairs
2026-04-23 20:44:39,300 [ genlib ] [ INFO ] Searching branch 1
2026-04-23 20:44:39,300 [ genlib ] [ INFO ] Searching order 2
2026-04-23 20:44:39,300 [ genlib ] [ INFO ] Checking atom 1HB
2026-04-23 20:44:39,300 [ genlib ] [ INFO ] Define atom pair: ALA|1HB|HC|H         - > GLN|CG|2C|C.3        (d = 0.47 A)
2026-04-23 20:44:39,300 [ genlib ] [ INFO ] Checking atom 2HB
2026-04-23 20:44:39,300 [ genlib ] [ INFO ] Define atom pair: ALA|2HB|HC|H         - > GLN|1HB|HC|H         (d = 0.07 A)
2026-04-23 20:44:39,300 [ genlib ] [ INFO ] Checking atom 3HB
2026-04-23 20:44:39,300 [ genlib ] [ INFO ] Define atom pair: ALA|3HB|HC|H         - > GLN|2HB|HC|H         (d = 0.07 A)
2026-04-23 20:44:39,300 [ genlib ] [ INFO ] Searching order 3
2026-04-23 20:44:39,300 [ genlib ] [ INFO ] Searching order 4
2026-04-23 20:44:39,300 [ genlib ] [ INFO ] Searching order 5
2026-04-23 20:44:39,301 [ genlib ] [ INFO ] Searching order 6
2026-04-23 20:44:39,301 [ genlib ] [ INFO ] Searching order 7
2026-04-23 20:44:39,301 [ genlib ] [ INFO ] Searching branch 2
2026-04-23 20:44:39,301 [ genlib ] [ INFO ] Searching order 2
2026-04-23 20:44:39,301 [ genlib ] [ INFO ] Searching order 3
2026-04-23 20:44:39,301 [ genlib ] [ INFO ] Searching order 4
2026-04-23 20:44:39,301 [ genlib ] [ INFO ] Searching order 5
2026-04-23 20:44:39,301 [ genlib ] [ INFO ] Searching order 6
2026-04-23 20:44:39,301 [ genlib ] [ INFO ] Searching order 7
2026-04-23 20:44:39,304 [ genlib ] [ INFO ] Updating bond lists
2026-04-23 20:44:39,304 [ genlib ] [ INFO ] Updating dihedrals
2026-04-23 20:44:39,304 [ genlib ] [ INFO ] Updating impropers
2026-04-23 20:44:39,305 [ genlib ] [ INFO ] Building library files for ALA --> GLU mutant
2026-04-23 20:44:39,305 [ genlib ] [ INFO ] reading rtp file "aminoacids.rtp"
2026-04-23 20:44:39,342 [ genlib ] [ INFO ] ENTERED SIMPLE
2026-04-23 20:44:39,342 [ genlib ] [ INFO ] Making atom pairs
2026-04-23 20:44:39,342 [ genlib ] [ INFO ] Searching branch 1
2026-04-23 20:44:39,342 [ genlib ] [ INFO ] Searching order 2
2026-04-23 20:44:39,343 [ genlib ] [ INFO ] Checking atom 1HB
2026-04-23 20:44:39,343 [ genlib ] [ INFO ] Define atom pair: ALA|1HB|HC|H         - > GLU|CG|2C|C.3        (d = 0.53 A)
2026-04-23 20:44:39,343 [ genlib ] [ INFO ] Checking atom 2HB
2026-04-23 20:44:39,343 [ genlib ] [ INFO ] Define atom pair: ALA|2HB|HC|H         - > GLU|1HB|HC|H         (d = 0.18 A)
2026-04-23 20:44:39,343 [ genlib ] [ INFO ] Checking atom 3HB
2026-04-23 20:44:39,343 [ genlib ] [ INFO ] Define atom pair: ALA|3HB|HC|H         - > GLU|2HB|HC|H         (d = 0.19 A)
2026-04-23 20:44:39,343 [ genlib ] [ INFO ] Searching order 3
2026-04-23 20:44:39,343 [ genlib ] [ INFO ] Searching order 4
2026-04-23 20:44:39,343 [ genlib ] [ INFO ] Searching order 5
2026-04-23 20:44:39,343 [ genlib ] [ INFO ] Searching order 6
2026-04-23 20:44:39,343 [ genlib ] [ INFO ] Searching order 7
2026-04-23 20:44:39,343 [ genlib ] [ INFO ] Searching branch 2
2026-04-23 20:44:39,343 [ genlib ] [ INFO ] Searching order 2
2026-04-23 20:44:39,343 [ genlib ] [ INFO ] Searching order 3
2026-04-23 20:44:39,343 [ genlib ] [ INFO ] Searching order 4
2026-04-23 20:44:39,343 [ genlib ] [ INFO ] Searching order 5
2026-04-23 20:44:39,343 [ genlib ] [ INFO ] Searching order 6
2026-04-23 20:44:39,343 [ genlib ] [ INFO ] Searching order 7
2026-04-23 20:44:39,345 [ genlib ] [ INFO ] Updating bond lists
2026-04-23 20:44:39,345 [ genlib ] [ INFO ] Updating dihedrals
2026-04-23 20:44:39,345 [ genlib ] [ INFO ] Updating impropers
2026-04-23 20:44:39,345 [ genlib ] [ INFO ] Building library files for ALA --> GLY mutant
2026-04-23 20:44:39,345 [ genlib ] [ INFO ] reading rtp file "aminoacids.rtp"
2026-04-23 20:44:39,385 [ genlib ] [ INFO ] ENTERED G
2026-04-23 20:44:39,385 [ genlib ] [ INFO ] Making atom pairs
2026-04-23 20:44:39,386 [ genlib ] [ INFO ] Updating bond lists
2026-04-23 20:44:39,386 [ genlib ] [ INFO ] Updating dihedrals
2026-04-23 20:44:39,386 [ genlib ] [ INFO ] Updating impropers
2026-04-23 20:44:39,387 [ genlib ] [ INFO ] Building library files for ALA --> HID mutant
2026-04-23 20:44:39,387 [ genlib ] [ INFO ] reading rtp file "aminoacids.rtp"
2026-04-23 20:44:39,425 [ genlib ] [ INFO ] ENTERED T,A,V,I
2026-04-23 20:44:39,425 [ genlib ] [ INFO ] Making atom pairs
2026-04-23 20:44:39,429 [ genlib ] [ INFO ] Updating bond lists
2026-04-23 20:44:39,429 [ genlib ] [ INFO ] Updating dihedrals
2026-04-23 20:44:39,429 [ genlib ] [ INFO ] Updating impropers
2026-04-23 20:44:39,430 [ genlib ] [ INFO ] Building library files for ALA --> HIE mutant
2026-04-23 20:44:39,430 [ genlib ] [ INFO ] reading rtp file "aminoacids.rtp"
2026-04-23 20:44:39,468 [ genlib ] [ INFO ] ENTERED T,A,V,I
2026-04-23 20:44:39,468 [ genlib ] [ INFO ] Making atom pairs
2026-04-23 20:44:39,472 [ genlib ] [ INFO ] Updating bond lists
2026-04-23 20:44:39,472 [ genlib ] [ INFO ] Updating dihedrals
2026-04-23 20:44:39,472 [ genlib ] [ INFO ] Updating impropers
2026-04-23 20:44:39,473 [ genlib ] [ INFO ] Building library files for ALA --> HIP mutant
2026-04-23 20:44:39,474 [ genlib ] [ INFO ] reading rtp file "aminoacids.rtp"
2026-04-23 20:44:39,512 [ genlib ] [ INFO ] ENTERED T,A,V,I
2026-04-23 20:44:39,512 [ genlib ] [ INFO ] Making atom pairs
2026-04-23 20:44:39,518 [ genlib ] [ INFO ] Updating bond lists
2026-04-23 20:44:39,518 [ genlib ] [ INFO ] Updating dihedrals
2026-04-23 20:44:39,518 [ genlib ] [ INFO ] Updating impropers
2026-04-23 20:44:39,518 [ genlib ] [ INFO ] Building library files for ALA --> ILE mutant
2026-04-23 20:44:39,519 [ genlib ] [ INFO ] reading rtp file "aminoacids.rtp"
2026-04-23 20:44:39,557 [ genlib ] [ INFO ] ENTERED SIMPLE
2026-04-23 20:44:39,557 [ genlib ] [ INFO ] Making atom pairs
2026-04-23 20:44:39,557 [ genlib ] [ INFO ] Searching branch 1
2026-04-23 20:44:39,557 [ genlib ] [ INFO ] Searching order 2
2026-04-23 20:44:39,557 [ genlib ] [ INFO ] Checking atom 1HB
2026-04-23 20:44:39,557 [ genlib ] [ INFO ] Define atom pair: ALA|1HB|HC|H         - > ILE|CG1|2C|C.3       (d = 0.54 A)
2026-04-23 20:44:39,557 [ genlib ] [ INFO ] Checking atom 2HB
2026-04-23 20:44:39,557 [ genlib ] [ INFO ] Define atom pair: ALA|2HB|HC|H         - > ILE|HB|HC|H          (d = 0.14 A)
2026-04-23 20:44:39,557 [ genlib ] [ INFO ] Checking atom 3HB
2026-04-23 20:44:39,557 [ genlib ] [ INFO ] Define atom pair: ALA|3HB|HC|H         - > ILE|CG2|CT|C.3       (d = 0.42 A)
2026-04-23 20:44:39,557 [ genlib ] [ INFO ] Searching order 3
2026-04-23 20:44:39,557 [ genlib ] [ INFO ] Searching order 4
2026-04-23 20:44:39,557 [ genlib ] [ INFO ] Searching order 5
2026-04-23 20:44:39,557 [ genlib ] [ INFO ] Searching order 6
2026-04-23 20:44:39,557 [ genlib ] [ INFO ] Searching order 7
2026-04-23 20:44:39,557 [ genlib ] [ INFO ] Searching branch 2
2026-04-23 20:44:39,557 [ genlib ] [ INFO ] Searching order 2
2026-04-23 20:44:39,557 [ genlib ] [ INFO ] Searching order 3
2026-04-23 20:44:39,557 [ genlib ] [ INFO ] Searching order 4
2026-04-23 20:44:39,557 [ genlib ] [ INFO ] Searching order 5
2026-04-23 20:44:39,557 [ genlib ] [ INFO ] Searching order 6
2026-04-23 20:44:39,558 [ genlib ] [ INFO ] Searching order 7
2026-04-23 20:44:39,561 [ genlib ] [ INFO ] Updating bond lists
2026-04-23 20:44:39,561 [ genlib ] [ INFO ] Updating dihedrals
2026-04-23 20:44:39,562 [ genlib ] [ INFO ] Updating impropers
2026-04-23 20:44:39,562 [ genlib ] [ INFO ] Building library files for ALA --> LEU mutant
2026-04-23 20:44:39,562 [ genlib ] [ INFO ] reading rtp file "aminoacids.rtp"
2026-04-23 20:44:39,607 [ genlib ] [ INFO ] ENTERED SIMPLE
2026-04-23 20:44:39,607 [ genlib ] [ INFO ] Making atom pairs
2026-04-23 20:44:39,607 [ genlib ] [ INFO ] Searching branch 1
2026-04-23 20:44:39,608 [ genlib ] [ INFO ] Searching order 2
2026-04-23 20:44:39,608 [ genlib ] [ INFO ] Checking atom 1HB
2026-04-23 20:44:39,608 [ genlib ] [ INFO ] Define atom pair: ALA|1HB|HC|H         - > LEU|CG|3C|C.3        (d = 0.51 A)
2026-04-23 20:44:39,608 [ genlib ] [ INFO ] Checking atom 2HB
2026-04-23 20:44:39,608 [ genlib ] [ INFO ] Define atom pair: ALA|2HB|HC|H         - > LEU|1HB|HC|H         (d = 0.03 A)
2026-04-23 20:44:39,608 [ genlib ] [ INFO ] Checking atom 3HB
2026-04-23 20:44:39,608 [ genlib ] [ INFO ] Define atom pair: ALA|3HB|HC|H         - > LEU|2HB|HC|H         (d = 0.03 A)
2026-04-23 20:44:39,608 [ genlib ] [ INFO ] Searching order 3
2026-04-23 20:44:39,608 [ genlib ] [ INFO ] Searching order 4
2026-04-23 20:44:39,608 [ genlib ] [ INFO ] Searching order 5
2026-04-23 20:44:39,608 [ genlib ] [ INFO ] Searching order 6
2026-04-23 20:44:39,608 [ genlib ] [ INFO ] Searching order 7
2026-04-23 20:44:39,608 [ genlib ] [ INFO ] Searching branch 2
2026-04-23 20:44:39,608 [ genlib ] [ INFO ] Searching order 2
2026-04-23 20:44:39,608 [ genlib ] [ INFO ] Searching order 3
2026-04-23 20:44:39,608 [ genlib ] [ INFO ] Searching order 4
2026-04-23 20:44:39,608 [ genlib ] [ INFO ] Searching order 5
2026-04-23 20:44:39,608 [ genlib ] [ INFO ] Searching order 6
2026-04-23 20:44:39,608 [ genlib ] [ INFO ] Searching order 7
2026-04-23 20:44:39,611 [ genlib ] [ INFO ] Updating bond lists
2026-04-23 20:44:39,612 [ genlib ] [ INFO ] Updating dihedrals
2026-04-23 20:44:39,612 [ genlib ] [ INFO ] Updating impropers
2026-04-23 20:44:39,612 [ genlib ] [ INFO ] Building library files for ALA --> LYN mutant
2026-04-23 20:44:39,612 [ genlib ] [ INFO ] reading rtp file "aminoacids.rtp"
2026-04-23 20:44:39,651 [ genlib ] [ INFO ] ENTERED SIMPLE
2026-04-23 20:44:39,651 [ genlib ] [ INFO ] Making atom pairs
2026-04-23 20:44:39,651 [ genlib ] [ INFO ] Searching branch 1
2026-04-23 20:44:39,651 [ genlib ] [ INFO ] Searching order 2
2026-04-23 20:44:39,651 [ genlib ] [ INFO ] Checking atom 1HB
2026-04-23 20:44:39,651 [ genlib ] [ INFO ] Define atom pair: ALA|1HB|HC|H         - > LYN|CG|CT|C.3        (d = 0.46 A)
2026-04-23 20:44:39,651 [ genlib ] [ INFO ] Checking atom 2HB
2026-04-23 20:44:39,651 [ genlib ] [ INFO ] Define atom pair: ALA|2HB|HC|H         - > LYN|1HB|HC|H         (d = 0.10 A)
2026-04-23 20:44:39,651 [ genlib ] [ INFO ] Checking atom 3HB
2026-04-23 20:44:39,651 [ genlib ] [ INFO ] Define atom pair: ALA|3HB|HC|H         - > LYN|2HB|HC|H         (d = 0.10 A)
2026-04-23 20:44:39,651 [ genlib ] [ INFO ] Searching order 3
2026-04-23 20:44:39,651 [ genlib ] [ INFO ] Searching order 4
2026-04-23 20:44:39,651 [ genlib ] [ INFO ] Searching order 5
2026-04-23 20:44:39,651 [ genlib ] [ INFO ] Searching order 6
2026-04-23 20:44:39,651 [ genlib ] [ INFO ] Searching order 7
2026-04-23 20:44:39,651 [ genlib ] [ INFO ] Searching branch 2
2026-04-23 20:44:39,651 [ genlib ] [ INFO ] Searching order 2
2026-04-23 20:44:39,651 [ genlib ] [ INFO ] Searching order 3
2026-04-23 20:44:39,651 [ genlib ] [ INFO ] Searching order 4
2026-04-23 20:44:39,651 [ genlib ] [ INFO ] Searching order 5
2026-04-23 20:44:39,651 [ genlib ] [ INFO ] Searching order 6
2026-04-23 20:44:39,651 [ genlib ] [ INFO ] Searching order 7
2026-04-23 20:44:39,657 [ genlib ] [ INFO ] Updating bond lists
2026-04-23 20:44:39,657 [ genlib ] [ INFO ] Updating dihedrals
2026-04-23 20:44:39,657 [ genlib ] [ INFO ] Updating impropers
2026-04-23 20:44:39,657 [ genlib ] [ INFO ] Building library files for ALA --> LYS mutant
2026-04-23 20:44:39,658 [ genlib ] [ INFO ] reading rtp file "aminoacids.rtp"
2026-04-23 20:44:39,697 [ genlib ] [ INFO ] ENTERED SIMPLE
2026-04-23 20:44:39,697 [ genlib ] [ INFO ] Making atom pairs
2026-04-23 20:44:39,697 [ genlib ] [ INFO ] Searching branch 1
2026-04-23 20:44:39,697 [ genlib ] [ INFO ] Searching order 2
2026-04-23 20:44:39,697 [ genlib ] [ INFO ] Checking atom 1HB
2026-04-23 20:44:39,697 [ genlib ] [ INFO ] Define atom pair: ALA|1HB|HC|H         - > LYS|CG|C8|C.3        (d = 0.46 A)
2026-04-23 20:44:39,697 [ genlib ] [ INFO ] Checking atom 2HB
2026-04-23 20:44:39,697 [ genlib ] [ INFO ] Define atom pair: ALA|2HB|HC|H         - > LYS|1HB|HC|H         (d = 0.07 A)
2026-04-23 20:44:39,697 [ genlib ] [ INFO ] Checking atom 3HB
2026-04-23 20:44:39,697 [ genlib ] [ INFO ] Define atom pair: ALA|3HB|HC|H         - > LYS|2HB|HC|H         (d = 0.08 A)
2026-04-23 20:44:39,697 [ genlib ] [ INFO ] Searching order 3
2026-04-23 20:44:39,697 [ genlib ] [ INFO ] Searching order 4
2026-04-23 20:44:39,697 [ genlib ] [ INFO ] Searching order 5
2026-04-23 20:44:39,697 [ genlib ] [ INFO ] Searching order 6
2026-04-23 20:44:39,697 [ genlib ] [ INFO ] Searching order 7
2026-04-23 20:44:39,697 [ genlib ] [ INFO ] Searching branch 2
2026-04-23 20:44:39,697 [ genlib ] [ INFO ] Searching order 2
2026-04-23 20:44:39,697 [ genlib ] [ INFO ] Searching order 3
2026-04-23 20:44:39,697 [ genlib ] [ INFO ] Searching order 4
2026-04-23 20:44:39,697 [ genlib ] [ INFO ] Searching order 5
2026-04-23 20:44:39,697 [ genlib ] [ INFO ] Searching order 6
2026-04-23 20:44:39,697 [ genlib ] [ INFO ] Searching order 7
2026-04-23 20:44:39,702 [ genlib ] [ INFO ] Updating bond lists
2026-04-23 20:44:39,702 [ genlib ] [ INFO ] Updating dihedrals
2026-04-23 20:44:39,703 [ genlib ] [ INFO ] Updating impropers
2026-04-23 20:44:39,703 [ genlib ] [ INFO ] Building library files for ALA --> MET mutant
2026-04-23 20:44:39,704 [ genlib ] [ INFO ] reading rtp file "aminoacids.rtp"
2026-04-23 20:44:39,741 [ genlib ] [ INFO ] ENTERED SIMPLE
2026-04-23 20:44:39,741 [ genlib ] [ INFO ] Making atom pairs
2026-04-23 20:44:39,741 [ genlib ] [ INFO ] Searching branch 1
2026-04-23 20:44:39,741 [ genlib ] [ INFO ] Searching order 2
2026-04-23 20:44:39,741 [ genlib ] [ INFO ] Checking atom 1HB
2026-04-23 20:44:39,741 [ genlib ] [ INFO ] Define atom pair: ALA|1HB|HC|H         - > MET|CG|2C|C.3        (d = 0.48 A)
2026-04-23 20:44:39,741 [ genlib ] [ INFO ] Checking atom 2HB
2026-04-23 20:44:39,741 [ genlib ] [ INFO ] Define atom pair: ALA|2HB|HC|H         - > MET|1HB|HC|H         (d = 0.02 A)
2026-04-23 20:44:39,741 [ genlib ] [ INFO ] Checking atom 3HB
2026-04-23 20:44:39,741 [ genlib ] [ INFO ] Define atom pair: ALA|3HB|HC|H         - > MET|2HB|HC|H         (d = 0.03 A)
2026-04-23 20:44:39,741 [ genlib ] [ INFO ] Searching order 3
2026-04-23 20:44:39,741 [ genlib ] [ INFO ] Searching order 4
2026-04-23 20:44:39,741 [ genlib ] [ INFO ] Searching order 5
2026-04-23 20:44:39,741 [ genlib ] [ INFO ] Searching order 6
2026-04-23 20:44:39,742 [ genlib ] [ INFO ] Searching order 7
2026-04-23 20:44:39,742 [ genlib ] [ INFO ] Searching branch 2
2026-04-23 20:44:39,742 [ genlib ] [ INFO ] Searching order 2
2026-04-23 20:44:39,742 [ genlib ] [ INFO ] Searching order 3
2026-04-23 20:44:39,742 [ genlib ] [ INFO ] Searching order 4
2026-04-23 20:44:39,742 [ genlib ] [ INFO ] Searching order 5
2026-04-23 20:44:39,742 [ genlib ] [ INFO ] Searching order 6
2026-04-23 20:44:39,742 [ genlib ] [ INFO ] Searching order 7
2026-04-23 20:44:39,746 [ genlib ] [ INFO ] Updating bond lists
2026-04-23 20:44:39,746 [ genlib ] [ INFO ] Updating dihedrals
2026-04-23 20:44:39,746 [ genlib ] [ INFO ] Updating impropers
2026-04-23 20:44:39,747 [ genlib ] [ INFO ] Building library files for ALA --> PHE mutant
2026-04-23 20:44:39,747 [ genlib ] [ INFO ] reading rtp file "aminoacids.rtp"
2026-04-23 20:44:39,820 [ genlib ] [ INFO ] ENTERED T,A,V,I
2026-04-23 20:44:39,820 [ genlib ] [ INFO ] Making atom pairs
2026-04-23 20:44:39,825 [ genlib ] [ INFO ] Updating bond lists
2026-04-23 20:44:39,825 [ genlib ] [ INFO ] Updating dihedrals
2026-04-23 20:44:39,825 [ genlib ] [ INFO ] Updating impropers
2026-04-23 20:44:39,826 [ genlib ] [ INFO ] Building library files for ALA --> PRO mutant
2026-04-23 20:44:39,826 [ genlib ] [ INFO ] reading rtp file "aminoacids.rtp"
2026-04-23 20:44:39,862 [ genlib ] [ INFO ] ENTERED P
2026-04-23 20:44:39,862 [ genlib ] [ INFO ] Making atom pairs
2026-04-23 20:44:39,865 [ genlib ] [ INFO ] Updating bond lists
2026-04-23 20:44:39,865 [ genlib ] [ INFO ] Updating dihedrals
2026-04-23 20:44:39,865 [ genlib ] [ INFO ] Updating impropers
2026-04-23 20:44:39,865 [ genlib ] [ INFO ] Building library files for ALA --> SER mutant
2026-04-23 20:44:39,866 [ genlib ] [ INFO ] reading rtp file "aminoacids.rtp"
2026-04-23 20:44:39,903 [ genlib ] [ INFO ] ENTERED SIMPLE
2026-04-23 20:44:39,903 [ genlib ] [ INFO ] Making atom pairs
2026-04-23 20:44:39,903 [ genlib ] [ INFO ] Searching branch 1
2026-04-23 20:44:39,903 [ genlib ] [ INFO ] Searching order 2
2026-04-23 20:44:39,903 [ genlib ] [ INFO ] Checking atom 1HB
2026-04-23 20:44:39,903 [ genlib ] [ INFO ] Define atom pair: ALA|1HB|HC|H         - > SER|OG|OH|O.3        (d = 0.38 A)
2026-04-23 20:44:39,903 [ genlib ] [ INFO ] Checking atom 2HB
2026-04-23 20:44:39,903 [ genlib ] [ INFO ] Define atom pair: ALA|2HB|HC|H         - > SER|1HB|H1|H         (d = 0.11 A)
2026-04-23 20:44:39,903 [ genlib ] [ INFO ] Checking atom 3HB
2026-04-23 20:44:39,903 [ genlib ] [ INFO ] Define atom pair: ALA|3HB|HC|H         - > SER|2HB|H1|H         (d = 0.12 A)
2026-04-23 20:44:39,903 [ genlib ] [ INFO ] Searching order 3
2026-04-23 20:44:39,903 [ genlib ] [ INFO ] Searching order 4
2026-04-23 20:44:39,903 [ genlib ] [ INFO ] Searching order 5
2026-04-23 20:44:39,903 [ genlib ] [ INFO ] Searching order 6
2026-04-23 20:44:39,903 [ genlib ] [ INFO ] Searching order 7
2026-04-23 20:44:39,903 [ genlib ] [ INFO ] Searching branch 2
2026-04-23 20:44:39,903 [ genlib ] [ INFO ] Searching order 2
2026-04-23 20:44:39,903 [ genlib ] [ INFO ] Searching order 3
2026-04-23 20:44:39,903 [ genlib ] [ INFO ] Searching order 4
2026-04-23 20:44:39,903 [ genlib ] [ INFO ] Searching order 5
2026-04-23 20:44:39,903 [ genlib ] [ INFO ] Searching order 6
2026-04-23 20:44:39,903 [ genlib ] [ INFO ] Searching order 7
2026-04-23 20:44:39,904 [ genlib ] [ INFO ] Updating bond lists
2026-04-23 20:44:39,904 [ genlib ] [ INFO ] Updating dihedrals
2026-04-23 20:44:39,904 [ genlib ] [ INFO ] Updating impropers
2026-04-23 20:44:39,905 [ genlib ] [ INFO ] Building library files for ALA --> THR mutant
2026-04-23 20:44:39,905 [ genlib ] [ INFO ] reading rtp file "aminoacids.rtp"
2026-04-23 20:44:39,943 [ genlib ] [ INFO ] ENTERED SIMPLE
2026-04-23 20:44:39,943 [ genlib ] [ INFO ] Making atom pairs
2026-04-23 20:44:39,943 [ genlib ] [ INFO ] Searching branch 1
2026-04-23 20:44:39,943 [ genlib ] [ INFO ] Searching order 2
2026-04-23 20:44:39,943 [ genlib ] [ INFO ] Checking atom 1HB
2026-04-23 20:44:39,943 [ genlib ] [ INFO ] Define atom pair: ALA|1HB|HC|H         - > THR|OG1|OH|O.3       (d = 0.36 A)
2026-04-23 20:44:39,943 [ genlib ] [ INFO ] Checking atom 2HB
2026-04-23 20:44:39,943 [ genlib ] [ INFO ] Define atom pair: ALA|2HB|HC|H         - > THR|HB|H1|H          (d = 0.07 A)
2026-04-23 20:44:39,943 [ genlib ] [ INFO ] Checking atom 3HB
2026-04-23 20:44:39,943 [ genlib ] [ INFO ] Define atom pair: ALA|3HB|HC|H         - > THR|CG2|CT|C.3       (d = 0.44 A)
2026-04-23 20:44:39,943 [ genlib ] [ INFO ] Searching order 3
2026-04-23 20:44:39,943 [ genlib ] [ INFO ] Searching order 4
2026-04-23 20:44:39,943 [ genlib ] [ INFO ] Searching order 5
2026-04-23 20:44:39,943 [ genlib ] [ INFO ] Searching order 6
2026-04-23 20:44:39,943 [ genlib ] [ INFO ] Searching order 7
2026-04-23 20:44:39,943 [ genlib ] [ INFO ] Searching branch 2
2026-04-23 20:44:39,943 [ genlib ] [ INFO ] Searching order 2
2026-04-23 20:44:39,943 [ genlib ] [ INFO ] Searching order 3
2026-04-23 20:44:39,943 [ genlib ] [ INFO ] Searching order 4
2026-04-23 20:44:39,943 [ genlib ] [ INFO ] Searching order 5
2026-04-23 20:44:39,943 [ genlib ] [ INFO ] Searching order 6
2026-04-23 20:44:39,943 [ genlib ] [ INFO ] Searching order 7
2026-04-23 20:44:39,945 [ genlib ] [ INFO ] Updating bond lists
2026-04-23 20:44:39,945 [ genlib ] [ INFO ] Updating dihedrals
2026-04-23 20:44:39,945 [ genlib ] [ INFO ] Updating impropers
2026-04-23 20:44:39,945 [ genlib ] [ INFO ] Building library files for ALA --> TRP mutant
2026-04-23 20:44:39,946 [ genlib ] [ INFO ] reading rtp file "aminoacids.rtp"
2026-04-23 20:44:39,982 [ genlib ] [ INFO ] ENTERED T,A,V,I
2026-04-23 20:44:39,982 [ genlib ] [ INFO ] Making atom pairs
2026-04-23 20:44:39,990 [ genlib ] [ INFO ] Updating bond lists
2026-04-23 20:44:39,990 [ genlib ] [ INFO ] Updating dihedrals
2026-04-23 20:44:39,990 [ genlib ] [ INFO ] Updating impropers
2026-04-23 20:44:39,990 [ genlib ] [ INFO ] Building library files for ALA --> TYR mutant
2026-04-23 20:44:39,991 [ genlib ] [ INFO ] reading rtp file "aminoacids.rtp"
2026-04-23 20:44:40,034 [ genlib ] [ INFO ] ENTERED T,A,V,I
2026-04-23 20:44:40,034 [ genlib ] [ INFO ] Making atom pairs
2026-04-23 20:44:40,041 [ genlib ] [ INFO ] Updating bond lists
2026-04-23 20:44:40,041 [ genlib ] [ INFO ] Updating dihedrals
2026-04-23 20:44:40,041 [ genlib ] [ INFO ] Updating impropers
2026-04-23 20:44:40,041 [ genlib ] [ INFO ] Building library files for ALA --> VAL mutant
2026-04-23 20:44:40,042 [ genlib ] [ INFO ] reading rtp file "aminoacids.rtp"
2026-04-23 20:44:40,080 [ genlib ] [ INFO ] ENTERED SIMPLE
2026-04-23 20:44:40,080 [ genlib ] [ INFO ] Making atom pairs
2026-04-23 20:44:40,080 [ genlib ] [ INFO ] Searching branch 1
2026-04-23 20:44:40,080 [ genlib ] [ INFO ] Searching order 2
2026-04-23 20:44:40,080 [ genlib ] [ INFO ] Checking atom 1HB
2026-04-23 20:44:40,080 [ genlib ] [ INFO ] Define atom pair: ALA|1HB|HC|H         - > VAL|CG2|CT|C.3       (d = 0.50 A)
2026-04-23 20:44:40,080 [ genlib ] [ INFO ] Checking atom 2HB
2026-04-23 20:44:40,080 [ genlib ] [ INFO ] Define atom pair: ALA|2HB|HC|H         - > VAL|HB|HC|H          (d = 0.19 A)
2026-04-23 20:44:40,080 [ genlib ] [ INFO ] Checking atom 3HB
2026-04-23 20:44:40,080 [ genlib ] [ INFO ] Define atom pair: ALA|3HB|HC|H         - > VAL|CG1|CT|C.3       (d = 0.44 A)
2026-04-23 20:44:40,080 [ genlib ] [ INFO ] Searching order 3
2026-04-23 20:44:40,080 [ genlib ] [ INFO ] Searching order 4
2026-04-23 20:44:40,080 [ genlib ] [ INFO ] Searching order 5
2026-04-23 20:44:40,080 [ genlib ] [ INFO ] Searching order 6
2026-04-23 20:44:40,080 [ genlib ] [ INFO ] Searching order 7
2026-04-23 20:44:40,080 [ genlib ] [ INFO ] Searching branch 2
2026-04-23 20:44:40,080 [ genlib ] [ INFO ] Searching order 2
2026-04-23 20:44:40,080 [ genlib ] [ INFO ] Searching order 3
2026-04-23 20:44:40,080 [ genlib ] [ INFO ] Searching order 4
2026-04-23 20:44:40,080 [ genlib ] [ INFO ] Searching order 5
2026-04-23 20:44:40,080 [ genlib ] [ INFO ] Searching order 6
2026-04-23 20:44:40,080 [ genlib ] [ INFO ] Searching order 7
2026-04-23 20:44:40,082 [ genlib ] [ INFO ] Updating bond lists
2026-04-23 20:44:40,082 [ genlib ] [ INFO ] Updating dihedrals
2026-04-23 20:44:40,082 [ genlib ] [ INFO ] Updating impropers
2026-04-23 20:44:40,083 [ genlib ] [ INFO ] Building library files for ARG --> ALA mutant
2026-04-23 20:44:40,084 [ genlib ] [ INFO ] reading rtp file "aminoacids.rtp"
2026-04-23 20:44:40,122 [ genlib ] [ INFO ] ENTERED SIMPLE
2026-04-23 20:44:40,122 [ genlib ] [ INFO ] Making atom pairs
2026-04-23 20:44:40,122 [ genlib ] [ INFO ] Searching branch 1
2026-04-23 20:44:40,122 [ genlib ] [ INFO ] Searching order 2
2026-04-23 20:44:40,122 [ genlib ] [ INFO ] Checking atom 1HB
2026-04-23 20:44:40,122 [ genlib ] [ INFO ] Define atom pair: ARG|1HB|HC|H         - > ALA|2HB|HC|H         (d = 0.04 A)
2026-04-23 20:44:40,122 [ genlib ] [ INFO ] Checking atom 2HB
2026-04-23 20:44:40,122 [ genlib ] [ INFO ] Define atom pair: ARG|2HB|HC|H         - > ALA|3HB|HC|H         (d = 0.04 A)
2026-04-23 20:44:40,122 [ genlib ] [ INFO ] Checking atom CG
2026-04-23 20:44:40,122 [ genlib ] [ INFO ] Define atom pair: ARG|CG|C8|C.3        - > ALA|1HB|HC|H         (d = 0.47 A)
2026-04-23 20:44:40,122 [ genlib ] [ INFO ] Searching order 3
2026-04-23 20:44:40,122 [ genlib ] [ INFO ] Checking atom 1HG
2026-04-23 20:44:40,122 [ genlib ] [ INFO ] No partner found for atom 1HG
2026-04-23 20:44:40,122 [ genlib ] [ INFO ] Checking atom 2HG
2026-04-23 20:44:40,122 [ genlib ] [ INFO ] No partner found for atom 2HG
2026-04-23 20:44:40,122 [ genlib ] [ INFO ] Checking atom CD
2026-04-23 20:44:40,122 [ genlib ] [ INFO ] No partner found for atom CD
2026-04-23 20:44:40,122 [ genlib ] [ INFO ] Searching order 4
2026-04-23 20:44:40,122 [ genlib ] [ INFO ] Searching order 5
2026-04-23 20:44:40,122 [ genlib ] [ INFO ] Searching order 6
2026-04-23 20:44:40,122 [ genlib ] [ INFO ] Searching order 7
2026-04-23 20:44:40,122 [ genlib ] [ INFO ] Searching branch 2
2026-04-23 20:44:40,122 [ genlib ] [ INFO ] Searching order 2
2026-04-23 20:44:40,122 [ genlib ] [ INFO ] Searching order 3
2026-04-23 20:44:40,122 [ genlib ] [ INFO ] Checking atom 1HG
2026-04-23 20:44:40,122 [ genlib ] [ INFO ] No partner found for atom 1HG
2026-04-23 20:44:40,122 [ genlib ] [ INFO ] Checking atom 2HG
2026-04-23 20:44:40,122 [ genlib ] [ INFO ] No partner found for atom 2HG
2026-04-23 20:44:40,122 [ genlib ] [ INFO ] Checking atom CD
2026-04-23 20:44:40,122 [ genlib ] [ INFO ] No partner found for atom CD
2026-04-23 20:44:40,122 [ genlib ] [ INFO ] Searching order 4
2026-04-23 20:44:40,122 [ genlib ] [ INFO ] Searching order 5
2026-04-23 20:44:40,122 [ genlib ] [ INFO ] Searching order 6
2026-04-23 20:44:40,122 [ genlib ] [ INFO ] Searching order 7
2026-04-23 20:44:40,123 [ genlib ] [ INFO ] Updating bond lists
2026-04-23 20:44:40,123 [ genlib ] [ INFO ] Updating dihedrals
2026-04-23 20:44:40,123 [ genlib ] [ INFO ] Updating impropers
2026-04-23 20:44:40,123 [ genlib ] [ INFO ] Building library files for ARG --> ASH mutant
2026-04-23 20:44:40,124 [ genlib ] [ INFO ] reading rtp file "aminoacids.rtp"
2026-04-23 20:44:40,167 [ genlib ] [ INFO ] ENTERED SIMPLE
2026-04-23 20:44:40,167 [ genlib ] [ INFO ] Making atom pairs
2026-04-23 20:44:40,167 [ genlib ] [ INFO ] Searching branch 1
2026-04-23 20:44:40,167 [ genlib ] [ INFO ] Searching order 2
2026-04-23 20:44:40,167 [ genlib ] [ INFO ] Checking atom 1HB
2026-04-23 20:44:40,167 [ genlib ] [ INFO ] Define atom pair: ARG|1HB|HC|H         - > ASH|1HB|HC|H         (d = 0.08 A)
2026-04-23 20:44:40,167 [ genlib ] [ INFO ] Checking atom 2HB
2026-04-23 20:44:40,167 [ genlib ] [ INFO ] Define atom pair: ARG|2HB|HC|H         - > ASH|2HB|HC|H         (d = 0.08 A)
2026-04-23 20:44:40,167 [ genlib ] [ INFO ] Checking atom CG
2026-04-23 20:44:40,167 [ genlib ] [ INFO ] Define atom pair: ARG|CG|C8|C.3        - > ASH|CG|C|C.2         (d = 0.09 A)
2026-04-23 20:44:40,167 [ genlib ] [ INFO ] Searching order 3
2026-04-23 20:44:40,167 [ genlib ] [ INFO ] Checking atom 1HG
2026-04-23 20:44:40,167 [ genlib ] [ INFO ] No partner found for atom 1HG
2026-04-23 20:44:40,167 [ genlib ] [ INFO ] Checking atom 2HG
2026-04-23 20:44:40,167 [ genlib ] [ INFO ] No partner found for atom 2HG
2026-04-23 20:44:40,167 [ genlib ] [ INFO ] Checking atom CD
2026-04-23 20:44:40,167 [ genlib ] [ INFO ] Define atom pair: ARG|CD|C8|C.3        - > ASH|OD1|O|O.co2      (d = 0.34 A)
2026-04-23 20:44:40,167 [ genlib ] [ INFO ] Searching order 4
2026-04-23 20:44:40,167 [ genlib ] [ INFO ] Checking atom 1HD
2026-04-23 20:44:40,167 [ genlib ] [ INFO ] No partner found for atom 1HD
2026-04-23 20:44:40,167 [ genlib ] [ INFO ] Checking atom 2HD
2026-04-23 20:44:40,167 [ genlib ] [ INFO ] No partner found for atom 2HD
2026-04-23 20:44:40,167 [ genlib ] [ INFO ] Checking atom NE
2026-04-23 20:44:40,167 [ genlib ] [ INFO ] No partner found for atom NE
2026-04-23 20:44:40,167 [ genlib ] [ INFO ] Searching order 5
2026-04-23 20:44:40,167 [ genlib ] [ INFO ] Searching order 6
2026-04-23 20:44:40,167 [ genlib ] [ INFO ] Searching order 7
2026-04-23 20:44:40,167 [ genlib ] [ INFO ] Searching branch 2
2026-04-23 20:44:40,167 [ genlib ] [ INFO ] Searching order 2
2026-04-23 20:44:40,167 [ genlib ] [ INFO ] Searching order 3
2026-04-23 20:44:40,167 [ genlib ] [ INFO ] Checking atom 1HG
2026-04-23 20:44:40,167 [ genlib ] [ INFO ] No partner found for atom 1HG
2026-04-23 20:44:40,167 [ genlib ] [ INFO ] Checking atom 2HG
2026-04-23 20:44:40,167 [ genlib ] [ INFO ] No partner found for atom 2HG
2026-04-23 20:44:40,167 [ genlib ] [ INFO ] Searching order 4
2026-04-23 20:44:40,167 [ genlib ] [ INFO ] Checking atom 1HD
2026-04-23 20:44:40,167 [ genlib ] [ INFO ] No partner found for atom 1HD
2026-04-23 20:44:40,167 [ genlib ] [ INFO ] Checking atom 2HD
2026-04-23 20:44:40,167 [ genlib ] [ INFO ] No partner found for atom 2HD
2026-04-23 20:44:40,167 [ genlib ] [ INFO ] Checking atom NE
2026-04-23 20:44:40,167 [ genlib ] [ INFO ] No partner found for atom NE
2026-04-23 20:44:40,167 [ genlib ] [ INFO ] Searching order 5
2026-04-23 20:44:40,167 [ genlib ] [ INFO ] Searching order 6
2026-04-23 20:44:40,167 [ genlib ] [ INFO ] Searching order 7
2026-04-23 20:44:40,168 [ genlib ] [ INFO ] Updating bond lists
2026-04-23 20:44:40,168 [ genlib ] [ INFO ] Updating dihedrals
2026-04-23 20:44:40,168 [ genlib ] [ INFO ] Updating impropers
2026-04-23 20:44:40,169 [ genlib ] [ INFO ] Building library files for ARG --> ASN mutant
2026-04-23 20:44:40,170 [ genlib ] [ INFO ] reading rtp file "aminoacids.rtp"
2026-04-23 20:44:40,212 [ genlib ] [ INFO ] ENTERED SIMPLE
2026-04-23 20:44:40,212 [ genlib ] [ INFO ] Making atom pairs
2026-04-23 20:44:40,212 [ genlib ] [ INFO ] Searching branch 1
2026-04-23 20:44:40,212 [ genlib ] [ INFO ] Searching order 2
2026-04-23 20:44:40,212 [ genlib ] [ INFO ] Checking atom 1HB
2026-04-23 20:44:40,212 [ genlib ] [ INFO ] Define atom pair: ARG|1HB|HC|H         - > ASN|1HB|HC|H         (d = 0.14 A)
2026-04-23 20:44:40,212 [ genlib ] [ INFO ] Checking atom 2HB
2026-04-23 20:44:40,212 [ genlib ] [ INFO ] Define atom pair: ARG|2HB|HC|H         - > ASN|2HB|HC|H         (d = 0.10 A)
2026-04-23 20:44:40,212 [ genlib ] [ INFO ] Checking atom CG
2026-04-23 20:44:40,212 [ genlib ] [ INFO ] Define atom pair: ARG|CG|C8|C.3        - > ASN|CG|C|C.2         (d = 0.17 A)
2026-04-23 20:44:40,212 [ genlib ] [ INFO ] Searching order 3
2026-04-23 20:44:40,212 [ genlib ] [ INFO ] Checking atom 1HG
2026-04-23 20:44:40,212 [ genlib ] [ INFO ] No partner found for atom 1HG
2026-04-23 20:44:40,212 [ genlib ] [ INFO ] Checking atom 2HG
2026-04-23 20:44:40,212 [ genlib ] [ INFO ] No partner found for atom 2HG
2026-04-23 20:44:40,212 [ genlib ] [ INFO ] Checking atom CD
2026-04-23 20:44:40,212 [ genlib ] [ INFO ] Define atom pair: ARG|CD|C8|C.3        - > ASN|OD1|O|O.2        (d = 0.53 A)
2026-04-23 20:44:40,212 [ genlib ] [ INFO ] Searching order 4
2026-04-23 20:44:40,212 [ genlib ] [ INFO ] Checking atom 1HD
2026-04-23 20:44:40,212 [ genlib ] [ INFO ] No partner found for atom 1HD
2026-04-23 20:44:40,212 [ genlib ] [ INFO ] Checking atom 2HD
2026-04-23 20:44:40,212 [ genlib ] [ INFO ] No partner found for atom 2HD
2026-04-23 20:44:40,212 [ genlib ] [ INFO ] Checking atom NE
2026-04-23 20:44:40,212 [ genlib ] [ INFO ] No partner found for atom NE
2026-04-23 20:44:40,212 [ genlib ] [ INFO ] Searching order 5
2026-04-23 20:44:40,212 [ genlib ] [ INFO ] Searching order 6
2026-04-23 20:44:40,212 [ genlib ] [ INFO ] Searching order 7
2026-04-23 20:44:40,212 [ genlib ] [ INFO ] Searching branch 2
2026-04-23 20:44:40,212 [ genlib ] [ INFO ] Searching order 2
2026-04-23 20:44:40,212 [ genlib ] [ INFO ] Searching order 3
2026-04-23 20:44:40,212 [ genlib ] [ INFO ] Checking atom 1HG
2026-04-23 20:44:40,212 [ genlib ] [ INFO ] No partner found for atom 1HG
2026-04-23 20:44:40,212 [ genlib ] [ INFO ] Checking atom 2HG
2026-04-23 20:44:40,212 [ genlib ] [ INFO ] No partner found for atom 2HG
2026-04-23 20:44:40,212 [ genlib ] [ INFO ] Searching order 4
2026-04-23 20:44:40,212 [ genlib ] [ INFO ] Checking atom 1HD
2026-04-23 20:44:40,212 [ genlib ] [ INFO ] No partner found for atom 1HD
2026-04-23 20:44:40,212 [ genlib ] [ INFO ] Checking atom 2HD
2026-04-23 20:44:40,212 [ genlib ] [ INFO ] No partner found for atom 2HD
2026-04-23 20:44:40,212 [ genlib ] [ INFO ] Checking atom NE
2026-04-23 20:44:40,212 [ genlib ] [ INFO ] No partner found for atom NE
2026-04-23 20:44:40,212 [ genlib ] [ INFO ] Searching order 5
2026-04-23 20:44:40,212 [ genlib ] [ INFO ] Searching order 6
2026-04-23 20:44:40,212 [ genlib ] [ INFO ] Searching order 7
2026-04-23 20:44:40,213 [ genlib ] [ INFO ] Updating bond lists
2026-04-23 20:44:40,213 [ genlib ] [ INFO ] Updating dihedrals
2026-04-23 20:44:40,213 [ genlib ] [ INFO ] Updating impropers
2026-04-23 20:44:40,214 [ genlib ] [ INFO ] Building library files for ARG --> ASP mutant
2026-04-23 20:44:40,215 [ genlib ] [ INFO ] reading rtp file "aminoacids.rtp"
2026-04-23 20:44:40,251 [ genlib ] [ INFO ] ENTERED SIMPLE
2026-04-23 20:44:40,251 [ genlib ] [ INFO ] Making atom pairs
2026-04-23 20:44:40,251 [ genlib ] [ INFO ] Searching branch 1
2026-04-23 20:44:40,251 [ genlib ] [ INFO ] Searching order 2
2026-04-23 20:44:40,251 [ genlib ] [ INFO ] Checking atom 1HB
2026-04-23 20:44:40,251 [ genlib ] [ INFO ] Define atom pair: ARG|1HB|HC|H         - > ASP|1HB|HC|H         (d = 0.06 A)
2026-04-23 20:44:40,251 [ genlib ] [ INFO ] Checking atom 2HB
2026-04-23 20:44:40,251 [ genlib ] [ INFO ] Define atom pair: ARG|2HB|HC|H         - > ASP|2HB|HC|H         (d = 0.06 A)
2026-04-23 20:44:40,251 [ genlib ] [ INFO ] Checking atom CG
2026-04-23 20:44:40,251 [ genlib ] [ INFO ] Define atom pair: ARG|CG|C8|C.3        - > ASP|CG|CO|C.2        (d = 0.09 A)
2026-04-23 20:44:40,251 [ genlib ] [ INFO ] Searching order 3
2026-04-23 20:44:40,251 [ genlib ] [ INFO ] Checking atom 1HG
2026-04-23 20:44:40,251 [ genlib ] [ INFO ] No partner found for atom 1HG
2026-04-23 20:44:40,251 [ genlib ] [ INFO ] Checking atom 2HG
2026-04-23 20:44:40,251 [ genlib ] [ INFO ] No partner found for atom 2HG
2026-04-23 20:44:40,251 [ genlib ] [ INFO ] Checking atom CD
2026-04-23 20:44:40,251 [ genlib ] [ INFO ] Define atom pair: ARG|CD|C8|C.3        - > ASP|OD1|O2|O.co2     (d = 0.34 A)
2026-04-23 20:44:40,251 [ genlib ] [ INFO ] Searching order 4
2026-04-23 20:44:40,251 [ genlib ] [ INFO ] Checking atom 1HD
2026-04-23 20:44:40,251 [ genlib ] [ INFO ] No partner found for atom 1HD
2026-04-23 20:44:40,251 [ genlib ] [ INFO ] Checking atom 2HD
2026-04-23 20:44:40,251 [ genlib ] [ INFO ] No partner found for atom 2HD
2026-04-23 20:44:40,251 [ genlib ] [ INFO ] Checking atom NE
2026-04-23 20:44:40,251 [ genlib ] [ INFO ] No partner found for atom NE
2026-04-23 20:44:40,251 [ genlib ] [ INFO ] Searching order 5
2026-04-23 20:44:40,251 [ genlib ] [ INFO ] Searching order 6
2026-04-23 20:44:40,251 [ genlib ] [ INFO ] Searching order 7
2026-04-23 20:44:40,251 [ genlib ] [ INFO ] Searching branch 2
2026-04-23 20:44:40,251 [ genlib ] [ INFO ] Searching order 2
2026-04-23 20:44:40,251 [ genlib ] [ INFO ] Searching order 3
2026-04-23 20:44:40,251 [ genlib ] [ INFO ] Checking atom 1HG
2026-04-23 20:44:40,251 [ genlib ] [ INFO ] No partner found for atom 1HG
2026-04-23 20:44:40,251 [ genlib ] [ INFO ] Checking atom 2HG
2026-04-23 20:44:40,251 [ genlib ] [ INFO ] No partner found for atom 2HG
2026-04-23 20:44:40,251 [ genlib ] [ INFO ] Searching order 4
2026-04-23 20:44:40,251 [ genlib ] [ INFO ] Checking atom 1HD
2026-04-23 20:44:40,251 [ genlib ] [ INFO ] No partner found for atom 1HD
2026-04-23 20:44:40,251 [ genlib ] [ INFO ] Checking atom 2HD
2026-04-23 20:44:40,251 [ genlib ] [ INFO ] No partner found for atom 2HD
2026-04-23 20:44:40,251 [ genlib ] [ INFO ] Checking atom NE
2026-04-23 20:44:40,251 [ genlib ] [ INFO ] No partner found for atom NE
2026-04-23 20:44:40,251 [ genlib ] [ INFO ] Searching order 5
2026-04-23 20:44:40,251 [ genlib ] [ INFO ] Searching order 6
2026-04-23 20:44:40,251 [ genlib ] [ INFO ] Searching order 7
2026-04-23 20:44:40,252 [ genlib ] [ INFO ] Updating bond lists
2026-04-23 20:44:40,252 [ genlib ] [ INFO ] Updating dihedrals
2026-04-23 20:44:40,252 [ genlib ] [ INFO ] Updating impropers
2026-04-23 20:44:40,253 [ genlib ] [ INFO ] Building library files for ARG --> CYS mutant
2026-04-23 20:44:40,254 [ genlib ] [ INFO ] reading rtp file "aminoacids.rtp"
2026-04-23 20:44:40,290 [ genlib ] [ INFO ] ENTERED SIMPLE
2026-04-23 20:44:40,290 [ genlib ] [ INFO ] Making atom pairs
2026-04-23 20:44:40,290 [ genlib ] [ INFO ] Searching branch 1
2026-04-23 20:44:40,290 [ genlib ] [ INFO ] Searching order 2
2026-04-23 20:44:40,290 [ genlib ] [ INFO ] Checking atom 1HB
2026-04-23 20:44:40,290 [ genlib ] [ INFO ] Define atom pair: ARG|1HB|HC|H         - > CYS|1HB|H1|H         (d = 0.03 A)
2026-04-23 20:44:40,290 [ genlib ] [ INFO ] Checking atom 2HB
2026-04-23 20:44:40,290 [ genlib ] [ INFO ] Define atom pair: ARG|2HB|HC|H         - > CYS|2HB|H1|H         (d = 0.02 A)
2026-04-23 20:44:40,290 [ genlib ] [ INFO ] Checking atom CG
2026-04-23 20:44:40,290 [ genlib ] [ INFO ] Define atom pair: ARG|CG|C8|C.3        - > CYS|SG|SH|S.3        (d = 0.26 A)
2026-04-23 20:44:40,291 [ genlib ] [ INFO ] Searching order 3
2026-04-23 20:44:40,291 [ genlib ] [ INFO ] Checking atom 1HG
2026-04-23 20:44:40,291 [ genlib ] [ INFO ] No partner found for atom 1HG
2026-04-23 20:44:40,291 [ genlib ] [ INFO ] Checking atom 2HG
2026-04-23 20:44:40,291 [ genlib ] [ INFO ] No partner found for atom 2HG
2026-04-23 20:44:40,291 [ genlib ] [ INFO ] Checking atom CD
2026-04-23 20:44:40,291 [ genlib ] [ INFO ] Define atom pair: ARG|CD|C8|C.3        - > CYS|HG|HS|H          (d = 0.25 A)
2026-04-23 20:44:40,291 [ genlib ] [ INFO ] Searching order 4
2026-04-23 20:44:40,291 [ genlib ] [ INFO ] Checking atom 1HD
2026-04-23 20:44:40,291 [ genlib ] [ INFO ] No partner found for atom 1HD
2026-04-23 20:44:40,291 [ genlib ] [ INFO ] Checking atom 2HD
2026-04-23 20:44:40,291 [ genlib ] [ INFO ] No partner found for atom 2HD
2026-04-23 20:44:40,291 [ genlib ] [ INFO ] Checking atom NE
2026-04-23 20:44:40,291 [ genlib ] [ INFO ] No partner found for atom NE
2026-04-23 20:44:40,291 [ genlib ] [ INFO ] Searching order 5
2026-04-23 20:44:40,291 [ genlib ] [ INFO ] Searching order 6
2026-04-23 20:44:40,291 [ genlib ] [ INFO ] Searching order 7
2026-04-23 20:44:40,291 [ genlib ] [ INFO ] Searching branch 2
2026-04-23 20:44:40,291 [ genlib ] [ INFO ] Searching order 2
2026-04-23 20:44:40,291 [ genlib ] [ INFO ] Searching order 3
2026-04-23 20:44:40,291 [ genlib ] [ INFO ] Checking atom 1HG
2026-04-23 20:44:40,291 [ genlib ] [ INFO ] No partner found for atom 1HG
2026-04-23 20:44:40,291 [ genlib ] [ INFO ] Checking atom 2HG
2026-04-23 20:44:40,291 [ genlib ] [ INFO ] No partner found for atom 2HG
2026-04-23 20:44:40,291 [ genlib ] [ INFO ] Searching order 4
2026-04-23 20:44:40,291 [ genlib ] [ INFO ] Checking atom 1HD
2026-04-23 20:44:40,291 [ genlib ] [ INFO ] No partner found for atom 1HD
2026-04-23 20:44:40,291 [ genlib ] [ INFO ] Checking atom 2HD
2026-04-23 20:44:40,291 [ genlib ] [ INFO ] No partner found for atom 2HD
2026-04-23 20:44:40,291 [ genlib ] [ INFO ] Checking atom NE
2026-04-23 20:44:40,291 [ genlib ] [ INFO ] No partner found for atom NE
2026-04-23 20:44:40,291 [ genlib ] [ INFO ] Searching order 5
2026-04-23 20:44:40,291 [ genlib ] [ INFO ] Searching order 6
2026-04-23 20:44:40,291 [ genlib ] [ INFO ] Searching order 7
2026-04-23 20:44:40,291 [ genlib ] [ INFO ] Updating bond lists
2026-04-23 20:44:40,291 [ genlib ] [ INFO ] Updating dihedrals
2026-04-23 20:44:40,291 [ genlib ] [ INFO ] Updating impropers
2026-04-23 20:44:40,292 [ genlib ] [ INFO ] Building library files for ARG --> GLH mutant
2026-04-23 20:44:40,293 [ genlib ] [ INFO ] reading rtp file "aminoacids.rtp"
2026-04-23 20:44:40,330 [ genlib ] [ INFO ] ENTERED SIMPLE
2026-04-23 20:44:40,330 [ genlib ] [ INFO ] Making atom pairs
2026-04-23 20:44:40,330 [ genlib ] [ INFO ] Searching branch 1
2026-04-23 20:44:40,330 [ genlib ] [ INFO ] Searching order 2
2026-04-23 20:44:40,330 [ genlib ] [ INFO ] Checking atom 1HB
2026-04-23 20:44:40,330 [ genlib ] [ INFO ] Define atom pair: ARG|1HB|HC|H         - > GLH|1HB|HC|H         (d = 0.15 A)
2026-04-23 20:44:40,330 [ genlib ] [ INFO ] Checking atom 2HB
2026-04-23 20:44:40,330 [ genlib ] [ INFO ] Define atom pair: ARG|2HB|HC|H         - > GLH|2HB|HC|H         (d = 0.16 A)
2026-04-23 20:44:40,330 [ genlib ] [ INFO ] Checking atom CG
2026-04-23 20:44:40,330 [ genlib ] [ INFO ] Define atom pair: ARG|CG|C8|C.3        - > GLH|CG|2C|C.3        (d = 0.25 A)
2026-04-23 20:44:40,330 [ genlib ] [ INFO ] Searching order 3
2026-04-23 20:44:40,330 [ genlib ] [ INFO ] Checking atom 1HG
2026-04-23 20:44:40,330 [ genlib ] [ INFO ] Define atom pair: ARG|1HG|HC|H         - > GLH|1HG|HC|H         (d = 0.33 A)
2026-04-23 20:44:40,330 [ genlib ] [ INFO ] Checking atom 2HG
2026-04-23 20:44:40,330 [ genlib ] [ INFO ] Define atom pair: ARG|2HG|HC|H         - > GLH|2HG|HC|H         (d = 0.30 A)
2026-04-23 20:44:40,330 [ genlib ] [ INFO ] Checking atom CD
2026-04-23 20:44:40,330 [ genlib ] [ INFO ] Define atom pair: ARG|CD|C8|C.3        - > GLH|CD|C|C.2         (d = 0.25 A)
2026-04-23 20:44:40,330 [ genlib ] [ INFO ] Searching order 4
2026-04-23 20:44:40,330 [ genlib ] [ INFO ] Checking atom 1HD
2026-04-23 20:44:40,330 [ genlib ] [ INFO ] No partner found for atom 1HD
2026-04-23 20:44:40,330 [ genlib ] [ INFO ] Checking atom 2HD
2026-04-23 20:44:40,330 [ genlib ] [ INFO ] No partner found for atom 2HD
2026-04-23 20:44:40,330 [ genlib ] [ INFO ] Checking atom NE
2026-04-23 20:44:40,330 [ genlib ] [ INFO ] Define atom pair: ARG|NE|N2|N.pl3      - > GLH|OE1|O|O.co2      (d = 0.43 A)
2026-04-23 20:44:40,330 [ genlib ] [ INFO ] Searching order 5
2026-04-23 20:44:40,330 [ genlib ] [ INFO ] Checking atom HE
2026-04-23 20:44:40,330 [ genlib ] [ INFO ] No partner found for atom HE
2026-04-23 20:44:40,330 [ genlib ] [ INFO ] Checking atom CZ
2026-04-23 20:44:40,330 [ genlib ] [ INFO ] No partner found for atom CZ
2026-04-23 20:44:40,330 [ genlib ] [ INFO ] Searching order 6
2026-04-23 20:44:40,330 [ genlib ] [ INFO ] Searching order 7
2026-04-23 20:44:40,330 [ genlib ] [ INFO ] Searching branch 2
2026-04-23 20:44:40,330 [ genlib ] [ INFO ] Searching order 2
2026-04-23 20:44:40,330 [ genlib ] [ INFO ] Searching order 3
2026-04-23 20:44:40,330 [ genlib ] [ INFO ] Searching order 4
2026-04-23 20:44:40,330 [ genlib ] [ INFO ] Checking atom 1HD
2026-04-23 20:44:40,330 [ genlib ] [ INFO ] No partner found for atom 1HD
2026-04-23 20:44:40,330 [ genlib ] [ INFO ] Checking atom 2HD
2026-04-23 20:44:40,330 [ genlib ] [ INFO ] No partner found for atom 2HD
2026-04-23 20:44:40,330 [ genlib ] [ INFO ] Searching order 5
2026-04-23 20:44:40,330 [ genlib ] [ INFO ] Checking atom HE
2026-04-23 20:44:40,330 [ genlib ] [ INFO ] No partner found for atom HE
2026-04-23 20:44:40,330 [ genlib ] [ INFO ] Checking atom CZ
2026-04-23 20:44:40,330 [ genlib ] [ INFO ] No partner found for atom CZ
2026-04-23 20:44:40,330 [ genlib ] [ INFO ] Searching order 6
2026-04-23 20:44:40,330 [ genlib ] [ INFO ] Searching order 7
2026-04-23 20:44:40,331 [ genlib ] [ INFO ] Updating bond lists
2026-04-23 20:44:40,331 [ genlib ] [ INFO ] Updating dihedrals
2026-04-23 20:44:40,331 [ genlib ] [ INFO ] Updating impropers
2026-04-23 20:44:40,332 [ genlib ] [ INFO ] Building library files for ARG --> GLN mutant
2026-04-23 20:44:40,332 [ genlib ] [ INFO ] reading rtp file "aminoacids.rtp"
2026-04-23 20:44:40,369 [ genlib ] [ INFO ] ENTERED SIMPLE
2026-04-23 20:44:40,369 [ genlib ] [ INFO ] Making atom pairs
2026-04-23 20:44:40,369 [ genlib ] [ INFO ] Searching branch 1
2026-04-23 20:44:40,369 [ genlib ] [ INFO ] Searching order 2
2026-04-23 20:44:40,369 [ genlib ] [ INFO ] Checking atom 1HB
2026-04-23 20:44:40,369 [ genlib ] [ INFO ] Define atom pair: ARG|1HB|HC|H         - > GLN|1HB|HC|H         (d = 0.02 A)
2026-04-23 20:44:40,369 [ genlib ] [ INFO ] Checking atom 2HB
2026-04-23 20:44:40,369 [ genlib ] [ INFO ] Define atom pair: ARG|2HB|HC|H         - > GLN|2HB|HC|H         (d = 0.05 A)
2026-04-23 20:44:40,369 [ genlib ] [ INFO ] Checking atom CG
2026-04-23 20:44:40,369 [ genlib ] [ INFO ] Define atom pair: ARG|CG|C8|C.3        - > GLN|CG|2C|C.3        (d = 0.04 A)
2026-04-23 20:44:40,369 [ genlib ] [ INFO ] Searching order 3
2026-04-23 20:44:40,369 [ genlib ] [ INFO ] Checking atom 1HG
2026-04-23 20:44:40,369 [ genlib ] [ INFO ] Define atom pair: ARG|1HG|HC|H         - > GLN|1HG|HC|H         (d = 0.06 A)
2026-04-23 20:44:40,369 [ genlib ] [ INFO ] Checking atom 2HG
2026-04-23 20:44:40,369 [ genlib ] [ INFO ] Define atom pair: ARG|2HG|HC|H         - > GLN|2HG|HC|H         (d = 0.05 A)
2026-04-23 20:44:40,369 [ genlib ] [ INFO ] Checking atom CD
2026-04-23 20:44:40,369 [ genlib ] [ INFO ] Define atom pair: ARG|CD|C8|C.3        - > GLN|CD|C|C.2         (d = 0.04 A)
2026-04-23 20:44:40,369 [ genlib ] [ INFO ] Searching order 4
2026-04-23 20:44:40,369 [ genlib ] [ INFO ] Checking atom 1HD
2026-04-23 20:44:40,369 [ genlib ] [ INFO ] No partner found for atom 1HD
2026-04-23 20:44:40,369 [ genlib ] [ INFO ] Checking atom 2HD
2026-04-23 20:44:40,369 [ genlib ] [ INFO ] No partner found for atom 2HD
2026-04-23 20:44:40,369 [ genlib ] [ INFO ] Checking atom NE
2026-04-23 20:44:40,369 [ genlib ] [ INFO ] Define atom pair: ARG|NE|N2|N.pl3      - > GLN|OE1|O|O.2        (d = 0.27 A)
2026-04-23 20:44:40,369 [ genlib ] [ INFO ] Searching order 5
2026-04-23 20:44:40,369 [ genlib ] [ INFO ] Checking atom HE
2026-04-23 20:44:40,369 [ genlib ] [ INFO ] No partner found for atom HE
2026-04-23 20:44:40,369 [ genlib ] [ INFO ] Checking atom CZ
2026-04-23 20:44:40,369 [ genlib ] [ INFO ] No partner found for atom CZ
2026-04-23 20:44:40,369 [ genlib ] [ INFO ] Searching order 6
2026-04-23 20:44:40,369 [ genlib ] [ INFO ] Searching order 7
2026-04-23 20:44:40,369 [ genlib ] [ INFO ] Searching branch 2
2026-04-23 20:44:40,369 [ genlib ] [ INFO ] Searching order 2
2026-04-23 20:44:40,369 [ genlib ] [ INFO ] Searching order 3
2026-04-23 20:44:40,369 [ genlib ] [ INFO ] Searching order 4
2026-04-23 20:44:40,369 [ genlib ] [ INFO ] Checking atom 1HD
2026-04-23 20:44:40,369 [ genlib ] [ INFO ] No partner found for atom 1HD
2026-04-23 20:44:40,369 [ genlib ] [ INFO ] Checking atom 2HD
2026-04-23 20:44:40,369 [ genlib ] [ INFO ] No partner found for atom 2HD
2026-04-23 20:44:40,369 [ genlib ] [ INFO ] Searching order 5
2026-04-23 20:44:40,369 [ genlib ] [ INFO ] Checking atom HE
2026-04-23 20:44:40,369 [ genlib ] [ INFO ] No partner found for atom HE
2026-04-23 20:44:40,369 [ genlib ] [ INFO ] Checking atom CZ
2026-04-23 20:44:40,369 [ genlib ] [ INFO ] No partner found for atom CZ
2026-04-23 20:44:40,369 [ genlib ] [ INFO ] Searching order 6
2026-04-23 20:44:40,369 [ genlib ] [ INFO ] Searching order 7
2026-04-23 20:44:40,371 [ genlib ] [ INFO ] Updating bond lists
2026-04-23 20:44:40,371 [ genlib ] [ INFO ] Updating dihedrals
2026-04-23 20:44:40,371 [ genlib ] [ INFO ] Updating impropers
2026-04-23 20:44:40,371 [ genlib ] [ INFO ] Building library files for ARG --> GLU mutant
2026-04-23 20:44:40,372 [ genlib ] [ INFO ] reading rtp file "aminoacids.rtp"
2026-04-23 20:44:40,409 [ genlib ] [ INFO ] ENTERED SIMPLE
2026-04-23 20:44:40,409 [ genlib ] [ INFO ] Making atom pairs
2026-04-23 20:44:40,409 [ genlib ] [ INFO ] Searching branch 1
2026-04-23 20:44:40,409 [ genlib ] [ INFO ] Searching order 2
2026-04-23 20:44:40,409 [ genlib ] [ INFO ] Checking atom 1HB
2026-04-23 20:44:40,409 [ genlib ] [ INFO ] Define atom pair: ARG|1HB|HC|H         - > GLU|1HB|HC|H         (d = 0.12 A)
2026-04-23 20:44:40,409 [ genlib ] [ INFO ] Checking atom 2HB
2026-04-23 20:44:40,409 [ genlib ] [ INFO ] Define atom pair: ARG|2HB|HC|H         - > GLU|2HB|HC|H         (d = 0.20 A)
2026-04-23 20:44:40,409 [ genlib ] [ INFO ] Checking atom CG
2026-04-23 20:44:40,409 [ genlib ] [ INFO ] Define atom pair: ARG|CG|C8|C.3        - > GLU|CG|2C|C.3        (d = 0.24 A)
2026-04-23 20:44:40,409 [ genlib ] [ INFO ] Searching order 3
2026-04-23 20:44:40,409 [ genlib ] [ INFO ] Checking atom 1HG
2026-04-23 20:44:40,409 [ genlib ] [ INFO ] Define atom pair: ARG|1HG|HC|H         - > GLU|1HG|HC|H         (d = 0.28 A)
2026-04-23 20:44:40,409 [ genlib ] [ INFO ] Checking atom 2HG
2026-04-23 20:44:40,409 [ genlib ] [ INFO ] Define atom pair: ARG|2HG|HC|H         - > GLU|2HG|HC|H         (d = 0.31 A)
2026-04-23 20:44:40,409 [ genlib ] [ INFO ] Checking atom CD
2026-04-23 20:44:40,409 [ genlib ] [ INFO ] Define atom pair: ARG|CD|C8|C.3        - > GLU|CD|CO|C.2        (d = 0.25 A)
2026-04-23 20:44:40,409 [ genlib ] [ INFO ] Searching order 4
2026-04-23 20:44:40,409 [ genlib ] [ INFO ] Checking atom 1HD
2026-04-23 20:44:40,409 [ genlib ] [ INFO ] No partner found for atom 1HD
2026-04-23 20:44:40,409 [ genlib ] [ INFO ] Checking atom 2HD
2026-04-23 20:44:40,409 [ genlib ] [ INFO ] No partner found for atom 2HD
2026-04-23 20:44:40,409 [ genlib ] [ INFO ] Checking atom NE
2026-04-23 20:44:40,409 [ genlib ] [ INFO ] Define atom pair: ARG|NE|N2|N.pl3      - > GLU|OE1|O2|O.co2     (d = 0.43 A)
2026-04-23 20:44:40,409 [ genlib ] [ INFO ] Searching order 5
2026-04-23 20:44:40,409 [ genlib ] [ INFO ] Checking atom HE
2026-04-23 20:44:40,409 [ genlib ] [ INFO ] No partner found for atom HE
2026-04-23 20:44:40,409 [ genlib ] [ INFO ] Checking atom CZ
2026-04-23 20:44:40,409 [ genlib ] [ INFO ] No partner found for atom CZ
2026-04-23 20:44:40,409 [ genlib ] [ INFO ] Searching order 6
2026-04-23 20:44:40,409 [ genlib ] [ INFO ] Searching order 7
2026-04-23 20:44:40,409 [ genlib ] [ INFO ] Searching branch 2
2026-04-23 20:44:40,409 [ genlib ] [ INFO ] Searching order 2
2026-04-23 20:44:40,409 [ genlib ] [ INFO ] Searching order 3
2026-04-23 20:44:40,409 [ genlib ] [ INFO ] Searching order 4
2026-04-23 20:44:40,409 [ genlib ] [ INFO ] Checking atom 1HD
2026-04-23 20:44:40,409 [ genlib ] [ INFO ] No partner found for atom 1HD
2026-04-23 20:44:40,409 [ genlib ] [ INFO ] Checking atom 2HD
2026-04-23 20:44:40,409 [ genlib ] [ INFO ] No partner found for atom 2HD
2026-04-23 20:44:40,409 [ genlib ] [ INFO ] Searching order 5
2026-04-23 20:44:40,409 [ genlib ] [ INFO ] Checking atom HE
2026-04-23 20:44:40,409 [ genlib ] [ INFO ] No partner found for atom HE
2026-04-23 20:44:40,409 [ genlib ] [ INFO ] Checking atom CZ
2026-04-23 20:44:40,409 [ genlib ] [ INFO ] No partner found for atom CZ
2026-04-23 20:44:40,409 [ genlib ] [ INFO ] Searching order 6
2026-04-23 20:44:40,409 [ genlib ] [ INFO ] Searching order 7
2026-04-23 20:44:40,410 [ genlib ] [ INFO ] Updating bond lists
2026-04-23 20:44:40,410 [ genlib ] [ INFO ] Updating dihedrals
2026-04-23 20:44:40,410 [ genlib ] [ INFO ] Updating impropers
2026-04-23 20:44:40,410 [ genlib ] [ INFO ] Building library files for ARG --> GLY mutant
2026-04-23 20:44:40,411 [ genlib ] [ INFO ] reading rtp file "aminoacids.rtp"
2026-04-23 20:44:40,447 [ genlib ] [ INFO ] ENTERED G
2026-04-23 20:44:40,447 [ genlib ] [ INFO ] Making atom pairs
2026-04-23 20:44:40,448 [ genlib ] [ INFO ] Updating bond lists
2026-04-23 20:44:40,449 [ genlib ] [ INFO ] Updating dihedrals
2026-04-23 20:44:40,449 [ genlib ] [ INFO ] Updating impropers
2026-04-23 20:44:40,449 [ genlib ] [ INFO ] Building library files for ARG --> HID mutant
2026-04-23 20:44:40,450 [ genlib ] [ INFO ] reading rtp file "aminoacids.rtp"
2026-04-23 20:44:40,487 [ genlib ] [ INFO ] ENTERED RINGS
2026-04-23 20:44:40,487 [ genlib ] [ INFO ] Making atom pairs
2026-04-23 20:44:40,490 [ genlib ] [ INFO ] Updating bond lists
2026-04-23 20:44:40,490 [ genlib ] [ INFO ] Updating dihedrals
2026-04-23 20:44:40,490 [ genlib ] [ INFO ] Updating impropers
2026-04-23 20:44:40,491 [ genlib ] [ INFO ] Building library files for ARG --> HIE mutant
2026-04-23 20:44:40,492 [ genlib ] [ INFO ] reading rtp file "aminoacids.rtp"
2026-04-23 20:44:40,528 [ genlib ] [ INFO ] ENTERED RINGS
2026-04-23 20:44:40,528 [ genlib ] [ INFO ] Making atom pairs
2026-04-23 20:44:40,531 [ genlib ] [ INFO ] Updating bond lists
2026-04-23 20:44:40,531 [ genlib ] [ INFO ] Updating dihedrals
2026-04-23 20:44:40,531 [ genlib ] [ INFO ] Updating impropers
2026-04-23 20:44:40,531 [ genlib ] [ INFO ] Building library files for ARG --> HIP mutant
2026-04-23 20:44:40,532 [ genlib ] [ INFO ] reading rtp file "aminoacids.rtp"
2026-04-23 20:44:40,567 [ genlib ] [ INFO ] ENTERED RINGS
2026-04-23 20:44:40,567 [ genlib ] [ INFO ] Making atom pairs
2026-04-23 20:44:40,570 [ genlib ] [ INFO ] Updating bond lists
2026-04-23 20:44:40,571 [ genlib ] [ INFO ] Updating dihedrals
2026-04-23 20:44:40,571 [ genlib ] [ INFO ] Updating impropers
2026-04-23 20:44:40,571 [ genlib ] [ INFO ] Building library files for ARG --> ILE mutant
2026-04-23 20:44:40,572 [ genlib ] [ INFO ] reading rtp file "aminoacids.rtp"
2026-04-23 20:44:40,606 [ genlib ] [ INFO ] ENTERED SIMPLE
2026-04-23 20:44:40,606 [ genlib ] [ INFO ] Making atom pairs
2026-04-23 20:44:40,606 [ genlib ] [ INFO ] Searching branch 1
2026-04-23 20:44:40,606 [ genlib ] [ INFO ] Searching order 2
2026-04-23 20:44:40,606 [ genlib ] [ INFO ] Checking atom 1HB
2026-04-23 20:44:40,606 [ genlib ] [ INFO ] Define atom pair: ARG|1HB|HC|H         - > ILE|HB|HC|H          (d = 0.09 A)
2026-04-23 20:44:40,606 [ genlib ] [ INFO ] Checking atom 2HB
2026-04-23 20:44:40,606 [ genlib ] [ INFO ] Define atom pair: ARG|2HB|HC|H         - > ILE|CG2|CT|C.3       (d = 0.52 A)
2026-04-23 20:44:40,606 [ genlib ] [ INFO ] Checking atom CG
2026-04-23 20:44:40,606 [ genlib ] [ INFO ] Define atom pair: ARG|CG|C8|C.3        - > ILE|CG1|2C|C.3       (d = 0.10 A)
2026-04-23 20:44:40,606 [ genlib ] [ INFO ] Searching order 3
2026-04-23 20:44:40,607 [ genlib ] [ INFO ] Checking atom 1HG
2026-04-23 20:44:40,607 [ genlib ] [ INFO ] Define atom pair: ARG|1HG|HC|H         - > ILE|1HG1|HC|H        (d = 0.12 A)
2026-04-23 20:44:40,607 [ genlib ] [ INFO ] Checking atom 2HG
2026-04-23 20:44:40,607 [ genlib ] [ INFO ] Define atom pair: ARG|2HG|HC|H         - > ILE|2HG1|HC|H        (d = 0.10 A)
2026-04-23 20:44:40,607 [ genlib ] [ INFO ] Checking atom CD
2026-04-23 20:44:40,607 [ genlib ] [ INFO ] Define atom pair: ARG|CD|C8|C.3        - > ILE|CD1|CT|C.3       (d = 0.11 A)
2026-04-23 20:44:40,607 [ genlib ] [ INFO ] Searching order 4
2026-04-23 20:44:40,607 [ genlib ] [ INFO ] Checking atom 1HD
2026-04-23 20:44:40,607 [ genlib ] [ INFO ] Define atom pair: ARG|1HD|H1|H         - > ILE|2HD1|HC|H        (d = 0.10 A)
2026-04-23 20:44:40,607 [ genlib ] [ INFO ] Checking atom 2HD
2026-04-23 20:44:40,607 [ genlib ] [ INFO ] Define atom pair: ARG|2HD|H1|H         - > ILE|3HD1|HC|H        (d = 0.12 A)
2026-04-23 20:44:40,607 [ genlib ] [ INFO ] Checking atom NE
2026-04-23 20:44:40,607 [ genlib ] [ INFO ] Define atom pair: ARG|NE|N2|N.pl3      - > ILE|1HD1|HC|H        (d = 0.42 A)
2026-04-23 20:44:40,607 [ genlib ] [ INFO ] Searching order 5
2026-04-23 20:44:40,607 [ genlib ] [ INFO ] Checking atom HE
2026-04-23 20:44:40,607 [ genlib ] [ INFO ] No partner found for atom HE
2026-04-23 20:44:40,607 [ genlib ] [ INFO ] Checking atom CZ
2026-04-23 20:44:40,607 [ genlib ] [ INFO ] No partner found for atom CZ
2026-04-23 20:44:40,607 [ genlib ] [ INFO ] Searching order 6
2026-04-23 20:44:40,607 [ genlib ] [ INFO ] Searching order 7
2026-04-23 20:44:40,607 [ genlib ] [ INFO ] Searching branch 2
2026-04-23 20:44:40,607 [ genlib ] [ INFO ] Searching order 2
2026-04-23 20:44:40,607 [ genlib ] [ INFO ] Searching order 3
2026-04-23 20:44:40,607 [ genlib ] [ INFO ] Searching order 4
2026-04-23 20:44:40,607 [ genlib ] [ INFO ] Searching order 5
2026-04-23 20:44:40,607 [ genlib ] [ INFO ] Checking atom HE
2026-04-23 20:44:40,607 [ genlib ] [ INFO ] No partner found for atom HE
2026-04-23 20:44:40,607 [ genlib ] [ INFO ] Checking atom CZ
2026-04-23 20:44:40,607 [ genlib ] [ INFO ] No partner found for atom CZ
2026-04-23 20:44:40,607 [ genlib ] [ INFO ] Searching order 6
2026-04-23 20:44:40,607 [ genlib ] [ INFO ] Searching order 7
2026-04-23 20:44:40,608 [ genlib ] [ INFO ] Updating bond lists
2026-04-23 20:44:40,608 [ genlib ] [ INFO ] Updating dihedrals
2026-04-23 20:44:40,608 [ genlib ] [ INFO ] Updating impropers
2026-04-23 20:44:40,609 [ genlib ] [ INFO ] Building library files for ARG --> LEU mutant
2026-04-23 20:44:40,610 [ genlib ] [ INFO ] reading rtp file "aminoacids.rtp"
2026-04-23 20:44:40,644 [ genlib ] [ INFO ] ENTERED SIMPLE
2026-04-23 20:44:40,644 [ genlib ] [ INFO ] Making atom pairs
2026-04-23 20:44:40,644 [ genlib ] [ INFO ] Searching branch 1
2026-04-23 20:44:40,645 [ genlib ] [ INFO ] Searching order 2
2026-04-23 20:44:40,645 [ genlib ] [ INFO ] Checking atom 1HB
2026-04-23 20:44:40,645 [ genlib ] [ INFO ] Define atom pair: ARG|1HB|HC|H         - > LEU|1HB|HC|H         (d = 0.10 A)
2026-04-23 20:44:40,645 [ genlib ] [ INFO ] Checking atom 2HB
2026-04-23 20:44:40,645 [ genlib ] [ INFO ] Define atom pair: ARG|2HB|HC|H         - > LEU|2HB|HC|H         (d = 0.08 A)
2026-04-23 20:44:40,645 [ genlib ] [ INFO ] Checking atom CG
2026-04-23 20:44:40,645 [ genlib ] [ INFO ] Define atom pair: ARG|CG|C8|C.3        - > LEU|CG|3C|C.3        (d = 0.14 A)
2026-04-23 20:44:40,645 [ genlib ] [ INFO ] Searching order 3
2026-04-23 20:44:40,645 [ genlib ] [ INFO ] Checking atom 1HG
2026-04-23 20:44:40,645 [ genlib ] [ INFO ] Define atom pair: ARG|1HG|HC|H         - > LEU|CD2|CT|C.3       (d = 0.48 A)
2026-04-23 20:44:40,645 [ genlib ] [ INFO ] Checking atom 2HG
2026-04-23 20:44:40,645 [ genlib ] [ INFO ] Define atom pair: ARG|2HG|HC|H         - > LEU|HG|HC|H          (d = 0.18 A)
2026-04-23 20:44:40,645 [ genlib ] [ INFO ] Checking atom CD
2026-04-23 20:44:40,645 [ genlib ] [ INFO ] Define atom pair: ARG|CD|C8|C.3        - > LEU|CD1|CT|C.3       (d = 0.16 A)
2026-04-23 20:44:40,645 [ genlib ] [ INFO ] Searching order 4
2026-04-23 20:44:40,645 [ genlib ] [ INFO ] Checking atom 1HD
2026-04-23 20:44:40,645 [ genlib ] [ INFO ] Define atom pair: ARG|1HD|H1|H         - > LEU|2HD1|HC|H        (d = 0.14 A)
2026-04-23 20:44:40,645 [ genlib ] [ INFO ] Checking atom 2HD
2026-04-23 20:44:40,645 [ genlib ] [ INFO ] Define atom pair: ARG|2HD|H1|H         - > LEU|3HD1|HC|H        (d = 0.14 A)
2026-04-23 20:44:40,645 [ genlib ] [ INFO ] Checking atom NE
2026-04-23 20:44:40,645 [ genlib ] [ INFO ] Define atom pair: ARG|NE|N2|N.pl3      - > LEU|1HD1|HC|H        (d = 0.46 A)
2026-04-23 20:44:40,645 [ genlib ] [ INFO ] Searching order 5
2026-04-23 20:44:40,645 [ genlib ] [ INFO ] Checking atom HE
2026-04-23 20:44:40,645 [ genlib ] [ INFO ] No partner found for atom HE
2026-04-23 20:44:40,645 [ genlib ] [ INFO ] Checking atom CZ
2026-04-23 20:44:40,645 [ genlib ] [ INFO ] No partner found for atom CZ
2026-04-23 20:44:40,645 [ genlib ] [ INFO ] Searching order 6
2026-04-23 20:44:40,645 [ genlib ] [ INFO ] Searching order 7
2026-04-23 20:44:40,645 [ genlib ] [ INFO ] Searching branch 2
2026-04-23 20:44:40,645 [ genlib ] [ INFO ] Searching order 2
2026-04-23 20:44:40,645 [ genlib ] [ INFO ] Searching order 3
2026-04-23 20:44:40,645 [ genlib ] [ INFO ] Searching order 4
2026-04-23 20:44:40,645 [ genlib ] [ INFO ] Searching order 5
2026-04-23 20:44:40,645 [ genlib ] [ INFO ] Checking atom HE
2026-04-23 20:44:40,645 [ genlib ] [ INFO ] No partner found for atom HE
2026-04-23 20:44:40,645 [ genlib ] [ INFO ] Checking atom CZ
2026-04-23 20:44:40,645 [ genlib ] [ INFO ] No partner found for atom CZ
2026-04-23 20:44:40,645 [ genlib ] [ INFO ] Searching order 6
2026-04-23 20:44:40,645 [ genlib ] [ INFO ] Searching order 7
2026-04-23 20:44:40,646 [ genlib ] [ INFO ] Updating bond lists
2026-04-23 20:44:40,646 [ genlib ] [ INFO ] Updating dihedrals
2026-04-23 20:44:40,646 [ genlib ] [ INFO ] Updating impropers
2026-04-23 20:44:40,647 [ genlib ] [ INFO ] Building library files for ARG --> LYN mutant
2026-04-23 20:44:40,648 [ genlib ] [ INFO ] reading rtp file "aminoacids.rtp"
2026-04-23 20:44:40,683 [ genlib ] [ INFO ] ENTERED SIMPLE
2026-04-23 20:44:40,683 [ genlib ] [ INFO ] Making atom pairs
2026-04-23 20:44:40,683 [ genlib ] [ INFO ] Searching branch 1
2026-04-23 20:44:40,683 [ genlib ] [ INFO ] Searching order 2
2026-04-23 20:44:40,683 [ genlib ] [ INFO ] Checking atom 1HB
2026-04-23 20:44:40,683 [ genlib ] [ INFO ] Define atom pair: ARG|1HB|HC|H         - > LYN|1HB|HC|H         (d = 0.09 A)
2026-04-23 20:44:40,683 [ genlib ] [ INFO ] Checking atom 2HB
2026-04-23 20:44:40,683 [ genlib ] [ INFO ] Define atom pair: ARG|2HB|HC|H         - > LYN|2HB|HC|H         (d = 0.10 A)
2026-04-23 20:44:40,683 [ genlib ] [ INFO ] Checking atom CG
2026-04-23 20:44:40,683 [ genlib ] [ INFO ] Define atom pair: ARG|CG|C8|C.3        - > LYN|CG|CT|C.3        (d = 0.01 A)
2026-04-23 20:44:40,683 [ genlib ] [ INFO ] Searching order 3
2026-04-23 20:44:40,683 [ genlib ] [ INFO ] Checking atom 1HG
2026-04-23 20:44:40,683 [ genlib ] [ INFO ] Define atom pair: ARG|1HG|HC|H         - > LYN|1HG|HC|H         (d = 0.11 A)
2026-04-23 20:44:40,683 [ genlib ] [ INFO ] Checking atom 2HG
2026-04-23 20:44:40,683 [ genlib ] [ INFO ] Define atom pair: ARG|2HG|HC|H         - > LYN|2HG|HC|H         (d = 0.09 A)
2026-04-23 20:44:40,683 [ genlib ] [ INFO ] Checking atom CD
2026-04-23 20:44:40,683 [ genlib ] [ INFO ] Define atom pair: ARG|CD|C8|C.3        - > LYN|CD|CT|C.3        (d = 0.02 A)
2026-04-23 20:44:40,683 [ genlib ] [ INFO ] Searching order 4
2026-04-23 20:44:40,683 [ genlib ] [ INFO ] Checking atom 1HD
2026-04-23 20:44:40,683 [ genlib ] [ INFO ] Define atom pair: ARG|1HD|H1|H         - > LYN|1HD|HC|H         (d = 0.08 A)
2026-04-23 20:44:40,683 [ genlib ] [ INFO ] Checking atom 2HD
2026-04-23 20:44:40,683 [ genlib ] [ INFO ] Define atom pair: ARG|2HD|H1|H         - > LYN|2HD|HC|H         (d = 0.09 A)
2026-04-23 20:44:40,683 [ genlib ] [ INFO ] Checking atom NE
2026-04-23 20:44:40,683 [ genlib ] [ INFO ] Define atom pair: ARG|NE|N2|N.pl3      - > LYN|CE|CT|C.3        (d = 0.07 A)
2026-04-23 20:44:40,683 [ genlib ] [ INFO ] Searching order 5
2026-04-23 20:44:40,683 [ genlib ] [ INFO ] Checking atom HE
2026-04-23 20:44:40,683 [ genlib ] [ INFO ] No partner found for atom HE
2026-04-23 20:44:40,683 [ genlib ] [ INFO ] Checking atom CZ
2026-04-23 20:44:40,683 [ genlib ] [ INFO ] Define atom pair: ARG|CZ|CA|C.cat      - > LYN|NZ|N3|N.4        (d = 0.41 A)
2026-04-23 20:44:40,683 [ genlib ] [ INFO ] Searching order 6
2026-04-23 20:44:40,683 [ genlib ] [ INFO ] Checking atom NH1
2026-04-23 20:44:40,683 [ genlib ] [ INFO ] Define atom pair: ARG|NH1|N2|N.pl3     - > LYN|1HZ|H|H          (d = 0.52 A)
2026-04-23 20:44:40,683 [ genlib ] [ INFO ] Checking atom NH2
2026-04-23 20:44:40,683 [ genlib ] [ INFO ] No partner found for atom NH2
2026-04-23 20:44:40,683 [ genlib ] [ INFO ] Searching order 7
2026-04-23 20:44:40,683 [ genlib ] [ INFO ] Checking atom 1HH1
2026-04-23 20:44:40,683 [ genlib ] [ INFO ] No partner found for atom 1HH1
2026-04-23 20:44:40,683 [ genlib ] [ INFO ] Checking atom 2HH1
2026-04-23 20:44:40,683 [ genlib ] [ INFO ] No partner found for atom 2HH1
2026-04-23 20:44:40,683 [ genlib ] [ INFO ] Searching branch 2
2026-04-23 20:44:40,683 [ genlib ] [ INFO ] Searching order 2
2026-04-23 20:44:40,683 [ genlib ] [ INFO ] Searching order 3
2026-04-23 20:44:40,683 [ genlib ] [ INFO ] Searching order 4
2026-04-23 20:44:40,683 [ genlib ] [ INFO ] Searching order 5
2026-04-23 20:44:40,683 [ genlib ] [ INFO ] Checking atom HE
2026-04-23 20:44:40,683 [ genlib ] [ INFO ] No partner found for atom HE
2026-04-23 20:44:40,683 [ genlib ] [ INFO ] Searching order 6
2026-04-23 20:44:40,683 [ genlib ] [ INFO ] Checking atom NH2
2026-04-23 20:44:40,683 [ genlib ] [ INFO ] No partner found for atom NH2
2026-04-23 20:44:40,683 [ genlib ] [ INFO ] Searching order 7
2026-04-23 20:44:40,683 [ genlib ] [ INFO ] Checking atom 1HH1
2026-04-23 20:44:40,683 [ genlib ] [ INFO ] No partner found for atom 1HH1
2026-04-23 20:44:40,683 [ genlib ] [ INFO ] Checking atom 2HH1
2026-04-23 20:44:40,683 [ genlib ] [ INFO ] No partner found for atom 2HH1
2026-04-23 20:44:40,685 [ genlib ] [ INFO ] Updating bond lists
2026-04-23 20:44:40,685 [ genlib ] [ INFO ] Updating dihedrals
2026-04-23 20:44:40,685 [ genlib ] [ INFO ] Updating impropers
2026-04-23 20:44:40,685 [ genlib ] [ INFO ] Building library files for ARG --> LYS mutant
2026-04-23 20:44:40,686 [ genlib ] [ INFO ] reading rtp file "aminoacids.rtp"
2026-04-23 20:44:40,721 [ genlib ] [ INFO ] ENTERED SIMPLE
2026-04-23 20:44:40,721 [ genlib ] [ INFO ] Making atom pairs
2026-04-23 20:44:40,721 [ genlib ] [ INFO ] Searching branch 1
2026-04-23 20:44:40,721 [ genlib ] [ INFO ] Searching order 2
2026-04-23 20:44:40,721 [ genlib ] [ INFO ] Checking atom 1HB
2026-04-23 20:44:40,721 [ genlib ] [ INFO ] Define atom pair: ARG|1HB|HC|H         - > LYS|1HB|HC|H         (d = 0.00 A)
2026-04-23 20:44:40,721 [ genlib ] [ INFO ] Checking atom 2HB
2026-04-23 20:44:40,721 [ genlib ] [ INFO ] Define atom pair: ARG|2HB|HC|H         - > LYS|2HB|HC|H         (d = 0.01 A)
2026-04-23 20:44:40,721 [ genlib ] [ INFO ] Checking atom CG
2026-04-23 20:44:40,721 [ genlib ] [ INFO ] Define atom pair: ARG|CG|C8|C.3        - > LYS|CG|C8|C.3        (d = 0.01 A)
2026-04-23 20:44:40,721 [ genlib ] [ INFO ] Searching order 3
2026-04-23 20:44:40,721 [ genlib ] [ INFO ] Checking atom 1HG
2026-04-23 20:44:40,721 [ genlib ] [ INFO ] Define atom pair: ARG|1HG|HC|H         - > LYS|1HG|HC|H         (d = 0.00 A)
2026-04-23 20:44:40,721 [ genlib ] [ INFO ] Checking atom 2HG
2026-04-23 20:44:40,721 [ genlib ] [ INFO ] Define atom pair: ARG|2HG|HC|H         - > LYS|2HG|HC|H         (d = 0.02 A)
2026-04-23 20:44:40,721 [ genlib ] [ INFO ] Checking atom CD
2026-04-23 20:44:40,721 [ genlib ] [ INFO ] Define atom pair: ARG|CD|C8|C.3        - > LYS|CD|C8|C.3        (d = 0.02 A)
2026-04-23 20:44:40,721 [ genlib ] [ INFO ] Searching order 4
2026-04-23 20:44:40,721 [ genlib ] [ INFO ] Checking atom 1HD
2026-04-23 20:44:40,721 [ genlib ] [ INFO ] Define atom pair: ARG|1HD|H1|H         - > LYS|1HD|HC|H         (d = 0.02 A)
2026-04-23 20:44:40,721 [ genlib ] [ INFO ] Checking atom 2HD
2026-04-23 20:44:40,721 [ genlib ] [ INFO ] Define atom pair: ARG|2HD|H1|H         - > LYS|2HD|HC|H         (d = 0.02 A)
2026-04-23 20:44:40,721 [ genlib ] [ INFO ] Checking atom NE
2026-04-23 20:44:40,721 [ genlib ] [ INFO ] Define atom pair: ARG|NE|N2|N.pl3      - > LYS|CE|C8|C.3        (d = 0.08 A)
2026-04-23 20:44:40,721 [ genlib ] [ INFO ] Searching order 5
2026-04-23 20:44:40,721 [ genlib ] [ INFO ] Checking atom HE
2026-04-23 20:44:40,721 [ genlib ] [ INFO ] No partner found for atom HE
2026-04-23 20:44:40,721 [ genlib ] [ INFO ] Checking atom CZ
2026-04-23 20:44:40,721 [ genlib ] [ INFO ] Define atom pair: ARG|CZ|CA|C.cat      - > LYS|NZ|N3|N.4        (d = 0.35 A)
2026-04-23 20:44:40,721 [ genlib ] [ INFO ] Searching order 6
2026-04-23 20:44:40,721 [ genlib ] [ INFO ] Checking atom NH1
2026-04-23 20:44:40,721 [ genlib ] [ INFO ] Define atom pair: ARG|NH1|N2|N.pl3     - > LYS|1HZ|H|H          (d = 0.51 A)
2026-04-23 20:44:40,721 [ genlib ] [ INFO ] Checking atom NH2
2026-04-23 20:44:40,721 [ genlib ] [ INFO ] No partner found for atom NH2
2026-04-23 20:44:40,721 [ genlib ] [ INFO ] Searching order 7
2026-04-23 20:44:40,721 [ genlib ] [ INFO ] Checking atom 1HH1
2026-04-23 20:44:40,721 [ genlib ] [ INFO ] No partner found for atom 1HH1
2026-04-23 20:44:40,721 [ genlib ] [ INFO ] Checking atom 2HH1
2026-04-23 20:44:40,721 [ genlib ] [ INFO ] No partner found for atom 2HH1
2026-04-23 20:44:40,721 [ genlib ] [ INFO ] Searching branch 2
2026-04-23 20:44:40,721 [ genlib ] [ INFO ] Searching order 2
2026-04-23 20:44:40,721 [ genlib ] [ INFO ] Searching order 3
2026-04-23 20:44:40,721 [ genlib ] [ INFO ] Searching order 4
2026-04-23 20:44:40,721 [ genlib ] [ INFO ] Searching order 5
2026-04-23 20:44:40,721 [ genlib ] [ INFO ] Checking atom HE
2026-04-23 20:44:40,721 [ genlib ] [ INFO ] No partner found for atom HE
2026-04-23 20:44:40,721 [ genlib ] [ INFO ] Searching order 6
2026-04-23 20:44:40,721 [ genlib ] [ INFO ] Checking atom NH2
2026-04-23 20:44:40,721 [ genlib ] [ INFO ] No partner found for atom NH2
2026-04-23 20:44:40,721 [ genlib ] [ INFO ] Searching order 7
2026-04-23 20:44:40,721 [ genlib ] [ INFO ] Checking atom 1HH1
2026-04-23 20:44:40,721 [ genlib ] [ INFO ] No partner found for atom 1HH1
2026-04-23 20:44:40,721 [ genlib ] [ INFO ] Checking atom 2HH1
2026-04-23 20:44:40,721 [ genlib ] [ INFO ] No partner found for atom 2HH1
2026-04-23 20:44:40,723 [ genlib ] [ INFO ] Updating bond lists
2026-04-23 20:44:40,723 [ genlib ] [ INFO ] Updating dihedrals
2026-04-23 20:44:40,723 [ genlib ] [ INFO ] Updating impropers
2026-04-23 20:44:40,724 [ genlib ] [ INFO ] Building library files for ARG --> MET mutant
2026-04-23 20:44:40,725 [ genlib ] [ INFO ] reading rtp file "aminoacids.rtp"
2026-04-23 20:44:40,760 [ genlib ] [ INFO ] ENTERED SIMPLE
2026-04-23 20:44:40,760 [ genlib ] [ INFO ] Making atom pairs
2026-04-23 20:44:40,760 [ genlib ] [ INFO ] Searching branch 1
2026-04-23 20:44:40,760 [ genlib ] [ INFO ] Searching order 2
2026-04-23 20:44:40,760 [ genlib ] [ INFO ] Checking atom 1HB
2026-04-23 20:44:40,760 [ genlib ] [ INFO ] Define atom pair: ARG|1HB|HC|H         - > MET|1HB|HC|H         (d = 0.07 A)
2026-04-23 20:44:40,760 [ genlib ] [ INFO ] Checking atom 2HB
2026-04-23 20:44:40,760 [ genlib ] [ INFO ] Define atom pair: ARG|2HB|HC|H         - > MET|2HB|HC|H         (d = 0.03 A)
2026-04-23 20:44:40,760 [ genlib ] [ INFO ] Checking atom CG
2026-04-23 20:44:40,760 [ genlib ] [ INFO ] Define atom pair: ARG|CG|C8|C.3        - > MET|CG|2C|C.3        (d = 0.06 A)
2026-04-23 20:44:40,760 [ genlib ] [ INFO ] Searching order 3
2026-04-23 20:44:40,760 [ genlib ] [ INFO ] Checking atom 1HG
2026-04-23 20:44:40,760 [ genlib ] [ INFO ] Define atom pair: ARG|1HG|HC|H         - > MET|1HG|H1|H         (d = 0.05 A)
2026-04-23 20:44:40,760 [ genlib ] [ INFO ] Checking atom 2HG
2026-04-23 20:44:40,760 [ genlib ] [ INFO ] Define atom pair: ARG|2HG|HC|H         - > MET|2HG|H1|H         (d = 0.06 A)
2026-04-23 20:44:40,760 [ genlib ] [ INFO ] Checking atom CD
2026-04-23 20:44:40,760 [ genlib ] [ INFO ] Define atom pair: ARG|CD|C8|C.3        - > MET|SD|S|S.3         (d = 0.23 A)
2026-04-23 20:44:40,760 [ genlib ] [ INFO ] Searching order 4
2026-04-23 20:44:40,760 [ genlib ] [ INFO ] Checking atom 1HD
2026-04-23 20:44:40,760 [ genlib ] [ INFO ] No partner found for atom 1HD
2026-04-23 20:44:40,760 [ genlib ] [ INFO ] Checking atom 2HD
2026-04-23 20:44:40,760 [ genlib ] [ INFO ] No partner found for atom 2HD
2026-04-23 20:44:40,760 [ genlib ] [ INFO ] Checking atom NE
2026-04-23 20:44:40,760 [ genlib ] [ INFO ] Define atom pair: ARG|NE|N2|N.pl3      - > MET|CE|CT|C.3        (d = 0.53 A)
2026-04-23 20:44:40,760 [ genlib ] [ INFO ] Searching order 5
2026-04-23 20:44:40,760 [ genlib ] [ INFO ] Checking atom HE
2026-04-23 20:44:40,760 [ genlib ] [ INFO ] No partner found for atom HE
2026-04-23 20:44:40,760 [ genlib ] [ INFO ] Checking atom CZ
2026-04-23 20:44:40,760 [ genlib ] [ INFO ] No partner found for atom CZ
2026-04-23 20:44:40,760 [ genlib ] [ INFO ] Searching order 6
2026-04-23 20:44:40,760 [ genlib ] [ INFO ] Searching order 7
2026-04-23 20:44:40,760 [ genlib ] [ INFO ] Searching branch 2
2026-04-23 20:44:40,760 [ genlib ] [ INFO ] Searching order 2
2026-04-23 20:44:40,760 [ genlib ] [ INFO ] Searching order 3
2026-04-23 20:44:40,760 [ genlib ] [ INFO ] Searching order 4
2026-04-23 20:44:40,760 [ genlib ] [ INFO ] Checking atom 1HD
2026-04-23 20:44:40,760 [ genlib ] [ INFO ] No partner found for atom 1HD
2026-04-23 20:44:40,760 [ genlib ] [ INFO ] Checking atom 2HD
2026-04-23 20:44:40,760 [ genlib ] [ INFO ] No partner found for atom 2HD
2026-04-23 20:44:40,760 [ genlib ] [ INFO ] Searching order 5
2026-04-23 20:44:40,760 [ genlib ] [ INFO ] Checking atom HE
2026-04-23 20:44:40,760 [ genlib ] [ INFO ] No partner found for atom HE
2026-04-23 20:44:40,760 [ genlib ] [ INFO ] Checking atom CZ
2026-04-23 20:44:40,760 [ genlib ] [ INFO ] No partner found for atom CZ
2026-04-23 20:44:40,760 [ genlib ] [ INFO ] Searching order 6
2026-04-23 20:44:40,760 [ genlib ] [ INFO ] Searching order 7
2026-04-23 20:44:40,762 [ genlib ] [ INFO ] Updating bond lists
2026-04-23 20:44:40,762 [ genlib ] [ INFO ] Updating dihedrals
2026-04-23 20:44:40,762 [ genlib ] [ INFO ] Updating impropers
2026-04-23 20:44:40,762 [ genlib ] [ INFO ] Building library files for ARG --> PHE mutant
2026-04-23 20:44:40,763 [ genlib ] [ INFO ] reading rtp file "aminoacids.rtp"
2026-04-23 20:44:40,798 [ genlib ] [ INFO ] ENTERED RINGS
2026-04-23 20:44:40,798 [ genlib ] [ INFO ] Making atom pairs
2026-04-23 20:44:40,803 [ genlib ] [ INFO ] Updating bond lists
2026-04-23 20:44:40,803 [ genlib ] [ INFO ] Updating dihedrals
2026-04-23 20:44:40,803 [ genlib ] [ INFO ] Updating impropers
2026-04-23 20:44:40,804 [ genlib ] [ INFO ] Building library files for ARG --> PRO mutant
2026-04-23 20:44:40,804 [ genlib ] [ INFO ] reading rtp file "aminoacids.rtp"
2026-04-23 20:44:40,840 [ genlib ] [ INFO ] ENTERED P
2026-04-23 20:44:40,840 [ genlib ] [ INFO ] Making atom pairs
2026-04-23 20:44:40,843 [ genlib ] [ INFO ] Updating bond lists
2026-04-23 20:44:40,843 [ genlib ] [ INFO ] Updating dihedrals
2026-04-23 20:44:40,843 [ genlib ] [ INFO ] Updating impropers
2026-04-23 20:44:40,844 [ genlib ] [ INFO ] Building library files for ARG --> SER mutant
2026-04-23 20:44:40,845 [ genlib ] [ INFO ] reading rtp file "aminoacids.rtp"
2026-04-23 20:44:40,880 [ genlib ] [ INFO ] ENTERED SIMPLE
2026-04-23 20:44:40,880 [ genlib ] [ INFO ] Making atom pairs
2026-04-23 20:44:40,880 [ genlib ] [ INFO ] Searching branch 1
2026-04-23 20:44:40,880 [ genlib ] [ INFO ] Searching order 2
2026-04-23 20:44:40,880 [ genlib ] [ INFO ] Checking atom 1HB
2026-04-23 20:44:40,880 [ genlib ] [ INFO ] Define atom pair: ARG|1HB|HC|H         - > SER|1HB|H1|H         (d = 0.07 A)
2026-04-23 20:44:40,880 [ genlib ] [ INFO ] Checking atom 2HB
2026-04-23 20:44:40,880 [ genlib ] [ INFO ] Define atom pair: ARG|2HB|HC|H         - > SER|2HB|H1|H         (d = 0.10 A)
2026-04-23 20:44:40,880 [ genlib ] [ INFO ] Checking atom CG
2026-04-23 20:44:40,880 [ genlib ] [ INFO ] Define atom pair: ARG|CG|C8|C.3        - > SER|OG|OH|O.3        (d = 0.22 A)
2026-04-23 20:44:40,880 [ genlib ] [ INFO ] Searching order 3
2026-04-23 20:44:40,880 [ genlib ] [ INFO ] Checking atom 1HG
2026-04-23 20:44:40,880 [ genlib ] [ INFO ] No partner found for atom 1HG
2026-04-23 20:44:40,881 [ genlib ] [ INFO ] Checking atom 2HG
2026-04-23 20:44:40,881 [ genlib ] [ INFO ] No partner found for atom 2HG
2026-04-23 20:44:40,881 [ genlib ] [ INFO ] Checking atom CD
2026-04-23 20:44:40,881 [ genlib ] [ INFO ] No partner found for atom CD
2026-04-23 20:44:40,881 [ genlib ] [ INFO ] Searching order 4
2026-04-23 20:44:40,881 [ genlib ] [ INFO ] Searching order 5
2026-04-23 20:44:40,881 [ genlib ] [ INFO ] Searching order 6
2026-04-23 20:44:40,881 [ genlib ] [ INFO ] Searching order 7
2026-04-23 20:44:40,881 [ genlib ] [ INFO ] Searching branch 2
2026-04-23 20:44:40,881 [ genlib ] [ INFO ] Searching order 2
2026-04-23 20:44:40,881 [ genlib ] [ INFO ] Searching order 3
2026-04-23 20:44:40,881 [ genlib ] [ INFO ] Checking atom 1HG
2026-04-23 20:44:40,881 [ genlib ] [ INFO ] No partner found for atom 1HG
2026-04-23 20:44:40,881 [ genlib ] [ INFO ] Checking atom 2HG
2026-04-23 20:44:40,881 [ genlib ] [ INFO ] No partner found for atom 2HG
2026-04-23 20:44:40,881 [ genlib ] [ INFO ] Checking atom CD
2026-04-23 20:44:40,881 [ genlib ] [ INFO ] No partner found for atom CD
2026-04-23 20:44:40,881 [ genlib ] [ INFO ] Searching order 4
2026-04-23 20:44:40,881 [ genlib ] [ INFO ] Searching order 5
2026-04-23 20:44:40,881 [ genlib ] [ INFO ] Searching order 6
2026-04-23 20:44:40,881 [ genlib ] [ INFO ] Searching order 7
2026-04-23 20:44:40,881 [ genlib ] [ INFO ] Updating bond lists
2026-04-23 20:44:40,882 [ genlib ] [ INFO ] Updating dihedrals
2026-04-23 20:44:40,882 [ genlib ] [ INFO ] Updating impropers
2026-04-23 20:44:40,882 [ genlib ] [ INFO ] Building library files for ARG --> THR mutant
2026-04-23 20:44:40,883 [ genlib ] [ INFO ] reading rtp file "aminoacids.rtp"
2026-04-23 20:44:40,919 [ genlib ] [ INFO ] ENTERED SIMPLE
2026-04-23 20:44:40,919 [ genlib ] [ INFO ] Making atom pairs
2026-04-23 20:44:40,919 [ genlib ] [ INFO ] Searching branch 1
2026-04-23 20:44:40,919 [ genlib ] [ INFO ] Searching order 2
2026-04-23 20:44:40,919 [ genlib ] [ INFO ] Checking atom 1HB
2026-04-23 20:44:40,919 [ genlib ] [ INFO ] Define atom pair: ARG|1HB|HC|H         - > THR|HB|H1|H          (d = 0.03 A)
2026-04-23 20:44:40,919 [ genlib ] [ INFO ] Checking atom 2HB
2026-04-23 20:44:40,919 [ genlib ] [ INFO ] Define atom pair: ARG|2HB|HC|H         - > THR|CG2|CT|C.3       (d = 0.48 A)
2026-04-23 20:44:40,919 [ genlib ] [ INFO ] Checking atom CG
2026-04-23 20:44:40,919 [ genlib ] [ INFO ] Define atom pair: ARG|CG|C8|C.3        - > THR|OG1|OH|O.3       (d = 0.20 A)
2026-04-23 20:44:40,919 [ genlib ] [ INFO ] Searching order 3
2026-04-23 20:44:40,919 [ genlib ] [ INFO ] Checking atom 1HG
2026-04-23 20:44:40,919 [ genlib ] [ INFO ] No partner found for atom 1HG
2026-04-23 20:44:40,919 [ genlib ] [ INFO ] Checking atom 2HG
2026-04-23 20:44:40,919 [ genlib ] [ INFO ] No partner found for atom 2HG
2026-04-23 20:44:40,919 [ genlib ] [ INFO ] Checking atom CD
2026-04-23 20:44:40,919 [ genlib ] [ INFO ] No partner found for atom CD
2026-04-23 20:44:40,919 [ genlib ] [ INFO ] Searching order 4
2026-04-23 20:44:40,919 [ genlib ] [ INFO ] Searching order 5
2026-04-23 20:44:40,919 [ genlib ] [ INFO ] Searching order 6
2026-04-23 20:44:40,919 [ genlib ] [ INFO ] Searching order 7
2026-04-23 20:44:40,919 [ genlib ] [ INFO ] Searching branch 2
2026-04-23 20:44:40,919 [ genlib ] [ INFO ] Searching order 2
2026-04-23 20:44:40,919 [ genlib ] [ INFO ] Searching order 3
2026-04-23 20:44:40,919 [ genlib ] [ INFO ] Checking atom 1HG
2026-04-23 20:44:40,919 [ genlib ] [ INFO ] No partner found for atom 1HG
2026-04-23 20:44:40,919 [ genlib ] [ INFO ] Checking atom 2HG
2026-04-23 20:44:40,919 [ genlib ] [ INFO ] No partner found for atom 2HG
2026-04-23 20:44:40,919 [ genlib ] [ INFO ] Checking atom CD
2026-04-23 20:44:40,919 [ genlib ] [ INFO ] No partner found for atom CD
2026-04-23 20:44:40,919 [ genlib ] [ INFO ] Searching order 4
2026-04-23 20:44:40,919 [ genlib ] [ INFO ] Searching order 5
2026-04-23 20:44:40,919 [ genlib ] [ INFO ] Searching order 6
2026-04-23 20:44:40,919 [ genlib ] [ INFO ] Searching order 7
2026-04-23 20:44:40,921 [ genlib ] [ INFO ] Updating bond lists
2026-04-23 20:44:40,921 [ genlib ] [ INFO ] Updating dihedrals
2026-04-23 20:44:40,921 [ genlib ] [ INFO ] Updating impropers
2026-04-23 20:44:40,921 [ genlib ] [ INFO ] Building library files for ARG --> TRP mutant
2026-04-23 20:44:40,922 [ genlib ] [ INFO ] reading rtp file "aminoacids.rtp"
2026-04-23 20:44:40,959 [ genlib ] [ INFO ] ENTERED RINGS
2026-04-23 20:44:40,959 [ genlib ] [ INFO ] Making atom pairs
2026-04-23 20:44:40,967 [ genlib ] [ INFO ] Updating bond lists
2026-04-23 20:44:40,967 [ genlib ] [ INFO ] Updating dihedrals
2026-04-23 20:44:40,967 [ genlib ] [ INFO ] Updating impropers
2026-04-23 20:44:40,968 [ genlib ] [ INFO ] Building library files for ARG --> TYR mutant
2026-04-23 20:44:40,969 [ genlib ] [ INFO ] reading rtp file "aminoacids.rtp"
2026-04-23 20:44:41,020 [ genlib ] [ INFO ] ENTERED RINGS
2026-04-23 20:44:41,020 [ genlib ] [ INFO ] Making atom pairs
2026-04-23 20:44:41,026 [ genlib ] [ INFO ] Updating bond lists
2026-04-23 20:44:41,026 [ genlib ] [ INFO ] Updating dihedrals
2026-04-23 20:44:41,026 [ genlib ] [ INFO ] Updating impropers
2026-04-23 20:44:41,026 [ genlib ] [ INFO ] Building library files for ARG --> VAL mutant
2026-04-23 20:44:41,027 [ genlib ] [ INFO ] reading rtp file "aminoacids.rtp"
2026-04-23 20:44:41,063 [ genlib ] [ INFO ] ENTERED SIMPLE
2026-04-23 20:44:41,063 [ genlib ] [ INFO ] Making atom pairs
2026-04-23 20:44:41,063 [ genlib ] [ INFO ] Searching branch 1
2026-04-23 20:44:41,063 [ genlib ] [ INFO ] Searching order 2
2026-04-23 20:44:41,063 [ genlib ] [ INFO ] Checking atom 1HB
2026-04-23 20:44:41,063 [ genlib ] [ INFO ] Define atom pair: ARG|1HB|HC|H         - > VAL|HB|HC|H          (d = 0.03 A)
2026-04-23 20:44:41,063 [ genlib ] [ INFO ] Checking atom 2HB
2026-04-23 20:44:41,063 [ genlib ] [ INFO ] Define atom pair: ARG|2HB|HC|H         - > VAL|CG1|CT|C.3       (d = 0.55 A)
2026-04-23 20:44:41,063 [ genlib ] [ INFO ] Checking atom CG
2026-04-23 20:44:41,063 [ genlib ] [ INFO ] Define atom pair: ARG|CG|C8|C.3        - > VAL|CG2|CT|C.3       (d = 0.13 A)
2026-04-23 20:44:41,063 [ genlib ] [ INFO ] Searching order 3
2026-04-23 20:44:41,063 [ genlib ] [ INFO ] Checking atom 1HG
2026-04-23 20:44:41,063 [ genlib ] [ INFO ] Define atom pair: ARG|1HG|HC|H         - > VAL|2HG2|HC|H        (d = 0.15 A)
2026-04-23 20:44:41,063 [ genlib ] [ INFO ] Checking atom 2HG
2026-04-23 20:44:41,063 [ genlib ] [ INFO ] Define atom pair: ARG|2HG|HC|H         - > VAL|3HG2|HC|H        (d = 0.20 A)
2026-04-23 20:44:41,063 [ genlib ] [ INFO ] Checking atom CD
2026-04-23 20:44:41,063 [ genlib ] [ INFO ] Define atom pair: ARG|CD|C8|C.3        - > VAL|1HG2|HC|H        (d = 0.46 A)
2026-04-23 20:44:41,063 [ genlib ] [ INFO ] Searching order 4
2026-04-23 20:44:41,063 [ genlib ] [ INFO ] Checking atom 1HD
2026-04-23 20:44:41,063 [ genlib ] [ INFO ] No partner found for atom 1HD
2026-04-23 20:44:41,063 [ genlib ] [ INFO ] Checking atom 2HD
2026-04-23 20:44:41,063 [ genlib ] [ INFO ] No partner found for atom 2HD
2026-04-23 20:44:41,063 [ genlib ] [ INFO ] Checking atom NE
2026-04-23 20:44:41,063 [ genlib ] [ INFO ] No partner found for atom NE
2026-04-23 20:44:41,063 [ genlib ] [ INFO ] Searching order 5
2026-04-23 20:44:41,063 [ genlib ] [ INFO ] Searching order 6
2026-04-23 20:44:41,063 [ genlib ] [ INFO ] Searching order 7
2026-04-23 20:44:41,063 [ genlib ] [ INFO ] Searching branch 2
2026-04-23 20:44:41,063 [ genlib ] [ INFO ] Searching order 2
2026-04-23 20:44:41,063 [ genlib ] [ INFO ] Searching order 3
2026-04-23 20:44:41,063 [ genlib ] [ INFO ] Searching order 4
2026-04-23 20:44:41,063 [ genlib ] [ INFO ] Checking atom 1HD
2026-04-23 20:44:41,063 [ genlib ] [ INFO ] No partner found for atom 1HD
2026-04-23 20:44:41,063 [ genlib ] [ INFO ] Checking atom 2HD
2026-04-23 20:44:41,063 [ genlib ] [ INFO ] No partner found for atom 2HD
2026-04-23 20:44:41,063 [ genlib ] [ INFO ] Checking atom NE
2026-04-23 20:44:41,063 [ genlib ] [ INFO ] No partner found for atom NE
2026-04-23 20:44:41,064 [ genlib ] [ INFO ] Searching order 5
2026-04-23 20:44:41,064 [ genlib ] [ INFO ] Searching order 6
2026-04-23 20:44:41,064 [ genlib ] [ INFO ] Searching order 7
2026-04-23 20:44:41,065 [ genlib ] [ INFO ] Updating bond lists
2026-04-23 20:44:41,065 [ genlib ] [ INFO ] Updating dihedrals
2026-04-23 20:44:41,065 [ genlib ] [ INFO ] Updating impropers
2026-04-23 20:44:41,066 [ genlib ] [ INFO ] Building library files for ASH --> ALA mutant
2026-04-23 20:44:41,066 [ genlib ] [ INFO ] reading rtp file "aminoacids.rtp"
2026-04-23 20:44:41,102 [ genlib ] [ INFO ] ENTERED SIMPLE
2026-04-23 20:44:41,102 [ genlib ] [ INFO ] Making atom pairs
2026-04-23 20:44:41,102 [ genlib ] [ INFO ] Searching branch 1
2026-04-23 20:44:41,102 [ genlib ] [ INFO ] Searching order 2
2026-04-23 20:44:41,102 [ genlib ] [ INFO ] Checking atom 1HB
2026-04-23 20:44:41,103 [ genlib ] [ INFO ] Define atom pair: ASH|1HB|HC|H         - > ALA|2HB|HC|H         (d = 0.12 A)
2026-04-23 20:44:41,103 [ genlib ] [ INFO ] Checking atom 2HB
2026-04-23 20:44:41,103 [ genlib ] [ INFO ] Define atom pair: ASH|2HB|HC|H         - > ALA|3HB|HC|H         (d = 0.14 A)
2026-04-23 20:44:41,103 [ genlib ] [ INFO ] Checking atom CG
2026-04-23 20:44:41,103 [ genlib ] [ INFO ] Define atom pair: ASH|CG|C|C.2         - > ALA|1HB|HC|H         (d = 0.49 A)
2026-04-23 20:44:41,103 [ genlib ] [ INFO ] Searching order 3
2026-04-23 20:44:41,103 [ genlib ] [ INFO ] Checking atom OD1
2026-04-23 20:44:41,103 [ genlib ] [ INFO ] No partner found for atom OD1
2026-04-23 20:44:41,103 [ genlib ] [ INFO ] Checking atom OD2
2026-04-23 20:44:41,103 [ genlib ] [ INFO ] No partner found for atom OD2
2026-04-23 20:44:41,103 [ genlib ] [ INFO ] Searching order 4
2026-04-23 20:44:41,103 [ genlib ] [ INFO ] Searching order 5
2026-04-23 20:44:41,103 [ genlib ] [ INFO ] Searching order 6
2026-04-23 20:44:41,103 [ genlib ] [ INFO ] Searching order 7
2026-04-23 20:44:41,103 [ genlib ] [ INFO ] Searching branch 2
2026-04-23 20:44:41,103 [ genlib ] [ INFO ] Searching order 2
2026-04-23 20:44:41,103 [ genlib ] [ INFO ] Searching order 3
2026-04-23 20:44:41,103 [ genlib ] [ INFO ] Checking atom OD1
2026-04-23 20:44:41,103 [ genlib ] [ INFO ] No partner found for atom OD1
2026-04-23 20:44:41,103 [ genlib ] [ INFO ] Checking atom OD2
2026-04-23 20:44:41,103 [ genlib ] [ INFO ] No partner found for atom OD2
2026-04-23 20:44:41,103 [ genlib ] [ INFO ] Searching order 4
2026-04-23 20:44:41,103 [ genlib ] [ INFO ] Searching order 5
2026-04-23 20:44:41,103 [ genlib ] [ INFO ] Searching order 6
2026-04-23 20:44:41,103 [ genlib ] [ INFO ] Searching order 7
2026-04-23 20:44:41,103 [ genlib ] [ INFO ] Updating bond lists
2026-04-23 20:44:41,103 [ genlib ] [ INFO ] Updating dihedrals
2026-04-23 20:44:41,103 [ genlib ] [ INFO ] Updating impropers
2026-04-23 20:44:41,104 [ genlib ] [ INFO ] Building library files for ASH --> ARG mutant
2026-04-23 20:44:41,105 [ genlib ] [ INFO ] reading rtp file "aminoacids.rtp"
2026-04-23 20:44:41,141 [ genlib ] [ INFO ] ENTERED SIMPLE
2026-04-23 20:44:41,141 [ genlib ] [ INFO ] Making atom pairs
2026-04-23 20:44:41,141 [ genlib ] [ INFO ] Searching branch 1
2026-04-23 20:44:41,141 [ genlib ] [ INFO ] Searching order 2
2026-04-23 20:44:41,142 [ genlib ] [ INFO ] Checking atom 1HB
2026-04-23 20:44:41,142 [ genlib ] [ INFO ] Define atom pair: ASH|1HB|HC|H         - > ARG|1HB|HC|H         (d = 0.16 A)
2026-04-23 20:44:41,142 [ genlib ] [ INFO ] Checking atom 2HB
2026-04-23 20:44:41,142 [ genlib ] [ INFO ] Define atom pair: ASH|2HB|HC|H         - > ARG|2HB|HC|H         (d = 0.19 A)
2026-04-23 20:44:41,142 [ genlib ] [ INFO ] Checking atom CG
2026-04-23 20:44:41,142 [ genlib ] [ INFO ] Define atom pair: ASH|CG|C|C.2         - > ARG|CG|C8|C.3        (d = 0.18 A)
2026-04-23 20:44:41,142 [ genlib ] [ INFO ] Searching order 3
2026-04-23 20:44:41,142 [ genlib ] [ INFO ] Checking atom OD1
2026-04-23 20:44:41,142 [ genlib ] [ INFO ] Define atom pair: ASH|OD1|O|O.co2      - > ARG|CD|C8|C.3        (d = 0.17 A)
2026-04-23 20:44:41,142 [ genlib ] [ INFO ] Checking atom OD2
2026-04-23 20:44:41,142 [ genlib ] [ INFO ] No partner found for atom OD2
2026-04-23 20:44:41,142 [ genlib ] [ INFO ] Searching order 4
2026-04-23 20:44:41,142 [ genlib ] [ INFO ] Searching order 5
2026-04-23 20:44:41,142 [ genlib ] [ INFO ] Searching order 6
2026-04-23 20:44:41,142 [ genlib ] [ INFO ] Searching order 7
2026-04-23 20:44:41,142 [ genlib ] [ INFO ] Searching branch 2
2026-04-23 20:44:41,142 [ genlib ] [ INFO ] Searching order 2
2026-04-23 20:44:41,142 [ genlib ] [ INFO ] Searching order 3
2026-04-23 20:44:41,142 [ genlib ] [ INFO ] Checking atom OD2
2026-04-23 20:44:41,142 [ genlib ] [ INFO ] No partner found for atom OD2
2026-04-23 20:44:41,142 [ genlib ] [ INFO ] Searching order 4
2026-04-23 20:44:41,142 [ genlib ] [ INFO ] Searching order 5
2026-04-23 20:44:41,142 [ genlib ] [ INFO ] Searching order 6
2026-04-23 20:44:41,142 [ genlib ] [ INFO ] Searching order 7
2026-04-23 20:44:41,147 [ genlib ] [ INFO ] Updating bond lists
2026-04-23 20:44:41,148 [ genlib ] [ INFO ] Updating dihedrals
2026-04-23 20:44:41,148 [ genlib ] [ INFO ] Updating impropers
2026-04-23 20:44:41,148 [ genlib ] [ INFO ] Building library files for ASH --> ASN mutant
2026-04-23 20:44:41,148 [ genlib ] [ INFO ] reading rtp file "aminoacids.rtp"
2026-04-23 20:44:41,189 [ genlib ] [ INFO ] ENTERED SIMPLE
2026-04-23 20:44:41,189 [ genlib ] [ INFO ] Making atom pairs
2026-04-23 20:44:41,189 [ genlib ] [ INFO ] Searching branch 1
2026-04-23 20:44:41,189 [ genlib ] [ INFO ] Searching order 2
2026-04-23 20:44:41,189 [ genlib ] [ INFO ] Checking atom 1HB
2026-04-23 20:44:41,189 [ genlib ] [ INFO ] Define atom pair: ASH|1HB|HC|H         - > ASN|1HB|HC|H         (d = 0.09 A)
2026-04-23 20:44:41,189 [ genlib ] [ INFO ] Checking atom 2HB
2026-04-23 20:44:41,189 [ genlib ] [ INFO ] Define atom pair: ASH|2HB|HC|H         - > ASN|2HB|HC|H         (d = 0.11 A)
2026-04-23 20:44:41,189 [ genlib ] [ INFO ] Checking atom CG
2026-04-23 20:44:41,189 [ genlib ] [ INFO ] Define atom pair: ASH|CG|C|C.2         - > ASN|CG|C|C.2         (d = 0.05 A)
2026-04-23 20:44:41,189 [ genlib ] [ INFO ] Searching order 3
2026-04-23 20:44:41,189 [ genlib ] [ INFO ] Checking atom OD1
2026-04-23 20:44:41,189 [ genlib ] [ INFO ] Define atom pair: ASH|OD1|O|O.co2      - > ASN|OD1|O|O.2        (d = 0.14 A)
2026-04-23 20:44:41,189 [ genlib ] [ INFO ] Checking atom OD2
2026-04-23 20:44:41,189 [ genlib ] [ INFO ] Define atom pair: ASH|OD2|OH|O.co2     - > ASN|ND2|N|N.am       (d = 0.12 A)
2026-04-23 20:44:41,189 [ genlib ] [ INFO ] Searching order 4
2026-04-23 20:44:41,189 [ genlib ] [ INFO ] Checking atom HD2
2026-04-23 20:44:41,189 [ genlib ] [ INFO ] Define atom pair: ASH|HD2|HO|H         - > ASN|2HD2|H|H         (d = 0.22 A)
2026-04-23 20:44:41,189 [ genlib ] [ INFO ] Searching order 5
2026-04-23 20:44:41,189 [ genlib ] [ INFO ] Searching order 6
2026-04-23 20:44:41,189 [ genlib ] [ INFO ] Searching order 7
2026-04-23 20:44:41,189 [ genlib ] [ INFO ] Searching branch 2
2026-04-23 20:44:41,189 [ genlib ] [ INFO ] Searching order 2
2026-04-23 20:44:41,189 [ genlib ] [ INFO ] Searching order 3
2026-04-23 20:44:41,189 [ genlib ] [ INFO ] Searching order 4
2026-04-23 20:44:41,190 [ genlib ] [ INFO ] Searching order 5
2026-04-23 20:44:41,190 [ genlib ] [ INFO ] Searching order 6
2026-04-23 20:44:41,190 [ genlib ] [ INFO ] Searching order 7
2026-04-23 20:44:41,192 [ genlib ] [ INFO ] Updating bond lists
2026-04-23 20:44:41,192 [ genlib ] [ INFO ] Updating dihedrals
2026-04-23 20:44:41,192 [ genlib ] [ INFO ] Updating impropers
2026-04-23 20:44:41,192 [ genlib ] [ WARNING ] undefined
2026-04-23 20:44:41,192 [ genlib ] [ WARNING ] undefined
2026-04-23 20:44:41,193 [ genlib ] [ INFO ] Building library files for ASH --> ASP mutant
2026-04-23 20:44:41,193 [ genlib ] [ INFO ] reading rtp file "aminoacids.rtp"
2026-04-23 20:44:41,237 [ genlib ] [ INFO ] ENTERED SIMPLE
2026-04-23 20:44:41,237 [ genlib ] [ INFO ] Making atom pairs
2026-04-23 20:44:41,237 [ genlib ] [ INFO ] Searching branch 1
2026-04-23 20:44:41,237 [ genlib ] [ INFO ] Searching order 2
2026-04-23 20:44:41,237 [ genlib ] [ INFO ] Checking atom 1HB
2026-04-23 20:44:41,237 [ genlib ] [ INFO ] Define atom pair: ASH|1HB|HC|H         - > ASP|1HB|HC|H         (d = 0.10 A)
2026-04-23 20:44:41,237 [ genlib ] [ INFO ] Checking atom 2HB
2026-04-23 20:44:41,237 [ genlib ] [ INFO ] Define atom pair: ASH|2HB|HC|H         - > ASP|2HB|HC|H         (d = 0.09 A)
2026-04-23 20:44:41,237 [ genlib ] [ INFO ] Checking atom CG
2026-04-23 20:44:41,237 [ genlib ] [ INFO ] Define atom pair: ASH|CG|C|C.2         - > ASP|CG|CO|C.2        (d = 0.00 A)
2026-04-23 20:44:41,237 [ genlib ] [ INFO ] Searching order 3
2026-04-23 20:44:41,237 [ genlib ] [ INFO ] Checking atom OD1
2026-04-23 20:44:41,237 [ genlib ] [ INFO ] Define atom pair: ASH|OD1|O|O.co2      - > ASP|OD1|O2|O.co2     (d = 0.00 A)
2026-04-23 20:44:41,237 [ genlib ] [ INFO ] Checking atom OD2
2026-04-23 20:44:41,237 [ genlib ] [ INFO ] Define atom pair: ASH|OD2|OH|O.co2     - > ASP|OD2|O2|O.co2     (d = 0.00 A)
2026-04-23 20:44:41,237 [ genlib ] [ INFO ] Searching order 4
2026-04-23 20:44:41,237 [ genlib ] [ INFO ] Checking atom HD2
2026-04-23 20:44:41,237 [ genlib ] [ INFO ] No partner found for atom HD2
2026-04-23 20:44:41,237 [ genlib ] [ INFO ] Searching order 5
2026-04-23 20:44:41,237 [ genlib ] [ INFO ] Searching order 6
2026-04-23 20:44:41,237 [ genlib ] [ INFO ] Searching order 7
2026-04-23 20:44:41,237 [ genlib ] [ INFO ] Searching branch 2
2026-04-23 20:44:41,237 [ genlib ] [ INFO ] Searching order 2
2026-04-23 20:44:41,237 [ genlib ] [ INFO ] Searching order 3
2026-04-23 20:44:41,237 [ genlib ] [ INFO ] Searching order 4
2026-04-23 20:44:41,237 [ genlib ] [ INFO ] Checking atom HD2
2026-04-23 20:44:41,237 [ genlib ] [ INFO ] No partner found for atom HD2
2026-04-23 20:44:41,237 [ genlib ] [ INFO ] Searching order 5
2026-04-23 20:44:41,237 [ genlib ] [ INFO ] Searching order 6
2026-04-23 20:44:41,237 [ genlib ] [ INFO ] Searching order 7
2026-04-23 20:44:41,237 [ genlib ] [ INFO ] Updating bond lists
2026-04-23 20:44:41,237 [ genlib ] [ INFO ] Updating dihedrals
2026-04-23 20:44:41,237 [ genlib ] [ INFO ] Updating impropers
2026-04-23 20:44:41,238 [ genlib ] [ INFO ] Building library files for ASH --> CYS mutant
2026-04-23 20:44:41,238 [ genlib ] [ INFO ] reading rtp file "aminoacids.rtp"
2026-04-23 20:44:41,275 [ genlib ] [ INFO ] ENTERED SIMPLE
2026-04-23 20:44:41,275 [ genlib ] [ INFO ] Making atom pairs
2026-04-23 20:44:41,276 [ genlib ] [ INFO ] Searching branch 1
2026-04-23 20:44:41,276 [ genlib ] [ INFO ] Searching order 2
2026-04-23 20:44:41,276 [ genlib ] [ INFO ] Checking atom 1HB
2026-04-23 20:44:41,276 [ genlib ] [ INFO ] Define atom pair: ASH|1HB|HC|H         - > CYS|1HB|H1|H         (d = 0.11 A)
2026-04-23 20:44:41,276 [ genlib ] [ INFO ] Checking atom 2HB
2026-04-23 20:44:41,276 [ genlib ] [ INFO ] Define atom pair: ASH|2HB|HC|H         - > CYS|2HB|H1|H         (d = 0.14 A)
2026-04-23 20:44:41,276 [ genlib ] [ INFO ] Checking atom CG
2026-04-23 20:44:41,276 [ genlib ] [ INFO ] Define atom pair: ASH|CG|C|C.2         - > CYS|SG|SH|S.3        (d = 0.25 A)
2026-04-23 20:44:41,276 [ genlib ] [ INFO ] Searching order 3
2026-04-23 20:44:41,276 [ genlib ] [ INFO ] Checking atom OD1
2026-04-23 20:44:41,276 [ genlib ] [ INFO ] Define atom pair: ASH|OD1|O|O.co2      - > CYS|HG|HS|H          (d = 0.24 A)
2026-04-23 20:44:41,276 [ genlib ] [ INFO ] Checking atom OD2
2026-04-23 20:44:41,276 [ genlib ] [ INFO ] No partner found for atom OD2
2026-04-23 20:44:41,276 [ genlib ] [ INFO ] Searching order 4
2026-04-23 20:44:41,276 [ genlib ] [ INFO ] Searching order 5
2026-04-23 20:44:41,276 [ genlib ] [ INFO ] Searching order 6
2026-04-23 20:44:41,276 [ genlib ] [ INFO ] Searching order 7
2026-04-23 20:44:41,276 [ genlib ] [ INFO ] Searching branch 2
2026-04-23 20:44:41,276 [ genlib ] [ INFO ] Searching order 2
2026-04-23 20:44:41,276 [ genlib ] [ INFO ] Searching order 3
2026-04-23 20:44:41,276 [ genlib ] [ INFO ] Checking atom OD2
2026-04-23 20:44:41,276 [ genlib ] [ INFO ] No partner found for atom OD2
2026-04-23 20:44:41,276 [ genlib ] [ INFO ] Searching order 4
2026-04-23 20:44:41,276 [ genlib ] [ INFO ] Searching order 5
2026-04-23 20:44:41,276 [ genlib ] [ INFO ] Searching order 6
2026-04-23 20:44:41,276 [ genlib ] [ INFO ] Searching order 7
2026-04-23 20:44:41,276 [ genlib ] [ INFO ] Updating bond lists
2026-04-23 20:44:41,276 [ genlib ] [ INFO ] Updating dihedrals
2026-04-23 20:44:41,276 [ genlib ] [ INFO ] Updating impropers
2026-04-23 20:44:41,277 [ genlib ] [ INFO ] Building library files for ASH --> GLH mutant
2026-04-23 20:44:41,277 [ genlib ] [ INFO ] reading rtp file "aminoacids.rtp"
2026-04-23 20:44:41,315 [ genlib ] [ INFO ] ENTERED SIMPLE
2026-04-23 20:44:41,315 [ genlib ] [ INFO ] Making atom pairs
2026-04-23 20:44:41,315 [ genlib ] [ INFO ] Searching branch 1
2026-04-23 20:44:41,315 [ genlib ] [ INFO ] Searching order 2
2026-04-23 20:44:41,315 [ genlib ] [ INFO ] Checking atom 1HB
2026-04-23 20:44:41,315 [ genlib ] [ INFO ] Define atom pair: ASH|1HB|HC|H         - > GLH|1HB|HC|H         (d = 0.11 A)
2026-04-23 20:44:41,315 [ genlib ] [ INFO ] Checking atom 2HB
2026-04-23 20:44:41,315 [ genlib ] [ INFO ] Define atom pair: ASH|2HB|HC|H         - > GLH|2HB|HC|H         (d = 0.10 A)
2026-04-23 20:44:41,315 [ genlib ] [ INFO ] Checking atom CG
2026-04-23 20:44:41,315 [ genlib ] [ INFO ] Define atom pair: ASH|CG|C|C.2         - > GLH|CG|2C|C.3        (d = 0.11 A)
2026-04-23 20:44:41,315 [ genlib ] [ INFO ] Searching order 3
2026-04-23 20:44:41,315 [ genlib ] [ INFO ] Checking atom OD1
2026-04-23 20:44:41,315 [ genlib ] [ INFO ] Define atom pair: ASH|OD1|O|O.co2      - > GLH|CD|C|C.2         (d = 0.28 A)
2026-04-23 20:44:41,315 [ genlib ] [ INFO ] Checking atom OD2
2026-04-23 20:44:41,315 [ genlib ] [ INFO ] No partner found for atom OD2
2026-04-23 20:44:41,315 [ genlib ] [ INFO ] Searching order 4
2026-04-23 20:44:41,315 [ genlib ] [ INFO ] Searching order 5
2026-04-23 20:44:41,315 [ genlib ] [ INFO ] Searching order 6
2026-04-23 20:44:41,315 [ genlib ] [ INFO ] Searching order 7
2026-04-23 20:44:41,315 [ genlib ] [ INFO ] Searching branch 2
2026-04-23 20:44:41,315 [ genlib ] [ INFO ] Searching order 2
2026-04-23 20:44:41,315 [ genlib ] [ INFO ] Searching order 3
2026-04-23 20:44:41,315 [ genlib ] [ INFO ] Checking atom OD2
2026-04-23 20:44:41,315 [ genlib ] [ INFO ] No partner found for atom OD2
2026-04-23 20:44:41,315 [ genlib ] [ INFO ] Searching order 4
2026-04-23 20:44:41,315 [ genlib ] [ INFO ] Searching order 5
2026-04-23 20:44:41,315 [ genlib ] [ INFO ] Searching order 6
2026-04-23 20:44:41,315 [ genlib ] [ INFO ] Searching order 7
2026-04-23 20:44:41,317 [ genlib ] [ INFO ] Updating bond lists
2026-04-23 20:44:41,317 [ genlib ] [ INFO ] Updating dihedrals
2026-04-23 20:44:41,317 [ genlib ] [ INFO ] Updating impropers
2026-04-23 20:44:41,318 [ genlib ] [ INFO ] Building library files for ASH --> GLN mutant
2026-04-23 20:44:41,318 [ genlib ] [ INFO ] reading rtp file "aminoacids.rtp"
2026-04-23 20:44:41,355 [ genlib ] [ INFO ] ENTERED SIMPLE
2026-04-23 20:44:41,356 [ genlib ] [ INFO ] Making atom pairs
2026-04-23 20:44:41,356 [ genlib ] [ INFO ] Searching branch 1
2026-04-23 20:44:41,356 [ genlib ] [ INFO ] Searching order 2
2026-04-23 20:44:41,356 [ genlib ] [ INFO ] Checking atom 1HB
2026-04-23 20:44:41,356 [ genlib ] [ INFO ] Define atom pair: ASH|1HB|HC|H         - > GLN|1HB|HC|H         (d = 0.14 A)
2026-04-23 20:44:41,356 [ genlib ] [ INFO ] Checking atom 2HB
2026-04-23 20:44:41,356 [ genlib ] [ INFO ] Define atom pair: ASH|2HB|HC|H         - > GLN|2HB|HC|H         (d = 0.15 A)
2026-04-23 20:44:41,356 [ genlib ] [ INFO ] Checking atom CG
2026-04-23 20:44:41,356 [ genlib ] [ INFO ] Define atom pair: ASH|CG|C|C.2         - > GLN|CG|2C|C.3        (d = 0.12 A)
2026-04-23 20:44:41,356 [ genlib ] [ INFO ] Searching order 3
2026-04-23 20:44:41,356 [ genlib ] [ INFO ] Checking atom OD1
2026-04-23 20:44:41,356 [ genlib ] [ INFO ] Define atom pair: ASH|OD1|O|O.co2      - > GLN|CD|C|C.2         (d = 0.20 A)
2026-04-23 20:44:41,356 [ genlib ] [ INFO ] Checking atom OD2
2026-04-23 20:44:41,356 [ genlib ] [ INFO ] No partner found for atom OD2
2026-04-23 20:44:41,356 [ genlib ] [ INFO ] Searching order 4
2026-04-23 20:44:41,356 [ genlib ] [ INFO ] Searching order 5
2026-04-23 20:44:41,356 [ genlib ] [ INFO ] Searching order 6
2026-04-23 20:44:41,356 [ genlib ] [ INFO ] Searching order 7
2026-04-23 20:44:41,356 [ genlib ] [ INFO ] Searching branch 2
2026-04-23 20:44:41,356 [ genlib ] [ INFO ] Searching order 2
2026-04-23 20:44:41,356 [ genlib ] [ INFO ] Searching order 3
2026-04-23 20:44:41,356 [ genlib ] [ INFO ] Checking atom OD2
2026-04-23 20:44:41,356 [ genlib ] [ INFO ] No partner found for atom OD2
2026-04-23 20:44:41,356 [ genlib ] [ INFO ] Searching order 4
2026-04-23 20:44:41,356 [ genlib ] [ INFO ] Searching order 5
2026-04-23 20:44:41,356 [ genlib ] [ INFO ] Searching order 6
2026-04-23 20:44:41,356 [ genlib ] [ INFO ] Searching order 7
2026-04-23 20:44:41,358 [ genlib ] [ INFO ] Updating bond lists
2026-04-23 20:44:41,358 [ genlib ] [ INFO ] Updating dihedrals
2026-04-23 20:44:41,358 [ genlib ] [ INFO ] Updating impropers
2026-04-23 20:44:41,359 [ genlib ] [ INFO ] Building library files for ASH --> GLU mutant
2026-04-23 20:44:41,359 [ genlib ] [ INFO ] reading rtp file "aminoacids.rtp"
2026-04-23 20:44:41,397 [ genlib ] [ INFO ] ENTERED SIMPLE
2026-04-23 20:44:41,397 [ genlib ] [ INFO ] Making atom pairs
2026-04-23 20:44:41,397 [ genlib ] [ INFO ] Searching branch 1
2026-04-23 20:44:41,397 [ genlib ] [ INFO ] Searching order 2
2026-04-23 20:44:41,397 [ genlib ] [ INFO ] Checking atom 1HB
2026-04-23 20:44:41,397 [ genlib ] [ INFO ] Define atom pair: ASH|1HB|HC|H         - > GLU|1HB|HC|H         (d = 0.17 A)
2026-04-23 20:44:41,397 [ genlib ] [ INFO ] Checking atom 2HB
2026-04-23 20:44:41,397 [ genlib ] [ INFO ] Define atom pair: ASH|2HB|HC|H         - > GLU|2HB|HC|H         (d = 0.15 A)
2026-04-23 20:44:41,397 [ genlib ] [ INFO ] Checking atom CG
2026-04-23 20:44:41,397 [ genlib ] [ INFO ] Define atom pair: ASH|CG|C|C.2         - > GLU|CG|2C|C.3        (d = 0.11 A)
2026-04-23 20:44:41,397 [ genlib ] [ INFO ] Searching order 3
2026-04-23 20:44:41,397 [ genlib ] [ INFO ] Checking atom OD1
2026-04-23 20:44:41,397 [ genlib ] [ INFO ] Define atom pair: ASH|OD1|O|O.co2      - > GLU|CD|CO|C.2        (d = 0.28 A)
2026-04-23 20:44:41,397 [ genlib ] [ INFO ] Checking atom OD2
2026-04-23 20:44:41,397 [ genlib ] [ INFO ] No partner found for atom OD2
2026-04-23 20:44:41,397 [ genlib ] [ INFO ] Searching order 4
2026-04-23 20:44:41,397 [ genlib ] [ INFO ] Searching order 5
2026-04-23 20:44:41,397 [ genlib ] [ INFO ] Searching order 6
2026-04-23 20:44:41,397 [ genlib ] [ INFO ] Searching order 7
2026-04-23 20:44:41,397 [ genlib ] [ INFO ] Searching branch 2
2026-04-23 20:44:41,397 [ genlib ] [ INFO ] Searching order 2
2026-04-23 20:44:41,397 [ genlib ] [ INFO ] Searching order 3
2026-04-23 20:44:41,397 [ genlib ] [ INFO ] Checking atom OD2
2026-04-23 20:44:41,397 [ genlib ] [ INFO ] No partner found for atom OD2
2026-04-23 20:44:41,397 [ genlib ] [ INFO ] Searching order 4
2026-04-23 20:44:41,397 [ genlib ] [ INFO ] Searching order 5
2026-04-23 20:44:41,397 [ genlib ] [ INFO ] Searching order 6
2026-04-23 20:44:41,397 [ genlib ] [ INFO ] Searching order 7
2026-04-23 20:44:41,399 [ genlib ] [ INFO ] Updating bond lists
2026-04-23 20:44:41,399 [ genlib ] [ INFO ] Updating dihedrals
2026-04-23 20:44:41,399 [ genlib ] [ INFO ] Updating impropers
2026-04-23 20:44:41,399 [ genlib ] [ INFO ] Building library files for ASH --> GLY mutant
2026-04-23 20:44:41,400 [ genlib ] [ INFO ] reading rtp file "aminoacids.rtp"
2026-04-23 20:44:41,435 [ genlib ] [ INFO ] ENTERED G
2026-04-23 20:44:41,435 [ genlib ] [ INFO ] Making atom pairs
2026-04-23 20:44:41,436 [ genlib ] [ INFO ] Updating bond lists
2026-04-23 20:44:41,436 [ genlib ] [ INFO ] Updating dihedrals
2026-04-23 20:44:41,436 [ genlib ] [ INFO ] Updating impropers
2026-04-23 20:44:41,437 [ genlib ] [ INFO ] Building library files for ASH --> HID mutant
2026-04-23 20:44:41,437 [ genlib ] [ INFO ] reading rtp file "aminoacids.rtp"
2026-04-23 20:44:41,473 [ genlib ] [ INFO ] ENTERED RINGS
2026-04-23 20:44:41,473 [ genlib ] [ INFO ] Making atom pairs
2026-04-23 20:44:41,476 [ genlib ] [ INFO ] Updating bond lists
2026-04-23 20:44:41,476 [ genlib ] [ INFO ] Updating dihedrals
2026-04-23 20:44:41,476 [ genlib ] [ INFO ] Updating impropers
2026-04-23 20:44:41,477 [ genlib ] [ INFO ] Building library files for ASH --> HIE mutant
2026-04-23 20:44:41,477 [ genlib ] [ INFO ] reading rtp file "aminoacids.rtp"
2026-04-23 20:44:41,515 [ genlib ] [ INFO ] ENTERED RINGS
2026-04-23 20:44:41,515 [ genlib ] [ INFO ] Making atom pairs
2026-04-23 20:44:41,520 [ genlib ] [ INFO ] Updating bond lists
2026-04-23 20:44:41,520 [ genlib ] [ INFO ] Updating dihedrals
2026-04-23 20:44:41,520 [ genlib ] [ INFO ] Updating impropers
2026-04-23 20:44:41,521 [ genlib ] [ INFO ] Building library files for ASH --> HIP mutant
2026-04-23 20:44:41,522 [ genlib ] [ INFO ] reading rtp file "aminoacids.rtp"
2026-04-23 20:44:41,561 [ genlib ] [ INFO ] ENTERED RINGS
2026-04-23 20:44:41,561 [ genlib ] [ INFO ] Making atom pairs
2026-04-23 20:44:41,564 [ genlib ] [ INFO ] Updating bond lists
2026-04-23 20:44:41,565 [ genlib ] [ INFO ] Updating dihedrals
2026-04-23 20:44:41,565 [ genlib ] [ INFO ] Updating impropers
2026-04-23 20:44:41,565 [ genlib ] [ INFO ] Building library files for ASH --> ILE mutant
2026-04-23 20:44:41,566 [ genlib ] [ INFO ] reading rtp file "aminoacids.rtp"
2026-04-23 20:44:41,601 [ genlib ] [ INFO ] ENTERED SIMPLE
2026-04-23 20:44:41,601 [ genlib ] [ INFO ] Making atom pairs
2026-04-23 20:44:41,601 [ genlib ] [ INFO ] Searching branch 1
2026-04-23 20:44:41,601 [ genlib ] [ INFO ] Searching order 2
2026-04-23 20:44:41,601 [ genlib ] [ INFO ] Checking atom 1HB
2026-04-23 20:44:41,601 [ genlib ] [ INFO ] Define atom pair: ASH|1HB|HC|H         - > ILE|HB|HC|H          (d = 0.11 A)
2026-04-23 20:44:41,601 [ genlib ] [ INFO ] Checking atom 2HB
2026-04-23 20:44:41,601 [ genlib ] [ INFO ] No partner found for atom 2HB
2026-04-23 20:44:41,601 [ genlib ] [ INFO ] Checking atom CG
2026-04-23 20:44:41,601 [ genlib ] [ INFO ] Define atom pair: ASH|CG|C|C.2         - > ILE|CG1|2C|C.3       (d = 0.05 A)
2026-04-23 20:44:41,601 [ genlib ] [ INFO ] Searching order 3
2026-04-23 20:44:41,601 [ genlib ] [ INFO ] Checking atom OD1
2026-04-23 20:44:41,601 [ genlib ] [ INFO ] Define atom pair: ASH|OD1|O|O.co2      - > ILE|CD1|CT|C.3       (d = 0.30 A)
2026-04-23 20:44:41,601 [ genlib ] [ INFO ] Checking atom OD2
2026-04-23 20:44:41,602 [ genlib ] [ INFO ] No partner found for atom OD2
2026-04-23 20:44:41,602 [ genlib ] [ INFO ] Searching order 4
2026-04-23 20:44:41,602 [ genlib ] [ INFO ] Searching order 5
2026-04-23 20:44:41,602 [ genlib ] [ INFO ] Searching order 6
2026-04-23 20:44:41,602 [ genlib ] [ INFO ] Searching order 7
2026-04-23 20:44:41,602 [ genlib ] [ INFO ] Searching branch 2
2026-04-23 20:44:41,602 [ genlib ] [ INFO ] Searching order 2
2026-04-23 20:44:41,602 [ genlib ] [ INFO ] Checking atom 2HB
2026-04-23 20:44:41,602 [ genlib ] [ INFO ] No partner found for atom 2HB
2026-04-23 20:44:41,602 [ genlib ] [ INFO ] Searching order 3
2026-04-23 20:44:41,602 [ genlib ] [ INFO ] Checking atom OD2
2026-04-23 20:44:41,602 [ genlib ] [ INFO ] No partner found for atom OD2
2026-04-23 20:44:41,602 [ genlib ] [ INFO ] Searching order 4
2026-04-23 20:44:41,602 [ genlib ] [ INFO ] Searching order 5
2026-04-23 20:44:41,602 [ genlib ] [ INFO ] Searching order 6
2026-04-23 20:44:41,602 [ genlib ] [ INFO ] Searching order 7
2026-04-23 20:44:41,605 [ genlib ] [ INFO ] Updating bond lists
2026-04-23 20:44:41,605 [ genlib ] [ INFO ] Updating dihedrals
2026-04-23 20:44:41,605 [ genlib ] [ INFO ] Updating impropers
2026-04-23 20:44:41,606 [ genlib ] [ INFO ] Building library files for ASH --> LEU mutant
2026-04-23 20:44:41,607 [ genlib ] [ INFO ] reading rtp file "aminoacids.rtp"
2026-04-23 20:44:41,643 [ genlib ] [ INFO ] ENTERED SIMPLE
2026-04-23 20:44:41,643 [ genlib ] [ INFO ] Making atom pairs
2026-04-23 20:44:41,643 [ genlib ] [ INFO ] Searching branch 1
2026-04-23 20:44:41,643 [ genlib ] [ INFO ] Searching order 2
2026-04-23 20:44:41,643 [ genlib ] [ INFO ] Checking atom 1HB
2026-04-23 20:44:41,643 [ genlib ] [ INFO ] Define atom pair: ASH|1HB|HC|H         - > LEU|1HB|HC|H         (d = 0.10 A)
2026-04-23 20:44:41,643 [ genlib ] [ INFO ] Checking atom 2HB
2026-04-23 20:44:41,643 [ genlib ] [ INFO ] Define atom pair: ASH|2HB|HC|H         - > LEU|2HB|HC|H         (d = 0.12 A)
2026-04-23 20:44:41,643 [ genlib ] [ INFO ] Checking atom CG
2026-04-23 20:44:41,643 [ genlib ] [ INFO ] Define atom pair: ASH|CG|C|C.2         - > LEU|CG|3C|C.3        (d = 0.12 A)
2026-04-23 20:44:41,643 [ genlib ] [ INFO ] Searching order 3
2026-04-23 20:44:41,643 [ genlib ] [ INFO ] Checking atom OD1
2026-04-23 20:44:41,643 [ genlib ] [ INFO ] Define atom pair: ASH|OD1|O|O.co2      - > LEU|CD1|CT|C.3       (d = 0.21 A)
2026-04-23 20:44:41,643 [ genlib ] [ INFO ] Checking atom OD2
2026-04-23 20:44:41,643 [ genlib ] [ INFO ] No partner found for atom OD2
2026-04-23 20:44:41,643 [ genlib ] [ INFO ] Searching order 4
2026-04-23 20:44:41,643 [ genlib ] [ INFO ] Searching order 5
2026-04-23 20:44:41,643 [ genlib ] [ INFO ] Searching order 6
2026-04-23 20:44:41,643 [ genlib ] [ INFO ] Searching order 7
2026-04-23 20:44:41,643 [ genlib ] [ INFO ] Searching branch 2
2026-04-23 20:44:41,643 [ genlib ] [ INFO ] Searching order 2
2026-04-23 20:44:41,643 [ genlib ] [ INFO ] Searching order 3
2026-04-23 20:44:41,643 [ genlib ] [ INFO ] Checking atom OD2
2026-04-23 20:44:41,643 [ genlib ] [ INFO ] No partner found for atom OD2
2026-04-23 20:44:41,643 [ genlib ] [ INFO ] Searching order 4
2026-04-23 20:44:41,643 [ genlib ] [ INFO ] Searching order 5
2026-04-23 20:44:41,643 [ genlib ] [ INFO ] Searching order 6
2026-04-23 20:44:41,643 [ genlib ] [ INFO ] Searching order 7
2026-04-23 20:44:41,646 [ genlib ] [ INFO ] Updating bond lists
2026-04-23 20:44:41,646 [ genlib ] [ INFO ] Updating dihedrals
2026-04-23 20:44:41,646 [ genlib ] [ INFO ] Updating impropers
2026-04-23 20:44:41,647 [ genlib ] [ INFO ] Building library files for ASH --> LYN mutant
2026-04-23 20:44:41,647 [ genlib ] [ INFO ] reading rtp file "aminoacids.rtp"
2026-04-23 20:44:41,689 [ genlib ] [ INFO ] ENTERED SIMPLE
2026-04-23 20:44:41,689 [ genlib ] [ INFO ] Making atom pairs
2026-04-23 20:44:41,689 [ genlib ] [ INFO ] Searching branch 1
2026-04-23 20:44:41,689 [ genlib ] [ INFO ] Searching order 2
2026-04-23 20:44:41,689 [ genlib ] [ INFO ] Checking atom 1HB
2026-04-23 20:44:41,689 [ genlib ] [ INFO ] Define atom pair: ASH|1HB|HC|H         - > LYN|1HB|HC|H         (d = 0.10 A)
2026-04-23 20:44:41,689 [ genlib ] [ INFO ] Checking atom 2HB
2026-04-23 20:44:41,689 [ genlib ] [ INFO ] Define atom pair: ASH|2HB|HC|H         - > LYN|2HB|HC|H         (d = 0.10 A)
2026-04-23 20:44:41,689 [ genlib ] [ INFO ] Checking atom CG
2026-04-23 20:44:41,689 [ genlib ] [ INFO ] Define atom pair: ASH|CG|C|C.2         - > LYN|CG|CT|C.3        (d = 0.18 A)
2026-04-23 20:44:41,689 [ genlib ] [ INFO ] Searching order 3
2026-04-23 20:44:41,689 [ genlib ] [ INFO ] Checking atom OD1
2026-04-23 20:44:41,689 [ genlib ] [ INFO ] Define atom pair: ASH|OD1|O|O.co2      - > LYN|CD|CT|C.3        (d = 0.18 A)
2026-04-23 20:44:41,689 [ genlib ] [ INFO ] Checking atom OD2
2026-04-23 20:44:41,689 [ genlib ] [ INFO ] No partner found for atom OD2
2026-04-23 20:44:41,689 [ genlib ] [ INFO ] Searching order 4
2026-04-23 20:44:41,689 [ genlib ] [ INFO ] Searching order 5
2026-04-23 20:44:41,689 [ genlib ] [ INFO ] Searching order 6
2026-04-23 20:44:41,689 [ genlib ] [ INFO ] Searching order 7
2026-04-23 20:44:41,689 [ genlib ] [ INFO ] Searching branch 2
2026-04-23 20:44:41,689 [ genlib ] [ INFO ] Searching order 2
2026-04-23 20:44:41,689 [ genlib ] [ INFO ] Searching order 3
2026-04-23 20:44:41,689 [ genlib ] [ INFO ] Checking atom OD2
2026-04-23 20:44:41,689 [ genlib ] [ INFO ] No partner found for atom OD2
2026-04-23 20:44:41,689 [ genlib ] [ INFO ] Searching order 4
2026-04-23 20:44:41,689 [ genlib ] [ INFO ] Searching order 5
2026-04-23 20:44:41,689 [ genlib ] [ INFO ] Searching order 6
2026-04-23 20:44:41,689 [ genlib ] [ INFO ] Searching order 7
2026-04-23 20:44:41,694 [ genlib ] [ INFO ] Updating bond lists
2026-04-23 20:44:41,694 [ genlib ] [ INFO ] Updating dihedrals
2026-04-23 20:44:41,694 [ genlib ] [ INFO ] Updating impropers
2026-04-23 20:44:41,694 [ genlib ] [ INFO ] Building library files for ASH --> LYS mutant
2026-04-23 20:44:41,695 [ genlib ] [ INFO ] reading rtp file "aminoacids.rtp"
2026-04-23 20:44:41,732 [ genlib ] [ INFO ] ENTERED SIMPLE
2026-04-23 20:44:41,732 [ genlib ] [ INFO ] Making atom pairs
2026-04-23 20:44:41,732 [ genlib ] [ INFO ] Searching branch 1
2026-04-23 20:44:41,732 [ genlib ] [ INFO ] Searching order 2
2026-04-23 20:44:41,732 [ genlib ] [ INFO ] Checking atom 1HB
2026-04-23 20:44:41,732 [ genlib ] [ INFO ] Define atom pair: ASH|1HB|HC|H         - > LYS|1HB|HC|H         (d = 0.16 A)
2026-04-23 20:44:41,732 [ genlib ] [ INFO ] Checking atom 2HB
2026-04-23 20:44:41,732 [ genlib ] [ INFO ] Define atom pair: ASH|2HB|HC|H         - > LYS|2HB|HC|H         (d = 0.19 A)
2026-04-23 20:44:41,732 [ genlib ] [ INFO ] Checking atom CG
2026-04-23 20:44:41,732 [ genlib ] [ INFO ] Define atom pair: ASH|CG|C|C.2         - > LYS|CG|C8|C.3        (d = 0.18 A)
2026-04-23 20:44:41,732 [ genlib ] [ INFO ] Searching order 3
2026-04-23 20:44:41,732 [ genlib ] [ INFO ] Checking atom OD1
2026-04-23 20:44:41,732 [ genlib ] [ INFO ] Define atom pair: ASH|OD1|O|O.co2      - > LYS|CD|C8|C.3        (d = 0.17 A)
2026-04-23 20:44:41,732 [ genlib ] [ INFO ] Checking atom OD2
2026-04-23 20:44:41,732 [ genlib ] [ INFO ] No partner found for atom OD2
2026-04-23 20:44:41,732 [ genlib ] [ INFO ] Searching order 4
2026-04-23 20:44:41,732 [ genlib ] [ INFO ] Searching order 5
2026-04-23 20:44:41,732 [ genlib ] [ INFO ] Searching order 6
2026-04-23 20:44:41,732 [ genlib ] [ INFO ] Searching order 7
2026-04-23 20:44:41,732 [ genlib ] [ INFO ] Searching branch 2
2026-04-23 20:44:41,732 [ genlib ] [ INFO ] Searching order 2
2026-04-23 20:44:41,732 [ genlib ] [ INFO ] Searching order 3
2026-04-23 20:44:41,732 [ genlib ] [ INFO ] Checking atom OD2
2026-04-23 20:44:41,732 [ genlib ] [ INFO ] No partner found for atom OD2
2026-04-23 20:44:41,732 [ genlib ] [ INFO ] Searching order 4
2026-04-23 20:44:41,732 [ genlib ] [ INFO ] Searching order 5
2026-04-23 20:44:41,732 [ genlib ] [ INFO ] Searching order 6
2026-04-23 20:44:41,732 [ genlib ] [ INFO ] Searching order 7
2026-04-23 20:44:41,737 [ genlib ] [ INFO ] Updating bond lists
2026-04-23 20:44:41,737 [ genlib ] [ INFO ] Updating dihedrals
2026-04-23 20:44:41,737 [ genlib ] [ INFO ] Updating impropers
2026-04-23 20:44:41,738 [ genlib ] [ INFO ] Building library files for ASH --> MET mutant
2026-04-23 20:44:41,738 [ genlib ] [ INFO ] reading rtp file "aminoacids.rtp"
2026-04-23 20:44:41,775 [ genlib ] [ INFO ] ENTERED SIMPLE
2026-04-23 20:44:41,775 [ genlib ] [ INFO ] Making atom pairs
2026-04-23 20:44:41,775 [ genlib ] [ INFO ] Searching branch 1
2026-04-23 20:44:41,775 [ genlib ] [ INFO ] Searching order 2
2026-04-23 20:44:41,775 [ genlib ] [ INFO ] Checking atom 1HB
2026-04-23 20:44:41,775 [ genlib ] [ INFO ] Define atom pair: ASH|1HB|HC|H         - > MET|1HB|HC|H         (d = 0.12 A)
2026-04-23 20:44:41,775 [ genlib ] [ INFO ] Checking atom 2HB
2026-04-23 20:44:41,775 [ genlib ] [ INFO ] Define atom pair: ASH|2HB|HC|H         - > MET|2HB|HC|H         (d = 0.13 A)
2026-04-23 20:44:41,775 [ genlib ] [ INFO ] Checking atom CG
2026-04-23 20:44:41,775 [ genlib ] [ INFO ] Define atom pair: ASH|CG|C|C.2         - > MET|CG|2C|C.3        (d = 0.05 A)
2026-04-23 20:44:41,775 [ genlib ] [ INFO ] Searching order 3
2026-04-23 20:44:41,775 [ genlib ] [ INFO ] Checking atom OD1
2026-04-23 20:44:41,775 [ genlib ] [ INFO ] Define atom pair: ASH|OD1|O|O.co2      - > MET|SD|S|S.3         (d = 0.51 A)
2026-04-23 20:44:41,775 [ genlib ] [ INFO ] Checking atom OD2
2026-04-23 20:44:41,775 [ genlib ] [ INFO ] No partner found for atom OD2
2026-04-23 20:44:41,775 [ genlib ] [ INFO ] Searching order 4
2026-04-23 20:44:41,775 [ genlib ] [ INFO ] Searching order 5
2026-04-23 20:44:41,775 [ genlib ] [ INFO ] Searching order 6
2026-04-23 20:44:41,775 [ genlib ] [ INFO ] Searching order 7
2026-04-23 20:44:41,775 [ genlib ] [ INFO ] Searching branch 2
2026-04-23 20:44:41,775 [ genlib ] [ INFO ] Searching order 2
2026-04-23 20:44:41,775 [ genlib ] [ INFO ] Searching order 3
2026-04-23 20:44:41,775 [ genlib ] [ INFO ] Checking atom OD2
2026-04-23 20:44:41,775 [ genlib ] [ INFO ] No partner found for atom OD2
2026-04-23 20:44:41,775 [ genlib ] [ INFO ] Searching order 4
2026-04-23 20:44:41,775 [ genlib ] [ INFO ] Searching order 5
2026-04-23 20:44:41,775 [ genlib ] [ INFO ] Searching order 6
2026-04-23 20:44:41,775 [ genlib ] [ INFO ] Searching order 7
2026-04-23 20:44:41,777 [ genlib ] [ INFO ] Updating bond lists
2026-04-23 20:44:41,777 [ genlib ] [ INFO ] Updating dihedrals
2026-04-23 20:44:41,777 [ genlib ] [ INFO ] Updating impropers
2026-04-23 20:44:41,778 [ genlib ] [ INFO ] Building library files for ASH --> PHE mutant
2026-04-23 20:44:41,778 [ genlib ] [ INFO ] reading rtp file "aminoacids.rtp"
2026-04-23 20:44:41,815 [ genlib ] [ INFO ] ENTERED RINGS
2026-04-23 20:44:41,815 [ genlib ] [ INFO ] Making atom pairs
2026-04-23 20:44:41,820 [ genlib ] [ INFO ] Updating bond lists
2026-04-23 20:44:41,820 [ genlib ] [ INFO ] Updating dihedrals
2026-04-23 20:44:41,820 [ genlib ] [ INFO ] Updating impropers
2026-04-23 20:44:41,821 [ genlib ] [ INFO ] Building library files for ASH --> PRO mutant
2026-04-23 20:44:41,821 [ genlib ] [ INFO ] reading rtp file "aminoacids.rtp"
2026-04-23 20:44:41,858 [ genlib ] [ INFO ] ENTERED P
2026-04-23 20:44:41,858 [ genlib ] [ INFO ] Making atom pairs
2026-04-23 20:44:41,860 [ genlib ] [ INFO ] Updating bond lists
2026-04-23 20:44:41,860 [ genlib ] [ INFO ] Updating dihedrals
2026-04-23 20:44:41,860 [ genlib ] [ INFO ] Updating impropers
2026-04-23 20:44:41,861 [ genlib ] [ INFO ] Building library files for ASH --> SER mutant
2026-04-23 20:44:41,861 [ genlib ] [ INFO ] reading rtp file "aminoacids.rtp"
2026-04-23 20:44:41,896 [ genlib ] [ INFO ] ENTERED SIMPLE
2026-04-23 20:44:41,896 [ genlib ] [ INFO ] Making atom pairs
2026-04-23 20:44:41,896 [ genlib ] [ INFO ] Searching branch 1
2026-04-23 20:44:41,896 [ genlib ] [ INFO ] Searching order 2
2026-04-23 20:44:41,896 [ genlib ] [ INFO ] Checking atom 1HB
2026-04-23 20:44:41,896 [ genlib ] [ INFO ] Define atom pair: ASH|1HB|HC|H         - > SER|1HB|H1|H         (d = 0.13 A)
2026-04-23 20:44:41,896 [ genlib ] [ INFO ] Checking atom 2HB
2026-04-23 20:44:41,896 [ genlib ] [ INFO ] Define atom pair: ASH|2HB|HC|H         - > SER|2HB|H1|H         (d = 0.12 A)
2026-04-23 20:44:41,896 [ genlib ] [ INFO ] Checking atom CG
2026-04-23 20:44:41,896 [ genlib ] [ INFO ] Define atom pair: ASH|CG|C|C.2         - > SER|OG|OH|O.3        (d = 0.13 A)
2026-04-23 20:44:41,896 [ genlib ] [ INFO ] Searching order 3
2026-04-23 20:44:41,896 [ genlib ] [ INFO ] Checking atom OD1
2026-04-23 20:44:41,896 [ genlib ] [ INFO ] Define atom pair: ASH|OD1|O|O.co2      - > SER|HG|HO|H          (d = 0.42 A)
2026-04-23 20:44:41,896 [ genlib ] [ INFO ] Checking atom OD2
2026-04-23 20:44:41,896 [ genlib ] [ INFO ] No partner found for atom OD2
2026-04-23 20:44:41,896 [ genlib ] [ INFO ] Searching order 4
2026-04-23 20:44:41,896 [ genlib ] [ INFO ] Searching order 5
2026-04-23 20:44:41,896 [ genlib ] [ INFO ] Searching order 6
2026-04-23 20:44:41,896 [ genlib ] [ INFO ] Searching order 7
2026-04-23 20:44:41,896 [ genlib ] [ INFO ] Searching branch 2
2026-04-23 20:44:41,896 [ genlib ] [ INFO ] Searching order 2
2026-04-23 20:44:41,896 [ genlib ] [ INFO ] Searching order 3
2026-04-23 20:44:41,896 [ genlib ] [ INFO ] Checking atom OD2
2026-04-23 20:44:41,896 [ genlib ] [ INFO ] No partner found for atom OD2
2026-04-23 20:44:41,896 [ genlib ] [ INFO ] Searching order 4
2026-04-23 20:44:41,896 [ genlib ] [ INFO ] Searching order 5
2026-04-23 20:44:41,896 [ genlib ] [ INFO ] Searching order 6
2026-04-23 20:44:41,896 [ genlib ] [ INFO ] Searching order 7
2026-04-23 20:44:41,896 [ genlib ] [ INFO ] Updating bond lists
2026-04-23 20:44:41,896 [ genlib ] [ INFO ] Updating dihedrals
2026-04-23 20:44:41,896 [ genlib ] [ INFO ] Updating impropers
2026-04-23 20:44:41,897 [ genlib ] [ INFO ] Building library files for ASH --> THR mutant
2026-04-23 20:44:41,897 [ genlib ] [ INFO ] reading rtp file "aminoacids.rtp"
2026-04-23 20:44:41,932 [ genlib ] [ INFO ] ENTERED SIMPLE
2026-04-23 20:44:41,932 [ genlib ] [ INFO ] Making atom pairs
2026-04-23 20:44:41,932 [ genlib ] [ INFO ] Searching branch 1
2026-04-23 20:44:41,932 [ genlib ] [ INFO ] Searching order 2
2026-04-23 20:44:41,932 [ genlib ] [ INFO ] Checking atom 1HB
2026-04-23 20:44:41,932 [ genlib ] [ INFO ] Define atom pair: ASH|1HB|HC|H         - > THR|HB|H1|H          (d = 0.11 A)
2026-04-23 20:44:41,932 [ genlib ] [ INFO ] Checking atom 2HB
2026-04-23 20:44:41,932 [ genlib ] [ INFO ] No partner found for atom 2HB
2026-04-23 20:44:41,932 [ genlib ] [ INFO ] Checking atom CG
2026-04-23 20:44:41,932 [ genlib ] [ INFO ] Define atom pair: ASH|CG|C|C.2         - > THR|OG1|OH|O.3       (d = 0.15 A)
2026-04-23 20:44:41,932 [ genlib ] [ INFO ] Searching order 3
2026-04-23 20:44:41,932 [ genlib ] [ INFO ] Checking atom OD1
2026-04-23 20:44:41,932 [ genlib ] [ INFO ] Define atom pair: ASH|OD1|O|O.co2      - > THR|HG1|HO|H         (d = 0.48 A)
2026-04-23 20:44:41,932 [ genlib ] [ INFO ] Checking atom OD2
2026-04-23 20:44:41,932 [ genlib ] [ INFO ] No partner found for atom OD2
2026-04-23 20:44:41,932 [ genlib ] [ INFO ] Searching order 4
2026-04-23 20:44:41,932 [ genlib ] [ INFO ] Searching order 5
2026-04-23 20:44:41,932 [ genlib ] [ INFO ] Searching order 6
2026-04-23 20:44:41,932 [ genlib ] [ INFO ] Searching order 7
2026-04-23 20:44:41,932 [ genlib ] [ INFO ] Searching branch 2
2026-04-23 20:44:41,932 [ genlib ] [ INFO ] Searching order 2
2026-04-23 20:44:41,932 [ genlib ] [ INFO ] Checking atom 2HB
2026-04-23 20:44:41,932 [ genlib ] [ INFO ] No partner found for atom 2HB
2026-04-23 20:44:41,932 [ genlib ] [ INFO ] Searching order 3
2026-04-23 20:44:41,932 [ genlib ] [ INFO ] Checking atom OD2
2026-04-23 20:44:41,932 [ genlib ] [ INFO ] No partner found for atom OD2
2026-04-23 20:44:41,932 [ genlib ] [ INFO ] Searching order 4
2026-04-23 20:44:41,932 [ genlib ] [ INFO ] Searching order 5
2026-04-23 20:44:41,932 [ genlib ] [ INFO ] Searching order 6
2026-04-23 20:44:41,932 [ genlib ] [ INFO ] Searching order 7
2026-04-23 20:44:41,934 [ genlib ] [ INFO ] Updating bond lists
2026-04-23 20:44:41,934 [ genlib ] [ INFO ] Updating dihedrals
2026-04-23 20:44:41,934 [ genlib ] [ INFO ] Updating impropers
2026-04-23 20:44:41,935 [ genlib ] [ INFO ] Building library files for ASH --> TRP mutant
2026-04-23 20:44:41,935 [ genlib ] [ INFO ] reading rtp file "aminoacids.rtp"
2026-04-23 20:44:41,970 [ genlib ] [ INFO ] ENTERED RINGS
2026-04-23 20:44:41,970 [ genlib ] [ INFO ] Making atom pairs
2026-04-23 20:44:41,977 [ genlib ] [ INFO ] Updating bond lists
2026-04-23 20:44:41,977 [ genlib ] [ INFO ] Updating dihedrals
2026-04-23 20:44:41,977 [ genlib ] [ INFO ] Updating impropers
2026-04-23 20:44:41,978 [ genlib ] [ INFO ] Building library files for ASH --> TYR mutant
2026-04-23 20:44:41,978 [ genlib ] [ INFO ] reading rtp file "aminoacids.rtp"
2026-04-23 20:44:42,013 [ genlib ] [ INFO ] ENTERED RINGS
2026-04-23 20:44:42,013 [ genlib ] [ INFO ] Making atom pairs
2026-04-23 20:44:42,018 [ genlib ] [ INFO ] Updating bond lists
2026-04-23 20:44:42,018 [ genlib ] [ INFO ] Updating dihedrals
2026-04-23 20:44:42,018 [ genlib ] [ INFO ] Updating impropers
2026-04-23 20:44:42,018 [ genlib ] [ INFO ] Building library files for ASH --> VAL mutant
2026-04-23 20:44:42,019 [ genlib ] [ INFO ] reading rtp file "aminoacids.rtp"
2026-04-23 20:44:42,053 [ genlib ] [ INFO ] ENTERED SIMPLE
2026-04-23 20:44:42,053 [ genlib ] [ INFO ] Making atom pairs
2026-04-23 20:44:42,054 [ genlib ] [ INFO ] Searching branch 1
2026-04-23 20:44:42,054 [ genlib ] [ INFO ] Searching order 2
2026-04-23 20:44:42,054 [ genlib ] [ INFO ] Checking atom 1HB
2026-04-23 20:44:42,054 [ genlib ] [ INFO ] Define atom pair: ASH|1HB|HC|H         - > VAL|HB|HC|H          (d = 0.18 A)
2026-04-23 20:44:42,054 [ genlib ] [ INFO ] Checking atom 2HB
2026-04-23 20:44:42,054 [ genlib ] [ INFO ] No partner found for atom 2HB
2026-04-23 20:44:42,054 [ genlib ] [ INFO ] Checking atom CG
2026-04-23 20:44:42,054 [ genlib ] [ INFO ] Define atom pair: ASH|CG|C|C.2         - > VAL|CG2|CT|C.3       (d = 0.06 A)
2026-04-23 20:44:42,054 [ genlib ] [ INFO ] Searching order 3
2026-04-23 20:44:42,054 [ genlib ] [ INFO ] Checking atom OD1
2026-04-23 20:44:42,054 [ genlib ] [ INFO ] Define atom pair: ASH|OD1|O|O.co2      - > VAL|1HG2|HC|H        (d = 0.19 A)
2026-04-23 20:44:42,054 [ genlib ] [ INFO ] Checking atom OD2
2026-04-23 20:44:42,054 [ genlib ] [ INFO ] No partner found for atom OD2
2026-04-23 20:44:42,054 [ genlib ] [ INFO ] Searching order 4
2026-04-23 20:44:42,054 [ genlib ] [ INFO ] Searching order 5
2026-04-23 20:44:42,054 [ genlib ] [ INFO ] Searching order 6
2026-04-23 20:44:42,054 [ genlib ] [ INFO ] Searching order 7
2026-04-23 20:44:42,054 [ genlib ] [ INFO ] Searching branch 2
2026-04-23 20:44:42,054 [ genlib ] [ INFO ] Searching order 2
2026-04-23 20:44:42,054 [ genlib ] [ INFO ] Checking atom 2HB
2026-04-23 20:44:42,054 [ genlib ] [ INFO ] No partner found for atom 2HB
2026-04-23 20:44:42,054 [ genlib ] [ INFO ] Searching order 3
2026-04-23 20:44:42,054 [ genlib ] [ INFO ] Checking atom OD2
2026-04-23 20:44:42,054 [ genlib ] [ INFO ] No partner found for atom OD2
2026-04-23 20:44:42,054 [ genlib ] [ INFO ] Searching order 4
2026-04-23 20:44:42,054 [ genlib ] [ INFO ] Searching order 5
2026-04-23 20:44:42,054 [ genlib ] [ INFO ] Searching order 6
2026-04-23 20:44:42,054 [ genlib ] [ INFO ] Searching order 7
2026-04-23 20:44:42,056 [ genlib ] [ INFO ] Updating bond lists
2026-04-23 20:44:42,056 [ genlib ] [ INFO ] Updating dihedrals
2026-04-23 20:44:42,056 [ genlib ] [ INFO ] Updating impropers
2026-04-23 20:44:42,056 [ genlib ] [ INFO ] Building library files for ASN --> ALA mutant
2026-04-23 20:44:42,057 [ genlib ] [ INFO ] reading rtp file "aminoacids.rtp"
2026-04-23 20:44:42,092 [ genlib ] [ INFO ] ENTERED SIMPLE
2026-04-23 20:44:42,092 [ genlib ] [ INFO ] Making atom pairs
2026-04-23 20:44:42,092 [ genlib ] [ INFO ] Searching branch 1
2026-04-23 20:44:42,092 [ genlib ] [ INFO ] Searching order 2
2026-04-23 20:44:42,092 [ genlib ] [ INFO ] Checking atom 1HB
2026-04-23 20:44:42,092 [ genlib ] [ INFO ] Define atom pair: ASN|1HB|HC|H         - > ALA|2HB|HC|H         (d = 0.13 A)
2026-04-23 20:44:42,092 [ genlib ] [ INFO ] Checking atom 2HB
2026-04-23 20:44:42,092 [ genlib ] [ INFO ] Define atom pair: ASN|2HB|HC|H         - > ALA|3HB|HC|H         (d = 0.11 A)
2026-04-23 20:44:42,092 [ genlib ] [ INFO ] Checking atom CG
2026-04-23 20:44:42,092 [ genlib ] [ INFO ] Define atom pair: ASN|CG|C|C.2         - > ALA|1HB|HC|H         (d = 0.50 A)
2026-04-23 20:44:42,092 [ genlib ] [ INFO ] Searching order 3
2026-04-23 20:44:42,092 [ genlib ] [ INFO ] Checking atom OD1
2026-04-23 20:44:42,092 [ genlib ] [ INFO ] No partner found for atom OD1
2026-04-23 20:44:42,092 [ genlib ] [ INFO ] Checking atom ND2
2026-04-23 20:44:42,092 [ genlib ] [ INFO ] No partner found for atom ND2
2026-04-23 20:44:42,092 [ genlib ] [ INFO ] Searching order 4
2026-04-23 20:44:42,092 [ genlib ] [ INFO ] Searching order 5
2026-04-23 20:44:42,092 [ genlib ] [ INFO ] Searching order 6
2026-04-23 20:44:42,093 [ genlib ] [ INFO ] Searching order 7
2026-04-23 20:44:42,093 [ genlib ] [ INFO ] Searching branch 2
2026-04-23 20:44:42,093 [ genlib ] [ INFO ] Searching order 2
2026-04-23 20:44:42,093 [ genlib ] [ INFO ] Searching order 3
2026-04-23 20:44:42,093 [ genlib ] [ INFO ] Checking atom OD1
2026-04-23 20:44:42,093 [ genlib ] [ INFO ] No partner found for atom OD1
2026-04-23 20:44:42,093 [ genlib ] [ INFO ] Checking atom ND2
2026-04-23 20:44:42,093 [ genlib ] [ INFO ] No partner found for atom ND2
2026-04-23 20:44:42,093 [ genlib ] [ INFO ] Searching order 4
2026-04-23 20:44:42,093 [ genlib ] [ INFO ] Searching order 5
2026-04-23 20:44:42,093 [ genlib ] [ INFO ] Searching order 6
2026-04-23 20:44:42,093 [ genlib ] [ INFO ] Searching order 7
2026-04-23 20:44:42,093 [ genlib ] [ INFO ] Updating bond lists
2026-04-23 20:44:42,093 [ genlib ] [ INFO ] Updating dihedrals
2026-04-23 20:44:42,093 [ genlib ] [ INFO ] Updating impropers
2026-04-23 20:44:42,093 [ genlib ] [ INFO ] Building library files for ASN --> ARG mutant
2026-04-23 20:44:42,094 [ genlib ] [ INFO ] reading rtp file "aminoacids.rtp"
2026-04-23 20:44:42,129 [ genlib ] [ INFO ] ENTERED SIMPLE
2026-04-23 20:44:42,129 [ genlib ] [ INFO ] Making atom pairs
2026-04-23 20:44:42,129 [ genlib ] [ INFO ] Searching branch 1
2026-04-23 20:44:42,129 [ genlib ] [ INFO ] Searching order 2
2026-04-23 20:44:42,129 [ genlib ] [ INFO ] Checking atom 1HB
2026-04-23 20:44:42,129 [ genlib ] [ INFO ] Define atom pair: ASN|1HB|HC|H         - > ARG|1HB|HC|H         (d = 0.17 A)
2026-04-23 20:44:42,129 [ genlib ] [ INFO ] Checking atom 2HB
2026-04-23 20:44:42,129 [ genlib ] [ INFO ] Define atom pair: ASN|2HB|HC|H         - > ARG|2HB|HC|H         (d = 0.17 A)
2026-04-23 20:44:42,129 [ genlib ] [ INFO ] Checking atom CG
2026-04-23 20:44:42,129 [ genlib ] [ INFO ] Define atom pair: ASN|CG|C|C.2         - > ARG|CG|C8|C.3        (d = 0.18 A)
2026-04-23 20:44:42,129 [ genlib ] [ INFO ] Searching order 3
2026-04-23 20:44:42,129 [ genlib ] [ INFO ] Checking atom OD1
2026-04-23 20:44:42,130 [ genlib ] [ INFO ] Define atom pair: ASN|OD1|O|O.2        - > ARG|CD|C8|C.3        (d = 0.26 A)
2026-04-23 20:44:42,130 [ genlib ] [ INFO ] Checking atom ND2
2026-04-23 20:44:42,130 [ genlib ] [ INFO ] No partner found for atom ND2
2026-04-23 20:44:42,130 [ genlib ] [ INFO ] Searching order 4
2026-04-23 20:44:42,130 [ genlib ] [ INFO ] Searching order 5
2026-04-23 20:44:42,130 [ genlib ] [ INFO ] Searching order 6
2026-04-23 20:44:42,130 [ genlib ] [ INFO ] Searching order 7
2026-04-23 20:44:42,130 [ genlib ] [ INFO ] Searching branch 2
2026-04-23 20:44:42,130 [ genlib ] [ INFO ] Searching order 2
2026-04-23 20:44:42,130 [ genlib ] [ INFO ] Searching order 3
2026-04-23 20:44:42,130 [ genlib ] [ INFO ] Checking atom ND2
2026-04-23 20:44:42,130 [ genlib ] [ INFO ] No partner found for atom ND2
2026-04-23 20:44:42,130 [ genlib ] [ INFO ] Searching order 4
2026-04-23 20:44:42,130 [ genlib ] [ INFO ] Searching order 5
2026-04-23 20:44:42,130 [ genlib ] [ INFO ] Searching order 6
2026-04-23 20:44:42,130 [ genlib ] [ INFO ] Searching order 7
2026-04-23 20:44:42,137 [ genlib ] [ INFO ] Updating bond lists
2026-04-23 20:44:42,137 [ genlib ] [ INFO ] Updating dihedrals
2026-04-23 20:44:42,137 [ genlib ] [ INFO ] Updating impropers
2026-04-23 20:44:42,137 [ genlib ] [ INFO ] Building library files for ASN --> ASH mutant
2026-04-23 20:44:42,138 [ genlib ] [ INFO ] reading rtp file "aminoacids.rtp"
2026-04-23 20:44:42,173 [ genlib ] [ INFO ] ENTERED SIMPLE
2026-04-23 20:44:42,173 [ genlib ] [ INFO ] Making atom pairs
2026-04-23 20:44:42,173 [ genlib ] [ INFO ] Searching branch 1
2026-04-23 20:44:42,173 [ genlib ] [ INFO ] Searching order 2
2026-04-23 20:44:42,173 [ genlib ] [ INFO ] Checking atom 1HB
2026-04-23 20:44:42,173 [ genlib ] [ INFO ] Define atom pair: ASN|1HB|HC|H         - > ASH|1HB|HC|H         (d = 0.12 A)
2026-04-23 20:44:42,173 [ genlib ] [ INFO ] Checking atom 2HB
2026-04-23 20:44:42,173 [ genlib ] [ INFO ] Define atom pair: ASN|2HB|HC|H         - > ASH|2HB|HC|H         (d = 0.13 A)
2026-04-23 20:44:42,173 [ genlib ] [ INFO ] Checking atom CG
2026-04-23 20:44:42,173 [ genlib ] [ INFO ] Define atom pair: ASN|CG|C|C.2         - > ASH|CG|C|C.2         (d = 0.08 A)
2026-04-23 20:44:42,173 [ genlib ] [ INFO ] Searching order 3
2026-04-23 20:44:42,173 [ genlib ] [ INFO ] Checking atom OD1
2026-04-23 20:44:42,173 [ genlib ] [ INFO ] Define atom pair: ASN|OD1|O|O.2        - > ASH|OD1|O|O.co2      (d = 0.09 A)
2026-04-23 20:44:42,173 [ genlib ] [ INFO ] Checking atom ND2
2026-04-23 20:44:42,173 [ genlib ] [ INFO ] Define atom pair: ASN|ND2|N|N.am       - > ASH|OD2|OH|O.co2     (d = 0.10 A)
2026-04-23 20:44:42,173 [ genlib ] [ INFO ] Searching order 4
2026-04-23 20:44:42,173 [ genlib ] [ INFO ] Checking atom 1HD2
2026-04-23 20:44:42,173 [ genlib ] [ INFO ] No partner found for atom 1HD2
2026-04-23 20:44:42,173 [ genlib ] [ INFO ] Checking atom 2HD2
2026-04-23 20:44:42,173 [ genlib ] [ INFO ] Define atom pair: ASN|2HD2|H|H         - > ASH|HD2|HO|H         (d = 0.19 A)
2026-04-23 20:44:42,173 [ genlib ] [ INFO ] Searching order 5
2026-04-23 20:44:42,173 [ genlib ] [ INFO ] Searching order 6
2026-04-23 20:44:42,173 [ genlib ] [ INFO ] Searching order 7
2026-04-23 20:44:42,173 [ genlib ] [ INFO ] Searching branch 2
2026-04-23 20:44:42,173 [ genlib ] [ INFO ] Searching order 2
2026-04-23 20:44:42,173 [ genlib ] [ INFO ] Searching order 3
2026-04-23 20:44:42,173 [ genlib ] [ INFO ] Searching order 4
2026-04-23 20:44:42,173 [ genlib ] [ INFO ] Checking atom 1HD2
2026-04-23 20:44:42,173 [ genlib ] [ INFO ] No partner found for atom 1HD2
2026-04-23 20:44:42,173 [ genlib ] [ INFO ] Searching order 5
2026-04-23 20:44:42,173 [ genlib ] [ INFO ] Searching order 6
2026-04-23 20:44:42,173 [ genlib ] [ INFO ] Searching order 7
2026-04-23 20:44:42,173 [ genlib ] [ INFO ] Updating bond lists
2026-04-23 20:44:42,173 [ genlib ] [ INFO ] Updating dihedrals
2026-04-23 20:44:42,173 [ genlib ] [ INFO ] Updating impropers
2026-04-23 20:44:42,173 [ genlib ] [ WARNING ] undefined
2026-04-23 20:44:42,173 [ genlib ] [ WARNING ] undefined
2026-04-23 20:44:42,174 [ genlib ] [ INFO ] Building library files for ASN --> ASP mutant
2026-04-23 20:44:42,174 [ genlib ] [ INFO ] reading rtp file "aminoacids.rtp"
2026-04-23 20:44:42,208 [ genlib ] [ INFO ] ENTERED SIMPLE
2026-04-23 20:44:42,208 [ genlib ] [ INFO ] Making atom pairs
2026-04-23 20:44:42,208 [ genlib ] [ INFO ] Searching branch 1
2026-04-23 20:44:42,208 [ genlib ] [ INFO ] Searching order 2
2026-04-23 20:44:42,208 [ genlib ] [ INFO ] Checking atom 1HB
2026-04-23 20:44:42,208 [ genlib ] [ INFO ] Define atom pair: ASN|1HB|HC|H         - > ASP|1HB|HC|H         (d = 0.08 A)
2026-04-23 20:44:42,208 [ genlib ] [ INFO ] Checking atom 2HB
2026-04-23 20:44:42,208 [ genlib ] [ INFO ] Define atom pair: ASN|2HB|HC|H         - > ASP|2HB|HC|H         (d = 0.06 A)
2026-04-23 20:44:42,208 [ genlib ] [ INFO ] Checking atom CG
2026-04-23 20:44:42,208 [ genlib ] [ INFO ] Define atom pair: ASN|CG|C|C.2         - > ASP|CG|CO|C.2        (d = 0.08 A)
2026-04-23 20:44:42,208 [ genlib ] [ INFO ] Searching order 3
2026-04-23 20:44:42,208 [ genlib ] [ INFO ] Checking atom OD1
2026-04-23 20:44:42,208 [ genlib ] [ INFO ] Define atom pair: ASN|OD1|O|O.2        - > ASP|OD1|O2|O.co2     (d = 0.09 A)
2026-04-23 20:44:42,208 [ genlib ] [ INFO ] Checking atom ND2
2026-04-23 20:44:42,208 [ genlib ] [ INFO ] Define atom pair: ASN|ND2|N|N.am       - > ASP|OD2|O2|O.co2     (d = 0.10 A)
2026-04-23 20:44:42,208 [ genlib ] [ INFO ] Searching order 4
2026-04-23 20:44:42,208 [ genlib ] [ INFO ] Checking atom 1HD2
2026-04-23 20:44:42,208 [ genlib ] [ INFO ] No partner found for atom 1HD2
2026-04-23 20:44:42,208 [ genlib ] [ INFO ] Checking atom 2HD2
2026-04-23 20:44:42,208 [ genlib ] [ INFO ] No partner found for atom 2HD2
2026-04-23 20:44:42,208 [ genlib ] [ INFO ] Searching order 5
2026-04-23 20:44:42,208 [ genlib ] [ INFO ] Searching order 6
2026-04-23 20:44:42,208 [ genlib ] [ INFO ] Searching order 7
2026-04-23 20:44:42,208 [ genlib ] [ INFO ] Searching branch 2
2026-04-23 20:44:42,208 [ genlib ] [ INFO ] Searching order 2
2026-04-23 20:44:42,208 [ genlib ] [ INFO ] Searching order 3
2026-04-23 20:44:42,208 [ genlib ] [ INFO ] Searching order 4
2026-04-23 20:44:42,208 [ genlib ] [ INFO ] Checking atom 1HD2
2026-04-23 20:44:42,208 [ genlib ] [ INFO ] No partner found for atom 1HD2
2026-04-23 20:44:42,208 [ genlib ] [ INFO ] Checking atom 2HD2
2026-04-23 20:44:42,208 [ genlib ] [ INFO ] No partner found for atom 2HD2
2026-04-23 20:44:42,208 [ genlib ] [ INFO ] Searching order 5
2026-04-23 20:44:42,208 [ genlib ] [ INFO ] Searching order 6
2026-04-23 20:44:42,208 [ genlib ] [ INFO ] Searching order 7
2026-04-23 20:44:42,209 [ genlib ] [ INFO ] Updating bond lists
2026-04-23 20:44:42,209 [ genlib ] [ INFO ] Updating dihedrals
2026-04-23 20:44:42,209 [ genlib ] [ INFO ] Updating impropers
2026-04-23 20:44:42,209 [ genlib ] [ WARNING ] undefined
2026-04-23 20:44:42,209 [ genlib ] [ WARNING ] undefined
2026-04-23 20:44:42,209 [ genlib ] [ INFO ] Building library files for ASN --> CYS mutant
2026-04-23 20:44:42,210 [ genlib ] [ INFO ] reading rtp file "aminoacids.rtp"
2026-04-23 20:44:42,244 [ genlib ] [ INFO ] ENTERED SIMPLE
2026-04-23 20:44:42,244 [ genlib ] [ INFO ] Making atom pairs
2026-04-23 20:44:42,244 [ genlib ] [ INFO ] Searching branch 1
2026-04-23 20:44:42,244 [ genlib ] [ INFO ] Searching order 2
2026-04-23 20:44:42,244 [ genlib ] [ INFO ] Checking atom 1HB
2026-04-23 20:44:42,244 [ genlib ] [ INFO ] Define atom pair: ASN|1HB|HC|H         - > CYS|1HB|H1|H         (d = 0.13 A)
2026-04-23 20:44:42,244 [ genlib ] [ INFO ] Checking atom 2HB
2026-04-23 20:44:42,244 [ genlib ] [ INFO ] Define atom pair: ASN|2HB|HC|H         - > CYS|2HB|H1|H         (d = 0.13 A)
2026-04-23 20:44:42,244 [ genlib ] [ INFO ] Checking atom CG
2026-04-23 20:44:42,244 [ genlib ] [ INFO ] Define atom pair: ASN|CG|C|C.2         - > CYS|SG|SH|S.3        (d = 0.27 A)
2026-04-23 20:44:42,244 [ genlib ] [ INFO ] Searching order 3
2026-04-23 20:44:42,244 [ genlib ] [ INFO ] Checking atom OD1
2026-04-23 20:44:42,244 [ genlib ] [ INFO ] Define atom pair: ASN|OD1|O|O.2        - > CYS|HG|HS|H          (d = 0.29 A)
2026-04-23 20:44:42,244 [ genlib ] [ INFO ] Checking atom ND2
2026-04-23 20:44:42,244 [ genlib ] [ INFO ] No partner found for atom ND2
2026-04-23 20:44:42,244 [ genlib ] [ INFO ] Searching order 4
2026-04-23 20:44:42,244 [ genlib ] [ INFO ] Searching order 5
2026-04-23 20:44:42,244 [ genlib ] [ INFO ] Searching order 6
2026-04-23 20:44:42,244 [ genlib ] [ INFO ] Searching order 7
2026-04-23 20:44:42,244 [ genlib ] [ INFO ] Searching branch 2
2026-04-23 20:44:42,244 [ genlib ] [ INFO ] Searching order 2
2026-04-23 20:44:42,244 [ genlib ] [ INFO ] Searching order 3
2026-04-23 20:44:42,244 [ genlib ] [ INFO ] Checking atom ND2
2026-04-23 20:44:42,244 [ genlib ] [ INFO ] No partner found for atom ND2
2026-04-23 20:44:42,244 [ genlib ] [ INFO ] Searching order 4
2026-04-23 20:44:42,244 [ genlib ] [ INFO ] Searching order 5
2026-04-23 20:44:42,244 [ genlib ] [ INFO ] Searching order 6
2026-04-23 20:44:42,244 [ genlib ] [ INFO ] Searching order 7
2026-04-23 20:44:42,245 [ genlib ] [ INFO ] Updating bond lists
2026-04-23 20:44:42,245 [ genlib ] [ INFO ] Updating dihedrals
2026-04-23 20:44:42,245 [ genlib ] [ INFO ] Updating impropers
2026-04-23 20:44:42,245 [ genlib ] [ INFO ] Building library files for ASN --> GLH mutant
2026-04-23 20:44:42,246 [ genlib ] [ INFO ] reading rtp file "aminoacids.rtp"
2026-04-23 20:44:42,280 [ genlib ] [ INFO ] ENTERED SIMPLE
2026-04-23 20:44:42,280 [ genlib ] [ INFO ] Making atom pairs
2026-04-23 20:44:42,280 [ genlib ] [ INFO ] Searching branch 1
2026-04-23 20:44:42,280 [ genlib ] [ INFO ] Searching order 2
2026-04-23 20:44:42,280 [ genlib ] [ INFO ] Checking atom 1HB
2026-04-23 20:44:42,280 [ genlib ] [ INFO ] Define atom pair: ASN|1HB|HC|H         - > GLH|1HB|HC|H         (d = 0.20 A)
2026-04-23 20:44:42,280 [ genlib ] [ INFO ] Checking atom 2HB
2026-04-23 20:44:42,280 [ genlib ] [ INFO ] Define atom pair: ASN|2HB|HC|H         - > GLH|2HB|HC|H         (d = 0.19 A)
2026-04-23 20:44:42,280 [ genlib ] [ INFO ] Checking atom CG
2026-04-23 20:44:42,280 [ genlib ] [ INFO ] Define atom pair: ASN|CG|C|C.2         - > GLH|CG|2C|C.3        (d = 0.12 A)
2026-04-23 20:44:42,280 [ genlib ] [ INFO ] Searching order 3
2026-04-23 20:44:42,280 [ genlib ] [ INFO ] Checking atom OD1
2026-04-23 20:44:42,280 [ genlib ] [ INFO ] Define atom pair: ASN|OD1|O|O.2        - > GLH|CD|C|C.2         (d = 0.32 A)
2026-04-23 20:44:42,280 [ genlib ] [ INFO ] Checking atom ND2
2026-04-23 20:44:42,280 [ genlib ] [ INFO ] No partner found for atom ND2
2026-04-23 20:44:42,280 [ genlib ] [ INFO ] Searching order 4
2026-04-23 20:44:42,280 [ genlib ] [ INFO ] Searching order 5
2026-04-23 20:44:42,280 [ genlib ] [ INFO ] Searching order 6
2026-04-23 20:44:42,280 [ genlib ] [ INFO ] Searching order 7
2026-04-23 20:44:42,280 [ genlib ] [ INFO ] Searching branch 2
2026-04-23 20:44:42,280 [ genlib ] [ INFO ] Searching order 2
2026-04-23 20:44:42,280 [ genlib ] [ INFO ] Searching order 3
2026-04-23 20:44:42,280 [ genlib ] [ INFO ] Checking atom ND2
2026-04-23 20:44:42,280 [ genlib ] [ INFO ] No partner found for atom ND2
2026-04-23 20:44:42,280 [ genlib ] [ INFO ] Searching order 4
2026-04-23 20:44:42,280 [ genlib ] [ INFO ] Searching order 5
2026-04-23 20:44:42,280 [ genlib ] [ INFO ] Searching order 6
2026-04-23 20:44:42,280 [ genlib ] [ INFO ] Searching order 7
2026-04-23 20:44:42,282 [ genlib ] [ INFO ] Updating bond lists
2026-04-23 20:44:42,282 [ genlib ] [ INFO ] Updating dihedrals
2026-04-23 20:44:42,282 [ genlib ] [ INFO ] Updating impropers
2026-04-23 20:44:42,282 [ genlib ] [ INFO ] Building library files for ASN --> GLN mutant
2026-04-23 20:44:42,283 [ genlib ] [ INFO ] reading rtp file "aminoacids.rtp"
2026-04-23 20:44:42,317 [ genlib ] [ INFO ] ENTERED SIMPLE
2026-04-23 20:44:42,317 [ genlib ] [ INFO ] Making atom pairs
2026-04-23 20:44:42,317 [ genlib ] [ INFO ] Searching branch 1
2026-04-23 20:44:42,317 [ genlib ] [ INFO ] Searching order 2
2026-04-23 20:44:42,317 [ genlib ] [ INFO ] Checking atom 1HB
2026-04-23 20:44:42,317 [ genlib ] [ INFO ] Define atom pair: ASN|1HB|HC|H         - > GLN|1HB|HC|H         (d = 0.16 A)
2026-04-23 20:44:42,317 [ genlib ] [ INFO ] Checking atom 2HB
2026-04-23 20:44:42,317 [ genlib ] [ INFO ] Define atom pair: ASN|2HB|HC|H         - > GLN|2HB|HC|H         (d = 0.14 A)
2026-04-23 20:44:42,317 [ genlib ] [ INFO ] Checking atom CG
2026-04-23 20:44:42,317 [ genlib ] [ INFO ] Define atom pair: ASN|CG|C|C.2         - > GLN|CG|2C|C.3        (d = 0.13 A)
2026-04-23 20:44:42,317 [ genlib ] [ INFO ] Searching order 3
2026-04-23 20:44:42,317 [ genlib ] [ INFO ] Checking atom OD1
2026-04-23 20:44:42,317 [ genlib ] [ INFO ] Define atom pair: ASN|OD1|O|O.2        - > GLN|CD|C|C.2         (d = 0.22 A)
2026-04-23 20:44:42,317 [ genlib ] [ INFO ] Checking atom ND2
2026-04-23 20:44:42,317 [ genlib ] [ INFO ] No partner found for atom ND2
2026-04-23 20:44:42,317 [ genlib ] [ INFO ] Searching order 4
2026-04-23 20:44:42,317 [ genlib ] [ INFO ] Searching order 5
2026-04-23 20:44:42,317 [ genlib ] [ INFO ] Searching order 6
2026-04-23 20:44:42,317 [ genlib ] [ INFO ] Searching order 7
2026-04-23 20:44:42,317 [ genlib ] [ INFO ] Searching branch 2
2026-04-23 20:44:42,317 [ genlib ] [ INFO ] Searching order 2
2026-04-23 20:44:42,317 [ genlib ] [ INFO ] Searching order 3
2026-04-23 20:44:42,317 [ genlib ] [ INFO ] Checking atom ND2
2026-04-23 20:44:42,317 [ genlib ] [ INFO ] No partner found for atom ND2
2026-04-23 20:44:42,317 [ genlib ] [ INFO ] Searching order 4
2026-04-23 20:44:42,317 [ genlib ] [ INFO ] Searching order 5
2026-04-23 20:44:42,317 [ genlib ] [ INFO ] Searching order 6
2026-04-23 20:44:42,317 [ genlib ] [ INFO ] Searching order 7
2026-04-23 20:44:42,320 [ genlib ] [ INFO ] Updating bond lists
2026-04-23 20:44:42,320 [ genlib ] [ INFO ] Updating dihedrals
2026-04-23 20:44:42,320 [ genlib ] [ INFO ] Updating impropers
2026-04-23 20:44:42,320 [ genlib ] [ INFO ] Building library files for ASN --> GLU mutant
2026-04-23 20:44:42,321 [ genlib ] [ INFO ] reading rtp file "aminoacids.rtp"
2026-04-23 20:44:42,355 [ genlib ] [ INFO ] ENTERED SIMPLE
2026-04-23 20:44:42,356 [ genlib ] [ INFO ] Making atom pairs
2026-04-23 20:44:42,356 [ genlib ] [ INFO ] Searching branch 1
2026-04-23 20:44:42,356 [ genlib ] [ INFO ] Searching order 2
2026-04-23 20:44:42,356 [ genlib ] [ INFO ] Checking atom 1HB
2026-04-23 20:44:42,356 [ genlib ] [ INFO ] Define atom pair: ASN|1HB|HC|H         - > GLU|1HB|HC|H         (d = 0.18 A)
2026-04-23 20:44:42,356 [ genlib ] [ INFO ] Checking atom 2HB
2026-04-23 20:44:42,356 [ genlib ] [ INFO ] Define atom pair: ASN|2HB|HC|H         - > GLU|2HB|HC|H         (d = 0.14 A)
2026-04-23 20:44:42,356 [ genlib ] [ INFO ] Checking atom CG
2026-04-23 20:44:42,356 [ genlib ] [ INFO ] Define atom pair: ASN|CG|C|C.2         - > GLU|CG|2C|C.3        (d = 0.12 A)
2026-04-23 20:44:42,356 [ genlib ] [ INFO ] Searching order 3
2026-04-23 20:44:42,356 [ genlib ] [ INFO ] Checking atom OD1
2026-04-23 20:44:42,356 [ genlib ] [ INFO ] Define atom pair: ASN|OD1|O|O.2        - > GLU|CD|CO|C.2        (d = 0.31 A)
2026-04-23 20:44:42,356 [ genlib ] [ INFO ] Checking atom ND2
2026-04-23 20:44:42,356 [ genlib ] [ INFO ] No partner found for atom ND2
2026-04-23 20:44:42,356 [ genlib ] [ INFO ] Searching order 4
2026-04-23 20:44:42,356 [ genlib ] [ INFO ] Searching order 5
2026-04-23 20:44:42,356 [ genlib ] [ INFO ] Searching order 6
2026-04-23 20:44:42,356 [ genlib ] [ INFO ] Searching order 7
2026-04-23 20:44:42,356 [ genlib ] [ INFO ] Searching branch 2
2026-04-23 20:44:42,356 [ genlib ] [ INFO ] Searching order 2
2026-04-23 20:44:42,356 [ genlib ] [ INFO ] Searching order 3
2026-04-23 20:44:42,356 [ genlib ] [ INFO ] Checking atom ND2
2026-04-23 20:44:42,356 [ genlib ] [ INFO ] No partner found for atom ND2
2026-04-23 20:44:42,356 [ genlib ] [ INFO ] Searching order 4
2026-04-23 20:44:42,356 [ genlib ] [ INFO ] Searching order 5
2026-04-23 20:44:42,356 [ genlib ] [ INFO ] Searching order 6
2026-04-23 20:44:42,356 [ genlib ] [ INFO ] Searching order 7
2026-04-23 20:44:42,357 [ genlib ] [ INFO ] Updating bond lists
2026-04-23 20:44:42,357 [ genlib ] [ INFO ] Updating dihedrals
2026-04-23 20:44:42,357 [ genlib ] [ INFO ] Updating impropers
2026-04-23 20:44:42,358 [ genlib ] [ INFO ] Building library files for ASN --> GLY mutant
2026-04-23 20:44:42,358 [ genlib ] [ INFO ] reading rtp file "aminoacids.rtp"
2026-04-23 20:44:42,393 [ genlib ] [ INFO ] ENTERED G
2026-04-23 20:44:42,393 [ genlib ] [ INFO ] Making atom pairs
2026-04-23 20:44:42,394 [ genlib ] [ INFO ] Updating bond lists
2026-04-23 20:44:42,394 [ genlib ] [ INFO ] Updating dihedrals
2026-04-23 20:44:42,394 [ genlib ] [ INFO ] Updating impropers
2026-04-23 20:44:42,394 [ genlib ] [ INFO ] Building library files for ASN --> HID mutant
2026-04-23 20:44:42,395 [ genlib ] [ INFO ] reading rtp file "aminoacids.rtp"
2026-04-23 20:44:42,444 [ genlib ] [ INFO ] ENTERED RINGS
2026-04-23 20:44:42,444 [ genlib ] [ INFO ] Making atom pairs
2026-04-23 20:44:42,446 [ genlib ] [ INFO ] Updating bond lists
2026-04-23 20:44:42,447 [ genlib ] [ INFO ] Updating dihedrals
2026-04-23 20:44:42,447 [ genlib ] [ INFO ] Updating impropers
2026-04-23 20:44:42,447 [ genlib ] [ INFO ] Building library files for ASN --> HIE mutant
2026-04-23 20:44:42,448 [ genlib ] [ INFO ] reading rtp file "aminoacids.rtp"
2026-04-23 20:44:42,482 [ genlib ] [ INFO ] ENTERED RINGS
2026-04-23 20:44:42,482 [ genlib ] [ INFO ] Making atom pairs
2026-04-23 20:44:42,485 [ genlib ] [ INFO ] Updating bond lists
2026-04-23 20:44:42,485 [ genlib ] [ INFO ] Updating dihedrals
2026-04-23 20:44:42,485 [ genlib ] [ INFO ] Updating impropers
2026-04-23 20:44:42,485 [ genlib ] [ INFO ] Building library files for ASN --> HIP mutant
2026-04-23 20:44:42,486 [ genlib ] [ INFO ] reading rtp file "aminoacids.rtp"
2026-04-23 20:44:42,521 [ genlib ] [ INFO ] ENTERED RINGS
2026-04-23 20:44:42,521 [ genlib ] [ INFO ] Making atom pairs
2026-04-23 20:44:42,524 [ genlib ] [ INFO ] Updating bond lists
2026-04-23 20:44:42,524 [ genlib ] [ INFO ] Updating dihedrals
2026-04-23 20:44:42,524 [ genlib ] [ INFO ] Updating impropers
2026-04-23 20:44:42,525 [ genlib ] [ INFO ] Building library files for ASN --> ILE mutant
2026-04-23 20:44:42,525 [ genlib ] [ INFO ] reading rtp file "aminoacids.rtp"
2026-04-23 20:44:42,560 [ genlib ] [ INFO ] ENTERED SIMPLE
2026-04-23 20:44:42,560 [ genlib ] [ INFO ] Making atom pairs
2026-04-23 20:44:42,560 [ genlib ] [ INFO ] Searching branch 1
2026-04-23 20:44:42,560 [ genlib ] [ INFO ] Searching order 2
2026-04-23 20:44:42,560 [ genlib ] [ INFO ] Checking atom 1HB
2026-04-23 20:44:42,560 [ genlib ] [ INFO ] Define atom pair: ASN|1HB|HC|H         - > ILE|HB|HC|H          (d = 0.14 A)
2026-04-23 20:44:42,560 [ genlib ] [ INFO ] Checking atom 2HB
2026-04-23 20:44:42,560 [ genlib ] [ INFO ] Define atom pair: ASN|2HB|HC|H         - > ILE|CG2|CT|C.3       (d = 0.45 A)
2026-04-23 20:44:42,560 [ genlib ] [ INFO ] Checking atom CG
2026-04-23 20:44:42,560 [ genlib ] [ INFO ] Define atom pair: ASN|CG|C|C.2         - > ILE|CG1|2C|C.3       (d = 0.06 A)
2026-04-23 20:44:42,560 [ genlib ] [ INFO ] Searching order 3
2026-04-23 20:44:42,560 [ genlib ] [ INFO ] Checking atom OD1
2026-04-23 20:44:42,560 [ genlib ] [ INFO ] Define atom pair: ASN|OD1|O|O.2        - > ILE|CD1|CT|C.3       (d = 0.34 A)
2026-04-23 20:44:42,560 [ genlib ] [ INFO ] Checking atom ND2
2026-04-23 20:44:42,560 [ genlib ] [ INFO ] No partner found for atom ND2
2026-04-23 20:44:42,560 [ genlib ] [ INFO ] Searching order 4
2026-04-23 20:44:42,560 [ genlib ] [ INFO ] Searching order 5
2026-04-23 20:44:42,561 [ genlib ] [ INFO ] Searching order 6
2026-04-23 20:44:42,561 [ genlib ] [ INFO ] Searching order 7
2026-04-23 20:44:42,561 [ genlib ] [ INFO ] Searching branch 2
2026-04-23 20:44:42,561 [ genlib ] [ INFO ] Searching order 2
2026-04-23 20:44:42,561 [ genlib ] [ INFO ] Searching order 3
2026-04-23 20:44:42,561 [ genlib ] [ INFO ] Checking atom ND2
2026-04-23 20:44:42,561 [ genlib ] [ INFO ] No partner found for atom ND2
2026-04-23 20:44:42,561 [ genlib ] [ INFO ] Searching order 4
2026-04-23 20:44:42,561 [ genlib ] [ INFO ] Searching order 5
2026-04-23 20:44:42,561 [ genlib ] [ INFO ] Searching order 6
2026-04-23 20:44:42,561 [ genlib ] [ INFO ] Searching order 7
2026-04-23 20:44:42,564 [ genlib ] [ INFO ] Updating bond lists
2026-04-23 20:44:42,564 [ genlib ] [ INFO ] Updating dihedrals
2026-04-23 20:44:42,564 [ genlib ] [ INFO ] Updating impropers
2026-04-23 20:44:42,564 [ genlib ] [ INFO ] Building library files for ASN --> LEU mutant
2026-04-23 20:44:42,565 [ genlib ] [ INFO ] reading rtp file "aminoacids.rtp"
2026-04-23 20:44:42,600 [ genlib ] [ INFO ] ENTERED SIMPLE
2026-04-23 20:44:42,600 [ genlib ] [ INFO ] Making atom pairs
2026-04-23 20:44:42,600 [ genlib ] [ INFO ] Searching branch 1
2026-04-23 20:44:42,600 [ genlib ] [ INFO ] Searching order 2
2026-04-23 20:44:42,600 [ genlib ] [ INFO ] Checking atom 1HB
2026-04-23 20:44:42,600 [ genlib ] [ INFO ] Define atom pair: ASN|1HB|HC|H         - > LEU|1HB|HC|H         (d = 0.09 A)
2026-04-23 20:44:42,600 [ genlib ] [ INFO ] Checking atom 2HB
2026-04-23 20:44:42,600 [ genlib ] [ INFO ] Define atom pair: ASN|2HB|HC|H         - > LEU|2HB|HC|H         (d = 0.09 A)
2026-04-23 20:44:42,600 [ genlib ] [ INFO ] Checking atom CG
2026-04-23 20:44:42,600 [ genlib ] [ INFO ] Define atom pair: ASN|CG|C|C.2         - > LEU|CG|3C|C.3        (d = 0.11 A)
2026-04-23 20:44:42,600 [ genlib ] [ INFO ] Searching order 3
2026-04-23 20:44:42,600 [ genlib ] [ INFO ] Checking atom OD1
2026-04-23 20:44:42,600 [ genlib ] [ INFO ] Define atom pair: ASN|OD1|O|O.2        - > LEU|CD1|CT|C.3       (d = 0.35 A)
2026-04-23 20:44:42,600 [ genlib ] [ INFO ] Checking atom ND2
2026-04-23 20:44:42,600 [ genlib ] [ INFO ] No partner found for atom ND2
2026-04-23 20:44:42,600 [ genlib ] [ INFO ] Searching order 4
2026-04-23 20:44:42,600 [ genlib ] [ INFO ] Searching order 5
2026-04-23 20:44:42,600 [ genlib ] [ INFO ] Searching order 6
2026-04-23 20:44:42,600 [ genlib ] [ INFO ] Searching order 7
2026-04-23 20:44:42,600 [ genlib ] [ INFO ] Searching branch 2
2026-04-23 20:44:42,600 [ genlib ] [ INFO ] Searching order 2
2026-04-23 20:44:42,600 [ genlib ] [ INFO ] Searching order 3
2026-04-23 20:44:42,600 [ genlib ] [ INFO ] Checking atom ND2
2026-04-23 20:44:42,600 [ genlib ] [ INFO ] No partner found for atom ND2
2026-04-23 20:44:42,600 [ genlib ] [ INFO ] Searching order 4
2026-04-23 20:44:42,600 [ genlib ] [ INFO ] Searching order 5
2026-04-23 20:44:42,600 [ genlib ] [ INFO ] Searching order 6
2026-04-23 20:44:42,600 [ genlib ] [ INFO ] Searching order 7
2026-04-23 20:44:42,603 [ genlib ] [ INFO ] Updating bond lists
2026-04-23 20:44:42,603 [ genlib ] [ INFO ] Updating dihedrals
2026-04-23 20:44:42,603 [ genlib ] [ INFO ] Updating impropers
2026-04-23 20:44:42,604 [ genlib ] [ INFO ] Building library files for ASN --> LYN mutant
2026-04-23 20:44:42,604 [ genlib ] [ INFO ] reading rtp file "aminoacids.rtp"
2026-04-23 20:44:42,639 [ genlib ] [ INFO ] ENTERED SIMPLE
2026-04-23 20:44:42,639 [ genlib ] [ INFO ] Making atom pairs
2026-04-23 20:44:42,639 [ genlib ] [ INFO ] Searching branch 1
2026-04-23 20:44:42,639 [ genlib ] [ INFO ] Searching order 2
2026-04-23 20:44:42,639 [ genlib ] [ INFO ] Checking atom 1HB
2026-04-23 20:44:42,640 [ genlib ] [ INFO ] Define atom pair: ASN|1HB|HC|H         - > LYN|1HB|HC|H         (d = 0.15 A)
2026-04-23 20:44:42,640 [ genlib ] [ INFO ] Checking atom 2HB
2026-04-23 20:44:42,640 [ genlib ] [ INFO ] Define atom pair: ASN|2HB|HC|H         - > LYN|2HB|HC|H         (d = 0.18 A)
2026-04-23 20:44:42,640 [ genlib ] [ INFO ] Checking atom CG
2026-04-23 20:44:42,640 [ genlib ] [ INFO ] Define atom pair: ASN|CG|C|C.2         - > LYN|CG|CT|C.3        (d = 0.17 A)
2026-04-23 20:44:42,640 [ genlib ] [ INFO ] Searching order 3
2026-04-23 20:44:42,640 [ genlib ] [ INFO ] Checking atom OD1
2026-04-23 20:44:42,640 [ genlib ] [ INFO ] Define atom pair: ASN|OD1|O|O.2        - > LYN|CD|CT|C.3        (d = 0.27 A)
2026-04-23 20:44:42,640 [ genlib ] [ INFO ] Checking atom ND2
2026-04-23 20:44:42,640 [ genlib ] [ INFO ] No partner found for atom ND2
2026-04-23 20:44:42,640 [ genlib ] [ INFO ] Searching order 4
2026-04-23 20:44:42,640 [ genlib ] [ INFO ] Searching order 5
2026-04-23 20:44:42,640 [ genlib ] [ INFO ] Searching order 6
2026-04-23 20:44:42,640 [ genlib ] [ INFO ] Searching order 7
2026-04-23 20:44:42,640 [ genlib ] [ INFO ] Searching branch 2
2026-04-23 20:44:42,640 [ genlib ] [ INFO ] Searching order 2
2026-04-23 20:44:42,640 [ genlib ] [ INFO ] Searching order 3
2026-04-23 20:44:42,640 [ genlib ] [ INFO ] Checking atom ND2
2026-04-23 20:44:42,640 [ genlib ] [ INFO ] No partner found for atom ND2
2026-04-23 20:44:42,640 [ genlib ] [ INFO ] Searching order 4
2026-04-23 20:44:42,640 [ genlib ] [ INFO ] Searching order 5
2026-04-23 20:44:42,640 [ genlib ] [ INFO ] Searching order 6
2026-04-23 20:44:42,640 [ genlib ] [ INFO ] Searching order 7
2026-04-23 20:44:42,644 [ genlib ] [ INFO ] Updating bond lists
2026-04-23 20:44:42,644 [ genlib ] [ INFO ] Updating dihedrals
2026-04-23 20:44:42,644 [ genlib ] [ INFO ] Updating impropers
2026-04-23 20:44:42,645 [ genlib ] [ INFO ] Building library files for ASN --> LYS mutant
2026-04-23 20:44:42,645 [ genlib ] [ INFO ] reading rtp file "aminoacids.rtp"
2026-04-23 20:44:42,680 [ genlib ] [ INFO ] ENTERED SIMPLE
2026-04-23 20:44:42,680 [ genlib ] [ INFO ] Making atom pairs
2026-04-23 20:44:42,680 [ genlib ] [ INFO ] Searching branch 1
2026-04-23 20:44:42,680 [ genlib ] [ INFO ] Searching order 2
2026-04-23 20:44:42,680 [ genlib ] [ INFO ] Checking atom 1HB
2026-04-23 20:44:42,680 [ genlib ] [ INFO ] Define atom pair: ASN|1HB|HC|H         - > LYS|1HB|HC|H         (d = 0.18 A)
2026-04-23 20:44:42,680 [ genlib ] [ INFO ] Checking atom 2HB
2026-04-23 20:44:42,680 [ genlib ] [ INFO ] Define atom pair: ASN|2HB|HC|H         - > LYS|2HB|HC|H         (d = 0.17 A)
2026-04-23 20:44:42,680 [ genlib ] [ INFO ] Checking atom CG
2026-04-23 20:44:42,680 [ genlib ] [ INFO ] Define atom pair: ASN|CG|C|C.2         - > LYS|CG|C8|C.3        (d = 0.17 A)
2026-04-23 20:44:42,680 [ genlib ] [ INFO ] Searching order 3
2026-04-23 20:44:42,680 [ genlib ] [ INFO ] Checking atom OD1
2026-04-23 20:44:42,680 [ genlib ] [ INFO ] Define atom pair: ASN|OD1|O|O.2        - > LYS|CD|C8|C.3        (d = 0.25 A)
2026-04-23 20:44:42,680 [ genlib ] [ INFO ] Checking atom ND2
2026-04-23 20:44:42,680 [ genlib ] [ INFO ] No partner found for atom ND2
2026-04-23 20:44:42,680 [ genlib ] [ INFO ] Searching order 4
2026-04-23 20:44:42,680 [ genlib ] [ INFO ] Searching order 5
2026-04-23 20:44:42,680 [ genlib ] [ INFO ] Searching order 6
2026-04-23 20:44:42,680 [ genlib ] [ INFO ] Searching order 7
2026-04-23 20:44:42,680 [ genlib ] [ INFO ] Searching branch 2
2026-04-23 20:44:42,680 [ genlib ] [ INFO ] Searching order 2
2026-04-23 20:44:42,680 [ genlib ] [ INFO ] Searching order 3
2026-04-23 20:44:42,680 [ genlib ] [ INFO ] Checking atom ND2
2026-04-23 20:44:42,680 [ genlib ] [ INFO ] No partner found for atom ND2
2026-04-23 20:44:42,680 [ genlib ] [ INFO ] Searching order 4
2026-04-23 20:44:42,680 [ genlib ] [ INFO ] Searching order 5
2026-04-23 20:44:42,680 [ genlib ] [ INFO ] Searching order 6
2026-04-23 20:44:42,680 [ genlib ] [ INFO ] Searching order 7
2026-04-23 20:44:42,685 [ genlib ] [ INFO ] Updating bond lists
2026-04-23 20:44:42,685 [ genlib ] [ INFO ] Updating dihedrals
2026-04-23 20:44:42,685 [ genlib ] [ INFO ] Updating impropers
2026-04-23 20:44:42,685 [ genlib ] [ INFO ] Building library files for ASN --> MET mutant
2026-04-23 20:44:42,686 [ genlib ] [ INFO ] reading rtp file "aminoacids.rtp"
2026-04-23 20:44:42,720 [ genlib ] [ INFO ] ENTERED SIMPLE
2026-04-23 20:44:42,720 [ genlib ] [ INFO ] Making atom pairs
2026-04-23 20:44:42,720 [ genlib ] [ INFO ] Searching branch 1
2026-04-23 20:44:42,720 [ genlib ] [ INFO ] Searching order 2
2026-04-23 20:44:42,720 [ genlib ] [ INFO ] Checking atom 1HB
2026-04-23 20:44:42,720 [ genlib ] [ INFO ] Define atom pair: ASN|1HB|HC|H         - > MET|1HB|HC|H         (d = 0.08 A)
2026-04-23 20:44:42,720 [ genlib ] [ INFO ] Checking atom 2HB
2026-04-23 20:44:42,720 [ genlib ] [ INFO ] Define atom pair: ASN|2HB|HC|H         - > MET|2HB|HC|H         (d = 0.07 A)
2026-04-23 20:44:42,720 [ genlib ] [ INFO ] Checking atom CG
2026-04-23 20:44:42,720 [ genlib ] [ INFO ] Define atom pair: ASN|CG|C|C.2         - > MET|CG|2C|C.3        (d = 0.07 A)
2026-04-23 20:44:42,720 [ genlib ] [ INFO ] Searching order 3
2026-04-23 20:44:42,721 [ genlib ] [ INFO ] Checking atom OD1
2026-04-23 20:44:42,721 [ genlib ] [ INFO ] Define atom pair: ASN|OD1|O|O.2        - > MET|SD|S|S.3         (d = 0.52 A)
2026-04-23 20:44:42,721 [ genlib ] [ INFO ] Checking atom ND2
2026-04-23 20:44:42,721 [ genlib ] [ INFO ] No partner found for atom ND2
2026-04-23 20:44:42,721 [ genlib ] [ INFO ] Searching order 4
2026-04-23 20:44:42,721 [ genlib ] [ INFO ] Searching order 5
2026-04-23 20:44:42,721 [ genlib ] [ INFO ] Searching order 6
2026-04-23 20:44:42,721 [ genlib ] [ INFO ] Searching order 7
2026-04-23 20:44:42,721 [ genlib ] [ INFO ] Searching branch 2
2026-04-23 20:44:42,721 [ genlib ] [ INFO ] Searching order 2
2026-04-23 20:44:42,721 [ genlib ] [ INFO ] Searching order 3
2026-04-23 20:44:42,721 [ genlib ] [ INFO ] Checking atom ND2
2026-04-23 20:44:42,721 [ genlib ] [ INFO ] No partner found for atom ND2
2026-04-23 20:44:42,721 [ genlib ] [ INFO ] Searching order 4
2026-04-23 20:44:42,721 [ genlib ] [ INFO ] Searching order 5
2026-04-23 20:44:42,721 [ genlib ] [ INFO ] Searching order 6
2026-04-23 20:44:42,721 [ genlib ] [ INFO ] Searching order 7
2026-04-23 20:44:42,723 [ genlib ] [ INFO ] Updating bond lists
2026-04-23 20:44:42,723 [ genlib ] [ INFO ] Updating dihedrals
2026-04-23 20:44:42,723 [ genlib ] [ INFO ] Updating impropers
2026-04-23 20:44:42,723 [ genlib ] [ INFO ] Building library files for ASN --> PHE mutant
2026-04-23 20:44:42,724 [ genlib ] [ INFO ] reading rtp file "aminoacids.rtp"
2026-04-23 20:44:42,758 [ genlib ] [ INFO ] ENTERED RINGS
2026-04-23 20:44:42,758 [ genlib ] [ INFO ] Making atom pairs
2026-04-23 20:44:42,763 [ genlib ] [ INFO ] Updating bond lists
2026-04-23 20:44:42,763 [ genlib ] [ INFO ] Updating dihedrals
2026-04-23 20:44:42,763 [ genlib ] [ INFO ] Updating impropers
2026-04-23 20:44:42,763 [ genlib ] [ INFO ] Building library files for ASN --> PRO mutant
2026-04-23 20:44:42,764 [ genlib ] [ INFO ] reading rtp file "aminoacids.rtp"
2026-04-23 20:44:42,798 [ genlib ] [ INFO ] ENTERED P
2026-04-23 20:44:42,798 [ genlib ] [ INFO ] Making atom pairs
2026-04-23 20:44:42,801 [ genlib ] [ INFO ] Updating bond lists
2026-04-23 20:44:42,801 [ genlib ] [ INFO ] Updating dihedrals
2026-04-23 20:44:42,801 [ genlib ] [ INFO ] Updating impropers
2026-04-23 20:44:42,801 [ genlib ] [ INFO ] Building library files for ASN --> SER mutant
2026-04-23 20:44:42,802 [ genlib ] [ INFO ] reading rtp file "aminoacids.rtp"
2026-04-23 20:44:42,837 [ genlib ] [ INFO ] ENTERED SIMPLE
2026-04-23 20:44:42,837 [ genlib ] [ INFO ] Making atom pairs
2026-04-23 20:44:42,837 [ genlib ] [ INFO ] Searching branch 1
2026-04-23 20:44:42,837 [ genlib ] [ INFO ] Searching order 2
2026-04-23 20:44:42,837 [ genlib ] [ INFO ] Checking atom 1HB
2026-04-23 20:44:42,837 [ genlib ] [ INFO ] Define atom pair: ASN|1HB|HC|H         - > SER|1HB|H1|H         (d = 0.15 A)
2026-04-23 20:44:42,837 [ genlib ] [ INFO ] Checking atom 2HB
2026-04-23 20:44:42,837 [ genlib ] [ INFO ] Define atom pair: ASN|2HB|HC|H         - > SER|2HB|H1|H         (d = 0.13 A)
2026-04-23 20:44:42,837 [ genlib ] [ INFO ] Checking atom CG
2026-04-23 20:44:42,837 [ genlib ] [ INFO ] Define atom pair: ASN|CG|C|C.2         - > SER|OG|OH|O.3        (d = 0.14 A)
2026-04-23 20:44:42,837 [ genlib ] [ INFO ] Searching order 3
2026-04-23 20:44:42,837 [ genlib ] [ INFO ] Checking atom OD1
2026-04-23 20:44:42,837 [ genlib ] [ INFO ] Define atom pair: ASN|OD1|O|O.2        - > SER|HG|HO|H          (d = 0.46 A)
2026-04-23 20:44:42,837 [ genlib ] [ INFO ] Checking atom ND2
2026-04-23 20:44:42,837 [ genlib ] [ INFO ] No partner found for atom ND2
2026-04-23 20:44:42,837 [ genlib ] [ INFO ] Searching order 4
2026-04-23 20:44:42,837 [ genlib ] [ INFO ] Searching order 5
2026-04-23 20:44:42,837 [ genlib ] [ INFO ] Searching order 6
2026-04-23 20:44:42,837 [ genlib ] [ INFO ] Searching order 7
2026-04-23 20:44:42,837 [ genlib ] [ INFO ] Searching branch 2
2026-04-23 20:44:42,837 [ genlib ] [ INFO ] Searching order 2
2026-04-23 20:44:42,837 [ genlib ] [ INFO ] Searching order 3
2026-04-23 20:44:42,837 [ genlib ] [ INFO ] Checking atom ND2
2026-04-23 20:44:42,837 [ genlib ] [ INFO ] No partner found for atom ND2
2026-04-23 20:44:42,837 [ genlib ] [ INFO ] Searching order 4
2026-04-23 20:44:42,837 [ genlib ] [ INFO ] Searching order 5
2026-04-23 20:44:42,837 [ genlib ] [ INFO ] Searching order 6
2026-04-23 20:44:42,837 [ genlib ] [ INFO ] Searching order 7
2026-04-23 20:44:42,838 [ genlib ] [ INFO ] Updating bond lists
2026-04-23 20:44:42,838 [ genlib ] [ INFO ] Updating dihedrals
2026-04-23 20:44:42,838 [ genlib ] [ INFO ] Updating impropers
2026-04-23 20:44:42,838 [ genlib ] [ INFO ] Building library files for ASN --> THR mutant
2026-04-23 20:44:42,839 [ genlib ] [ INFO ] reading rtp file "aminoacids.rtp"
2026-04-23 20:44:42,875 [ genlib ] [ INFO ] ENTERED SIMPLE
2026-04-23 20:44:42,875 [ genlib ] [ INFO ] Making atom pairs
2026-04-23 20:44:42,875 [ genlib ] [ INFO ] Searching branch 1
2026-04-23 20:44:42,875 [ genlib ] [ INFO ] Searching order 2
2026-04-23 20:44:42,875 [ genlib ] [ INFO ] Checking atom 1HB
2026-04-23 20:44:42,875 [ genlib ] [ INFO ] Define atom pair: ASN|1HB|HC|H         - > THR|HB|H1|H          (d = 0.16 A)
2026-04-23 20:44:42,875 [ genlib ] [ INFO ] Checking atom 2HB
2026-04-23 20:44:42,875 [ genlib ] [ INFO ] Define atom pair: ASN|2HB|HC|H         - > THR|CG2|CT|C.3       (d = 0.43 A)
2026-04-23 20:44:42,875 [ genlib ] [ INFO ] Checking atom CG
2026-04-23 20:44:42,875 [ genlib ] [ INFO ] Define atom pair: ASN|CG|C|C.2         - > THR|OG1|OH|O.3       (d = 0.21 A)
2026-04-23 20:44:42,875 [ genlib ] [ INFO ] Searching order 3
2026-04-23 20:44:42,875 [ genlib ] [ INFO ] Checking atom OD1
2026-04-23 20:44:42,875 [ genlib ] [ INFO ] Define atom pair: ASN|OD1|O|O.2        - > THR|HG1|HO|H         (d = 0.53 A)
2026-04-23 20:44:42,875 [ genlib ] [ INFO ] Checking atom ND2
2026-04-23 20:44:42,875 [ genlib ] [ INFO ] No partner found for atom ND2
2026-04-23 20:44:42,875 [ genlib ] [ INFO ] Searching order 4
2026-04-23 20:44:42,875 [ genlib ] [ INFO ] Searching order 5
2026-04-23 20:44:42,875 [ genlib ] [ INFO ] Searching order 6
2026-04-23 20:44:42,875 [ genlib ] [ INFO ] Searching order 7
2026-04-23 20:44:42,875 [ genlib ] [ INFO ] Searching branch 2
2026-04-23 20:44:42,875 [ genlib ] [ INFO ] Searching order 2
2026-04-23 20:44:42,875 [ genlib ] [ INFO ] Searching order 3
2026-04-23 20:44:42,875 [ genlib ] [ INFO ] Checking atom ND2
2026-04-23 20:44:42,875 [ genlib ] [ INFO ] No partner found for atom ND2
2026-04-23 20:44:42,875 [ genlib ] [ INFO ] Searching order 4
2026-04-23 20:44:42,875 [ genlib ] [ INFO ] Searching order 5
2026-04-23 20:44:42,875 [ genlib ] [ INFO ] Searching order 6
2026-04-23 20:44:42,876 [ genlib ] [ INFO ] Searching order 7
2026-04-23 20:44:42,877 [ genlib ] [ INFO ] Updating bond lists
2026-04-23 20:44:42,877 [ genlib ] [ INFO ] Updating dihedrals
2026-04-23 20:44:42,877 [ genlib ] [ INFO ] Updating impropers
2026-04-23 20:44:42,877 [ genlib ] [ INFO ] Building library files for ASN --> TRP mutant
2026-04-23 20:44:42,878 [ genlib ] [ INFO ] reading rtp file "aminoacids.rtp"
2026-04-23 20:44:42,915 [ genlib ] [ INFO ] ENTERED RINGS
2026-04-23 20:44:42,915 [ genlib ] [ INFO ] Making atom pairs
2026-04-23 20:44:42,924 [ genlib ] [ INFO ] Updating bond lists
2026-04-23 20:44:42,924 [ genlib ] [ INFO ] Updating dihedrals
2026-04-23 20:44:42,924 [ genlib ] [ INFO ] Updating impropers
2026-04-23 20:44:42,924 [ genlib ] [ INFO ] Building library files for ASN --> TYR mutant
2026-04-23 20:44:42,925 [ genlib ] [ INFO ] reading rtp file "aminoacids.rtp"
2026-04-23 20:44:42,962 [ genlib ] [ INFO ] ENTERED RINGS
2026-04-23 20:44:42,962 [ genlib ] [ INFO ] Making atom pairs
2026-04-23 20:44:42,967 [ genlib ] [ INFO ] Updating bond lists
2026-04-23 20:44:42,967 [ genlib ] [ INFO ] Updating dihedrals
2026-04-23 20:44:42,967 [ genlib ] [ INFO ] Updating impropers
2026-04-23 20:44:42,968 [ genlib ] [ INFO ] Building library files for ASN --> VAL mutant
2026-04-23 20:44:42,969 [ genlib ] [ INFO ] reading rtp file "aminoacids.rtp"
2026-04-23 20:44:43,005 [ genlib ] [ INFO ] ENTERED SIMPLE
2026-04-23 20:44:43,005 [ genlib ] [ INFO ] Making atom pairs
2026-04-23 20:44:43,005 [ genlib ] [ INFO ] Searching branch 1
2026-04-23 20:44:43,005 [ genlib ] [ INFO ] Searching order 2
2026-04-23 20:44:43,005 [ genlib ] [ INFO ] Checking atom 1HB
2026-04-23 20:44:43,005 [ genlib ] [ INFO ] Define atom pair: ASN|1HB|HC|H         - > VAL|HB|HC|H          (d = 0.23 A)
2026-04-23 20:44:43,005 [ genlib ] [ INFO ] Checking atom 2HB
2026-04-23 20:44:43,005 [ genlib ] [ INFO ] Define atom pair: ASN|2HB|HC|H         - > VAL|CG1|CT|C.3       (d = 0.43 A)
2026-04-23 20:44:43,005 [ genlib ] [ INFO ] Checking atom CG
2026-04-23 20:44:43,005 [ genlib ] [ INFO ] Define atom pair: ASN|CG|C|C.2         - > VAL|CG2|CT|C.3       (d = 0.17 A)
2026-04-23 20:44:43,005 [ genlib ] [ INFO ] Searching order 3
2026-04-23 20:44:43,005 [ genlib ] [ INFO ] Checking atom OD1
2026-04-23 20:44:43,005 [ genlib ] [ INFO ] Define atom pair: ASN|OD1|O|O.2        - > VAL|1HG2|HC|H        (d = 0.25 A)
2026-04-23 20:44:43,005 [ genlib ] [ INFO ] Checking atom ND2
2026-04-23 20:44:43,005 [ genlib ] [ INFO ] No partner found for atom ND2
2026-04-23 20:44:43,005 [ genlib ] [ INFO ] Searching order 4
2026-04-23 20:44:43,005 [ genlib ] [ INFO ] Searching order 5
2026-04-23 20:44:43,005 [ genlib ] [ INFO ] Searching order 6
2026-04-23 20:44:43,005 [ genlib ] [ INFO ] Searching order 7
2026-04-23 20:44:43,005 [ genlib ] [ INFO ] Searching branch 2
2026-04-23 20:44:43,005 [ genlib ] [ INFO ] Searching order 2
2026-04-23 20:44:43,005 [ genlib ] [ INFO ] Searching order 3
2026-04-23 20:44:43,005 [ genlib ] [ INFO ] Checking atom ND2
2026-04-23 20:44:43,005 [ genlib ] [ INFO ] No partner found for atom ND2
2026-04-23 20:44:43,005 [ genlib ] [ INFO ] Searching order 4
2026-04-23 20:44:43,005 [ genlib ] [ INFO ] Searching order 5
2026-04-23 20:44:43,005 [ genlib ] [ INFO ] Searching order 6
2026-04-23 20:44:43,005 [ genlib ] [ INFO ] Searching order 7
2026-04-23 20:44:43,007 [ genlib ] [ INFO ] Updating bond lists
2026-04-23 20:44:43,007 [ genlib ] [ INFO ] Updating dihedrals
2026-04-23 20:44:43,008 [ genlib ] [ INFO ] Updating impropers
2026-04-23 20:44:43,008 [ genlib ] [ INFO ] Building library files for ASP --> ALA mutant
2026-04-23 20:44:43,008 [ genlib ] [ INFO ] reading rtp file "aminoacids.rtp"
2026-04-23 20:44:43,044 [ genlib ] [ INFO ] ENTERED SIMPLE
2026-04-23 20:44:43,044 [ genlib ] [ INFO ] Making atom pairs
2026-04-23 20:44:43,044 [ genlib ] [ INFO ] Searching branch 1
2026-04-23 20:44:43,044 [ genlib ] [ INFO ] Searching order 2
2026-04-23 20:44:43,044 [ genlib ] [ INFO ] Checking atom 1HB
2026-04-23 20:44:43,044 [ genlib ] [ INFO ] Define atom pair: ASP|1HB|HC|H         - > ALA|2HB|HC|H         (d = 0.06 A)
2026-04-23 20:44:43,044 [ genlib ] [ INFO ] Checking atom 2HB
2026-04-23 20:44:43,044 [ genlib ] [ INFO ] Define atom pair: ASP|2HB|HC|H         - > ALA|3HB|HC|H         (d = 0.07 A)
2026-04-23 20:44:43,044 [ genlib ] [ INFO ] Checking atom CG
2026-04-23 20:44:43,044 [ genlib ] [ INFO ] Define atom pair: ASP|CG|CO|C.2        - > ALA|1HB|HC|H         (d = 0.49 A)
2026-04-23 20:44:43,044 [ genlib ] [ INFO ] Searching order 3
2026-04-23 20:44:43,044 [ genlib ] [ INFO ] Checking atom OD1
2026-04-23 20:44:43,044 [ genlib ] [ INFO ] No partner found for atom OD1
2026-04-23 20:44:43,044 [ genlib ] [ INFO ] Checking atom OD2
2026-04-23 20:44:43,044 [ genlib ] [ INFO ] No partner found for atom OD2
2026-04-23 20:44:43,044 [ genlib ] [ INFO ] Searching order 4
2026-04-23 20:44:43,044 [ genlib ] [ INFO ] Searching order 5
2026-04-23 20:44:43,044 [ genlib ] [ INFO ] Searching order 6
2026-04-23 20:44:43,044 [ genlib ] [ INFO ] Searching order 7
2026-04-23 20:44:43,044 [ genlib ] [ INFO ] Searching branch 2
2026-04-23 20:44:43,044 [ genlib ] [ INFO ] Searching order 2
2026-04-23 20:44:43,044 [ genlib ] [ INFO ] Searching order 3
2026-04-23 20:44:43,044 [ genlib ] [ INFO ] Checking atom OD1
2026-04-23 20:44:43,044 [ genlib ] [ INFO ] No partner found for atom OD1
2026-04-23 20:44:43,044 [ genlib ] [ INFO ] Checking atom OD2
2026-04-23 20:44:43,044 [ genlib ] [ INFO ] No partner found for atom OD2
2026-04-23 20:44:43,044 [ genlib ] [ INFO ] Searching order 4
2026-04-23 20:44:43,044 [ genlib ] [ INFO ] Searching order 5
2026-04-23 20:44:43,044 [ genlib ] [ INFO ] Searching order 6
2026-04-23 20:44:43,044 [ genlib ] [ INFO ] Searching order 7
2026-04-23 20:44:43,044 [ genlib ] [ INFO ] Updating bond lists
2026-04-23 20:44:43,044 [ genlib ] [ INFO ] Updating dihedrals
2026-04-23 20:44:43,044 [ genlib ] [ INFO ] Updating impropers
2026-04-23 20:44:43,045 [ genlib ] [ INFO ] Building library files for ASP --> ARG mutant
2026-04-23 20:44:43,045 [ genlib ] [ INFO ] reading rtp file "aminoacids.rtp"
2026-04-23 20:44:43,080 [ genlib ] [ INFO ] ENTERED SIMPLE
2026-04-23 20:44:43,080 [ genlib ] [ INFO ] Making atom pairs
2026-04-23 20:44:43,080 [ genlib ] [ INFO ] Searching branch 1
2026-04-23 20:44:43,080 [ genlib ] [ INFO ] Searching order 2
2026-04-23 20:44:43,080 [ genlib ] [ INFO ] Checking atom 1HB
2026-04-23 20:44:43,080 [ genlib ] [ INFO ] Define atom pair: ASP|1HB|HC|H         - > ARG|1HB|HC|H         (d = 0.13 A)
2026-04-23 20:44:43,080 [ genlib ] [ INFO ] Checking atom 2HB
2026-04-23 20:44:43,080 [ genlib ] [ INFO ] Define atom pair: ASP|2HB|HC|H         - > ARG|2HB|HC|H         (d = 0.13 A)
2026-04-23 20:44:43,080 [ genlib ] [ INFO ] Checking atom CG
2026-04-23 20:44:43,080 [ genlib ] [ INFO ] Define atom pair: ASP|CG|CO|C.2        - > ARG|CG|C8|C.3        (d = 0.18 A)
2026-04-23 20:44:43,080 [ genlib ] [ INFO ] Searching order 3
2026-04-23 20:44:43,080 [ genlib ] [ INFO ] Checking atom OD1
2026-04-23 20:44:43,080 [ genlib ] [ INFO ] Define atom pair: ASP|OD1|O2|O.co2     - > ARG|CD|C8|C.3        (d = 0.17 A)
2026-04-23 20:44:43,080 [ genlib ] [ INFO ] Checking atom OD2
2026-04-23 20:44:43,080 [ genlib ] [ INFO ] No partner found for atom OD2
2026-04-23 20:44:43,080 [ genlib ] [ INFO ] Searching order 4
2026-04-23 20:44:43,080 [ genlib ] [ INFO ] Searching order 5
2026-04-23 20:44:43,080 [ genlib ] [ INFO ] Searching order 6
2026-04-23 20:44:43,080 [ genlib ] [ INFO ] Searching order 7
2026-04-23 20:44:43,080 [ genlib ] [ INFO ] Searching branch 2
2026-04-23 20:44:43,080 [ genlib ] [ INFO ] Searching order 2
2026-04-23 20:44:43,080 [ genlib ] [ INFO ] Searching order 3
2026-04-23 20:44:43,080 [ genlib ] [ INFO ] Checking atom OD2
2026-04-23 20:44:43,080 [ genlib ] [ INFO ] No partner found for atom OD2
2026-04-23 20:44:43,080 [ genlib ] [ INFO ] Searching order 4
2026-04-23 20:44:43,080 [ genlib ] [ INFO ] Searching order 5
2026-04-23 20:44:43,080 [ genlib ] [ INFO ] Searching order 6
2026-04-23 20:44:43,080 [ genlib ] [ INFO ] Searching order 7
2026-04-23 20:44:43,086 [ genlib ] [ INFO ] Updating bond lists
2026-04-23 20:44:43,086 [ genlib ] [ INFO ] Updating dihedrals
2026-04-23 20:44:43,086 [ genlib ] [ INFO ] Updating impropers
2026-04-23 20:44:43,087 [ genlib ] [ INFO ] Building library files for ASP --> ASH mutant
2026-04-23 20:44:43,087 [ genlib ] [ INFO ] reading rtp file "aminoacids.rtp"
2026-04-23 20:44:43,122 [ genlib ] [ INFO ] ENTERED SIMPLE
2026-04-23 20:44:43,122 [ genlib ] [ INFO ] Making atom pairs
2026-04-23 20:44:43,122 [ genlib ] [ INFO ] Searching branch 1
2026-04-23 20:44:43,122 [ genlib ] [ INFO ] Searching order 2
2026-04-23 20:44:43,122 [ genlib ] [ INFO ] Checking atom 1HB
2026-04-23 20:44:43,122 [ genlib ] [ INFO ] Define atom pair: ASP|1HB|HC|H         - > ASH|1HB|HC|H         (d = 0.10 A)
2026-04-23 20:44:43,122 [ genlib ] [ INFO ] Checking atom 2HB
2026-04-23 20:44:43,122 [ genlib ] [ INFO ] Define atom pair: ASP|2HB|HC|H         - > ASH|2HB|HC|H         (d = 0.09 A)
2026-04-23 20:44:43,122 [ genlib ] [ INFO ] Checking atom CG
2026-04-23 20:44:43,122 [ genlib ] [ INFO ] Define atom pair: ASP|CG|CO|C.2        - > ASH|CG|C|C.2         (d = 0.00 A)
2026-04-23 20:44:43,122 [ genlib ] [ INFO ] Searching order 3
2026-04-23 20:44:43,122 [ genlib ] [ INFO ] Checking atom OD1
2026-04-23 20:44:43,122 [ genlib ] [ INFO ] Define atom pair: ASP|OD1|O2|O.co2     - > ASH|OD1|O|O.co2      (d = 0.00 A)
2026-04-23 20:44:43,122 [ genlib ] [ INFO ] Checking atom OD2
2026-04-23 20:44:43,122 [ genlib ] [ INFO ] Define atom pair: ASP|OD2|O2|O.co2     - > ASH|OD2|OH|O.co2     (d = 0.00 A)
2026-04-23 20:44:43,122 [ genlib ] [ INFO ] Searching order 4
2026-04-23 20:44:43,122 [ genlib ] [ INFO ] Searching order 5
2026-04-23 20:44:43,122 [ genlib ] [ INFO ] Searching order 6
2026-04-23 20:44:43,122 [ genlib ] [ INFO ] Searching order 7
2026-04-23 20:44:43,122 [ genlib ] [ INFO ] Searching branch 2
2026-04-23 20:44:43,122 [ genlib ] [ INFO ] Searching order 2
2026-04-23 20:44:43,122 [ genlib ] [ INFO ] Searching order 3
2026-04-23 20:44:43,122 [ genlib ] [ INFO ] Searching order 4
2026-04-23 20:44:43,122 [ genlib ] [ INFO ] Searching order 5
2026-04-23 20:44:43,122 [ genlib ] [ INFO ] Searching order 6
2026-04-23 20:44:43,122 [ genlib ] [ INFO ] Searching order 7
2026-04-23 20:44:43,123 [ genlib ] [ INFO ] Updating bond lists
2026-04-23 20:44:43,123 [ genlib ] [ INFO ] Updating dihedrals
2026-04-23 20:44:43,123 [ genlib ] [ INFO ] Updating impropers
2026-04-23 20:44:43,123 [ genlib ] [ INFO ] Building library files for ASP --> ASN mutant
2026-04-23 20:44:43,124 [ genlib ] [ INFO ] reading rtp file "aminoacids.rtp"
2026-04-23 20:44:43,158 [ genlib ] [ INFO ] ENTERED SIMPLE
2026-04-23 20:44:43,158 [ genlib ] [ INFO ] Making atom pairs
2026-04-23 20:44:43,158 [ genlib ] [ INFO ] Searching branch 1
2026-04-23 20:44:43,158 [ genlib ] [ INFO ] Searching order 2
2026-04-23 20:44:43,158 [ genlib ] [ INFO ] Checking atom 1HB
2026-04-23 20:44:43,158 [ genlib ] [ INFO ] Define atom pair: ASP|1HB|HC|H         - > ASN|1HB|HC|H         (d = 0.04 A)
2026-04-23 20:44:43,158 [ genlib ] [ INFO ] Checking atom 2HB
2026-04-23 20:44:43,158 [ genlib ] [ INFO ] Define atom pair: ASP|2HB|HC|H         - > ASN|2HB|HC|H         (d = 0.06 A)
2026-04-23 20:44:43,158 [ genlib ] [ INFO ] Checking atom CG
2026-04-23 20:44:43,158 [ genlib ] [ INFO ] Define atom pair: ASP|CG|CO|C.2        - > ASN|CG|C|C.2         (d = 0.05 A)
2026-04-23 20:44:43,158 [ genlib ] [ INFO ] Searching order 3
2026-04-23 20:44:43,158 [ genlib ] [ INFO ] Checking atom OD1
2026-04-23 20:44:43,158 [ genlib ] [ INFO ] Define atom pair: ASP|OD1|O2|O.co2     - > ASN|OD1|O|O.2        (d = 0.14 A)
2026-04-23 20:44:43,158 [ genlib ] [ INFO ] Checking atom OD2
2026-04-23 20:44:43,158 [ genlib ] [ INFO ] Define atom pair: ASP|OD2|O2|O.co2     - > ASN|ND2|N|N.am       (d = 0.12 A)
2026-04-23 20:44:43,158 [ genlib ] [ INFO ] Searching order 4
2026-04-23 20:44:43,158 [ genlib ] [ INFO ] Searching order 5
2026-04-23 20:44:43,158 [ genlib ] [ INFO ] Searching order 6
2026-04-23 20:44:43,159 [ genlib ] [ INFO ] Searching order 7
2026-04-23 20:44:43,159 [ genlib ] [ INFO ] Searching branch 2
2026-04-23 20:44:43,159 [ genlib ] [ INFO ] Searching order 2
2026-04-23 20:44:43,159 [ genlib ] [ INFO ] Searching order 3
2026-04-23 20:44:43,159 [ genlib ] [ INFO ] Searching order 4
2026-04-23 20:44:43,159 [ genlib ] [ INFO ] Searching order 5
2026-04-23 20:44:43,159 [ genlib ] [ INFO ] Searching order 6
2026-04-23 20:44:43,159 [ genlib ] [ INFO ] Searching order 7
2026-04-23 20:44:43,160 [ genlib ] [ INFO ] Updating bond lists
2026-04-23 20:44:43,160 [ genlib ] [ INFO ] Updating dihedrals
2026-04-23 20:44:43,160 [ genlib ] [ INFO ] Updating impropers
2026-04-23 20:44:43,160 [ genlib ] [ WARNING ] undefined
2026-04-23 20:44:43,160 [ genlib ] [ WARNING ] undefined
2026-04-23 20:44:43,160 [ genlib ] [ INFO ] Building library files for ASP --> CYS mutant
2026-04-23 20:44:43,160 [ genlib ] [ INFO ] reading rtp file "aminoacids.rtp"
2026-04-23 20:44:43,195 [ genlib ] [ INFO ] ENTERED SIMPLE
2026-04-23 20:44:43,195 [ genlib ] [ INFO ] Making atom pairs
2026-04-23 20:44:43,195 [ genlib ] [ INFO ] Searching branch 1
2026-04-23 20:44:43,195 [ genlib ] [ INFO ] Searching order 2
2026-04-23 20:44:43,195 [ genlib ] [ INFO ] Checking atom 1HB
2026-04-23 20:44:43,195 [ genlib ] [ INFO ] Define atom pair: ASP|1HB|HC|H         - > CYS|1HB|H1|H         (d = 0.04 A)
2026-04-23 20:44:43,195 [ genlib ] [ INFO ] Checking atom 2HB
2026-04-23 20:44:43,195 [ genlib ] [ INFO ] Define atom pair: ASP|2HB|HC|H         - > CYS|2HB|H1|H         (d = 0.07 A)
2026-04-23 20:44:43,195 [ genlib ] [ INFO ] Checking atom CG
2026-04-23 20:44:43,195 [ genlib ] [ INFO ] Define atom pair: ASP|CG|CO|C.2        - > CYS|SG|SH|S.3        (d = 0.25 A)
2026-04-23 20:44:43,195 [ genlib ] [ INFO ] Searching order 3
2026-04-23 20:44:43,195 [ genlib ] [ INFO ] Checking atom OD1
2026-04-23 20:44:43,195 [ genlib ] [ INFO ] Define atom pair: ASP|OD1|O2|O.co2     - > CYS|HG|HS|H          (d = 0.24 A)
2026-04-23 20:44:43,195 [ genlib ] [ INFO ] Checking atom OD2
2026-04-23 20:44:43,195 [ genlib ] [ INFO ] No partner found for atom OD2
2026-04-23 20:44:43,195 [ genlib ] [ INFO ] Searching order 4
2026-04-23 20:44:43,195 [ genlib ] [ INFO ] Searching order 5
2026-04-23 20:44:43,195 [ genlib ] [ INFO ] Searching order 6
2026-04-23 20:44:43,195 [ genlib ] [ INFO ] Searching order 7
2026-04-23 20:44:43,195 [ genlib ] [ INFO ] Searching branch 2
2026-04-23 20:44:43,195 [ genlib ] [ INFO ] Searching order 2
2026-04-23 20:44:43,195 [ genlib ] [ INFO ] Searching order 3
2026-04-23 20:44:43,195 [ genlib ] [ INFO ] Checking atom OD2
2026-04-23 20:44:43,195 [ genlib ] [ INFO ] No partner found for atom OD2
2026-04-23 20:44:43,195 [ genlib ] [ INFO ] Searching order 4
2026-04-23 20:44:43,195 [ genlib ] [ INFO ] Searching order 5
2026-04-23 20:44:43,195 [ genlib ] [ INFO ] Searching order 6
2026-04-23 20:44:43,196 [ genlib ] [ INFO ] Searching order 7
2026-04-23 20:44:43,196 [ genlib ] [ INFO ] Updating bond lists
2026-04-23 20:44:43,196 [ genlib ] [ INFO ] Updating dihedrals
2026-04-23 20:44:43,196 [ genlib ] [ INFO ] Updating impropers
2026-04-23 20:44:43,196 [ genlib ] [ INFO ] Building library files for ASP --> GLH mutant
2026-04-23 20:44:43,197 [ genlib ] [ INFO ] reading rtp file "aminoacids.rtp"
2026-04-23 20:44:43,231 [ genlib ] [ INFO ] ENTERED SIMPLE
2026-04-23 20:44:43,232 [ genlib ] [ INFO ] Making atom pairs
2026-04-23 20:44:43,232 [ genlib ] [ INFO ] Searching branch 1
2026-04-23 20:44:43,232 [ genlib ] [ INFO ] Searching order 2
2026-04-23 20:44:43,232 [ genlib ] [ INFO ] Checking atom 1HB
2026-04-23 20:44:43,232 [ genlib ] [ INFO ] Define atom pair: ASP|1HB|HC|H         - > GLH|1HB|HC|H         (d = 0.15 A)
2026-04-23 20:44:43,232 [ genlib ] [ INFO ] Checking atom 2HB
2026-04-23 20:44:43,232 [ genlib ] [ INFO ] Define atom pair: ASP|2HB|HC|H         - > GLH|2HB|HC|H         (d = 0.17 A)
2026-04-23 20:44:43,232 [ genlib ] [ INFO ] Checking atom CG
2026-04-23 20:44:43,232 [ genlib ] [ INFO ] Define atom pair: ASP|CG|CO|C.2        - > GLH|CG|2C|C.3        (d = 0.11 A)
2026-04-23 20:44:43,232 [ genlib ] [ INFO ] Searching order 3
2026-04-23 20:44:43,232 [ genlib ] [ INFO ] Checking atom OD1
2026-04-23 20:44:43,232 [ genlib ] [ INFO ] Define atom pair: ASP|OD1|O2|O.co2     - > GLH|CD|C|C.2         (d = 0.28 A)
2026-04-23 20:44:43,232 [ genlib ] [ INFO ] Checking atom OD2
2026-04-23 20:44:43,232 [ genlib ] [ INFO ] No partner found for atom OD2
2026-04-23 20:44:43,232 [ genlib ] [ INFO ] Searching order 4
2026-04-23 20:44:43,232 [ genlib ] [ INFO ] Searching order 5
2026-04-23 20:44:43,232 [ genlib ] [ INFO ] Searching order 6
2026-04-23 20:44:43,232 [ genlib ] [ INFO ] Searching order 7
2026-04-23 20:44:43,232 [ genlib ] [ INFO ] Searching branch 2
2026-04-23 20:44:43,232 [ genlib ] [ INFO ] Searching order 2
2026-04-23 20:44:43,232 [ genlib ] [ INFO ] Searching order 3
2026-04-23 20:44:43,232 [ genlib ] [ INFO ] Checking atom OD2
2026-04-23 20:44:43,232 [ genlib ] [ INFO ] No partner found for atom OD2
2026-04-23 20:44:43,232 [ genlib ] [ INFO ] Searching order 4
2026-04-23 20:44:43,232 [ genlib ] [ INFO ] Searching order 5
2026-04-23 20:44:43,232 [ genlib ] [ INFO ] Searching order 6
2026-04-23 20:44:43,232 [ genlib ] [ INFO ] Searching order 7
2026-04-23 20:44:43,234 [ genlib ] [ INFO ] Updating bond lists
2026-04-23 20:44:43,234 [ genlib ] [ INFO ] Updating dihedrals
2026-04-23 20:44:43,234 [ genlib ] [ INFO ] Updating impropers
2026-04-23 20:44:43,234 [ genlib ] [ INFO ] Building library files for ASP --> GLN mutant
2026-04-23 20:44:43,235 [ genlib ] [ INFO ] reading rtp file "aminoacids.rtp"
2026-04-23 20:44:43,271 [ genlib ] [ INFO ] ENTERED SIMPLE
2026-04-23 20:44:43,271 [ genlib ] [ INFO ] Making atom pairs
2026-04-23 20:44:43,271 [ genlib ] [ INFO ] Searching branch 1
2026-04-23 20:44:43,271 [ genlib ] [ INFO ] Searching order 2
2026-04-23 20:44:43,271 [ genlib ] [ INFO ] Checking atom 1HB
2026-04-23 20:44:43,271 [ genlib ] [ INFO ] Define atom pair: ASP|1HB|HC|H         - > GLN|1HB|HC|H         (d = 0.10 A)
2026-04-23 20:44:43,271 [ genlib ] [ INFO ] Checking atom 2HB
2026-04-23 20:44:43,271 [ genlib ] [ INFO ] Define atom pair: ASP|2HB|HC|H         - > GLN|2HB|HC|H         (d = 0.10 A)
2026-04-23 20:44:43,271 [ genlib ] [ INFO ] Checking atom CG
2026-04-23 20:44:43,271 [ genlib ] [ INFO ] Define atom pair: ASP|CG|CO|C.2        - > GLN|CG|2C|C.3        (d = 0.12 A)
2026-04-23 20:44:43,271 [ genlib ] [ INFO ] Searching order 3
2026-04-23 20:44:43,271 [ genlib ] [ INFO ] Checking atom OD1
2026-04-23 20:44:43,271 [ genlib ] [ INFO ] Define atom pair: ASP|OD1|O2|O.co2     - > GLN|CD|C|C.2         (d = 0.20 A)
2026-04-23 20:44:43,271 [ genlib ] [ INFO ] Checking atom OD2
2026-04-23 20:44:43,271 [ genlib ] [ INFO ] No partner found for atom OD2
2026-04-23 20:44:43,271 [ genlib ] [ INFO ] Searching order 4
2026-04-23 20:44:43,271 [ genlib ] [ INFO ] Searching order 5
2026-04-23 20:44:43,271 [ genlib ] [ INFO ] Searching order 6
2026-04-23 20:44:43,271 [ genlib ] [ INFO ] Searching order 7
2026-04-23 20:44:43,271 [ genlib ] [ INFO ] Searching branch 2
2026-04-23 20:44:43,271 [ genlib ] [ INFO ] Searching order 2
2026-04-23 20:44:43,271 [ genlib ] [ INFO ] Searching order 3
2026-04-23 20:44:43,271 [ genlib ] [ INFO ] Checking atom OD2
2026-04-23 20:44:43,271 [ genlib ] [ INFO ] No partner found for atom OD2
2026-04-23 20:44:43,271 [ genlib ] [ INFO ] Searching order 4
2026-04-23 20:44:43,271 [ genlib ] [ INFO ] Searching order 5
2026-04-23 20:44:43,271 [ genlib ] [ INFO ] Searching order 6
2026-04-23 20:44:43,271 [ genlib ] [ INFO ] Searching order 7
2026-04-23 20:44:43,274 [ genlib ] [ INFO ] Updating bond lists
2026-04-23 20:44:43,274 [ genlib ] [ INFO ] Updating dihedrals
2026-04-23 20:44:43,274 [ genlib ] [ INFO ] Updating impropers
2026-04-23 20:44:43,274 [ genlib ] [ INFO ] Building library files for ASP --> GLU mutant
2026-04-23 20:44:43,275 [ genlib ] [ INFO ] reading rtp file "aminoacids.rtp"
2026-04-23 20:44:43,310 [ genlib ] [ INFO ] ENTERED SIMPLE
2026-04-23 20:44:43,310 [ genlib ] [ INFO ] Making atom pairs
2026-04-23 20:44:43,310 [ genlib ] [ INFO ] Searching branch 1
2026-04-23 20:44:43,310 [ genlib ] [ INFO ] Searching order 2
2026-04-23 20:44:43,310 [ genlib ] [ INFO ] Checking atom 1HB
2026-04-23 20:44:43,310 [ genlib ] [ INFO ] Define atom pair: ASP|1HB|HC|H         - > GLU|1HB|HC|H         (d = 0.14 A)
2026-04-23 20:44:43,310 [ genlib ] [ INFO ] Checking atom 2HB
2026-04-23 20:44:43,310 [ genlib ] [ INFO ] Define atom pair: ASP|2HB|HC|H         - > GLU|2HB|HC|H         (d = 0.15 A)
2026-04-23 20:44:43,310 [ genlib ] [ INFO ] Checking atom CG
2026-04-23 20:44:43,310 [ genlib ] [ INFO ] Define atom pair: ASP|CG|CO|C.2        - > GLU|CG|2C|C.3        (d = 0.11 A)
2026-04-23 20:44:43,310 [ genlib ] [ INFO ] Searching order 3
2026-04-23 20:44:43,310 [ genlib ] [ INFO ] Checking atom OD1
2026-04-23 20:44:43,310 [ genlib ] [ INFO ] Define atom pair: ASP|OD1|O2|O.co2     - > GLU|CD|CO|C.2        (d = 0.28 A)
2026-04-23 20:44:43,310 [ genlib ] [ INFO ] Checking atom OD2
2026-04-23 20:44:43,310 [ genlib ] [ INFO ] No partner found for atom OD2
2026-04-23 20:44:43,310 [ genlib ] [ INFO ] Searching order 4
2026-04-23 20:44:43,310 [ genlib ] [ INFO ] Searching order 5
2026-04-23 20:44:43,310 [ genlib ] [ INFO ] Searching order 6
2026-04-23 20:44:43,310 [ genlib ] [ INFO ] Searching order 7
2026-04-23 20:44:43,310 [ genlib ] [ INFO ] Searching branch 2
2026-04-23 20:44:43,310 [ genlib ] [ INFO ] Searching order 2
2026-04-23 20:44:43,310 [ genlib ] [ INFO ] Searching order 3
2026-04-23 20:44:43,310 [ genlib ] [ INFO ] Checking atom OD2
2026-04-23 20:44:43,310 [ genlib ] [ INFO ] No partner found for atom OD2
2026-04-23 20:44:43,310 [ genlib ] [ INFO ] Searching order 4
2026-04-23 20:44:43,310 [ genlib ] [ INFO ] Searching order 5
2026-04-23 20:44:43,310 [ genlib ] [ INFO ] Searching order 6
2026-04-23 20:44:43,310 [ genlib ] [ INFO ] Searching order 7
2026-04-23 20:44:43,313 [ genlib ] [ INFO ] Updating bond lists
2026-04-23 20:44:43,313 [ genlib ] [ INFO ] Updating dihedrals
2026-04-23 20:44:43,313 [ genlib ] [ INFO ] Updating impropers
2026-04-23 20:44:43,313 [ genlib ] [ INFO ] Building library files for ASP --> GLY mutant
2026-04-23 20:44:43,314 [ genlib ] [ INFO ] reading rtp file "aminoacids.rtp"
2026-04-23 20:44:43,350 [ genlib ] [ INFO ] ENTERED G
2026-04-23 20:44:43,350 [ genlib ] [ INFO ] Making atom pairs
2026-04-23 20:44:43,350 [ genlib ] [ INFO ] Updating bond lists
2026-04-23 20:44:43,350 [ genlib ] [ INFO ] Updating dihedrals
2026-04-23 20:44:43,350 [ genlib ] [ INFO ] Updating impropers
2026-04-23 20:44:43,351 [ genlib ] [ INFO ] Building library files for ASP --> HID mutant
2026-04-23 20:44:43,351 [ genlib ] [ INFO ] reading rtp file "aminoacids.rtp"
2026-04-23 20:44:43,387 [ genlib ] [ INFO ] ENTERED RINGS
2026-04-23 20:44:43,387 [ genlib ] [ INFO ] Making atom pairs
2026-04-23 20:44:43,390 [ genlib ] [ INFO ] Updating bond lists
2026-04-23 20:44:43,390 [ genlib ] [ INFO ] Updating dihedrals
2026-04-23 20:44:43,390 [ genlib ] [ INFO ] Updating impropers
2026-04-23 20:44:43,391 [ genlib ] [ INFO ] Building library files for ASP --> HIE mutant
2026-04-23 20:44:43,391 [ genlib ] [ INFO ] reading rtp file "aminoacids.rtp"
2026-04-23 20:44:43,427 [ genlib ] [ INFO ] ENTERED RINGS
2026-04-23 20:44:43,427 [ genlib ] [ INFO ] Making atom pairs
2026-04-23 20:44:43,430 [ genlib ] [ INFO ] Updating bond lists
2026-04-23 20:44:43,430 [ genlib ] [ INFO ] Updating dihedrals
2026-04-23 20:44:43,430 [ genlib ] [ INFO ] Updating impropers
2026-04-23 20:44:43,430 [ genlib ] [ INFO ] Building library files for ASP --> HIP mutant
2026-04-23 20:44:43,431 [ genlib ] [ INFO ] reading rtp file "aminoacids.rtp"
2026-04-23 20:44:43,467 [ genlib ] [ INFO ] ENTERED RINGS
2026-04-23 20:44:43,467 [ genlib ] [ INFO ] Making atom pairs
2026-04-23 20:44:43,470 [ genlib ] [ INFO ] Updating bond lists
2026-04-23 20:44:43,471 [ genlib ] [ INFO ] Updating dihedrals
2026-04-23 20:44:43,471 [ genlib ] [ INFO ] Updating impropers
2026-04-23 20:44:43,471 [ genlib ] [ INFO ] Building library files for ASP --> ILE mutant
2026-04-23 20:44:43,472 [ genlib ] [ INFO ] reading rtp file "aminoacids.rtp"
2026-04-23 20:44:43,506 [ genlib ] [ INFO ] ENTERED SIMPLE
2026-04-23 20:44:43,506 [ genlib ] [ INFO ] Making atom pairs
2026-04-23 20:44:43,506 [ genlib ] [ INFO ] Searching branch 1
2026-04-23 20:44:43,506 [ genlib ] [ INFO ] Searching order 2
2026-04-23 20:44:43,506 [ genlib ] [ INFO ] Checking atom 1HB
2026-04-23 20:44:43,506 [ genlib ] [ INFO ] Define atom pair: ASP|1HB|HC|H         - > ILE|HB|HC|H          (d = 0.09 A)
2026-04-23 20:44:43,506 [ genlib ] [ INFO ] Checking atom 2HB
2026-04-23 20:44:43,506 [ genlib ] [ INFO ] Define atom pair: ASP|2HB|HC|H         - > ILE|CG2|CT|C.3       (d = 0.46 A)
2026-04-23 20:44:43,506 [ genlib ] [ INFO ] Checking atom CG
2026-04-23 20:44:43,506 [ genlib ] [ INFO ] Define atom pair: ASP|CG|CO|C.2        - > ILE|CG1|2C|C.3       (d = 0.05 A)
2026-04-23 20:44:43,506 [ genlib ] [ INFO ] Searching order 3
2026-04-23 20:44:43,506 [ genlib ] [ INFO ] Checking atom OD1
2026-04-23 20:44:43,506 [ genlib ] [ INFO ] Define atom pair: ASP|OD1|O2|O.co2     - > ILE|CD1|CT|C.3       (d = 0.30 A)
2026-04-23 20:44:43,506 [ genlib ] [ INFO ] Checking atom OD2
2026-04-23 20:44:43,506 [ genlib ] [ INFO ] No partner found for atom OD2
2026-04-23 20:44:43,506 [ genlib ] [ INFO ] Searching order 4
2026-04-23 20:44:43,506 [ genlib ] [ INFO ] Searching order 5
2026-04-23 20:44:43,506 [ genlib ] [ INFO ] Searching order 6
2026-04-23 20:44:43,506 [ genlib ] [ INFO ] Searching order 7
2026-04-23 20:44:43,506 [ genlib ] [ INFO ] Searching branch 2
2026-04-23 20:44:43,506 [ genlib ] [ INFO ] Searching order 2
2026-04-23 20:44:43,506 [ genlib ] [ INFO ] Searching order 3
2026-04-23 20:44:43,506 [ genlib ] [ INFO ] Checking atom OD2
2026-04-23 20:44:43,506 [ genlib ] [ INFO ] No partner found for atom OD2
2026-04-23 20:44:43,506 [ genlib ] [ INFO ] Searching order 4
2026-04-23 20:44:43,506 [ genlib ] [ INFO ] Searching order 5
2026-04-23 20:44:43,506 [ genlib ] [ INFO ] Searching order 6
2026-04-23 20:44:43,506 [ genlib ] [ INFO ] Searching order 7
2026-04-23 20:44:43,509 [ genlib ] [ INFO ] Updating bond lists
2026-04-23 20:44:43,510 [ genlib ] [ INFO ] Updating dihedrals
2026-04-23 20:44:43,510 [ genlib ] [ INFO ] Updating impropers
2026-04-23 20:44:43,510 [ genlib ] [ INFO ] Building library files for ASP --> LEU mutant
2026-04-23 20:44:43,511 [ genlib ] [ INFO ] reading rtp file "aminoacids.rtp"
2026-04-23 20:44:43,545 [ genlib ] [ INFO ] ENTERED SIMPLE
2026-04-23 20:44:43,545 [ genlib ] [ INFO ] Making atom pairs
2026-04-23 20:44:43,545 [ genlib ] [ INFO ] Searching branch 1
2026-04-23 20:44:43,545 [ genlib ] [ INFO ] Searching order 2
2026-04-23 20:44:43,545 [ genlib ] [ INFO ] Checking atom 1HB
2026-04-23 20:44:43,545 [ genlib ] [ INFO ] Define atom pair: ASP|1HB|HC|H         - > LEU|1HB|HC|H         (d = 0.06 A)
2026-04-23 20:44:43,545 [ genlib ] [ INFO ] Checking atom 2HB
2026-04-23 20:44:43,545 [ genlib ] [ INFO ] Define atom pair: ASP|2HB|HC|H         - > LEU|2HB|HC|H         (d = 0.05 A)
2026-04-23 20:44:43,545 [ genlib ] [ INFO ] Checking atom CG
2026-04-23 20:44:43,545 [ genlib ] [ INFO ] Define atom pair: ASP|CG|CO|C.2        - > LEU|CG|3C|C.3        (d = 0.12 A)
2026-04-23 20:44:43,545 [ genlib ] [ INFO ] Searching order 3
2026-04-23 20:44:43,545 [ genlib ] [ INFO ] Checking atom OD1
2026-04-23 20:44:43,545 [ genlib ] [ INFO ] Define atom pair: ASP|OD1|O2|O.co2     - > LEU|CD1|CT|C.3       (d = 0.21 A)
2026-04-23 20:44:43,545 [ genlib ] [ INFO ] Checking atom OD2
2026-04-23 20:44:43,545 [ genlib ] [ INFO ] No partner found for atom OD2
2026-04-23 20:44:43,545 [ genlib ] [ INFO ] Searching order 4
2026-04-23 20:44:43,545 [ genlib ] [ INFO ] Searching order 5
2026-04-23 20:44:43,545 [ genlib ] [ INFO ] Searching order 6
2026-04-23 20:44:43,545 [ genlib ] [ INFO ] Searching order 7
2026-04-23 20:44:43,545 [ genlib ] [ INFO ] Searching branch 2
2026-04-23 20:44:43,545 [ genlib ] [ INFO ] Searching order 2
2026-04-23 20:44:43,545 [ genlib ] [ INFO ] Searching order 3
2026-04-23 20:44:43,545 [ genlib ] [ INFO ] Checking atom OD2
2026-04-23 20:44:43,545 [ genlib ] [ INFO ] No partner found for atom OD2
2026-04-23 20:44:43,545 [ genlib ] [ INFO ] Searching order 4
2026-04-23 20:44:43,545 [ genlib ] [ INFO ] Searching order 5
2026-04-23 20:44:43,545 [ genlib ] [ INFO ] Searching order 6
2026-04-23 20:44:43,545 [ genlib ] [ INFO ] Searching order 7
2026-04-23 20:44:43,548 [ genlib ] [ INFO ] Updating bond lists
2026-04-23 20:44:43,548 [ genlib ] [ INFO ] Updating dihedrals
2026-04-23 20:44:43,548 [ genlib ] [ INFO ] Updating impropers
2026-04-23 20:44:43,548 [ genlib ] [ INFO ] Building library files for ASP --> LYN mutant
2026-04-23 20:44:43,549 [ genlib ] [ INFO ] reading rtp file "aminoacids.rtp"
2026-04-23 20:44:43,584 [ genlib ] [ INFO ] ENTERED SIMPLE
2026-04-23 20:44:43,584 [ genlib ] [ INFO ] Making atom pairs
2026-04-23 20:44:43,584 [ genlib ] [ INFO ] Searching branch 1
2026-04-23 20:44:43,584 [ genlib ] [ INFO ] Searching order 2
2026-04-23 20:44:43,584 [ genlib ] [ INFO ] Checking atom 1HB
2026-04-23 20:44:43,584 [ genlib ] [ INFO ] Define atom pair: ASP|1HB|HC|H         - > LYN|1HB|HC|H         (d = 0.13 A)
2026-04-23 20:44:43,584 [ genlib ] [ INFO ] Checking atom 2HB
2026-04-23 20:44:43,584 [ genlib ] [ INFO ] Define atom pair: ASP|2HB|HC|H         - > LYN|2HB|HC|H         (d = 0.10 A)
2026-04-23 20:44:43,584 [ genlib ] [ INFO ] Checking atom CG
2026-04-23 20:44:43,584 [ genlib ] [ INFO ] Define atom pair: ASP|CG|CO|C.2        - > LYN|CG|CT|C.3        (d = 0.18 A)
2026-04-23 20:44:43,584 [ genlib ] [ INFO ] Searching order 3
2026-04-23 20:44:43,584 [ genlib ] [ INFO ] Checking atom OD1
2026-04-23 20:44:43,584 [ genlib ] [ INFO ] Define atom pair: ASP|OD1|O2|O.co2     - > LYN|CD|CT|C.3        (d = 0.18 A)
2026-04-23 20:44:43,584 [ genlib ] [ INFO ] Checking atom OD2
2026-04-23 20:44:43,584 [ genlib ] [ INFO ] No partner found for atom OD2
2026-04-23 20:44:43,584 [ genlib ] [ INFO ] Searching order 4
2026-04-23 20:44:43,584 [ genlib ] [ INFO ] Searching order 5
2026-04-23 20:44:43,584 [ genlib ] [ INFO ] Searching order 6
2026-04-23 20:44:43,584 [ genlib ] [ INFO ] Searching order 7
2026-04-23 20:44:43,584 [ genlib ] [ INFO ] Searching branch 2
2026-04-23 20:44:43,584 [ genlib ] [ INFO ] Searching order 2
2026-04-23 20:44:43,584 [ genlib ] [ INFO ] Searching order 3
2026-04-23 20:44:43,584 [ genlib ] [ INFO ] Checking atom OD2
2026-04-23 20:44:43,584 [ genlib ] [ INFO ] No partner found for atom OD2
2026-04-23 20:44:43,584 [ genlib ] [ INFO ] Searching order 4
2026-04-23 20:44:43,584 [ genlib ] [ INFO ] Searching order 5
2026-04-23 20:44:43,584 [ genlib ] [ INFO ] Searching order 6
2026-04-23 20:44:43,584 [ genlib ] [ INFO ] Searching order 7
2026-04-23 20:44:43,589 [ genlib ] [ INFO ] Updating bond lists
2026-04-23 20:44:43,589 [ genlib ] [ INFO ] Updating dihedrals
2026-04-23 20:44:43,589 [ genlib ] [ INFO ] Updating impropers
2026-04-23 20:44:43,589 [ genlib ] [ INFO ] Building library files for ASP --> LYS mutant
2026-04-23 20:44:43,590 [ genlib ] [ INFO ] reading rtp file "aminoacids.rtp"
2026-04-23 20:44:43,624 [ genlib ] [ INFO ] ENTERED SIMPLE
2026-04-23 20:44:43,624 [ genlib ] [ INFO ] Making atom pairs
2026-04-23 20:44:43,624 [ genlib ] [ INFO ] Searching branch 1
2026-04-23 20:44:43,624 [ genlib ] [ INFO ] Searching order 2
2026-04-23 20:44:43,624 [ genlib ] [ INFO ] Checking atom 1HB
2026-04-23 20:44:43,624 [ genlib ] [ INFO ] Define atom pair: ASP|1HB|HC|H         - > LYS|1HB|HC|H         (d = 0.13 A)
2026-04-23 20:44:43,624 [ genlib ] [ INFO ] Checking atom 2HB
2026-04-23 20:44:43,624 [ genlib ] [ INFO ] Define atom pair: ASP|2HB|HC|H         - > LYS|2HB|HC|H         (d = 0.13 A)
2026-04-23 20:44:43,624 [ genlib ] [ INFO ] Checking atom CG
2026-04-23 20:44:43,624 [ genlib ] [ INFO ] Define atom pair: ASP|CG|CO|C.2        - > LYS|CG|C8|C.3        (d = 0.18 A)
2026-04-23 20:44:43,624 [ genlib ] [ INFO ] Searching order 3
2026-04-23 20:44:43,624 [ genlib ] [ INFO ] Checking atom OD1
2026-04-23 20:44:43,624 [ genlib ] [ INFO ] Define atom pair: ASP|OD1|O2|O.co2     - > LYS|CD|C8|C.3        (d = 0.17 A)
2026-04-23 20:44:43,624 [ genlib ] [ INFO ] Checking atom OD2
2026-04-23 20:44:43,625 [ genlib ] [ INFO ] No partner found for atom OD2
2026-04-23 20:44:43,625 [ genlib ] [ INFO ] Searching order 4
2026-04-23 20:44:43,625 [ genlib ] [ INFO ] Searching order 5
2026-04-23 20:44:43,625 [ genlib ] [ INFO ] Searching order 6
2026-04-23 20:44:43,625 [ genlib ] [ INFO ] Searching order 7
2026-04-23 20:44:43,625 [ genlib ] [ INFO ] Searching branch 2
2026-04-23 20:44:43,625 [ genlib ] [ INFO ] Searching order 2
2026-04-23 20:44:43,625 [ genlib ] [ INFO ] Searching order 3
2026-04-23 20:44:43,625 [ genlib ] [ INFO ] Checking atom OD2
2026-04-23 20:44:43,625 [ genlib ] [ INFO ] No partner found for atom OD2
2026-04-23 20:44:43,625 [ genlib ] [ INFO ] Searching order 4
2026-04-23 20:44:43,625 [ genlib ] [ INFO ] Searching order 5
2026-04-23 20:44:43,625 [ genlib ] [ INFO ] Searching order 6
2026-04-23 20:44:43,625 [ genlib ] [ INFO ] Searching order 7
2026-04-23 20:44:43,629 [ genlib ] [ INFO ] Updating bond lists
2026-04-23 20:44:43,629 [ genlib ] [ INFO ] Updating dihedrals
2026-04-23 20:44:43,629 [ genlib ] [ INFO ] Updating impropers
2026-04-23 20:44:43,629 [ genlib ] [ INFO ] Building library files for ASP --> MET mutant
2026-04-23 20:44:43,630 [ genlib ] [ INFO ] reading rtp file "aminoacids.rtp"
2026-04-23 20:44:43,664 [ genlib ] [ INFO ] ENTERED SIMPLE
2026-04-23 20:44:43,664 [ genlib ] [ INFO ] Making atom pairs
2026-04-23 20:44:43,664 [ genlib ] [ INFO ] Searching branch 1
2026-04-23 20:44:43,664 [ genlib ] [ INFO ] Searching order 2
2026-04-23 20:44:43,664 [ genlib ] [ INFO ] Checking atom 1HB
2026-04-23 20:44:43,664 [ genlib ] [ INFO ] Define atom pair: ASP|1HB|HC|H         - > MET|1HB|HC|H         (d = 0.08 A)
2026-04-23 20:44:43,664 [ genlib ] [ INFO ] Checking atom 2HB
2026-04-23 20:44:43,664 [ genlib ] [ INFO ] Define atom pair: ASP|2HB|HC|H         - > MET|2HB|HC|H         (d = 0.06 A)
2026-04-23 20:44:43,664 [ genlib ] [ INFO ] Checking atom CG
2026-04-23 20:44:43,664 [ genlib ] [ INFO ] Define atom pair: ASP|CG|CO|C.2        - > MET|CG|2C|C.3        (d = 0.05 A)
2026-04-23 20:44:43,664 [ genlib ] [ INFO ] Searching order 3
2026-04-23 20:44:43,664 [ genlib ] [ INFO ] Checking atom OD1
2026-04-23 20:44:43,664 [ genlib ] [ INFO ] Define atom pair: ASP|OD1|O2|O.co2     - > MET|SD|S|S.3         (d = 0.51 A)
2026-04-23 20:44:43,664 [ genlib ] [ INFO ] Checking atom OD2
2026-04-23 20:44:43,664 [ genlib ] [ INFO ] No partner found for atom OD2
2026-04-23 20:44:43,664 [ genlib ] [ INFO ] Searching order 4
2026-04-23 20:44:43,664 [ genlib ] [ INFO ] Searching order 5
2026-04-23 20:44:43,664 [ genlib ] [ INFO ] Searching order 6
2026-04-23 20:44:43,664 [ genlib ] [ INFO ] Searching order 7
2026-04-23 20:44:43,664 [ genlib ] [ INFO ] Searching branch 2
2026-04-23 20:44:43,664 [ genlib ] [ INFO ] Searching order 2
2026-04-23 20:44:43,664 [ genlib ] [ INFO ] Searching order 3
2026-04-23 20:44:43,664 [ genlib ] [ INFO ] Checking atom OD2
2026-04-23 20:44:43,664 [ genlib ] [ INFO ] No partner found for atom OD2
2026-04-23 20:44:43,664 [ genlib ] [ INFO ] Searching order 4
2026-04-23 20:44:43,664 [ genlib ] [ INFO ] Searching order 5
2026-04-23 20:44:43,664 [ genlib ] [ INFO ] Searching order 6
2026-04-23 20:44:43,664 [ genlib ] [ INFO ] Searching order 7
2026-04-23 20:44:43,667 [ genlib ] [ INFO ] Updating bond lists
2026-04-23 20:44:43,667 [ genlib ] [ INFO ] Updating dihedrals
2026-04-23 20:44:43,667 [ genlib ] [ INFO ] Updating impropers
2026-04-23 20:44:43,667 [ genlib ] [ INFO ] Building library files for ASP --> PHE mutant
2026-04-23 20:44:43,668 [ genlib ] [ INFO ] reading rtp file "aminoacids.rtp"
2026-04-23 20:44:43,702 [ genlib ] [ INFO ] ENTERED RINGS
2026-04-23 20:44:43,702 [ genlib ] [ INFO ] Making atom pairs
2026-04-23 20:44:43,708 [ genlib ] [ INFO ] Updating bond lists
2026-04-23 20:44:43,708 [ genlib ] [ INFO ] Updating dihedrals
2026-04-23 20:44:43,708 [ genlib ] [ INFO ] Updating impropers
2026-04-23 20:44:43,709 [ genlib ] [ INFO ] Building library files for ASP --> PRO mutant
2026-04-23 20:44:43,709 [ genlib ] [ INFO ] reading rtp file "aminoacids.rtp"
2026-04-23 20:44:43,745 [ genlib ] [ INFO ] ENTERED P
2026-04-23 20:44:43,745 [ genlib ] [ INFO ] Making atom pairs
2026-04-23 20:44:43,749 [ genlib ] [ INFO ] Updating bond lists
2026-04-23 20:44:43,749 [ genlib ] [ INFO ] Updating dihedrals
2026-04-23 20:44:43,749 [ genlib ] [ INFO ] Updating impropers
2026-04-23 20:44:43,749 [ genlib ] [ INFO ] Building library files for ASP --> SER mutant
2026-04-23 20:44:43,750 [ genlib ] [ INFO ] reading rtp file "aminoacids.rtp"
2026-04-23 20:44:43,786 [ genlib ] [ INFO ] ENTERED SIMPLE
2026-04-23 20:44:43,786 [ genlib ] [ INFO ] Making atom pairs
2026-04-23 20:44:43,786 [ genlib ] [ INFO ] Searching branch 1
2026-04-23 20:44:43,786 [ genlib ] [ INFO ] Searching order 2
2026-04-23 20:44:43,786 [ genlib ] [ INFO ] Checking atom 1HB
2026-04-23 20:44:43,786 [ genlib ] [ INFO ] Define atom pair: ASP|1HB|HC|H         - > SER|1HB|H1|H         (d = 0.08 A)
2026-04-23 20:44:43,786 [ genlib ] [ INFO ] Checking atom 2HB
2026-04-23 20:44:43,786 [ genlib ] [ INFO ] Define atom pair: ASP|2HB|HC|H         - > SER|2HB|H1|H         (d = 0.09 A)
2026-04-23 20:44:43,786 [ genlib ] [ INFO ] Checking atom CG
2026-04-23 20:44:43,786 [ genlib ] [ INFO ] Define atom pair: ASP|CG|CO|C.2        - > SER|OG|OH|O.3        (d = 0.13 A)
2026-04-23 20:44:43,786 [ genlib ] [ INFO ] Searching order 3
2026-04-23 20:44:43,786 [ genlib ] [ INFO ] Checking atom OD1
2026-04-23 20:44:43,786 [ genlib ] [ INFO ] Define atom pair: ASP|OD1|O2|O.co2     - > SER|HG|HO|H          (d = 0.42 A)
2026-04-23 20:44:43,786 [ genlib ] [ INFO ] Checking atom OD2
2026-04-23 20:44:43,786 [ genlib ] [ INFO ] No partner found for atom OD2
2026-04-23 20:44:43,786 [ genlib ] [ INFO ] Searching order 4
2026-04-23 20:44:43,786 [ genlib ] [ INFO ] Searching order 5
2026-04-23 20:44:43,786 [ genlib ] [ INFO ] Searching order 6
2026-04-23 20:44:43,786 [ genlib ] [ INFO ] Searching order 7
2026-04-23 20:44:43,786 [ genlib ] [ INFO ] Searching branch 2
2026-04-23 20:44:43,786 [ genlib ] [ INFO ] Searching order 2
2026-04-23 20:44:43,786 [ genlib ] [ INFO ] Searching order 3
2026-04-23 20:44:43,786 [ genlib ] [ INFO ] Checking atom OD2
2026-04-23 20:44:43,786 [ genlib ] [ INFO ] No partner found for atom OD2
2026-04-23 20:44:43,786 [ genlib ] [ INFO ] Searching order 4
2026-04-23 20:44:43,786 [ genlib ] [ INFO ] Searching order 5
2026-04-23 20:44:43,786 [ genlib ] [ INFO ] Searching order 6
2026-04-23 20:44:43,786 [ genlib ] [ INFO ] Searching order 7
2026-04-23 20:44:43,787 [ genlib ] [ INFO ] Updating bond lists
2026-04-23 20:44:43,787 [ genlib ] [ INFO ] Updating dihedrals
2026-04-23 20:44:43,787 [ genlib ] [ INFO ] Updating impropers
2026-04-23 20:44:43,787 [ genlib ] [ INFO ] Building library files for ASP --> THR mutant
2026-04-23 20:44:43,787 [ genlib ] [ INFO ] reading rtp file "aminoacids.rtp"
2026-04-23 20:44:43,822 [ genlib ] [ INFO ] ENTERED SIMPLE
2026-04-23 20:44:43,822 [ genlib ] [ INFO ] Making atom pairs
2026-04-23 20:44:43,822 [ genlib ] [ INFO ] Searching branch 1
2026-04-23 20:44:43,822 [ genlib ] [ INFO ] Searching order 2
2026-04-23 20:44:43,822 [ genlib ] [ INFO ] Checking atom 1HB
2026-04-23 20:44:43,822 [ genlib ] [ INFO ] Define atom pair: ASP|1HB|HC|H         - > THR|HB|H1|H          (d = 0.04 A)
2026-04-23 20:44:43,822 [ genlib ] [ INFO ] Checking atom 2HB
2026-04-23 20:44:43,822 [ genlib ] [ INFO ] Define atom pair: ASP|2HB|HC|H         - > THR|CG2|CT|C.3       (d = 0.48 A)
2026-04-23 20:44:43,822 [ genlib ] [ INFO ] Checking atom CG
2026-04-23 20:44:43,822 [ genlib ] [ INFO ] Define atom pair: ASP|CG|CO|C.2        - > THR|OG1|OH|O.3       (d = 0.15 A)
2026-04-23 20:44:43,822 [ genlib ] [ INFO ] Searching order 3
2026-04-23 20:44:43,822 [ genlib ] [ INFO ] Checking atom OD1
2026-04-23 20:44:43,822 [ genlib ] [ INFO ] Define atom pair: ASP|OD1|O2|O.co2     - > THR|HG1|HO|H         (d = 0.48 A)
2026-04-23 20:44:43,822 [ genlib ] [ INFO ] Checking atom OD2
2026-04-23 20:44:43,822 [ genlib ] [ INFO ] No partner found for atom OD2
2026-04-23 20:44:43,822 [ genlib ] [ INFO ] Searching order 4
2026-04-23 20:44:43,822 [ genlib ] [ INFO ] Searching order 5
2026-04-23 20:44:43,822 [ genlib ] [ INFO ] Searching order 6
2026-04-23 20:44:43,822 [ genlib ] [ INFO ] Searching order 7
2026-04-23 20:44:43,822 [ genlib ] [ INFO ] Searching branch 2
2026-04-23 20:44:43,822 [ genlib ] [ INFO ] Searching order 2
2026-04-23 20:44:43,822 [ genlib ] [ INFO ] Searching order 3
2026-04-23 20:44:43,822 [ genlib ] [ INFO ] Checking atom OD2
2026-04-23 20:44:43,822 [ genlib ] [ INFO ] No partner found for atom OD2
2026-04-23 20:44:43,822 [ genlib ] [ INFO ] Searching order 4
2026-04-23 20:44:43,822 [ genlib ] [ INFO ] Searching order 5
2026-04-23 20:44:43,822 [ genlib ] [ INFO ] Searching order 6
2026-04-23 20:44:43,822 [ genlib ] [ INFO ] Searching order 7
2026-04-23 20:44:43,824 [ genlib ] [ INFO ] Updating bond lists
2026-04-23 20:44:43,824 [ genlib ] [ INFO ] Updating dihedrals
2026-04-23 20:44:43,824 [ genlib ] [ INFO ] Updating impropers
2026-04-23 20:44:43,824 [ genlib ] [ INFO ] Building library files for ASP --> TRP mutant
2026-04-23 20:44:43,825 [ genlib ] [ INFO ] reading rtp file "aminoacids.rtp"
2026-04-23 20:44:43,859 [ genlib ] [ INFO ] ENTERED RINGS
2026-04-23 20:44:43,859 [ genlib ] [ INFO ] Making atom pairs
2026-04-23 20:44:43,866 [ genlib ] [ INFO ] Updating bond lists
2026-04-23 20:44:43,866 [ genlib ] [ INFO ] Updating dihedrals
2026-04-23 20:44:43,866 [ genlib ] [ INFO ] Updating impropers
2026-04-23 20:44:43,866 [ genlib ] [ INFO ] Building library files for ASP --> TYR mutant
2026-04-23 20:44:43,867 [ genlib ] [ INFO ] reading rtp file "aminoacids.rtp"
2026-04-23 20:44:43,902 [ genlib ] [ INFO ] ENTERED RINGS
2026-04-23 20:44:43,902 [ genlib ] [ INFO ] Making atom pairs
2026-04-23 20:44:43,907 [ genlib ] [ INFO ] Updating bond lists
2026-04-23 20:44:43,907 [ genlib ] [ INFO ] Updating dihedrals
2026-04-23 20:44:43,907 [ genlib ] [ INFO ] Updating impropers
2026-04-23 20:44:43,907 [ genlib ] [ INFO ] Building library files for ASP --> VAL mutant
2026-04-23 20:44:43,908 [ genlib ] [ INFO ] reading rtp file "aminoacids.rtp"
2026-04-23 20:44:43,942 [ genlib ] [ INFO ] ENTERED SIMPLE
2026-04-23 20:44:43,942 [ genlib ] [ INFO ] Making atom pairs
2026-04-23 20:44:43,942 [ genlib ] [ INFO ] Searching branch 1
2026-04-23 20:44:43,942 [ genlib ] [ INFO ] Searching order 2
2026-04-23 20:44:43,942 [ genlib ] [ INFO ] Checking atom 1HB
2026-04-23 20:44:43,942 [ genlib ] [ INFO ] Define atom pair: ASP|1HB|HC|H         - > VAL|HB|HC|H          (d = 0.15 A)
2026-04-23 20:44:43,943 [ genlib ] [ INFO ] Checking atom 2HB
2026-04-23 20:44:43,943 [ genlib ] [ INFO ] Define atom pair: ASP|2HB|HC|H         - > VAL|CG1|CT|C.3       (d = 0.47 A)
2026-04-23 20:44:43,943 [ genlib ] [ INFO ] Checking atom CG
2026-04-23 20:44:43,943 [ genlib ] [ INFO ] Define atom pair: ASP|CG|CO|C.2        - > VAL|CG2|CT|C.3       (d = 0.06 A)
2026-04-23 20:44:43,943 [ genlib ] [ INFO ] Searching order 3
2026-04-23 20:44:43,943 [ genlib ] [ INFO ] Checking atom OD1
2026-04-23 20:44:43,943 [ genlib ] [ INFO ] Define atom pair: ASP|OD1|O2|O.co2     - > VAL|1HG2|HC|H        (d = 0.19 A)
2026-04-23 20:44:43,943 [ genlib ] [ INFO ] Checking atom OD2
2026-04-23 20:44:43,943 [ genlib ] [ INFO ] No partner found for atom OD2
2026-04-23 20:44:43,943 [ genlib ] [ INFO ] Searching order 4
2026-04-23 20:44:43,943 [ genlib ] [ INFO ] Searching order 5
2026-04-23 20:44:43,943 [ genlib ] [ INFO ] Searching order 6
2026-04-23 20:44:43,943 [ genlib ] [ INFO ] Searching order 7
2026-04-23 20:44:43,943 [ genlib ] [ INFO ] Searching branch 2
2026-04-23 20:44:43,943 [ genlib ] [ INFO ] Searching order 2
2026-04-23 20:44:43,943 [ genlib ] [ INFO ] Searching order 3
2026-04-23 20:44:43,943 [ genlib ] [ INFO ] Checking atom OD2
2026-04-23 20:44:43,943 [ genlib ] [ INFO ] No partner found for atom OD2
2026-04-23 20:44:43,943 [ genlib ] [ INFO ] Searching order 4
2026-04-23 20:44:43,943 [ genlib ] [ INFO ] Searching order 5
2026-04-23 20:44:43,943 [ genlib ] [ INFO ] Searching order 6
2026-04-23 20:44:43,943 [ genlib ] [ INFO ] Searching order 7
2026-04-23 20:44:43,945 [ genlib ] [ INFO ] Updating bond lists
2026-04-23 20:44:43,945 [ genlib ] [ INFO ] Updating dihedrals
2026-04-23 20:44:43,945 [ genlib ] [ INFO ] Updating impropers
2026-04-23 20:44:43,945 [ genlib ] [ INFO ] Building library files for CYS --> ALA mutant
2026-04-23 20:44:43,945 [ genlib ] [ INFO ] reading rtp file "aminoacids.rtp"
2026-04-23 20:44:43,981 [ genlib ] [ INFO ] ENTERED SIMPLE
2026-04-23 20:44:43,981 [ genlib ] [ INFO ] Making atom pairs
2026-04-23 20:44:43,981 [ genlib ] [ INFO ] Searching branch 1
2026-04-23 20:44:43,981 [ genlib ] [ INFO ] Searching order 2
2026-04-23 20:44:43,981 [ genlib ] [ INFO ] Checking atom 1HB
2026-04-23 20:44:43,981 [ genlib ] [ INFO ] Define atom pair: CYS|1HB|H1|H         - > ALA|2HB|HC|H         (d = 0.02 A)
2026-04-23 20:44:43,981 [ genlib ] [ INFO ] Checking atom 2HB
2026-04-23 20:44:43,981 [ genlib ] [ INFO ] Define atom pair: CYS|2HB|H1|H         - > ALA|3HB|HC|H         (d = 0.03 A)
2026-04-23 20:44:43,981 [ genlib ] [ INFO ] Checking atom SG
2026-04-23 20:44:43,981 [ genlib ] [ INFO ] No partner found for atom SG
2026-04-23 20:44:43,981 [ genlib ] [ INFO ] Searching order 3
2026-04-23 20:44:43,981 [ genlib ] [ INFO ] Searching order 4
2026-04-23 20:44:43,981 [ genlib ] [ INFO ] Searching order 5
2026-04-23 20:44:43,981 [ genlib ] [ INFO ] Searching order 6
2026-04-23 20:44:43,981 [ genlib ] [ INFO ] Searching order 7
2026-04-23 20:44:43,981 [ genlib ] [ INFO ] Searching branch 2
2026-04-23 20:44:43,981 [ genlib ] [ INFO ] Searching order 2
2026-04-23 20:44:43,981 [ genlib ] [ INFO ] Checking atom SG
2026-04-23 20:44:43,981 [ genlib ] [ INFO ] No partner found for atom SG
2026-04-23 20:44:43,981 [ genlib ] [ INFO ] Searching order 3
2026-04-23 20:44:43,981 [ genlib ] [ INFO ] Searching order 4
2026-04-23 20:44:43,981 [ genlib ] [ INFO ] Searching order 5
2026-04-23 20:44:43,981 [ genlib ] [ INFO ] Searching order 6
2026-04-23 20:44:43,981 [ genlib ] [ INFO ] Searching order 7
2026-04-23 20:44:43,982 [ genlib ] [ INFO ] Updating bond lists
2026-04-23 20:44:43,982 [ genlib ] [ INFO ] Updating dihedrals
2026-04-23 20:44:43,982 [ genlib ] [ INFO ] Updating impropers
2026-04-23 20:44:43,982 [ genlib ] [ INFO ] Building library files for CYS --> ARG mutant
2026-04-23 20:44:43,983 [ genlib ] [ INFO ] reading rtp file "aminoacids.rtp"
2026-04-23 20:44:44,017 [ genlib ] [ INFO ] ENTERED SIMPLE
2026-04-23 20:44:44,017 [ genlib ] [ INFO ] Making atom pairs
2026-04-23 20:44:44,017 [ genlib ] [ INFO ] Searching branch 1
2026-04-23 20:44:44,017 [ genlib ] [ INFO ] Searching order 2
2026-04-23 20:44:44,017 [ genlib ] [ INFO ] Checking atom 1HB
2026-04-23 20:44:44,017 [ genlib ] [ INFO ] Define atom pair: CYS|1HB|H1|H         - > ARG|1HB|HC|H         (d = 0.09 A)
2026-04-23 20:44:44,017 [ genlib ] [ INFO ] Checking atom 2HB
2026-04-23 20:44:44,017 [ genlib ] [ INFO ] Define atom pair: CYS|2HB|H1|H         - > ARG|2HB|HC|H         (d = 0.06 A)
2026-04-23 20:44:44,017 [ genlib ] [ INFO ] Checking atom SG
2026-04-23 20:44:44,017 [ genlib ] [ INFO ] Define atom pair: CYS|SG|SH|S.3        - > ARG|CG|C8|C.3        (d = 0.33 A)
2026-04-23 20:44:44,017 [ genlib ] [ INFO ] Searching order 3
2026-04-23 20:44:44,017 [ genlib ] [ INFO ] Checking atom HG
2026-04-23 20:44:44,017 [ genlib ] [ INFO ] Define atom pair: CYS|HG|HS|H          - > ARG|CD|C8|C.3        (d = 0.26 A)
2026-04-23 20:44:44,017 [ genlib ] [ INFO ] Searching order 4
2026-04-23 20:44:44,017 [ genlib ] [ INFO ] Searching order 5
2026-04-23 20:44:44,017 [ genlib ] [ INFO ] Searching order 6
2026-04-23 20:44:44,017 [ genlib ] [ INFO ] Searching order 7
2026-04-23 20:44:44,017 [ genlib ] [ INFO ] Searching branch 2
2026-04-23 20:44:44,017 [ genlib ] [ INFO ] Searching order 2
2026-04-23 20:44:44,017 [ genlib ] [ INFO ] Searching order 3
2026-04-23 20:44:44,017 [ genlib ] [ INFO ] Searching order 4
2026-04-23 20:44:44,017 [ genlib ] [ INFO ] Searching order 5
2026-04-23 20:44:44,017 [ genlib ] [ INFO ] Searching order 6
2026-04-23 20:44:44,017 [ genlib ] [ INFO ] Searching order 7
2026-04-23 20:44:44,023 [ genlib ] [ INFO ] Updating bond lists
2026-04-23 20:44:44,023 [ genlib ] [ INFO ] Updating dihedrals
2026-04-23 20:44:44,023 [ genlib ] [ INFO ] Updating impropers
2026-04-23 20:44:44,023 [ genlib ] [ INFO ] Building library files for CYS --> ASH mutant
2026-04-23 20:44:44,024 [ genlib ] [ INFO ] reading rtp file "aminoacids.rtp"
2026-04-23 20:44:44,058 [ genlib ] [ INFO ] ENTERED SIMPLE
2026-04-23 20:44:44,058 [ genlib ] [ INFO ] Making atom pairs
2026-04-23 20:44:44,058 [ genlib ] [ INFO ] Searching branch 1
2026-04-23 20:44:44,058 [ genlib ] [ INFO ] Searching order 2
2026-04-23 20:44:44,058 [ genlib ] [ INFO ] Checking atom 1HB
2026-04-23 20:44:44,058 [ genlib ] [ INFO ] Define atom pair: CYS|1HB|H1|H         - > ASH|1HB|HC|H         (d = 0.11 A)
2026-04-23 20:44:44,058 [ genlib ] [ INFO ] Checking atom 2HB
2026-04-23 20:44:44,058 [ genlib ] [ INFO ] Define atom pair: CYS|2HB|H1|H         - > ASH|2HB|HC|H         (d = 0.14 A)
2026-04-23 20:44:44,058 [ genlib ] [ INFO ] Checking atom SG
2026-04-23 20:44:44,058 [ genlib ] [ INFO ] Define atom pair: CYS|SG|SH|S.3        - > ASH|CG|C|C.2         (d = 0.25 A)
2026-04-23 20:44:44,058 [ genlib ] [ INFO ] Searching order 3
2026-04-23 20:44:44,058 [ genlib ] [ INFO ] Checking atom HG
2026-04-23 20:44:44,058 [ genlib ] [ INFO ] Define atom pair: CYS|HG|HS|H          - > ASH|OD1|O|O.co2      (d = 0.24 A)
2026-04-23 20:44:44,058 [ genlib ] [ INFO ] Searching order 4
2026-04-23 20:44:44,058 [ genlib ] [ INFO ] Searching order 5
2026-04-23 20:44:44,058 [ genlib ] [ INFO ] Searching order 6
2026-04-23 20:44:44,058 [ genlib ] [ INFO ] Searching order 7
2026-04-23 20:44:44,058 [ genlib ] [ INFO ] Searching branch 2
2026-04-23 20:44:44,058 [ genlib ] [ INFO ] Searching order 2
2026-04-23 20:44:44,058 [ genlib ] [ INFO ] Searching order 3
2026-04-23 20:44:44,058 [ genlib ] [ INFO ] Searching order 4
2026-04-23 20:44:44,058 [ genlib ] [ INFO ] Searching order 5
2026-04-23 20:44:44,058 [ genlib ] [ INFO ] Searching order 6
2026-04-23 20:44:44,058 [ genlib ] [ INFO ] Searching order 7
2026-04-23 20:44:44,059 [ genlib ] [ INFO ] Updating bond lists
2026-04-23 20:44:44,059 [ genlib ] [ INFO ] Updating dihedrals
2026-04-23 20:44:44,059 [ genlib ] [ INFO ] Updating impropers
2026-04-23 20:44:44,059 [ genlib ] [ INFO ] Building library files for CYS --> ASN mutant
2026-04-23 20:44:44,060 [ genlib ] [ INFO ] reading rtp file "aminoacids.rtp"
2026-04-23 20:44:44,095 [ genlib ] [ INFO ] ENTERED SIMPLE
2026-04-23 20:44:44,095 [ genlib ] [ INFO ] Making atom pairs
2026-04-23 20:44:44,095 [ genlib ] [ INFO ] Searching branch 1
2026-04-23 20:44:44,095 [ genlib ] [ INFO ] Searching order 2
2026-04-23 20:44:44,095 [ genlib ] [ INFO ] Checking atom 1HB
2026-04-23 20:44:44,095 [ genlib ] [ INFO ] Define atom pair: CYS|1HB|H1|H         - > ASN|1HB|HC|H         (d = 0.06 A)
2026-04-23 20:44:44,095 [ genlib ] [ INFO ] Checking atom 2HB
2026-04-23 20:44:44,095 [ genlib ] [ INFO ] Define atom pair: CYS|2HB|H1|H         - > ASN|2HB|HC|H         (d = 0.12 A)
2026-04-23 20:44:44,095 [ genlib ] [ INFO ] Checking atom SG
2026-04-23 20:44:44,095 [ genlib ] [ INFO ] Define atom pair: CYS|SG|SH|S.3        - > ASN|CG|C|C.2         (d = 0.21 A)
2026-04-23 20:44:44,095 [ genlib ] [ INFO ] Searching order 3
2026-04-23 20:44:44,095 [ genlib ] [ INFO ] Checking atom HG
2026-04-23 20:44:44,095 [ genlib ] [ INFO ] Define atom pair: CYS|HG|HS|H          - > ASN|OD1|O|O.2        (d = 0.38 A)
2026-04-23 20:44:44,095 [ genlib ] [ INFO ] Searching order 4
2026-04-23 20:44:44,095 [ genlib ] [ INFO ] Searching order 5
2026-04-23 20:44:44,095 [ genlib ] [ INFO ] Searching order 6
2026-04-23 20:44:44,095 [ genlib ] [ INFO ] Searching order 7
2026-04-23 20:44:44,095 [ genlib ] [ INFO ] Searching branch 2
2026-04-23 20:44:44,095 [ genlib ] [ INFO ] Searching order 2
2026-04-23 20:44:44,095 [ genlib ] [ INFO ] Searching order 3
2026-04-23 20:44:44,095 [ genlib ] [ INFO ] Searching order 4
2026-04-23 20:44:44,095 [ genlib ] [ INFO ] Searching order 5
2026-04-23 20:44:44,095 [ genlib ] [ INFO ] Searching order 6
2026-04-23 20:44:44,095 [ genlib ] [ INFO ] Searching order 7
2026-04-23 20:44:44,096 [ genlib ] [ INFO ] Updating bond lists
2026-04-23 20:44:44,096 [ genlib ] [ INFO ] Updating dihedrals
2026-04-23 20:44:44,096 [ genlib ] [ INFO ] Updating impropers
2026-04-23 20:44:44,096 [ genlib ] [ INFO ] Building library files for CYS --> ASP mutant
2026-04-23 20:44:44,097 [ genlib ] [ INFO ] reading rtp file "aminoacids.rtp"
2026-04-23 20:44:44,131 [ genlib ] [ INFO ] ENTERED SIMPLE
2026-04-23 20:44:44,132 [ genlib ] [ INFO ] Making atom pairs
2026-04-23 20:44:44,132 [ genlib ] [ INFO ] Searching branch 1
2026-04-23 20:44:44,132 [ genlib ] [ INFO ] Searching order 2
2026-04-23 20:44:44,132 [ genlib ] [ INFO ] Checking atom 1HB
2026-04-23 20:44:44,132 [ genlib ] [ INFO ] Define atom pair: CYS|1HB|H1|H         - > ASP|1HB|HC|H         (d = 0.04 A)
2026-04-23 20:44:44,132 [ genlib ] [ INFO ] Checking atom 2HB
2026-04-23 20:44:44,132 [ genlib ] [ INFO ] Define atom pair: CYS|2HB|H1|H         - > ASP|2HB|HC|H         (d = 0.07 A)
2026-04-23 20:44:44,132 [ genlib ] [ INFO ] Checking atom SG
2026-04-23 20:44:44,132 [ genlib ] [ INFO ] Define atom pair: CYS|SG|SH|S.3        - > ASP|CG|CO|C.2        (d = 0.25 A)
2026-04-23 20:44:44,132 [ genlib ] [ INFO ] Searching order 3
2026-04-23 20:44:44,132 [ genlib ] [ INFO ] Checking atom HG
2026-04-23 20:44:44,132 [ genlib ] [ INFO ] Define atom pair: CYS|HG|HS|H          - > ASP|OD1|O2|O.co2     (d = 0.24 A)
2026-04-23 20:44:44,132 [ genlib ] [ INFO ] Searching order 4
2026-04-23 20:44:44,132 [ genlib ] [ INFO ] Searching order 5
2026-04-23 20:44:44,132 [ genlib ] [ INFO ] Searching order 6
2026-04-23 20:44:44,132 [ genlib ] [ INFO ] Searching order 7
2026-04-23 20:44:44,132 [ genlib ] [ INFO ] Searching branch 2
2026-04-23 20:44:44,132 [ genlib ] [ INFO ] Searching order 2
2026-04-23 20:44:44,132 [ genlib ] [ INFO ] Searching order 3
2026-04-23 20:44:44,132 [ genlib ] [ INFO ] Searching order 4
2026-04-23 20:44:44,132 [ genlib ] [ INFO ] Searching order 5
2026-04-23 20:44:44,132 [ genlib ] [ INFO ] Searching order 6
2026-04-23 20:44:44,132 [ genlib ] [ INFO ] Searching order 7
2026-04-23 20:44:44,132 [ genlib ] [ INFO ] Updating bond lists
2026-04-23 20:44:44,132 [ genlib ] [ INFO ] Updating dihedrals
2026-04-23 20:44:44,132 [ genlib ] [ INFO ] Updating impropers
2026-04-23 20:44:44,133 [ genlib ] [ INFO ] Building library files for CYS --> GLH mutant
2026-04-23 20:44:44,133 [ genlib ] [ INFO ] reading rtp file "aminoacids.rtp"
2026-04-23 20:44:44,168 [ genlib ] [ INFO ] ENTERED SIMPLE
2026-04-23 20:44:44,168 [ genlib ] [ INFO ] Making atom pairs
2026-04-23 20:44:44,168 [ genlib ] [ INFO ] Searching branch 1
2026-04-23 20:44:44,168 [ genlib ] [ INFO ] Searching order 2
2026-04-23 20:44:44,168 [ genlib ] [ INFO ] Checking atom 1HB
2026-04-23 20:44:44,168 [ genlib ] [ INFO ] Define atom pair: CYS|1HB|H1|H         - > GLH|1HB|HC|H         (d = 0.17 A)
2026-04-23 20:44:44,168 [ genlib ] [ INFO ] Checking atom 2HB
2026-04-23 20:44:44,168 [ genlib ] [ INFO ] Define atom pair: CYS|2HB|H1|H         - > GLH|2HB|HC|H         (d = 0.21 A)
2026-04-23 20:44:44,168 [ genlib ] [ INFO ] Checking atom SG
2026-04-23 20:44:44,168 [ genlib ] [ INFO ] Define atom pair: CYS|SG|SH|S.3        - > GLH|CG|2C|C.3        (d = 0.25 A)
2026-04-23 20:44:44,168 [ genlib ] [ INFO ] Searching order 3
2026-04-23 20:44:44,168 [ genlib ] [ INFO ] Checking atom HG
2026-04-23 20:44:44,168 [ genlib ] [ INFO ] Define atom pair: CYS|HG|HS|H          - > GLH|CD|C|C.2         (d = 0.29 A)
2026-04-23 20:44:44,168 [ genlib ] [ INFO ] Searching order 4
2026-04-23 20:44:44,168 [ genlib ] [ INFO ] Searching order 5
2026-04-23 20:44:44,168 [ genlib ] [ INFO ] Searching order 6
2026-04-23 20:44:44,168 [ genlib ] [ INFO ] Searching order 7
2026-04-23 20:44:44,168 [ genlib ] [ INFO ] Searching branch 2
2026-04-23 20:44:44,168 [ genlib ] [ INFO ] Searching order 2
2026-04-23 20:44:44,168 [ genlib ] [ INFO ] Searching order 3
2026-04-23 20:44:44,168 [ genlib ] [ INFO ] Searching order 4
2026-04-23 20:44:44,168 [ genlib ] [ INFO ] Searching order 5
2026-04-23 20:44:44,168 [ genlib ] [ INFO ] Searching order 6
2026-04-23 20:44:44,168 [ genlib ] [ INFO ] Searching order 7
2026-04-23 20:44:44,170 [ genlib ] [ INFO ] Updating bond lists
2026-04-23 20:44:44,170 [ genlib ] [ INFO ] Updating dihedrals
2026-04-23 20:44:44,170 [ genlib ] [ INFO ] Updating impropers
2026-04-23 20:44:44,170 [ genlib ] [ INFO ] Building library files for CYS --> GLN mutant
2026-04-23 20:44:44,171 [ genlib ] [ INFO ] reading rtp file "aminoacids.rtp"
2026-04-23 20:44:44,206 [ genlib ] [ INFO ] ENTERED SIMPLE
2026-04-23 20:44:44,206 [ genlib ] [ INFO ] Making atom pairs
2026-04-23 20:44:44,206 [ genlib ] [ INFO ] Searching branch 1
2026-04-23 20:44:44,206 [ genlib ] [ INFO ] Searching order 2
2026-04-23 20:44:44,206 [ genlib ] [ INFO ] Checking atom 1HB
2026-04-23 20:44:44,206 [ genlib ] [ INFO ] Define atom pair: CYS|1HB|H1|H         - > GLN|1HB|HC|H         (d = 0.07 A)
2026-04-23 20:44:44,206 [ genlib ] [ INFO ] Checking atom 2HB
2026-04-23 20:44:44,206 [ genlib ] [ INFO ] Define atom pair: CYS|2HB|H1|H         - > GLN|2HB|HC|H         (d = 0.05 A)
2026-04-23 20:44:44,206 [ genlib ] [ INFO ] Checking atom SG
2026-04-23 20:44:44,206 [ genlib ] [ INFO ] Define atom pair: CYS|SG|SH|S.3        - > GLN|CG|2C|C.3        (d = 0.29 A)
2026-04-23 20:44:44,206 [ genlib ] [ INFO ] Searching order 3
2026-04-23 20:44:44,206 [ genlib ] [ INFO ] Checking atom HG
2026-04-23 20:44:44,206 [ genlib ] [ INFO ] Define atom pair: CYS|HG|HS|H          - > GLN|CD|C|C.2         (d = 0.29 A)
2026-04-23 20:44:44,206 [ genlib ] [ INFO ] Searching order 4
2026-04-23 20:44:44,206 [ genlib ] [ INFO ] Searching order 5
2026-04-23 20:44:44,206 [ genlib ] [ INFO ] Searching order 6
2026-04-23 20:44:44,206 [ genlib ] [ INFO ] Searching order 7
2026-04-23 20:44:44,206 [ genlib ] [ INFO ] Searching branch 2
2026-04-23 20:44:44,206 [ genlib ] [ INFO ] Searching order 2
2026-04-23 20:44:44,206 [ genlib ] [ INFO ] Searching order 3
2026-04-23 20:44:44,206 [ genlib ] [ INFO ] Searching order 4
2026-04-23 20:44:44,206 [ genlib ] [ INFO ] Searching order 5
2026-04-23 20:44:44,206 [ genlib ] [ INFO ] Searching order 6
2026-04-23 20:44:44,206 [ genlib ] [ INFO ] Searching order 7
2026-04-23 20:44:44,209 [ genlib ] [ INFO ] Updating bond lists
2026-04-23 20:44:44,209 [ genlib ] [ INFO ] Updating dihedrals
2026-04-23 20:44:44,209 [ genlib ] [ INFO ] Updating impropers
2026-04-23 20:44:44,209 [ genlib ] [ INFO ] Building library files for CYS --> GLU mutant
2026-04-23 20:44:44,210 [ genlib ] [ INFO ] reading rtp file "aminoacids.rtp"
2026-04-23 20:44:44,244 [ genlib ] [ INFO ] ENTERED SIMPLE
2026-04-23 20:44:44,244 [ genlib ] [ INFO ] Making atom pairs
2026-04-23 20:44:44,244 [ genlib ] [ INFO ] Searching branch 1
2026-04-23 20:44:44,244 [ genlib ] [ INFO ] Searching order 2
2026-04-23 20:44:44,244 [ genlib ] [ INFO ] Checking atom 1HB
2026-04-23 20:44:44,244 [ genlib ] [ INFO ] Define atom pair: CYS|1HB|H1|H         - > GLU|1HB|HC|H         (d = 0.16 A)
2026-04-23 20:44:44,244 [ genlib ] [ INFO ] Checking atom 2HB
2026-04-23 20:44:44,244 [ genlib ] [ INFO ] Define atom pair: CYS|2HB|H1|H         - > GLU|2HB|HC|H         (d = 0.17 A)
2026-04-23 20:44:44,244 [ genlib ] [ INFO ] Checking atom SG
2026-04-23 20:44:44,244 [ genlib ] [ INFO ] Define atom pair: CYS|SG|SH|S.3        - > GLU|CG|2C|C.3        (d = 0.25 A)
2026-04-23 20:44:44,244 [ genlib ] [ INFO ] Searching order 3
2026-04-23 20:44:44,244 [ genlib ] [ INFO ] Checking atom HG
2026-04-23 20:44:44,244 [ genlib ] [ INFO ] Define atom pair: CYS|HG|HS|H          - > GLU|CD|CO|C.2        (d = 0.29 A)
2026-04-23 20:44:44,244 [ genlib ] [ INFO ] Searching order 4
2026-04-23 20:44:44,244 [ genlib ] [ INFO ] Searching order 5
2026-04-23 20:44:44,244 [ genlib ] [ INFO ] Searching order 6
2026-04-23 20:44:44,244 [ genlib ] [ INFO ] Searching order 7
2026-04-23 20:44:44,244 [ genlib ] [ INFO ] Searching branch 2
2026-04-23 20:44:44,244 [ genlib ] [ INFO ] Searching order 2
2026-04-23 20:44:44,244 [ genlib ] [ INFO ] Searching order 3
2026-04-23 20:44:44,244 [ genlib ] [ INFO ] Searching order 4
2026-04-23 20:44:44,244 [ genlib ] [ INFO ] Searching order 5
2026-04-23 20:44:44,244 [ genlib ] [ INFO ] Searching order 6
2026-04-23 20:44:44,244 [ genlib ] [ INFO ] Searching order 7
2026-04-23 20:44:44,245 [ genlib ] [ INFO ] Updating bond lists
2026-04-23 20:44:44,245 [ genlib ] [ INFO ] Updating dihedrals
2026-04-23 20:44:44,245 [ genlib ] [ INFO ] Updating impropers
2026-04-23 20:44:44,246 [ genlib ] [ INFO ] Building library files for CYS --> GLY mutant
2026-04-23 20:44:44,246 [ genlib ] [ INFO ] reading rtp file "aminoacids.rtp"
2026-04-23 20:44:44,280 [ genlib ] [ INFO ] ENTERED G
2026-04-23 20:44:44,280 [ genlib ] [ INFO ] Making atom pairs
2026-04-23 20:44:44,281 [ genlib ] [ INFO ] Updating bond lists
2026-04-23 20:44:44,281 [ genlib ] [ INFO ] Updating dihedrals
2026-04-23 20:44:44,281 [ genlib ] [ INFO ] Updating impropers
2026-04-23 20:44:44,281 [ genlib ] [ INFO ] Building library files for CYS --> HID mutant
2026-04-23 20:44:44,282 [ genlib ] [ INFO ] reading rtp file "aminoacids.rtp"
2026-04-23 20:44:44,316 [ genlib ] [ INFO ] ENTERED RINGS
2026-04-23 20:44:44,316 [ genlib ] [ INFO ] Making atom pairs
2026-04-23 20:44:44,319 [ genlib ] [ INFO ] Updating bond lists
2026-04-23 20:44:44,319 [ genlib ] [ INFO ] Updating dihedrals
2026-04-23 20:44:44,319 [ genlib ] [ INFO ] Updating impropers
2026-04-23 20:44:44,319 [ genlib ] [ INFO ] Building library files for CYS --> HIE mutant
2026-04-23 20:44:44,320 [ genlib ] [ INFO ] reading rtp file "aminoacids.rtp"
2026-04-23 20:44:44,355 [ genlib ] [ INFO ] ENTERED RINGS
2026-04-23 20:44:44,355 [ genlib ] [ INFO ] Making atom pairs
2026-04-23 20:44:44,358 [ genlib ] [ INFO ] Updating bond lists
2026-04-23 20:44:44,358 [ genlib ] [ INFO ] Updating dihedrals
2026-04-23 20:44:44,358 [ genlib ] [ INFO ] Updating impropers
2026-04-23 20:44:44,358 [ genlib ] [ INFO ] Building library files for CYS --> HIP mutant
2026-04-23 20:44:44,359 [ genlib ] [ INFO ] reading rtp file "aminoacids.rtp"
2026-04-23 20:44:44,393 [ genlib ] [ INFO ] ENTERED RINGS
2026-04-23 20:44:44,393 [ genlib ] [ INFO ] Making atom pairs
2026-04-23 20:44:44,396 [ genlib ] [ INFO ] Updating bond lists
2026-04-23 20:44:44,396 [ genlib ] [ INFO ] Updating dihedrals
2026-04-23 20:44:44,396 [ genlib ] [ INFO ] Updating impropers
2026-04-23 20:44:44,396 [ genlib ] [ INFO ] Building library files for CYS --> ILE mutant
2026-04-23 20:44:44,397 [ genlib ] [ INFO ] reading rtp file "aminoacids.rtp"
2026-04-23 20:44:44,431 [ genlib ] [ INFO ] ENTERED SIMPLE
2026-04-23 20:44:44,431 [ genlib ] [ INFO ] Making atom pairs
2026-04-23 20:44:44,431 [ genlib ] [ INFO ] Searching branch 1
2026-04-23 20:44:44,431 [ genlib ] [ INFO ] Searching order 2
2026-04-23 20:44:44,431 [ genlib ] [ INFO ] Checking atom 1HB
2026-04-23 20:44:44,431 [ genlib ] [ INFO ] Define atom pair: CYS|1HB|H1|H         - > ILE|HB|HC|H          (d = 0.12 A)
2026-04-23 20:44:44,431 [ genlib ] [ INFO ] Checking atom 2HB
2026-04-23 20:44:44,431 [ genlib ] [ INFO ] Define atom pair: CYS|2HB|H1|H         - > ILE|CG2|CT|C.3       (d = 0.42 A)
2026-04-23 20:44:44,431 [ genlib ] [ INFO ] Checking atom SG
2026-04-23 20:44:44,431 [ genlib ] [ INFO ] Define atom pair: CYS|SG|SH|S.3        - > ILE|CG1|2C|C.3       (d = 0.20 A)
2026-04-23 20:44:44,431 [ genlib ] [ INFO ] Searching order 3
2026-04-23 20:44:44,431 [ genlib ] [ INFO ] Checking atom HG
2026-04-23 20:44:44,431 [ genlib ] [ INFO ] Define atom pair: CYS|HG|HS|H          - > ILE|CD1|CT|C.3       (d = 0.29 A)
2026-04-23 20:44:44,431 [ genlib ] [ INFO ] Searching order 4
2026-04-23 20:44:44,431 [ genlib ] [ INFO ] Searching order 5
2026-04-23 20:44:44,431 [ genlib ] [ INFO ] Searching order 6
2026-04-23 20:44:44,431 [ genlib ] [ INFO ] Searching order 7
2026-04-23 20:44:44,431 [ genlib ] [ INFO ] Searching branch 2
2026-04-23 20:44:44,431 [ genlib ] [ INFO ] Searching order 2
2026-04-23 20:44:44,431 [ genlib ] [ INFO ] Searching order 3
2026-04-23 20:44:44,431 [ genlib ] [ INFO ] Searching order 4
2026-04-23 20:44:44,432 [ genlib ] [ INFO ] Searching order 5
2026-04-23 20:44:44,432 [ genlib ] [ INFO ] Searching order 6
2026-04-23 20:44:44,432 [ genlib ] [ INFO ] Searching order 7
2026-04-23 20:44:44,435 [ genlib ] [ INFO ] Updating bond lists
2026-04-23 20:44:44,435 [ genlib ] [ INFO ] Updating dihedrals
2026-04-23 20:44:44,435 [ genlib ] [ INFO ] Updating impropers
2026-04-23 20:44:44,436 [ genlib ] [ INFO ] Building library files for CYS --> LEU mutant
2026-04-23 20:44:44,436 [ genlib ] [ INFO ] reading rtp file "aminoacids.rtp"
2026-04-23 20:44:44,471 [ genlib ] [ INFO ] ENTERED SIMPLE
2026-04-23 20:44:44,471 [ genlib ] [ INFO ] Making atom pairs
2026-04-23 20:44:44,471 [ genlib ] [ INFO ] Searching branch 1
2026-04-23 20:44:44,471 [ genlib ] [ INFO ] Searching order 2
2026-04-23 20:44:44,471 [ genlib ] [ INFO ] Checking atom 1HB
2026-04-23 20:44:44,471 [ genlib ] [ INFO ] Define atom pair: CYS|1HB|H1|H         - > LEU|1HB|HC|H         (d = 0.03 A)
2026-04-23 20:44:44,471 [ genlib ] [ INFO ] Checking atom 2HB
2026-04-23 20:44:44,471 [ genlib ] [ INFO ] Define atom pair: CYS|2HB|H1|H         - > LEU|2HB|HC|H         (d = 0.03 A)
2026-04-23 20:44:44,471 [ genlib ] [ INFO ] Checking atom SG
2026-04-23 20:44:44,471 [ genlib ] [ INFO ] Define atom pair: CYS|SG|SH|S.3        - > LEU|CG|3C|C.3        (d = 0.25 A)
2026-04-23 20:44:44,471 [ genlib ] [ INFO ] Searching order 3
2026-04-23 20:44:44,471 [ genlib ] [ INFO ] Checking atom HG
2026-04-23 20:44:44,471 [ genlib ] [ INFO ] Define atom pair: CYS|HG|HS|H          - > LEU|CD1|CT|C.3       (d = 0.25 A)
2026-04-23 20:44:44,471 [ genlib ] [ INFO ] Searching order 4
2026-04-23 20:44:44,471 [ genlib ] [ INFO ] Searching order 5
2026-04-23 20:44:44,471 [ genlib ] [ INFO ] Searching order 6
2026-04-23 20:44:44,471 [ genlib ] [ INFO ] Searching order 7
2026-04-23 20:44:44,471 [ genlib ] [ INFO ] Searching branch 2
2026-04-23 20:44:44,471 [ genlib ] [ INFO ] Searching order 2
2026-04-23 20:44:44,471 [ genlib ] [ INFO ] Searching order 3
2026-04-23 20:44:44,471 [ genlib ] [ INFO ] Searching order 4
2026-04-23 20:44:44,471 [ genlib ] [ INFO ] Searching order 5
2026-04-23 20:44:44,471 [ genlib ] [ INFO ] Searching order 6
2026-04-23 20:44:44,471 [ genlib ] [ INFO ] Searching order 7
2026-04-23 20:44:44,474 [ genlib ] [ INFO ] Updating bond lists
2026-04-23 20:44:44,474 [ genlib ] [ INFO ] Updating dihedrals
2026-04-23 20:44:44,474 [ genlib ] [ INFO ] Updating impropers
2026-04-23 20:44:44,474 [ genlib ] [ INFO ] Building library files for CYS --> LYN mutant
2026-04-23 20:44:44,475 [ genlib ] [ INFO ] reading rtp file "aminoacids.rtp"
2026-04-23 20:44:44,510 [ genlib ] [ INFO ] ENTERED SIMPLE
2026-04-23 20:44:44,510 [ genlib ] [ INFO ] Making atom pairs
2026-04-23 20:44:44,510 [ genlib ] [ INFO ] Searching branch 1
2026-04-23 20:44:44,510 [ genlib ] [ INFO ] Searching order 2
2026-04-23 20:44:44,510 [ genlib ] [ INFO ] Checking atom 1HB
2026-04-23 20:44:44,510 [ genlib ] [ INFO ] Define atom pair: CYS|1HB|H1|H         - > LYN|1HB|HC|H         (d = 0.11 A)
2026-04-23 20:44:44,510 [ genlib ] [ INFO ] Checking atom 2HB
2026-04-23 20:44:44,510 [ genlib ] [ INFO ] Define atom pair: CYS|2HB|H1|H         - > LYN|2HB|HC|H         (d = 0.09 A)
2026-04-23 20:44:44,510 [ genlib ] [ INFO ] Checking atom SG
2026-04-23 20:44:44,510 [ genlib ] [ INFO ] Define atom pair: CYS|SG|SH|S.3        - > LYN|CG|CT|C.3        (d = 0.33 A)
2026-04-23 20:44:44,510 [ genlib ] [ INFO ] Searching order 3
2026-04-23 20:44:44,510 [ genlib ] [ INFO ] Checking atom HG
2026-04-23 20:44:44,510 [ genlib ] [ INFO ] Define atom pair: CYS|HG|HS|H          - > LYN|CD|CT|C.3        (d = 0.25 A)
2026-04-23 20:44:44,510 [ genlib ] [ INFO ] Searching order 4
2026-04-23 20:44:44,510 [ genlib ] [ INFO ] Searching order 5
2026-04-23 20:44:44,510 [ genlib ] [ INFO ] Searching order 6
2026-04-23 20:44:44,510 [ genlib ] [ INFO ] Searching order 7
2026-04-23 20:44:44,510 [ genlib ] [ INFO ] Searching branch 2
2026-04-23 20:44:44,510 [ genlib ] [ INFO ] Searching order 2
2026-04-23 20:44:44,510 [ genlib ] [ INFO ] Searching order 3
2026-04-23 20:44:44,510 [ genlib ] [ INFO ] Searching order 4
2026-04-23 20:44:44,510 [ genlib ] [ INFO ] Searching order 5
2026-04-23 20:44:44,510 [ genlib ] [ INFO ] Searching order 6
2026-04-23 20:44:44,510 [ genlib ] [ INFO ] Searching order 7
2026-04-23 20:44:44,514 [ genlib ] [ INFO ] Updating bond lists
2026-04-23 20:44:44,514 [ genlib ] [ INFO ] Updating dihedrals
2026-04-23 20:44:44,514 [ genlib ] [ INFO ] Updating impropers
2026-04-23 20:44:44,515 [ genlib ] [ INFO ] Building library files for CYS --> LYS mutant
2026-04-23 20:44:44,515 [ genlib ] [ INFO ] reading rtp file "aminoacids.rtp"
2026-04-23 20:44:44,550 [ genlib ] [ INFO ] ENTERED SIMPLE
2026-04-23 20:44:44,550 [ genlib ] [ INFO ] Making atom pairs
2026-04-23 20:44:44,550 [ genlib ] [ INFO ] Searching branch 1
2026-04-23 20:44:44,550 [ genlib ] [ INFO ] Searching order 2
2026-04-23 20:44:44,550 [ genlib ] [ INFO ] Checking atom 1HB
2026-04-23 20:44:44,550 [ genlib ] [ INFO ] Define atom pair: CYS|1HB|H1|H         - > LYS|1HB|HC|H         (d = 0.09 A)
2026-04-23 20:44:44,550 [ genlib ] [ INFO ] Checking atom 2HB
2026-04-23 20:44:44,550 [ genlib ] [ INFO ] Define atom pair: CYS|2HB|H1|H         - > LYS|2HB|HC|H         (d = 0.07 A)
2026-04-23 20:44:44,550 [ genlib ] [ INFO ] Checking atom SG
2026-04-23 20:44:44,550 [ genlib ] [ INFO ] Define atom pair: CYS|SG|SH|S.3        - > LYS|CG|C8|C.3        (d = 0.33 A)
2026-04-23 20:44:44,550 [ genlib ] [ INFO ] Searching order 3
2026-04-23 20:44:44,550 [ genlib ] [ INFO ] Checking atom HG
2026-04-23 20:44:44,550 [ genlib ] [ INFO ] Define atom pair: CYS|HG|HS|H          - > LYS|CD|C8|C.3        (d = 0.28 A)
2026-04-23 20:44:44,550 [ genlib ] [ INFO ] Searching order 4
2026-04-23 20:44:44,550 [ genlib ] [ INFO ] Searching order 5
2026-04-23 20:44:44,550 [ genlib ] [ INFO ] Searching order 6
2026-04-23 20:44:44,550 [ genlib ] [ INFO ] Searching order 7
2026-04-23 20:44:44,550 [ genlib ] [ INFO ] Searching branch 2
2026-04-23 20:44:44,550 [ genlib ] [ INFO ] Searching order 2
2026-04-23 20:44:44,550 [ genlib ] [ INFO ] Searching order 3
2026-04-23 20:44:44,550 [ genlib ] [ INFO ] Searching order 4
2026-04-23 20:44:44,550 [ genlib ] [ INFO ] Searching order 5
2026-04-23 20:44:44,550 [ genlib ] [ INFO ] Searching order 6
2026-04-23 20:44:44,550 [ genlib ] [ INFO ] Searching order 7
2026-04-23 20:44:44,555 [ genlib ] [ INFO ] Updating bond lists
2026-04-23 20:44:44,555 [ genlib ] [ INFO ] Updating dihedrals
2026-04-23 20:44:44,555 [ genlib ] [ INFO ] Updating impropers
2026-04-23 20:44:44,555 [ genlib ] [ INFO ] Building library files for CYS --> MET mutant
2026-04-23 20:44:44,556 [ genlib ] [ INFO ] reading rtp file "aminoacids.rtp"
2026-04-23 20:44:44,590 [ genlib ] [ INFO ] ENTERED SIMPLE
2026-04-23 20:44:44,590 [ genlib ] [ INFO ] Making atom pairs
2026-04-23 20:44:44,590 [ genlib ] [ INFO ] Searching branch 1
2026-04-23 20:44:44,590 [ genlib ] [ INFO ] Searching order 2
2026-04-23 20:44:44,590 [ genlib ] [ INFO ] Checking atom 1HB
2026-04-23 20:44:44,590 [ genlib ] [ INFO ] Define atom pair: CYS|1HB|H1|H         - > MET|1HB|HC|H         (d = 0.04 A)
2026-04-23 20:44:44,590 [ genlib ] [ INFO ] Checking atom 2HB
2026-04-23 20:44:44,590 [ genlib ] [ INFO ] Define atom pair: CYS|2HB|H1|H         - > MET|2HB|HC|H         (d = 0.06 A)
2026-04-23 20:44:44,590 [ genlib ] [ INFO ] Checking atom SG
2026-04-23 20:44:44,590 [ genlib ] [ INFO ] Define atom pair: CYS|SG|SH|S.3        - > MET|CG|2C|C.3        (d = 0.26 A)
2026-04-23 20:44:44,590 [ genlib ] [ INFO ] Searching order 3
2026-04-23 20:44:44,590 [ genlib ] [ INFO ] Checking atom HG
2026-04-23 20:44:44,590 [ genlib ] [ INFO ] Define atom pair: CYS|HG|HS|H          - > MET|SD|S|S.3         (d = 0.48 A)
2026-04-23 20:44:44,590 [ genlib ] [ INFO ] Searching order 4
2026-04-23 20:44:44,590 [ genlib ] [ INFO ] Searching order 5
2026-04-23 20:44:44,590 [ genlib ] [ INFO ] Searching order 6
2026-04-23 20:44:44,590 [ genlib ] [ INFO ] Searching order 7
2026-04-23 20:44:44,590 [ genlib ] [ INFO ] Searching branch 2
2026-04-23 20:44:44,590 [ genlib ] [ INFO ] Searching order 2
2026-04-23 20:44:44,590 [ genlib ] [ INFO ] Searching order 3
2026-04-23 20:44:44,590 [ genlib ] [ INFO ] Searching order 4
2026-04-23 20:44:44,590 [ genlib ] [ INFO ] Searching order 5
2026-04-23 20:44:44,590 [ genlib ] [ INFO ] Searching order 6
2026-04-23 20:44:44,590 [ genlib ] [ INFO ] Searching order 7
2026-04-23 20:44:44,593 [ genlib ] [ INFO ] Updating bond lists
2026-04-23 20:44:44,593 [ genlib ] [ INFO ] Updating dihedrals
2026-04-23 20:44:44,593 [ genlib ] [ INFO ] Updating impropers
2026-04-23 20:44:44,593 [ genlib ] [ INFO ] Building library files for CYS --> PHE mutant
2026-04-23 20:44:44,593 [ genlib ] [ INFO ] reading rtp file "aminoacids.rtp"
2026-04-23 20:44:44,628 [ genlib ] [ INFO ] ENTERED RINGS
2026-04-23 20:44:44,628 [ genlib ] [ INFO ] Making atom pairs
2026-04-23 20:44:44,633 [ genlib ] [ INFO ] Updating bond lists
2026-04-23 20:44:44,634 [ genlib ] [ INFO ] Updating dihedrals
2026-04-23 20:44:44,634 [ genlib ] [ INFO ] Updating impropers
2026-04-23 20:44:44,634 [ genlib ] [ INFO ] Building library files for CYS --> PRO mutant
2026-04-23 20:44:44,634 [ genlib ] [ INFO ] reading rtp file "aminoacids.rtp"
2026-04-23 20:44:44,668 [ genlib ] [ INFO ] ENTERED P
2026-04-23 20:44:44,668 [ genlib ] [ INFO ] Making atom pairs
2026-04-23 20:44:44,671 [ genlib ] [ INFO ] Updating bond lists
2026-04-23 20:44:44,671 [ genlib ] [ INFO ] Updating dihedrals
2026-04-23 20:44:44,671 [ genlib ] [ INFO ] Updating impropers
2026-04-23 20:44:44,672 [ genlib ] [ INFO ] Building library files for CYS --> SER mutant
2026-04-23 20:44:44,672 [ genlib ] [ INFO ] reading rtp file "aminoacids.rtp"
2026-04-23 20:44:44,707 [ genlib ] [ INFO ] ENTERED SIMPLE
2026-04-23 20:44:44,707 [ genlib ] [ INFO ] Making atom pairs
2026-04-23 20:44:44,707 [ genlib ] [ INFO ] Searching branch 1
2026-04-23 20:44:44,707 [ genlib ] [ INFO ] Searching order 2
2026-04-23 20:44:44,707 [ genlib ] [ INFO ] Checking atom 1HB
2026-04-23 20:44:44,707 [ genlib ] [ INFO ] Define atom pair: CYS|1HB|H1|H         - > SER|1HB|H1|H         (d = 0.09 A)
2026-04-23 20:44:44,707 [ genlib ] [ INFO ] Checking atom 2HB
2026-04-23 20:44:44,707 [ genlib ] [ INFO ] Define atom pair: CYS|2HB|H1|H         - > SER|2HB|H1|H         (d = 0.10 A)
2026-04-23 20:44:44,707 [ genlib ] [ INFO ] Checking atom SG
2026-04-23 20:44:44,707 [ genlib ] [ INFO ] Define atom pair: CYS|SG|SH|S.3        - > SER|OG|OH|O.3        (d = 0.37 A)
2026-04-23 20:44:44,707 [ genlib ] [ INFO ] Searching order 3
2026-04-23 20:44:44,707 [ genlib ] [ INFO ] Checking atom HG
2026-04-23 20:44:44,707 [ genlib ] [ INFO ] Define atom pair: CYS|HG|HS|H          - > SER|HG|HO|H          (d = 0.45 A)
2026-04-23 20:44:44,707 [ genlib ] [ INFO ] Searching order 4
2026-04-23 20:44:44,707 [ genlib ] [ INFO ] Searching order 5
2026-04-23 20:44:44,707 [ genlib ] [ INFO ] Searching order 6
2026-04-23 20:44:44,707 [ genlib ] [ INFO ] Searching order 7
2026-04-23 20:44:44,707 [ genlib ] [ INFO ] Searching branch 2
2026-04-23 20:44:44,707 [ genlib ] [ INFO ] Searching order 2
2026-04-23 20:44:44,707 [ genlib ] [ INFO ] Searching order 3
2026-04-23 20:44:44,707 [ genlib ] [ INFO ] Searching order 4
2026-04-23 20:44:44,707 [ genlib ] [ INFO ] Searching order 5
2026-04-23 20:44:44,707 [ genlib ] [ INFO ] Searching order 6
2026-04-23 20:44:44,707 [ genlib ] [ INFO ] Searching order 7
2026-04-23 20:44:44,708 [ genlib ] [ INFO ] Updating bond lists
2026-04-23 20:44:44,708 [ genlib ] [ INFO ] Updating dihedrals
2026-04-23 20:44:44,708 [ genlib ] [ INFO ] Updating impropers
2026-04-23 20:44:44,708 [ genlib ] [ INFO ] Building library files for CYS --> THR mutant
2026-04-23 20:44:44,708 [ genlib ] [ INFO ] reading rtp file "aminoacids.rtp"
2026-04-23 20:44:44,743 [ genlib ] [ INFO ] ENTERED SIMPLE
2026-04-23 20:44:44,743 [ genlib ] [ INFO ] Making atom pairs
2026-04-23 20:44:44,743 [ genlib ] [ INFO ] Searching branch 1
2026-04-23 20:44:44,743 [ genlib ] [ INFO ] Searching order 2
2026-04-23 20:44:44,743 [ genlib ] [ INFO ] Checking atom 1HB
2026-04-23 20:44:44,743 [ genlib ] [ INFO ] Define atom pair: CYS|1HB|H1|H         - > THR|HB|H1|H          (d = 0.06 A)
2026-04-23 20:44:44,743 [ genlib ] [ INFO ] Checking atom 2HB
2026-04-23 20:44:44,743 [ genlib ] [ INFO ] Define atom pair: CYS|2HB|H1|H         - > THR|CG2|CT|C.3       (d = 0.45 A)
2026-04-23 20:44:44,743 [ genlib ] [ INFO ] Checking atom SG
2026-04-23 20:44:44,743 [ genlib ] [ INFO ] Define atom pair: CYS|SG|SH|S.3        - > THR|OG1|OH|O.3       (d = 0.40 A)
2026-04-23 20:44:44,743 [ genlib ] [ INFO ] Searching order 3
2026-04-23 20:44:44,743 [ genlib ] [ INFO ] Checking atom HG
2026-04-23 20:44:44,743 [ genlib ] [ INFO ] Define atom pair: CYS|HG|HS|H          - > THR|HG1|HO|H         (d = 0.44 A)
2026-04-23 20:44:44,743 [ genlib ] [ INFO ] Searching order 4
2026-04-23 20:44:44,743 [ genlib ] [ INFO ] Searching order 5
2026-04-23 20:44:44,743 [ genlib ] [ INFO ] Searching order 6
2026-04-23 20:44:44,743 [ genlib ] [ INFO ] Searching order 7
2026-04-23 20:44:44,744 [ genlib ] [ INFO ] Searching branch 2
2026-04-23 20:44:44,744 [ genlib ] [ INFO ] Searching order 2
2026-04-23 20:44:44,744 [ genlib ] [ INFO ] Searching order 3
2026-04-23 20:44:44,744 [ genlib ] [ INFO ] Searching order 4
2026-04-23 20:44:44,744 [ genlib ] [ INFO ] Searching order 5
2026-04-23 20:44:44,744 [ genlib ] [ INFO ] Searching order 6
2026-04-23 20:44:44,744 [ genlib ] [ INFO ] Searching order 7
2026-04-23 20:44:44,745 [ genlib ] [ INFO ] Updating bond lists
2026-04-23 20:44:44,745 [ genlib ] [ INFO ] Updating dihedrals
2026-04-23 20:44:44,745 [ genlib ] [ INFO ] Updating impropers
2026-04-23 20:44:44,745 [ genlib ] [ INFO ] Building library files for CYS --> TRP mutant
2026-04-23 20:44:44,746 [ genlib ] [ INFO ] reading rtp file "aminoacids.rtp"
2026-04-23 20:44:44,780 [ genlib ] [ INFO ] ENTERED RINGS
2026-04-23 20:44:44,780 [ genlib ] [ INFO ] Making atom pairs
2026-04-23 20:44:44,787 [ genlib ] [ INFO ] Updating bond lists
2026-04-23 20:44:44,787 [ genlib ] [ INFO ] Updating dihedrals
2026-04-23 20:44:44,787 [ genlib ] [ INFO ] Updating impropers
2026-04-23 20:44:44,788 [ genlib ] [ INFO ] Building library files for CYS --> TYR mutant
2026-04-23 20:44:44,788 [ genlib ] [ INFO ] reading rtp file "aminoacids.rtp"
2026-04-23 20:44:44,823 [ genlib ] [ INFO ] ENTERED RINGS
2026-04-23 20:44:44,823 [ genlib ] [ INFO ] Making atom pairs
2026-04-23 20:44:44,828 [ genlib ] [ INFO ] Updating bond lists
2026-04-23 20:44:44,828 [ genlib ] [ INFO ] Updating dihedrals
2026-04-23 20:44:44,828 [ genlib ] [ INFO ] Updating impropers
2026-04-23 20:44:44,829 [ genlib ] [ INFO ] Building library files for CYS --> VAL mutant
2026-04-23 20:44:44,829 [ genlib ] [ INFO ] reading rtp file "aminoacids.rtp"
2026-04-23 20:44:44,878 [ genlib ] [ INFO ] ENTERED SIMPLE
2026-04-23 20:44:44,878 [ genlib ] [ INFO ] Making atom pairs
2026-04-23 20:44:44,878 [ genlib ] [ INFO ] Searching branch 1
2026-04-23 20:44:44,878 [ genlib ] [ INFO ] Searching order 2
2026-04-23 20:44:44,879 [ genlib ] [ INFO ] Checking atom 1HB
2026-04-23 20:44:44,879 [ genlib ] [ INFO ] Define atom pair: CYS|1HB|H1|H         - > VAL|HB|HC|H          (d = 0.18 A)
2026-04-23 20:44:44,879 [ genlib ] [ INFO ] Checking atom 2HB
2026-04-23 20:44:44,879 [ genlib ] [ INFO ] Define atom pair: CYS|2HB|H1|H         - > VAL|CG1|CT|C.3       (d = 0.43 A)
2026-04-23 20:44:44,879 [ genlib ] [ INFO ] Checking atom SG
2026-04-23 20:44:44,879 [ genlib ] [ INFO ] Define atom pair: CYS|SG|SH|S.3        - > VAL|CG2|CT|C.3       (d = 0.26 A)
2026-04-23 20:44:44,879 [ genlib ] [ INFO ] Searching order 3
2026-04-23 20:44:44,879 [ genlib ] [ INFO ] Checking atom HG
2026-04-23 20:44:44,879 [ genlib ] [ INFO ] Define atom pair: CYS|HG|HS|H          - > VAL|1HG2|HC|H        (d = 0.24 A)
2026-04-23 20:44:44,879 [ genlib ] [ INFO ] Searching order 4
2026-04-23 20:44:44,879 [ genlib ] [ INFO ] Searching order 5
2026-04-23 20:44:44,879 [ genlib ] [ INFO ] Searching order 6
2026-04-23 20:44:44,879 [ genlib ] [ INFO ] Searching order 7
2026-04-23 20:44:44,879 [ genlib ] [ INFO ] Searching branch 2
2026-04-23 20:44:44,879 [ genlib ] [ INFO ] Searching order 2
2026-04-23 20:44:44,879 [ genlib ] [ INFO ] Searching order 3
2026-04-23 20:44:44,879 [ genlib ] [ INFO ] Searching order 4
2026-04-23 20:44:44,879 [ genlib ] [ INFO ] Searching order 5
2026-04-23 20:44:44,879 [ genlib ] [ INFO ] Searching order 6
2026-04-23 20:44:44,879 [ genlib ] [ INFO ] Searching order 7
2026-04-23 20:44:44,881 [ genlib ] [ INFO ] Updating bond lists
2026-04-23 20:44:44,881 [ genlib ] [ INFO ] Updating dihedrals
2026-04-23 20:44:44,881 [ genlib ] [ INFO ] Updating impropers
2026-04-23 20:44:44,881 [ genlib ] [ INFO ] Building library files for GLH --> ALA mutant
2026-04-23 20:44:44,881 [ genlib ] [ INFO ] reading rtp file "aminoacids.rtp"
2026-04-23 20:44:44,916 [ genlib ] [ INFO ] ENTERED SIMPLE
2026-04-23 20:44:44,916 [ genlib ] [ INFO ] Making atom pairs
2026-04-23 20:44:44,916 [ genlib ] [ INFO ] Searching branch 1
2026-04-23 20:44:44,916 [ genlib ] [ INFO ] Searching order 2
2026-04-23 20:44:44,916 [ genlib ] [ INFO ] Checking atom 1HB
2026-04-23 20:44:44,916 [ genlib ] [ INFO ] Define atom pair: GLH|1HB|HC|H         - > ALA|2HB|HC|H         (d = 0.20 A)
2026-04-23 20:44:44,916 [ genlib ] [ INFO ] Checking atom 2HB
2026-04-23 20:44:44,916 [ genlib ] [ INFO ] Define atom pair: GLH|2HB|HC|H         - > ALA|3HB|HC|H         (d = 0.17 A)
2026-04-23 20:44:44,916 [ genlib ] [ INFO ] Checking atom CG
2026-04-23 20:44:44,916 [ genlib ] [ INFO ] No partner found for atom CG
2026-04-23 20:44:44,916 [ genlib ] [ INFO ] Searching order 3
2026-04-23 20:44:44,916 [ genlib ] [ INFO ] Searching order 4
2026-04-23 20:44:44,916 [ genlib ] [ INFO ] Searching order 5
2026-04-23 20:44:44,916 [ genlib ] [ INFO ] Searching order 6
2026-04-23 20:44:44,916 [ genlib ] [ INFO ] Searching order 7
2026-04-23 20:44:44,916 [ genlib ] [ INFO ] Searching branch 2
2026-04-23 20:44:44,916 [ genlib ] [ INFO ] Searching order 2
2026-04-23 20:44:44,916 [ genlib ] [ INFO ] Checking atom CG
2026-04-23 20:44:44,916 [ genlib ] [ INFO ] No partner found for atom CG
2026-04-23 20:44:44,916 [ genlib ] [ INFO ] Searching order 3
2026-04-23 20:44:44,916 [ genlib ] [ INFO ] Searching order 4
2026-04-23 20:44:44,916 [ genlib ] [ INFO ] Searching order 5
2026-04-23 20:44:44,916 [ genlib ] [ INFO ] Searching order 6
2026-04-23 20:44:44,916 [ genlib ] [ INFO ] Searching order 7
2026-04-23 20:44:44,917 [ genlib ] [ INFO ] Updating bond lists
2026-04-23 20:44:44,917 [ genlib ] [ INFO ] Updating dihedrals
2026-04-23 20:44:44,917 [ genlib ] [ INFO ] Updating impropers
2026-04-23 20:44:44,917 [ genlib ] [ INFO ] Building library files for GLH --> ARG mutant
2026-04-23 20:44:44,918 [ genlib ] [ INFO ] reading rtp file "aminoacids.rtp"
2026-04-23 20:44:44,953 [ genlib ] [ INFO ] ENTERED SIMPLE
2026-04-23 20:44:44,953 [ genlib ] [ INFO ] Making atom pairs
2026-04-23 20:44:44,953 [ genlib ] [ INFO ] Searching branch 1
2026-04-23 20:44:44,953 [ genlib ] [ INFO ] Searching order 2
2026-04-23 20:44:44,953 [ genlib ] [ INFO ] Checking atom 1HB
2026-04-23 20:44:44,953 [ genlib ] [ INFO ] Define atom pair: GLH|1HB|HC|H         - > ARG|1HB|HC|H         (d = 0.25 A)
2026-04-23 20:44:44,953 [ genlib ] [ INFO ] Checking atom 2HB
2026-04-23 20:44:44,953 [ genlib ] [ INFO ] Define atom pair: GLH|2HB|HC|H         - > ARG|2HB|HC|H         (d = 0.22 A)
2026-04-23 20:44:44,953 [ genlib ] [ INFO ] Checking atom CG
2026-04-23 20:44:44,953 [ genlib ] [ INFO ] Define atom pair: GLH|CG|2C|C.3        - > ARG|CG|C8|C.3        (d = 0.22 A)
2026-04-23 20:44:44,953 [ genlib ] [ INFO ] Searching order 3
2026-04-23 20:44:44,953 [ genlib ] [ INFO ] Checking atom 1HG
2026-04-23 20:44:44,953 [ genlib ] [ INFO ] Define atom pair: GLH|1HG|HC|H         - > ARG|1HG|HC|H         (d = 0.23 A)
2026-04-23 20:44:44,953 [ genlib ] [ INFO ] Checking atom 2HG
2026-04-23 20:44:44,953 [ genlib ] [ INFO ] Define atom pair: GLH|2HG|HC|H         - > ARG|2HG|HC|H         (d = 0.34 A)
2026-04-23 20:44:44,953 [ genlib ] [ INFO ] Checking atom CD
2026-04-23 20:44:44,953 [ genlib ] [ INFO ] Define atom pair: GLH|CD|C|C.2         - > ARG|CD|C8|C.3        (d = 0.24 A)
2026-04-23 20:44:44,953 [ genlib ] [ INFO ] Searching order 4
2026-04-23 20:44:44,953 [ genlib ] [ INFO ] Checking atom OE1
2026-04-23 20:44:44,953 [ genlib ] [ INFO ] Define atom pair: GLH|OE1|O|O.co2      - > ARG|NE|N2|N.pl3      (d = 0.43 A)
2026-04-23 20:44:44,953 [ genlib ] [ INFO ] Checking atom OE2
2026-04-23 20:44:44,953 [ genlib ] [ INFO ] No partner found for atom OE2
2026-04-23 20:44:44,953 [ genlib ] [ INFO ] Searching order 5
2026-04-23 20:44:44,953 [ genlib ] [ INFO ] Searching order 6
2026-04-23 20:44:44,953 [ genlib ] [ INFO ] Searching order 7
2026-04-23 20:44:44,953 [ genlib ] [ INFO ] Searching branch 2
2026-04-23 20:44:44,953 [ genlib ] [ INFO ] Searching order 2
2026-04-23 20:44:44,953 [ genlib ] [ INFO ] Searching order 3
2026-04-23 20:44:44,953 [ genlib ] [ INFO ] Searching order 4
2026-04-23 20:44:44,953 [ genlib ] [ INFO ] Checking atom OE2
2026-04-23 20:44:44,953 [ genlib ] [ INFO ] No partner found for atom OE2
2026-04-23 20:44:44,953 [ genlib ] [ INFO ] Searching order 5
2026-04-23 20:44:44,953 [ genlib ] [ INFO ] Searching order 6
2026-04-23 20:44:44,953 [ genlib ] [ INFO ] Searching order 7
2026-04-23 20:44:44,957 [ genlib ] [ INFO ] Updating bond lists
2026-04-23 20:44:44,957 [ genlib ] [ INFO ] Updating dihedrals
2026-04-23 20:44:44,957 [ genlib ] [ INFO ] Updating impropers
2026-04-23 20:44:44,958 [ genlib ] [ INFO ] Building library files for GLH --> ASH mutant
2026-04-23 20:44:44,958 [ genlib ] [ INFO ] reading rtp file "aminoacids.rtp"
2026-04-23 20:44:44,993 [ genlib ] [ INFO ] ENTERED SIMPLE
2026-04-23 20:44:44,993 [ genlib ] [ INFO ] Making atom pairs
2026-04-23 20:44:44,993 [ genlib ] [ INFO ] Searching branch 1
2026-04-23 20:44:44,993 [ genlib ] [ INFO ] Searching order 2
2026-04-23 20:44:44,993 [ genlib ] [ INFO ] Checking atom 1HB
2026-04-23 20:44:44,993 [ genlib ] [ INFO ] Define atom pair: GLH|1HB|HC|H         - > ASH|1HB|HC|H         (d = 0.09 A)
2026-04-23 20:44:44,993 [ genlib ] [ INFO ] Checking atom 2HB
2026-04-23 20:44:44,993 [ genlib ] [ INFO ] Define atom pair: GLH|2HB|HC|H         - > ASH|2HB|HC|H         (d = 0.07 A)
2026-04-23 20:44:44,993 [ genlib ] [ INFO ] Checking atom CG
2026-04-23 20:44:44,993 [ genlib ] [ INFO ] Define atom pair: GLH|CG|2C|C.3        - > ASH|CG|C|C.2         (d = 0.08 A)
2026-04-23 20:44:44,993 [ genlib ] [ INFO ] Searching order 3
2026-04-23 20:44:44,993 [ genlib ] [ INFO ] Checking atom 1HG
2026-04-23 20:44:44,993 [ genlib ] [ INFO ] No partner found for atom 1HG
2026-04-23 20:44:44,993 [ genlib ] [ INFO ] Checking atom 2HG
2026-04-23 20:44:44,993 [ genlib ] [ INFO ] No partner found for atom 2HG
2026-04-23 20:44:44,993 [ genlib ] [ INFO ] Checking atom CD
2026-04-23 20:44:44,993 [ genlib ] [ INFO ] Define atom pair: GLH|CD|C|C.2         - > ASH|OD1|O|O.co2      (d = 0.31 A)
2026-04-23 20:44:44,993 [ genlib ] [ INFO ] Searching order 4
2026-04-23 20:44:44,993 [ genlib ] [ INFO ] Checking atom OE1
2026-04-23 20:44:44,993 [ genlib ] [ INFO ] No partner found for atom OE1
2026-04-23 20:44:44,993 [ genlib ] [ INFO ] Checking atom OE2
2026-04-23 20:44:44,993 [ genlib ] [ INFO ] No partner found for atom OE2
2026-04-23 20:44:44,993 [ genlib ] [ INFO ] Searching order 5
2026-04-23 20:44:44,993 [ genlib ] [ INFO ] Searching order 6
2026-04-23 20:44:44,993 [ genlib ] [ INFO ] Searching order 7
2026-04-23 20:44:44,993 [ genlib ] [ INFO ] Searching branch 2
2026-04-23 20:44:44,993 [ genlib ] [ INFO ] Searching order 2
2026-04-23 20:44:44,993 [ genlib ] [ INFO ] Searching order 3
2026-04-23 20:44:44,993 [ genlib ] [ INFO ] Checking atom 1HG
2026-04-23 20:44:44,993 [ genlib ] [ INFO ] No partner found for atom 1HG
2026-04-23 20:44:44,993 [ genlib ] [ INFO ] Checking atom 2HG
2026-04-23 20:44:44,993 [ genlib ] [ INFO ] No partner found for atom 2HG
2026-04-23 20:44:44,993 [ genlib ] [ INFO ] Searching order 4
2026-04-23 20:44:44,993 [ genlib ] [ INFO ] Checking atom OE1
2026-04-23 20:44:44,993 [ genlib ] [ INFO ] No partner found for atom OE1
2026-04-23 20:44:44,993 [ genlib ] [ INFO ] Checking atom OE2
2026-04-23 20:44:44,993 [ genlib ] [ INFO ] No partner found for atom OE2
2026-04-23 20:44:44,993 [ genlib ] [ INFO ] Searching order 5
2026-04-23 20:44:44,993 [ genlib ] [ INFO ] Searching order 6
2026-04-23 20:44:44,993 [ genlib ] [ INFO ] Searching order 7
2026-04-23 20:44:44,994 [ genlib ] [ INFO ] Updating bond lists
2026-04-23 20:44:44,994 [ genlib ] [ INFO ] Updating dihedrals
2026-04-23 20:44:44,994 [ genlib ] [ INFO ] Updating impropers
2026-04-23 20:44:44,995 [ genlib ] [ INFO ] Building library files for GLH --> ASN mutant
2026-04-23 20:44:44,995 [ genlib ] [ INFO ] reading rtp file "aminoacids.rtp"
2026-04-23 20:44:45,029 [ genlib ] [ INFO ] ENTERED SIMPLE
2026-04-23 20:44:45,029 [ genlib ] [ INFO ] Making atom pairs
2026-04-23 20:44:45,029 [ genlib ] [ INFO ] Searching branch 1
2026-04-23 20:44:45,029 [ genlib ] [ INFO ] Searching order 2
2026-04-23 20:44:45,029 [ genlib ] [ INFO ] Checking atom 1HB
2026-04-23 20:44:45,029 [ genlib ] [ INFO ] Define atom pair: GLH|1HB|HC|H         - > ASN|1HB|HC|H         (d = 0.20 A)
2026-04-23 20:44:45,030 [ genlib ] [ INFO ] Checking atom 2HB
2026-04-23 20:44:45,030 [ genlib ] [ INFO ] Define atom pair: GLH|2HB|HC|H         - > ASN|2HB|HC|H         (d = 0.19 A)
2026-04-23 20:44:45,030 [ genlib ] [ INFO ] Checking atom CG
2026-04-23 20:44:45,030 [ genlib ] [ INFO ] Define atom pair: GLH|CG|2C|C.3        - > ASN|CG|C|C.2         (d = 0.12 A)
2026-04-23 20:44:45,030 [ genlib ] [ INFO ] Searching order 3
2026-04-23 20:44:45,030 [ genlib ] [ INFO ] Checking atom 1HG
2026-04-23 20:44:45,030 [ genlib ] [ INFO ] No partner found for atom 1HG
2026-04-23 20:44:45,030 [ genlib ] [ INFO ] Checking atom 2HG
2026-04-23 20:44:45,030 [ genlib ] [ INFO ] No partner found for atom 2HG
2026-04-23 20:44:45,030 [ genlib ] [ INFO ] Checking atom CD
2026-04-23 20:44:45,030 [ genlib ] [ INFO ] Define atom pair: GLH|CD|C|C.2         - > ASN|OD1|O|O.2        (d = 0.32 A)
2026-04-23 20:44:45,030 [ genlib ] [ INFO ] Searching order 4
2026-04-23 20:44:45,030 [ genlib ] [ INFO ] Checking atom OE1
2026-04-23 20:44:45,030 [ genlib ] [ INFO ] No partner found for atom OE1
2026-04-23 20:44:45,030 [ genlib ] [ INFO ] Checking atom OE2
2026-04-23 20:44:45,030 [ genlib ] [ INFO ] No partner found for atom OE2
2026-04-23 20:44:45,030 [ genlib ] [ INFO ] Searching order 5
2026-04-23 20:44:45,030 [ genlib ] [ INFO ] Searching order 6
2026-04-23 20:44:45,030 [ genlib ] [ INFO ] Searching order 7
2026-04-23 20:44:45,030 [ genlib ] [ INFO ] Searching branch 2
2026-04-23 20:44:45,030 [ genlib ] [ INFO ] Searching order 2
2026-04-23 20:44:45,030 [ genlib ] [ INFO ] Searching order 3
2026-04-23 20:44:45,030 [ genlib ] [ INFO ] Checking atom 1HG
2026-04-23 20:44:45,030 [ genlib ] [ INFO ] No partner found for atom 1HG
2026-04-23 20:44:45,030 [ genlib ] [ INFO ] Checking atom 2HG
2026-04-23 20:44:45,030 [ genlib ] [ INFO ] No partner found for atom 2HG
2026-04-23 20:44:45,030 [ genlib ] [ INFO ] Searching order 4
2026-04-23 20:44:45,030 [ genlib ] [ INFO ] Checking atom OE1
2026-04-23 20:44:45,030 [ genlib ] [ INFO ] No partner found for atom OE1
2026-04-23 20:44:45,030 [ genlib ] [ INFO ] Checking atom OE2
2026-04-23 20:44:45,030 [ genlib ] [ INFO ] No partner found for atom OE2
2026-04-23 20:44:45,030 [ genlib ] [ INFO ] Searching order 5
2026-04-23 20:44:45,030 [ genlib ] [ INFO ] Searching order 6
2026-04-23 20:44:45,030 [ genlib ] [ INFO ] Searching order 7
2026-04-23 20:44:45,031 [ genlib ] [ INFO ] Updating bond lists
2026-04-23 20:44:45,031 [ genlib ] [ INFO ] Updating dihedrals
2026-04-23 20:44:45,031 [ genlib ] [ INFO ] Updating impropers
2026-04-23 20:44:45,031 [ genlib ] [ INFO ] Building library files for GLH --> ASP mutant
2026-04-23 20:44:45,032 [ genlib ] [ INFO ] reading rtp file "aminoacids.rtp"
2026-04-23 20:44:45,066 [ genlib ] [ INFO ] ENTERED SIMPLE
2026-04-23 20:44:45,066 [ genlib ] [ INFO ] Making atom pairs
2026-04-23 20:44:45,066 [ genlib ] [ INFO ] Searching branch 1
2026-04-23 20:44:45,066 [ genlib ] [ INFO ] Searching order 2
2026-04-23 20:44:45,066 [ genlib ] [ INFO ] Checking atom 1HB
2026-04-23 20:44:45,066 [ genlib ] [ INFO ] Define atom pair: GLH|1HB|HC|H         - > ASP|1HB|HC|H         (d = 0.16 A)
2026-04-23 20:44:45,066 [ genlib ] [ INFO ] Checking atom 2HB
2026-04-23 20:44:45,066 [ genlib ] [ INFO ] Define atom pair: GLH|2HB|HC|H         - > ASP|2HB|HC|H         (d = 0.15 A)
2026-04-23 20:44:45,066 [ genlib ] [ INFO ] Checking atom CG
2026-04-23 20:44:45,066 [ genlib ] [ INFO ] Define atom pair: GLH|CG|2C|C.3        - > ASP|CG|CO|C.2        (d = 0.08 A)
2026-04-23 20:44:45,066 [ genlib ] [ INFO ] Searching order 3
2026-04-23 20:44:45,066 [ genlib ] [ INFO ] Checking atom 1HG
2026-04-23 20:44:45,066 [ genlib ] [ INFO ] No partner found for atom 1HG
2026-04-23 20:44:45,066 [ genlib ] [ INFO ] Checking atom 2HG
2026-04-23 20:44:45,066 [ genlib ] [ INFO ] No partner found for atom 2HG
2026-04-23 20:44:45,066 [ genlib ] [ INFO ] Checking atom CD
2026-04-23 20:44:45,067 [ genlib ] [ INFO ] Define atom pair: GLH|CD|C|C.2         - > ASP|OD1|O2|O.co2     (d = 0.31 A)
2026-04-23 20:44:45,067 [ genlib ] [ INFO ] Searching order 4
2026-04-23 20:44:45,067 [ genlib ] [ INFO ] Checking atom OE1
2026-04-23 20:44:45,067 [ genlib ] [ INFO ] No partner found for atom OE1
2026-04-23 20:44:45,067 [ genlib ] [ INFO ] Checking atom OE2
2026-04-23 20:44:45,067 [ genlib ] [ INFO ] No partner found for atom OE2
2026-04-23 20:44:45,067 [ genlib ] [ INFO ] Searching order 5
2026-04-23 20:44:45,067 [ genlib ] [ INFO ] Searching order 6
2026-04-23 20:44:45,067 [ genlib ] [ INFO ] Searching order 7
2026-04-23 20:44:45,067 [ genlib ] [ INFO ] Searching branch 2
2026-04-23 20:44:45,067 [ genlib ] [ INFO ] Searching order 2
2026-04-23 20:44:45,067 [ genlib ] [ INFO ] Searching order 3
2026-04-23 20:44:45,067 [ genlib ] [ INFO ] Checking atom 1HG
2026-04-23 20:44:45,067 [ genlib ] [ INFO ] No partner found for atom 1HG
2026-04-23 20:44:45,067 [ genlib ] [ INFO ] Checking atom 2HG
2026-04-23 20:44:45,067 [ genlib ] [ INFO ] No partner found for atom 2HG
2026-04-23 20:44:45,067 [ genlib ] [ INFO ] Searching order 4
2026-04-23 20:44:45,067 [ genlib ] [ INFO ] Checking atom OE1
2026-04-23 20:44:45,067 [ genlib ] [ INFO ] No partner found for atom OE1
2026-04-23 20:44:45,067 [ genlib ] [ INFO ] Checking atom OE2
2026-04-23 20:44:45,067 [ genlib ] [ INFO ] No partner found for atom OE2
2026-04-23 20:44:45,067 [ genlib ] [ INFO ] Searching order 5
2026-04-23 20:44:45,067 [ genlib ] [ INFO ] Searching order 6
2026-04-23 20:44:45,067 [ genlib ] [ INFO ] Searching order 7
2026-04-23 20:44:45,068 [ genlib ] [ INFO ] Updating bond lists
2026-04-23 20:44:45,068 [ genlib ] [ INFO ] Updating dihedrals
2026-04-23 20:44:45,068 [ genlib ] [ INFO ] Updating impropers
2026-04-23 20:44:45,068 [ genlib ] [ INFO ] Building library files for GLH --> CYS mutant
2026-04-23 20:44:45,069 [ genlib ] [ INFO ] reading rtp file "aminoacids.rtp"
2026-04-23 20:44:45,103 [ genlib ] [ INFO ] ENTERED SIMPLE
2026-04-23 20:44:45,103 [ genlib ] [ INFO ] Making atom pairs
2026-04-23 20:44:45,103 [ genlib ] [ INFO ] Searching branch 1
2026-04-23 20:44:45,103 [ genlib ] [ INFO ] Searching order 2
2026-04-23 20:44:45,103 [ genlib ] [ INFO ] Checking atom 1HB
2026-04-23 20:44:45,103 [ genlib ] [ INFO ] Define atom pair: GLH|1HB|HC|H         - > CYS|1HB|H1|H         (d = 0.19 A)
2026-04-23 20:44:45,103 [ genlib ] [ INFO ] Checking atom 2HB
2026-04-23 20:44:45,103 [ genlib ] [ INFO ] Define atom pair: GLH|2HB|HC|H         - > CYS|2HB|H1|H         (d = 0.18 A)
2026-04-23 20:44:45,103 [ genlib ] [ INFO ] Checking atom CG
2026-04-23 20:44:45,103 [ genlib ] [ INFO ] Define atom pair: GLH|CG|2C|C.3        - > CYS|SG|SH|S.3        (d = 0.18 A)
2026-04-23 20:44:45,103 [ genlib ] [ INFO ] Searching order 3
2026-04-23 20:44:45,103 [ genlib ] [ INFO ] Checking atom 1HG
2026-04-23 20:44:45,103 [ genlib ] [ INFO ] No partner found for atom 1HG
2026-04-23 20:44:45,103 [ genlib ] [ INFO ] Checking atom 2HG
2026-04-23 20:44:45,103 [ genlib ] [ INFO ] No partner found for atom 2HG
2026-04-23 20:44:45,103 [ genlib ] [ INFO ] Checking atom CD
2026-04-23 20:44:45,103 [ genlib ] [ INFO ] Define atom pair: GLH|CD|C|C.2         - > CYS|HG|HS|H          (d = 0.29 A)
2026-04-23 20:44:45,103 [ genlib ] [ INFO ] Searching order 4
2026-04-23 20:44:45,103 [ genlib ] [ INFO ] Checking atom OE1
2026-04-23 20:44:45,103 [ genlib ] [ INFO ] No partner found for atom OE1
2026-04-23 20:44:45,103 [ genlib ] [ INFO ] Checking atom OE2
2026-04-23 20:44:45,103 [ genlib ] [ INFO ] No partner found for atom OE2
2026-04-23 20:44:45,103 [ genlib ] [ INFO ] Searching order 5
2026-04-23 20:44:45,103 [ genlib ] [ INFO ] Searching order 6
2026-04-23 20:44:45,103 [ genlib ] [ INFO ] Searching order 7
2026-04-23 20:44:45,103 [ genlib ] [ INFO ] Searching branch 2
2026-04-23 20:44:45,103 [ genlib ] [ INFO ] Searching order 2
2026-04-23 20:44:45,103 [ genlib ] [ INFO ] Searching order 3
2026-04-23 20:44:45,103 [ genlib ] [ INFO ] Checking atom 1HG
2026-04-23 20:44:45,103 [ genlib ] [ INFO ] No partner found for atom 1HG
2026-04-23 20:44:45,103 [ genlib ] [ INFO ] Checking atom 2HG
2026-04-23 20:44:45,103 [ genlib ] [ INFO ] No partner found for atom 2HG
2026-04-23 20:44:45,103 [ genlib ] [ INFO ] Searching order 4
2026-04-23 20:44:45,104 [ genlib ] [ INFO ] Checking atom OE1
2026-04-23 20:44:45,104 [ genlib ] [ INFO ] No partner found for atom OE1
2026-04-23 20:44:45,104 [ genlib ] [ INFO ] Checking atom OE2
2026-04-23 20:44:45,104 [ genlib ] [ INFO ] No partner found for atom OE2
2026-04-23 20:44:45,104 [ genlib ] [ INFO ] Searching order 5
2026-04-23 20:44:45,104 [ genlib ] [ INFO ] Searching order 6
2026-04-23 20:44:45,104 [ genlib ] [ INFO ] Searching order 7
2026-04-23 20:44:45,104 [ genlib ] [ INFO ] Updating bond lists
2026-04-23 20:44:45,104 [ genlib ] [ INFO ] Updating dihedrals
2026-04-23 20:44:45,104 [ genlib ] [ INFO ] Updating impropers
2026-04-23 20:44:45,104 [ genlib ] [ INFO ] Building library files for GLH --> GLN mutant
2026-04-23 20:44:45,105 [ genlib ] [ INFO ] reading rtp file "aminoacids.rtp"
2026-04-23 20:44:45,140 [ genlib ] [ INFO ] ENTERED SIMPLE
2026-04-23 20:44:45,140 [ genlib ] [ INFO ] Making atom pairs
2026-04-23 20:44:45,140 [ genlib ] [ INFO ] Searching branch 1
2026-04-23 20:44:45,140 [ genlib ] [ INFO ] Searching order 2
2026-04-23 20:44:45,140 [ genlib ] [ INFO ] Checking atom 1HB
2026-04-23 20:44:45,140 [ genlib ] [ INFO ] Define atom pair: GLH|1HB|HC|H         - > GLN|1HB|HC|H         (d = 0.20 A)
2026-04-23 20:44:45,140 [ genlib ] [ INFO ] Checking atom 2HB
2026-04-23 20:44:45,140 [ genlib ] [ INFO ] Define atom pair: GLH|2HB|HC|H         - > GLN|2HB|HC|H         (d = 0.18 A)
2026-04-23 20:44:45,140 [ genlib ] [ INFO ] Checking atom CG
2026-04-23 20:44:45,140 [ genlib ] [ INFO ] Define atom pair: GLH|CG|2C|C.3        - > GLN|CG|2C|C.3        (d = 0.14 A)
2026-04-23 20:44:45,140 [ genlib ] [ INFO ] Searching order 3
2026-04-23 20:44:45,140 [ genlib ] [ INFO ] Checking atom 1HG
2026-04-23 20:44:45,140 [ genlib ] [ INFO ] Define atom pair: GLH|1HG|HC|H         - > GLN|1HG|HC|H         (d = 0.13 A)
2026-04-23 20:44:45,140 [ genlib ] [ INFO ] Checking atom 2HG
2026-04-23 20:44:45,140 [ genlib ] [ INFO ] Define atom pair: GLH|2HG|HC|H         - > GLN|2HG|HC|H         (d = 0.22 A)
2026-04-23 20:44:45,140 [ genlib ] [ INFO ] Checking atom CD
2026-04-23 20:44:45,140 [ genlib ] [ INFO ] Define atom pair: GLH|CD|C|C.2         - > GLN|CD|C|C.2         (d = 0.16 A)
2026-04-23 20:44:45,140 [ genlib ] [ INFO ] Searching order 4
2026-04-23 20:44:45,140 [ genlib ] [ INFO ] Checking atom OE1
2026-04-23 20:44:45,140 [ genlib ] [ INFO ] Define atom pair: GLH|OE1|O|O.co2      - > GLN|OE1|O|O.2        (d = 0.20 A)
2026-04-23 20:44:45,140 [ genlib ] [ INFO ] Checking atom OE2
2026-04-23 20:44:45,140 [ genlib ] [ INFO ] Define atom pair: GLH|OE2|OH|O.co2     - > GLN|NE2|N|N.am       (d = 0.13 A)
2026-04-23 20:44:45,140 [ genlib ] [ INFO ] Searching order 5
2026-04-23 20:44:45,140 [ genlib ] [ INFO ] Checking atom HE2
2026-04-23 20:44:45,140 [ genlib ] [ INFO ] Define atom pair: GLH|HE2|HO|H         - > GLN|2HE2|H|H         (d = 0.13 A)
2026-04-23 20:44:45,140 [ genlib ] [ INFO ] Searching order 6
2026-04-23 20:44:45,140 [ genlib ] [ INFO ] Searching order 7
2026-04-23 20:44:45,140 [ genlib ] [ INFO ] Searching branch 2
2026-04-23 20:44:45,140 [ genlib ] [ INFO ] Searching order 2
2026-04-23 20:44:45,140 [ genlib ] [ INFO ] Searching order 3
2026-04-23 20:44:45,140 [ genlib ] [ INFO ] Searching order 4
2026-04-23 20:44:45,140 [ genlib ] [ INFO ] Searching order 5
2026-04-23 20:44:45,140 [ genlib ] [ INFO ] Searching order 6
2026-04-23 20:44:45,140 [ genlib ] [ INFO ] Searching order 7
2026-04-23 20:44:45,141 [ genlib ] [ INFO ] Updating bond lists
2026-04-23 20:44:45,141 [ genlib ] [ INFO ] Updating dihedrals
2026-04-23 20:44:45,141 [ genlib ] [ INFO ] Updating impropers
2026-04-23 20:44:45,141 [ genlib ] [ WARNING ] undefined
2026-04-23 20:44:45,141 [ genlib ] [ WARNING ] undefined
2026-04-23 20:44:45,141 [ genlib ] [ INFO ] Building library files for GLH --> GLU mutant
2026-04-23 20:44:45,142 [ genlib ] [ INFO ] reading rtp file "aminoacids.rtp"
2026-04-23 20:44:45,177 [ genlib ] [ INFO ] ENTERED SIMPLE
2026-04-23 20:44:45,177 [ genlib ] [ INFO ] Making atom pairs
2026-04-23 20:44:45,177 [ genlib ] [ INFO ] Searching branch 1
2026-04-23 20:44:45,177 [ genlib ] [ INFO ] Searching order 2
2026-04-23 20:44:45,177 [ genlib ] [ INFO ] Checking atom 1HB
2026-04-23 20:44:45,177 [ genlib ] [ INFO ] Define atom pair: GLH|1HB|HC|H         - > GLU|1HB|HC|H         (d = 0.09 A)
2026-04-23 20:44:45,177 [ genlib ] [ INFO ] Checking atom 2HB
2026-04-23 20:44:45,177 [ genlib ] [ INFO ] Define atom pair: GLH|2HB|HC|H         - > GLU|2HB|HC|H         (d = 0.12 A)
2026-04-23 20:44:45,177 [ genlib ] [ INFO ] Checking atom CG
2026-04-23 20:44:45,177 [ genlib ] [ INFO ] Define atom pair: GLH|CG|2C|C.3        - > GLU|CG|2C|C.3        (d = 0.00 A)
2026-04-23 20:44:45,177 [ genlib ] [ INFO ] Searching order 3
2026-04-23 20:44:45,177 [ genlib ] [ INFO ] Checking atom 1HG
2026-04-23 20:44:45,177 [ genlib ] [ INFO ] Define atom pair: GLH|1HG|HC|H         - > GLU|1HG|HC|H         (d = 0.09 A)
2026-04-23 20:44:45,177 [ genlib ] [ INFO ] Checking atom 2HG
2026-04-23 20:44:45,177 [ genlib ] [ INFO ] Define atom pair: GLH|2HG|HC|H         - > GLU|2HG|HC|H         (d = 0.10 A)
2026-04-23 20:44:45,177 [ genlib ] [ INFO ] Checking atom CD
2026-04-23 20:44:45,177 [ genlib ] [ INFO ] Define atom pair: GLH|CD|C|C.2         - > GLU|CD|CO|C.2        (d = 0.00 A)
2026-04-23 20:44:45,177 [ genlib ] [ INFO ] Searching order 4
2026-04-23 20:44:45,177 [ genlib ] [ INFO ] Checking atom OE1
2026-04-23 20:44:45,177 [ genlib ] [ INFO ] Define atom pair: GLH|OE1|O|O.co2      - > GLU|OE1|O2|O.co2     (d = 0.00 A)
2026-04-23 20:44:45,177 [ genlib ] [ INFO ] Checking atom OE2
2026-04-23 20:44:45,178 [ genlib ] [ INFO ] Define atom pair: GLH|OE2|OH|O.co2     - > GLU|OE2|O2|O.co2     (d = 0.01 A)
2026-04-23 20:44:45,178 [ genlib ] [ INFO ] Searching order 5
2026-04-23 20:44:45,178 [ genlib ] [ INFO ] Checking atom HE2
2026-04-23 20:44:45,178 [ genlib ] [ INFO ] No partner found for atom HE2
2026-04-23 20:44:45,178 [ genlib ] [ INFO ] Searching order 6
2026-04-23 20:44:45,178 [ genlib ] [ INFO ] Searching order 7
2026-04-23 20:44:45,178 [ genlib ] [ INFO ] Searching branch 2
2026-04-23 20:44:45,178 [ genlib ] [ INFO ] Searching order 2
2026-04-23 20:44:45,178 [ genlib ] [ INFO ] Searching order 3
2026-04-23 20:44:45,178 [ genlib ] [ INFO ] Searching order 4
2026-04-23 20:44:45,178 [ genlib ] [ INFO ] Searching order 5
2026-04-23 20:44:45,178 [ genlib ] [ INFO ] Checking atom HE2
2026-04-23 20:44:45,178 [ genlib ] [ INFO ] No partner found for atom HE2
2026-04-23 20:44:45,178 [ genlib ] [ INFO ] Searching order 6
2026-04-23 20:44:45,178 [ genlib ] [ INFO ] Searching order 7
2026-04-23 20:44:45,178 [ genlib ] [ INFO ] Updating bond lists
2026-04-23 20:44:45,178 [ genlib ] [ INFO ] Updating dihedrals
2026-04-23 20:44:45,178 [ genlib ] [ INFO ] Updating impropers
2026-04-23 20:44:45,178 [ genlib ] [ INFO ] Building library files for GLH --> GLY mutant
2026-04-23 20:44:45,179 [ genlib ] [ INFO ] reading rtp file "aminoacids.rtp"
2026-04-23 20:44:45,213 [ genlib ] [ INFO ] ENTERED G
2026-04-23 20:44:45,213 [ genlib ] [ INFO ] Making atom pairs
2026-04-23 20:44:45,214 [ genlib ] [ INFO ] Updating bond lists
2026-04-23 20:44:45,214 [ genlib ] [ INFO ] Updating dihedrals
2026-04-23 20:44:45,214 [ genlib ] [ INFO ] Updating impropers
2026-04-23 20:44:45,214 [ genlib ] [ INFO ] Building library files for GLH --> HID mutant
2026-04-23 20:44:45,215 [ genlib ] [ INFO ] reading rtp file "aminoacids.rtp"
2026-04-23 20:44:45,250 [ genlib ] [ INFO ] ENTERED RINGS
2026-04-23 20:44:45,250 [ genlib ] [ INFO ] Making atom pairs
2026-04-23 20:44:45,252 [ genlib ] [ INFO ] Updating bond lists
2026-04-23 20:44:45,252 [ genlib ] [ INFO ] Updating dihedrals
2026-04-23 20:44:45,252 [ genlib ] [ INFO ] Updating impropers
2026-04-23 20:44:45,253 [ genlib ] [ INFO ] Building library files for GLH --> HIE mutant
2026-04-23 20:44:45,253 [ genlib ] [ INFO ] reading rtp file "aminoacids.rtp"
2026-04-23 20:44:45,288 [ genlib ] [ INFO ] ENTERED RINGS
2026-04-23 20:44:45,289 [ genlib ] [ INFO ] Making atom pairs
2026-04-23 20:44:45,292 [ genlib ] [ INFO ] Updating bond lists
2026-04-23 20:44:45,292 [ genlib ] [ INFO ] Updating dihedrals
2026-04-23 20:44:45,292 [ genlib ] [ INFO ] Updating impropers
2026-04-23 20:44:45,292 [ genlib ] [ INFO ] Building library files for GLH --> HIP mutant
2026-04-23 20:44:45,293 [ genlib ] [ INFO ] reading rtp file "aminoacids.rtp"
2026-04-23 20:44:45,328 [ genlib ] [ INFO ] ENTERED RINGS
2026-04-23 20:44:45,328 [ genlib ] [ INFO ] Making atom pairs
2026-04-23 20:44:45,332 [ genlib ] [ INFO ] Updating bond lists
2026-04-23 20:44:45,332 [ genlib ] [ INFO ] Updating dihedrals
2026-04-23 20:44:45,332 [ genlib ] [ INFO ] Updating impropers
2026-04-23 20:44:45,332 [ genlib ] [ INFO ] Building library files for GLH --> ILE mutant
2026-04-23 20:44:45,333 [ genlib ] [ INFO ] reading rtp file "aminoacids.rtp"
2026-04-23 20:44:45,368 [ genlib ] [ INFO ] ENTERED SIMPLE
2026-04-23 20:44:45,368 [ genlib ] [ INFO ] Making atom pairs
2026-04-23 20:44:45,368 [ genlib ] [ INFO ] Searching branch 1
2026-04-23 20:44:45,368 [ genlib ] [ INFO ] Searching order 2
2026-04-23 20:44:45,368 [ genlib ] [ INFO ] Checking atom 1HB
2026-04-23 20:44:45,368 [ genlib ] [ INFO ] Define atom pair: GLH|1HB|HC|H         - > ILE|HB|HC|H          (d = 0.11 A)
2026-04-23 20:44:45,368 [ genlib ] [ INFO ] Checking atom 2HB
2026-04-23 20:44:45,368 [ genlib ] [ INFO ] No partner found for atom 2HB
2026-04-23 20:44:45,368 [ genlib ] [ INFO ] Checking atom CG
2026-04-23 20:44:45,368 [ genlib ] [ INFO ] Define atom pair: GLH|CG|2C|C.3        - > ILE|CG1|2C|C.3       (d = 0.06 A)
2026-04-23 20:44:45,368 [ genlib ] [ INFO ] Searching order 3
2026-04-23 20:44:45,368 [ genlib ] [ INFO ] Checking atom 1HG
2026-04-23 20:44:45,368 [ genlib ] [ INFO ] Define atom pair: GLH|1HG|HC|H         - > ILE|1HG1|HC|H        (d = 0.11 A)
2026-04-23 20:44:45,368 [ genlib ] [ INFO ] Checking atom 2HG
2026-04-23 20:44:45,368 [ genlib ] [ INFO ] Define atom pair: GLH|2HG|HC|H         - > ILE|2HG1|HC|H        (d = 0.14 A)
2026-04-23 20:44:45,368 [ genlib ] [ INFO ] Checking atom CD
2026-04-23 20:44:45,368 [ genlib ] [ INFO ] Define atom pair: GLH|CD|C|C.2         - > ILE|CD1|CT|C.3       (d = 0.02 A)
2026-04-23 20:44:45,368 [ genlib ] [ INFO ] Searching order 4
2026-04-23 20:44:45,368 [ genlib ] [ INFO ] Checking atom OE1
2026-04-23 20:44:45,368 [ genlib ] [ INFO ] Define atom pair: GLH|OE1|O|O.co2      - > ILE|1HD1|HC|H        (d = 0.23 A)
2026-04-23 20:44:45,368 [ genlib ] [ INFO ] Checking atom OE2
2026-04-23 20:44:45,368 [ genlib ] [ INFO ] No partner found for atom OE2
2026-04-23 20:44:45,368 [ genlib ] [ INFO ] Searching order 5
2026-04-23 20:44:45,368 [ genlib ] [ INFO ] Searching order 6
2026-04-23 20:44:45,368 [ genlib ] [ INFO ] Searching order 7
2026-04-23 20:44:45,368 [ genlib ] [ INFO ] Searching branch 2
2026-04-23 20:44:45,368 [ genlib ] [ INFO ] Searching order 2
2026-04-23 20:44:45,368 [ genlib ] [ INFO ] Checking atom 2HB
2026-04-23 20:44:45,368 [ genlib ] [ INFO ] No partner found for atom 2HB
2026-04-23 20:44:45,368 [ genlib ] [ INFO ] Searching order 3
2026-04-23 20:44:45,368 [ genlib ] [ INFO ] Searching order 4
2026-04-23 20:44:45,368 [ genlib ] [ INFO ] Checking atom OE2
2026-04-23 20:44:45,368 [ genlib ] [ INFO ] No partner found for atom OE2
2026-04-23 20:44:45,368 [ genlib ] [ INFO ] Searching order 5
2026-04-23 20:44:45,368 [ genlib ] [ INFO ] Searching order 6
2026-04-23 20:44:45,368 [ genlib ] [ INFO ] Searching order 7
2026-04-23 20:44:45,371 [ genlib ] [ INFO ] Updating bond lists
2026-04-23 20:44:45,371 [ genlib ] [ INFO ] Updating dihedrals
2026-04-23 20:44:45,371 [ genlib ] [ INFO ] Updating impropers
2026-04-23 20:44:45,371 [ genlib ] [ INFO ] Building library files for GLH --> LEU mutant
2026-04-23 20:44:45,372 [ genlib ] [ INFO ] reading rtp file "aminoacids.rtp"
2026-04-23 20:44:45,407 [ genlib ] [ INFO ] ENTERED SIMPLE
2026-04-23 20:44:45,407 [ genlib ] [ INFO ] Making atom pairs
2026-04-23 20:44:45,407 [ genlib ] [ INFO ] Searching branch 1
2026-04-23 20:44:45,407 [ genlib ] [ INFO ] Searching order 2
2026-04-23 20:44:45,407 [ genlib ] [ INFO ] Checking atom 1HB
2026-04-23 20:44:45,407 [ genlib ] [ INFO ] Define atom pair: GLH|1HB|HC|H         - > LEU|1HB|HC|H         (d = 0.20 A)
2026-04-23 20:44:45,407 [ genlib ] [ INFO ] Checking atom 2HB
2026-04-23 20:44:45,407 [ genlib ] [ INFO ] Define atom pair: GLH|2HB|HC|H         - > LEU|2HB|HC|H         (d = 0.19 A)
2026-04-23 20:44:45,407 [ genlib ] [ INFO ] Checking atom CG
2026-04-23 20:44:45,407 [ genlib ] [ INFO ] Define atom pair: GLH|CG|2C|C.3        - > LEU|CG|3C|C.3        (d = 0.18 A)
2026-04-23 20:44:45,407 [ genlib ] [ INFO ] Searching order 3
2026-04-23 20:44:45,407 [ genlib ] [ INFO ] Checking atom 1HG
2026-04-23 20:44:45,407 [ genlib ] [ INFO ] Define atom pair: GLH|1HG|HC|H         - > LEU|CD2|CT|C.3       (d = 0.47 A)
2026-04-23 20:44:45,407 [ genlib ] [ INFO ] Checking atom 2HG
2026-04-23 20:44:45,407 [ genlib ] [ INFO ] Define atom pair: GLH|2HG|HC|H         - > LEU|HG|HC|H          (d = 0.33 A)
2026-04-23 20:44:45,407 [ genlib ] [ INFO ] Checking atom CD
2026-04-23 20:44:45,407 [ genlib ] [ INFO ] Define atom pair: GLH|CD|C|C.2         - > LEU|CD1|CT|C.3       (d = 0.19 A)
2026-04-23 20:44:45,407 [ genlib ] [ INFO ] Searching order 4
2026-04-23 20:44:45,407 [ genlib ] [ INFO ] Checking atom OE1
2026-04-23 20:44:45,407 [ genlib ] [ INFO ] Define atom pair: GLH|OE1|O|O.co2      - > LEU|1HD1|HC|H        (d = 0.37 A)
2026-04-23 20:44:45,407 [ genlib ] [ INFO ] Checking atom OE2
2026-04-23 20:44:45,407 [ genlib ] [ INFO ] No partner found for atom OE2
2026-04-23 20:44:45,407 [ genlib ] [ INFO ] Searching order 5
2026-04-23 20:44:45,407 [ genlib ] [ INFO ] Searching order 6
2026-04-23 20:44:45,407 [ genlib ] [ INFO ] Searching order 7
2026-04-23 20:44:45,407 [ genlib ] [ INFO ] Searching branch 2
2026-04-23 20:44:45,407 [ genlib ] [ INFO ] Searching order 2
2026-04-23 20:44:45,407 [ genlib ] [ INFO ] Searching order 3
2026-04-23 20:44:45,407 [ genlib ] [ INFO ] Searching order 4
2026-04-23 20:44:45,407 [ genlib ] [ INFO ] Checking atom OE2
2026-04-23 20:44:45,407 [ genlib ] [ INFO ] No partner found for atom OE2
2026-04-23 20:44:45,407 [ genlib ] [ INFO ] Searching order 5
2026-04-23 20:44:45,407 [ genlib ] [ INFO ] Searching order 6
2026-04-23 20:44:45,408 [ genlib ] [ INFO ] Searching order 7
2026-04-23 20:44:45,410 [ genlib ] [ INFO ] Updating bond lists
2026-04-23 20:44:45,410 [ genlib ] [ INFO ] Updating dihedrals
2026-04-23 20:44:45,410 [ genlib ] [ INFO ] Updating impropers
2026-04-23 20:44:45,410 [ genlib ] [ INFO ] Building library files for GLH --> LYN mutant
2026-04-23 20:44:45,411 [ genlib ] [ INFO ] reading rtp file "aminoacids.rtp"
2026-04-23 20:44:45,445 [ genlib ] [ INFO ] ENTERED SIMPLE
2026-04-23 20:44:45,445 [ genlib ] [ INFO ] Making atom pairs
2026-04-23 20:44:45,445 [ genlib ] [ INFO ] Searching branch 1
2026-04-23 20:44:45,445 [ genlib ] [ INFO ] Searching order 2
2026-04-23 20:44:45,445 [ genlib ] [ INFO ] Checking atom 1HB
2026-04-23 20:44:45,445 [ genlib ] [ INFO ] Define atom pair: GLH|1HB|HC|H         - > LYN|1HB|HC|H         (d = 0.17 A)
2026-04-23 20:44:45,445 [ genlib ] [ INFO ] Checking atom 2HB
2026-04-23 20:44:45,445 [ genlib ] [ INFO ] Define atom pair: GLH|2HB|HC|H         - > LYN|2HB|HC|H         (d = 0.13 A)
2026-04-23 20:44:45,445 [ genlib ] [ INFO ] Checking atom CG
2026-04-23 20:44:45,445 [ genlib ] [ INFO ] Define atom pair: GLH|CG|2C|C.3        - > LYN|CG|CT|C.3        (d = 0.22 A)
2026-04-23 20:44:45,445 [ genlib ] [ INFO ] Searching order 3
2026-04-23 20:44:45,445 [ genlib ] [ INFO ] Checking atom 1HG
2026-04-23 20:44:45,445 [ genlib ] [ INFO ] Define atom pair: GLH|1HG|HC|H         - > LYN|1HG|HC|H         (d = 0.22 A)
2026-04-23 20:44:45,445 [ genlib ] [ INFO ] Checking atom 2HG
2026-04-23 20:44:45,445 [ genlib ] [ INFO ] Define atom pair: GLH|2HG|HC|H         - > LYN|2HG|HC|H         (d = 0.28 A)
2026-04-23 20:44:45,445 [ genlib ] [ INFO ] Checking atom CD
2026-04-23 20:44:45,445 [ genlib ] [ INFO ] Define atom pair: GLH|CD|C|C.2         - > LYN|CD|CT|C.3        (d = 0.23 A)
2026-04-23 20:44:45,445 [ genlib ] [ INFO ] Searching order 4
2026-04-23 20:44:45,445 [ genlib ] [ INFO ] Checking atom OE1
2026-04-23 20:44:45,445 [ genlib ] [ INFO ] Define atom pair: GLH|OE1|O|O.co2      - > LYN|CE|CT|C.3        (d = 0.43 A)
2026-04-23 20:44:45,445 [ genlib ] [ INFO ] Checking atom OE2
2026-04-23 20:44:45,445 [ genlib ] [ INFO ] No partner found for atom OE2
2026-04-23 20:44:45,445 [ genlib ] [ INFO ] Searching order 5
2026-04-23 20:44:45,445 [ genlib ] [ INFO ] Searching order 6
2026-04-23 20:44:45,445 [ genlib ] [ INFO ] Searching order 7
2026-04-23 20:44:45,445 [ genlib ] [ INFO ] Searching branch 2
2026-04-23 20:44:45,445 [ genlib ] [ INFO ] Searching order 2
2026-04-23 20:44:45,445 [ genlib ] [ INFO ] Searching order 3
2026-04-23 20:44:45,445 [ genlib ] [ INFO ] Searching order 4
2026-04-23 20:44:45,445 [ genlib ] [ INFO ] Checking atom OE2
2026-04-23 20:44:45,445 [ genlib ] [ INFO ] No partner found for atom OE2
2026-04-23 20:44:45,445 [ genlib ] [ INFO ] Searching order 5
2026-04-23 20:44:45,445 [ genlib ] [ INFO ] Searching order 6
2026-04-23 20:44:45,445 [ genlib ] [ INFO ] Searching order 7
2026-04-23 20:44:45,448 [ genlib ] [ INFO ] Updating bond lists
2026-04-23 20:44:45,448 [ genlib ] [ INFO ] Updating dihedrals
2026-04-23 20:44:45,448 [ genlib ] [ INFO ] Updating impropers
2026-04-23 20:44:45,449 [ genlib ] [ INFO ] Building library files for GLH --> LYS mutant
2026-04-23 20:44:45,450 [ genlib ] [ INFO ] reading rtp file "aminoacids.rtp"
2026-04-23 20:44:45,484 [ genlib ] [ INFO ] ENTERED SIMPLE
2026-04-23 20:44:45,484 [ genlib ] [ INFO ] Making atom pairs
2026-04-23 20:44:45,484 [ genlib ] [ INFO ] Searching branch 1
2026-04-23 20:44:45,484 [ genlib ] [ INFO ] Searching order 2
2026-04-23 20:44:45,484 [ genlib ] [ INFO ] Checking atom 1HB
2026-04-23 20:44:45,484 [ genlib ] [ INFO ] Define atom pair: GLH|1HB|HC|H         - > LYS|1HB|HC|H         (d = 0.25 A)
2026-04-23 20:44:45,484 [ genlib ] [ INFO ] Checking atom 2HB
2026-04-23 20:44:45,484 [ genlib ] [ INFO ] Define atom pair: GLH|2HB|HC|H         - > LYS|2HB|HC|H         (d = 0.22 A)
2026-04-23 20:44:45,484 [ genlib ] [ INFO ] Checking atom CG
2026-04-23 20:44:45,484 [ genlib ] [ INFO ] Define atom pair: GLH|CG|2C|C.3        - > LYS|CG|C8|C.3        (d = 0.22 A)
2026-04-23 20:44:45,484 [ genlib ] [ INFO ] Searching order 3
2026-04-23 20:44:45,484 [ genlib ] [ INFO ] Checking atom 1HG
2026-04-23 20:44:45,484 [ genlib ] [ INFO ] Define atom pair: GLH|1HG|HC|H         - > LYS|1HG|HC|H         (d = 0.22 A)
2026-04-23 20:44:45,484 [ genlib ] [ INFO ] Checking atom 2HG
2026-04-23 20:44:45,484 [ genlib ] [ INFO ] Define atom pair: GLH|2HG|HC|H         - > LYS|2HG|HC|H         (d = 0.33 A)
2026-04-23 20:44:45,484 [ genlib ] [ INFO ] Checking atom CD
2026-04-23 20:44:45,484 [ genlib ] [ INFO ] Define atom pair: GLH|CD|C|C.2         - > LYS|CD|C8|C.3        (d = 0.24 A)
2026-04-23 20:44:45,484 [ genlib ] [ INFO ] Searching order 4
2026-04-23 20:44:45,484 [ genlib ] [ INFO ] Checking atom OE1
2026-04-23 20:44:45,484 [ genlib ] [ INFO ] Define atom pair: GLH|OE1|O|O.co2      - > LYS|CE|C8|C.3        (d = 0.47 A)
2026-04-23 20:44:45,484 [ genlib ] [ INFO ] Checking atom OE2
2026-04-23 20:44:45,484 [ genlib ] [ INFO ] No partner found for atom OE2
2026-04-23 20:44:45,484 [ genlib ] [ INFO ] Searching order 5
2026-04-23 20:44:45,484 [ genlib ] [ INFO ] Searching order 6
2026-04-23 20:44:45,484 [ genlib ] [ INFO ] Searching order 7
2026-04-23 20:44:45,484 [ genlib ] [ INFO ] Searching branch 2
2026-04-23 20:44:45,484 [ genlib ] [ INFO ] Searching order 2
2026-04-23 20:44:45,484 [ genlib ] [ INFO ] Searching order 3
2026-04-23 20:44:45,485 [ genlib ] [ INFO ] Searching order 4
2026-04-23 20:44:45,485 [ genlib ] [ INFO ] Checking atom OE2
2026-04-23 20:44:45,485 [ genlib ] [ INFO ] No partner found for atom OE2
2026-04-23 20:44:45,485 [ genlib ] [ INFO ] Searching order 5
2026-04-23 20:44:45,485 [ genlib ] [ INFO ] Searching order 6
2026-04-23 20:44:45,485 [ genlib ] [ INFO ] Searching order 7
2026-04-23 20:44:45,488 [ genlib ] [ INFO ] Updating bond lists
2026-04-23 20:44:45,488 [ genlib ] [ INFO ] Updating dihedrals
2026-04-23 20:44:45,488 [ genlib ] [ INFO ] Updating impropers
2026-04-23 20:44:45,488 [ genlib ] [ INFO ] Building library files for GLH --> MET mutant
2026-04-23 20:44:45,489 [ genlib ] [ INFO ] reading rtp file "aminoacids.rtp"
2026-04-23 20:44:45,524 [ genlib ] [ INFO ] ENTERED SIMPLE
2026-04-23 20:44:45,524 [ genlib ] [ INFO ] Making atom pairs
2026-04-23 20:44:45,524 [ genlib ] [ INFO ] Searching branch 1
2026-04-23 20:44:45,524 [ genlib ] [ INFO ] Searching order 2
2026-04-23 20:44:45,524 [ genlib ] [ INFO ] Checking atom 1HB
2026-04-23 20:44:45,524 [ genlib ] [ INFO ] Define atom pair: GLH|1HB|HC|H         - > MET|1HB|HC|H         (d = 0.22 A)
2026-04-23 20:44:45,524 [ genlib ] [ INFO ] Checking atom 2HB
2026-04-23 20:44:45,524 [ genlib ] [ INFO ] Define atom pair: GLH|2HB|HC|H         - > MET|2HB|HC|H         (d = 0.18 A)
2026-04-23 20:44:45,524 [ genlib ] [ INFO ] Checking atom CG
2026-04-23 20:44:45,524 [ genlib ] [ INFO ] Define atom pair: GLH|CG|2C|C.3        - > MET|CG|2C|C.3        (d = 0.13 A)
2026-04-23 20:44:45,524 [ genlib ] [ INFO ] Searching order 3
2026-04-23 20:44:45,524 [ genlib ] [ INFO ] Checking atom 1HG
2026-04-23 20:44:45,524 [ genlib ] [ INFO ] Define atom pair: GLH|1HG|HC|H         - > MET|1HG|H1|H         (d = 0.14 A)
2026-04-23 20:44:45,524 [ genlib ] [ INFO ] Checking atom 2HG
2026-04-23 20:44:45,524 [ genlib ] [ INFO ] Define atom pair: GLH|2HG|HC|H         - > MET|2HG|H1|H         (d = 0.19 A)
2026-04-23 20:44:45,524 [ genlib ] [ INFO ] Checking atom CD
2026-04-23 20:44:45,524 [ genlib ] [ INFO ] Define atom pair: GLH|CD|C|C.2         - > MET|SD|S|S.3         (d = 0.22 A)
2026-04-23 20:44:45,524 [ genlib ] [ INFO ] Searching order 4
2026-04-23 20:44:45,524 [ genlib ] [ INFO ] Checking atom OE1
2026-04-23 20:44:45,524 [ genlib ] [ INFO ] No partner found for atom OE1
2026-04-23 20:44:45,524 [ genlib ] [ INFO ] Checking atom OE2
2026-04-23 20:44:45,524 [ genlib ] [ INFO ] No partner found for atom OE2
2026-04-23 20:44:45,524 [ genlib ] [ INFO ] Searching order 5
2026-04-23 20:44:45,524 [ genlib ] [ INFO ] Searching order 6
2026-04-23 20:44:45,524 [ genlib ] [ INFO ] Searching order 7
2026-04-23 20:44:45,524 [ genlib ] [ INFO ] Searching branch 2
2026-04-23 20:44:45,524 [ genlib ] [ INFO ] Searching order 2
2026-04-23 20:44:45,524 [ genlib ] [ INFO ] Searching order 3
2026-04-23 20:44:45,524 [ genlib ] [ INFO ] Searching order 4
2026-04-23 20:44:45,524 [ genlib ] [ INFO ] Checking atom OE1
2026-04-23 20:44:45,524 [ genlib ] [ INFO ] No partner found for atom OE1
2026-04-23 20:44:45,524 [ genlib ] [ INFO ] Checking atom OE2
2026-04-23 20:44:45,524 [ genlib ] [ INFO ] No partner found for atom OE2
2026-04-23 20:44:45,524 [ genlib ] [ INFO ] Searching order 5
2026-04-23 20:44:45,524 [ genlib ] [ INFO ] Searching order 6
2026-04-23 20:44:45,524 [ genlib ] [ INFO ] Searching order 7
2026-04-23 20:44:45,526 [ genlib ] [ INFO ] Updating bond lists
2026-04-23 20:44:45,526 [ genlib ] [ INFO ] Updating dihedrals
2026-04-23 20:44:45,526 [ genlib ] [ INFO ] Updating impropers
2026-04-23 20:44:45,527 [ genlib ] [ INFO ] Building library files for GLH --> PHE mutant
2026-04-23 20:44:45,527 [ genlib ] [ INFO ] reading rtp file "aminoacids.rtp"
2026-04-23 20:44:45,562 [ genlib ] [ INFO ] ENTERED RINGS
2026-04-23 20:44:45,562 [ genlib ] [ INFO ] Making atom pairs
2026-04-23 20:44:45,566 [ genlib ] [ INFO ] Updating bond lists
2026-04-23 20:44:45,566 [ genlib ] [ INFO ] Updating dihedrals
2026-04-23 20:44:45,566 [ genlib ] [ INFO ] Updating impropers
2026-04-23 20:44:45,567 [ genlib ] [ INFO ] Building library files for GLH --> PRO mutant
2026-04-23 20:44:45,567 [ genlib ] [ INFO ] reading rtp file "aminoacids.rtp"
2026-04-23 20:44:45,603 [ genlib ] [ INFO ] ENTERED P
2026-04-23 20:44:45,603 [ genlib ] [ INFO ] Making atom pairs
2026-04-23 20:44:45,605 [ genlib ] [ INFO ] Updating bond lists
2026-04-23 20:44:45,605 [ genlib ] [ INFO ] Updating dihedrals
2026-04-23 20:44:45,605 [ genlib ] [ INFO ] Updating impropers
2026-04-23 20:44:45,606 [ genlib ] [ INFO ] Building library files for GLH --> SER mutant
2026-04-23 20:44:45,606 [ genlib ] [ INFO ] reading rtp file "aminoacids.rtp"
2026-04-23 20:44:45,641 [ genlib ] [ INFO ] ENTERED SIMPLE
2026-04-23 20:44:45,641 [ genlib ] [ INFO ] Making atom pairs
2026-04-23 20:44:45,641 [ genlib ] [ INFO ] Searching branch 1
2026-04-23 20:44:45,641 [ genlib ] [ INFO ] Searching order 2
2026-04-23 20:44:45,641 [ genlib ] [ INFO ] Checking atom 1HB
2026-04-23 20:44:45,641 [ genlib ] [ INFO ] Define atom pair: GLH|1HB|HC|H         - > SER|1HB|H1|H         (d = 0.13 A)
2026-04-23 20:44:45,641 [ genlib ] [ INFO ] Checking atom 2HB
2026-04-23 20:44:45,641 [ genlib ] [ INFO ] Define atom pair: GLH|2HB|HC|H         - > SER|2HB|H1|H         (d = 0.13 A)
2026-04-23 20:44:45,641 [ genlib ] [ INFO ] Checking atom CG
2026-04-23 20:44:45,641 [ genlib ] [ INFO ] Define atom pair: GLH|CG|2C|C.3        - > SER|OG|OH|O.3        (d = 0.17 A)
2026-04-23 20:44:45,641 [ genlib ] [ INFO ] Searching order 3
2026-04-23 20:44:45,641 [ genlib ] [ INFO ] Checking atom 1HG
2026-04-23 20:44:45,641 [ genlib ] [ INFO ] No partner found for atom 1HG
2026-04-23 20:44:45,641 [ genlib ] [ INFO ] Checking atom 2HG
2026-04-23 20:44:45,641 [ genlib ] [ INFO ] No partner found for atom 2HG
2026-04-23 20:44:45,641 [ genlib ] [ INFO ] Checking atom CD
2026-04-23 20:44:45,641 [ genlib ] [ INFO ] No partner found for atom CD
2026-04-23 20:44:45,641 [ genlib ] [ INFO ] Searching order 4
2026-04-23 20:44:45,641 [ genlib ] [ INFO ] Searching order 5
2026-04-23 20:44:45,641 [ genlib ] [ INFO ] Searching order 6
2026-04-23 20:44:45,641 [ genlib ] [ INFO ] Searching order 7
2026-04-23 20:44:45,641 [ genlib ] [ INFO ] Searching branch 2
2026-04-23 20:44:45,641 [ genlib ] [ INFO ] Searching order 2
2026-04-23 20:44:45,641 [ genlib ] [ INFO ] Searching order 3
2026-04-23 20:44:45,641 [ genlib ] [ INFO ] Checking atom 1HG
2026-04-23 20:44:45,641 [ genlib ] [ INFO ] No partner found for atom 1HG
2026-04-23 20:44:45,641 [ genlib ] [ INFO ] Checking atom 2HG
2026-04-23 20:44:45,641 [ genlib ] [ INFO ] No partner found for atom 2HG
2026-04-23 20:44:45,641 [ genlib ] [ INFO ] Checking atom CD
2026-04-23 20:44:45,641 [ genlib ] [ INFO ] No partner found for atom CD
2026-04-23 20:44:45,641 [ genlib ] [ INFO ] Searching order 4
2026-04-23 20:44:45,641 [ genlib ] [ INFO ] Searching order 5
2026-04-23 20:44:45,641 [ genlib ] [ INFO ] Searching order 6
2026-04-23 20:44:45,641 [ genlib ] [ INFO ] Searching order 7
2026-04-23 20:44:45,642 [ genlib ] [ INFO ] Updating bond lists
2026-04-23 20:44:45,642 [ genlib ] [ INFO ] Updating dihedrals
2026-04-23 20:44:45,642 [ genlib ] [ INFO ] Updating impropers
2026-04-23 20:44:45,642 [ genlib ] [ INFO ] Building library files for GLH --> THR mutant
2026-04-23 20:44:45,643 [ genlib ] [ INFO ] reading rtp file "aminoacids.rtp"
2026-04-23 20:44:45,677 [ genlib ] [ INFO ] ENTERED SIMPLE
2026-04-23 20:44:45,678 [ genlib ] [ INFO ] Making atom pairs
2026-04-23 20:44:45,678 [ genlib ] [ INFO ] Searching branch 1
2026-04-23 20:44:45,678 [ genlib ] [ INFO ] Searching order 2
2026-04-23 20:44:45,678 [ genlib ] [ INFO ] Checking atom 1HB
2026-04-23 20:44:45,678 [ genlib ] [ INFO ] Define atom pair: GLH|1HB|HC|H         - > THR|HB|H1|H          (d = 0.16 A)
2026-04-23 20:44:45,678 [ genlib ] [ INFO ] Checking atom 2HB
2026-04-23 20:44:45,678 [ genlib ] [ INFO ] No partner found for atom 2HB
2026-04-23 20:44:45,678 [ genlib ] [ INFO ] Checking atom CG
2026-04-23 20:44:45,678 [ genlib ] [ INFO ] Define atom pair: GLH|CG|2C|C.3        - > THR|OG1|OH|O.3       (d = 0.22 A)
2026-04-23 20:44:45,678 [ genlib ] [ INFO ] Searching order 3
2026-04-23 20:44:45,678 [ genlib ] [ INFO ] Checking atom 1HG
2026-04-23 20:44:45,678 [ genlib ] [ INFO ] No partner found for atom 1HG
2026-04-23 20:44:45,678 [ genlib ] [ INFO ] Checking atom 2HG
2026-04-23 20:44:45,678 [ genlib ] [ INFO ] No partner found for atom 2HG
2026-04-23 20:44:45,678 [ genlib ] [ INFO ] Checking atom CD
2026-04-23 20:44:45,678 [ genlib ] [ INFO ] No partner found for atom CD
2026-04-23 20:44:45,678 [ genlib ] [ INFO ] Searching order 4
2026-04-23 20:44:45,678 [ genlib ] [ INFO ] Searching order 5
2026-04-23 20:44:45,678 [ genlib ] [ INFO ] Searching order 6
2026-04-23 20:44:45,678 [ genlib ] [ INFO ] Searching order 7
2026-04-23 20:44:45,678 [ genlib ] [ INFO ] Searching branch 2
2026-04-23 20:44:45,678 [ genlib ] [ INFO ] Searching order 2
2026-04-23 20:44:45,678 [ genlib ] [ INFO ] Checking atom 2HB
2026-04-23 20:44:45,678 [ genlib ] [ INFO ] No partner found for atom 2HB
2026-04-23 20:44:45,678 [ genlib ] [ INFO ] Searching order 3
2026-04-23 20:44:45,678 [ genlib ] [ INFO ] Checking atom 1HG
2026-04-23 20:44:45,678 [ genlib ] [ INFO ] No partner found for atom 1HG
2026-04-23 20:44:45,678 [ genlib ] [ INFO ] Checking atom 2HG
2026-04-23 20:44:45,678 [ genlib ] [ INFO ] No partner found for atom 2HG
2026-04-23 20:44:45,678 [ genlib ] [ INFO ] Checking atom CD
2026-04-23 20:44:45,678 [ genlib ] [ INFO ] No partner found for atom CD
2026-04-23 20:44:45,678 [ genlib ] [ INFO ] Searching order 4
2026-04-23 20:44:45,678 [ genlib ] [ INFO ] Searching order 5
2026-04-23 20:44:45,678 [ genlib ] [ INFO ] Searching order 6
2026-04-23 20:44:45,678 [ genlib ] [ INFO ] Searching order 7
2026-04-23 20:44:45,680 [ genlib ] [ INFO ] Updating bond lists
2026-04-23 20:44:45,680 [ genlib ] [ INFO ] Updating dihedrals
2026-04-23 20:44:45,680 [ genlib ] [ INFO ] Updating impropers
2026-04-23 20:44:45,680 [ genlib ] [ INFO ] Building library files for GLH --> TRP mutant
2026-04-23 20:44:45,681 [ genlib ] [ INFO ] reading rtp file "aminoacids.rtp"
2026-04-23 20:44:45,715 [ genlib ] [ INFO ] ENTERED RINGS
2026-04-23 20:44:45,715 [ genlib ] [ INFO ] Making atom pairs
2026-04-23 20:44:45,722 [ genlib ] [ INFO ] Updating bond lists
2026-04-23 20:44:45,722 [ genlib ] [ INFO ] Updating dihedrals
2026-04-23 20:44:45,722 [ genlib ] [ INFO ] Updating impropers
2026-04-23 20:44:45,723 [ genlib ] [ INFO ] Building library files for GLH --> TYR mutant
2026-04-23 20:44:45,723 [ genlib ] [ INFO ] reading rtp file "aminoacids.rtp"
2026-04-23 20:44:45,759 [ genlib ] [ INFO ] ENTERED RINGS
2026-04-23 20:44:45,759 [ genlib ] [ INFO ] Making atom pairs
2026-04-23 20:44:45,764 [ genlib ] [ INFO ] Updating bond lists
2026-04-23 20:44:45,764 [ genlib ] [ INFO ] Updating dihedrals
2026-04-23 20:44:45,764 [ genlib ] [ INFO ] Updating impropers
2026-04-23 20:44:45,765 [ genlib ] [ INFO ] Building library files for GLH --> VAL mutant
2026-04-23 20:44:45,765 [ genlib ] [ INFO ] reading rtp file "aminoacids.rtp"
2026-04-23 20:44:45,800 [ genlib ] [ INFO ] ENTERED SIMPLE
2026-04-23 20:44:45,800 [ genlib ] [ INFO ] Making atom pairs
2026-04-23 20:44:45,800 [ genlib ] [ INFO ] Searching branch 1
2026-04-23 20:44:45,800 [ genlib ] [ INFO ] Searching order 2
2026-04-23 20:44:45,800 [ genlib ] [ INFO ] Checking atom 1HB
2026-04-23 20:44:45,800 [ genlib ] [ INFO ] Define atom pair: GLH|1HB|HC|H         - > VAL|HB|HC|H          (d = 0.13 A)
2026-04-23 20:44:45,800 [ genlib ] [ INFO ] Checking atom 2HB
2026-04-23 20:44:45,800 [ genlib ] [ INFO ] No partner found for atom 2HB
2026-04-23 20:44:45,800 [ genlib ] [ INFO ] Checking atom CG
2026-04-23 20:44:45,800 [ genlib ] [ INFO ] Define atom pair: GLH|CG|2C|C.3        - > VAL|CG2|CT|C.3       (d = 0.08 A)
2026-04-23 20:44:45,800 [ genlib ] [ INFO ] Searching order 3
2026-04-23 20:44:45,800 [ genlib ] [ INFO ] Checking atom 1HG
2026-04-23 20:44:45,800 [ genlib ] [ INFO ] Define atom pair: GLH|1HG|HC|H         - > VAL|2HG2|HC|H        (d = 0.16 A)
2026-04-23 20:44:45,800 [ genlib ] [ INFO ] Checking atom 2HG
2026-04-23 20:44:45,800 [ genlib ] [ INFO ] Define atom pair: GLH|2HG|HC|H         - > VAL|3HG2|HC|H        (d = 0.12 A)
2026-04-23 20:44:45,800 [ genlib ] [ INFO ] Checking atom CD
2026-04-23 20:44:45,800 [ genlib ] [ INFO ] Define atom pair: GLH|CD|C|C.2         - > VAL|1HG2|HC|H        (d = 0.48 A)
2026-04-23 20:44:45,800 [ genlib ] [ INFO ] Searching order 4
2026-04-23 20:44:45,801 [ genlib ] [ INFO ] Checking atom OE1
2026-04-23 20:44:45,801 [ genlib ] [ INFO ] No partner found for atom OE1
2026-04-23 20:44:45,801 [ genlib ] [ INFO ] Checking atom OE2
2026-04-23 20:44:45,801 [ genlib ] [ INFO ] No partner found for atom OE2
2026-04-23 20:44:45,801 [ genlib ] [ INFO ] Searching order 5
2026-04-23 20:44:45,801 [ genlib ] [ INFO ] Searching order 6
2026-04-23 20:44:45,801 [ genlib ] [ INFO ] Searching order 7
2026-04-23 20:44:45,801 [ genlib ] [ INFO ] Searching branch 2
2026-04-23 20:44:45,801 [ genlib ] [ INFO ] Searching order 2
2026-04-23 20:44:45,801 [ genlib ] [ INFO ] Checking atom 2HB
2026-04-23 20:44:45,801 [ genlib ] [ INFO ] No partner found for atom 2HB
2026-04-23 20:44:45,801 [ genlib ] [ INFO ] Searching order 3
2026-04-23 20:44:45,801 [ genlib ] [ INFO ] Searching order 4
2026-04-23 20:44:45,801 [ genlib ] [ INFO ] Checking atom OE1
2026-04-23 20:44:45,801 [ genlib ] [ INFO ] No partner found for atom OE1
2026-04-23 20:44:45,801 [ genlib ] [ INFO ] Checking atom OE2
2026-04-23 20:44:45,801 [ genlib ] [ INFO ] No partner found for atom OE2
2026-04-23 20:44:45,801 [ genlib ] [ INFO ] Searching order 5
2026-04-23 20:44:45,801 [ genlib ] [ INFO ] Searching order 6
2026-04-23 20:44:45,801 [ genlib ] [ INFO ] Searching order 7
2026-04-23 20:44:45,802 [ genlib ] [ INFO ] Updating bond lists
2026-04-23 20:44:45,802 [ genlib ] [ INFO ] Updating dihedrals
2026-04-23 20:44:45,802 [ genlib ] [ INFO ] Updating impropers
2026-04-23 20:44:45,803 [ genlib ] [ INFO ] Building library files for GLN --> ALA mutant
2026-04-23 20:44:45,803 [ genlib ] [ INFO ] reading rtp file "aminoacids.rtp"
2026-04-23 20:44:45,838 [ genlib ] [ INFO ] ENTERED SIMPLE
2026-04-23 20:44:45,838 [ genlib ] [ INFO ] Making atom pairs
2026-04-23 20:44:45,838 [ genlib ] [ INFO ] Searching branch 1
2026-04-23 20:44:45,838 [ genlib ] [ INFO ] Searching order 2
2026-04-23 20:44:45,838 [ genlib ] [ INFO ] Checking atom 1HB
2026-04-23 20:44:45,838 [ genlib ] [ INFO ] Define atom pair: GLN|1HB|HC|H         - > ALA|2HB|HC|H         (d = 0.06 A)
2026-04-23 20:44:45,838 [ genlib ] [ INFO ] Checking atom 2HB
2026-04-23 20:44:45,838 [ genlib ] [ INFO ] Define atom pair: GLN|2HB|HC|H         - > ALA|3HB|HC|H         (d = 0.09 A)
2026-04-23 20:44:45,838 [ genlib ] [ INFO ] Checking atom CG
2026-04-23 20:44:45,838 [ genlib ] [ INFO ] Define atom pair: GLN|CG|2C|C.3        - > ALA|1HB|HC|H         (d = 0.46 A)
2026-04-23 20:44:45,838 [ genlib ] [ INFO ] Searching order 3
2026-04-23 20:44:45,838 [ genlib ] [ INFO ] Checking atom 1HG
2026-04-23 20:44:45,838 [ genlib ] [ INFO ] No partner found for atom 1HG
2026-04-23 20:44:45,838 [ genlib ] [ INFO ] Checking atom 2HG
2026-04-23 20:44:45,838 [ genlib ] [ INFO ] No partner found for atom 2HG
2026-04-23 20:44:45,838 [ genlib ] [ INFO ] Checking atom CD
2026-04-23 20:44:45,838 [ genlib ] [ INFO ] No partner found for atom CD
2026-04-23 20:44:45,838 [ genlib ] [ INFO ] Searching order 4
2026-04-23 20:44:45,838 [ genlib ] [ INFO ] Searching order 5
2026-04-23 20:44:45,838 [ genlib ] [ INFO ] Searching order 6
2026-04-23 20:44:45,838 [ genlib ] [ INFO ] Searching order 7
2026-04-23 20:44:45,838 [ genlib ] [ INFO ] Searching branch 2
2026-04-23 20:44:45,838 [ genlib ] [ INFO ] Searching order 2
2026-04-23 20:44:45,838 [ genlib ] [ INFO ] Searching order 3
2026-04-23 20:44:45,838 [ genlib ] [ INFO ] Checking atom 1HG
2026-04-23 20:44:45,838 [ genlib ] [ INFO ] No partner found for atom 1HG
2026-04-23 20:44:45,838 [ genlib ] [ INFO ] Checking atom 2HG
2026-04-23 20:44:45,838 [ genlib ] [ INFO ] No partner found for atom 2HG
2026-04-23 20:44:45,838 [ genlib ] [ INFO ] Checking atom CD
2026-04-23 20:44:45,838 [ genlib ] [ INFO ] No partner found for atom CD
2026-04-23 20:44:45,838 [ genlib ] [ INFO ] Searching order 4
2026-04-23 20:44:45,838 [ genlib ] [ INFO ] Searching order 5
2026-04-23 20:44:45,838 [ genlib ] [ INFO ] Searching order 6
2026-04-23 20:44:45,838 [ genlib ] [ INFO ] Searching order 7
2026-04-23 20:44:45,838 [ genlib ] [ INFO ] Updating bond lists
2026-04-23 20:44:45,839 [ genlib ] [ INFO ] Updating dihedrals
2026-04-23 20:44:45,839 [ genlib ] [ INFO ] Updating impropers
2026-04-23 20:44:45,839 [ genlib ] [ INFO ] Building library files for GLN --> ARG mutant
2026-04-23 20:44:45,840 [ genlib ] [ INFO ] reading rtp file "aminoacids.rtp"
2026-04-23 20:44:45,875 [ genlib ] [ INFO ] ENTERED SIMPLE
2026-04-23 20:44:45,875 [ genlib ] [ INFO ] Making atom pairs
2026-04-23 20:44:45,875 [ genlib ] [ INFO ] Searching branch 1
2026-04-23 20:44:45,875 [ genlib ] [ INFO ] Searching order 2
2026-04-23 20:44:45,875 [ genlib ] [ INFO ] Checking atom 1HB
2026-04-23 20:44:45,875 [ genlib ] [ INFO ] Define atom pair: GLN|1HB|HC|H         - > ARG|1HB|HC|H         (d = 0.02 A)
2026-04-23 20:44:45,875 [ genlib ] [ INFO ] Checking atom 2HB
2026-04-23 20:44:45,875 [ genlib ] [ INFO ] Define atom pair: GLN|2HB|HC|H         - > ARG|2HB|HC|H         (d = 0.05 A)
2026-04-23 20:44:45,875 [ genlib ] [ INFO ] Checking atom CG
2026-04-23 20:44:45,875 [ genlib ] [ INFO ] Define atom pair: GLN|CG|2C|C.3        - > ARG|CG|C8|C.3        (d = 0.04 A)
2026-04-23 20:44:45,875 [ genlib ] [ INFO ] Searching order 3
2026-04-23 20:44:45,875 [ genlib ] [ INFO ] Checking atom 1HG
2026-04-23 20:44:45,875 [ genlib ] [ INFO ] Define atom pair: GLN|1HG|HC|H         - > ARG|1HG|HC|H         (d = 0.06 A)
2026-04-23 20:44:45,875 [ genlib ] [ INFO ] Checking atom 2HG
2026-04-23 20:44:45,875 [ genlib ] [ INFO ] Define atom pair: GLN|2HG|HC|H         - > ARG|2HG|HC|H         (d = 0.05 A)
2026-04-23 20:44:45,875 [ genlib ] [ INFO ] Checking atom CD
2026-04-23 20:44:45,875 [ genlib ] [ INFO ] Define atom pair: GLN|CD|C|C.2         - > ARG|CD|C8|C.3        (d = 0.04 A)
2026-04-23 20:44:45,875 [ genlib ] [ INFO ] Searching order 4
2026-04-23 20:44:45,875 [ genlib ] [ INFO ] Checking atom OE1
2026-04-23 20:44:45,875 [ genlib ] [ INFO ] Define atom pair: GLN|OE1|O|O.2        - > ARG|NE|N2|N.pl3      (d = 0.27 A)
2026-04-23 20:44:45,875 [ genlib ] [ INFO ] Checking atom NE2
2026-04-23 20:44:45,875 [ genlib ] [ INFO ] No partner found for atom NE2
2026-04-23 20:44:45,875 [ genlib ] [ INFO ] Searching order 5
2026-04-23 20:44:45,875 [ genlib ] [ INFO ] Searching order 6
2026-04-23 20:44:45,875 [ genlib ] [ INFO ] Searching order 7
2026-04-23 20:44:45,875 [ genlib ] [ INFO ] Searching branch 2
2026-04-23 20:44:45,875 [ genlib ] [ INFO ] Searching order 2
2026-04-23 20:44:45,875 [ genlib ] [ INFO ] Searching order 3
2026-04-23 20:44:45,875 [ genlib ] [ INFO ] Searching order 4
2026-04-23 20:44:45,875 [ genlib ] [ INFO ] Checking atom NE2
2026-04-23 20:44:45,875 [ genlib ] [ INFO ] No partner found for atom NE2
2026-04-23 20:44:45,875 [ genlib ] [ INFO ] Searching order 5
2026-04-23 20:44:45,875 [ genlib ] [ INFO ] Searching order 6
2026-04-23 20:44:45,875 [ genlib ] [ INFO ] Searching order 7
2026-04-23 20:44:45,879 [ genlib ] [ INFO ] Updating bond lists
2026-04-23 20:44:45,879 [ genlib ] [ INFO ] Updating dihedrals
2026-04-23 20:44:45,879 [ genlib ] [ INFO ] Updating impropers
2026-04-23 20:44:45,880 [ genlib ] [ INFO ] Building library files for GLN --> ASH mutant
2026-04-23 20:44:45,880 [ genlib ] [ INFO ] reading rtp file "aminoacids.rtp"
2026-04-23 20:44:45,915 [ genlib ] [ INFO ] ENTERED SIMPLE
2026-04-23 20:44:45,915 [ genlib ] [ INFO ] Making atom pairs
2026-04-23 20:44:45,915 [ genlib ] [ INFO ] Searching branch 1
2026-04-23 20:44:45,915 [ genlib ] [ INFO ] Searching order 2
2026-04-23 20:44:45,915 [ genlib ] [ INFO ] Checking atom 1HB
2026-04-23 20:44:45,915 [ genlib ] [ INFO ] Define atom pair: GLN|1HB|HC|H         - > ASH|1HB|HC|H         (d = 0.07 A)
2026-04-23 20:44:45,915 [ genlib ] [ INFO ] Checking atom 2HB
2026-04-23 20:44:45,915 [ genlib ] [ INFO ] Define atom pair: GLN|2HB|HC|H         - > ASH|2HB|HC|H         (d = 0.08 A)
2026-04-23 20:44:45,915 [ genlib ] [ INFO ] Checking atom CG
2026-04-23 20:44:45,915 [ genlib ] [ INFO ] Define atom pair: GLN|CG|2C|C.3        - > ASH|CG|C|C.2         (d = 0.07 A)
2026-04-23 20:44:45,915 [ genlib ] [ INFO ] Searching order 3
2026-04-23 20:44:45,915 [ genlib ] [ INFO ] Checking atom 1HG
2026-04-23 20:44:45,915 [ genlib ] [ INFO ] No partner found for atom 1HG
2026-04-23 20:44:45,915 [ genlib ] [ INFO ] Checking atom 2HG
2026-04-23 20:44:45,915 [ genlib ] [ INFO ] No partner found for atom 2HG
2026-04-23 20:44:45,915 [ genlib ] [ INFO ] Checking atom CD
2026-04-23 20:44:45,915 [ genlib ] [ INFO ] Define atom pair: GLN|CD|C|C.2         - > ASH|OD1|O|O.co2      (d = 0.33 A)
2026-04-23 20:44:45,915 [ genlib ] [ INFO ] Searching order 4
2026-04-23 20:44:45,915 [ genlib ] [ INFO ] Checking atom OE1
2026-04-23 20:44:45,915 [ genlib ] [ INFO ] No partner found for atom OE1
2026-04-23 20:44:45,915 [ genlib ] [ INFO ] Checking atom NE2
2026-04-23 20:44:45,915 [ genlib ] [ INFO ] No partner found for atom NE2
2026-04-23 20:44:45,915 [ genlib ] [ INFO ] Searching order 5
2026-04-23 20:44:45,915 [ genlib ] [ INFO ] Searching order 6
2026-04-23 20:44:45,915 [ genlib ] [ INFO ] Searching order 7
2026-04-23 20:44:45,915 [ genlib ] [ INFO ] Searching branch 2
2026-04-23 20:44:45,915 [ genlib ] [ INFO ] Searching order 2
2026-04-23 20:44:45,915 [ genlib ] [ INFO ] Searching order 3
2026-04-23 20:44:45,915 [ genlib ] [ INFO ] Checking atom 1HG
2026-04-23 20:44:45,915 [ genlib ] [ INFO ] No partner found for atom 1HG
2026-04-23 20:44:45,915 [ genlib ] [ INFO ] Checking atom 2HG
2026-04-23 20:44:45,915 [ genlib ] [ INFO ] No partner found for atom 2HG
2026-04-23 20:44:45,915 [ genlib ] [ INFO ] Searching order 4
2026-04-23 20:44:45,915 [ genlib ] [ INFO ] Checking atom OE1
2026-04-23 20:44:45,915 [ genlib ] [ INFO ] No partner found for atom OE1
2026-04-23 20:44:45,915 [ genlib ] [ INFO ] Checking atom NE2
2026-04-23 20:44:45,915 [ genlib ] [ INFO ] No partner found for atom NE2
2026-04-23 20:44:45,915 [ genlib ] [ INFO ] Searching order 5
2026-04-23 20:44:45,915 [ genlib ] [ INFO ] Searching order 6
2026-04-23 20:44:45,915 [ genlib ] [ INFO ] Searching order 7
2026-04-23 20:44:45,916 [ genlib ] [ INFO ] Updating bond lists
2026-04-23 20:44:45,916 [ genlib ] [ INFO ] Updating dihedrals
2026-04-23 20:44:45,916 [ genlib ] [ INFO ] Updating impropers
2026-04-23 20:44:45,917 [ genlib ] [ INFO ] Building library files for GLN --> ASN mutant
2026-04-23 20:44:45,917 [ genlib ] [ INFO ] reading rtp file "aminoacids.rtp"
2026-04-23 20:44:45,952 [ genlib ] [ INFO ] ENTERED SIMPLE
2026-04-23 20:44:45,952 [ genlib ] [ INFO ] Making atom pairs
2026-04-23 20:44:45,952 [ genlib ] [ INFO ] Searching branch 1
2026-04-23 20:44:45,952 [ genlib ] [ INFO ] Searching order 2
2026-04-23 20:44:45,952 [ genlib ] [ INFO ] Checking atom 1HB
2026-04-23 20:44:45,952 [ genlib ] [ INFO ] Define atom pair: GLN|1HB|HC|H         - > ASN|1HB|HC|H         (d = 0.12 A)
2026-04-23 20:44:45,952 [ genlib ] [ INFO ] Checking atom 2HB
2026-04-23 20:44:45,952 [ genlib ] [ INFO ] Define atom pair: GLN|2HB|HC|H         - > ASN|2HB|HC|H         (d = 0.08 A)
2026-04-23 20:44:45,952 [ genlib ] [ INFO ] Checking atom CG
2026-04-23 20:44:45,952 [ genlib ] [ INFO ] Define atom pair: GLN|CG|2C|C.3        - > ASN|CG|C|C.2         (d = 0.16 A)
2026-04-23 20:44:45,952 [ genlib ] [ INFO ] Searching order 3
2026-04-23 20:44:45,952 [ genlib ] [ INFO ] Checking atom 1HG
2026-04-23 20:44:45,952 [ genlib ] [ INFO ] No partner found for atom 1HG
2026-04-23 20:44:45,952 [ genlib ] [ INFO ] Checking atom 2HG
2026-04-23 20:44:45,952 [ genlib ] [ INFO ] No partner found for atom 2HG
2026-04-23 20:44:45,952 [ genlib ] [ INFO ] Checking atom CD
2026-04-23 20:44:45,952 [ genlib ] [ INFO ] Define atom pair: GLN|CD|C|C.2         - > ASN|OD1|O|O.2        (d = 0.51 A)
2026-04-23 20:44:45,952 [ genlib ] [ INFO ] Searching order 4
2026-04-23 20:44:45,952 [ genlib ] [ INFO ] Checking atom OE1
2026-04-23 20:44:45,952 [ genlib ] [ INFO ] No partner found for atom OE1
2026-04-23 20:44:45,952 [ genlib ] [ INFO ] Checking atom NE2
2026-04-23 20:44:45,952 [ genlib ] [ INFO ] No partner found for atom NE2
2026-04-23 20:44:45,952 [ genlib ] [ INFO ] Searching order 5
2026-04-23 20:44:45,952 [ genlib ] [ INFO ] Searching order 6
2026-04-23 20:44:45,952 [ genlib ] [ INFO ] Searching order 7
2026-04-23 20:44:45,952 [ genlib ] [ INFO ] Searching branch 2
2026-04-23 20:44:45,952 [ genlib ] [ INFO ] Searching order 2
2026-04-23 20:44:45,952 [ genlib ] [ INFO ] Searching order 3
2026-04-23 20:44:45,952 [ genlib ] [ INFO ] Checking atom 1HG
2026-04-23 20:44:45,952 [ genlib ] [ INFO ] No partner found for atom 1HG
2026-04-23 20:44:45,952 [ genlib ] [ INFO ] Checking atom 2HG
2026-04-23 20:44:45,952 [ genlib ] [ INFO ] No partner found for atom 2HG
2026-04-23 20:44:45,952 [ genlib ] [ INFO ] Searching order 4
2026-04-23 20:44:45,952 [ genlib ] [ INFO ] Checking atom OE1
2026-04-23 20:44:45,952 [ genlib ] [ INFO ] No partner found for atom OE1
2026-04-23 20:44:45,952 [ genlib ] [ INFO ] Checking atom NE2
2026-04-23 20:44:45,952 [ genlib ] [ INFO ] No partner found for atom NE2
2026-04-23 20:44:45,952 [ genlib ] [ INFO ] Searching order 5
2026-04-23 20:44:45,952 [ genlib ] [ INFO ] Searching order 6
2026-04-23 20:44:45,952 [ genlib ] [ INFO ] Searching order 7
2026-04-23 20:44:45,954 [ genlib ] [ INFO ] Updating bond lists
2026-04-23 20:44:45,954 [ genlib ] [ INFO ] Updating dihedrals
2026-04-23 20:44:45,954 [ genlib ] [ INFO ] Updating impropers
2026-04-23 20:44:45,955 [ genlib ] [ INFO ] Building library files for GLN --> ASP mutant
2026-04-23 20:44:45,955 [ genlib ] [ INFO ] reading rtp file "aminoacids.rtp"
2026-04-23 20:44:45,989 [ genlib ] [ INFO ] ENTERED SIMPLE
2026-04-23 20:44:45,989 [ genlib ] [ INFO ] Making atom pairs
2026-04-23 20:44:45,989 [ genlib ] [ INFO ] Searching branch 1
2026-04-23 20:44:45,989 [ genlib ] [ INFO ] Searching order 2
2026-04-23 20:44:45,989 [ genlib ] [ INFO ] Checking atom 1HB
2026-04-23 20:44:45,989 [ genlib ] [ INFO ] Define atom pair: GLN|1HB|HC|H         - > ASP|1HB|HC|H         (d = 0.05 A)
2026-04-23 20:44:45,989 [ genlib ] [ INFO ] Checking atom 2HB
2026-04-23 20:44:45,989 [ genlib ] [ INFO ] Define atom pair: GLN|2HB|HC|H         - > ASP|2HB|HC|H         (d = 0.03 A)
2026-04-23 20:44:45,989 [ genlib ] [ INFO ] Checking atom CG
2026-04-23 20:44:45,990 [ genlib ] [ INFO ] Define atom pair: GLN|CG|2C|C.3        - > ASP|CG|CO|C.2        (d = 0.07 A)
2026-04-23 20:44:45,990 [ genlib ] [ INFO ] Searching order 3
2026-04-23 20:44:45,990 [ genlib ] [ INFO ] Checking atom 1HG
2026-04-23 20:44:45,990 [ genlib ] [ INFO ] No partner found for atom 1HG
2026-04-23 20:44:45,990 [ genlib ] [ INFO ] Checking atom 2HG
2026-04-23 20:44:45,990 [ genlib ] [ INFO ] No partner found for atom 2HG
2026-04-23 20:44:45,990 [ genlib ] [ INFO ] Checking atom CD
2026-04-23 20:44:45,990 [ genlib ] [ INFO ] Define atom pair: GLN|CD|C|C.2         - > ASP|OD1|O2|O.co2     (d = 0.33 A)
2026-04-23 20:44:45,990 [ genlib ] [ INFO ] Searching order 4
2026-04-23 20:44:45,990 [ genlib ] [ INFO ] Checking atom OE1
2026-04-23 20:44:45,990 [ genlib ] [ INFO ] No partner found for atom OE1
2026-04-23 20:44:45,990 [ genlib ] [ INFO ] Checking atom NE2
2026-04-23 20:44:45,990 [ genlib ] [ INFO ] No partner found for atom NE2
2026-04-23 20:44:45,990 [ genlib ] [ INFO ] Searching order 5
2026-04-23 20:44:45,990 [ genlib ] [ INFO ] Searching order 6
2026-04-23 20:44:45,990 [ genlib ] [ INFO ] Searching order 7
2026-04-23 20:44:45,990 [ genlib ] [ INFO ] Searching branch 2
2026-04-23 20:44:45,990 [ genlib ] [ INFO ] Searching order 2
2026-04-23 20:44:45,990 [ genlib ] [ INFO ] Searching order 3
2026-04-23 20:44:45,990 [ genlib ] [ INFO ] Checking atom 1HG
2026-04-23 20:44:45,990 [ genlib ] [ INFO ] No partner found for atom 1HG
2026-04-23 20:44:45,990 [ genlib ] [ INFO ] Checking atom 2HG
2026-04-23 20:44:45,990 [ genlib ] [ INFO ] No partner found for atom 2HG
2026-04-23 20:44:45,990 [ genlib ] [ INFO ] Searching order 4
2026-04-23 20:44:45,990 [ genlib ] [ INFO ] Checking atom OE1
2026-04-23 20:44:45,990 [ genlib ] [ INFO ] No partner found for atom OE1
2026-04-23 20:44:45,990 [ genlib ] [ INFO ] Checking atom NE2
2026-04-23 20:44:45,990 [ genlib ] [ INFO ] No partner found for atom NE2
2026-04-23 20:44:45,990 [ genlib ] [ INFO ] Searching order 5
2026-04-23 20:44:45,990 [ genlib ] [ INFO ] Searching order 6
2026-04-23 20:44:45,990 [ genlib ] [ INFO ] Searching order 7
2026-04-23 20:44:45,991 [ genlib ] [ INFO ] Updating bond lists
2026-04-23 20:44:45,991 [ genlib ] [ INFO ] Updating dihedrals
2026-04-23 20:44:45,991 [ genlib ] [ INFO ] Updating impropers
2026-04-23 20:44:45,991 [ genlib ] [ INFO ] Building library files for GLN --> CYS mutant
2026-04-23 20:44:45,991 [ genlib ] [ INFO ] reading rtp file "aminoacids.rtp"
2026-04-23 20:44:46,027 [ genlib ] [ INFO ] ENTERED SIMPLE
2026-04-23 20:44:46,027 [ genlib ] [ INFO ] Making atom pairs
2026-04-23 20:44:46,027 [ genlib ] [ INFO ] Searching branch 1
2026-04-23 20:44:46,027 [ genlib ] [ INFO ] Searching order 2
2026-04-23 20:44:46,027 [ genlib ] [ INFO ] Checking atom 1HB
2026-04-23 20:44:46,027 [ genlib ] [ INFO ] Define atom pair: GLN|1HB|HC|H         - > CYS|1HB|H1|H         (d = 0.06 A)
2026-04-23 20:44:46,027 [ genlib ] [ INFO ] Checking atom 2HB
2026-04-23 20:44:46,027 [ genlib ] [ INFO ] Define atom pair: GLN|2HB|HC|H         - > CYS|2HB|H1|H         (d = 0.06 A)
2026-04-23 20:44:46,027 [ genlib ] [ INFO ] Checking atom CG
2026-04-23 20:44:46,027 [ genlib ] [ INFO ] Define atom pair: GLN|CG|2C|C.3        - > CYS|SG|SH|S.3        (d = 0.29 A)
2026-04-23 20:44:46,027 [ genlib ] [ INFO ] Searching order 3
2026-04-23 20:44:46,027 [ genlib ] [ INFO ] Checking atom 1HG
2026-04-23 20:44:46,027 [ genlib ] [ INFO ] No partner found for atom 1HG
2026-04-23 20:44:46,027 [ genlib ] [ INFO ] Checking atom 2HG
2026-04-23 20:44:46,027 [ genlib ] [ INFO ] No partner found for atom 2HG
2026-04-23 20:44:46,027 [ genlib ] [ INFO ] Checking atom CD
2026-04-23 20:44:46,027 [ genlib ] [ INFO ] Define atom pair: GLN|CD|C|C.2         - > CYS|HG|HS|H          (d = 0.28 A)
2026-04-23 20:44:46,027 [ genlib ] [ INFO ] Searching order 4
2026-04-23 20:44:46,027 [ genlib ] [ INFO ] Checking atom OE1
2026-04-23 20:44:46,027 [ genlib ] [ INFO ] No partner found for atom OE1
2026-04-23 20:44:46,027 [ genlib ] [ INFO ] Checking atom NE2
2026-04-23 20:44:46,027 [ genlib ] [ INFO ] No partner found for atom NE2
2026-04-23 20:44:46,027 [ genlib ] [ INFO ] Searching order 5
2026-04-23 20:44:46,027 [ genlib ] [ INFO ] Searching order 6
2026-04-23 20:44:46,027 [ genlib ] [ INFO ] Searching order 7
2026-04-23 20:44:46,027 [ genlib ] [ INFO ] Searching branch 2
2026-04-23 20:44:46,027 [ genlib ] [ INFO ] Searching order 2
2026-04-23 20:44:46,027 [ genlib ] [ INFO ] Searching order 3
2026-04-23 20:44:46,027 [ genlib ] [ INFO ] Checking atom 1HG
2026-04-23 20:44:46,027 [ genlib ] [ INFO ] No partner found for atom 1HG
2026-04-23 20:44:46,027 [ genlib ] [ INFO ] Checking atom 2HG
2026-04-23 20:44:46,027 [ genlib ] [ INFO ] No partner found for atom 2HG
2026-04-23 20:44:46,027 [ genlib ] [ INFO ] Searching order 4
2026-04-23 20:44:46,027 [ genlib ] [ INFO ] Checking atom OE1
2026-04-23 20:44:46,027 [ genlib ] [ INFO ] No partner found for atom OE1
2026-04-23 20:44:46,027 [ genlib ] [ INFO ] Checking atom NE2
2026-04-23 20:44:46,027 [ genlib ] [ INFO ] No partner found for atom NE2
2026-04-23 20:44:46,027 [ genlib ] [ INFO ] Searching order 5
2026-04-23 20:44:46,027 [ genlib ] [ INFO ] Searching order 6
2026-04-23 20:44:46,027 [ genlib ] [ INFO ] Searching order 7
2026-04-23 20:44:46,027 [ genlib ] [ INFO ] Updating bond lists
2026-04-23 20:44:46,028 [ genlib ] [ INFO ] Updating dihedrals
2026-04-23 20:44:46,028 [ genlib ] [ INFO ] Updating impropers
2026-04-23 20:44:46,028 [ genlib ] [ INFO ] Building library files for GLN --> GLH mutant
2026-04-23 20:44:46,029 [ genlib ] [ INFO ] reading rtp file "aminoacids.rtp"
2026-04-23 20:44:46,064 [ genlib ] [ INFO ] ENTERED SIMPLE
2026-04-23 20:44:46,064 [ genlib ] [ INFO ] Making atom pairs
2026-04-23 20:44:46,064 [ genlib ] [ INFO ] Searching branch 1
2026-04-23 20:44:46,064 [ genlib ] [ INFO ] Searching order 2
2026-04-23 20:44:46,064 [ genlib ] [ INFO ] Checking atom 1HB
2026-04-23 20:44:46,064 [ genlib ] [ INFO ] Define atom pair: GLN|1HB|HC|H         - > GLH|1HB|HC|H         (d = 0.13 A)
2026-04-23 20:44:46,064 [ genlib ] [ INFO ] Checking atom 2HB
2026-04-23 20:44:46,064 [ genlib ] [ INFO ] Define atom pair: GLN|2HB|HC|H         - > GLH|2HB|HC|H         (d = 0.12 A)
2026-04-23 20:44:46,064 [ genlib ] [ INFO ] Checking atom CG
2026-04-23 20:44:46,064 [ genlib ] [ INFO ] Define atom pair: GLN|CG|2C|C.3        - > GLH|CG|2C|C.3        (d = 0.21 A)
2026-04-23 20:44:46,064 [ genlib ] [ INFO ] Searching order 3
2026-04-23 20:44:46,064 [ genlib ] [ INFO ] Checking atom 1HG
2026-04-23 20:44:46,064 [ genlib ] [ INFO ] Define atom pair: GLN|1HG|HC|H         - > GLH|1HG|HC|H         (d = 0.30 A)
2026-04-23 20:44:46,064 [ genlib ] [ INFO ] Checking atom 2HG
2026-04-23 20:44:46,064 [ genlib ] [ INFO ] Define atom pair: GLN|2HG|HC|H         - > GLH|2HG|HC|H         (d = 0.27 A)
2026-04-23 20:44:46,064 [ genlib ] [ INFO ] Checking atom CD
2026-04-23 20:44:46,064 [ genlib ] [ INFO ] Define atom pair: GLN|CD|C|C.2         - > GLH|CD|C|C.2         (d = 0.22 A)
2026-04-23 20:44:46,064 [ genlib ] [ INFO ] Searching order 4
2026-04-23 20:44:46,064 [ genlib ] [ INFO ] Checking atom OE1
2026-04-23 20:44:46,064 [ genlib ] [ INFO ] Define atom pair: GLN|OE1|O|O.2        - > GLH|OE1|O|O.co2      (d = 0.33 A)
2026-04-23 20:44:46,064 [ genlib ] [ INFO ] Checking atom NE2
2026-04-23 20:44:46,064 [ genlib ] [ INFO ] Define atom pair: GLN|NE2|N|N.am       - > GLH|OE2|OH|O.co2     (d = 0.21 A)
2026-04-23 20:44:46,064 [ genlib ] [ INFO ] Searching order 5
2026-04-23 20:44:46,064 [ genlib ] [ INFO ] Checking atom 1HE2
2026-04-23 20:44:46,064 [ genlib ] [ INFO ] No partner found for atom 1HE2
2026-04-23 20:44:46,064 [ genlib ] [ INFO ] Checking atom 2HE2
2026-04-23 20:44:46,064 [ genlib ] [ INFO ] Define atom pair: GLN|2HE2|H|H         - > GLH|HE2|HO|H         (d = 0.29 A)
2026-04-23 20:44:46,064 [ genlib ] [ INFO ] Searching order 6
2026-04-23 20:44:46,064 [ genlib ] [ INFO ] Searching order 7
2026-04-23 20:44:46,064 [ genlib ] [ INFO ] Searching branch 2
2026-04-23 20:44:46,064 [ genlib ] [ INFO ] Searching order 2
2026-04-23 20:44:46,064 [ genlib ] [ INFO ] Searching order 3
2026-04-23 20:44:46,064 [ genlib ] [ INFO ] Searching order 4
2026-04-23 20:44:46,064 [ genlib ] [ INFO ] Searching order 5
2026-04-23 20:44:46,064 [ genlib ] [ INFO ] Checking atom 1HE2
2026-04-23 20:44:46,064 [ genlib ] [ INFO ] No partner found for atom 1HE2
2026-04-23 20:44:46,064 [ genlib ] [ INFO ] Searching order 6
2026-04-23 20:44:46,064 [ genlib ] [ INFO ] Searching order 7
2026-04-23 20:44:46,064 [ genlib ] [ INFO ] Updating bond lists
2026-04-23 20:44:46,064 [ genlib ] [ INFO ] Updating dihedrals
2026-04-23 20:44:46,064 [ genlib ] [ INFO ] Updating impropers
2026-04-23 20:44:46,065 [ genlib ] [ WARNING ] undefined
2026-04-23 20:44:46,065 [ genlib ] [ WARNING ] undefined
2026-04-23 20:44:46,065 [ genlib ] [ INFO ] Building library files for GLN --> GLU mutant
2026-04-23 20:44:46,065 [ genlib ] [ INFO ] reading rtp file "aminoacids.rtp"
2026-04-23 20:44:46,100 [ genlib ] [ INFO ] ENTERED SIMPLE
2026-04-23 20:44:46,101 [ genlib ] [ INFO ] Making atom pairs
2026-04-23 20:44:46,101 [ genlib ] [ INFO ] Searching branch 1
2026-04-23 20:44:46,101 [ genlib ] [ INFO ] Searching order 2
2026-04-23 20:44:46,101 [ genlib ] [ INFO ] Checking atom 1HB
2026-04-23 20:44:46,101 [ genlib ] [ INFO ] Define atom pair: GLN|1HB|HC|H         - > GLU|1HB|HC|H         (d = 0.10 A)
2026-04-23 20:44:46,101 [ genlib ] [ INFO ] Checking atom 2HB
2026-04-23 20:44:46,101 [ genlib ] [ INFO ] Define atom pair: GLN|2HB|HC|H         - > GLU|2HB|HC|H         (d = 0.15 A)
2026-04-23 20:44:46,101 [ genlib ] [ INFO ] Checking atom CG
2026-04-23 20:44:46,101 [ genlib ] [ INFO ] Define atom pair: GLN|CG|2C|C.3        - > GLU|CG|2C|C.3        (d = 0.21 A)
2026-04-23 20:44:46,101 [ genlib ] [ INFO ] Searching order 3
2026-04-23 20:44:46,101 [ genlib ] [ INFO ] Checking atom 1HG
2026-04-23 20:44:46,101 [ genlib ] [ INFO ] Define atom pair: GLN|1HG|HC|H         - > GLU|1HG|HC|H         (d = 0.25 A)
2026-04-23 20:44:46,101 [ genlib ] [ INFO ] Checking atom 2HG
2026-04-23 20:44:46,101 [ genlib ] [ INFO ] Define atom pair: GLN|2HG|HC|H         - > GLU|2HG|HC|H         (d = 0.27 A)
2026-04-23 20:44:46,101 [ genlib ] [ INFO ] Checking atom CD
2026-04-23 20:44:46,101 [ genlib ] [ INFO ] Define atom pair: GLN|CD|C|C.2         - > GLU|CD|CO|C.2        (d = 0.22 A)
2026-04-23 20:44:46,101 [ genlib ] [ INFO ] Searching order 4
2026-04-23 20:44:46,101 [ genlib ] [ INFO ] Checking atom OE1
2026-04-23 20:44:46,101 [ genlib ] [ INFO ] Define atom pair: GLN|OE1|O|O.2        - > GLU|OE1|O2|O.co2     (d = 0.33 A)
2026-04-23 20:44:46,101 [ genlib ] [ INFO ] Checking atom NE2
2026-04-23 20:44:46,101 [ genlib ] [ INFO ] Define atom pair: GLN|NE2|N|N.am       - > GLU|OE2|O2|O.co2     (d = 0.22 A)
2026-04-23 20:44:46,101 [ genlib ] [ INFO ] Searching order 5
2026-04-23 20:44:46,101 [ genlib ] [ INFO ] Checking atom 1HE2
2026-04-23 20:44:46,101 [ genlib ] [ INFO ] No partner found for atom 1HE2
2026-04-23 20:44:46,101 [ genlib ] [ INFO ] Checking atom 2HE2
2026-04-23 20:44:46,101 [ genlib ] [ INFO ] No partner found for atom 2HE2
2026-04-23 20:44:46,101 [ genlib ] [ INFO ] Searching order 6
2026-04-23 20:44:46,101 [ genlib ] [ INFO ] Searching order 7
2026-04-23 20:44:46,101 [ genlib ] [ INFO ] Searching branch 2
2026-04-23 20:44:46,101 [ genlib ] [ INFO ] Searching order 2
2026-04-23 20:44:46,101 [ genlib ] [ INFO ] Searching order 3
2026-04-23 20:44:46,101 [ genlib ] [ INFO ] Searching order 4
2026-04-23 20:44:46,101 [ genlib ] [ INFO ] Searching order 5
2026-04-23 20:44:46,101 [ genlib ] [ INFO ] Checking atom 1HE2
2026-04-23 20:44:46,101 [ genlib ] [ INFO ] No partner found for atom 1HE2
2026-04-23 20:44:46,101 [ genlib ] [ INFO ] Checking atom 2HE2
2026-04-23 20:44:46,101 [ genlib ] [ INFO ] No partner found for atom 2HE2
2026-04-23 20:44:46,101 [ genlib ] [ INFO ] Searching order 6
2026-04-23 20:44:46,101 [ genlib ] [ INFO ] Searching order 7
2026-04-23 20:44:46,101 [ genlib ] [ INFO ] Updating bond lists
2026-04-23 20:44:46,101 [ genlib ] [ INFO ] Updating dihedrals
2026-04-23 20:44:46,101 [ genlib ] [ INFO ] Updating impropers
2026-04-23 20:44:46,101 [ genlib ] [ WARNING ] undefined
2026-04-23 20:44:46,101 [ genlib ] [ WARNING ] undefined
2026-04-23 20:44:46,102 [ genlib ] [ INFO ] Building library files for GLN --> GLY mutant
2026-04-23 20:44:46,102 [ genlib ] [ INFO ] reading rtp file "aminoacids.rtp"
2026-04-23 20:44:46,136 [ genlib ] [ INFO ] ENTERED G
2026-04-23 20:44:46,136 [ genlib ] [ INFO ] Making atom pairs
2026-04-23 20:44:46,137 [ genlib ] [ INFO ] Updating bond lists
2026-04-23 20:44:46,137 [ genlib ] [ INFO ] Updating dihedrals
2026-04-23 20:44:46,137 [ genlib ] [ INFO ] Updating impropers
2026-04-23 20:44:46,138 [ genlib ] [ INFO ] Building library files for GLN --> HID mutant
2026-04-23 20:44:46,138 [ genlib ] [ INFO ] reading rtp file "aminoacids.rtp"
2026-04-23 20:44:46,173 [ genlib ] [ INFO ] ENTERED RINGS
2026-04-23 20:44:46,173 [ genlib ] [ INFO ] Making atom pairs
2026-04-23 20:44:46,176 [ genlib ] [ INFO ] Updating bond lists
2026-04-23 20:44:46,176 [ genlib ] [ INFO ] Updating dihedrals
2026-04-23 20:44:46,176 [ genlib ] [ INFO ] Updating impropers
2026-04-23 20:44:46,176 [ genlib ] [ INFO ] Building library files for GLN --> HIE mutant
2026-04-23 20:44:46,177 [ genlib ] [ INFO ] reading rtp file "aminoacids.rtp"
2026-04-23 20:44:46,211 [ genlib ] [ INFO ] ENTERED RINGS
2026-04-23 20:44:46,211 [ genlib ] [ INFO ] Making atom pairs
2026-04-23 20:44:46,214 [ genlib ] [ INFO ] Updating bond lists
2026-04-23 20:44:46,214 [ genlib ] [ INFO ] Updating dihedrals
2026-04-23 20:44:46,214 [ genlib ] [ INFO ] Updating impropers
2026-04-23 20:44:46,215 [ genlib ] [ INFO ] Building library files for GLN --> HIP mutant
2026-04-23 20:44:46,215 [ genlib ] [ INFO ] reading rtp file "aminoacids.rtp"
2026-04-23 20:44:46,249 [ genlib ] [ INFO ] ENTERED RINGS
2026-04-23 20:44:46,250 [ genlib ] [ INFO ] Making atom pairs
2026-04-23 20:44:46,253 [ genlib ] [ INFO ] Updating bond lists
2026-04-23 20:44:46,253 [ genlib ] [ INFO ] Updating dihedrals
2026-04-23 20:44:46,253 [ genlib ] [ INFO ] Updating impropers
2026-04-23 20:44:46,253 [ genlib ] [ INFO ] Building library files for GLN --> ILE mutant
2026-04-23 20:44:46,254 [ genlib ] [ INFO ] reading rtp file "aminoacids.rtp"
2026-04-23 20:44:46,289 [ genlib ] [ INFO ] ENTERED SIMPLE
2026-04-23 20:44:46,289 [ genlib ] [ INFO ] Making atom pairs
2026-04-23 20:44:46,289 [ genlib ] [ INFO ] Searching branch 1
2026-04-23 20:44:46,289 [ genlib ] [ INFO ] Searching order 2
2026-04-23 20:44:46,289 [ genlib ] [ INFO ] Checking atom 1HB
2026-04-23 20:44:46,289 [ genlib ] [ INFO ] Define atom pair: GLN|1HB|HC|H         - > ILE|HB|HC|H          (d = 0.08 A)
2026-04-23 20:44:46,289 [ genlib ] [ INFO ] Checking atom 2HB
2026-04-23 20:44:46,289 [ genlib ] [ INFO ] Define atom pair: GLN|2HB|HC|H         - > ILE|CG2|CT|C.3       (d = 0.49 A)
2026-04-23 20:44:46,289 [ genlib ] [ INFO ] Checking atom CG
2026-04-23 20:44:46,289 [ genlib ] [ INFO ] Define atom pair: GLN|CG|2C|C.3        - > ILE|CG1|2C|C.3       (d = 0.09 A)
2026-04-23 20:44:46,289 [ genlib ] [ INFO ] Searching order 3
2026-04-23 20:44:46,289 [ genlib ] [ INFO ] Checking atom 1HG
2026-04-23 20:44:46,289 [ genlib ] [ INFO ] Define atom pair: GLN|1HG|HC|H         - > ILE|1HG1|HC|H        (d = 0.13 A)
2026-04-23 20:44:46,289 [ genlib ] [ INFO ] Checking atom 2HG
2026-04-23 20:44:46,289 [ genlib ] [ INFO ] Define atom pair: GLN|2HG|HC|H         - > ILE|2HG1|HC|H        (d = 0.08 A)
2026-04-23 20:44:46,289 [ genlib ] [ INFO ] Checking atom CD
2026-04-23 20:44:46,289 [ genlib ] [ INFO ] Define atom pair: GLN|CD|C|C.2         - > ILE|CD1|CT|C.3       (d = 0.08 A)
2026-04-23 20:44:46,289 [ genlib ] [ INFO ] Searching order 4
2026-04-23 20:44:46,289 [ genlib ] [ INFO ] Checking atom OE1
2026-04-23 20:44:46,289 [ genlib ] [ INFO ] Define atom pair: GLN|OE1|O|O.2        - > ILE|1HD1|HC|H        (d = 0.31 A)
2026-04-23 20:44:46,289 [ genlib ] [ INFO ] Checking atom NE2
2026-04-23 20:44:46,289 [ genlib ] [ INFO ] No partner found for atom NE2
2026-04-23 20:44:46,289 [ genlib ] [ INFO ] Searching order 5
2026-04-23 20:44:46,289 [ genlib ] [ INFO ] Searching order 6
2026-04-23 20:44:46,289 [ genlib ] [ INFO ] Searching order 7
2026-04-23 20:44:46,289 [ genlib ] [ INFO ] Searching branch 2
2026-04-23 20:44:46,289 [ genlib ] [ INFO ] Searching order 2
2026-04-23 20:44:46,289 [ genlib ] [ INFO ] Searching order 3
2026-04-23 20:44:46,289 [ genlib ] [ INFO ] Searching order 4
2026-04-23 20:44:46,289 [ genlib ] [ INFO ] Checking atom NE2
2026-04-23 20:44:46,289 [ genlib ] [ INFO ] No partner found for atom NE2
2026-04-23 20:44:46,289 [ genlib ] [ INFO ] Searching order 5
2026-04-23 20:44:46,289 [ genlib ] [ INFO ] Searching order 6
2026-04-23 20:44:46,289 [ genlib ] [ INFO ] Searching order 7
2026-04-23 20:44:46,291 [ genlib ] [ INFO ] Updating bond lists
2026-04-23 20:44:46,291 [ genlib ] [ INFO ] Updating dihedrals
2026-04-23 20:44:46,291 [ genlib ] [ INFO ] Updating impropers
2026-04-23 20:44:46,292 [ genlib ] [ INFO ] Building library files for GLN --> LEU mutant
2026-04-23 20:44:46,293 [ genlib ] [ INFO ] reading rtp file "aminoacids.rtp"
2026-04-23 20:44:46,328 [ genlib ] [ INFO ] ENTERED SIMPLE
2026-04-23 20:44:46,328 [ genlib ] [ INFO ] Making atom pairs
2026-04-23 20:44:46,328 [ genlib ] [ INFO ] Searching branch 1
2026-04-23 20:44:46,328 [ genlib ] [ INFO ] Searching order 2
2026-04-23 20:44:46,328 [ genlib ] [ INFO ] Checking atom 1HB
2026-04-23 20:44:46,328 [ genlib ] [ INFO ] Define atom pair: GLN|1HB|HC|H         - > LEU|1HB|HC|H         (d = 0.08 A)
2026-04-23 20:44:46,328 [ genlib ] [ INFO ] Checking atom 2HB
2026-04-23 20:44:46,328 [ genlib ] [ INFO ] Define atom pair: GLN|2HB|HC|H         - > LEU|2HB|HC|H         (d = 0.07 A)
2026-04-23 20:44:46,328 [ genlib ] [ INFO ] Checking atom CG
2026-04-23 20:44:46,328 [ genlib ] [ INFO ] Define atom pair: GLN|CG|2C|C.3        - > LEU|CG|3C|C.3        (d = 0.14 A)
2026-04-23 20:44:46,328 [ genlib ] [ INFO ] Searching order 3
2026-04-23 20:44:46,328 [ genlib ] [ INFO ] Checking atom 1HG
2026-04-23 20:44:46,328 [ genlib ] [ INFO ] Define atom pair: GLN|1HG|HC|H         - > LEU|CD2|CT|C.3       (d = 0.52 A)
2026-04-23 20:44:46,328 [ genlib ] [ INFO ] Checking atom 2HG
2026-04-23 20:44:46,328 [ genlib ] [ INFO ] Define atom pair: GLN|2HG|HC|H         - > LEU|HG|HC|H          (d = 0.16 A)
2026-04-23 20:44:46,328 [ genlib ] [ INFO ] Checking atom CD
2026-04-23 20:44:46,328 [ genlib ] [ INFO ] Define atom pair: GLN|CD|C|C.2         - > LEU|CD1|CT|C.3       (d = 0.14 A)
2026-04-23 20:44:46,328 [ genlib ] [ INFO ] Searching order 4
2026-04-23 20:44:46,328 [ genlib ] [ INFO ] Checking atom OE1
2026-04-23 20:44:46,328 [ genlib ] [ INFO ] Define atom pair: GLN|OE1|O|O.2        - > LEU|1HD1|HC|H        (d = 0.35 A)
2026-04-23 20:44:46,328 [ genlib ] [ INFO ] Checking atom NE2
2026-04-23 20:44:46,328 [ genlib ] [ INFO ] No partner found for atom NE2
2026-04-23 20:44:46,328 [ genlib ] [ INFO ] Searching order 5
2026-04-23 20:44:46,328 [ genlib ] [ INFO ] Searching order 6
2026-04-23 20:44:46,328 [ genlib ] [ INFO ] Searching order 7
2026-04-23 20:44:46,328 [ genlib ] [ INFO ] Searching branch 2
2026-04-23 20:44:46,328 [ genlib ] [ INFO ] Searching order 2
2026-04-23 20:44:46,328 [ genlib ] [ INFO ] Searching order 3
2026-04-23 20:44:46,328 [ genlib ] [ INFO ] Searching order 4
2026-04-23 20:44:46,328 [ genlib ] [ INFO ] Checking atom NE2
2026-04-23 20:44:46,328 [ genlib ] [ INFO ] No partner found for atom NE2
2026-04-23 20:44:46,328 [ genlib ] [ INFO ] Searching order 5
2026-04-23 20:44:46,328 [ genlib ] [ INFO ] Searching order 6
2026-04-23 20:44:46,328 [ genlib ] [ INFO ] Searching order 7
2026-04-23 20:44:46,330 [ genlib ] [ INFO ] Updating bond lists
2026-04-23 20:44:46,330 [ genlib ] [ INFO ] Updating dihedrals
2026-04-23 20:44:46,330 [ genlib ] [ INFO ] Updating impropers
2026-04-23 20:44:46,331 [ genlib ] [ INFO ] Building library files for GLN --> LYN mutant
2026-04-23 20:44:46,331 [ genlib ] [ INFO ] reading rtp file "aminoacids.rtp"
2026-04-23 20:44:46,366 [ genlib ] [ INFO ] ENTERED SIMPLE
2026-04-23 20:44:46,366 [ genlib ] [ INFO ] Making atom pairs
2026-04-23 20:44:46,366 [ genlib ] [ INFO ] Searching branch 1
2026-04-23 20:44:46,366 [ genlib ] [ INFO ] Searching order 2
2026-04-23 20:44:46,366 [ genlib ] [ INFO ] Checking atom 1HB
2026-04-23 20:44:46,366 [ genlib ] [ INFO ] Define atom pair: GLN|1HB|HC|H         - > LYN|1HB|HC|H         (d = 0.10 A)
2026-04-23 20:44:46,366 [ genlib ] [ INFO ] Checking atom 2HB
2026-04-23 20:44:46,366 [ genlib ] [ INFO ] Define atom pair: GLN|2HB|HC|H         - > LYN|2HB|HC|H         (d = 0.13 A)
2026-04-23 20:44:46,366 [ genlib ] [ INFO ] Checking atom CG
2026-04-23 20:44:46,366 [ genlib ] [ INFO ] Define atom pair: GLN|CG|2C|C.3        - > LYN|CG|CT|C.3        (d = 0.04 A)
2026-04-23 20:44:46,366 [ genlib ] [ INFO ] Searching order 3
2026-04-23 20:44:46,366 [ genlib ] [ INFO ] Checking atom 1HG
2026-04-23 20:44:46,366 [ genlib ] [ INFO ] Define atom pair: GLN|1HG|HC|H         - > LYN|1HG|HC|H         (d = 0.07 A)
2026-04-23 20:44:46,366 [ genlib ] [ INFO ] Checking atom 2HG
2026-04-23 20:44:46,366 [ genlib ] [ INFO ] Define atom pair: GLN|2HG|HC|H         - > LYN|2HG|HC|H         (d = 0.10 A)
2026-04-23 20:44:46,366 [ genlib ] [ INFO ] Checking atom CD
2026-04-23 20:44:46,366 [ genlib ] [ INFO ] Define atom pair: GLN|CD|C|C.2         - > LYN|CD|CT|C.3        (d = 0.06 A)
2026-04-23 20:44:46,366 [ genlib ] [ INFO ] Searching order 4
2026-04-23 20:44:46,366 [ genlib ] [ INFO ] Checking atom OE1
2026-04-23 20:44:46,366 [ genlib ] [ INFO ] Define atom pair: GLN|OE1|O|O.2        - > LYN|CE|CT|C.3        (d = 0.30 A)
2026-04-23 20:44:46,366 [ genlib ] [ INFO ] Checking atom NE2
2026-04-23 20:44:46,366 [ genlib ] [ INFO ] No partner found for atom NE2
2026-04-23 20:44:46,366 [ genlib ] [ INFO ] Searching order 5
2026-04-23 20:44:46,366 [ genlib ] [ INFO ] Searching order 6
2026-04-23 20:44:46,366 [ genlib ] [ INFO ] Searching order 7
2026-04-23 20:44:46,366 [ genlib ] [ INFO ] Searching branch 2
2026-04-23 20:44:46,366 [ genlib ] [ INFO ] Searching order 2
2026-04-23 20:44:46,366 [ genlib ] [ INFO ] Searching order 3
2026-04-23 20:44:46,366 [ genlib ] [ INFO ] Searching order 4
2026-04-23 20:44:46,366 [ genlib ] [ INFO ] Checking atom NE2
2026-04-23 20:44:46,366 [ genlib ] [ INFO ] No partner found for atom NE2
2026-04-23 20:44:46,366 [ genlib ] [ INFO ] Searching order 5
2026-04-23 20:44:46,366 [ genlib ] [ INFO ] Searching order 6
2026-04-23 20:44:46,366 [ genlib ] [ INFO ] Searching order 7
2026-04-23 20:44:46,369 [ genlib ] [ INFO ] Updating bond lists
2026-04-23 20:44:46,369 [ genlib ] [ INFO ] Updating dihedrals
2026-04-23 20:44:46,369 [ genlib ] [ INFO ] Updating impropers
2026-04-23 20:44:46,370 [ genlib ] [ INFO ] Building library files for GLN --> LYS mutant
2026-04-23 20:44:46,370 [ genlib ] [ INFO ] reading rtp file "aminoacids.rtp"
2026-04-23 20:44:46,405 [ genlib ] [ INFO ] ENTERED SIMPLE
2026-04-23 20:44:46,405 [ genlib ] [ INFO ] Making atom pairs
2026-04-23 20:44:46,405 [ genlib ] [ INFO ] Searching branch 1
2026-04-23 20:44:46,405 [ genlib ] [ INFO ] Searching order 2
2026-04-23 20:44:46,405 [ genlib ] [ INFO ] Checking atom 1HB
2026-04-23 20:44:46,405 [ genlib ] [ INFO ] Define atom pair: GLN|1HB|HC|H         - > LYS|1HB|HC|H         (d = 0.02 A)
2026-04-23 20:44:46,405 [ genlib ] [ INFO ] Checking atom 2HB
2026-04-23 20:44:46,405 [ genlib ] [ INFO ] Define atom pair: GLN|2HB|HC|H         - > LYS|2HB|HC|H         (d = 0.04 A)
2026-04-23 20:44:46,405 [ genlib ] [ INFO ] Checking atom CG
2026-04-23 20:44:46,405 [ genlib ] [ INFO ] Define atom pair: GLN|CG|2C|C.3        - > LYS|CG|C8|C.3        (d = 0.04 A)
2026-04-23 20:44:46,405 [ genlib ] [ INFO ] Searching order 3
2026-04-23 20:44:46,405 [ genlib ] [ INFO ] Checking atom 1HG
2026-04-23 20:44:46,405 [ genlib ] [ INFO ] Define atom pair: GLN|1HG|HC|H         - > LYS|1HG|HC|H         (d = 0.06 A)
2026-04-23 20:44:46,405 [ genlib ] [ INFO ] Checking atom 2HG
2026-04-23 20:44:46,405 [ genlib ] [ INFO ] Define atom pair: GLN|2HG|HC|H         - > LYS|2HG|HC|H         (d = 0.06 A)
2026-04-23 20:44:46,405 [ genlib ] [ INFO ] Checking atom CD
2026-04-23 20:44:46,405 [ genlib ] [ INFO ] Define atom pair: GLN|CD|C|C.2         - > LYS|CD|C8|C.3        (d = 0.03 A)
2026-04-23 20:44:46,405 [ genlib ] [ INFO ] Searching order 4
2026-04-23 20:44:46,405 [ genlib ] [ INFO ] Checking atom OE1
2026-04-23 20:44:46,405 [ genlib ] [ INFO ] Define atom pair: GLN|OE1|O|O.2        - > LYS|CE|C8|C.3        (d = 0.34 A)
2026-04-23 20:44:46,405 [ genlib ] [ INFO ] Checking atom NE2
2026-04-23 20:44:46,405 [ genlib ] [ INFO ] No partner found for atom NE2
2026-04-23 20:44:46,405 [ genlib ] [ INFO ] Searching order 5
2026-04-23 20:44:46,405 [ genlib ] [ INFO ] Searching order 6
2026-04-23 20:44:46,405 [ genlib ] [ INFO ] Searching order 7
2026-04-23 20:44:46,405 [ genlib ] [ INFO ] Searching branch 2
2026-04-23 20:44:46,405 [ genlib ] [ INFO ] Searching order 2
2026-04-23 20:44:46,405 [ genlib ] [ INFO ] Searching order 3
2026-04-23 20:44:46,405 [ genlib ] [ INFO ] Searching order 4
2026-04-23 20:44:46,405 [ genlib ] [ INFO ] Checking atom NE2
2026-04-23 20:44:46,405 [ genlib ] [ INFO ] No partner found for atom NE2
2026-04-23 20:44:46,405 [ genlib ] [ INFO ] Searching order 5
2026-04-23 20:44:46,405 [ genlib ] [ INFO ] Searching order 6
2026-04-23 20:44:46,405 [ genlib ] [ INFO ] Searching order 7
2026-04-23 20:44:46,410 [ genlib ] [ INFO ] Updating bond lists
2026-04-23 20:44:46,410 [ genlib ] [ INFO ] Updating dihedrals
2026-04-23 20:44:46,410 [ genlib ] [ INFO ] Updating impropers
2026-04-23 20:44:46,410 [ genlib ] [ INFO ] Building library files for GLN --> MET mutant
2026-04-23 20:44:46,411 [ genlib ] [ INFO ] reading rtp file "aminoacids.rtp"
2026-04-23 20:44:46,446 [ genlib ] [ INFO ] ENTERED SIMPLE
2026-04-23 20:44:46,446 [ genlib ] [ INFO ] Making atom pairs
2026-04-23 20:44:46,446 [ genlib ] [ INFO ] Searching branch 1
2026-04-23 20:44:46,446 [ genlib ] [ INFO ] Searching order 2
2026-04-23 20:44:46,446 [ genlib ] [ INFO ] Checking atom 1HB
2026-04-23 20:44:46,446 [ genlib ] [ INFO ] Define atom pair: GLN|1HB|HC|H         - > MET|1HB|HC|H         (d = 0.05 A)
2026-04-23 20:44:46,446 [ genlib ] [ INFO ] Checking atom 2HB
2026-04-23 20:44:46,446 [ genlib ] [ INFO ] Define atom pair: GLN|2HB|HC|H         - > MET|2HB|HC|H         (d = 0.04 A)
2026-04-23 20:44:46,446 [ genlib ] [ INFO ] Checking atom CG
2026-04-23 20:44:46,446 [ genlib ] [ INFO ] Define atom pair: GLN|CG|2C|C.3        - > MET|CG|2C|C.3        (d = 0.07 A)
2026-04-23 20:44:46,446 [ genlib ] [ INFO ] Searching order 3
2026-04-23 20:44:46,446 [ genlib ] [ INFO ] Checking atom 1HG
2026-04-23 20:44:46,446 [ genlib ] [ INFO ] Define atom pair: GLN|1HG|HC|H         - > MET|1HG|H1|H         (d = 0.11 A)
2026-04-23 20:44:46,446 [ genlib ] [ INFO ] Checking atom 2HG
2026-04-23 20:44:46,446 [ genlib ] [ INFO ] Define atom pair: GLN|2HG|HC|H         - > MET|2HG|H1|H         (d = 0.10 A)
2026-04-23 20:44:46,446 [ genlib ] [ INFO ] Checking atom CD
2026-04-23 20:44:46,446 [ genlib ] [ INFO ] Define atom pair: GLN|CD|C|C.2         - > MET|SD|S|S.3         (d = 0.23 A)
2026-04-23 20:44:46,446 [ genlib ] [ INFO ] Searching order 4
2026-04-23 20:44:46,446 [ genlib ] [ INFO ] Checking atom OE1
2026-04-23 20:44:46,446 [ genlib ] [ INFO ] No partner found for atom OE1
2026-04-23 20:44:46,446 [ genlib ] [ INFO ] Checking atom NE2
2026-04-23 20:44:46,446 [ genlib ] [ INFO ] No partner found for atom NE2
2026-04-23 20:44:46,446 [ genlib ] [ INFO ] Searching order 5
2026-04-23 20:44:46,446 [ genlib ] [ INFO ] Searching order 6
2026-04-23 20:44:46,446 [ genlib ] [ INFO ] Searching order 7
2026-04-23 20:44:46,446 [ genlib ] [ INFO ] Searching branch 2
2026-04-23 20:44:46,446 [ genlib ] [ INFO ] Searching order 2
2026-04-23 20:44:46,446 [ genlib ] [ INFO ] Searching order 3
2026-04-23 20:44:46,446 [ genlib ] [ INFO ] Searching order 4
2026-04-23 20:44:46,446 [ genlib ] [ INFO ] Checking atom OE1
2026-04-23 20:44:46,446 [ genlib ] [ INFO ] No partner found for atom OE1
2026-04-23 20:44:46,446 [ genlib ] [ INFO ] Checking atom NE2
2026-04-23 20:44:46,446 [ genlib ] [ INFO ] No partner found for atom NE2
2026-04-23 20:44:46,446 [ genlib ] [ INFO ] Searching order 5
2026-04-23 20:44:46,446 [ genlib ] [ INFO ] Searching order 6
2026-04-23 20:44:46,446 [ genlib ] [ INFO ] Searching order 7
2026-04-23 20:44:46,448 [ genlib ] [ INFO ] Updating bond lists
2026-04-23 20:44:46,448 [ genlib ] [ INFO ] Updating dihedrals
2026-04-23 20:44:46,448 [ genlib ] [ INFO ] Updating impropers
2026-04-23 20:44:46,448 [ genlib ] [ INFO ] Building library files for GLN --> PHE mutant
2026-04-23 20:44:46,449 [ genlib ] [ INFO ] reading rtp file "aminoacids.rtp"
2026-04-23 20:44:46,484 [ genlib ] [ INFO ] ENTERED RINGS
2026-04-23 20:44:46,484 [ genlib ] [ INFO ] Making atom pairs
2026-04-23 20:44:46,488 [ genlib ] [ INFO ] Updating bond lists
2026-04-23 20:44:46,488 [ genlib ] [ INFO ] Updating dihedrals
2026-04-23 20:44:46,488 [ genlib ] [ INFO ] Updating impropers
2026-04-23 20:44:46,488 [ genlib ] [ INFO ] Building library files for GLN --> PRO mutant
2026-04-23 20:44:46,489 [ genlib ] [ INFO ] reading rtp file "aminoacids.rtp"
2026-04-23 20:44:46,523 [ genlib ] [ INFO ] ENTERED P
2026-04-23 20:44:46,523 [ genlib ] [ INFO ] Making atom pairs
2026-04-23 20:44:46,526 [ genlib ] [ INFO ] Updating bond lists
2026-04-23 20:44:46,526 [ genlib ] [ INFO ] Updating dihedrals
2026-04-23 20:44:46,526 [ genlib ] [ INFO ] Updating impropers
2026-04-23 20:44:46,526 [ genlib ] [ INFO ] Building library files for GLN --> SER mutant
2026-04-23 20:44:46,527 [ genlib ] [ INFO ] reading rtp file "aminoacids.rtp"
2026-04-23 20:44:46,561 [ genlib ] [ INFO ] ENTERED SIMPLE
2026-04-23 20:44:46,561 [ genlib ] [ INFO ] Making atom pairs
2026-04-23 20:44:46,561 [ genlib ] [ INFO ] Searching branch 1
2026-04-23 20:44:46,561 [ genlib ] [ INFO ] Searching order 2
2026-04-23 20:44:46,561 [ genlib ] [ INFO ] Checking atom 1HB
2026-04-23 20:44:46,561 [ genlib ] [ INFO ] Define atom pair: GLN|1HB|HC|H         - > SER|1HB|H1|H         (d = 0.05 A)
2026-04-23 20:44:46,561 [ genlib ] [ INFO ] Checking atom 2HB
2026-04-23 20:44:46,561 [ genlib ] [ INFO ] Define atom pair: GLN|2HB|HC|H         - > SER|2HB|H1|H         (d = 0.06 A)
2026-04-23 20:44:46,561 [ genlib ] [ INFO ] Checking atom CG
2026-04-23 20:44:46,561 [ genlib ] [ INFO ] Define atom pair: GLN|CG|2C|C.3        - > SER|OG|OH|O.3        (d = 0.19 A)
2026-04-23 20:44:46,561 [ genlib ] [ INFO ] Searching order 3
2026-04-23 20:44:46,561 [ genlib ] [ INFO ] Checking atom 1HG
2026-04-23 20:44:46,561 [ genlib ] [ INFO ] No partner found for atom 1HG
2026-04-23 20:44:46,561 [ genlib ] [ INFO ] Checking atom 2HG
2026-04-23 20:44:46,561 [ genlib ] [ INFO ] No partner found for atom 2HG
2026-04-23 20:44:46,561 [ genlib ] [ INFO ] Checking atom CD
2026-04-23 20:44:46,561 [ genlib ] [ INFO ] No partner found for atom CD
2026-04-23 20:44:46,562 [ genlib ] [ INFO ] Searching order 4
2026-04-23 20:44:46,562 [ genlib ] [ INFO ] Searching order 5
2026-04-23 20:44:46,562 [ genlib ] [ INFO ] Searching order 6
2026-04-23 20:44:46,562 [ genlib ] [ INFO ] Searching order 7
2026-04-23 20:44:46,562 [ genlib ] [ INFO ] Searching branch 2
2026-04-23 20:44:46,562 [ genlib ] [ INFO ] Searching order 2
2026-04-23 20:44:46,562 [ genlib ] [ INFO ] Searching order 3
2026-04-23 20:44:46,562 [ genlib ] [ INFO ] Checking atom 1HG
2026-04-23 20:44:46,562 [ genlib ] [ INFO ] No partner found for atom 1HG
2026-04-23 20:44:46,562 [ genlib ] [ INFO ] Checking atom 2HG
2026-04-23 20:44:46,562 [ genlib ] [ INFO ] No partner found for atom 2HG
2026-04-23 20:44:46,562 [ genlib ] [ INFO ] Checking atom CD
2026-04-23 20:44:46,562 [ genlib ] [ INFO ] No partner found for atom CD
2026-04-23 20:44:46,562 [ genlib ] [ INFO ] Searching order 4
2026-04-23 20:44:46,562 [ genlib ] [ INFO ] Searching order 5
2026-04-23 20:44:46,562 [ genlib ] [ INFO ] Searching order 6
2026-04-23 20:44:46,562 [ genlib ] [ INFO ] Searching order 7
2026-04-23 20:44:46,562 [ genlib ] [ INFO ] Updating bond lists
2026-04-23 20:44:46,562 [ genlib ] [ INFO ] Updating dihedrals
2026-04-23 20:44:46,562 [ genlib ] [ INFO ] Updating impropers
2026-04-23 20:44:46,563 [ genlib ] [ INFO ] Building library files for GLN --> THR mutant
2026-04-23 20:44:46,563 [ genlib ] [ INFO ] reading rtp file "aminoacids.rtp"
2026-04-23 20:44:46,599 [ genlib ] [ INFO ] ENTERED SIMPLE
2026-04-23 20:44:46,599 [ genlib ] [ INFO ] Making atom pairs
2026-04-23 20:44:46,599 [ genlib ] [ INFO ] Searching branch 1
2026-04-23 20:44:46,599 [ genlib ] [ INFO ] Searching order 2
2026-04-23 20:44:46,599 [ genlib ] [ INFO ] Checking atom 1HB
2026-04-23 20:44:46,599 [ genlib ] [ INFO ] Define atom pair: GLN|1HB|HC|H         - > THR|HB|H1|H          (d = 0.06 A)
2026-04-23 20:44:46,599 [ genlib ] [ INFO ] Checking atom 2HB
2026-04-23 20:44:46,599 [ genlib ] [ INFO ] Define atom pair: GLN|2HB|HC|H         - > THR|CG2|CT|C.3       (d = 0.47 A)
2026-04-23 20:44:46,599 [ genlib ] [ INFO ] Checking atom CG
2026-04-23 20:44:46,599 [ genlib ] [ INFO ] Define atom pair: GLN|CG|2C|C.3        - > THR|OG1|OH|O.3       (d = 0.19 A)
2026-04-23 20:44:46,599 [ genlib ] [ INFO ] Searching order 3
2026-04-23 20:44:46,599 [ genlib ] [ INFO ] Checking atom 1HG
2026-04-23 20:44:46,599 [ genlib ] [ INFO ] No partner found for atom 1HG
2026-04-23 20:44:46,599 [ genlib ] [ INFO ] Checking atom 2HG
2026-04-23 20:44:46,599 [ genlib ] [ INFO ] No partner found for atom 2HG
2026-04-23 20:44:46,599 [ genlib ] [ INFO ] Checking atom CD
2026-04-23 20:44:46,599 [ genlib ] [ INFO ] No partner found for atom CD
2026-04-23 20:44:46,599 [ genlib ] [ INFO ] Searching order 4
2026-04-23 20:44:46,599 [ genlib ] [ INFO ] Searching order 5
2026-04-23 20:44:46,599 [ genlib ] [ INFO ] Searching order 6
2026-04-23 20:44:46,599 [ genlib ] [ INFO ] Searching order 7
2026-04-23 20:44:46,599 [ genlib ] [ INFO ] Searching branch 2
2026-04-23 20:44:46,599 [ genlib ] [ INFO ] Searching order 2
2026-04-23 20:44:46,599 [ genlib ] [ INFO ] Searching order 3
2026-04-23 20:44:46,599 [ genlib ] [ INFO ] Checking atom 1HG
2026-04-23 20:44:46,599 [ genlib ] [ INFO ] No partner found for atom 1HG
2026-04-23 20:44:46,599 [ genlib ] [ INFO ] Checking atom 2HG
2026-04-23 20:44:46,599 [ genlib ] [ INFO ] No partner found for atom 2HG
2026-04-23 20:44:46,599 [ genlib ] [ INFO ] Checking atom CD
2026-04-23 20:44:46,599 [ genlib ] [ INFO ] No partner found for atom CD
2026-04-23 20:44:46,599 [ genlib ] [ INFO ] Searching order 4
2026-04-23 20:44:46,599 [ genlib ] [ INFO ] Searching order 5
2026-04-23 20:44:46,599 [ genlib ] [ INFO ] Searching order 6
2026-04-23 20:44:46,599 [ genlib ] [ INFO ] Searching order 7
2026-04-23 20:44:46,601 [ genlib ] [ INFO ] Updating bond lists
2026-04-23 20:44:46,601 [ genlib ] [ INFO ] Updating dihedrals
2026-04-23 20:44:46,601 [ genlib ] [ INFO ] Updating impropers
2026-04-23 20:44:46,601 [ genlib ] [ INFO ] Building library files for GLN --> TRP mutant
2026-04-23 20:44:46,602 [ genlib ] [ INFO ] reading rtp file "aminoacids.rtp"
2026-04-23 20:44:46,637 [ genlib ] [ INFO ] ENTERED RINGS
2026-04-23 20:44:46,637 [ genlib ] [ INFO ] Making atom pairs
2026-04-23 20:44:46,644 [ genlib ] [ INFO ] Updating bond lists
2026-04-23 20:44:46,644 [ genlib ] [ INFO ] Updating dihedrals
2026-04-23 20:44:46,644 [ genlib ] [ INFO ] Updating impropers
2026-04-23 20:44:46,645 [ genlib ] [ INFO ] Building library files for GLN --> TYR mutant
2026-04-23 20:44:46,645 [ genlib ] [ INFO ] reading rtp file "aminoacids.rtp"
2026-04-23 20:44:46,680 [ genlib ] [ INFO ] ENTERED RINGS
2026-04-23 20:44:46,680 [ genlib ] [ INFO ] Making atom pairs
2026-04-23 20:44:46,685 [ genlib ] [ INFO ] Updating bond lists
2026-04-23 20:44:46,685 [ genlib ] [ INFO ] Updating dihedrals
2026-04-23 20:44:46,685 [ genlib ] [ INFO ] Updating impropers
2026-04-23 20:44:46,686 [ genlib ] [ INFO ] Building library files for GLN --> VAL mutant
2026-04-23 20:44:46,686 [ genlib ] [ INFO ] reading rtp file "aminoacids.rtp"
2026-04-23 20:44:46,721 [ genlib ] [ INFO ] ENTERED SIMPLE
2026-04-23 20:44:46,721 [ genlib ] [ INFO ] Making atom pairs
2026-04-23 20:44:46,721 [ genlib ] [ INFO ] Searching branch 1
2026-04-23 20:44:46,721 [ genlib ] [ INFO ] Searching order 2
2026-04-23 20:44:46,721 [ genlib ] [ INFO ] Checking atom 1HB
2026-04-23 20:44:46,721 [ genlib ] [ INFO ] Define atom pair: GLN|1HB|HC|H         - > VAL|HB|HC|H          (d = 0.01 A)
2026-04-23 20:44:46,721 [ genlib ] [ INFO ] Checking atom 2HB
2026-04-23 20:44:46,721 [ genlib ] [ INFO ] Define atom pair: GLN|2HB|HC|H         - > VAL|CG1|CT|C.3       (d = 0.52 A)
2026-04-23 20:44:46,721 [ genlib ] [ INFO ] Checking atom CG
2026-04-23 20:44:46,721 [ genlib ] [ INFO ] Define atom pair: GLN|CG|2C|C.3        - > VAL|CG2|CT|C.3       (d = 0.09 A)
2026-04-23 20:44:46,721 [ genlib ] [ INFO ] Searching order 3
2026-04-23 20:44:46,721 [ genlib ] [ INFO ] Checking atom 1HG
2026-04-23 20:44:46,721 [ genlib ] [ INFO ] Define atom pair: GLN|1HG|HC|H         - > VAL|2HG2|HC|H        (d = 0.10 A)
2026-04-23 20:44:46,721 [ genlib ] [ INFO ] Checking atom 2HG
2026-04-23 20:44:46,721 [ genlib ] [ INFO ] Define atom pair: GLN|2HG|HC|H         - > VAL|3HG2|HC|H        (d = 0.15 A)
2026-04-23 20:44:46,721 [ genlib ] [ INFO ] Checking atom CD
2026-04-23 20:44:46,721 [ genlib ] [ INFO ] Define atom pair: GLN|CD|C|C.2         - > VAL|1HG2|HC|H        (d = 0.46 A)
2026-04-23 20:44:46,721 [ genlib ] [ INFO ] Searching order 4
2026-04-23 20:44:46,721 [ genlib ] [ INFO ] Checking atom OE1
2026-04-23 20:44:46,721 [ genlib ] [ INFO ] No partner found for atom OE1
2026-04-23 20:44:46,721 [ genlib ] [ INFO ] Checking atom NE2
2026-04-23 20:44:46,721 [ genlib ] [ INFO ] No partner found for atom NE2
2026-04-23 20:44:46,721 [ genlib ] [ INFO ] Searching order 5
2026-04-23 20:44:46,721 [ genlib ] [ INFO ] Searching order 6
2026-04-23 20:44:46,721 [ genlib ] [ INFO ] Searching order 7
2026-04-23 20:44:46,721 [ genlib ] [ INFO ] Searching branch 2
2026-04-23 20:44:46,721 [ genlib ] [ INFO ] Searching order 2
2026-04-23 20:44:46,721 [ genlib ] [ INFO ] Searching order 3
2026-04-23 20:44:46,721 [ genlib ] [ INFO ] Searching order 4
2026-04-23 20:44:46,721 [ genlib ] [ INFO ] Checking atom OE1
2026-04-23 20:44:46,721 [ genlib ] [ INFO ] No partner found for atom OE1
2026-04-23 20:44:46,721 [ genlib ] [ INFO ] Checking atom NE2
2026-04-23 20:44:46,721 [ genlib ] [ INFO ] No partner found for atom NE2
2026-04-23 20:44:46,721 [ genlib ] [ INFO ] Searching order 5
2026-04-23 20:44:46,721 [ genlib ] [ INFO ] Searching order 6
2026-04-23 20:44:46,721 [ genlib ] [ INFO ] Searching order 7
2026-04-23 20:44:46,722 [ genlib ] [ INFO ] Updating bond lists
2026-04-23 20:44:46,722 [ genlib ] [ INFO ] Updating dihedrals
2026-04-23 20:44:46,722 [ genlib ] [ INFO ] Updating impropers
2026-04-23 20:44:46,723 [ genlib ] [ INFO ] Building library files for GLU --> ALA mutant
2026-04-23 20:44:46,723 [ genlib ] [ INFO ] reading rtp file "aminoacids.rtp"
2026-04-23 20:44:46,758 [ genlib ] [ INFO ] ENTERED SIMPLE
2026-04-23 20:44:46,758 [ genlib ] [ INFO ] Making atom pairs
2026-04-23 20:44:46,758 [ genlib ] [ INFO ] Searching branch 1
2026-04-23 20:44:46,758 [ genlib ] [ INFO ] Searching order 2
2026-04-23 20:44:46,758 [ genlib ] [ INFO ] Checking atom 1HB
2026-04-23 20:44:46,758 [ genlib ] [ INFO ] Define atom pair: GLU|1HB|HC|H         - > ALA|2HB|HC|H         (d = 0.18 A)
2026-04-23 20:44:46,758 [ genlib ] [ INFO ] Checking atom 2HB
2026-04-23 20:44:46,758 [ genlib ] [ INFO ] Define atom pair: GLU|2HB|HC|H         - > ALA|3HB|HC|H         (d = 0.19 A)
2026-04-23 20:44:46,758 [ genlib ] [ INFO ] Checking atom CG
2026-04-23 20:44:46,758 [ genlib ] [ INFO ] Define atom pair: GLU|CG|2C|C.3        - > ALA|1HB|HC|H         (d = 0.53 A)
2026-04-23 20:44:46,758 [ genlib ] [ INFO ] Searching order 3
2026-04-23 20:44:46,758 [ genlib ] [ INFO ] Checking atom 1HG
2026-04-23 20:44:46,758 [ genlib ] [ INFO ] No partner found for atom 1HG
2026-04-23 20:44:46,758 [ genlib ] [ INFO ] Checking atom 2HG
2026-04-23 20:44:46,758 [ genlib ] [ INFO ] No partner found for atom 2HG
2026-04-23 20:44:46,758 [ genlib ] [ INFO ] Checking atom CD
2026-04-23 20:44:46,758 [ genlib ] [ INFO ] No partner found for atom CD
2026-04-23 20:44:46,758 [ genlib ] [ INFO ] Searching order 4
2026-04-23 20:44:46,758 [ genlib ] [ INFO ] Searching order 5
2026-04-23 20:44:46,758 [ genlib ] [ INFO ] Searching order 6
2026-04-23 20:44:46,758 [ genlib ] [ INFO ] Searching order 7
2026-04-23 20:44:46,758 [ genlib ] [ INFO ] Searching branch 2
2026-04-23 20:44:46,758 [ genlib ] [ INFO ] Searching order 2
2026-04-23 20:44:46,758 [ genlib ] [ INFO ] Searching order 3
2026-04-23 20:44:46,758 [ genlib ] [ INFO ] Checking atom 1HG
2026-04-23 20:44:46,758 [ genlib ] [ INFO ] No partner found for atom 1HG
2026-04-23 20:44:46,758 [ genlib ] [ INFO ] Checking atom 2HG
2026-04-23 20:44:46,758 [ genlib ] [ INFO ] No partner found for atom 2HG
2026-04-23 20:44:46,758 [ genlib ] [ INFO ] Checking atom CD
2026-04-23 20:44:46,758 [ genlib ] [ INFO ] No partner found for atom CD
2026-04-23 20:44:46,758 [ genlib ] [ INFO ] Searching order 4
2026-04-23 20:44:46,758 [ genlib ] [ INFO ] Searching order 5
2026-04-23 20:44:46,758 [ genlib ] [ INFO ] Searching order 6
2026-04-23 20:44:46,758 [ genlib ] [ INFO ] Searching order 7
2026-04-23 20:44:46,759 [ genlib ] [ INFO ] Updating bond lists
2026-04-23 20:44:46,759 [ genlib ] [ INFO ] Updating dihedrals
2026-04-23 20:44:46,759 [ genlib ] [ INFO ] Updating impropers
2026-04-23 20:44:46,759 [ genlib ] [ INFO ] Building library files for GLU --> ARG mutant
2026-04-23 20:44:46,760 [ genlib ] [ INFO ] reading rtp file "aminoacids.rtp"
2026-04-23 20:44:46,795 [ genlib ] [ INFO ] ENTERED SIMPLE
2026-04-23 20:44:46,795 [ genlib ] [ INFO ] Making atom pairs
2026-04-23 20:44:46,795 [ genlib ] [ INFO ] Searching branch 1
2026-04-23 20:44:46,795 [ genlib ] [ INFO ] Searching order 2
2026-04-23 20:44:46,795 [ genlib ] [ INFO ] Checking atom 1HB
2026-04-23 20:44:46,795 [ genlib ] [ INFO ] Define atom pair: GLU|1HB|HC|H         - > ARG|1HB|HC|H         (d = 0.21 A)
2026-04-23 20:44:46,795 [ genlib ] [ INFO ] Checking atom 2HB
2026-04-23 20:44:46,795 [ genlib ] [ INFO ] Define atom pair: GLU|2HB|HC|H         - > ARG|2HB|HC|H         (d = 0.20 A)
2026-04-23 20:44:46,795 [ genlib ] [ INFO ] Checking atom CG
2026-04-23 20:44:46,795 [ genlib ] [ INFO ] Define atom pair: GLU|CG|2C|C.3        - > ARG|CG|C8|C.3        (d = 0.17 A)
2026-04-23 20:44:46,795 [ genlib ] [ INFO ] Searching order 3
2026-04-23 20:44:46,795 [ genlib ] [ INFO ] Checking atom 1HG
2026-04-23 20:44:46,795 [ genlib ] [ INFO ] Define atom pair: GLU|1HG|HC|H         - > ARG|1HG|HC|H         (d = 0.29 A)
2026-04-23 20:44:46,795 [ genlib ] [ INFO ] Checking atom 2HG
2026-04-23 20:44:46,795 [ genlib ] [ INFO ] Define atom pair: GLU|2HG|HC|H         - > ARG|2HG|HC|H         (d = 0.19 A)
2026-04-23 20:44:46,795 [ genlib ] [ INFO ] Checking atom CD
2026-04-23 20:44:46,795 [ genlib ] [ INFO ] Define atom pair: GLU|CD|CO|C.2        - > ARG|CD|C8|C.3        (d = 0.17 A)
2026-04-23 20:44:46,795 [ genlib ] [ INFO ] Searching order 4
2026-04-23 20:44:46,795 [ genlib ] [ INFO ] Checking atom OE1
2026-04-23 20:44:46,795 [ genlib ] [ INFO ] Define atom pair: GLU|OE1|O2|O.co2     - > ARG|NE|N2|N.pl3      (d = 0.29 A)
2026-04-23 20:44:46,795 [ genlib ] [ INFO ] Checking atom OE2
2026-04-23 20:44:46,795 [ genlib ] [ INFO ] No partner found for atom OE2
2026-04-23 20:44:46,795 [ genlib ] [ INFO ] Searching order 5
2026-04-23 20:44:46,795 [ genlib ] [ INFO ] Searching order 6
2026-04-23 20:44:46,795 [ genlib ] [ INFO ] Searching order 7
2026-04-23 20:44:46,795 [ genlib ] [ INFO ] Searching branch 2
2026-04-23 20:44:46,795 [ genlib ] [ INFO ] Searching order 2
2026-04-23 20:44:46,795 [ genlib ] [ INFO ] Searching order 3
2026-04-23 20:44:46,795 [ genlib ] [ INFO ] Searching order 4
2026-04-23 20:44:46,795 [ genlib ] [ INFO ] Checking atom OE2
2026-04-23 20:44:46,795 [ genlib ] [ INFO ] No partner found for atom OE2
2026-04-23 20:44:46,795 [ genlib ] [ INFO ] Searching order 5
2026-04-23 20:44:46,795 [ genlib ] [ INFO ] Searching order 6
2026-04-23 20:44:46,795 [ genlib ] [ INFO ] Searching order 7
2026-04-23 20:44:46,799 [ genlib ] [ INFO ] Updating bond lists
2026-04-23 20:44:46,799 [ genlib ] [ INFO ] Updating dihedrals
2026-04-23 20:44:46,799 [ genlib ] [ INFO ] Updating impropers
2026-04-23 20:44:46,800 [ genlib ] [ INFO ] Building library files for GLU --> ASH mutant
2026-04-23 20:44:46,801 [ genlib ] [ INFO ] reading rtp file "aminoacids.rtp"
2026-04-23 20:44:46,836 [ genlib ] [ INFO ] ENTERED SIMPLE
2026-04-23 20:44:46,836 [ genlib ] [ INFO ] Making atom pairs
2026-04-23 20:44:46,836 [ genlib ] [ INFO ] Searching branch 1
2026-04-23 20:44:46,836 [ genlib ] [ INFO ] Searching order 2
2026-04-23 20:44:46,836 [ genlib ] [ INFO ] Checking atom 1HB
2026-04-23 20:44:46,836 [ genlib ] [ INFO ] Define atom pair: GLU|1HB|HC|H         - > ASH|1HB|HC|H         (d = 0.17 A)
2026-04-23 20:44:46,836 [ genlib ] [ INFO ] Checking atom 2HB
2026-04-23 20:44:46,836 [ genlib ] [ INFO ] Define atom pair: GLU|2HB|HC|H         - > ASH|2HB|HC|H         (d = 0.15 A)
2026-04-23 20:44:46,836 [ genlib ] [ INFO ] Checking atom CG
2026-04-23 20:44:46,836 [ genlib ] [ INFO ] Define atom pair: GLU|CG|2C|C.3        - > ASH|CG|C|C.2         (d = 0.11 A)
2026-04-23 20:44:46,836 [ genlib ] [ INFO ] Searching order 3
2026-04-23 20:44:46,836 [ genlib ] [ INFO ] Checking atom 1HG
2026-04-23 20:44:46,836 [ genlib ] [ INFO ] No partner found for atom 1HG
2026-04-23 20:44:46,836 [ genlib ] [ INFO ] Checking atom 2HG
2026-04-23 20:44:46,836 [ genlib ] [ INFO ] No partner found for atom 2HG
2026-04-23 20:44:46,836 [ genlib ] [ INFO ] Checking atom CD
2026-04-23 20:44:46,836 [ genlib ] [ INFO ] Define atom pair: GLU|CD|CO|C.2        - > ASH|OD1|O|O.co2      (d = 0.28 A)
2026-04-23 20:44:46,836 [ genlib ] [ INFO ] Searching order 4
2026-04-23 20:44:46,836 [ genlib ] [ INFO ] Checking atom OE1
2026-04-23 20:44:46,836 [ genlib ] [ INFO ] No partner found for atom OE1
2026-04-23 20:44:46,836 [ genlib ] [ INFO ] Checking atom OE2
2026-04-23 20:44:46,836 [ genlib ] [ INFO ] No partner found for atom OE2
2026-04-23 20:44:46,836 [ genlib ] [ INFO ] Searching order 5
2026-04-23 20:44:46,836 [ genlib ] [ INFO ] Searching order 6
2026-04-23 20:44:46,837 [ genlib ] [ INFO ] Searching order 7
2026-04-23 20:44:46,837 [ genlib ] [ INFO ] Searching branch 2
2026-04-23 20:44:46,837 [ genlib ] [ INFO ] Searching order 2
2026-04-23 20:44:46,837 [ genlib ] [ INFO ] Searching order 3
2026-04-23 20:44:46,837 [ genlib ] [ INFO ] Checking atom 1HG
2026-04-23 20:44:46,837 [ genlib ] [ INFO ] No partner found for atom 1HG
2026-04-23 20:44:46,837 [ genlib ] [ INFO ] Checking atom 2HG
2026-04-23 20:44:46,837 [ genlib ] [ INFO ] No partner found for atom 2HG
2026-04-23 20:44:46,837 [ genlib ] [ INFO ] Searching order 4
2026-04-23 20:44:46,837 [ genlib ] [ INFO ] Checking atom OE1
2026-04-23 20:44:46,837 [ genlib ] [ INFO ] No partner found for atom OE1
2026-04-23 20:44:46,837 [ genlib ] [ INFO ] Checking atom OE2
2026-04-23 20:44:46,837 [ genlib ] [ INFO ] No partner found for atom OE2
2026-04-23 20:44:46,837 [ genlib ] [ INFO ] Searching order 5
2026-04-23 20:44:46,837 [ genlib ] [ INFO ] Searching order 6
2026-04-23 20:44:46,837 [ genlib ] [ INFO ] Searching order 7
2026-04-23 20:44:46,838 [ genlib ] [ INFO ] Updating bond lists
2026-04-23 20:44:46,838 [ genlib ] [ INFO ] Updating dihedrals
2026-04-23 20:44:46,838 [ genlib ] [ INFO ] Updating impropers
2026-04-23 20:44:46,838 [ genlib ] [ INFO ] Building library files for GLU --> ASN mutant
2026-04-23 20:44:46,839 [ genlib ] [ INFO ] reading rtp file "aminoacids.rtp"
2026-04-23 20:44:46,873 [ genlib ] [ INFO ] ENTERED SIMPLE
2026-04-23 20:44:46,873 [ genlib ] [ INFO ] Making atom pairs
2026-04-23 20:44:46,873 [ genlib ] [ INFO ] Searching branch 1
2026-04-23 20:44:46,873 [ genlib ] [ INFO ] Searching order 2
2026-04-23 20:44:46,873 [ genlib ] [ INFO ] Checking atom 1HB
2026-04-23 20:44:46,873 [ genlib ] [ INFO ] Define atom pair: GLU|1HB|HC|H         - > ASN|1HB|HC|H         (d = 0.18 A)
2026-04-23 20:44:46,873 [ genlib ] [ INFO ] Checking atom 2HB
2026-04-23 20:44:46,873 [ genlib ] [ INFO ] Define atom pair: GLU|2HB|HC|H         - > ASN|2HB|HC|H         (d = 0.20 A)
2026-04-23 20:44:46,873 [ genlib ] [ INFO ] Checking atom CG
2026-04-23 20:44:46,873 [ genlib ] [ INFO ] Define atom pair: GLU|CG|2C|C.3        - > ASN|CG|C|C.2         (d = 0.13 A)
2026-04-23 20:44:46,873 [ genlib ] [ INFO ] Searching order 3
2026-04-23 20:44:46,873 [ genlib ] [ INFO ] Checking atom 1HG
2026-04-23 20:44:46,873 [ genlib ] [ INFO ] No partner found for atom 1HG
2026-04-23 20:44:46,874 [ genlib ] [ INFO ] Checking atom 2HG
2026-04-23 20:44:46,874 [ genlib ] [ INFO ] No partner found for atom 2HG
2026-04-23 20:44:46,874 [ genlib ] [ INFO ] Checking atom CD
2026-04-23 20:44:46,874 [ genlib ] [ INFO ] Define atom pair: GLU|CD|CO|C.2        - > ASN|OD1|O|O.2        (d = 0.33 A)
2026-04-23 20:44:46,874 [ genlib ] [ INFO ] Searching order 4
2026-04-23 20:44:46,874 [ genlib ] [ INFO ] Checking atom OE1
2026-04-23 20:44:46,874 [ genlib ] [ INFO ] No partner found for atom OE1
2026-04-23 20:44:46,874 [ genlib ] [ INFO ] Checking atom OE2
2026-04-23 20:44:46,874 [ genlib ] [ INFO ] No partner found for atom OE2
2026-04-23 20:44:46,874 [ genlib ] [ INFO ] Searching order 5
2026-04-23 20:44:46,874 [ genlib ] [ INFO ] Searching order 6
2026-04-23 20:44:46,874 [ genlib ] [ INFO ] Searching order 7
2026-04-23 20:44:46,874 [ genlib ] [ INFO ] Searching branch 2
2026-04-23 20:44:46,874 [ genlib ] [ INFO ] Searching order 2
2026-04-23 20:44:46,874 [ genlib ] [ INFO ] Searching order 3
2026-04-23 20:44:46,874 [ genlib ] [ INFO ] Checking atom 1HG
2026-04-23 20:44:46,874 [ genlib ] [ INFO ] No partner found for atom 1HG
2026-04-23 20:44:46,874 [ genlib ] [ INFO ] Checking atom 2HG
2026-04-23 20:44:46,874 [ genlib ] [ INFO ] No partner found for atom 2HG
2026-04-23 20:44:46,874 [ genlib ] [ INFO ] Searching order 4
2026-04-23 20:44:46,874 [ genlib ] [ INFO ] Checking atom OE1
2026-04-23 20:44:46,874 [ genlib ] [ INFO ] No partner found for atom OE1
2026-04-23 20:44:46,874 [ genlib ] [ INFO ] Checking atom OE2
2026-04-23 20:44:46,874 [ genlib ] [ INFO ] No partner found for atom OE2
2026-04-23 20:44:46,874 [ genlib ] [ INFO ] Searching order 5
2026-04-23 20:44:46,874 [ genlib ] [ INFO ] Searching order 6
2026-04-23 20:44:46,874 [ genlib ] [ INFO ] Searching order 7
2026-04-23 20:44:46,875 [ genlib ] [ INFO ] Updating bond lists
2026-04-23 20:44:46,875 [ genlib ] [ INFO ] Updating dihedrals
2026-04-23 20:44:46,875 [ genlib ] [ INFO ] Updating impropers
2026-04-23 20:44:46,875 [ genlib ] [ INFO ] Building library files for GLU --> ASP mutant
2026-04-23 20:44:46,876 [ genlib ] [ INFO ] reading rtp file "aminoacids.rtp"
2026-04-23 20:44:46,911 [ genlib ] [ INFO ] ENTERED SIMPLE
2026-04-23 20:44:46,911 [ genlib ] [ INFO ] Making atom pairs
2026-04-23 20:44:46,911 [ genlib ] [ INFO ] Searching branch 1
2026-04-23 20:44:46,911 [ genlib ] [ INFO ] Searching order 2
2026-04-23 20:44:46,911 [ genlib ] [ INFO ] Checking atom 1HB
2026-04-23 20:44:46,911 [ genlib ] [ INFO ] Define atom pair: GLU|1HB|HC|H         - > ASP|1HB|HC|H         (d = 0.14 A)
2026-04-23 20:44:46,911 [ genlib ] [ INFO ] Checking atom 2HB
2026-04-23 20:44:46,911 [ genlib ] [ INFO ] Define atom pair: GLU|2HB|HC|H         - > ASP|2HB|HC|H         (d = 0.15 A)
2026-04-23 20:44:46,911 [ genlib ] [ INFO ] Checking atom CG
2026-04-23 20:44:46,911 [ genlib ] [ INFO ] Define atom pair: GLU|CG|2C|C.3        - > ASP|CG|CO|C.2        (d = 0.11 A)
2026-04-23 20:44:46,911 [ genlib ] [ INFO ] Searching order 3
2026-04-23 20:44:46,911 [ genlib ] [ INFO ] Checking atom 1HG
2026-04-23 20:44:46,911 [ genlib ] [ INFO ] No partner found for atom 1HG
2026-04-23 20:44:46,911 [ genlib ] [ INFO ] Checking atom 2HG
2026-04-23 20:44:46,911 [ genlib ] [ INFO ] No partner found for atom 2HG
2026-04-23 20:44:46,911 [ genlib ] [ INFO ] Checking atom CD
2026-04-23 20:44:46,911 [ genlib ] [ INFO ] Define atom pair: GLU|CD|CO|C.2        - > ASP|OD1|O2|O.co2     (d = 0.28 A)
2026-04-23 20:44:46,911 [ genlib ] [ INFO ] Searching order 4
2026-04-23 20:44:46,911 [ genlib ] [ INFO ] Checking atom OE1
2026-04-23 20:44:46,911 [ genlib ] [ INFO ] No partner found for atom OE1
2026-04-23 20:44:46,911 [ genlib ] [ INFO ] Checking atom OE2
2026-04-23 20:44:46,911 [ genlib ] [ INFO ] No partner found for atom OE2
2026-04-23 20:44:46,911 [ genlib ] [ INFO ] Searching order 5
2026-04-23 20:44:46,911 [ genlib ] [ INFO ] Searching order 6
2026-04-23 20:44:46,911 [ genlib ] [ INFO ] Searching order 7
2026-04-23 20:44:46,911 [ genlib ] [ INFO ] Searching branch 2
2026-04-23 20:44:46,911 [ genlib ] [ INFO ] Searching order 2
2026-04-23 20:44:46,911 [ genlib ] [ INFO ] Searching order 3
2026-04-23 20:44:46,911 [ genlib ] [ INFO ] Checking atom 1HG
2026-04-23 20:44:46,911 [ genlib ] [ INFO ] No partner found for atom 1HG
2026-04-23 20:44:46,911 [ genlib ] [ INFO ] Checking atom 2HG
2026-04-23 20:44:46,911 [ genlib ] [ INFO ] No partner found for atom 2HG
2026-04-23 20:44:46,911 [ genlib ] [ INFO ] Searching order 4
2026-04-23 20:44:46,911 [ genlib ] [ INFO ] Checking atom OE1
2026-04-23 20:44:46,911 [ genlib ] [ INFO ] No partner found for atom OE1
2026-04-23 20:44:46,911 [ genlib ] [ INFO ] Checking atom OE2
2026-04-23 20:44:46,911 [ genlib ] [ INFO ] No partner found for atom OE2
2026-04-23 20:44:46,911 [ genlib ] [ INFO ] Searching order 5
2026-04-23 20:44:46,911 [ genlib ] [ INFO ] Searching order 6
2026-04-23 20:44:46,911 [ genlib ] [ INFO ] Searching order 7
2026-04-23 20:44:46,912 [ genlib ] [ INFO ] Updating bond lists
2026-04-23 20:44:46,912 [ genlib ] [ INFO ] Updating dihedrals
2026-04-23 20:44:46,912 [ genlib ] [ INFO ] Updating impropers
2026-04-23 20:44:46,912 [ genlib ] [ INFO ] Building library files for GLU --> CYS mutant
2026-04-23 20:44:46,913 [ genlib ] [ INFO ] reading rtp file "aminoacids.rtp"
2026-04-23 20:44:46,947 [ genlib ] [ INFO ] ENTERED SIMPLE
2026-04-23 20:44:46,947 [ genlib ] [ INFO ] Making atom pairs
2026-04-23 20:44:46,947 [ genlib ] [ INFO ] Searching branch 1
2026-04-23 20:44:46,947 [ genlib ] [ INFO ] Searching order 2
2026-04-23 20:44:46,947 [ genlib ] [ INFO ] Checking atom 1HB
2026-04-23 20:44:46,947 [ genlib ] [ INFO ] Define atom pair: GLU|1HB|HC|H         - > CYS|1HB|H1|H         (d = 0.16 A)
2026-04-23 20:44:46,947 [ genlib ] [ INFO ] Checking atom 2HB
2026-04-23 20:44:46,947 [ genlib ] [ INFO ] Define atom pair: GLU|2HB|HC|H         - > CYS|2HB|H1|H         (d = 0.17 A)
2026-04-23 20:44:46,947 [ genlib ] [ INFO ] Checking atom CG
2026-04-23 20:44:46,947 [ genlib ] [ INFO ] Define atom pair: GLU|CG|2C|C.3        - > CYS|SG|SH|S.3        (d = 0.25 A)
2026-04-23 20:44:46,947 [ genlib ] [ INFO ] Searching order 3
2026-04-23 20:44:46,947 [ genlib ] [ INFO ] Checking atom 1HG
2026-04-23 20:44:46,947 [ genlib ] [ INFO ] No partner found for atom 1HG
2026-04-23 20:44:46,947 [ genlib ] [ INFO ] Checking atom 2HG
2026-04-23 20:44:46,947 [ genlib ] [ INFO ] No partner found for atom 2HG
2026-04-23 20:44:46,947 [ genlib ] [ INFO ] Checking atom CD
2026-04-23 20:44:46,947 [ genlib ] [ INFO ] Define atom pair: GLU|CD|CO|C.2        - > CYS|HG|HS|H          (d = 0.29 A)
2026-04-23 20:44:46,947 [ genlib ] [ INFO ] Searching order 4
2026-04-23 20:44:46,947 [ genlib ] [ INFO ] Checking atom OE1
2026-04-23 20:44:46,947 [ genlib ] [ INFO ] No partner found for atom OE1
2026-04-23 20:44:46,947 [ genlib ] [ INFO ] Checking atom OE2
2026-04-23 20:44:46,947 [ genlib ] [ INFO ] No partner found for atom OE2
2026-04-23 20:44:46,947 [ genlib ] [ INFO ] Searching order 5
2026-04-23 20:44:46,947 [ genlib ] [ INFO ] Searching order 6
2026-04-23 20:44:46,947 [ genlib ] [ INFO ] Searching order 7
2026-04-23 20:44:46,947 [ genlib ] [ INFO ] Searching branch 2
2026-04-23 20:44:46,947 [ genlib ] [ INFO ] Searching order 2
2026-04-23 20:44:46,947 [ genlib ] [ INFO ] Searching order 3
2026-04-23 20:44:46,947 [ genlib ] [ INFO ] Checking atom 1HG
2026-04-23 20:44:46,947 [ genlib ] [ INFO ] No partner found for atom 1HG
2026-04-23 20:44:46,947 [ genlib ] [ INFO ] Checking atom 2HG
2026-04-23 20:44:46,947 [ genlib ] [ INFO ] No partner found for atom 2HG
2026-04-23 20:44:46,947 [ genlib ] [ INFO ] Searching order 4
2026-04-23 20:44:46,947 [ genlib ] [ INFO ] Checking atom OE1
2026-04-23 20:44:46,947 [ genlib ] [ INFO ] No partner found for atom OE1
2026-04-23 20:44:46,947 [ genlib ] [ INFO ] Checking atom OE2
2026-04-23 20:44:46,947 [ genlib ] [ INFO ] No partner found for atom OE2
2026-04-23 20:44:46,947 [ genlib ] [ INFO ] Searching order 5
2026-04-23 20:44:46,947 [ genlib ] [ INFO ] Searching order 6
2026-04-23 20:44:46,947 [ genlib ] [ INFO ] Searching order 7
2026-04-23 20:44:46,948 [ genlib ] [ INFO ] Updating bond lists
2026-04-23 20:44:46,948 [ genlib ] [ INFO ] Updating dihedrals
2026-04-23 20:44:46,948 [ genlib ] [ INFO ] Updating impropers
2026-04-23 20:44:46,948 [ genlib ] [ INFO ] Building library files for GLU --> GLH mutant
2026-04-23 20:44:46,949 [ genlib ] [ INFO ] reading rtp file "aminoacids.rtp"
2026-04-23 20:44:46,983 [ genlib ] [ INFO ] ENTERED SIMPLE
2026-04-23 20:44:46,983 [ genlib ] [ INFO ] Making atom pairs
2026-04-23 20:44:46,983 [ genlib ] [ INFO ] Searching branch 1
2026-04-23 20:44:46,983 [ genlib ] [ INFO ] Searching order 2
2026-04-23 20:44:46,983 [ genlib ] [ INFO ] Checking atom 1HB
2026-04-23 20:44:46,983 [ genlib ] [ INFO ] Define atom pair: GLU|1HB|HC|H         - > GLH|1HB|HC|H         (d = 0.09 A)
2026-04-23 20:44:46,983 [ genlib ] [ INFO ] Checking atom 2HB
2026-04-23 20:44:46,984 [ genlib ] [ INFO ] Define atom pair: GLU|2HB|HC|H         - > GLH|2HB|HC|H         (d = 0.12 A)
2026-04-23 20:44:46,984 [ genlib ] [ INFO ] Checking atom CG
2026-04-23 20:44:46,984 [ genlib ] [ INFO ] Define atom pair: GLU|CG|2C|C.3        - > GLH|CG|2C|C.3        (d = 0.00 A)
2026-04-23 20:44:46,984 [ genlib ] [ INFO ] Searching order 3
2026-04-23 20:44:46,984 [ genlib ] [ INFO ] Checking atom 1HG
2026-04-23 20:44:46,984 [ genlib ] [ INFO ] Define atom pair: GLU|1HG|HC|H         - > GLH|1HG|HC|H         (d = 0.09 A)
2026-04-23 20:44:46,984 [ genlib ] [ INFO ] Checking atom 2HG
2026-04-23 20:44:46,984 [ genlib ] [ INFO ] Define atom pair: GLU|2HG|HC|H         - > GLH|2HG|HC|H         (d = 0.10 A)
2026-04-23 20:44:46,984 [ genlib ] [ INFO ] Checking atom CD
2026-04-23 20:44:46,984 [ genlib ] [ INFO ] Define atom pair: GLU|CD|CO|C.2        - > GLH|CD|C|C.2         (d = 0.00 A)
2026-04-23 20:44:46,984 [ genlib ] [ INFO ] Searching order 4
2026-04-23 20:44:46,984 [ genlib ] [ INFO ] Checking atom OE1
2026-04-23 20:44:46,984 [ genlib ] [ INFO ] Define atom pair: GLU|OE1|O2|O.co2     - > GLH|OE1|O|O.co2      (d = 0.00 A)
2026-04-23 20:44:46,984 [ genlib ] [ INFO ] Checking atom OE2
2026-04-23 20:44:46,984 [ genlib ] [ INFO ] Define atom pair: GLU|OE2|O2|O.co2     - > GLH|OE2|OH|O.co2     (d = 0.01 A)
2026-04-23 20:44:46,984 [ genlib ] [ INFO ] Searching order 5
2026-04-23 20:44:46,984 [ genlib ] [ INFO ] Searching order 6
2026-04-23 20:44:46,984 [ genlib ] [ INFO ] Searching order 7
2026-04-23 20:44:46,984 [ genlib ] [ INFO ] Searching branch 2
2026-04-23 20:44:46,984 [ genlib ] [ INFO ] Searching order 2
2026-04-23 20:44:46,984 [ genlib ] [ INFO ] Searching order 3
2026-04-23 20:44:46,984 [ genlib ] [ INFO ] Searching order 4
2026-04-23 20:44:46,984 [ genlib ] [ INFO ] Searching order 5
2026-04-23 20:44:46,984 [ genlib ] [ INFO ] Searching order 6
2026-04-23 20:44:46,984 [ genlib ] [ INFO ] Searching order 7
2026-04-23 20:44:46,984 [ genlib ] [ INFO ] Updating bond lists
2026-04-23 20:44:46,984 [ genlib ] [ INFO ] Updating dihedrals
2026-04-23 20:44:46,984 [ genlib ] [ INFO ] Updating impropers
2026-04-23 20:44:46,985 [ genlib ] [ INFO ] Building library files for GLU --> GLN mutant
2026-04-23 20:44:46,985 [ genlib ] [ INFO ] reading rtp file "aminoacids.rtp"
2026-04-23 20:44:47,020 [ genlib ] [ INFO ] ENTERED SIMPLE
2026-04-23 20:44:47,020 [ genlib ] [ INFO ] Making atom pairs
2026-04-23 20:44:47,020 [ genlib ] [ INFO ] Searching branch 1
2026-04-23 20:44:47,020 [ genlib ] [ INFO ] Searching order 2
2026-04-23 20:44:47,020 [ genlib ] [ INFO ] Checking atom 1HB
2026-04-23 20:44:47,020 [ genlib ] [ INFO ] Define atom pair: GLU|1HB|HC|H         - > GLN|1HB|HC|H         (d = 0.15 A)
2026-04-23 20:44:47,020 [ genlib ] [ INFO ] Checking atom 2HB
2026-04-23 20:44:47,020 [ genlib ] [ INFO ] Define atom pair: GLU|2HB|HC|H         - > GLN|2HB|HC|H         (d = 0.16 A)
2026-04-23 20:44:47,020 [ genlib ] [ INFO ] Checking atom CG
2026-04-23 20:44:47,020 [ genlib ] [ INFO ] Define atom pair: GLU|CG|2C|C.3        - > GLN|CG|2C|C.3        (d = 0.11 A)
2026-04-23 20:44:47,020 [ genlib ] [ INFO ] Searching order 3
2026-04-23 20:44:47,020 [ genlib ] [ INFO ] Checking atom 1HG
2026-04-23 20:44:47,020 [ genlib ] [ INFO ] Define atom pair: GLU|1HG|HC|H         - > GLN|1HG|HC|H         (d = 0.16 A)
2026-04-23 20:44:47,020 [ genlib ] [ INFO ] Checking atom 2HG
2026-04-23 20:44:47,020 [ genlib ] [ INFO ] Define atom pair: GLU|2HG|HC|H         - > GLN|2HG|HC|H         (d = 0.12 A)
2026-04-23 20:44:47,020 [ genlib ] [ INFO ] Checking atom CD
2026-04-23 20:44:47,020 [ genlib ] [ INFO ] Define atom pair: GLU|CD|CO|C.2        - > GLN|CD|C|C.2         (d = 0.11 A)
2026-04-23 20:44:47,020 [ genlib ] [ INFO ] Searching order 4
2026-04-23 20:44:47,020 [ genlib ] [ INFO ] Checking atom OE1
2026-04-23 20:44:47,020 [ genlib ] [ INFO ] Define atom pair: GLU|OE1|O2|O.co2     - > GLN|OE1|O|O.2        (d = 0.15 A)
2026-04-23 20:44:47,020 [ genlib ] [ INFO ] Checking atom OE2
2026-04-23 20:44:47,020 [ genlib ] [ INFO ] Define atom pair: GLU|OE2|O2|O.co2     - > GLN|NE2|N|N.am       (d = 0.13 A)
2026-04-23 20:44:47,020 [ genlib ] [ INFO ] Searching order 5
2026-04-23 20:44:47,020 [ genlib ] [ INFO ] Searching order 6
2026-04-23 20:44:47,020 [ genlib ] [ INFO ] Searching order 7
2026-04-23 20:44:47,020 [ genlib ] [ INFO ] Searching branch 2
2026-04-23 20:44:47,020 [ genlib ] [ INFO ] Searching order 2
2026-04-23 20:44:47,020 [ genlib ] [ INFO ] Searching order 3
2026-04-23 20:44:47,020 [ genlib ] [ INFO ] Searching order 4
2026-04-23 20:44:47,020 [ genlib ] [ INFO ] Searching order 5
2026-04-23 20:44:47,020 [ genlib ] [ INFO ] Searching order 6
2026-04-23 20:44:47,020 [ genlib ] [ INFO ] Searching order 7
2026-04-23 20:44:47,021 [ genlib ] [ INFO ] Updating bond lists
2026-04-23 20:44:47,021 [ genlib ] [ INFO ] Updating dihedrals
2026-04-23 20:44:47,021 [ genlib ] [ INFO ] Updating impropers
2026-04-23 20:44:47,021 [ genlib ] [ WARNING ] undefined
2026-04-23 20:44:47,021 [ genlib ] [ WARNING ] undefined
2026-04-23 20:44:47,022 [ genlib ] [ INFO ] Building library files for GLU --> GLY mutant
2026-04-23 20:44:47,022 [ genlib ] [ INFO ] reading rtp file "aminoacids.rtp"
2026-04-23 20:44:47,057 [ genlib ] [ INFO ] ENTERED G
2026-04-23 20:44:47,057 [ genlib ] [ INFO ] Making atom pairs
2026-04-23 20:44:47,057 [ genlib ] [ INFO ] Updating bond lists
2026-04-23 20:44:47,057 [ genlib ] [ INFO ] Updating dihedrals
2026-04-23 20:44:47,057 [ genlib ] [ INFO ] Updating impropers
2026-04-23 20:44:47,058 [ genlib ] [ INFO ] Building library files for GLU --> HID mutant
2026-04-23 20:44:47,058 [ genlib ] [ INFO ] reading rtp file "aminoacids.rtp"
2026-04-23 20:44:47,093 [ genlib ] [ INFO ] ENTERED RINGS
2026-04-23 20:44:47,093 [ genlib ] [ INFO ] Making atom pairs
2026-04-23 20:44:47,096 [ genlib ] [ INFO ] Updating bond lists
2026-04-23 20:44:47,096 [ genlib ] [ INFO ] Updating dihedrals
2026-04-23 20:44:47,096 [ genlib ] [ INFO ] Updating impropers
2026-04-23 20:44:47,097 [ genlib ] [ INFO ] Building library files for GLU --> HIE mutant
2026-04-23 20:44:47,097 [ genlib ] [ INFO ] reading rtp file "aminoacids.rtp"
2026-04-23 20:44:47,132 [ genlib ] [ INFO ] ENTERED RINGS
2026-04-23 20:44:47,132 [ genlib ] [ INFO ] Making atom pairs
2026-04-23 20:44:47,135 [ genlib ] [ INFO ] Updating bond lists
2026-04-23 20:44:47,135 [ genlib ] [ INFO ] Updating dihedrals
2026-04-23 20:44:47,135 [ genlib ] [ INFO ] Updating impropers
2026-04-23 20:44:47,136 [ genlib ] [ INFO ] Building library files for GLU --> HIP mutant
2026-04-23 20:44:47,136 [ genlib ] [ INFO ] reading rtp file "aminoacids.rtp"
2026-04-23 20:44:47,170 [ genlib ] [ INFO ] ENTERED RINGS
2026-04-23 20:44:47,170 [ genlib ] [ INFO ] Making atom pairs
2026-04-23 20:44:47,174 [ genlib ] [ INFO ] Updating bond lists
2026-04-23 20:44:47,174 [ genlib ] [ INFO ] Updating dihedrals
2026-04-23 20:44:47,174 [ genlib ] [ INFO ] Updating impropers
2026-04-23 20:44:47,174 [ genlib ] [ INFO ] Building library files for GLU --> ILE mutant
2026-04-23 20:44:47,175 [ genlib ] [ INFO ] reading rtp file "aminoacids.rtp"
2026-04-23 20:44:47,210 [ genlib ] [ INFO ] ENTERED SIMPLE
2026-04-23 20:44:47,210 [ genlib ] [ INFO ] Making atom pairs
2026-04-23 20:44:47,210 [ genlib ] [ INFO ] Searching branch 1
2026-04-23 20:44:47,210 [ genlib ] [ INFO ] Searching order 2
2026-04-23 20:44:47,210 [ genlib ] [ INFO ] Checking atom 1HB
2026-04-23 20:44:47,210 [ genlib ] [ INFO ] Define atom pair: GLU|1HB|HC|H         - > ILE|HB|HC|H          (d = 0.09 A)
2026-04-23 20:44:47,210 [ genlib ] [ INFO ] Checking atom 2HB
2026-04-23 20:44:47,210 [ genlib ] [ INFO ] Define atom pair: GLU|2HB|HC|H         - > ILE|CG2|CT|C.3       (d = 0.52 A)
2026-04-23 20:44:47,210 [ genlib ] [ INFO ] Checking atom CG
2026-04-23 20:44:47,210 [ genlib ] [ INFO ] Define atom pair: GLU|CG|2C|C.3        - > ILE|CG1|2C|C.3       (d = 0.10 A)
2026-04-23 20:44:47,210 [ genlib ] [ INFO ] Searching order 3
2026-04-23 20:44:47,210 [ genlib ] [ INFO ] Checking atom 1HG
2026-04-23 20:44:47,210 [ genlib ] [ INFO ] Define atom pair: GLU|1HG|HC|H         - > ILE|1HG1|HC|H        (d = 0.19 A)
2026-04-23 20:44:47,210 [ genlib ] [ INFO ] Checking atom 2HG
2026-04-23 20:44:47,210 [ genlib ] [ INFO ] Define atom pair: GLU|2HG|HC|H         - > ILE|2HG1|HC|H        (d = 0.18 A)
2026-04-23 20:44:47,210 [ genlib ] [ INFO ] Checking atom CD
2026-04-23 20:44:47,210 [ genlib ] [ INFO ] Define atom pair: GLU|CD|CO|C.2        - > ILE|CD1|CT|C.3       (d = 0.06 A)
2026-04-23 20:44:47,210 [ genlib ] [ INFO ] Searching order 4
2026-04-23 20:44:47,210 [ genlib ] [ INFO ] Checking atom OE1
2026-04-23 20:44:47,210 [ genlib ] [ INFO ] Define atom pair: GLU|OE1|O2|O.co2     - > ILE|1HD1|HC|H        (d = 0.20 A)
2026-04-23 20:44:47,210 [ genlib ] [ INFO ] Checking atom OE2
2026-04-23 20:44:47,210 [ genlib ] [ INFO ] No partner found for atom OE2
2026-04-23 20:44:47,210 [ genlib ] [ INFO ] Searching order 5
2026-04-23 20:44:47,210 [ genlib ] [ INFO ] Searching order 6
2026-04-23 20:44:47,210 [ genlib ] [ INFO ] Searching order 7
2026-04-23 20:44:47,210 [ genlib ] [ INFO ] Searching branch 2
2026-04-23 20:44:47,210 [ genlib ] [ INFO ] Searching order 2
2026-04-23 20:44:47,210 [ genlib ] [ INFO ] Searching order 3
2026-04-23 20:44:47,210 [ genlib ] [ INFO ] Searching order 4
2026-04-23 20:44:47,210 [ genlib ] [ INFO ] Checking atom OE2
2026-04-23 20:44:47,210 [ genlib ] [ INFO ] No partner found for atom OE2
2026-04-23 20:44:47,210 [ genlib ] [ INFO ] Searching order 5
2026-04-23 20:44:47,210 [ genlib ] [ INFO ] Searching order 6
2026-04-23 20:44:47,210 [ genlib ] [ INFO ] Searching order 7
2026-04-23 20:44:47,212 [ genlib ] [ INFO ] Updating bond lists
2026-04-23 20:44:47,212 [ genlib ] [ INFO ] Updating dihedrals
2026-04-23 20:44:47,212 [ genlib ] [ INFO ] Updating impropers
2026-04-23 20:44:47,213 [ genlib ] [ INFO ] Building library files for GLU --> LEU mutant
2026-04-23 20:44:47,213 [ genlib ] [ INFO ] reading rtp file "aminoacids.rtp"
2026-04-23 20:44:47,247 [ genlib ] [ INFO ] ENTERED SIMPLE
2026-04-23 20:44:47,247 [ genlib ] [ INFO ] Making atom pairs
2026-04-23 20:44:47,247 [ genlib ] [ INFO ] Searching branch 1
2026-04-23 20:44:47,247 [ genlib ] [ INFO ] Searching order 2
2026-04-23 20:44:47,247 [ genlib ] [ INFO ] Checking atom 1HB
2026-04-23 20:44:47,247 [ genlib ] [ INFO ] Define atom pair: GLU|1HB|HC|H         - > LEU|1HB|HC|H         (d = 0.16 A)
2026-04-23 20:44:47,247 [ genlib ] [ INFO ] Checking atom 2HB
2026-04-23 20:44:47,247 [ genlib ] [ INFO ] Define atom pair: GLU|2HB|HC|H         - > LEU|2HB|HC|H         (d = 0.17 A)
2026-04-23 20:44:47,247 [ genlib ] [ INFO ] Checking atom CG
2026-04-23 20:44:47,247 [ genlib ] [ INFO ] Define atom pair: GLU|CG|2C|C.3        - > LEU|CG|3C|C.3        (d = 0.12 A)
2026-04-23 20:44:47,247 [ genlib ] [ INFO ] Searching order 3
2026-04-23 20:44:47,248 [ genlib ] [ INFO ] Checking atom 1HG
2026-04-23 20:44:47,248 [ genlib ] [ INFO ] Define atom pair: GLU|1HG|HC|H         - > LEU|CD2|CT|C.3       (d = 0.51 A)
2026-04-23 20:44:47,248 [ genlib ] [ INFO ] Checking atom 2HG
2026-04-23 20:44:47,248 [ genlib ] [ INFO ] Define atom pair: GLU|2HG|HC|H         - > LEU|HG|HC|H          (d = 0.15 A)
2026-04-23 20:44:47,248 [ genlib ] [ INFO ] Checking atom CD
2026-04-23 20:44:47,248 [ genlib ] [ INFO ] Define atom pair: GLU|CD|CO|C.2        - > LEU|CD1|CT|C.3       (d = 0.09 A)
2026-04-23 20:44:47,248 [ genlib ] [ INFO ] Searching order 4
2026-04-23 20:44:47,248 [ genlib ] [ INFO ] Checking atom OE1
2026-04-23 20:44:47,248 [ genlib ] [ INFO ] Define atom pair: GLU|OE1|O2|O.co2     - > LEU|1HD1|HC|H        (d = 0.32 A)
2026-04-23 20:44:47,248 [ genlib ] [ INFO ] Checking atom OE2
2026-04-23 20:44:47,248 [ genlib ] [ INFO ] No partner found for atom OE2
2026-04-23 20:44:47,248 [ genlib ] [ INFO ] Searching order 5
2026-04-23 20:44:47,248 [ genlib ] [ INFO ] Searching order 6
2026-04-23 20:44:47,248 [ genlib ] [ INFO ] Searching order 7
2026-04-23 20:44:47,248 [ genlib ] [ INFO ] Searching branch 2
2026-04-23 20:44:47,248 [ genlib ] [ INFO ] Searching order 2
2026-04-23 20:44:47,248 [ genlib ] [ INFO ] Searching order 3
2026-04-23 20:44:47,248 [ genlib ] [ INFO ] Searching order 4
2026-04-23 20:44:47,248 [ genlib ] [ INFO ] Checking atom OE2
2026-04-23 20:44:47,248 [ genlib ] [ INFO ] No partner found for atom OE2
2026-04-23 20:44:47,248 [ genlib ] [ INFO ] Searching order 5
2026-04-23 20:44:47,248 [ genlib ] [ INFO ] Searching order 6
2026-04-23 20:44:47,248 [ genlib ] [ INFO ] Searching order 7
2026-04-23 20:44:47,250 [ genlib ] [ INFO ] Updating bond lists
2026-04-23 20:44:47,250 [ genlib ] [ INFO ] Updating dihedrals
2026-04-23 20:44:47,250 [ genlib ] [ INFO ] Updating impropers
2026-04-23 20:44:47,250 [ genlib ] [ INFO ] Building library files for GLU --> LYN mutant
2026-04-23 20:44:47,251 [ genlib ] [ INFO ] reading rtp file "aminoacids.rtp"
2026-04-23 20:44:47,285 [ genlib ] [ INFO ] ENTERED SIMPLE
2026-04-23 20:44:47,285 [ genlib ] [ INFO ] Making atom pairs
2026-04-23 20:44:47,285 [ genlib ] [ INFO ] Searching branch 1
2026-04-23 20:44:47,285 [ genlib ] [ INFO ] Searching order 2
2026-04-23 20:44:47,285 [ genlib ] [ INFO ] Checking atom 1HB
2026-04-23 20:44:47,285 [ genlib ] [ INFO ] Define atom pair: GLU|1HB|HC|H         - > LYN|1HB|HC|H         (d = 0.22 A)
2026-04-23 20:44:47,285 [ genlib ] [ INFO ] Checking atom 2HB
2026-04-23 20:44:47,285 [ genlib ] [ INFO ] Define atom pair: GLU|2HB|HC|H         - > LYN|2HB|HC|H         (d = 0.18 A)
2026-04-23 20:44:47,285 [ genlib ] [ INFO ] Checking atom CG
2026-04-23 20:44:47,285 [ genlib ] [ INFO ] Define atom pair: GLU|CG|2C|C.3        - > LYN|CG|CT|C.3        (d = 0.17 A)
2026-04-23 20:44:47,286 [ genlib ] [ INFO ] Searching order 3
2026-04-23 20:44:47,286 [ genlib ] [ INFO ] Checking atom 1HG
2026-04-23 20:44:47,286 [ genlib ] [ INFO ] Define atom pair: GLU|1HG|HC|H         - > LYN|1HG|HC|H         (d = 0.26 A)
2026-04-23 20:44:47,286 [ genlib ] [ INFO ] Checking atom 2HG
2026-04-23 20:44:47,286 [ genlib ] [ INFO ] Define atom pair: GLU|2HG|HC|H         - > LYN|2HG|HC|H         (d = 0.16 A)
2026-04-23 20:44:47,286 [ genlib ] [ INFO ] Checking atom CD
2026-04-23 20:44:47,286 [ genlib ] [ INFO ] Define atom pair: GLU|CD|CO|C.2        - > LYN|CD|CT|C.3        (d = 0.16 A)
2026-04-23 20:44:47,286 [ genlib ] [ INFO ] Searching order 4
2026-04-23 20:44:47,286 [ genlib ] [ INFO ] Checking atom OE1
2026-04-23 20:44:47,286 [ genlib ] [ INFO ] Define atom pair: GLU|OE1|O2|O.co2     - > LYN|CE|CT|C.3        (d = 0.35 A)
2026-04-23 20:44:47,286 [ genlib ] [ INFO ] Checking atom OE2
2026-04-23 20:44:47,286 [ genlib ] [ INFO ] No partner found for atom OE2
2026-04-23 20:44:47,286 [ genlib ] [ INFO ] Searching order 5
2026-04-23 20:44:47,286 [ genlib ] [ INFO ] Searching order 6
2026-04-23 20:44:47,286 [ genlib ] [ INFO ] Searching order 7
2026-04-23 20:44:47,286 [ genlib ] [ INFO ] Searching branch 2
2026-04-23 20:44:47,286 [ genlib ] [ INFO ] Searching order 2
2026-04-23 20:44:47,286 [ genlib ] [ INFO ] Searching order 3
2026-04-23 20:44:47,286 [ genlib ] [ INFO ] Searching order 4
2026-04-23 20:44:47,286 [ genlib ] [ INFO ] Checking atom OE2
2026-04-23 20:44:47,286 [ genlib ] [ INFO ] No partner found for atom OE2
2026-04-23 20:44:47,286 [ genlib ] [ INFO ] Searching order 5
2026-04-23 20:44:47,286 [ genlib ] [ INFO ] Searching order 6
2026-04-23 20:44:47,286 [ genlib ] [ INFO ] Searching order 7
2026-04-23 20:44:47,289 [ genlib ] [ INFO ] Updating bond lists
2026-04-23 20:44:47,289 [ genlib ] [ INFO ] Updating dihedrals
2026-04-23 20:44:47,289 [ genlib ] [ INFO ] Updating impropers
2026-04-23 20:44:47,290 [ genlib ] [ INFO ] Building library files for GLU --> LYS mutant
2026-04-23 20:44:47,290 [ genlib ] [ INFO ] reading rtp file "aminoacids.rtp"
2026-04-23 20:44:47,340 [ genlib ] [ INFO ] ENTERED SIMPLE
2026-04-23 20:44:47,340 [ genlib ] [ INFO ] Making atom pairs
2026-04-23 20:44:47,340 [ genlib ] [ INFO ] Searching branch 1
2026-04-23 20:44:47,340 [ genlib ] [ INFO ] Searching order 2
2026-04-23 20:44:47,340 [ genlib ] [ INFO ] Checking atom 1HB
2026-04-23 20:44:47,340 [ genlib ] [ INFO ] Define atom pair: GLU|1HB|HC|H         - > LYS|1HB|HC|H         (d = 0.20 A)
2026-04-23 20:44:47,340 [ genlib ] [ INFO ] Checking atom 2HB
2026-04-23 20:44:47,340 [ genlib ] [ INFO ] Define atom pair: GLU|2HB|HC|H         - > LYS|2HB|HC|H         (d = 0.20 A)
2026-04-23 20:44:47,340 [ genlib ] [ INFO ] Checking atom CG
2026-04-23 20:44:47,340 [ genlib ] [ INFO ] Define atom pair: GLU|CG|2C|C.3        - > LYS|CG|C8|C.3        (d = 0.17 A)
2026-04-23 20:44:47,340 [ genlib ] [ INFO ] Searching order 3
2026-04-23 20:44:47,340 [ genlib ] [ INFO ] Checking atom 1HG
2026-04-23 20:44:47,340 [ genlib ] [ INFO ] Define atom pair: GLU|1HG|HC|H         - > LYS|1HG|HC|H         (d = 0.28 A)
2026-04-23 20:44:47,340 [ genlib ] [ INFO ] Checking atom 2HG
2026-04-23 20:44:47,340 [ genlib ] [ INFO ] Define atom pair: GLU|2HG|HC|H         - > LYS|2HG|HC|H         (d = 0.19 A)
2026-04-23 20:44:47,340 [ genlib ] [ INFO ] Checking atom CD
2026-04-23 20:44:47,340 [ genlib ] [ INFO ] Define atom pair: GLU|CD|CO|C.2        - > LYS|CD|C8|C.3        (d = 0.18 A)
2026-04-23 20:44:47,340 [ genlib ] [ INFO ] Searching order 4
2026-04-23 20:44:47,340 [ genlib ] [ INFO ] Checking atom OE1
2026-04-23 20:44:47,340 [ genlib ] [ INFO ] Define atom pair: GLU|OE1|O2|O.co2     - > LYS|CE|C8|C.3        (d = 0.30 A)
2026-04-23 20:44:47,340 [ genlib ] [ INFO ] Checking atom OE2
2026-04-23 20:44:47,340 [ genlib ] [ INFO ] No partner found for atom OE2
2026-04-23 20:44:47,340 [ genlib ] [ INFO ] Searching order 5
2026-04-23 20:44:47,340 [ genlib ] [ INFO ] Searching order 6
2026-04-23 20:44:47,340 [ genlib ] [ INFO ] Searching order 7
2026-04-23 20:44:47,340 [ genlib ] [ INFO ] Searching branch 2
2026-04-23 20:44:47,340 [ genlib ] [ INFO ] Searching order 2
2026-04-23 20:44:47,340 [ genlib ] [ INFO ] Searching order 3
2026-04-23 20:44:47,340 [ genlib ] [ INFO ] Searching order 4
2026-04-23 20:44:47,340 [ genlib ] [ INFO ] Checking atom OE2
2026-04-23 20:44:47,340 [ genlib ] [ INFO ] No partner found for atom OE2
2026-04-23 20:44:47,340 [ genlib ] [ INFO ] Searching order 5
2026-04-23 20:44:47,340 [ genlib ] [ INFO ] Searching order 6
2026-04-23 20:44:47,340 [ genlib ] [ INFO ] Searching order 7
2026-04-23 20:44:47,344 [ genlib ] [ INFO ] Updating bond lists
2026-04-23 20:44:47,344 [ genlib ] [ INFO ] Updating dihedrals
2026-04-23 20:44:47,344 [ genlib ] [ INFO ] Updating impropers
2026-04-23 20:44:47,344 [ genlib ] [ INFO ] Building library files for GLU --> MET mutant
2026-04-23 20:44:47,345 [ genlib ] [ INFO ] reading rtp file "aminoacids.rtp"
2026-04-23 20:44:47,379 [ genlib ] [ INFO ] ENTERED SIMPLE
2026-04-23 20:44:47,379 [ genlib ] [ INFO ] Making atom pairs
2026-04-23 20:44:47,379 [ genlib ] [ INFO ] Searching branch 1
2026-04-23 20:44:47,379 [ genlib ] [ INFO ] Searching order 2
2026-04-23 20:44:47,379 [ genlib ] [ INFO ] Checking atom 1HB
2026-04-23 20:44:47,379 [ genlib ] [ INFO ] Define atom pair: GLU|1HB|HC|H         - > MET|1HB|HC|H         (d = 0.20 A)
2026-04-23 20:44:47,379 [ genlib ] [ INFO ] Checking atom 2HB
2026-04-23 20:44:47,379 [ genlib ] [ INFO ] Define atom pair: GLU|2HB|HC|H         - > MET|2HB|HC|H         (d = 0.20 A)
2026-04-23 20:44:47,379 [ genlib ] [ INFO ] Checking atom CG
2026-04-23 20:44:47,379 [ genlib ] [ INFO ] Define atom pair: GLU|CG|2C|C.3        - > MET|CG|2C|C.3        (d = 0.12 A)
2026-04-23 20:44:47,379 [ genlib ] [ INFO ] Searching order 3
2026-04-23 20:44:47,379 [ genlib ] [ INFO ] Checking atom 1HG
2026-04-23 20:44:47,379 [ genlib ] [ INFO ] Define atom pair: GLU|1HG|HC|H         - > MET|1HG|H1|H         (d = 0.19 A)
2026-04-23 20:44:47,379 [ genlib ] [ INFO ] Checking atom 2HG
2026-04-23 20:44:47,379 [ genlib ] [ INFO ] Define atom pair: GLU|2HG|HC|H         - > MET|2HG|H1|H         (d = 0.18 A)
2026-04-23 20:44:47,379 [ genlib ] [ INFO ] Checking atom CD
2026-04-23 20:44:47,379 [ genlib ] [ INFO ] Define atom pair: GLU|CD|CO|C.2        - > MET|SD|S|S.3         (d = 0.23 A)
2026-04-23 20:44:47,379 [ genlib ] [ INFO ] Searching order 4
2026-04-23 20:44:47,379 [ genlib ] [ INFO ] Checking atom OE1
2026-04-23 20:44:47,379 [ genlib ] [ INFO ] No partner found for atom OE1
2026-04-23 20:44:47,379 [ genlib ] [ INFO ] Checking atom OE2
2026-04-23 20:44:47,379 [ genlib ] [ INFO ] No partner found for atom OE2
2026-04-23 20:44:47,379 [ genlib ] [ INFO ] Searching order 5
2026-04-23 20:44:47,379 [ genlib ] [ INFO ] Searching order 6
2026-04-23 20:44:47,379 [ genlib ] [ INFO ] Searching order 7
2026-04-23 20:44:47,379 [ genlib ] [ INFO ] Searching branch 2
2026-04-23 20:44:47,379 [ genlib ] [ INFO ] Searching order 2
2026-04-23 20:44:47,379 [ genlib ] [ INFO ] Searching order 3
2026-04-23 20:44:47,379 [ genlib ] [ INFO ] Searching order 4
2026-04-23 20:44:47,380 [ genlib ] [ INFO ] Checking atom OE1
2026-04-23 20:44:47,380 [ genlib ] [ INFO ] No partner found for atom OE1
2026-04-23 20:44:47,380 [ genlib ] [ INFO ] Checking atom OE2
2026-04-23 20:44:47,380 [ genlib ] [ INFO ] No partner found for atom OE2
2026-04-23 20:44:47,380 [ genlib ] [ INFO ] Searching order 5
2026-04-23 20:44:47,380 [ genlib ] [ INFO ] Searching order 6
2026-04-23 20:44:47,380 [ genlib ] [ INFO ] Searching order 7
2026-04-23 20:44:47,381 [ genlib ] [ INFO ] Updating bond lists
2026-04-23 20:44:47,381 [ genlib ] [ INFO ] Updating dihedrals
2026-04-23 20:44:47,381 [ genlib ] [ INFO ] Updating impropers
2026-04-23 20:44:47,381 [ genlib ] [ INFO ] Building library files for GLU --> PHE mutant
2026-04-23 20:44:47,382 [ genlib ] [ INFO ] reading rtp file "aminoacids.rtp"
2026-04-23 20:44:47,417 [ genlib ] [ INFO ] ENTERED RINGS
2026-04-23 20:44:47,417 [ genlib ] [ INFO ] Making atom pairs
2026-04-23 20:44:47,421 [ genlib ] [ INFO ] Updating bond lists
2026-04-23 20:44:47,421 [ genlib ] [ INFO ] Updating dihedrals
2026-04-23 20:44:47,421 [ genlib ] [ INFO ] Updating impropers
2026-04-23 20:44:47,422 [ genlib ] [ INFO ] Building library files for GLU --> PRO mutant
2026-04-23 20:44:47,422 [ genlib ] [ INFO ] reading rtp file "aminoacids.rtp"
2026-04-23 20:44:47,457 [ genlib ] [ INFO ] ENTERED P
2026-04-23 20:44:47,457 [ genlib ] [ INFO ] Making atom pairs
2026-04-23 20:44:47,459 [ genlib ] [ INFO ] Updating bond lists
2026-04-23 20:44:47,459 [ genlib ] [ INFO ] Updating dihedrals
2026-04-23 20:44:47,459 [ genlib ] [ INFO ] Updating impropers
2026-04-23 20:44:47,460 [ genlib ] [ INFO ] Building library files for GLU --> SER mutant
2026-04-23 20:44:47,460 [ genlib ] [ INFO ] reading rtp file "aminoacids.rtp"
2026-04-23 20:44:47,495 [ genlib ] [ INFO ] ENTERED SIMPLE
2026-04-23 20:44:47,495 [ genlib ] [ INFO ] Making atom pairs
2026-04-23 20:44:47,495 [ genlib ] [ INFO ] Searching branch 1
2026-04-23 20:44:47,495 [ genlib ] [ INFO ] Searching order 2
2026-04-23 20:44:47,495 [ genlib ] [ INFO ] Checking atom 1HB
2026-04-23 20:44:47,495 [ genlib ] [ INFO ] Define atom pair: GLU|1HB|HC|H         - > SER|1HB|H1|H         (d = 0.07 A)
2026-04-23 20:44:47,495 [ genlib ] [ INFO ] Checking atom 2HB
2026-04-23 20:44:47,495 [ genlib ] [ INFO ] Define atom pair: GLU|2HB|HC|H         - > SER|2HB|H1|H         (d = 0.07 A)
2026-04-23 20:44:47,495 [ genlib ] [ INFO ] Checking atom CG
2026-04-23 20:44:47,495 [ genlib ] [ INFO ] Define atom pair: GLU|CG|2C|C.3        - > SER|OG|OH|O.3        (d = 0.16 A)
2026-04-23 20:44:47,495 [ genlib ] [ INFO ] Searching order 3
2026-04-23 20:44:47,495 [ genlib ] [ INFO ] Checking atom 1HG
2026-04-23 20:44:47,495 [ genlib ] [ INFO ] No partner found for atom 1HG
2026-04-23 20:44:47,495 [ genlib ] [ INFO ] Checking atom 2HG
2026-04-23 20:44:47,495 [ genlib ] [ INFO ] No partner found for atom 2HG
2026-04-23 20:44:47,495 [ genlib ] [ INFO ] Checking atom CD
2026-04-23 20:44:47,495 [ genlib ] [ INFO ] No partner found for atom CD
2026-04-23 20:44:47,495 [ genlib ] [ INFO ] Searching order 4
2026-04-23 20:44:47,495 [ genlib ] [ INFO ] Searching order 5
2026-04-23 20:44:47,495 [ genlib ] [ INFO ] Searching order 6
2026-04-23 20:44:47,495 [ genlib ] [ INFO ] Searching order 7
2026-04-23 20:44:47,495 [ genlib ] [ INFO ] Searching branch 2
2026-04-23 20:44:47,495 [ genlib ] [ INFO ] Searching order 2
2026-04-23 20:44:47,495 [ genlib ] [ INFO ] Searching order 3
2026-04-23 20:44:47,495 [ genlib ] [ INFO ] Checking atom 1HG
2026-04-23 20:44:47,495 [ genlib ] [ INFO ] No partner found for atom 1HG
2026-04-23 20:44:47,495 [ genlib ] [ INFO ] Checking atom 2HG
2026-04-23 20:44:47,495 [ genlib ] [ INFO ] No partner found for atom 2HG
2026-04-23 20:44:47,495 [ genlib ] [ INFO ] Checking atom CD
2026-04-23 20:44:47,495 [ genlib ] [ INFO ] No partner found for atom CD
2026-04-23 20:44:47,495 [ genlib ] [ INFO ] Searching order 4
2026-04-23 20:44:47,495 [ genlib ] [ INFO ] Searching order 5
2026-04-23 20:44:47,495 [ genlib ] [ INFO ] Searching order 6
2026-04-23 20:44:47,495 [ genlib ] [ INFO ] Searching order 7
2026-04-23 20:44:47,496 [ genlib ] [ INFO ] Updating bond lists
2026-04-23 20:44:47,496 [ genlib ] [ INFO ] Updating dihedrals
2026-04-23 20:44:47,496 [ genlib ] [ INFO ] Updating impropers
2026-04-23 20:44:47,496 [ genlib ] [ INFO ] Building library files for GLU --> THR mutant
2026-04-23 20:44:47,497 [ genlib ] [ INFO ] reading rtp file "aminoacids.rtp"
2026-04-23 20:44:47,532 [ genlib ] [ INFO ] ENTERED SIMPLE
2026-04-23 20:44:47,532 [ genlib ] [ INFO ] Making atom pairs
2026-04-23 20:44:47,532 [ genlib ] [ INFO ] Searching branch 1
2026-04-23 20:44:47,532 [ genlib ] [ INFO ] Searching order 2
2026-04-23 20:44:47,532 [ genlib ] [ INFO ] Checking atom 1HB
2026-04-23 20:44:47,532 [ genlib ] [ INFO ] Define atom pair: GLU|1HB|HC|H         - > THR|HB|H1|H          (d = 0.11 A)
2026-04-23 20:44:47,532 [ genlib ] [ INFO ] Checking atom 2HB
2026-04-23 20:44:47,532 [ genlib ] [ INFO ] No partner found for atom 2HB
2026-04-23 20:44:47,532 [ genlib ] [ INFO ] Checking atom CG
2026-04-23 20:44:47,532 [ genlib ] [ INFO ] Define atom pair: GLU|CG|2C|C.3        - > THR|OG1|OH|O.3       (d = 0.22 A)
2026-04-23 20:44:47,532 [ genlib ] [ INFO ] Searching order 3
2026-04-23 20:44:47,532 [ genlib ] [ INFO ] Checking atom 1HG
2026-04-23 20:44:47,532 [ genlib ] [ INFO ] No partner found for atom 1HG
2026-04-23 20:44:47,532 [ genlib ] [ INFO ] Checking atom 2HG
2026-04-23 20:44:47,532 [ genlib ] [ INFO ] No partner found for atom 2HG
2026-04-23 20:44:47,532 [ genlib ] [ INFO ] Checking atom CD
2026-04-23 20:44:47,532 [ genlib ] [ INFO ] No partner found for atom CD
2026-04-23 20:44:47,532 [ genlib ] [ INFO ] Searching order 4
2026-04-23 20:44:47,532 [ genlib ] [ INFO ] Searching order 5
2026-04-23 20:44:47,532 [ genlib ] [ INFO ] Searching order 6
2026-04-23 20:44:47,532 [ genlib ] [ INFO ] Searching order 7
2026-04-23 20:44:47,532 [ genlib ] [ INFO ] Searching branch 2
2026-04-23 20:44:47,532 [ genlib ] [ INFO ] Searching order 2
2026-04-23 20:44:47,532 [ genlib ] [ INFO ] Checking atom 2HB
2026-04-23 20:44:47,532 [ genlib ] [ INFO ] No partner found for atom 2HB
2026-04-23 20:44:47,532 [ genlib ] [ INFO ] Searching order 3
2026-04-23 20:44:47,532 [ genlib ] [ INFO ] Checking atom 1HG
2026-04-23 20:44:47,532 [ genlib ] [ INFO ] No partner found for atom 1HG
2026-04-23 20:44:47,532 [ genlib ] [ INFO ] Checking atom 2HG
2026-04-23 20:44:47,532 [ genlib ] [ INFO ] No partner found for atom 2HG
2026-04-23 20:44:47,532 [ genlib ] [ INFO ] Checking atom CD
2026-04-23 20:44:47,532 [ genlib ] [ INFO ] No partner found for atom CD
2026-04-23 20:44:47,532 [ genlib ] [ INFO ] Searching order 4
2026-04-23 20:44:47,532 [ genlib ] [ INFO ] Searching order 5
2026-04-23 20:44:47,532 [ genlib ] [ INFO ] Searching order 6
2026-04-23 20:44:47,532 [ genlib ] [ INFO ] Searching order 7
2026-04-23 20:44:47,534 [ genlib ] [ INFO ] Updating bond lists
2026-04-23 20:44:47,534 [ genlib ] [ INFO ] Updating dihedrals
2026-04-23 20:44:47,534 [ genlib ] [ INFO ] Updating impropers
2026-04-23 20:44:47,535 [ genlib ] [ INFO ] Building library files for GLU --> TRP mutant
2026-04-23 20:44:47,535 [ genlib ] [ INFO ] reading rtp file "aminoacids.rtp"
2026-04-23 20:44:47,570 [ genlib ] [ INFO ] ENTERED RINGS
2026-04-23 20:44:47,570 [ genlib ] [ INFO ] Making atom pairs
2026-04-23 20:44:47,577 [ genlib ] [ INFO ] Updating bond lists
2026-04-23 20:44:47,577 [ genlib ] [ INFO ] Updating dihedrals
2026-04-23 20:44:47,577 [ genlib ] [ INFO ] Updating impropers
2026-04-23 20:44:47,578 [ genlib ] [ INFO ] Building library files for GLU --> TYR mutant
2026-04-23 20:44:47,579 [ genlib ] [ INFO ] reading rtp file "aminoacids.rtp"
2026-04-23 20:44:47,614 [ genlib ] [ INFO ] ENTERED RINGS
2026-04-23 20:44:47,614 [ genlib ] [ INFO ] Making atom pairs
2026-04-23 20:44:47,619 [ genlib ] [ INFO ] Updating bond lists
2026-04-23 20:44:47,619 [ genlib ] [ INFO ] Updating dihedrals
2026-04-23 20:44:47,619 [ genlib ] [ INFO ] Updating impropers
2026-04-23 20:44:47,620 [ genlib ] [ INFO ] Building library files for GLU --> VAL mutant
2026-04-23 20:44:47,620 [ genlib ] [ INFO ] reading rtp file "aminoacids.rtp"
2026-04-23 20:44:47,655 [ genlib ] [ INFO ] ENTERED SIMPLE
2026-04-23 20:44:47,655 [ genlib ] [ INFO ] Making atom pairs
2026-04-23 20:44:47,655 [ genlib ] [ INFO ] Searching branch 1
2026-04-23 20:44:47,655 [ genlib ] [ INFO ] Searching order 2
2026-04-23 20:44:47,655 [ genlib ] [ INFO ] Checking atom 1HB
2026-04-23 20:44:47,655 [ genlib ] [ INFO ] Define atom pair: GLU|1HB|HC|H         - > VAL|HB|HC|H          (d = 0.02 A)
2026-04-23 20:44:47,655 [ genlib ] [ INFO ] Checking atom 2HB
2026-04-23 20:44:47,655 [ genlib ] [ INFO ] Define atom pair: GLU|2HB|HC|H         - > VAL|CG1|CT|C.3       (d = 0.49 A)
2026-04-23 20:44:47,655 [ genlib ] [ INFO ] Checking atom CG
2026-04-23 20:44:47,655 [ genlib ] [ INFO ] Define atom pair: GLU|CG|2C|C.3        - > VAL|CG2|CT|C.3       (d = 0.07 A)
2026-04-23 20:44:47,655 [ genlib ] [ INFO ] Searching order 3
2026-04-23 20:44:47,655 [ genlib ] [ INFO ] Checking atom 1HG
2026-04-23 20:44:47,655 [ genlib ] [ INFO ] Define atom pair: GLU|1HG|HC|H         - > VAL|2HG2|HC|H        (d = 0.11 A)
2026-04-23 20:44:47,655 [ genlib ] [ INFO ] Checking atom 2HG
2026-04-23 20:44:47,655 [ genlib ] [ INFO ] Define atom pair: GLU|2HG|HC|H         - > VAL|3HG2|HC|H        (d = 0.12 A)
2026-04-23 20:44:47,655 [ genlib ] [ INFO ] Checking atom CD
2026-04-23 20:44:47,655 [ genlib ] [ INFO ] Define atom pair: GLU|CD|CO|C.2        - > VAL|1HG2|HC|H        (d = 0.43 A)
2026-04-23 20:44:47,655 [ genlib ] [ INFO ] Searching order 4
2026-04-23 20:44:47,655 [ genlib ] [ INFO ] Checking atom OE1
2026-04-23 20:44:47,655 [ genlib ] [ INFO ] No partner found for atom OE1
2026-04-23 20:44:47,655 [ genlib ] [ INFO ] Checking atom OE2
2026-04-23 20:44:47,655 [ genlib ] [ INFO ] No partner found for atom OE2
2026-04-23 20:44:47,655 [ genlib ] [ INFO ] Searching order 5
2026-04-23 20:44:47,655 [ genlib ] [ INFO ] Searching order 6
2026-04-23 20:44:47,655 [ genlib ] [ INFO ] Searching order 7
2026-04-23 20:44:47,655 [ genlib ] [ INFO ] Searching branch 2
2026-04-23 20:44:47,655 [ genlib ] [ INFO ] Searching order 2
2026-04-23 20:44:47,655 [ genlib ] [ INFO ] Searching order 3
2026-04-23 20:44:47,655 [ genlib ] [ INFO ] Searching order 4
2026-04-23 20:44:47,655 [ genlib ] [ INFO ] Checking atom OE1
2026-04-23 20:44:47,655 [ genlib ] [ INFO ] No partner found for atom OE1
2026-04-23 20:44:47,655 [ genlib ] [ INFO ] Checking atom OE2
2026-04-23 20:44:47,655 [ genlib ] [ INFO ] No partner found for atom OE2
2026-04-23 20:44:47,655 [ genlib ] [ INFO ] Searching order 5
2026-04-23 20:44:47,655 [ genlib ] [ INFO ] Searching order 6
2026-04-23 20:44:47,655 [ genlib ] [ INFO ] Searching order 7
2026-04-23 20:44:47,656 [ genlib ] [ INFO ] Updating bond lists
2026-04-23 20:44:47,657 [ genlib ] [ INFO ] Updating dihedrals
2026-04-23 20:44:47,657 [ genlib ] [ INFO ] Updating impropers
2026-04-23 20:44:47,657 [ genlib ] [ INFO ] Building library files for GLY --> ALA mutant
2026-04-23 20:44:47,657 [ genlib ] [ INFO ] reading rtp file "aminoacids.rtp"
2026-04-23 20:44:47,691 [ genlib ] [ INFO ] ENTERED G
2026-04-23 20:44:47,691 [ genlib ] [ INFO ] Making atom pairs
2026-04-23 20:44:47,694 [ genlib ] [ INFO ] Updating bond lists
2026-04-23 20:44:47,694 [ genlib ] [ INFO ] Updating dihedrals
2026-04-23 20:44:47,694 [ genlib ] [ INFO ] Updating impropers
2026-04-23 20:44:47,694 [ genlib ] [ INFO ] Building library files for GLY --> ARG mutant
2026-04-23 20:44:47,694 [ genlib ] [ INFO ] reading rtp file "aminoacids.rtp"
2026-04-23 20:44:47,729 [ genlib ] [ INFO ] ENTERED G
2026-04-23 20:44:47,729 [ genlib ] [ INFO ] Making atom pairs
2026-04-23 20:44:47,738 [ genlib ] [ INFO ] Updating bond lists
2026-04-23 20:44:47,738 [ genlib ] [ INFO ] Updating dihedrals
2026-04-23 20:44:47,738 [ genlib ] [ INFO ] Updating impropers
2026-04-23 20:44:47,738 [ genlib ] [ INFO ] Building library files for GLY --> ASH mutant
2026-04-23 20:44:47,739 [ genlib ] [ INFO ] reading rtp file "aminoacids.rtp"
2026-04-23 20:44:47,773 [ genlib ] [ INFO ] ENTERED G
2026-04-23 20:44:47,773 [ genlib ] [ INFO ] Making atom pairs
2026-04-23 20:44:47,776 [ genlib ] [ INFO ] Updating bond lists
2026-04-23 20:44:47,776 [ genlib ] [ INFO ] Updating dihedrals
2026-04-23 20:44:47,776 [ genlib ] [ INFO ] Updating impropers
2026-04-23 20:44:47,776 [ genlib ] [ INFO ] Building library files for GLY --> ASN mutant
2026-04-23 20:44:47,776 [ genlib ] [ INFO ] reading rtp file "aminoacids.rtp"
2026-04-23 20:44:47,811 [ genlib ] [ INFO ] ENTERED G
2026-04-23 20:44:47,811 [ genlib ] [ INFO ] Making atom pairs
2026-04-23 20:44:47,814 [ genlib ] [ INFO ] Updating bond lists
2026-04-23 20:44:47,814 [ genlib ] [ INFO ] Updating dihedrals
2026-04-23 20:44:47,814 [ genlib ] [ INFO ] Updating impropers
2026-04-23 20:44:47,814 [ genlib ] [ INFO ] Building library files for GLY --> ASP mutant
2026-04-23 20:44:47,814 [ genlib ] [ INFO ] reading rtp file "aminoacids.rtp"
2026-04-23 20:44:47,849 [ genlib ] [ INFO ] ENTERED G
2026-04-23 20:44:47,849 [ genlib ] [ INFO ] Making atom pairs
2026-04-23 20:44:47,851 [ genlib ] [ INFO ] Updating bond lists
2026-04-23 20:44:47,851 [ genlib ] [ INFO ] Updating dihedrals
2026-04-23 20:44:47,851 [ genlib ] [ INFO ] Updating impropers
2026-04-23 20:44:47,851 [ genlib ] [ INFO ] Building library files for GLY --> CYS mutant
2026-04-23 20:44:47,852 [ genlib ] [ INFO ] reading rtp file "aminoacids.rtp"
2026-04-23 20:44:47,886 [ genlib ] [ INFO ] ENTERED G
2026-04-23 20:44:47,887 [ genlib ] [ INFO ] Making atom pairs
2026-04-23 20:44:47,889 [ genlib ] [ INFO ] Updating bond lists
2026-04-23 20:44:47,889 [ genlib ] [ INFO ] Updating dihedrals
2026-04-23 20:44:47,889 [ genlib ] [ INFO ] Updating impropers
2026-04-23 20:44:47,890 [ genlib ] [ INFO ] Building library files for GLY --> GLH mutant
2026-04-23 20:44:47,890 [ genlib ] [ INFO ] reading rtp file "aminoacids.rtp"
2026-04-23 20:44:47,925 [ genlib ] [ INFO ] ENTERED G
2026-04-23 20:44:47,925 [ genlib ] [ INFO ] Making atom pairs
2026-04-23 20:44:47,928 [ genlib ] [ INFO ] Updating bond lists
2026-04-23 20:44:47,928 [ genlib ] [ INFO ] Updating dihedrals
2026-04-23 20:44:47,928 [ genlib ] [ INFO ] Updating impropers
2026-04-23 20:44:47,929 [ genlib ] [ INFO ] Building library files for GLY --> GLN mutant
2026-04-23 20:44:47,929 [ genlib ] [ INFO ] reading rtp file "aminoacids.rtp"
2026-04-23 20:44:47,964 [ genlib ] [ INFO ] ENTERED G
2026-04-23 20:44:47,964 [ genlib ] [ INFO ] Making atom pairs
2026-04-23 20:44:47,968 [ genlib ] [ INFO ] Updating bond lists
2026-04-23 20:44:47,969 [ genlib ] [ INFO ] Updating dihedrals
2026-04-23 20:44:47,969 [ genlib ] [ INFO ] Updating impropers
2026-04-23 20:44:47,969 [ genlib ] [ INFO ] Building library files for GLY --> GLU mutant
2026-04-23 20:44:47,969 [ genlib ] [ INFO ] reading rtp file "aminoacids.rtp"
2026-04-23 20:44:48,004 [ genlib ] [ INFO ] ENTERED G
2026-04-23 20:44:48,004 [ genlib ] [ INFO ] Making atom pairs
2026-04-23 20:44:48,007 [ genlib ] [ INFO ] Updating bond lists
2026-04-23 20:44:48,007 [ genlib ] [ INFO ] Updating dihedrals
2026-04-23 20:44:48,007 [ genlib ] [ INFO ] Updating impropers
2026-04-23 20:44:48,007 [ genlib ] [ INFO ] Building library files for GLY --> HID mutant
2026-04-23 20:44:48,008 [ genlib ] [ INFO ] reading rtp file "aminoacids.rtp"
2026-04-23 20:44:48,042 [ genlib ] [ INFO ] ENTERED G
2026-04-23 20:44:48,042 [ genlib ] [ INFO ] Making atom pairs
2026-04-23 20:44:48,046 [ genlib ] [ INFO ] Updating bond lists
2026-04-23 20:44:48,046 [ genlib ] [ INFO ] Updating dihedrals
2026-04-23 20:44:48,046 [ genlib ] [ INFO ] Updating impropers
2026-04-23 20:44:48,046 [ genlib ] [ INFO ] Building library files for GLY --> HIE mutant
2026-04-23 20:44:48,047 [ genlib ] [ INFO ] reading rtp file "aminoacids.rtp"
2026-04-23 20:44:48,081 [ genlib ] [ INFO ] ENTERED G
2026-04-23 20:44:48,082 [ genlib ] [ INFO ] Making atom pairs
2026-04-23 20:44:48,086 [ genlib ] [ INFO ] Updating bond lists
2026-04-23 20:44:48,087 [ genlib ] [ INFO ] Updating dihedrals
2026-04-23 20:44:48,087 [ genlib ] [ INFO ] Updating impropers
2026-04-23 20:44:48,087 [ genlib ] [ INFO ] Building library files for GLY --> HIP mutant
2026-04-23 20:44:48,087 [ genlib ] [ INFO ] reading rtp file "aminoacids.rtp"
2026-04-23 20:44:48,122 [ genlib ] [ INFO ] ENTERED G
2026-04-23 20:44:48,122 [ genlib ] [ INFO ] Making atom pairs
2026-04-23 20:44:48,126 [ genlib ] [ INFO ] Updating bond lists
2026-04-23 20:44:48,126 [ genlib ] [ INFO ] Updating dihedrals
2026-04-23 20:44:48,126 [ genlib ] [ INFO ] Updating impropers
2026-04-23 20:44:48,127 [ genlib ] [ INFO ] Building library files for GLY --> ILE mutant
2026-04-23 20:44:48,127 [ genlib ] [ INFO ] reading rtp file "aminoacids.rtp"
2026-04-23 20:44:48,162 [ genlib ] [ INFO ] ENTERED G
2026-04-23 20:44:48,162 [ genlib ] [ INFO ] Making atom pairs
2026-04-23 20:44:48,167 [ genlib ] [ INFO ] Updating bond lists
2026-04-23 20:44:48,167 [ genlib ] [ INFO ] Updating dihedrals
2026-04-23 20:44:48,167 [ genlib ] [ INFO ] Updating impropers
2026-04-23 20:44:48,167 [ genlib ] [ INFO ] Building library files for GLY --> LEU mutant
2026-04-23 20:44:48,168 [ genlib ] [ INFO ] reading rtp file "aminoacids.rtp"
2026-04-23 20:44:48,203 [ genlib ] [ INFO ] ENTERED G
2026-04-23 20:44:48,203 [ genlib ] [ INFO ] Making atom pairs
2026-04-23 20:44:48,208 [ genlib ] [ INFO ] Updating bond lists
2026-04-23 20:44:48,208 [ genlib ] [ INFO ] Updating dihedrals
2026-04-23 20:44:48,208 [ genlib ] [ INFO ] Updating impropers
2026-04-23 20:44:48,208 [ genlib ] [ INFO ] Building library files for GLY --> LYN mutant
2026-04-23 20:44:48,209 [ genlib ] [ INFO ] reading rtp file "aminoacids.rtp"
2026-04-23 20:44:48,243 [ genlib ] [ INFO ] ENTERED G
2026-04-23 20:44:48,243 [ genlib ] [ INFO ] Making atom pairs
2026-04-23 20:44:48,250 [ genlib ] [ INFO ] Updating bond lists
2026-04-23 20:44:48,250 [ genlib ] [ INFO ] Updating dihedrals
2026-04-23 20:44:48,251 [ genlib ] [ INFO ] Updating impropers
2026-04-23 20:44:48,251 [ genlib ] [ INFO ] Building library files for GLY --> LYS mutant
2026-04-23 20:44:48,251 [ genlib ] [ INFO ] reading rtp file "aminoacids.rtp"
2026-04-23 20:44:48,286 [ genlib ] [ INFO ] ENTERED G
2026-04-23 20:44:48,286 [ genlib ] [ INFO ] Making atom pairs
2026-04-23 20:44:48,293 [ genlib ] [ INFO ] Updating bond lists
2026-04-23 20:44:48,294 [ genlib ] [ INFO ] Updating dihedrals
2026-04-23 20:44:48,294 [ genlib ] [ INFO ] Updating impropers
2026-04-23 20:44:48,294 [ genlib ] [ INFO ] Building library files for GLY --> MET mutant
2026-04-23 20:44:48,295 [ genlib ] [ INFO ] reading rtp file "aminoacids.rtp"
2026-04-23 20:44:48,330 [ genlib ] [ INFO ] ENTERED G
2026-04-23 20:44:48,330 [ genlib ] [ INFO ] Making atom pairs
2026-04-23 20:44:48,334 [ genlib ] [ INFO ] Updating bond lists
2026-04-23 20:44:48,334 [ genlib ] [ INFO ] Updating dihedrals
2026-04-23 20:44:48,334 [ genlib ] [ INFO ] Updating impropers
2026-04-23 20:44:48,335 [ genlib ] [ INFO ] Building library files for GLY --> PHE mutant
2026-04-23 20:44:48,336 [ genlib ] [ INFO ] reading rtp file "aminoacids.rtp"
2026-04-23 20:44:48,370 [ genlib ] [ INFO ] ENTERED G
2026-04-23 20:44:48,371 [ genlib ] [ INFO ] Making atom pairs
2026-04-23 20:44:48,376 [ genlib ] [ INFO ] Updating bond lists
2026-04-23 20:44:48,377 [ genlib ] [ INFO ] Updating dihedrals
2026-04-23 20:44:48,377 [ genlib ] [ INFO ] Updating impropers
2026-04-23 20:44:48,377 [ genlib ] [ INFO ] Building library files for GLY --> PRO mutant
2026-04-23 20:44:48,377 [ genlib ] [ INFO ] reading rtp file "aminoacids.rtp"
2026-04-23 20:44:48,415 [ genlib ] [ INFO ] ENTERED P
2026-04-23 20:44:48,416 [ genlib ] [ INFO ] subENTERED G
2026-04-23 20:44:48,416 [ genlib ] [ INFO ] Making atom pairs
2026-04-23 20:44:48,420 [ genlib ] [ INFO ] Updating bond lists
2026-04-23 20:44:48,420 [ genlib ] [ INFO ] Updating dihedrals
2026-04-23 20:44:48,420 [ genlib ] [ INFO ] Updating impropers
2026-04-23 20:44:48,420 [ genlib ] [ INFO ] Building library files for GLY --> SER mutant
2026-04-23 20:44:48,421 [ genlib ] [ INFO ] reading rtp file "aminoacids.rtp"
2026-04-23 20:44:48,456 [ genlib ] [ INFO ] ENTERED G
2026-04-23 20:44:48,456 [ genlib ] [ INFO ] Making atom pairs
2026-04-23 20:44:48,457 [ genlib ] [ INFO ] Updating bond lists
2026-04-23 20:44:48,457 [ genlib ] [ INFO ] Updating dihedrals
2026-04-23 20:44:48,458 [ genlib ] [ INFO ] Updating impropers
2026-04-23 20:44:48,458 [ genlib ] [ INFO ] Building library files for GLY --> THR mutant
2026-04-23 20:44:48,458 [ genlib ] [ INFO ] reading rtp file "aminoacids.rtp"
2026-04-23 20:44:48,492 [ genlib ] [ INFO ] ENTERED G
2026-04-23 20:44:48,492 [ genlib ] [ INFO ] Making atom pairs
2026-04-23 20:44:48,495 [ genlib ] [ INFO ] Updating bond lists
2026-04-23 20:44:48,495 [ genlib ] [ INFO ] Updating dihedrals
2026-04-23 20:44:48,495 [ genlib ] [ INFO ] Updating impropers
2026-04-23 20:44:48,495 [ genlib ] [ INFO ] Building library files for GLY --> TRP mutant
2026-04-23 20:44:48,496 [ genlib ] [ INFO ] reading rtp file "aminoacids.rtp"
2026-04-23 20:44:48,530 [ genlib ] [ INFO ] ENTERED G
2026-04-23 20:44:48,530 [ genlib ] [ INFO ] Making atom pairs
2026-04-23 20:44:48,539 [ genlib ] [ INFO ] Updating bond lists
2026-04-23 20:44:48,539 [ genlib ] [ INFO ] Updating dihedrals
2026-04-23 20:44:48,539 [ genlib ] [ INFO ] Updating impropers
2026-04-23 20:44:48,539 [ genlib ] [ INFO ] Building library files for GLY --> TYR mutant
2026-04-23 20:44:48,540 [ genlib ] [ INFO ] reading rtp file "aminoacids.rtp"
2026-04-23 20:44:48,574 [ genlib ] [ INFO ] ENTERED G
2026-04-23 20:44:48,574 [ genlib ] [ INFO ] Making atom pairs
2026-04-23 20:44:48,580 [ genlib ] [ INFO ] Updating bond lists
2026-04-23 20:44:48,580 [ genlib ] [ INFO ] Updating dihedrals
2026-04-23 20:44:48,580 [ genlib ] [ INFO ] Updating impropers
2026-04-23 20:44:48,581 [ genlib ] [ INFO ] Building library files for GLY --> VAL mutant
2026-04-23 20:44:48,581 [ genlib ] [ INFO ] reading rtp file "aminoacids.rtp"
2026-04-23 20:44:48,616 [ genlib ] [ INFO ] ENTERED G
2026-04-23 20:44:48,616 [ genlib ] [ INFO ] Making atom pairs
2026-04-23 20:44:48,620 [ genlib ] [ INFO ] Updating bond lists
2026-04-23 20:44:48,620 [ genlib ] [ INFO ] Updating dihedrals
2026-04-23 20:44:48,620 [ genlib ] [ INFO ] Updating impropers
2026-04-23 20:44:48,620 [ genlib ] [ INFO ] Building library files for HID --> ALA mutant
2026-04-23 20:44:48,621 [ genlib ] [ INFO ] reading rtp file "aminoacids.rtp"
2026-04-23 20:44:48,655 [ genlib ] [ INFO ] ENTERED T,A,V,I
2026-04-23 20:44:48,655 [ genlib ] [ INFO ] Making atom pairs
2026-04-23 20:44:48,656 [ genlib ] [ INFO ] Updating bond lists
2026-04-23 20:44:48,657 [ genlib ] [ INFO ] Updating dihedrals
2026-04-23 20:44:48,657 [ genlib ] [ INFO ] Updating impropers
2026-04-23 20:44:48,657 [ genlib ] [ INFO ] Building library files for HID --> ARG mutant
2026-04-23 20:44:48,658 [ genlib ] [ INFO ] reading rtp file "aminoacids.rtp"
2026-04-23 20:44:48,692 [ genlib ] [ INFO ] ENTERED RINGS
2026-04-23 20:44:48,692 [ genlib ] [ INFO ] Making atom pairs
2026-04-23 20:44:48,699 [ genlib ] [ INFO ] Updating bond lists
2026-04-23 20:44:48,699 [ genlib ] [ INFO ] Updating dihedrals
2026-04-23 20:44:48,699 [ genlib ] [ INFO ] Updating impropers
2026-04-23 20:44:48,699 [ genlib ] [ INFO ] Building library files for HID --> ASH mutant
2026-04-23 20:44:48,700 [ genlib ] [ INFO ] reading rtp file "aminoacids.rtp"
2026-04-23 20:44:48,734 [ genlib ] [ INFO ] ENTERED RINGS
2026-04-23 20:44:48,734 [ genlib ] [ INFO ] Making atom pairs
2026-04-23 20:44:48,735 [ genlib ] [ INFO ] Updating bond lists
2026-04-23 20:44:48,736 [ genlib ] [ INFO ] Updating dihedrals
2026-04-23 20:44:48,736 [ genlib ] [ INFO ] Updating impropers
2026-04-23 20:44:48,736 [ genlib ] [ INFO ] Building library files for HID --> ASN mutant
2026-04-23 20:44:48,737 [ genlib ] [ INFO ] reading rtp file "aminoacids.rtp"
2026-04-23 20:44:48,771 [ genlib ] [ INFO ] ENTERED RINGS
2026-04-23 20:44:48,771 [ genlib ] [ INFO ] Making atom pairs
2026-04-23 20:44:48,773 [ genlib ] [ INFO ] Updating bond lists
2026-04-23 20:44:48,773 [ genlib ] [ INFO ] Updating dihedrals
2026-04-23 20:44:48,773 [ genlib ] [ INFO ] Updating impropers
2026-04-23 20:44:48,773 [ genlib ] [ INFO ] Building library files for HID --> ASP mutant
2026-04-23 20:44:48,774 [ genlib ] [ INFO ] reading rtp file "aminoacids.rtp"
2026-04-23 20:44:48,809 [ genlib ] [ INFO ] ENTERED RINGS
2026-04-23 20:44:48,809 [ genlib ] [ INFO ] Making atom pairs
2026-04-23 20:44:48,810 [ genlib ] [ INFO ] Updating bond lists
2026-04-23 20:44:48,810 [ genlib ] [ INFO ] Updating dihedrals
2026-04-23 20:44:48,810 [ genlib ] [ INFO ] Updating impropers
2026-04-23 20:44:48,810 [ genlib ] [ INFO ] Building library files for HID --> CYS mutant
2026-04-23 20:44:48,811 [ genlib ] [ INFO ] reading rtp file "aminoacids.rtp"
2026-04-23 20:44:48,845 [ genlib ] [ INFO ] ENTERED RINGS
2026-04-23 20:44:48,845 [ genlib ] [ INFO ] Making atom pairs
2026-04-23 20:44:48,846 [ genlib ] [ INFO ] Updating bond lists
2026-04-23 20:44:48,846 [ genlib ] [ INFO ] Updating dihedrals
2026-04-23 20:44:48,846 [ genlib ] [ INFO ] Updating impropers
2026-04-23 20:44:48,846 [ genlib ] [ INFO ] Building library files for HID --> GLH mutant
2026-04-23 20:44:48,847 [ genlib ] [ INFO ] reading rtp file "aminoacids.rtp"
2026-04-23 20:44:48,881 [ genlib ] [ INFO ] ENTERED RINGS
2026-04-23 20:44:48,881 [ genlib ] [ INFO ] Making atom pairs
2026-04-23 20:44:48,883 [ genlib ] [ INFO ] Updating bond lists
2026-04-23 20:44:48,884 [ genlib ] [ INFO ] Updating dihedrals
2026-04-23 20:44:48,884 [ genlib ] [ INFO ] Updating impropers
2026-04-23 20:44:48,884 [ genlib ] [ INFO ] Building library files for HID --> GLN mutant
2026-04-23 20:44:48,885 [ genlib ] [ INFO ] reading rtp file "aminoacids.rtp"
2026-04-23 20:44:48,919 [ genlib ] [ INFO ] ENTERED RINGS
2026-04-23 20:44:48,919 [ genlib ] [ INFO ] Making atom pairs
2026-04-23 20:44:48,922 [ genlib ] [ INFO ] Updating bond lists
2026-04-23 20:44:48,922 [ genlib ] [ INFO ] Updating dihedrals
2026-04-23 20:44:48,922 [ genlib ] [ INFO ] Updating impropers
2026-04-23 20:44:48,923 [ genlib ] [ INFO ] Building library files for HID --> GLU mutant
2026-04-23 20:44:48,924 [ genlib ] [ INFO ] reading rtp file "aminoacids.rtp"
2026-04-23 20:44:48,959 [ genlib ] [ INFO ] ENTERED RINGS
2026-04-23 20:44:48,959 [ genlib ] [ INFO ] Making atom pairs
2026-04-23 20:44:48,961 [ genlib ] [ INFO ] Updating bond lists
2026-04-23 20:44:48,961 [ genlib ] [ INFO ] Updating dihedrals
2026-04-23 20:44:48,961 [ genlib ] [ INFO ] Updating impropers
2026-04-23 20:44:48,961 [ genlib ] [ INFO ] Building library files for HID --> GLY mutant
2026-04-23 20:44:48,962 [ genlib ] [ INFO ] reading rtp file "aminoacids.rtp"
2026-04-23 20:44:48,998 [ genlib ] [ INFO ] ENTERED G
2026-04-23 20:44:48,998 [ genlib ] [ INFO ] Making atom pairs
2026-04-23 20:44:48,998 [ genlib ] [ INFO ] Updating bond lists
2026-04-23 20:44:48,998 [ genlib ] [ INFO ] Updating dihedrals
2026-04-23 20:44:48,998 [ genlib ] [ INFO ] Updating impropers
2026-04-23 20:44:48,999 [ genlib ] [ INFO ] Building library files for HID --> HIE mutant
2026-04-23 20:44:49,000 [ genlib ] [ INFO ] reading rtp file "aminoacids.rtp"
2026-04-23 20:44:49,036 [ genlib ] [ INFO ] ENTERED MERGE BY NAMES
2026-04-23 20:44:49,037 [ genlib ] [ INFO ] Making atom pairs.........MERGE BY NAMES...
2026-04-23 20:44:49,038 [ genlib ] [ INFO ] Updating bond lists
2026-04-23 20:44:49,038 [ genlib ] [ INFO ] Updating dihedrals
2026-04-23 20:44:49,038 [ genlib ] [ INFO ] Updating impropers
2026-04-23 20:44:49,038 [ genlib ] [ INFO ] Building library files for HID --> HIP mutant
2026-04-23 20:44:49,039 [ genlib ] [ INFO ] reading rtp file "aminoacids.rtp"
2026-04-23 20:44:49,076 [ genlib ] [ INFO ] ENTERED MERGE BY NAMES
2026-04-23 20:44:49,076 [ genlib ] [ INFO ] Making atom pairs.........MERGE BY NAMES...
2026-04-23 20:44:49,076 [ genlib ] [ INFO ] Updating bond lists
2026-04-23 20:44:49,076 [ genlib ] [ INFO ] Updating dihedrals
2026-04-23 20:44:49,076 [ genlib ] [ INFO ] Updating impropers
2026-04-23 20:44:49,077 [ genlib ] [ INFO ] Building library files for HID --> ILE mutant
2026-04-23 20:44:49,077 [ genlib ] [ INFO ] reading rtp file "aminoacids.rtp"
2026-04-23 20:44:49,114 [ genlib ] [ INFO ] ENTERED T,A,V,I
2026-04-23 20:44:49,114 [ genlib ] [ INFO ] Making atom pairs
2026-04-23 20:44:49,119 [ genlib ] [ INFO ] Updating bond lists
2026-04-23 20:44:49,119 [ genlib ] [ INFO ] Updating dihedrals
2026-04-23 20:44:49,119 [ genlib ] [ INFO ] Updating impropers
2026-04-23 20:44:49,119 [ genlib ] [ INFO ] Building library files for HID --> LEU mutant
2026-04-23 20:44:49,120 [ genlib ] [ INFO ] reading rtp file "aminoacids.rtp"
2026-04-23 20:44:49,156 [ genlib ] [ INFO ] ENTERED RINGS
2026-04-23 20:44:49,156 [ genlib ] [ INFO ] Making atom pairs
2026-04-23 20:44:49,160 [ genlib ] [ INFO ] Updating bond lists
2026-04-23 20:44:49,160 [ genlib ] [ INFO ] Updating dihedrals
2026-04-23 20:44:49,160 [ genlib ] [ INFO ] Updating impropers
2026-04-23 20:44:49,161 [ genlib ] [ INFO ] Building library files for HID --> LYN mutant
2026-04-23 20:44:49,162 [ genlib ] [ INFO ] reading rtp file "aminoacids.rtp"
2026-04-23 20:44:49,198 [ genlib ] [ INFO ] ENTERED RINGS
2026-04-23 20:44:49,198 [ genlib ] [ INFO ] Making atom pairs
2026-04-23 20:44:49,203 [ genlib ] [ INFO ] Updating bond lists
2026-04-23 20:44:49,203 [ genlib ] [ INFO ] Updating dihedrals
2026-04-23 20:44:49,203 [ genlib ] [ INFO ] Updating impropers
2026-04-23 20:44:49,204 [ genlib ] [ INFO ] Building library files for HID --> LYS mutant
2026-04-23 20:44:49,204 [ genlib ] [ INFO ] reading rtp file "aminoacids.rtp"
2026-04-23 20:44:49,242 [ genlib ] [ INFO ] ENTERED RINGS
2026-04-23 20:44:49,242 [ genlib ] [ INFO ] Making atom pairs
2026-04-23 20:44:49,248 [ genlib ] [ INFO ] Updating bond lists
2026-04-23 20:44:49,248 [ genlib ] [ INFO ] Updating dihedrals
2026-04-23 20:44:49,248 [ genlib ] [ INFO ] Updating impropers
2026-04-23 20:44:49,248 [ genlib ] [ INFO ] Building library files for HID --> MET mutant
2026-04-23 20:44:49,249 [ genlib ] [ INFO ] reading rtp file "aminoacids.rtp"
2026-04-23 20:44:49,285 [ genlib ] [ INFO ] ENTERED RINGS
2026-04-23 20:44:49,285 [ genlib ] [ INFO ] Making atom pairs
2026-04-23 20:44:49,288 [ genlib ] [ INFO ] Updating bond lists
2026-04-23 20:44:49,288 [ genlib ] [ INFO ] Updating dihedrals
2026-04-23 20:44:49,288 [ genlib ] [ INFO ] Updating impropers
2026-04-23 20:44:49,288 [ genlib ] [ INFO ] Building library files for HID --> PHE mutant
2026-04-23 20:44:49,289 [ genlib ] [ INFO ] reading rtp file "aminoacids.rtp"
2026-04-23 20:44:49,326 [ genlib ] [ INFO ] ENTERED STANDARD
2026-04-23 20:44:49,326 [ genlib ] [ INFO ] Making atom pairs
2026-04-23 20:44:49,331 [ genlib ] [ INFO ] Updating bond lists
2026-04-23 20:44:49,331 [ genlib ] [ INFO ] Updating dihedrals
2026-04-23 20:44:49,331 [ genlib ] [ INFO ] Updating impropers
2026-04-23 20:44:49,331 [ genlib ] [ INFO ] Building library files for HID --> PRO mutant
2026-04-23 20:44:49,332 [ genlib ] [ INFO ] reading rtp file "aminoacids.rtp"
2026-04-23 20:44:49,368 [ genlib ] [ INFO ] ENTERED P
2026-04-23 20:44:49,368 [ genlib ] [ INFO ] Making atom pairs
2026-04-23 20:44:49,371 [ genlib ] [ INFO ] Updating bond lists
2026-04-23 20:44:49,371 [ genlib ] [ INFO ] Updating dihedrals
2026-04-23 20:44:49,371 [ genlib ] [ INFO ] Updating impropers
2026-04-23 20:44:49,372 [ genlib ] [ INFO ] Building library files for HID --> SER mutant
2026-04-23 20:44:49,372 [ genlib ] [ INFO ] reading rtp file "aminoacids.rtp"
2026-04-23 20:44:49,409 [ genlib ] [ INFO ] ENTERED RINGS
2026-04-23 20:44:49,409 [ genlib ] [ INFO ] Making atom pairs
2026-04-23 20:44:49,410 [ genlib ] [ INFO ] Updating bond lists
2026-04-23 20:44:49,410 [ genlib ] [ INFO ] Updating dihedrals
2026-04-23 20:44:49,410 [ genlib ] [ INFO ] Updating impropers
2026-04-23 20:44:49,410 [ genlib ] [ INFO ] Building library files for HID --> THR mutant
2026-04-23 20:44:49,411 [ genlib ] [ INFO ] reading rtp file "aminoacids.rtp"
2026-04-23 20:44:49,448 [ genlib ] [ INFO ] ENTERED T,A,V,I
2026-04-23 20:44:49,448 [ genlib ] [ INFO ] Making atom pairs
2026-04-23 20:44:49,467 [ genlib ] [ INFO ] Updating bond lists
2026-04-23 20:44:49,467 [ genlib ] [ INFO ] Updating dihedrals
2026-04-23 20:44:49,467 [ genlib ] [ INFO ] Updating impropers
2026-04-23 20:44:49,467 [ genlib ] [ INFO ] Building library files for HID --> TRP mutant
2026-04-23 20:44:49,468 [ genlib ] [ INFO ] reading rtp file "aminoacids.rtp"
2026-04-23 20:44:49,504 [ genlib ] [ INFO ] ENTERED STANDARD
2026-04-23 20:44:49,505 [ genlib ] [ INFO ] Making atom pairs
2026-04-23 20:44:49,512 [ genlib ] [ INFO ] Updating bond lists
2026-04-23 20:44:49,512 [ genlib ] [ INFO ] Updating dihedrals
2026-04-23 20:44:49,512 [ genlib ] [ INFO ] Updating impropers
2026-04-23 20:44:49,513 [ genlib ] [ INFO ] Building library files for HID --> TYR mutant
2026-04-23 20:44:49,513 [ genlib ] [ INFO ] reading rtp file "aminoacids.rtp"
2026-04-23 20:44:49,549 [ genlib ] [ INFO ] ENTERED STANDARD
2026-04-23 20:44:49,549 [ genlib ] [ INFO ] Making atom pairs
2026-04-23 20:44:49,554 [ genlib ] [ INFO ] Updating bond lists
2026-04-23 20:44:49,554 [ genlib ] [ INFO ] Updating dihedrals
2026-04-23 20:44:49,554 [ genlib ] [ INFO ] Updating impropers
2026-04-23 20:44:49,554 [ genlib ] [ INFO ] Building library files for HID --> VAL mutant
2026-04-23 20:44:49,555 [ genlib ] [ INFO ] reading rtp file "aminoacids.rtp"
2026-04-23 20:44:49,590 [ genlib ] [ INFO ] ENTERED T,A,V,I
2026-04-23 20:44:49,590 [ genlib ] [ INFO ] Making atom pairs
2026-04-23 20:44:49,593 [ genlib ] [ INFO ] Updating bond lists
2026-04-23 20:44:49,593 [ genlib ] [ INFO ] Updating dihedrals
2026-04-23 20:44:49,593 [ genlib ] [ INFO ] Updating impropers
2026-04-23 20:44:49,593 [ genlib ] [ INFO ] Building library files for HIE --> ALA mutant
2026-04-23 20:44:49,594 [ genlib ] [ INFO ] reading rtp file "aminoacids.rtp"
2026-04-23 20:44:49,629 [ genlib ] [ INFO ] ENTERED T,A,V,I
2026-04-23 20:44:49,629 [ genlib ] [ INFO ] Making atom pairs
2026-04-23 20:44:49,630 [ genlib ] [ INFO ] Updating bond lists
2026-04-23 20:44:49,630 [ genlib ] [ INFO ] Updating dihedrals
2026-04-23 20:44:49,630 [ genlib ] [ INFO ] Updating impropers
2026-04-23 20:44:49,630 [ genlib ] [ INFO ] Building library files for HIE --> ARG mutant
2026-04-23 20:44:49,631 [ genlib ] [ INFO ] reading rtp file "aminoacids.rtp"
2026-04-23 20:44:49,667 [ genlib ] [ INFO ] ENTERED RINGS
2026-04-23 20:44:49,667 [ genlib ] [ INFO ] Making atom pairs
2026-04-23 20:44:49,674 [ genlib ] [ INFO ] Updating bond lists
2026-04-23 20:44:49,674 [ genlib ] [ INFO ] Updating dihedrals
2026-04-23 20:44:49,674 [ genlib ] [ INFO ] Updating impropers
2026-04-23 20:44:49,674 [ genlib ] [ INFO ] Building library files for HIE --> ASH mutant
2026-04-23 20:44:49,675 [ genlib ] [ INFO ] reading rtp file "aminoacids.rtp"
2026-04-23 20:44:49,710 [ genlib ] [ INFO ] ENTERED RINGS
2026-04-23 20:44:49,710 [ genlib ] [ INFO ] Making atom pairs
2026-04-23 20:44:49,711 [ genlib ] [ INFO ] Updating bond lists
2026-04-23 20:44:49,711 [ genlib ] [ INFO ] Updating dihedrals
2026-04-23 20:44:49,711 [ genlib ] [ INFO ] Updating impropers
2026-04-23 20:44:49,712 [ genlib ] [ INFO ] Building library files for HIE --> ASN mutant
2026-04-23 20:44:49,712 [ genlib ] [ INFO ] reading rtp file "aminoacids.rtp"
2026-04-23 20:44:49,747 [ genlib ] [ INFO ] ENTERED RINGS
2026-04-23 20:44:49,747 [ genlib ] [ INFO ] Making atom pairs
2026-04-23 20:44:49,749 [ genlib ] [ INFO ] Updating bond lists
2026-04-23 20:44:49,749 [ genlib ] [ INFO ] Updating dihedrals
2026-04-23 20:44:49,749 [ genlib ] [ INFO ] Updating impropers
2026-04-23 20:44:49,749 [ genlib ] [ INFO ] Building library files for HIE --> ASP mutant
2026-04-23 20:44:49,750 [ genlib ] [ INFO ] reading rtp file "aminoacids.rtp"
2026-04-23 20:44:49,785 [ genlib ] [ INFO ] ENTERED RINGS
2026-04-23 20:44:49,785 [ genlib ] [ INFO ] Making atom pairs
2026-04-23 20:44:49,786 [ genlib ] [ INFO ] Updating bond lists
2026-04-23 20:44:49,786 [ genlib ] [ INFO ] Updating dihedrals
2026-04-23 20:44:49,786 [ genlib ] [ INFO ] Updating impropers
2026-04-23 20:44:49,787 [ genlib ] [ INFO ] Building library files for HIE --> CYS mutant
2026-04-23 20:44:49,787 [ genlib ] [ INFO ] reading rtp file "aminoacids.rtp"
2026-04-23 20:44:49,823 [ genlib ] [ INFO ] ENTERED RINGS
2026-04-23 20:44:49,823 [ genlib ] [ INFO ] Making atom pairs
2026-04-23 20:44:49,824 [ genlib ] [ INFO ] Updating bond lists
2026-04-23 20:44:49,824 [ genlib ] [ INFO ] Updating dihedrals
2026-04-23 20:44:49,824 [ genlib ] [ INFO ] Updating impropers
2026-04-23 20:44:49,825 [ genlib ] [ INFO ] Building library files for HIE --> GLH mutant
2026-04-23 20:44:49,825 [ genlib ] [ INFO ] reading rtp file "aminoacids.rtp"
2026-04-23 20:44:49,862 [ genlib ] [ INFO ] ENTERED RINGS
2026-04-23 20:44:49,862 [ genlib ] [ INFO ] Making atom pairs
2026-04-23 20:44:49,865 [ genlib ] [ INFO ] Updating bond lists
2026-04-23 20:44:49,865 [ genlib ] [ INFO ] Updating dihedrals
2026-04-23 20:44:49,865 [ genlib ] [ INFO ] Updating impropers
2026-04-23 20:44:49,866 [ genlib ] [ INFO ] Building library files for HIE --> GLN mutant
2026-04-23 20:44:49,866 [ genlib ] [ INFO ] reading rtp file "aminoacids.rtp"
2026-04-23 20:44:49,902 [ genlib ] [ INFO ] ENTERED RINGS
2026-04-23 20:44:49,902 [ genlib ] [ INFO ] Making atom pairs
2026-04-23 20:44:49,905 [ genlib ] [ INFO ] Updating bond lists
2026-04-23 20:44:49,905 [ genlib ] [ INFO ] Updating dihedrals
2026-04-23 20:44:49,905 [ genlib ] [ INFO ] Updating impropers
2026-04-23 20:44:49,906 [ genlib ] [ INFO ] Building library files for HIE --> GLU mutant
2026-04-23 20:44:49,907 [ genlib ] [ INFO ] reading rtp file "aminoacids.rtp"
2026-04-23 20:44:49,944 [ genlib ] [ INFO ] ENTERED RINGS
2026-04-23 20:44:49,944 [ genlib ] [ INFO ] Making atom pairs
2026-04-23 20:44:49,946 [ genlib ] [ INFO ] Updating bond lists
2026-04-23 20:44:49,946 [ genlib ] [ INFO ] Updating dihedrals
2026-04-23 20:44:49,946 [ genlib ] [ INFO ] Updating impropers
2026-04-23 20:44:49,947 [ genlib ] [ INFO ] Building library files for HIE --> GLY mutant
2026-04-23 20:44:49,947 [ genlib ] [ INFO ] reading rtp file "aminoacids.rtp"
2026-04-23 20:44:49,983 [ genlib ] [ INFO ] ENTERED G
2026-04-23 20:44:49,983 [ genlib ] [ INFO ] Making atom pairs
2026-04-23 20:44:49,984 [ genlib ] [ INFO ] Updating bond lists
2026-04-23 20:44:49,984 [ genlib ] [ INFO ] Updating dihedrals
2026-04-23 20:44:49,984 [ genlib ] [ INFO ] Updating impropers
2026-04-23 20:44:49,984 [ genlib ] [ INFO ] Building library files for HIE --> HID mutant
2026-04-23 20:44:49,985 [ genlib ] [ INFO ] reading rtp file "aminoacids.rtp"
2026-04-23 20:44:50,021 [ genlib ] [ INFO ] ENTERED MERGE BY NAMES
2026-04-23 20:44:50,021 [ genlib ] [ INFO ] Making atom pairs.........MERGE BY NAMES...
2026-04-23 20:44:50,022 [ genlib ] [ INFO ] Updating bond lists
2026-04-23 20:44:50,022 [ genlib ] [ INFO ] Updating dihedrals
2026-04-23 20:44:50,022 [ genlib ] [ INFO ] Updating impropers
2026-04-23 20:44:50,023 [ genlib ] [ INFO ] Building library files for HIE --> HIP mutant
2026-04-23 20:44:50,023 [ genlib ] [ INFO ] reading rtp file "aminoacids.rtp"
2026-04-23 20:44:50,066 [ genlib ] [ INFO ] ENTERED MERGE BY NAMES
2026-04-23 20:44:50,066 [ genlib ] [ INFO ] Making atom pairs.........MERGE BY NAMES...
2026-04-23 20:44:50,067 [ genlib ] [ INFO ] Updating bond lists
2026-04-23 20:44:50,067 [ genlib ] [ INFO ] Updating dihedrals
2026-04-23 20:44:50,067 [ genlib ] [ INFO ] Updating impropers
2026-04-23 20:44:50,067 [ genlib ] [ INFO ] Building library files for HIE --> ILE mutant
2026-04-23 20:44:50,068 [ genlib ] [ INFO ] reading rtp file "aminoacids.rtp"
2026-04-23 20:44:50,105 [ genlib ] [ INFO ] ENTERED T,A,V,I
2026-04-23 20:44:50,105 [ genlib ] [ INFO ] Making atom pairs
2026-04-23 20:44:50,110 [ genlib ] [ INFO ] Updating bond lists
2026-04-23 20:44:50,110 [ genlib ] [ INFO ] Updating dihedrals
2026-04-23 20:44:50,110 [ genlib ] [ INFO ] Updating impropers
2026-04-23 20:44:50,111 [ genlib ] [ INFO ] Building library files for HIE --> LEU mutant
2026-04-23 20:44:50,112 [ genlib ] [ INFO ] reading rtp file "aminoacids.rtp"
2026-04-23 20:44:50,152 [ genlib ] [ INFO ] ENTERED RINGS
2026-04-23 20:44:50,152 [ genlib ] [ INFO ] Making atom pairs
2026-04-23 20:44:50,156 [ genlib ] [ INFO ] Updating bond lists
2026-04-23 20:44:50,156 [ genlib ] [ INFO ] Updating dihedrals
2026-04-23 20:44:50,156 [ genlib ] [ INFO ] Updating impropers
2026-04-23 20:44:50,157 [ genlib ] [ INFO ] Building library files for HIE --> LYN mutant
2026-04-23 20:44:50,158 [ genlib ] [ INFO ] reading rtp file "aminoacids.rtp"
2026-04-23 20:44:50,194 [ genlib ] [ INFO ] ENTERED RINGS
2026-04-23 20:44:50,194 [ genlib ] [ INFO ] Making atom pairs
2026-04-23 20:44:50,199 [ genlib ] [ INFO ] Updating bond lists
2026-04-23 20:44:50,199 [ genlib ] [ INFO ] Updating dihedrals
2026-04-23 20:44:50,199 [ genlib ] [ INFO ] Updating impropers
2026-04-23 20:44:50,199 [ genlib ] [ INFO ] Building library files for HIE --> LYS mutant
2026-04-23 20:44:50,200 [ genlib ] [ INFO ] reading rtp file "aminoacids.rtp"
2026-04-23 20:44:50,245 [ genlib ] [ INFO ] ENTERED RINGS
2026-04-23 20:44:50,245 [ genlib ] [ INFO ] Making atom pairs
2026-04-23 20:44:50,251 [ genlib ] [ INFO ] Updating bond lists
2026-04-23 20:44:50,251 [ genlib ] [ INFO ] Updating dihedrals
2026-04-23 20:44:50,251 [ genlib ] [ INFO ] Updating impropers
2026-04-23 20:44:50,252 [ genlib ] [ INFO ] Building library files for HIE --> MET mutant
2026-04-23 20:44:50,252 [ genlib ] [ INFO ] reading rtp file "aminoacids.rtp"
2026-04-23 20:44:50,289 [ genlib ] [ INFO ] ENTERED RINGS
2026-04-23 20:44:50,289 [ genlib ] [ INFO ] Making atom pairs
2026-04-23 20:44:50,294 [ genlib ] [ INFO ] Updating bond lists
2026-04-23 20:44:50,294 [ genlib ] [ INFO ] Updating dihedrals
2026-04-23 20:44:50,294 [ genlib ] [ INFO ] Updating impropers
2026-04-23 20:44:50,295 [ genlib ] [ INFO ] Building library files for HIE --> PHE mutant
2026-04-23 20:44:50,295 [ genlib ] [ INFO ] reading rtp file "aminoacids.rtp"
2026-04-23 20:44:50,331 [ genlib ] [ INFO ] ENTERED STANDARD
2026-04-23 20:44:50,331 [ genlib ] [ INFO ] Making atom pairs
2026-04-23 20:44:50,335 [ genlib ] [ INFO ] Updating bond lists
2026-04-23 20:44:50,335 [ genlib ] [ INFO ] Updating dihedrals
2026-04-23 20:44:50,335 [ genlib ] [ INFO ] Updating impropers
2026-04-23 20:44:50,336 [ genlib ] [ INFO ] Building library files for HIE --> PRO mutant
2026-04-23 20:44:50,336 [ genlib ] [ INFO ] reading rtp file "aminoacids.rtp"
2026-04-23 20:44:50,373 [ genlib ] [ INFO ] ENTERED P
2026-04-23 20:44:50,373 [ genlib ] [ INFO ] Making atom pairs
2026-04-23 20:44:50,375 [ genlib ] [ INFO ] Updating bond lists
2026-04-23 20:44:50,376 [ genlib ] [ INFO ] Updating dihedrals
2026-04-23 20:44:50,376 [ genlib ] [ INFO ] Updating impropers
2026-04-23 20:44:50,376 [ genlib ] [ INFO ] Building library files for HIE --> SER mutant
2026-04-23 20:44:50,377 [ genlib ] [ INFO ] reading rtp file "aminoacids.rtp"
2026-04-23 20:44:50,411 [ genlib ] [ INFO ] ENTERED RINGS
2026-04-23 20:44:50,411 [ genlib ] [ INFO ] Making atom pairs
2026-04-23 20:44:50,412 [ genlib ] [ INFO ] Updating bond lists
2026-04-23 20:44:50,412 [ genlib ] [ INFO ] Updating dihedrals
2026-04-23 20:44:50,412 [ genlib ] [ INFO ] Updating impropers
2026-04-23 20:44:50,412 [ genlib ] [ INFO ] Building library files for HIE --> THR mutant
2026-04-23 20:44:50,413 [ genlib ] [ INFO ] reading rtp file "aminoacids.rtp"
2026-04-23 20:44:50,447 [ genlib ] [ INFO ] ENTERED T,A,V,I
2026-04-23 20:44:50,447 [ genlib ] [ INFO ] Making atom pairs
2026-04-23 20:44:50,450 [ genlib ] [ INFO ] Updating bond lists
2026-04-23 20:44:50,450 [ genlib ] [ INFO ] Updating dihedrals
2026-04-23 20:44:50,450 [ genlib ] [ INFO ] Updating impropers
2026-04-23 20:44:50,450 [ genlib ] [ INFO ] Building library files for HIE --> TRP mutant
2026-04-23 20:44:50,451 [ genlib ] [ INFO ] reading rtp file "aminoacids.rtp"
2026-04-23 20:44:50,486 [ genlib ] [ INFO ] ENTERED STANDARD
2026-04-23 20:44:50,486 [ genlib ] [ INFO ] Making atom pairs
2026-04-23 20:44:50,493 [ genlib ] [ INFO ] Updating bond lists
2026-04-23 20:44:50,494 [ genlib ] [ INFO ] Updating dihedrals
2026-04-23 20:44:50,494 [ genlib ] [ INFO ] Updating impropers
2026-04-23 20:44:50,494 [ genlib ] [ INFO ] Building library files for HIE --> TYR mutant
2026-04-23 20:44:50,495 [ genlib ] [ INFO ] reading rtp file "aminoacids.rtp"
2026-04-23 20:44:50,530 [ genlib ] [ INFO ] ENTERED STANDARD
2026-04-23 20:44:50,530 [ genlib ] [ INFO ] Making atom pairs
2026-04-23 20:44:50,534 [ genlib ] [ INFO ] Updating bond lists
2026-04-23 20:44:50,534 [ genlib ] [ INFO ] Updating dihedrals
2026-04-23 20:44:50,534 [ genlib ] [ INFO ] Updating impropers
2026-04-23 20:44:50,535 [ genlib ] [ INFO ] Building library files for HIE --> VAL mutant
2026-04-23 20:44:50,535 [ genlib ] [ INFO ] reading rtp file "aminoacids.rtp"
2026-04-23 20:44:50,570 [ genlib ] [ INFO ] ENTERED T,A,V,I
2026-04-23 20:44:50,570 [ genlib ] [ INFO ] Making atom pairs
2026-04-23 20:44:50,573 [ genlib ] [ INFO ] Updating bond lists
2026-04-23 20:44:50,573 [ genlib ] [ INFO ] Updating dihedrals
2026-04-23 20:44:50,573 [ genlib ] [ INFO ] Updating impropers
2026-04-23 20:44:50,573 [ genlib ] [ INFO ] Building library files for HIP --> ALA mutant
2026-04-23 20:44:50,574 [ genlib ] [ INFO ] reading rtp file "aminoacids.rtp"
2026-04-23 20:44:50,609 [ genlib ] [ INFO ] ENTERED T,A,V,I
2026-04-23 20:44:50,609 [ genlib ] [ INFO ] Making atom pairs
2026-04-23 20:44:50,610 [ genlib ] [ INFO ] Updating bond lists
2026-04-23 20:44:50,610 [ genlib ] [ INFO ] Updating dihedrals
2026-04-23 20:44:50,610 [ genlib ] [ INFO ] Updating impropers
2026-04-23 20:44:50,610 [ genlib ] [ INFO ] Building library files for HIP --> ARG mutant
2026-04-23 20:44:50,611 [ genlib ] [ INFO ] reading rtp file "aminoacids.rtp"
2026-04-23 20:44:50,645 [ genlib ] [ INFO ] ENTERED RINGS
2026-04-23 20:44:50,645 [ genlib ] [ INFO ] Making atom pairs
2026-04-23 20:44:50,652 [ genlib ] [ INFO ] Updating bond lists
2026-04-23 20:44:50,652 [ genlib ] [ INFO ] Updating dihedrals
2026-04-23 20:44:50,652 [ genlib ] [ INFO ] Updating impropers
2026-04-23 20:44:50,653 [ genlib ] [ INFO ] Building library files for HIP --> ASH mutant
2026-04-23 20:44:50,653 [ genlib ] [ INFO ] reading rtp file "aminoacids.rtp"
2026-04-23 20:44:50,689 [ genlib ] [ INFO ] ENTERED RINGS
2026-04-23 20:44:50,689 [ genlib ] [ INFO ] Making atom pairs
2026-04-23 20:44:50,690 [ genlib ] [ INFO ] Updating bond lists
2026-04-23 20:44:50,690 [ genlib ] [ INFO ] Updating dihedrals
2026-04-23 20:44:50,690 [ genlib ] [ INFO ] Updating impropers
2026-04-23 20:44:50,691 [ genlib ] [ INFO ] Building library files for HIP --> ASN mutant
2026-04-23 20:44:50,691 [ genlib ] [ INFO ] reading rtp file "aminoacids.rtp"
2026-04-23 20:44:50,726 [ genlib ] [ INFO ] ENTERED RINGS
2026-04-23 20:44:50,726 [ genlib ] [ INFO ] Making atom pairs
2026-04-23 20:44:50,728 [ genlib ] [ INFO ] Updating bond lists
2026-04-23 20:44:50,728 [ genlib ] [ INFO ] Updating dihedrals
2026-04-23 20:44:50,728 [ genlib ] [ INFO ] Updating impropers
2026-04-23 20:44:50,728 [ genlib ] [ INFO ] Building library files for HIP --> ASP mutant
2026-04-23 20:44:50,729 [ genlib ] [ INFO ] reading rtp file "aminoacids.rtp"
2026-04-23 20:44:50,763 [ genlib ] [ INFO ] ENTERED RINGS
2026-04-23 20:44:50,763 [ genlib ] [ INFO ] Making atom pairs
2026-04-23 20:44:50,764 [ genlib ] [ INFO ] Updating bond lists
2026-04-23 20:44:50,764 [ genlib ] [ INFO ] Updating dihedrals
2026-04-23 20:44:50,764 [ genlib ] [ INFO ] Updating impropers
2026-04-23 20:44:50,765 [ genlib ] [ INFO ] Building library files for HIP --> CYS mutant
2026-04-23 20:44:50,765 [ genlib ] [ INFO ] reading rtp file "aminoacids.rtp"
2026-04-23 20:44:50,800 [ genlib ] [ INFO ] ENTERED RINGS
2026-04-23 20:44:50,800 [ genlib ] [ INFO ] Making atom pairs
2026-04-23 20:44:50,801 [ genlib ] [ INFO ] Updating bond lists
2026-04-23 20:44:50,801 [ genlib ] [ INFO ] Updating dihedrals
2026-04-23 20:44:50,801 [ genlib ] [ INFO ] Updating impropers
2026-04-23 20:44:50,801 [ genlib ] [ INFO ] Building library files for HIP --> GLH mutant
2026-04-23 20:44:50,802 [ genlib ] [ INFO ] reading rtp file "aminoacids.rtp"
2026-04-23 20:44:50,836 [ genlib ] [ INFO ] ENTERED RINGS
2026-04-23 20:44:50,836 [ genlib ] [ INFO ] Making atom pairs
2026-04-23 20:44:50,839 [ genlib ] [ INFO ] Updating bond lists
2026-04-23 20:44:50,839 [ genlib ] [ INFO ] Updating dihedrals
2026-04-23 20:44:50,839 [ genlib ] [ INFO ] Updating impropers
2026-04-23 20:44:50,840 [ genlib ] [ INFO ] Building library files for HIP --> GLN mutant
2026-04-23 20:44:50,840 [ genlib ] [ INFO ] reading rtp file "aminoacids.rtp"
2026-04-23 20:44:50,875 [ genlib ] [ INFO ] ENTERED RINGS
2026-04-23 20:44:50,875 [ genlib ] [ INFO ] Making atom pairs
2026-04-23 20:44:50,878 [ genlib ] [ INFO ] Updating bond lists
2026-04-23 20:44:50,878 [ genlib ] [ INFO ] Updating dihedrals
2026-04-23 20:44:50,878 [ genlib ] [ INFO ] Updating impropers
2026-04-23 20:44:50,878 [ genlib ] [ INFO ] Building library files for HIP --> GLU mutant
2026-04-23 20:44:50,879 [ genlib ] [ INFO ] reading rtp file "aminoacids.rtp"
2026-04-23 20:44:50,914 [ genlib ] [ INFO ] ENTERED RINGS
2026-04-23 20:44:50,914 [ genlib ] [ INFO ] Making atom pairs
2026-04-23 20:44:50,916 [ genlib ] [ INFO ] Updating bond lists
2026-04-23 20:44:50,916 [ genlib ] [ INFO ] Updating dihedrals
2026-04-23 20:44:50,916 [ genlib ] [ INFO ] Updating impropers
2026-04-23 20:44:50,917 [ genlib ] [ INFO ] Building library files for HIP --> GLY mutant
2026-04-23 20:44:50,917 [ genlib ] [ INFO ] reading rtp file "aminoacids.rtp"
2026-04-23 20:44:50,952 [ genlib ] [ INFO ] ENTERED G
2026-04-23 20:44:50,952 [ genlib ] [ INFO ] Making atom pairs
2026-04-23 20:44:50,953 [ genlib ] [ INFO ] Updating bond lists
2026-04-23 20:44:50,953 [ genlib ] [ INFO ] Updating dihedrals
2026-04-23 20:44:50,953 [ genlib ] [ INFO ] Updating impropers
2026-04-23 20:44:50,953 [ genlib ] [ INFO ] Building library files for HIP --> HID mutant
2026-04-23 20:44:50,954 [ genlib ] [ INFO ] reading rtp file "aminoacids.rtp"
2026-04-23 20:44:50,989 [ genlib ] [ INFO ] ENTERED MERGE BY NAMES
2026-04-23 20:44:50,989 [ genlib ] [ INFO ] Making atom pairs.........MERGE BY NAMES...
2026-04-23 20:44:50,989 [ genlib ] [ INFO ] Updating bond lists
2026-04-23 20:44:50,989 [ genlib ] [ INFO ] Updating dihedrals
2026-04-23 20:44:50,989 [ genlib ] [ INFO ] Updating impropers
2026-04-23 20:44:50,990 [ genlib ] [ INFO ] Building library files for HIP --> HIE mutant
2026-04-23 20:44:50,991 [ genlib ] [ INFO ] reading rtp file "aminoacids.rtp"
2026-04-23 20:44:51,025 [ genlib ] [ INFO ] ENTERED MERGE BY NAMES
2026-04-23 20:44:51,025 [ genlib ] [ INFO ] Making atom pairs.........MERGE BY NAMES...
2026-04-23 20:44:51,026 [ genlib ] [ INFO ] Updating bond lists
2026-04-23 20:44:51,026 [ genlib ] [ INFO ] Updating dihedrals
2026-04-23 20:44:51,026 [ genlib ] [ INFO ] Updating impropers
2026-04-23 20:44:51,026 [ genlib ] [ INFO ] Building library files for HIP --> ILE mutant
2026-04-23 20:44:51,027 [ genlib ] [ INFO ] reading rtp file "aminoacids.rtp"
2026-04-23 20:44:51,062 [ genlib ] [ INFO ] ENTERED T,A,V,I
2026-04-23 20:44:51,062 [ genlib ] [ INFO ] Making atom pairs
2026-04-23 20:44:51,066 [ genlib ] [ INFO ] Updating bond lists
2026-04-23 20:44:51,066 [ genlib ] [ INFO ] Updating dihedrals
2026-04-23 20:44:51,066 [ genlib ] [ INFO ] Updating impropers
2026-04-23 20:44:51,067 [ genlib ] [ INFO ] Building library files for HIP --> LEU mutant
2026-04-23 20:44:51,068 [ genlib ] [ INFO ] reading rtp file "aminoacids.rtp"
2026-04-23 20:44:51,104 [ genlib ] [ INFO ] ENTERED RINGS
2026-04-23 20:44:51,104 [ genlib ] [ INFO ] Making atom pairs
2026-04-23 20:44:51,109 [ genlib ] [ INFO ] Updating bond lists
2026-04-23 20:44:51,109 [ genlib ] [ INFO ] Updating dihedrals
2026-04-23 20:44:51,109 [ genlib ] [ INFO ] Updating impropers
2026-04-23 20:44:51,109 [ genlib ] [ INFO ] Building library files for HIP --> LYN mutant
2026-04-23 20:44:51,110 [ genlib ] [ INFO ] reading rtp file "aminoacids.rtp"
2026-04-23 20:44:51,146 [ genlib ] [ INFO ] ENTERED RINGS
2026-04-23 20:44:51,146 [ genlib ] [ INFO ] Making atom pairs
2026-04-23 20:44:51,151 [ genlib ] [ INFO ] Updating bond lists
2026-04-23 20:44:51,151 [ genlib ] [ INFO ] Updating dihedrals
2026-04-23 20:44:51,151 [ genlib ] [ INFO ] Updating impropers
2026-04-23 20:44:51,152 [ genlib ] [ INFO ] Building library files for HIP --> LYS mutant
2026-04-23 20:44:51,152 [ genlib ] [ INFO ] reading rtp file "aminoacids.rtp"
2026-04-23 20:44:51,188 [ genlib ] [ INFO ] ENTERED RINGS
2026-04-23 20:44:51,189 [ genlib ] [ INFO ] Making atom pairs
2026-04-23 20:44:51,195 [ genlib ] [ INFO ] Updating bond lists
2026-04-23 20:44:51,195 [ genlib ] [ INFO ] Updating dihedrals
2026-04-23 20:44:51,195 [ genlib ] [ INFO ] Updating impropers
2026-04-23 20:44:51,195 [ genlib ] [ INFO ] Building library files for HIP --> MET mutant
2026-04-23 20:44:51,196 [ genlib ] [ INFO ] reading rtp file "aminoacids.rtp"
2026-04-23 20:44:51,233 [ genlib ] [ INFO ] ENTERED RINGS
2026-04-23 20:44:51,233 [ genlib ] [ INFO ] Making atom pairs
2026-04-23 20:44:51,236 [ genlib ] [ INFO ] Updating bond lists
2026-04-23 20:44:51,236 [ genlib ] [ INFO ] Updating dihedrals
2026-04-23 20:44:51,236 [ genlib ] [ INFO ] Updating impropers
2026-04-23 20:44:51,236 [ genlib ] [ INFO ] Building library files for HIP --> PHE mutant
2026-04-23 20:44:51,237 [ genlib ] [ INFO ] reading rtp file "aminoacids.rtp"
2026-04-23 20:44:51,273 [ genlib ] [ INFO ] ENTERED STANDARD
2026-04-23 20:44:51,273 [ genlib ] [ INFO ] Making atom pairs
2026-04-23 20:44:51,277 [ genlib ] [ INFO ] Updating bond lists
2026-04-23 20:44:51,277 [ genlib ] [ INFO ] Updating dihedrals
2026-04-23 20:44:51,277 [ genlib ] [ INFO ] Updating impropers
2026-04-23 20:44:51,278 [ genlib ] [ INFO ] Building library files for HIP --> PRO mutant
2026-04-23 20:44:51,279 [ genlib ] [ INFO ] reading rtp file "aminoacids.rtp"
2026-04-23 20:44:51,316 [ genlib ] [ INFO ] ENTERED P
2026-04-23 20:44:51,316 [ genlib ] [ INFO ] Making atom pairs
2026-04-23 20:44:51,319 [ genlib ] [ INFO ] Updating bond lists
2026-04-23 20:44:51,319 [ genlib ] [ INFO ] Updating dihedrals
2026-04-23 20:44:51,319 [ genlib ] [ INFO ] Updating impropers
2026-04-23 20:44:51,319 [ genlib ] [ INFO ] Building library files for HIP --> SER mutant
2026-04-23 20:44:51,320 [ genlib ] [ INFO ] reading rtp file "aminoacids.rtp"
2026-04-23 20:44:51,354 [ genlib ] [ INFO ] ENTERED RINGS
2026-04-23 20:44:51,354 [ genlib ] [ INFO ] Making atom pairs
2026-04-23 20:44:51,355 [ genlib ] [ INFO ] Updating bond lists
2026-04-23 20:44:51,355 [ genlib ] [ INFO ] Updating dihedrals
2026-04-23 20:44:51,355 [ genlib ] [ INFO ] Updating impropers
2026-04-23 20:44:51,356 [ genlib ] [ INFO ] Building library files for HIP --> THR mutant
2026-04-23 20:44:51,357 [ genlib ] [ INFO ] reading rtp file "aminoacids.rtp"
2026-04-23 20:44:51,393 [ genlib ] [ INFO ] ENTERED T,A,V,I
2026-04-23 20:44:51,393 [ genlib ] [ INFO ] Making atom pairs
2026-04-23 20:44:51,395 [ genlib ] [ INFO ] Updating bond lists
2026-04-23 20:44:51,395 [ genlib ] [ INFO ] Updating dihedrals
2026-04-23 20:44:51,395 [ genlib ] [ INFO ] Updating impropers
2026-04-23 20:44:51,396 [ genlib ] [ INFO ] Building library files for HIP --> TRP mutant
2026-04-23 20:44:51,397 [ genlib ] [ INFO ] reading rtp file "aminoacids.rtp"
2026-04-23 20:44:51,433 [ genlib ] [ INFO ] ENTERED STANDARD
2026-04-23 20:44:51,433 [ genlib ] [ INFO ] Making atom pairs
2026-04-23 20:44:51,440 [ genlib ] [ INFO ] Updating bond lists
2026-04-23 20:44:51,440 [ genlib ] [ INFO ] Updating dihedrals
2026-04-23 20:44:51,440 [ genlib ] [ INFO ] Updating impropers
2026-04-23 20:44:51,441 [ genlib ] [ INFO ] Building library files for HIP --> TYR mutant
2026-04-23 20:44:51,442 [ genlib ] [ INFO ] reading rtp file "aminoacids.rtp"
2026-04-23 20:44:51,479 [ genlib ] [ INFO ] ENTERED STANDARD
2026-04-23 20:44:51,479 [ genlib ] [ INFO ] Making atom pairs
2026-04-23 20:44:51,484 [ genlib ] [ INFO ] Updating bond lists
2026-04-23 20:44:51,484 [ genlib ] [ INFO ] Updating dihedrals
2026-04-23 20:44:51,484 [ genlib ] [ INFO ] Updating impropers
2026-04-23 20:44:51,484 [ genlib ] [ INFO ] Building library files for HIP --> VAL mutant
2026-04-23 20:44:51,485 [ genlib ] [ INFO ] reading rtp file "aminoacids.rtp"
2026-04-23 20:44:51,522 [ genlib ] [ INFO ] ENTERED T,A,V,I
2026-04-23 20:44:51,522 [ genlib ] [ INFO ] Making atom pairs
2026-04-23 20:44:51,526 [ genlib ] [ INFO ] Updating bond lists
2026-04-23 20:44:51,526 [ genlib ] [ INFO ] Updating dihedrals
2026-04-23 20:44:51,526 [ genlib ] [ INFO ] Updating impropers
2026-04-23 20:44:51,526 [ genlib ] [ INFO ] Building library files for ILE --> ALA mutant
2026-04-23 20:44:51,527 [ genlib ] [ INFO ] reading rtp file "aminoacids.rtp"
2026-04-23 20:44:51,563 [ genlib ] [ INFO ] ENTERED SIMPLE
2026-04-23 20:44:51,564 [ genlib ] [ INFO ] Making atom pairs
2026-04-23 20:44:51,564 [ genlib ] [ INFO ] Searching branch 1
2026-04-23 20:44:51,564 [ genlib ] [ INFO ] Searching order 2
2026-04-23 20:44:51,564 [ genlib ] [ INFO ] Checking atom HB
2026-04-23 20:44:51,564 [ genlib ] [ INFO ] Define atom pair: ILE|HB|HC|H          - > ALA|2HB|HC|H         (d = 0.10 A)
2026-04-23 20:44:51,564 [ genlib ] [ INFO ] Checking atom CG1
2026-04-23 20:44:51,564 [ genlib ] [ INFO ] Define atom pair: ILE|CG1|2C|C.3       - > ALA|1HB|HC|H         (d = 0.53 A)
2026-04-23 20:44:51,564 [ genlib ] [ INFO ] Checking atom CG2
2026-04-23 20:44:51,564 [ genlib ] [ INFO ] Define atom pair: ILE|CG2|CT|C.3       - > ALA|3HB|HC|H         (d = 0.47 A)
2026-04-23 20:44:51,564 [ genlib ] [ INFO ] Searching order 3
2026-04-23 20:44:51,564 [ genlib ] [ INFO ] Checking atom 1HG1
2026-04-23 20:44:51,564 [ genlib ] [ INFO ] No partner found for atom 1HG1
2026-04-23 20:44:51,564 [ genlib ] [ INFO ] Checking atom 2HG1
2026-04-23 20:44:51,564 [ genlib ] [ INFO ] No partner found for atom 2HG1
2026-04-23 20:44:51,564 [ genlib ] [ INFO ] Checking atom 1HG2
2026-04-23 20:44:51,564 [ genlib ] [ INFO ] No partner found for atom 1HG2
2026-04-23 20:44:51,564 [ genlib ] [ INFO ] Checking atom 2HG2
2026-04-23 20:44:51,564 [ genlib ] [ INFO ] No partner found for atom 2HG2
2026-04-23 20:44:51,564 [ genlib ] [ INFO ] Checking atom 3HG2
2026-04-23 20:44:51,564 [ genlib ] [ INFO ] No partner found for atom 3HG2
2026-04-23 20:44:51,564 [ genlib ] [ INFO ] Checking atom CD1
2026-04-23 20:44:51,564 [ genlib ] [ INFO ] No partner found for atom CD1
2026-04-23 20:44:51,564 [ genlib ] [ INFO ] Searching order 4
2026-04-23 20:44:51,564 [ genlib ] [ INFO ] Searching order 5
2026-04-23 20:44:51,564 [ genlib ] [ INFO ] Searching order 6
2026-04-23 20:44:51,564 [ genlib ] [ INFO ] Searching order 7
2026-04-23 20:44:51,564 [ genlib ] [ INFO ] Searching branch 2
2026-04-23 20:44:51,564 [ genlib ] [ INFO ] Searching order 2
2026-04-23 20:44:51,564 [ genlib ] [ INFO ] Searching order 3
2026-04-23 20:44:51,564 [ genlib ] [ INFO ] Checking atom 1HG1
2026-04-23 20:44:51,564 [ genlib ] [ INFO ] No partner found for atom 1HG1
2026-04-23 20:44:51,564 [ genlib ] [ INFO ] Checking atom 2HG1
2026-04-23 20:44:51,564 [ genlib ] [ INFO ] No partner found for atom 2HG1
2026-04-23 20:44:51,564 [ genlib ] [ INFO ] Checking atom 1HG2
2026-04-23 20:44:51,564 [ genlib ] [ INFO ] No partner found for atom 1HG2
2026-04-23 20:44:51,564 [ genlib ] [ INFO ] Checking atom 2HG2
2026-04-23 20:44:51,564 [ genlib ] [ INFO ] No partner found for atom 2HG2
2026-04-23 20:44:51,564 [ genlib ] [ INFO ] Checking atom 3HG2
2026-04-23 20:44:51,564 [ genlib ] [ INFO ] No partner found for atom 3HG2
2026-04-23 20:44:51,564 [ genlib ] [ INFO ] Checking atom CD1
2026-04-23 20:44:51,564 [ genlib ] [ INFO ] No partner found for atom CD1
2026-04-23 20:44:51,564 [ genlib ] [ INFO ] Searching order 4
2026-04-23 20:44:51,564 [ genlib ] [ INFO ] Searching order 5
2026-04-23 20:44:51,564 [ genlib ] [ INFO ] Searching order 6
2026-04-23 20:44:51,564 [ genlib ] [ INFO ] Searching order 7
2026-04-23 20:44:51,564 [ genlib ] [ INFO ] Updating bond lists
2026-04-23 20:44:51,564 [ genlib ] [ INFO ] Updating dihedrals
2026-04-23 20:44:51,564 [ genlib ] [ INFO ] Updating impropers
2026-04-23 20:44:51,565 [ genlib ] [ INFO ] Building library files for ILE --> ARG mutant
2026-04-23 20:44:51,566 [ genlib ] [ INFO ] reading rtp file "aminoacids.rtp"
2026-04-23 20:44:51,601 [ genlib ] [ INFO ] ENTERED SIMPLE
2026-04-23 20:44:51,602 [ genlib ] [ INFO ] Making atom pairs
2026-04-23 20:44:51,602 [ genlib ] [ INFO ] Searching branch 1
2026-04-23 20:44:51,602 [ genlib ] [ INFO ] Searching order 2
2026-04-23 20:44:51,602 [ genlib ] [ INFO ] Checking atom HB
2026-04-23 20:44:51,602 [ genlib ] [ INFO ] Define atom pair: ILE|HB|HC|H          - > ARG|1HB|HC|H         (d = 0.16 A)
2026-04-23 20:44:51,602 [ genlib ] [ INFO ] Checking atom CG1
2026-04-23 20:44:51,602 [ genlib ] [ INFO ] Define atom pair: ILE|CG1|2C|C.3       - > ARG|CG|C8|C.3        (d = 0.18 A)
2026-04-23 20:44:51,602 [ genlib ] [ INFO ] Checking atom CG2
2026-04-23 20:44:51,602 [ genlib ] [ INFO ] Define atom pair: ILE|CG2|CT|C.3       - > ARG|2HB|HC|H         (d = 0.48 A)
2026-04-23 20:44:51,602 [ genlib ] [ INFO ] Searching order 3
2026-04-23 20:44:51,602 [ genlib ] [ INFO ] Checking atom 1HG1
2026-04-23 20:44:51,602 [ genlib ] [ INFO ] Define atom pair: ILE|1HG1|HC|H        - > ARG|1HG|HC|H         (d = 0.13 A)
2026-04-23 20:44:51,602 [ genlib ] [ INFO ] Checking atom 2HG1
2026-04-23 20:44:51,602 [ genlib ] [ INFO ] Define atom pair: ILE|2HG1|HC|H        - > ARG|2HG|HC|H         (d = 0.29 A)
2026-04-23 20:44:51,602 [ genlib ] [ INFO ] Checking atom 1HG2
2026-04-23 20:44:51,602 [ genlib ] [ INFO ] No partner found for atom 1HG2
2026-04-23 20:44:51,602 [ genlib ] [ INFO ] Checking atom 2HG2
2026-04-23 20:44:51,602 [ genlib ] [ INFO ] No partner found for atom 2HG2
2026-04-23 20:44:51,602 [ genlib ] [ INFO ] Checking atom 3HG2
2026-04-23 20:44:51,602 [ genlib ] [ INFO ] No partner found for atom 3HG2
2026-04-23 20:44:51,602 [ genlib ] [ INFO ] Checking atom CD1
2026-04-23 20:44:51,602 [ genlib ] [ INFO ] Define atom pair: ILE|CD1|CT|C.3       - > ARG|CD|C8|C.3        (d = 0.25 A)
2026-04-23 20:44:51,602 [ genlib ] [ INFO ] Searching order 4
2026-04-23 20:44:51,602 [ genlib ] [ INFO ] Checking atom 1HD1
2026-04-23 20:44:51,602 [ genlib ] [ INFO ] Define atom pair: ILE|1HD1|HC|H        - > ARG|NE|N2|N.pl3      (d = 0.45 A)
2026-04-23 20:44:51,602 [ genlib ] [ INFO ] Checking atom 2HD1
2026-04-23 20:44:51,602 [ genlib ] [ INFO ] Define atom pair: ILE|2HD1|HC|H        - > ARG|1HD|H1|H         (d = 0.31 A)
2026-04-23 20:44:51,602 [ genlib ] [ INFO ] Checking atom 3HD1
2026-04-23 20:44:51,602 [ genlib ] [ INFO ] Define atom pair: ILE|3HD1|HC|H        - > ARG|2HD|H1|H         (d = 0.25 A)
2026-04-23 20:44:51,602 [ genlib ] [ INFO ] Searching order 5
2026-04-23 20:44:51,602 [ genlib ] [ INFO ] Searching order 6
2026-04-23 20:44:51,602 [ genlib ] [ INFO ] Searching order 7
2026-04-23 20:44:51,602 [ genlib ] [ INFO ] Searching branch 2
2026-04-23 20:44:51,602 [ genlib ] [ INFO ] Searching order 2
2026-04-23 20:44:51,602 [ genlib ] [ INFO ] Searching order 3
2026-04-23 20:44:51,602 [ genlib ] [ INFO ] Checking atom 1HG2
2026-04-23 20:44:51,602 [ genlib ] [ INFO ] No partner found for atom 1HG2
2026-04-23 20:44:51,602 [ genlib ] [ INFO ] Checking atom 2HG2
2026-04-23 20:44:51,602 [ genlib ] [ INFO ] No partner found for atom 2HG2
2026-04-23 20:44:51,602 [ genlib ] [ INFO ] Checking atom 3HG2
2026-04-23 20:44:51,602 [ genlib ] [ INFO ] No partner found for atom 3HG2
2026-04-23 20:44:51,602 [ genlib ] [ INFO ] Searching order 4
2026-04-23 20:44:51,602 [ genlib ] [ INFO ] Searching order 5
2026-04-23 20:44:51,602 [ genlib ] [ INFO ] Searching order 6
2026-04-23 20:44:51,602 [ genlib ] [ INFO ] Searching order 7
2026-04-23 20:44:51,606 [ genlib ] [ INFO ] Updating bond lists
2026-04-23 20:44:51,606 [ genlib ] [ INFO ] Updating dihedrals
2026-04-23 20:44:51,606 [ genlib ] [ INFO ] Updating impropers
2026-04-23 20:44:51,607 [ genlib ] [ INFO ] Building library files for ILE --> ASH mutant
2026-04-23 20:44:51,608 [ genlib ] [ INFO ] reading rtp file "aminoacids.rtp"
2026-04-23 20:44:51,643 [ genlib ] [ INFO ] ENTERED SIMPLE
2026-04-23 20:44:51,643 [ genlib ] [ INFO ] Making atom pairs
2026-04-23 20:44:51,643 [ genlib ] [ INFO ] Searching branch 1
2026-04-23 20:44:51,643 [ genlib ] [ INFO ] Searching order 2
2026-04-23 20:44:51,643 [ genlib ] [ INFO ] Checking atom HB
2026-04-23 20:44:51,643 [ genlib ] [ INFO ] Define atom pair: ILE|HB|HC|H          - > ASH|1HB|HC|H         (d = 0.09 A)
2026-04-23 20:44:51,643 [ genlib ] [ INFO ] Checking atom CG1
2026-04-23 20:44:51,643 [ genlib ] [ INFO ] Define atom pair: ILE|CG1|2C|C.3       - > ASH|CG|C|C.2         (d = 0.05 A)
2026-04-23 20:44:51,643 [ genlib ] [ INFO ] Checking atom CG2
2026-04-23 20:44:51,643 [ genlib ] [ INFO ] No partner found for atom CG2
2026-04-23 20:44:51,643 [ genlib ] [ INFO ] Searching order 3
2026-04-23 20:44:51,643 [ genlib ] [ INFO ] Checking atom 1HG1
2026-04-23 20:44:51,643 [ genlib ] [ INFO ] No partner found for atom 1HG1
2026-04-23 20:44:51,643 [ genlib ] [ INFO ] Checking atom 2HG1
2026-04-23 20:44:51,643 [ genlib ] [ INFO ] No partner found for atom 2HG1
2026-04-23 20:44:51,643 [ genlib ] [ INFO ] Checking atom CD1
2026-04-23 20:44:51,643 [ genlib ] [ INFO ] Define atom pair: ILE|CD1|CT|C.3       - > ASH|OD1|O|O.co2      (d = 0.33 A)
2026-04-23 20:44:51,643 [ genlib ] [ INFO ] Searching order 4
2026-04-23 20:44:51,643 [ genlib ] [ INFO ] Checking atom 1HD1
2026-04-23 20:44:51,643 [ genlib ] [ INFO ] No partner found for atom 1HD1
2026-04-23 20:44:51,643 [ genlib ] [ INFO ] Checking atom 2HD1
2026-04-23 20:44:51,643 [ genlib ] [ INFO ] No partner found for atom 2HD1
2026-04-23 20:44:51,643 [ genlib ] [ INFO ] Checking atom 3HD1
2026-04-23 20:44:51,643 [ genlib ] [ INFO ] No partner found for atom 3HD1
2026-04-23 20:44:51,643 [ genlib ] [ INFO ] Searching order 5
2026-04-23 20:44:51,643 [ genlib ] [ INFO ] Searching order 6
2026-04-23 20:44:51,643 [ genlib ] [ INFO ] Searching order 7
2026-04-23 20:44:51,643 [ genlib ] [ INFO ] Searching branch 2
2026-04-23 20:44:51,643 [ genlib ] [ INFO ] Searching order 2
2026-04-23 20:44:51,643 [ genlib ] [ INFO ] Checking atom CG2
2026-04-23 20:44:51,643 [ genlib ] [ INFO ] No partner found for atom CG2
2026-04-23 20:44:51,643 [ genlib ] [ INFO ] Searching order 3
2026-04-23 20:44:51,643 [ genlib ] [ INFO ] Checking atom 1HG1
2026-04-23 20:44:51,643 [ genlib ] [ INFO ] No partner found for atom 1HG1
2026-04-23 20:44:51,643 [ genlib ] [ INFO ] Checking atom 2HG1
2026-04-23 20:44:51,643 [ genlib ] [ INFO ] No partner found for atom 2HG1
2026-04-23 20:44:51,643 [ genlib ] [ INFO ] Searching order 4
2026-04-23 20:44:51,643 [ genlib ] [ INFO ] Checking atom 1HD1
2026-04-23 20:44:51,643 [ genlib ] [ INFO ] No partner found for atom 1HD1
2026-04-23 20:44:51,643 [ genlib ] [ INFO ] Checking atom 2HD1
2026-04-23 20:44:51,643 [ genlib ] [ INFO ] No partner found for atom 2HD1
2026-04-23 20:44:51,643 [ genlib ] [ INFO ] Checking atom 3HD1
2026-04-23 20:44:51,643 [ genlib ] [ INFO ] No partner found for atom 3HD1
2026-04-23 20:44:51,643 [ genlib ] [ INFO ] Searching order 5
2026-04-23 20:44:51,643 [ genlib ] [ INFO ] Searching order 6
2026-04-23 20:44:51,643 [ genlib ] [ INFO ] Searching order 7
2026-04-23 20:44:51,644 [ genlib ] [ INFO ] Updating bond lists
2026-04-23 20:44:51,644 [ genlib ] [ INFO ] Updating dihedrals
2026-04-23 20:44:51,644 [ genlib ] [ INFO ] Updating impropers
2026-04-23 20:44:51,644 [ genlib ] [ INFO ] Building library files for ILE --> ASN mutant
2026-04-23 20:44:51,645 [ genlib ] [ INFO ] reading rtp file "aminoacids.rtp"
2026-04-23 20:44:51,680 [ genlib ] [ INFO ] ENTERED SIMPLE
2026-04-23 20:44:51,680 [ genlib ] [ INFO ] Making atom pairs
2026-04-23 20:44:51,680 [ genlib ] [ INFO ] Searching branch 1
2026-04-23 20:44:51,680 [ genlib ] [ INFO ] Searching order 2
2026-04-23 20:44:51,680 [ genlib ] [ INFO ] Checking atom HB
2026-04-23 20:44:51,680 [ genlib ] [ INFO ] Define atom pair: ILE|HB|HC|H          - > ASN|1HB|HC|H         (d = 0.14 A)
2026-04-23 20:44:51,680 [ genlib ] [ INFO ] Checking atom CG1
2026-04-23 20:44:51,680 [ genlib ] [ INFO ] Define atom pair: ILE|CG1|2C|C.3       - > ASN|CG|C|C.2         (d = 0.06 A)
2026-04-23 20:44:51,680 [ genlib ] [ INFO ] Checking atom CG2
2026-04-23 20:44:51,680 [ genlib ] [ INFO ] Define atom pair: ILE|CG2|CT|C.3       - > ASN|2HB|HC|H         (d = 0.45 A)
2026-04-23 20:44:51,680 [ genlib ] [ INFO ] Searching order 3
2026-04-23 20:44:51,680 [ genlib ] [ INFO ] Checking atom 1HG1
2026-04-23 20:44:51,680 [ genlib ] [ INFO ] No partner found for atom 1HG1
2026-04-23 20:44:51,680 [ genlib ] [ INFO ] Checking atom 2HG1
2026-04-23 20:44:51,680 [ genlib ] [ INFO ] No partner found for atom 2HG1
2026-04-23 20:44:51,680 [ genlib ] [ INFO ] Checking atom 1HG2
2026-04-23 20:44:51,680 [ genlib ] [ INFO ] No partner found for atom 1HG2
2026-04-23 20:44:51,680 [ genlib ] [ INFO ] Checking atom 2HG2
2026-04-23 20:44:51,680 [ genlib ] [ INFO ] No partner found for atom 2HG2
2026-04-23 20:44:51,680 [ genlib ] [ INFO ] Checking atom 3HG2
2026-04-23 20:44:51,680 [ genlib ] [ INFO ] No partner found for atom 3HG2
2026-04-23 20:44:51,680 [ genlib ] [ INFO ] Checking atom CD1
2026-04-23 20:44:51,680 [ genlib ] [ INFO ] Define atom pair: ILE|CD1|CT|C.3       - > ASN|OD1|O|O.2        (d = 0.34 A)
2026-04-23 20:44:51,680 [ genlib ] [ INFO ] Searching order 4
2026-04-23 20:44:51,680 [ genlib ] [ INFO ] Checking atom 1HD1
2026-04-23 20:44:51,680 [ genlib ] [ INFO ] No partner found for atom 1HD1
2026-04-23 20:44:51,680 [ genlib ] [ INFO ] Checking atom 2HD1
2026-04-23 20:44:51,680 [ genlib ] [ INFO ] No partner found for atom 2HD1
2026-04-23 20:44:51,680 [ genlib ] [ INFO ] Checking atom 3HD1
2026-04-23 20:44:51,680 [ genlib ] [ INFO ] No partner found for atom 3HD1
2026-04-23 20:44:51,680 [ genlib ] [ INFO ] Searching order 5
2026-04-23 20:44:51,680 [ genlib ] [ INFO ] Searching order 6
2026-04-23 20:44:51,680 [ genlib ] [ INFO ] Searching order 7
2026-04-23 20:44:51,680 [ genlib ] [ INFO ] Searching branch 2
2026-04-23 20:44:51,680 [ genlib ] [ INFO ] Searching order 2
2026-04-23 20:44:51,680 [ genlib ] [ INFO ] Searching order 3
2026-04-23 20:44:51,680 [ genlib ] [ INFO ] Checking atom 1HG1
2026-04-23 20:44:51,680 [ genlib ] [ INFO ] No partner found for atom 1HG1
2026-04-23 20:44:51,680 [ genlib ] [ INFO ] Checking atom 2HG1
2026-04-23 20:44:51,680 [ genlib ] [ INFO ] No partner found for atom 2HG1
2026-04-23 20:44:51,680 [ genlib ] [ INFO ] Checking atom 1HG2
2026-04-23 20:44:51,680 [ genlib ] [ INFO ] No partner found for atom 1HG2
2026-04-23 20:44:51,680 [ genlib ] [ INFO ] Checking atom 2HG2
2026-04-23 20:44:51,680 [ genlib ] [ INFO ] No partner found for atom 2HG2
2026-04-23 20:44:51,680 [ genlib ] [ INFO ] Checking atom 3HG2
2026-04-23 20:44:51,680 [ genlib ] [ INFO ] No partner found for atom 3HG2
2026-04-23 20:44:51,680 [ genlib ] [ INFO ] Searching order 4
2026-04-23 20:44:51,680 [ genlib ] [ INFO ] Checking atom 1HD1
2026-04-23 20:44:51,680 [ genlib ] [ INFO ] No partner found for atom 1HD1
2026-04-23 20:44:51,680 [ genlib ] [ INFO ] Checking atom 2HD1
2026-04-23 20:44:51,680 [ genlib ] [ INFO ] No partner found for atom 2HD1
2026-04-23 20:44:51,680 [ genlib ] [ INFO ] Checking atom 3HD1
2026-04-23 20:44:51,680 [ genlib ] [ INFO ] No partner found for atom 3HD1
2026-04-23 20:44:51,680 [ genlib ] [ INFO ] Searching order 5
2026-04-23 20:44:51,680 [ genlib ] [ INFO ] Searching order 6
2026-04-23 20:44:51,680 [ genlib ] [ INFO ] Searching order 7
2026-04-23 20:44:51,682 [ genlib ] [ INFO ] Updating bond lists
2026-04-23 20:44:51,682 [ genlib ] [ INFO ] Updating dihedrals
2026-04-23 20:44:51,682 [ genlib ] [ INFO ] Updating impropers
2026-04-23 20:44:51,682 [ genlib ] [ INFO ] Building library files for ILE --> ASP mutant
2026-04-23 20:44:51,683 [ genlib ] [ INFO ] reading rtp file "aminoacids.rtp"
2026-04-23 20:44:51,718 [ genlib ] [ INFO ] ENTERED SIMPLE
2026-04-23 20:44:51,718 [ genlib ] [ INFO ] Making atom pairs
2026-04-23 20:44:51,718 [ genlib ] [ INFO ] Searching branch 1
2026-04-23 20:44:51,718 [ genlib ] [ INFO ] Searching order 2
2026-04-23 20:44:51,718 [ genlib ] [ INFO ] Checking atom HB
2026-04-23 20:44:51,718 [ genlib ] [ INFO ] Define atom pair: ILE|HB|HC|H          - > ASP|1HB|HC|H         (d = 0.07 A)
2026-04-23 20:44:51,718 [ genlib ] [ INFO ] Checking atom CG1
2026-04-23 20:44:51,718 [ genlib ] [ INFO ] Define atom pair: ILE|CG1|2C|C.3       - > ASP|CG|CO|C.2        (d = 0.05 A)
2026-04-23 20:44:51,718 [ genlib ] [ INFO ] Checking atom CG2
2026-04-23 20:44:51,718 [ genlib ] [ INFO ] Define atom pair: ILE|CG2|CT|C.3       - > ASP|2HB|HC|H         (d = 0.48 A)
2026-04-23 20:44:51,718 [ genlib ] [ INFO ] Searching order 3
2026-04-23 20:44:51,718 [ genlib ] [ INFO ] Checking atom 1HG1
2026-04-23 20:44:51,718 [ genlib ] [ INFO ] No partner found for atom 1HG1
2026-04-23 20:44:51,718 [ genlib ] [ INFO ] Checking atom 2HG1
2026-04-23 20:44:51,718 [ genlib ] [ INFO ] No partner found for atom 2HG1
2026-04-23 20:44:51,718 [ genlib ] [ INFO ] Checking atom 1HG2
2026-04-23 20:44:51,718 [ genlib ] [ INFO ] No partner found for atom 1HG2
2026-04-23 20:44:51,718 [ genlib ] [ INFO ] Checking atom 2HG2
2026-04-23 20:44:51,718 [ genlib ] [ INFO ] No partner found for atom 2HG2
2026-04-23 20:44:51,718 [ genlib ] [ INFO ] Checking atom 3HG2
2026-04-23 20:44:51,718 [ genlib ] [ INFO ] No partner found for atom 3HG2
2026-04-23 20:44:51,718 [ genlib ] [ INFO ] Checking atom CD1
2026-04-23 20:44:51,718 [ genlib ] [ INFO ] Define atom pair: ILE|CD1|CT|C.3       - > ASP|OD1|O2|O.co2     (d = 0.33 A)
2026-04-23 20:44:51,718 [ genlib ] [ INFO ] Searching order 4
2026-04-23 20:44:51,718 [ genlib ] [ INFO ] Checking atom 1HD1
2026-04-23 20:44:51,719 [ genlib ] [ INFO ] No partner found for atom 1HD1
2026-04-23 20:44:51,719 [ genlib ] [ INFO ] Checking atom 2HD1
2026-04-23 20:44:51,719 [ genlib ] [ INFO ] No partner found for atom 2HD1
2026-04-23 20:44:51,719 [ genlib ] [ INFO ] Checking atom 3HD1
2026-04-23 20:44:51,719 [ genlib ] [ INFO ] No partner found for atom 3HD1
2026-04-23 20:44:51,719 [ genlib ] [ INFO ] Searching order 5
2026-04-23 20:44:51,719 [ genlib ] [ INFO ] Searching order 6
2026-04-23 20:44:51,719 [ genlib ] [ INFO ] Searching order 7
2026-04-23 20:44:51,719 [ genlib ] [ INFO ] Searching branch 2
2026-04-23 20:44:51,719 [ genlib ] [ INFO ] Searching order 2
2026-04-23 20:44:51,719 [ genlib ] [ INFO ] Searching order 3
2026-04-23 20:44:51,719 [ genlib ] [ INFO ] Checking atom 1HG1
2026-04-23 20:44:51,719 [ genlib ] [ INFO ] No partner found for atom 1HG1
2026-04-23 20:44:51,719 [ genlib ] [ INFO ] Checking atom 2HG1
2026-04-23 20:44:51,719 [ genlib ] [ INFO ] No partner found for atom 2HG1
2026-04-23 20:44:51,719 [ genlib ] [ INFO ] Checking atom 1HG2
2026-04-23 20:44:51,719 [ genlib ] [ INFO ] No partner found for atom 1HG2
2026-04-23 20:44:51,719 [ genlib ] [ INFO ] Checking atom 2HG2
2026-04-23 20:44:51,719 [ genlib ] [ INFO ] No partner found for atom 2HG2
2026-04-23 20:44:51,719 [ genlib ] [ INFO ] Checking atom 3HG2
2026-04-23 20:44:51,719 [ genlib ] [ INFO ] No partner found for atom 3HG2
2026-04-23 20:44:51,719 [ genlib ] [ INFO ] Searching order 4
2026-04-23 20:44:51,719 [ genlib ] [ INFO ] Checking atom 1HD1
2026-04-23 20:44:51,719 [ genlib ] [ INFO ] No partner found for atom 1HD1
2026-04-23 20:44:51,719 [ genlib ] [ INFO ] Checking atom 2HD1
2026-04-23 20:44:51,719 [ genlib ] [ INFO ] No partner found for atom 2HD1
2026-04-23 20:44:51,719 [ genlib ] [ INFO ] Checking atom 3HD1
2026-04-23 20:44:51,719 [ genlib ] [ INFO ] No partner found for atom 3HD1
2026-04-23 20:44:51,719 [ genlib ] [ INFO ] Searching order 5
2026-04-23 20:44:51,719 [ genlib ] [ INFO ] Searching order 6
2026-04-23 20:44:51,719 [ genlib ] [ INFO ] Searching order 7
2026-04-23 20:44:51,719 [ genlib ] [ INFO ] Updating bond lists
2026-04-23 20:44:51,719 [ genlib ] [ INFO ] Updating dihedrals
2026-04-23 20:44:51,720 [ genlib ] [ INFO ] Updating impropers
2026-04-23 20:44:51,720 [ genlib ] [ INFO ] Building library files for ILE --> CYS mutant
2026-04-23 20:44:51,720 [ genlib ] [ INFO ] reading rtp file "aminoacids.rtp"
2026-04-23 20:44:51,757 [ genlib ] [ INFO ] ENTERED SIMPLE
2026-04-23 20:44:51,757 [ genlib ] [ INFO ] Making atom pairs
2026-04-23 20:44:51,757 [ genlib ] [ INFO ] Searching branch 1
2026-04-23 20:44:51,757 [ genlib ] [ INFO ] Searching order 2
2026-04-23 20:44:51,757 [ genlib ] [ INFO ] Checking atom HB
2026-04-23 20:44:51,757 [ genlib ] [ INFO ] Define atom pair: ILE|HB|HC|H          - > CYS|1HB|H1|H         (d = 0.08 A)
2026-04-23 20:44:51,757 [ genlib ] [ INFO ] Checking atom CG1
2026-04-23 20:44:51,757 [ genlib ] [ INFO ] Define atom pair: ILE|CG1|2C|C.3       - > CYS|SG|SH|S.3        (d = 0.23 A)
2026-04-23 20:44:51,757 [ genlib ] [ INFO ] Checking atom CG2
2026-04-23 20:44:51,757 [ genlib ] [ INFO ] Define atom pair: ILE|CG2|CT|C.3       - > CYS|2HB|H1|H         (d = 0.47 A)
2026-04-23 20:44:51,757 [ genlib ] [ INFO ] Searching order 3
2026-04-23 20:44:51,757 [ genlib ] [ INFO ] Checking atom 1HG1
2026-04-23 20:44:51,757 [ genlib ] [ INFO ] No partner found for atom 1HG1
2026-04-23 20:44:51,757 [ genlib ] [ INFO ] Checking atom 2HG1
2026-04-23 20:44:51,757 [ genlib ] [ INFO ] No partner found for atom 2HG1
2026-04-23 20:44:51,757 [ genlib ] [ INFO ] Checking atom 1HG2
2026-04-23 20:44:51,757 [ genlib ] [ INFO ] No partner found for atom 1HG2
2026-04-23 20:44:51,757 [ genlib ] [ INFO ] Checking atom 2HG2
2026-04-23 20:44:51,757 [ genlib ] [ INFO ] No partner found for atom 2HG2
2026-04-23 20:44:51,757 [ genlib ] [ INFO ] Checking atom 3HG2
2026-04-23 20:44:51,757 [ genlib ] [ INFO ] No partner found for atom 3HG2
2026-04-23 20:44:51,757 [ genlib ] [ INFO ] Checking atom CD1
2026-04-23 20:44:51,757 [ genlib ] [ INFO ] Define atom pair: ILE|CD1|CT|C.3       - > CYS|HG|HS|H          (d = 0.29 A)
2026-04-23 20:44:51,757 [ genlib ] [ INFO ] Searching order 4
2026-04-23 20:44:51,757 [ genlib ] [ INFO ] Checking atom 1HD1
2026-04-23 20:44:51,757 [ genlib ] [ INFO ] No partner found for atom 1HD1
2026-04-23 20:44:51,757 [ genlib ] [ INFO ] Checking atom 2HD1
2026-04-23 20:44:51,757 [ genlib ] [ INFO ] No partner found for atom 2HD1
2026-04-23 20:44:51,757 [ genlib ] [ INFO ] Checking atom 3HD1
2026-04-23 20:44:51,757 [ genlib ] [ INFO ] No partner found for atom 3HD1
2026-04-23 20:44:51,757 [ genlib ] [ INFO ] Searching order 5
2026-04-23 20:44:51,757 [ genlib ] [ INFO ] Searching order 6
2026-04-23 20:44:51,757 [ genlib ] [ INFO ] Searching order 7
2026-04-23 20:44:51,757 [ genlib ] [ INFO ] Searching branch 2
2026-04-23 20:44:51,757 [ genlib ] [ INFO ] Searching order 2
2026-04-23 20:44:51,757 [ genlib ] [ INFO ] Searching order 3
2026-04-23 20:44:51,757 [ genlib ] [ INFO ] Checking atom 1HG1
2026-04-23 20:44:51,757 [ genlib ] [ INFO ] No partner found for atom 1HG1
2026-04-23 20:44:51,757 [ genlib ] [ INFO ] Checking atom 2HG1
2026-04-23 20:44:51,757 [ genlib ] [ INFO ] No partner found for atom 2HG1
2026-04-23 20:44:51,757 [ genlib ] [ INFO ] Checking atom 1HG2
2026-04-23 20:44:51,757 [ genlib ] [ INFO ] No partner found for atom 1HG2
2026-04-23 20:44:51,757 [ genlib ] [ INFO ] Checking atom 2HG2
2026-04-23 20:44:51,757 [ genlib ] [ INFO ] No partner found for atom 2HG2
2026-04-23 20:44:51,757 [ genlib ] [ INFO ] Checking atom 3HG2
2026-04-23 20:44:51,757 [ genlib ] [ INFO ] No partner found for atom 3HG2
2026-04-23 20:44:51,757 [ genlib ] [ INFO ] Searching order 4
2026-04-23 20:44:51,757 [ genlib ] [ INFO ] Checking atom 1HD1
2026-04-23 20:44:51,757 [ genlib ] [ INFO ] No partner found for atom 1HD1
2026-04-23 20:44:51,757 [ genlib ] [ INFO ] Checking atom 2HD1
2026-04-23 20:44:51,757 [ genlib ] [ INFO ] No partner found for atom 2HD1
2026-04-23 20:44:51,757 [ genlib ] [ INFO ] Checking atom 3HD1
2026-04-23 20:44:51,757 [ genlib ] [ INFO ] No partner found for atom 3HD1
2026-04-23 20:44:51,757 [ genlib ] [ INFO ] Searching order 5
2026-04-23 20:44:51,757 [ genlib ] [ INFO ] Searching order 6
2026-04-23 20:44:51,757 [ genlib ] [ INFO ] Searching order 7
2026-04-23 20:44:51,758 [ genlib ] [ INFO ] Updating bond lists
2026-04-23 20:44:51,758 [ genlib ] [ INFO ] Updating dihedrals
2026-04-23 20:44:51,758 [ genlib ] [ INFO ] Updating impropers
2026-04-23 20:44:51,758 [ genlib ] [ INFO ] Building library files for ILE --> GLH mutant
2026-04-23 20:44:51,759 [ genlib ] [ INFO ] reading rtp file "aminoacids.rtp"
2026-04-23 20:44:51,814 [ genlib ] [ INFO ] ENTERED SIMPLE
2026-04-23 20:44:51,814 [ genlib ] [ INFO ] Making atom pairs
2026-04-23 20:44:51,814 [ genlib ] [ INFO ] Searching branch 1
2026-04-23 20:44:51,814 [ genlib ] [ INFO ] Searching order 2
2026-04-23 20:44:51,814 [ genlib ] [ INFO ] Checking atom HB
2026-04-23 20:44:51,814 [ genlib ] [ INFO ] Define atom pair: ILE|HB|HC|H          - > GLH|1HB|HC|H         (d = 0.11 A)
2026-04-23 20:44:51,814 [ genlib ] [ INFO ] Checking atom CG1
2026-04-23 20:44:51,814 [ genlib ] [ INFO ] Define atom pair: ILE|CG1|2C|C.3       - > GLH|CG|2C|C.3        (d = 0.06 A)
2026-04-23 20:44:51,814 [ genlib ] [ INFO ] Checking atom CG2
2026-04-23 20:44:51,814 [ genlib ] [ INFO ] No partner found for atom CG2
2026-04-23 20:44:51,814 [ genlib ] [ INFO ] Searching order 3
2026-04-23 20:44:51,814 [ genlib ] [ INFO ] Checking atom 1HG1
2026-04-23 20:44:51,814 [ genlib ] [ INFO ] Define atom pair: ILE|1HG1|HC|H        - > GLH|1HG|HC|H         (d = 0.11 A)
2026-04-23 20:44:51,814 [ genlib ] [ INFO ] Checking atom 2HG1
2026-04-23 20:44:51,814 [ genlib ] [ INFO ] Define atom pair: ILE|2HG1|HC|H        - > GLH|2HG|HC|H         (d = 0.14 A)
2026-04-23 20:44:51,814 [ genlib ] [ INFO ] Checking atom CD1
2026-04-23 20:44:51,814 [ genlib ] [ INFO ] Define atom pair: ILE|CD1|CT|C.3       - > GLH|CD|C|C.2         (d = 0.02 A)
2026-04-23 20:44:51,814 [ genlib ] [ INFO ] Searching order 4
2026-04-23 20:44:51,814 [ genlib ] [ INFO ] Checking atom 1HD1
2026-04-23 20:44:51,814 [ genlib ] [ INFO ] Define atom pair: ILE|1HD1|HC|H        - > GLH|OE1|O|O.co2      (d = 0.23 A)
2026-04-23 20:44:51,814 [ genlib ] [ INFO ] Checking atom 2HD1
2026-04-23 20:44:51,814 [ genlib ] [ INFO ] No partner found for atom 2HD1
2026-04-23 20:44:51,814 [ genlib ] [ INFO ] Checking atom 3HD1
2026-04-23 20:44:51,814 [ genlib ] [ INFO ] No partner found for atom 3HD1
2026-04-23 20:44:51,814 [ genlib ] [ INFO ] Searching order 5
2026-04-23 20:44:51,814 [ genlib ] [ INFO ] Searching order 6
2026-04-23 20:44:51,814 [ genlib ] [ INFO ] Searching order 7
2026-04-23 20:44:51,814 [ genlib ] [ INFO ] Searching branch 2
2026-04-23 20:44:51,814 [ genlib ] [ INFO ] Searching order 2
2026-04-23 20:44:51,814 [ genlib ] [ INFO ] Checking atom CG2
2026-04-23 20:44:51,814 [ genlib ] [ INFO ] No partner found for atom CG2
2026-04-23 20:44:51,814 [ genlib ] [ INFO ] Searching order 3
2026-04-23 20:44:51,814 [ genlib ] [ INFO ] Searching order 4
2026-04-23 20:44:51,814 [ genlib ] [ INFO ] Checking atom 2HD1
2026-04-23 20:44:51,814 [ genlib ] [ INFO ] No partner found for atom 2HD1
2026-04-23 20:44:51,814 [ genlib ] [ INFO ] Checking atom 3HD1
2026-04-23 20:44:51,814 [ genlib ] [ INFO ] No partner found for atom 3HD1
2026-04-23 20:44:51,814 [ genlib ] [ INFO ] Searching order 5
2026-04-23 20:44:51,814 [ genlib ] [ INFO ] Searching order 6
2026-04-23 20:44:51,814 [ genlib ] [ INFO ] Searching order 7
2026-04-23 20:44:51,815 [ genlib ] [ INFO ] Updating bond lists
2026-04-23 20:44:51,815 [ genlib ] [ INFO ] Updating dihedrals
2026-04-23 20:44:51,815 [ genlib ] [ INFO ] Updating impropers
2026-04-23 20:44:51,816 [ genlib ] [ INFO ] Building library files for ILE --> GLN mutant
2026-04-23 20:44:51,817 [ genlib ] [ INFO ] reading rtp file "aminoacids.rtp"
2026-04-23 20:44:51,852 [ genlib ] [ INFO ] ENTERED SIMPLE
2026-04-23 20:44:51,853 [ genlib ] [ INFO ] Making atom pairs
2026-04-23 20:44:51,853 [ genlib ] [ INFO ] Searching branch 1
2026-04-23 20:44:51,853 [ genlib ] [ INFO ] Searching order 2
2026-04-23 20:44:51,853 [ genlib ] [ INFO ] Checking atom HB
2026-04-23 20:44:51,853 [ genlib ] [ INFO ] Define atom pair: ILE|HB|HC|H          - > GLN|1HB|HC|H         (d = 0.11 A)
2026-04-23 20:44:51,853 [ genlib ] [ INFO ] Checking atom CG1
2026-04-23 20:44:51,853 [ genlib ] [ INFO ] Define atom pair: ILE|CG1|2C|C.3       - > GLN|CG|2C|C.3        (d = 0.11 A)
2026-04-23 20:44:51,853 [ genlib ] [ INFO ] Checking atom CG2
2026-04-23 20:44:51,853 [ genlib ] [ INFO ] Define atom pair: ILE|CG2|CT|C.3       - > GLN|2HB|HC|H         (d = 0.49 A)
2026-04-23 20:44:51,853 [ genlib ] [ INFO ] Searching order 3
2026-04-23 20:44:51,853 [ genlib ] [ INFO ] Checking atom 1HG1
2026-04-23 20:44:51,853 [ genlib ] [ INFO ] Define atom pair: ILE|1HG1|HC|H        - > GLN|1HG|HC|H         (d = 0.03 A)
2026-04-23 20:44:51,853 [ genlib ] [ INFO ] Checking atom 2HG1
2026-04-23 20:44:51,853 [ genlib ] [ INFO ] Define atom pair: ILE|2HG1|HC|H        - > GLN|2HG|HC|H         (d = 0.20 A)
2026-04-23 20:44:51,853 [ genlib ] [ INFO ] Checking atom 1HG2
2026-04-23 20:44:51,853 [ genlib ] [ INFO ] No partner found for atom 1HG2
2026-04-23 20:44:51,853 [ genlib ] [ INFO ] Checking atom 2HG2
2026-04-23 20:44:51,853 [ genlib ] [ INFO ] No partner found for atom 2HG2
2026-04-23 20:44:51,853 [ genlib ] [ INFO ] Checking atom 3HG2
2026-04-23 20:44:51,853 [ genlib ] [ INFO ] No partner found for atom 3HG2
2026-04-23 20:44:51,853 [ genlib ] [ INFO ] Checking atom CD1
2026-04-23 20:44:51,853 [ genlib ] [ INFO ] Define atom pair: ILE|CD1|CT|C.3       - > GLN|CD|C|C.2         (d = 0.17 A)
2026-04-23 20:44:51,853 [ genlib ] [ INFO ] Searching order 4
2026-04-23 20:44:51,853 [ genlib ] [ INFO ] Checking atom 1HD1
2026-04-23 20:44:51,853 [ genlib ] [ INFO ] Define atom pair: ILE|1HD1|HC|H        - > GLN|OE1|O|O.2        (d = 0.21 A)
2026-04-23 20:44:51,853 [ genlib ] [ INFO ] Checking atom 2HD1
2026-04-23 20:44:51,853 [ genlib ] [ INFO ] No partner found for atom 2HD1
2026-04-23 20:44:51,853 [ genlib ] [ INFO ] Checking atom 3HD1
2026-04-23 20:44:51,853 [ genlib ] [ INFO ] No partner found for atom 3HD1
2026-04-23 20:44:51,853 [ genlib ] [ INFO ] Searching order 5
2026-04-23 20:44:51,853 [ genlib ] [ INFO ] Searching order 6
2026-04-23 20:44:51,853 [ genlib ] [ INFO ] Searching order 7
2026-04-23 20:44:51,853 [ genlib ] [ INFO ] Searching branch 2
2026-04-23 20:44:51,853 [ genlib ] [ INFO ] Searching order 2
2026-04-23 20:44:51,853 [ genlib ] [ INFO ] Searching order 3
2026-04-23 20:44:51,853 [ genlib ] [ INFO ] Checking atom 1HG2
2026-04-23 20:44:51,853 [ genlib ] [ INFO ] No partner found for atom 1HG2
2026-04-23 20:44:51,853 [ genlib ] [ INFO ] Checking atom 2HG2
2026-04-23 20:44:51,853 [ genlib ] [ INFO ] No partner found for atom 2HG2
2026-04-23 20:44:51,853 [ genlib ] [ INFO ] Checking atom 3HG2
2026-04-23 20:44:51,853 [ genlib ] [ INFO ] No partner found for atom 3HG2
2026-04-23 20:44:51,853 [ genlib ] [ INFO ] Searching order 4
2026-04-23 20:44:51,853 [ genlib ] [ INFO ] Checking atom 2HD1
2026-04-23 20:44:51,853 [ genlib ] [ INFO ] No partner found for atom 2HD1
2026-04-23 20:44:51,853 [ genlib ] [ INFO ] Checking atom 3HD1
2026-04-23 20:44:51,853 [ genlib ] [ INFO ] No partner found for atom 3HD1
2026-04-23 20:44:51,853 [ genlib ] [ INFO ] Searching order 5
2026-04-23 20:44:51,853 [ genlib ] [ INFO ] Searching order 6
2026-04-23 20:44:51,853 [ genlib ] [ INFO ] Searching order 7
2026-04-23 20:44:51,855 [ genlib ] [ INFO ] Updating bond lists
2026-04-23 20:44:51,855 [ genlib ] [ INFO ] Updating dihedrals
2026-04-23 20:44:51,855 [ genlib ] [ INFO ] Updating impropers
2026-04-23 20:44:51,855 [ genlib ] [ INFO ] Building library files for ILE --> GLU mutant
2026-04-23 20:44:51,856 [ genlib ] [ INFO ] reading rtp file "aminoacids.rtp"
2026-04-23 20:44:51,892 [ genlib ] [ INFO ] ENTERED SIMPLE
2026-04-23 20:44:51,892 [ genlib ] [ INFO ] Making atom pairs
2026-04-23 20:44:51,892 [ genlib ] [ INFO ] Searching branch 1
2026-04-23 20:44:51,892 [ genlib ] [ INFO ] Searching order 2
2026-04-23 20:44:51,892 [ genlib ] [ INFO ] Checking atom HB
2026-04-23 20:44:51,892 [ genlib ] [ INFO ] Define atom pair: ILE|HB|HC|H          - > GLU|1HB|HC|H         (d = 0.05 A)
2026-04-23 20:44:51,892 [ genlib ] [ INFO ] Checking atom CG1
2026-04-23 20:44:51,892 [ genlib ] [ INFO ] Define atom pair: ILE|CG1|2C|C.3       - > GLU|CG|2C|C.3        (d = 0.06 A)
2026-04-23 20:44:51,892 [ genlib ] [ INFO ] Checking atom CG2
2026-04-23 20:44:51,892 [ genlib ] [ INFO ] Define atom pair: ILE|CG2|CT|C.3       - > GLU|2HB|HC|H         (d = 0.53 A)
2026-04-23 20:44:51,892 [ genlib ] [ INFO ] Searching order 3
2026-04-23 20:44:51,892 [ genlib ] [ INFO ] Checking atom 1HG1
2026-04-23 20:44:51,892 [ genlib ] [ INFO ] Define atom pair: ILE|1HG1|HC|H        - > GLU|1HG|HC|H         (d = 0.11 A)
2026-04-23 20:44:51,892 [ genlib ] [ INFO ] Checking atom 2HG1
2026-04-23 20:44:51,892 [ genlib ] [ INFO ] Define atom pair: ILE|2HG1|HC|H        - > GLU|2HG|HC|H         (d = 0.11 A)
2026-04-23 20:44:51,892 [ genlib ] [ INFO ] Checking atom 1HG2
2026-04-23 20:44:51,892 [ genlib ] [ INFO ] No partner found for atom 1HG2
2026-04-23 20:44:51,892 [ genlib ] [ INFO ] Checking atom 2HG2
2026-04-23 20:44:51,892 [ genlib ] [ INFO ] No partner found for atom 2HG2
2026-04-23 20:44:51,892 [ genlib ] [ INFO ] Checking atom 3HG2
2026-04-23 20:44:51,892 [ genlib ] [ INFO ] No partner found for atom 3HG2
2026-04-23 20:44:51,892 [ genlib ] [ INFO ] Checking atom CD1
2026-04-23 20:44:51,892 [ genlib ] [ INFO ] Define atom pair: ILE|CD1|CT|C.3       - > GLU|CD|CO|C.2        (d = 0.03 A)
2026-04-23 20:44:51,892 [ genlib ] [ INFO ] Searching order 4
2026-04-23 20:44:51,892 [ genlib ] [ INFO ] Checking atom 1HD1
2026-04-23 20:44:51,892 [ genlib ] [ INFO ] Define atom pair: ILE|1HD1|HC|H        - > GLU|OE1|O2|O.co2     (d = 0.22 A)
2026-04-23 20:44:51,892 [ genlib ] [ INFO ] Checking atom 2HD1
2026-04-23 20:44:51,892 [ genlib ] [ INFO ] No partner found for atom 2HD1
2026-04-23 20:44:51,892 [ genlib ] [ INFO ] Checking atom 3HD1
2026-04-23 20:44:51,892 [ genlib ] [ INFO ] No partner found for atom 3HD1
2026-04-23 20:44:51,892 [ genlib ] [ INFO ] Searching order 5
2026-04-23 20:44:51,892 [ genlib ] [ INFO ] Searching order 6
2026-04-23 20:44:51,892 [ genlib ] [ INFO ] Searching order 7
2026-04-23 20:44:51,892 [ genlib ] [ INFO ] Searching branch 2
2026-04-23 20:44:51,892 [ genlib ] [ INFO ] Searching order 2
2026-04-23 20:44:51,892 [ genlib ] [ INFO ] Searching order 3
2026-04-23 20:44:51,892 [ genlib ] [ INFO ] Checking atom 1HG2
2026-04-23 20:44:51,892 [ genlib ] [ INFO ] No partner found for atom 1HG2
2026-04-23 20:44:51,892 [ genlib ] [ INFO ] Checking atom 2HG2
2026-04-23 20:44:51,892 [ genlib ] [ INFO ] No partner found for atom 2HG2
2026-04-23 20:44:51,892 [ genlib ] [ INFO ] Checking atom 3HG2
2026-04-23 20:44:51,892 [ genlib ] [ INFO ] No partner found for atom 3HG2
2026-04-23 20:44:51,892 [ genlib ] [ INFO ] Searching order 4
2026-04-23 20:44:51,892 [ genlib ] [ INFO ] Checking atom 2HD1
2026-04-23 20:44:51,892 [ genlib ] [ INFO ] No partner found for atom 2HD1
2026-04-23 20:44:51,892 [ genlib ] [ INFO ] Checking atom 3HD1
2026-04-23 20:44:51,892 [ genlib ] [ INFO ] No partner found for atom 3HD1
2026-04-23 20:44:51,892 [ genlib ] [ INFO ] Searching order 5
2026-04-23 20:44:51,892 [ genlib ] [ INFO ] Searching order 6
2026-04-23 20:44:51,892 [ genlib ] [ INFO ] Searching order 7
2026-04-23 20:44:51,893 [ genlib ] [ INFO ] Updating bond lists
2026-04-23 20:44:51,893 [ genlib ] [ INFO ] Updating dihedrals
2026-04-23 20:44:51,893 [ genlib ] [ INFO ] Updating impropers
2026-04-23 20:44:51,893 [ genlib ] [ INFO ] Building library files for ILE --> GLY mutant
2026-04-23 20:44:51,894 [ genlib ] [ INFO ] reading rtp file "aminoacids.rtp"
2026-04-23 20:44:51,929 [ genlib ] [ INFO ] ENTERED G
2026-04-23 20:44:51,929 [ genlib ] [ INFO ] Making atom pairs
2026-04-23 20:44:51,930 [ genlib ] [ INFO ] Updating bond lists
2026-04-23 20:44:51,930 [ genlib ] [ INFO ] Updating dihedrals
2026-04-23 20:44:51,930 [ genlib ] [ INFO ] Updating impropers
2026-04-23 20:44:51,931 [ genlib ] [ INFO ] Building library files for ILE --> HID mutant
2026-04-23 20:44:51,931 [ genlib ] [ INFO ] reading rtp file "aminoacids.rtp"
2026-04-23 20:44:51,967 [ genlib ] [ INFO ] ENTERED T,A,V,I
2026-04-23 20:44:51,967 [ genlib ] [ INFO ] Making atom pairs
2026-04-23 20:44:51,970 [ genlib ] [ INFO ] Updating bond lists
2026-04-23 20:44:51,970 [ genlib ] [ INFO ] Updating dihedrals
2026-04-23 20:44:51,970 [ genlib ] [ INFO ] Updating impropers
2026-04-23 20:44:51,971 [ genlib ] [ INFO ] Building library files for ILE --> HIE mutant
2026-04-23 20:44:51,972 [ genlib ] [ INFO ] reading rtp file "aminoacids.rtp"
2026-04-23 20:44:52,009 [ genlib ] [ INFO ] ENTERED T,A,V,I
2026-04-23 20:44:52,009 [ genlib ] [ INFO ] Making atom pairs
2026-04-23 20:44:52,012 [ genlib ] [ INFO ] Updating bond lists
2026-04-23 20:44:52,012 [ genlib ] [ INFO ] Updating dihedrals
2026-04-23 20:44:52,012 [ genlib ] [ INFO ] Updating impropers
2026-04-23 20:44:52,013 [ genlib ] [ INFO ] Building library files for ILE --> HIP mutant
2026-04-23 20:44:52,013 [ genlib ] [ INFO ] reading rtp file "aminoacids.rtp"
2026-04-23 20:44:52,049 [ genlib ] [ INFO ] ENTERED T,A,V,I
2026-04-23 20:44:52,049 [ genlib ] [ INFO ] Making atom pairs
2026-04-23 20:44:52,053 [ genlib ] [ INFO ] Updating bond lists
2026-04-23 20:44:52,053 [ genlib ] [ INFO ] Updating dihedrals
2026-04-23 20:44:52,053 [ genlib ] [ INFO ] Updating impropers
2026-04-23 20:44:52,054 [ genlib ] [ INFO ] Building library files for ILE --> LEU mutant
2026-04-23 20:44:52,054 [ genlib ] [ INFO ] reading rtp file "aminoacids.rtp"
2026-04-23 20:44:52,091 [ genlib ] [ INFO ] ENTERED SIMPLE
2026-04-23 20:44:52,091 [ genlib ] [ INFO ] Making atom pairs
2026-04-23 20:44:52,091 [ genlib ] [ INFO ] Searching branch 1
2026-04-23 20:44:52,091 [ genlib ] [ INFO ] Searching order 2
2026-04-23 20:44:52,091 [ genlib ] [ INFO ] Checking atom HB
2026-04-23 20:44:52,091 [ genlib ] [ INFO ] Define atom pair: ILE|HB|HC|H          - > LEU|1HB|HC|H         (d = 0.12 A)
2026-04-23 20:44:52,091 [ genlib ] [ INFO ] Checking atom CG1
2026-04-23 20:44:52,091 [ genlib ] [ INFO ] Define atom pair: ILE|CG1|2C|C.3       - > LEU|CG|3C|C.3        (d = 0.13 A)
2026-04-23 20:44:52,091 [ genlib ] [ INFO ] Checking atom CG2
2026-04-23 20:44:52,091 [ genlib ] [ INFO ] Define atom pair: ILE|CG2|CT|C.3       - > LEU|2HB|HC|H         (d = 0.46 A)
2026-04-23 20:44:52,091 [ genlib ] [ INFO ] Searching order 3
2026-04-23 20:44:52,091 [ genlib ] [ INFO ] Checking atom 1HG1
2026-04-23 20:44:52,091 [ genlib ] [ INFO ] Define atom pair: ILE|1HG1|HC|H        - > LEU|CD2|CT|C.3       (d = 0.40 A)
2026-04-23 20:44:52,091 [ genlib ] [ INFO ] Checking atom 2HG1
2026-04-23 20:44:52,091 [ genlib ] [ INFO ] Define atom pair: ILE|2HG1|HC|H        - > LEU|HG|HC|H          (d = 0.23 A)
2026-04-23 20:44:52,091 [ genlib ] [ INFO ] Checking atom 1HG2
2026-04-23 20:44:52,091 [ genlib ] [ INFO ] No partner found for atom 1HG2
2026-04-23 20:44:52,091 [ genlib ] [ INFO ] Checking atom 2HG2
2026-04-23 20:44:52,091 [ genlib ] [ INFO ] No partner found for atom 2HG2
2026-04-23 20:44:52,091 [ genlib ] [ INFO ] Checking atom 3HG2
2026-04-23 20:44:52,091 [ genlib ] [ INFO ] No partner found for atom 3HG2
2026-04-23 20:44:52,091 [ genlib ] [ INFO ] Checking atom CD1
2026-04-23 20:44:52,091 [ genlib ] [ INFO ] Define atom pair: ILE|CD1|CT|C.3       - > LEU|CD1|CT|C.3       (d = 0.19 A)
2026-04-23 20:44:52,091 [ genlib ] [ INFO ] Searching order 4
2026-04-23 20:44:52,091 [ genlib ] [ INFO ] Checking atom 1HD1
2026-04-23 20:44:52,091 [ genlib ] [ INFO ] Define atom pair: ILE|1HD1|HC|H        - > LEU|1HD1|HC|H        (d = 0.27 A)
2026-04-23 20:44:52,091 [ genlib ] [ INFO ] Checking atom 2HD1
2026-04-23 20:44:52,091 [ genlib ] [ INFO ] Define atom pair: ILE|2HD1|HC|H        - > LEU|2HD1|HC|H        (d = 0.24 A)
2026-04-23 20:44:52,091 [ genlib ] [ INFO ] Checking atom 3HD1
2026-04-23 20:44:52,091 [ genlib ] [ INFO ] Define atom pair: ILE|3HD1|HC|H        - > LEU|3HD1|HC|H        (d = 0.16 A)
2026-04-23 20:44:52,091 [ genlib ] [ INFO ] Searching order 5
2026-04-23 20:44:52,091 [ genlib ] [ INFO ] Searching order 6
2026-04-23 20:44:52,091 [ genlib ] [ INFO ] Searching order 7
2026-04-23 20:44:52,091 [ genlib ] [ INFO ] Searching branch 2
2026-04-23 20:44:52,091 [ genlib ] [ INFO ] Searching order 2
2026-04-23 20:44:52,091 [ genlib ] [ INFO ] Searching order 3
2026-04-23 20:44:52,091 [ genlib ] [ INFO ] Checking atom 1HG2
2026-04-23 20:44:52,091 [ genlib ] [ INFO ] No partner found for atom 1HG2
2026-04-23 20:44:52,091 [ genlib ] [ INFO ] Checking atom 2HG2
2026-04-23 20:44:52,091 [ genlib ] [ INFO ] No partner found for atom 2HG2
2026-04-23 20:44:52,091 [ genlib ] [ INFO ] Checking atom 3HG2
2026-04-23 20:44:52,091 [ genlib ] [ INFO ] No partner found for atom 3HG2
2026-04-23 20:44:52,091 [ genlib ] [ INFO ] Searching order 4
2026-04-23 20:44:52,091 [ genlib ] [ INFO ] Searching order 5
2026-04-23 20:44:52,091 [ genlib ] [ INFO ] Searching order 6
2026-04-23 20:44:52,091 [ genlib ] [ INFO ] Searching order 7
2026-04-23 20:44:52,093 [ genlib ] [ INFO ] Updating bond lists
2026-04-23 20:44:52,093 [ genlib ] [ INFO ] Updating dihedrals
2026-04-23 20:44:52,093 [ genlib ] [ INFO ] Updating impropers
2026-04-23 20:44:52,093 [ genlib ] [ INFO ] Building library files for ILE --> LYN mutant
2026-04-23 20:44:52,094 [ genlib ] [ INFO ] reading rtp file "aminoacids.rtp"
2026-04-23 20:44:52,130 [ genlib ] [ INFO ] ENTERED SIMPLE
2026-04-23 20:44:52,130 [ genlib ] [ INFO ] Making atom pairs
2026-04-23 20:44:52,130 [ genlib ] [ INFO ] Searching branch 1
2026-04-23 20:44:52,130 [ genlib ] [ INFO ] Searching order 2
2026-04-23 20:44:52,130 [ genlib ] [ INFO ] Checking atom HB
2026-04-23 20:44:52,130 [ genlib ] [ INFO ] Define atom pair: ILE|HB|HC|H          - > LYN|1HB|HC|H         (d = 0.12 A)
2026-04-23 20:44:52,130 [ genlib ] [ INFO ] Checking atom CG1
2026-04-23 20:44:52,130 [ genlib ] [ INFO ] Define atom pair: ILE|CG1|2C|C.3       - > LYN|CG|CT|C.3        (d = 0.18 A)
2026-04-23 20:44:52,130 [ genlib ] [ INFO ] Checking atom CG2
2026-04-23 20:44:52,130 [ genlib ] [ INFO ] No partner found for atom CG2
2026-04-23 20:44:52,130 [ genlib ] [ INFO ] Searching order 3
2026-04-23 20:44:52,130 [ genlib ] [ INFO ] Checking atom 1HG1
2026-04-23 20:44:52,130 [ genlib ] [ INFO ] Define atom pair: ILE|1HG1|HC|H        - > LYN|1HG|HC|H         (d = 0.17 A)
2026-04-23 20:44:52,130 [ genlib ] [ INFO ] Checking atom 2HG1
2026-04-23 20:44:52,130 [ genlib ] [ INFO ] Define atom pair: ILE|2HG1|HC|H        - > LYN|2HG|HC|H         (d = 0.25 A)
2026-04-23 20:44:52,130 [ genlib ] [ INFO ] Checking atom CD1
2026-04-23 20:44:52,130 [ genlib ] [ INFO ] Define atom pair: ILE|CD1|CT|C.3       - > LYN|CD|CT|C.3        (d = 0.24 A)
2026-04-23 20:44:52,130 [ genlib ] [ INFO ] Searching order 4
2026-04-23 20:44:52,130 [ genlib ] [ INFO ] Checking atom 1HD1
2026-04-23 20:44:52,130 [ genlib ] [ INFO ] Define atom pair: ILE|1HD1|HC|H        - > LYN|CE|CT|C.3        (d = 0.48 A)
2026-04-23 20:44:52,130 [ genlib ] [ INFO ] Checking atom 2HD1
2026-04-23 20:44:52,130 [ genlib ] [ INFO ] Define atom pair: ILE|2HD1|HC|H        - > LYN|1HD|HC|H         (d = 0.29 A)
2026-04-23 20:44:52,130 [ genlib ] [ INFO ] Checking atom 3HD1
2026-04-23 20:44:52,130 [ genlib ] [ INFO ] Define atom pair: ILE|3HD1|HC|H        - > LYN|2HD|HC|H         (d = 0.32 A)
2026-04-23 20:44:52,130 [ genlib ] [ INFO ] Searching order 5
2026-04-23 20:44:52,130 [ genlib ] [ INFO ] Searching order 6
2026-04-23 20:44:52,130 [ genlib ] [ INFO ] Searching order 7
2026-04-23 20:44:52,130 [ genlib ] [ INFO ] Searching branch 2
2026-04-23 20:44:52,130 [ genlib ] [ INFO ] Searching order 2
2026-04-23 20:44:52,130 [ genlib ] [ INFO ] Checking atom CG2
2026-04-23 20:44:52,130 [ genlib ] [ INFO ] No partner found for atom CG2
2026-04-23 20:44:52,130 [ genlib ] [ INFO ] Searching order 3
2026-04-23 20:44:52,131 [ genlib ] [ INFO ] Searching order 4
2026-04-23 20:44:52,131 [ genlib ] [ INFO ] Searching order 5
2026-04-23 20:44:52,131 [ genlib ] [ INFO ] Searching order 6
2026-04-23 20:44:52,131 [ genlib ] [ INFO ] Searching order 7
2026-04-23 20:44:52,133 [ genlib ] [ INFO ] Updating bond lists
2026-04-23 20:44:52,133 [ genlib ] [ INFO ] Updating dihedrals
2026-04-23 20:44:52,133 [ genlib ] [ INFO ] Updating impropers
2026-04-23 20:44:52,134 [ genlib ] [ INFO ] Building library files for ILE --> LYS mutant
2026-04-23 20:44:52,135 [ genlib ] [ INFO ] reading rtp file "aminoacids.rtp"
2026-04-23 20:44:52,170 [ genlib ] [ INFO ] ENTERED SIMPLE
2026-04-23 20:44:52,170 [ genlib ] [ INFO ] Making atom pairs
2026-04-23 20:44:52,170 [ genlib ] [ INFO ] Searching branch 1
2026-04-23 20:44:52,170 [ genlib ] [ INFO ] Searching order 2
2026-04-23 20:44:52,170 [ genlib ] [ INFO ] Checking atom HB
2026-04-23 20:44:52,170 [ genlib ] [ INFO ] Define atom pair: ILE|HB|HC|H          - > LYS|1HB|HC|H         (d = 0.15 A)
2026-04-23 20:44:52,171 [ genlib ] [ INFO ] Checking atom CG1
2026-04-23 20:44:52,171 [ genlib ] [ INFO ] Define atom pair: ILE|CG1|2C|C.3       - > LYS|CG|C8|C.3        (d = 0.18 A)
2026-04-23 20:44:52,171 [ genlib ] [ INFO ] Checking atom CG2
2026-04-23 20:44:52,171 [ genlib ] [ INFO ] Define atom pair: ILE|CG2|CT|C.3       - > LYS|2HB|HC|H         (d = 0.48 A)
2026-04-23 20:44:52,171 [ genlib ] [ INFO ] Searching order 3
2026-04-23 20:44:52,171 [ genlib ] [ INFO ] Checking atom 1HG1
2026-04-23 20:44:52,171 [ genlib ] [ INFO ] Define atom pair: ILE|1HG1|HC|H        - > LYS|1HG|HC|H         (d = 0.12 A)
2026-04-23 20:44:52,171 [ genlib ] [ INFO ] Checking atom 2HG1
2026-04-23 20:44:52,171 [ genlib ] [ INFO ] Define atom pair: ILE|2HG1|HC|H        - > LYS|2HG|HC|H         (d = 0.30 A)
2026-04-23 20:44:52,171 [ genlib ] [ INFO ] Checking atom 1HG2
2026-04-23 20:44:52,171 [ genlib ] [ INFO ] No partner found for atom 1HG2
2026-04-23 20:44:52,171 [ genlib ] [ INFO ] Checking atom 2HG2
2026-04-23 20:44:52,171 [ genlib ] [ INFO ] No partner found for atom 2HG2
2026-04-23 20:44:52,171 [ genlib ] [ INFO ] Checking atom 3HG2
2026-04-23 20:44:52,171 [ genlib ] [ INFO ] No partner found for atom 3HG2
2026-04-23 20:44:52,171 [ genlib ] [ INFO ] Checking atom CD1
2026-04-23 20:44:52,171 [ genlib ] [ INFO ] Define atom pair: ILE|CD1|CT|C.3       - > LYS|CD|C8|C.3        (d = 0.25 A)
2026-04-23 20:44:52,171 [ genlib ] [ INFO ] Searching order 4
2026-04-23 20:44:52,171 [ genlib ] [ INFO ] Checking atom 1HD1
2026-04-23 20:44:52,171 [ genlib ] [ INFO ] Define atom pair: ILE|1HD1|HC|H        - > LYS|CE|C8|C.3        (d = 0.51 A)
2026-04-23 20:44:52,171 [ genlib ] [ INFO ] Checking atom 2HD1
2026-04-23 20:44:52,171 [ genlib ] [ INFO ] Define atom pair: ILE|2HD1|HC|H        - > LYS|1HD|HC|H         (d = 0.31 A)
2026-04-23 20:44:52,171 [ genlib ] [ INFO ] Checking atom 3HD1
2026-04-23 20:44:52,171 [ genlib ] [ INFO ] Define atom pair: ILE|3HD1|HC|H        - > LYS|2HD|HC|H         (d = 0.25 A)
2026-04-23 20:44:52,171 [ genlib ] [ INFO ] Searching order 5
2026-04-23 20:44:52,171 [ genlib ] [ INFO ] Searching order 6
2026-04-23 20:44:52,171 [ genlib ] [ INFO ] Searching order 7
2026-04-23 20:44:52,171 [ genlib ] [ INFO ] Searching branch 2
2026-04-23 20:44:52,171 [ genlib ] [ INFO ] Searching order 2
2026-04-23 20:44:52,171 [ genlib ] [ INFO ] Searching order 3
2026-04-23 20:44:52,171 [ genlib ] [ INFO ] Checking atom 1HG2
2026-04-23 20:44:52,171 [ genlib ] [ INFO ] No partner found for atom 1HG2
2026-04-23 20:44:52,171 [ genlib ] [ INFO ] Checking atom 2HG2
2026-04-23 20:44:52,171 [ genlib ] [ INFO ] No partner found for atom 2HG2
2026-04-23 20:44:52,171 [ genlib ] [ INFO ] Checking atom 3HG2
2026-04-23 20:44:52,171 [ genlib ] [ INFO ] No partner found for atom 3HG2
2026-04-23 20:44:52,171 [ genlib ] [ INFO ] Searching order 4
2026-04-23 20:44:52,171 [ genlib ] [ INFO ] Searching order 5
2026-04-23 20:44:52,171 [ genlib ] [ INFO ] Searching order 6
2026-04-23 20:44:52,171 [ genlib ] [ INFO ] Searching order 7
2026-04-23 20:44:52,174 [ genlib ] [ INFO ] Updating bond lists
2026-04-23 20:44:52,174 [ genlib ] [ INFO ] Updating dihedrals
2026-04-23 20:44:52,174 [ genlib ] [ INFO ] Updating impropers
2026-04-23 20:44:52,174 [ genlib ] [ INFO ] Building library files for ILE --> MET mutant
2026-04-23 20:44:52,175 [ genlib ] [ INFO ] reading rtp file "aminoacids.rtp"
2026-04-23 20:44:52,210 [ genlib ] [ INFO ] ENTERED SIMPLE
2026-04-23 20:44:52,210 [ genlib ] [ INFO ] Making atom pairs
2026-04-23 20:44:52,210 [ genlib ] [ INFO ] Searching branch 1
2026-04-23 20:44:52,210 [ genlib ] [ INFO ] Searching order 2
2026-04-23 20:44:52,210 [ genlib ] [ INFO ] Checking atom HB
2026-04-23 20:44:52,210 [ genlib ] [ INFO ] Define atom pair: ILE|HB|HC|H          - > MET|1HB|HC|H         (d = 0.14 A)
2026-04-23 20:44:52,210 [ genlib ] [ INFO ] Checking atom CG1
2026-04-23 20:44:52,210 [ genlib ] [ INFO ] Define atom pair: ILE|CG1|2C|C.3       - > MET|CG|2C|C.3        (d = 0.08 A)
2026-04-23 20:44:52,210 [ genlib ] [ INFO ] Checking atom CG2
2026-04-23 20:44:52,210 [ genlib ] [ INFO ] Define atom pair: ILE|CG2|CT|C.3       - > MET|2HB|HC|H         (d = 0.46 A)
2026-04-23 20:44:52,210 [ genlib ] [ INFO ] Searching order 3
2026-04-23 20:44:52,210 [ genlib ] [ INFO ] Checking atom 1HG1
2026-04-23 20:44:52,210 [ genlib ] [ INFO ] Define atom pair: ILE|1HG1|HC|H        - > MET|1HG|H1|H         (d = 0.06 A)
2026-04-23 20:44:52,210 [ genlib ] [ INFO ] Checking atom 2HG1
2026-04-23 20:44:52,210 [ genlib ] [ INFO ] Define atom pair: ILE|2HG1|HC|H        - > MET|2HG|H1|H         (d = 0.14 A)
2026-04-23 20:44:52,210 [ genlib ] [ INFO ] Checking atom 1HG2
2026-04-23 20:44:52,210 [ genlib ] [ INFO ] No partner found for atom 1HG2
2026-04-23 20:44:52,210 [ genlib ] [ INFO ] Checking atom 2HG2
2026-04-23 20:44:52,210 [ genlib ] [ INFO ] No partner found for atom 2HG2
2026-04-23 20:44:52,210 [ genlib ] [ INFO ] Checking atom 3HG2
2026-04-23 20:44:52,210 [ genlib ] [ INFO ] No partner found for atom 3HG2
2026-04-23 20:44:52,210 [ genlib ] [ INFO ] Checking atom CD1
2026-04-23 20:44:52,210 [ genlib ] [ INFO ] Define atom pair: ILE|CD1|CT|C.3       - > MET|SD|S|S.3         (d = 0.21 A)
2026-04-23 20:44:52,210 [ genlib ] [ INFO ] Searching order 4
2026-04-23 20:44:52,210 [ genlib ] [ INFO ] Checking atom 1HD1
2026-04-23 20:44:52,210 [ genlib ] [ INFO ] No partner found for atom 1HD1
2026-04-23 20:44:52,210 [ genlib ] [ INFO ] Checking atom 2HD1
2026-04-23 20:44:52,210 [ genlib ] [ INFO ] No partner found for atom 2HD1
2026-04-23 20:44:52,210 [ genlib ] [ INFO ] Checking atom 3HD1
2026-04-23 20:44:52,210 [ genlib ] [ INFO ] No partner found for atom 3HD1
2026-04-23 20:44:52,210 [ genlib ] [ INFO ] Searching order 5
2026-04-23 20:44:52,210 [ genlib ] [ INFO ] Searching order 6
2026-04-23 20:44:52,210 [ genlib ] [ INFO ] Searching order 7
2026-04-23 20:44:52,210 [ genlib ] [ INFO ] Searching branch 2
2026-04-23 20:44:52,210 [ genlib ] [ INFO ] Searching order 2
2026-04-23 20:44:52,210 [ genlib ] [ INFO ] Searching order 3
2026-04-23 20:44:52,210 [ genlib ] [ INFO ] Checking atom 1HG2
2026-04-23 20:44:52,210 [ genlib ] [ INFO ] No partner found for atom 1HG2
2026-04-23 20:44:52,210 [ genlib ] [ INFO ] Checking atom 2HG2
2026-04-23 20:44:52,210 [ genlib ] [ INFO ] No partner found for atom 2HG2
2026-04-23 20:44:52,210 [ genlib ] [ INFO ] Checking atom 3HG2
2026-04-23 20:44:52,210 [ genlib ] [ INFO ] No partner found for atom 3HG2
2026-04-23 20:44:52,210 [ genlib ] [ INFO ] Searching order 4
2026-04-23 20:44:52,210 [ genlib ] [ INFO ] Checking atom 1HD1
2026-04-23 20:44:52,210 [ genlib ] [ INFO ] No partner found for atom 1HD1
2026-04-23 20:44:52,210 [ genlib ] [ INFO ] Checking atom 2HD1
2026-04-23 20:44:52,210 [ genlib ] [ INFO ] No partner found for atom 2HD1
2026-04-23 20:44:52,210 [ genlib ] [ INFO ] Checking atom 3HD1
2026-04-23 20:44:52,210 [ genlib ] [ INFO ] No partner found for atom 3HD1
2026-04-23 20:44:52,210 [ genlib ] [ INFO ] Searching order 5
2026-04-23 20:44:52,210 [ genlib ] [ INFO ] Searching order 6
2026-04-23 20:44:52,210 [ genlib ] [ INFO ] Searching order 7
2026-04-23 20:44:52,213 [ genlib ] [ INFO ] Updating bond lists
2026-04-23 20:44:52,213 [ genlib ] [ INFO ] Updating dihedrals
2026-04-23 20:44:52,213 [ genlib ] [ INFO ] Updating impropers
2026-04-23 20:44:52,213 [ genlib ] [ INFO ] Building library files for ILE --> PHE mutant
2026-04-23 20:44:52,214 [ genlib ] [ INFO ] reading rtp file "aminoacids.rtp"
2026-04-23 20:44:52,248 [ genlib ] [ INFO ] ENTERED T,A,V,I
2026-04-23 20:44:52,248 [ genlib ] [ INFO ] Making atom pairs
2026-04-23 20:44:52,253 [ genlib ] [ INFO ] Updating bond lists
2026-04-23 20:44:52,253 [ genlib ] [ INFO ] Updating dihedrals
2026-04-23 20:44:52,253 [ genlib ] [ INFO ] Updating impropers
2026-04-23 20:44:52,254 [ genlib ] [ INFO ] Building library files for ILE --> PRO mutant
2026-04-23 20:44:52,255 [ genlib ] [ INFO ] reading rtp file "aminoacids.rtp"
2026-04-23 20:44:52,289 [ genlib ] [ INFO ] ENTERED P
2026-04-23 20:44:52,289 [ genlib ] [ INFO ] Making atom pairs
2026-04-23 20:44:52,292 [ genlib ] [ INFO ] Updating bond lists
2026-04-23 20:44:52,292 [ genlib ] [ INFO ] Updating dihedrals
2026-04-23 20:44:52,292 [ genlib ] [ INFO ] Updating impropers
2026-04-23 20:44:52,292 [ genlib ] [ INFO ] Building library files for ILE --> SER mutant
2026-04-23 20:44:52,293 [ genlib ] [ INFO ] reading rtp file "aminoacids.rtp"
2026-04-23 20:44:52,328 [ genlib ] [ INFO ] ENTERED SIMPLE
2026-04-23 20:44:52,328 [ genlib ] [ INFO ] Making atom pairs
2026-04-23 20:44:52,328 [ genlib ] [ INFO ] Searching branch 1
2026-04-23 20:44:52,328 [ genlib ] [ INFO ] Searching order 2
2026-04-23 20:44:52,328 [ genlib ] [ INFO ] Checking atom HB
2026-04-23 20:44:52,328 [ genlib ] [ INFO ] Define atom pair: ILE|HB|HC|H          - > SER|1HB|H1|H         (d = 0.02 A)
2026-04-23 20:44:52,328 [ genlib ] [ INFO ] Checking atom CG1
2026-04-23 20:44:52,328 [ genlib ] [ INFO ] Define atom pair: ILE|CG1|2C|C.3       - > SER|OG|OH|O.3        (d = 0.14 A)
2026-04-23 20:44:52,328 [ genlib ] [ INFO ] Checking atom CG2
2026-04-23 20:44:52,328 [ genlib ] [ INFO ] Define atom pair: ILE|CG2|CT|C.3       - > SER|2HB|H1|H         (d = 0.51 A)
2026-04-23 20:44:52,328 [ genlib ] [ INFO ] Searching order 3
2026-04-23 20:44:52,328 [ genlib ] [ INFO ] Checking atom 1HG1
2026-04-23 20:44:52,328 [ genlib ] [ INFO ] No partner found for atom 1HG1
2026-04-23 20:44:52,328 [ genlib ] [ INFO ] Checking atom 2HG1
2026-04-23 20:44:52,328 [ genlib ] [ INFO ] No partner found for atom 2HG1
2026-04-23 20:44:52,328 [ genlib ] [ INFO ] Checking atom 1HG2
2026-04-23 20:44:52,328 [ genlib ] [ INFO ] No partner found for atom 1HG2
2026-04-23 20:44:52,328 [ genlib ] [ INFO ] Checking atom 2HG2
2026-04-23 20:44:52,328 [ genlib ] [ INFO ] No partner found for atom 2HG2
2026-04-23 20:44:52,328 [ genlib ] [ INFO ] Checking atom 3HG2
2026-04-23 20:44:52,328 [ genlib ] [ INFO ] No partner found for atom 3HG2
2026-04-23 20:44:52,328 [ genlib ] [ INFO ] Checking atom CD1
2026-04-23 20:44:52,328 [ genlib ] [ INFO ] No partner found for atom CD1
2026-04-23 20:44:52,328 [ genlib ] [ INFO ] Searching order 4
2026-04-23 20:44:52,328 [ genlib ] [ INFO ] Searching order 5
2026-04-23 20:44:52,328 [ genlib ] [ INFO ] Searching order 6
2026-04-23 20:44:52,328 [ genlib ] [ INFO ] Searching order 7
2026-04-23 20:44:52,328 [ genlib ] [ INFO ] Searching branch 2
2026-04-23 20:44:52,328 [ genlib ] [ INFO ] Searching order 2
2026-04-23 20:44:52,328 [ genlib ] [ INFO ] Searching order 3
2026-04-23 20:44:52,328 [ genlib ] [ INFO ] Checking atom 1HG1
2026-04-23 20:44:52,328 [ genlib ] [ INFO ] No partner found for atom 1HG1
2026-04-23 20:44:52,328 [ genlib ] [ INFO ] Checking atom 2HG1
2026-04-23 20:44:52,328 [ genlib ] [ INFO ] No partner found for atom 2HG1
2026-04-23 20:44:52,328 [ genlib ] [ INFO ] Checking atom 1HG2
2026-04-23 20:44:52,328 [ genlib ] [ INFO ] No partner found for atom 1HG2
2026-04-23 20:44:52,328 [ genlib ] [ INFO ] Checking atom 2HG2
2026-04-23 20:44:52,328 [ genlib ] [ INFO ] No partner found for atom 2HG2
2026-04-23 20:44:52,328 [ genlib ] [ INFO ] Checking atom 3HG2
2026-04-23 20:44:52,328 [ genlib ] [ INFO ] No partner found for atom 3HG2
2026-04-23 20:44:52,328 [ genlib ] [ INFO ] Checking atom CD1
2026-04-23 20:44:52,328 [ genlib ] [ INFO ] No partner found for atom CD1
2026-04-23 20:44:52,328 [ genlib ] [ INFO ] Searching order 4
2026-04-23 20:44:52,328 [ genlib ] [ INFO ] Searching order 5
2026-04-23 20:44:52,328 [ genlib ] [ INFO ] Searching order 6
2026-04-23 20:44:52,328 [ genlib ] [ INFO ] Searching order 7
2026-04-23 20:44:52,329 [ genlib ] [ INFO ] Updating bond lists
2026-04-23 20:44:52,329 [ genlib ] [ INFO ] Updating dihedrals
2026-04-23 20:44:52,329 [ genlib ] [ INFO ] Updating impropers
2026-04-23 20:44:52,330 [ genlib ] [ INFO ] Building library files for ILE --> THR mutant
2026-04-23 20:44:52,330 [ genlib ] [ INFO ] reading rtp file "aminoacids.rtp"
2026-04-23 20:44:52,365 [ genlib ] [ INFO ] ENTERED SIMPLE
2026-04-23 20:44:52,365 [ genlib ] [ INFO ] Making atom pairs
2026-04-23 20:44:52,365 [ genlib ] [ INFO ] Searching branch 1
2026-04-23 20:44:52,365 [ genlib ] [ INFO ] Searching order 2
2026-04-23 20:44:52,365 [ genlib ] [ INFO ] Checking atom HB
2026-04-23 20:44:52,365 [ genlib ] [ INFO ] Define atom pair: ILE|HB|HC|H          - > THR|HB|H1|H          (d = 0.05 A)
2026-04-23 20:44:52,365 [ genlib ] [ INFO ] Checking atom CG1
2026-04-23 20:44:52,365 [ genlib ] [ INFO ] Define atom pair: ILE|CG1|2C|C.3       - > THR|OG1|OH|O.3       (d = 0.20 A)
2026-04-23 20:44:52,365 [ genlib ] [ INFO ] Checking atom CG2
2026-04-23 20:44:52,365 [ genlib ] [ INFO ] Define atom pair: ILE|CG2|CT|C.3       - > THR|CG2|CT|C.3       (d = 0.16 A)
2026-04-23 20:44:52,365 [ genlib ] [ INFO ] Searching order 3
2026-04-23 20:44:52,365 [ genlib ] [ INFO ] Checking atom 1HG1
2026-04-23 20:44:52,365 [ genlib ] [ INFO ] No partner found for atom 1HG1
2026-04-23 20:44:52,365 [ genlib ] [ INFO ] Checking atom 2HG1
2026-04-23 20:44:52,365 [ genlib ] [ INFO ] No partner found for atom 2HG1
2026-04-23 20:44:52,365 [ genlib ] [ INFO ] Checking atom 1HG2
2026-04-23 20:44:52,365 [ genlib ] [ INFO ] Define atom pair: ILE|1HG2|HC|H        - > THR|1HG2|HC|H        (d = 0.23 A)
2026-04-23 20:44:52,365 [ genlib ] [ INFO ] Checking atom 2HG2
2026-04-23 20:44:52,365 [ genlib ] [ INFO ] Define atom pair: ILE|2HG2|HC|H        - > THR|2HG2|HC|H        (d = 0.20 A)
2026-04-23 20:44:52,365 [ genlib ] [ INFO ] Checking atom 3HG2
2026-04-23 20:44:52,365 [ genlib ] [ INFO ] Define atom pair: ILE|3HG2|HC|H        - > THR|3HG2|HC|H        (d = 0.27 A)
2026-04-23 20:44:52,365 [ genlib ] [ INFO ] Checking atom CD1
2026-04-23 20:44:52,365 [ genlib ] [ INFO ] No partner found for atom CD1
2026-04-23 20:44:52,365 [ genlib ] [ INFO ] Searching order 4
2026-04-23 20:44:52,365 [ genlib ] [ INFO ] Searching order 5
2026-04-23 20:44:52,365 [ genlib ] [ INFO ] Searching order 6
2026-04-23 20:44:52,365 [ genlib ] [ INFO ] Searching order 7
2026-04-23 20:44:52,365 [ genlib ] [ INFO ] Searching branch 2
2026-04-23 20:44:52,365 [ genlib ] [ INFO ] Searching order 2
2026-04-23 20:44:52,365 [ genlib ] [ INFO ] Searching order 3
2026-04-23 20:44:52,365 [ genlib ] [ INFO ] Checking atom 1HG1
2026-04-23 20:44:52,365 [ genlib ] [ INFO ] No partner found for atom 1HG1
2026-04-23 20:44:52,365 [ genlib ] [ INFO ] Checking atom 2HG1
2026-04-23 20:44:52,365 [ genlib ] [ INFO ] No partner found for atom 2HG1
2026-04-23 20:44:52,365 [ genlib ] [ INFO ] Checking atom CD1
2026-04-23 20:44:52,365 [ genlib ] [ INFO ] No partner found for atom CD1
2026-04-23 20:44:52,365 [ genlib ] [ INFO ] Searching order 4
2026-04-23 20:44:52,365 [ genlib ] [ INFO ] Searching order 5
2026-04-23 20:44:52,365 [ genlib ] [ INFO ] Searching order 6
2026-04-23 20:44:52,365 [ genlib ] [ INFO ] Searching order 7
2026-04-23 20:44:52,366 [ genlib ] [ INFO ] Updating bond lists
2026-04-23 20:44:52,366 [ genlib ] [ INFO ] Updating dihedrals
2026-04-23 20:44:52,366 [ genlib ] [ INFO ] Updating impropers
2026-04-23 20:44:52,366 [ genlib ] [ INFO ] Building library files for ILE --> TRP mutant
2026-04-23 20:44:52,367 [ genlib ] [ INFO ] reading rtp file "aminoacids.rtp"
2026-04-23 20:44:52,402 [ genlib ] [ INFO ] ENTERED T,A,V,I
2026-04-23 20:44:52,402 [ genlib ] [ INFO ] Making atom pairs
2026-04-23 20:44:52,411 [ genlib ] [ INFO ] Updating bond lists
2026-04-23 20:44:52,411 [ genlib ] [ INFO ] Updating dihedrals
2026-04-23 20:44:52,411 [ genlib ] [ INFO ] Updating impropers
2026-04-23 20:44:52,411 [ genlib ] [ INFO ] Building library files for ILE --> TYR mutant
2026-04-23 20:44:52,412 [ genlib ] [ INFO ] reading rtp file "aminoacids.rtp"
2026-04-23 20:44:52,460 [ genlib ] [ INFO ] ENTERED T,A,V,I
2026-04-23 20:44:52,460 [ genlib ] [ INFO ] Making atom pairs
2026-04-23 20:44:52,467 [ genlib ] [ INFO ] Updating bond lists
2026-04-23 20:44:52,467 [ genlib ] [ INFO ] Updating dihedrals
2026-04-23 20:44:52,467 [ genlib ] [ INFO ] Updating impropers
2026-04-23 20:44:52,467 [ genlib ] [ INFO ] Building library files for ILE --> VAL mutant
2026-04-23 20:44:52,468 [ genlib ] [ INFO ] reading rtp file "aminoacids.rtp"
2026-04-23 20:44:52,505 [ genlib ] [ INFO ] ENTERED SIMPLE
2026-04-23 20:44:52,505 [ genlib ] [ INFO ] Making atom pairs
2026-04-23 20:44:52,505 [ genlib ] [ INFO ] Searching branch 1
2026-04-23 20:44:52,505 [ genlib ] [ INFO ] Searching order 2
2026-04-23 20:44:52,505 [ genlib ] [ INFO ] Checking atom HB
2026-04-23 20:44:52,505 [ genlib ] [ INFO ] Define atom pair: ILE|HB|HC|H          - > VAL|HB|HC|H          (d = 0.09 A)
2026-04-23 20:44:52,505 [ genlib ] [ INFO ] Checking atom CG1
2026-04-23 20:44:52,505 [ genlib ] [ INFO ] Define atom pair: ILE|CG1|2C|C.3       - > VAL|CG2|CT|C.3       (d = 0.12 A)
2026-04-23 20:44:52,505 [ genlib ] [ INFO ] Checking atom CG2
2026-04-23 20:44:52,505 [ genlib ] [ INFO ] Define atom pair: ILE|CG2|CT|C.3       - > VAL|CG1|CT|C.3       (d = 0.18 A)
2026-04-23 20:44:52,505 [ genlib ] [ INFO ] Searching order 3
2026-04-23 20:44:52,505 [ genlib ] [ INFO ] Checking atom 1HG1
2026-04-23 20:44:52,506 [ genlib ] [ INFO ] Define atom pair: ILE|1HG1|HC|H        - > VAL|2HG2|HC|H        (d = 0.20 A)
2026-04-23 20:44:52,506 [ genlib ] [ INFO ] Checking atom 2HG1
2026-04-23 20:44:52,506 [ genlib ] [ INFO ] Define atom pair: ILE|2HG1|HC|H        - > VAL|3HG2|HC|H        (d = 0.20 A)
2026-04-23 20:44:52,506 [ genlib ] [ INFO ] Checking atom 1HG2
2026-04-23 20:44:52,506 [ genlib ] [ INFO ] Define atom pair: ILE|1HG2|HC|H        - > VAL|1HG1|HC|H        (d = 0.29 A)
2026-04-23 20:44:52,506 [ genlib ] [ INFO ] Checking atom 2HG2
2026-04-23 20:44:52,506 [ genlib ] [ INFO ] Define atom pair: ILE|2HG2|HC|H        - > VAL|2HG1|HC|H        (d = 0.18 A)
2026-04-23 20:44:52,506 [ genlib ] [ INFO ] Checking atom 3HG2
2026-04-23 20:44:52,506 [ genlib ] [ INFO ] Define atom pair: ILE|3HG2|HC|H        - > VAL|3HG1|HC|H        (d = 0.23 A)
2026-04-23 20:44:52,506 [ genlib ] [ INFO ] Checking atom CD1
2026-04-23 20:44:52,506 [ genlib ] [ INFO ] Define atom pair: ILE|CD1|CT|C.3       - > VAL|1HG2|HC|H        (d = 0.49 A)
2026-04-23 20:44:52,506 [ genlib ] [ INFO ] Searching order 4
2026-04-23 20:44:52,506 [ genlib ] [ INFO ] Checking atom 1HD1
2026-04-23 20:44:52,506 [ genlib ] [ INFO ] No partner found for atom 1HD1
2026-04-23 20:44:52,506 [ genlib ] [ INFO ] Checking atom 2HD1
2026-04-23 20:44:52,506 [ genlib ] [ INFO ] No partner found for atom 2HD1
2026-04-23 20:44:52,506 [ genlib ] [ INFO ] Checking atom 3HD1
2026-04-23 20:44:52,506 [ genlib ] [ INFO ] No partner found for atom 3HD1
2026-04-23 20:44:52,506 [ genlib ] [ INFO ] Searching order 5
2026-04-23 20:44:52,506 [ genlib ] [ INFO ] Searching order 6
2026-04-23 20:44:52,506 [ genlib ] [ INFO ] Searching order 7
2026-04-23 20:44:52,506 [ genlib ] [ INFO ] Searching branch 2
2026-04-23 20:44:52,506 [ genlib ] [ INFO ] Searching order 2
2026-04-23 20:44:52,506 [ genlib ] [ INFO ] Searching order 3
2026-04-23 20:44:52,506 [ genlib ] [ INFO ] Searching order 4
2026-04-23 20:44:52,506 [ genlib ] [ INFO ] Checking atom 1HD1
2026-04-23 20:44:52,506 [ genlib ] [ INFO ] No partner found for atom 1HD1
2026-04-23 20:44:52,506 [ genlib ] [ INFO ] Checking atom 2HD1
2026-04-23 20:44:52,506 [ genlib ] [ INFO ] No partner found for atom 2HD1
2026-04-23 20:44:52,506 [ genlib ] [ INFO ] Checking atom 3HD1
2026-04-23 20:44:52,506 [ genlib ] [ INFO ] No partner found for atom 3HD1
2026-04-23 20:44:52,506 [ genlib ] [ INFO ] Searching order 5
2026-04-23 20:44:52,506 [ genlib ] [ INFO ] Searching order 6
2026-04-23 20:44:52,506 [ genlib ] [ INFO ] Searching order 7
2026-04-23 20:44:52,506 [ genlib ] [ INFO ] Updating bond lists
2026-04-23 20:44:52,506 [ genlib ] [ INFO ] Updating dihedrals
2026-04-23 20:44:52,506 [ genlib ] [ INFO ] Updating impropers
2026-04-23 20:44:52,507 [ genlib ] [ INFO ] Building library files for LEU --> ALA mutant
2026-04-23 20:44:52,508 [ genlib ] [ INFO ] reading rtp file "aminoacids.rtp"
2026-04-23 20:44:52,543 [ genlib ] [ INFO ] ENTERED SIMPLE
2026-04-23 20:44:52,543 [ genlib ] [ INFO ] Making atom pairs
2026-04-23 20:44:52,543 [ genlib ] [ INFO ] Searching branch 1
2026-04-23 20:44:52,543 [ genlib ] [ INFO ] Searching order 2
2026-04-23 20:44:52,543 [ genlib ] [ INFO ] Checking atom 1HB
2026-04-23 20:44:52,543 [ genlib ] [ INFO ] Define atom pair: LEU|1HB|HC|H         - > ALA|2HB|HC|H         (d = 0.06 A)
2026-04-23 20:44:52,543 [ genlib ] [ INFO ] Checking atom 2HB
2026-04-23 20:44:52,543 [ genlib ] [ INFO ] Define atom pair: LEU|2HB|HC|H         - > ALA|3HB|HC|H         (d = 0.06 A)
2026-04-23 20:44:52,543 [ genlib ] [ INFO ] Checking atom CG
2026-04-23 20:44:52,543 [ genlib ] [ INFO ] Define atom pair: LEU|CG|3C|C.3        - > ALA|1HB|HC|H         (d = 0.50 A)
2026-04-23 20:44:52,543 [ genlib ] [ INFO ] Searching order 3
2026-04-23 20:44:52,543 [ genlib ] [ INFO ] Checking atom HG
2026-04-23 20:44:52,543 [ genlib ] [ INFO ] No partner found for atom HG
2026-04-23 20:44:52,543 [ genlib ] [ INFO ] Checking atom CD1
2026-04-23 20:44:52,543 [ genlib ] [ INFO ] No partner found for atom CD1
2026-04-23 20:44:52,543 [ genlib ] [ INFO ] Checking atom CD2
2026-04-23 20:44:52,543 [ genlib ] [ INFO ] No partner found for atom CD2
2026-04-23 20:44:52,543 [ genlib ] [ INFO ] Searching order 4
2026-04-23 20:44:52,543 [ genlib ] [ INFO ] Searching order 5
2026-04-23 20:44:52,543 [ genlib ] [ INFO ] Searching order 6
2026-04-23 20:44:52,543 [ genlib ] [ INFO ] Searching order 7
2026-04-23 20:44:52,543 [ genlib ] [ INFO ] Searching branch 2
2026-04-23 20:44:52,543 [ genlib ] [ INFO ] Searching order 2
2026-04-23 20:44:52,543 [ genlib ] [ INFO ] Searching order 3
2026-04-23 20:44:52,543 [ genlib ] [ INFO ] Checking atom HG
2026-04-23 20:44:52,543 [ genlib ] [ INFO ] No partner found for atom HG
2026-04-23 20:44:52,543 [ genlib ] [ INFO ] Checking atom CD1
2026-04-23 20:44:52,543 [ genlib ] [ INFO ] No partner found for atom CD1
2026-04-23 20:44:52,543 [ genlib ] [ INFO ] Checking atom CD2
2026-04-23 20:44:52,543 [ genlib ] [ INFO ] No partner found for atom CD2
2026-04-23 20:44:52,543 [ genlib ] [ INFO ] Searching order 4
2026-04-23 20:44:52,543 [ genlib ] [ INFO ] Searching order 5
2026-04-23 20:44:52,543 [ genlib ] [ INFO ] Searching order 6
2026-04-23 20:44:52,543 [ genlib ] [ INFO ] Searching order 7
2026-04-23 20:44:52,543 [ genlib ] [ INFO ] Updating bond lists
2026-04-23 20:44:52,544 [ genlib ] [ INFO ] Updating dihedrals
2026-04-23 20:44:52,544 [ genlib ] [ INFO ] Updating impropers
2026-04-23 20:44:52,544 [ genlib ] [ INFO ] Building library files for LEU --> ARG mutant
2026-04-23 20:44:52,545 [ genlib ] [ INFO ] reading rtp file "aminoacids.rtp"
2026-04-23 20:44:52,580 [ genlib ] [ INFO ] ENTERED SIMPLE
2026-04-23 20:44:52,580 [ genlib ] [ INFO ] Making atom pairs
2026-04-23 20:44:52,580 [ genlib ] [ INFO ] Searching branch 1
2026-04-23 20:44:52,580 [ genlib ] [ INFO ] Searching order 2
2026-04-23 20:44:52,580 [ genlib ] [ INFO ] Checking atom 1HB
2026-04-23 20:44:52,580 [ genlib ] [ INFO ] Define atom pair: LEU|1HB|HC|H         - > ARG|1HB|HC|H         (d = 0.08 A)
2026-04-23 20:44:52,580 [ genlib ] [ INFO ] Checking atom 2HB
2026-04-23 20:44:52,580 [ genlib ] [ INFO ] Define atom pair: LEU|2HB|HC|H         - > ARG|2HB|HC|H         (d = 0.09 A)
2026-04-23 20:44:52,580 [ genlib ] [ INFO ] Checking atom CG
2026-04-23 20:44:52,580 [ genlib ] [ INFO ] Define atom pair: LEU|CG|3C|C.3        - > ARG|CG|C8|C.3        (d = 0.09 A)
2026-04-23 20:44:52,580 [ genlib ] [ INFO ] Searching order 3
2026-04-23 20:44:52,580 [ genlib ] [ INFO ] Checking atom HG
2026-04-23 20:44:52,580 [ genlib ] [ INFO ] Define atom pair: LEU|HG|HC|H          - > ARG|2HG|HC|H         (d = 0.22 A)
2026-04-23 20:44:52,580 [ genlib ] [ INFO ] Checking atom CD1
2026-04-23 20:44:52,580 [ genlib ] [ INFO ] Define atom pair: LEU|CD1|CT|C.3       - > ARG|CD|C8|C.3        (d = 0.13 A)
2026-04-23 20:44:52,580 [ genlib ] [ INFO ] Checking atom CD2
2026-04-23 20:44:52,580 [ genlib ] [ INFO ] Define atom pair: LEU|CD2|CT|C.3       - > ARG|1HG|HC|H         (d = 0.44 A)
2026-04-23 20:44:52,580 [ genlib ] [ INFO ] Searching order 4
2026-04-23 20:44:52,580 [ genlib ] [ INFO ] Checking atom 1HD1
2026-04-23 20:44:52,580 [ genlib ] [ INFO ] Define atom pair: LEU|1HD1|HC|H        - > ARG|NE|N2|N.pl3      (d = 0.45 A)
2026-04-23 20:44:52,580 [ genlib ] [ INFO ] Checking atom 2HD1
2026-04-23 20:44:52,580 [ genlib ] [ INFO ] Define atom pair: LEU|2HD1|HC|H        - > ARG|1HD|H1|H         (d = 0.17 A)
2026-04-23 20:44:52,580 [ genlib ] [ INFO ] Checking atom 3HD1
2026-04-23 20:44:52,580 [ genlib ] [ INFO ] Define atom pair: LEU|3HD1|HC|H        - > ARG|2HD|H1|H         (d = 0.11 A)
2026-04-23 20:44:52,580 [ genlib ] [ INFO ] Checking atom 1HD2
2026-04-23 20:44:52,580 [ genlib ] [ INFO ] No partner found for atom 1HD2
2026-04-23 20:44:52,580 [ genlib ] [ INFO ] Checking atom 2HD2
2026-04-23 20:44:52,580 [ genlib ] [ INFO ] No partner found for atom 2HD2
2026-04-23 20:44:52,580 [ genlib ] [ INFO ] Checking atom 3HD2
2026-04-23 20:44:52,580 [ genlib ] [ INFO ] No partner found for atom 3HD2
2026-04-23 20:44:52,580 [ genlib ] [ INFO ] Searching order 5
2026-04-23 20:44:52,580 [ genlib ] [ INFO ] Searching order 6
2026-04-23 20:44:52,580 [ genlib ] [ INFO ] Searching order 7
2026-04-23 20:44:52,580 [ genlib ] [ INFO ] Searching branch 2
2026-04-23 20:44:52,580 [ genlib ] [ INFO ] Searching order 2
2026-04-23 20:44:52,580 [ genlib ] [ INFO ] Searching order 3
2026-04-23 20:44:52,580 [ genlib ] [ INFO ] Searching order 4
2026-04-23 20:44:52,580 [ genlib ] [ INFO ] Checking atom 1HD2
2026-04-23 20:44:52,580 [ genlib ] [ INFO ] No partner found for atom 1HD2
2026-04-23 20:44:52,580 [ genlib ] [ INFO ] Checking atom 2HD2
2026-04-23 20:44:52,580 [ genlib ] [ INFO ] No partner found for atom 2HD2
2026-04-23 20:44:52,580 [ genlib ] [ INFO ] Checking atom 3HD2
2026-04-23 20:44:52,580 [ genlib ] [ INFO ] No partner found for atom 3HD2
2026-04-23 20:44:52,580 [ genlib ] [ INFO ] Searching order 5
2026-04-23 20:44:52,580 [ genlib ] [ INFO ] Searching order 6
2026-04-23 20:44:52,580 [ genlib ] [ INFO ] Searching order 7
2026-04-23 20:44:52,585 [ genlib ] [ INFO ] Updating bond lists
2026-04-23 20:44:52,585 [ genlib ] [ INFO ] Updating dihedrals
2026-04-23 20:44:52,585 [ genlib ] [ INFO ] Updating impropers
2026-04-23 20:44:52,585 [ genlib ] [ INFO ] Building library files for LEU --> ASH mutant
2026-04-23 20:44:52,586 [ genlib ] [ INFO ] reading rtp file "aminoacids.rtp"
2026-04-23 20:44:52,625 [ genlib ] [ INFO ] ENTERED SIMPLE
2026-04-23 20:44:52,626 [ genlib ] [ INFO ] Making atom pairs
2026-04-23 20:44:52,626 [ genlib ] [ INFO ] Searching branch 1
2026-04-23 20:44:52,626 [ genlib ] [ INFO ] Searching order 2
2026-04-23 20:44:52,626 [ genlib ] [ INFO ] Checking atom 1HB
2026-04-23 20:44:52,626 [ genlib ] [ INFO ] Define atom pair: LEU|1HB|HC|H         - > ASH|1HB|HC|H         (d = 0.12 A)
2026-04-23 20:44:52,626 [ genlib ] [ INFO ] Checking atom 2HB
2026-04-23 20:44:52,626 [ genlib ] [ INFO ] Define atom pair: LEU|2HB|HC|H         - > ASH|2HB|HC|H         (d = 0.13 A)
2026-04-23 20:44:52,626 [ genlib ] [ INFO ] Checking atom CG
2026-04-23 20:44:52,626 [ genlib ] [ INFO ] Define atom pair: LEU|CG|3C|C.3        - > ASH|CG|C|C.2         (d = 0.15 A)
2026-04-23 20:44:52,626 [ genlib ] [ INFO ] Searching order 3
2026-04-23 20:44:52,626 [ genlib ] [ INFO ] Checking atom HG
2026-04-23 20:44:52,626 [ genlib ] [ INFO ] No partner found for atom HG
2026-04-23 20:44:52,626 [ genlib ] [ INFO ] Checking atom CD1
2026-04-23 20:44:52,626 [ genlib ] [ INFO ] Define atom pair: LEU|CD1|CT|C.3       - > ASH|OD1|O|O.co2      (d = 0.35 A)
2026-04-23 20:44:52,626 [ genlib ] [ INFO ] Checking atom CD2
2026-04-23 20:44:52,626 [ genlib ] [ INFO ] No partner found for atom CD2
2026-04-23 20:44:52,626 [ genlib ] [ INFO ] Searching order 4
2026-04-23 20:44:52,626 [ genlib ] [ INFO ] Checking atom 1HD1
2026-04-23 20:44:52,626 [ genlib ] [ INFO ] No partner found for atom 1HD1
2026-04-23 20:44:52,626 [ genlib ] [ INFO ] Checking atom 2HD1
2026-04-23 20:44:52,626 [ genlib ] [ INFO ] No partner found for atom 2HD1
2026-04-23 20:44:52,626 [ genlib ] [ INFO ] Checking atom 3HD1
2026-04-23 20:44:52,626 [ genlib ] [ INFO ] No partner found for atom 3HD1
2026-04-23 20:44:52,626 [ genlib ] [ INFO ] Searching order 5
2026-04-23 20:44:52,626 [ genlib ] [ INFO ] Searching order 6
2026-04-23 20:44:52,626 [ genlib ] [ INFO ] Searching order 7
2026-04-23 20:44:52,626 [ genlib ] [ INFO ] Searching branch 2
2026-04-23 20:44:52,626 [ genlib ] [ INFO ] Searching order 2
2026-04-23 20:44:52,626 [ genlib ] [ INFO ] Searching order 3
2026-04-23 20:44:52,626 [ genlib ] [ INFO ] Checking atom HG
2026-04-23 20:44:52,626 [ genlib ] [ INFO ] No partner found for atom HG
2026-04-23 20:44:52,626 [ genlib ] [ INFO ] Checking atom CD2
2026-04-23 20:44:52,626 [ genlib ] [ INFO ] No partner found for atom CD2
2026-04-23 20:44:52,626 [ genlib ] [ INFO ] Searching order 4
2026-04-23 20:44:52,626 [ genlib ] [ INFO ] Checking atom 1HD1
2026-04-23 20:44:52,626 [ genlib ] [ INFO ] No partner found for atom 1HD1
2026-04-23 20:44:52,626 [ genlib ] [ INFO ] Checking atom 2HD1
2026-04-23 20:44:52,626 [ genlib ] [ INFO ] No partner found for atom 2HD1
2026-04-23 20:44:52,626 [ genlib ] [ INFO ] Checking atom 3HD1
2026-04-23 20:44:52,626 [ genlib ] [ INFO ] No partner found for atom 3HD1
2026-04-23 20:44:52,626 [ genlib ] [ INFO ] Searching order 5
2026-04-23 20:44:52,626 [ genlib ] [ INFO ] Searching order 6
2026-04-23 20:44:52,626 [ genlib ] [ INFO ] Searching order 7
2026-04-23 20:44:52,627 [ genlib ] [ INFO ] Updating bond lists
2026-04-23 20:44:52,627 [ genlib ] [ INFO ] Updating dihedrals
2026-04-23 20:44:52,627 [ genlib ] [ INFO ] Updating impropers
2026-04-23 20:44:52,627 [ genlib ] [ INFO ] Building library files for LEU --> ASN mutant
2026-04-23 20:44:52,628 [ genlib ] [ INFO ] reading rtp file "aminoacids.rtp"
2026-04-23 20:44:52,664 [ genlib ] [ INFO ] ENTERED SIMPLE
2026-04-23 20:44:52,664 [ genlib ] [ INFO ] Making atom pairs
2026-04-23 20:44:52,664 [ genlib ] [ INFO ] Searching branch 1
2026-04-23 20:44:52,664 [ genlib ] [ INFO ] Searching order 2
2026-04-23 20:44:52,664 [ genlib ] [ INFO ] Checking atom 1HB
2026-04-23 20:44:52,664 [ genlib ] [ INFO ] Define atom pair: LEU|1HB|HC|H         - > ASN|1HB|HC|H         (d = 0.09 A)
2026-04-23 20:44:52,664 [ genlib ] [ INFO ] Checking atom 2HB
2026-04-23 20:44:52,664 [ genlib ] [ INFO ] Define atom pair: LEU|2HB|HC|H         - > ASN|2HB|HC|H         (d = 0.09 A)
2026-04-23 20:44:52,664 [ genlib ] [ INFO ] Checking atom CG
2026-04-23 20:44:52,664 [ genlib ] [ INFO ] Define atom pair: LEU|CG|3C|C.3        - > ASN|CG|C|C.2         (d = 0.11 A)
2026-04-23 20:44:52,664 [ genlib ] [ INFO ] Searching order 3
2026-04-23 20:44:52,664 [ genlib ] [ INFO ] Checking atom HG
2026-04-23 20:44:52,664 [ genlib ] [ INFO ] No partner found for atom HG
2026-04-23 20:44:52,664 [ genlib ] [ INFO ] Checking atom CD1
2026-04-23 20:44:52,664 [ genlib ] [ INFO ] Define atom pair: LEU|CD1|CT|C.3       - > ASN|OD1|O|O.2        (d = 0.35 A)
2026-04-23 20:44:52,664 [ genlib ] [ INFO ] Checking atom CD2
2026-04-23 20:44:52,664 [ genlib ] [ INFO ] No partner found for atom CD2
2026-04-23 20:44:52,664 [ genlib ] [ INFO ] Searching order 4
2026-04-23 20:44:52,664 [ genlib ] [ INFO ] Checking atom 1HD1
2026-04-23 20:44:52,664 [ genlib ] [ INFO ] No partner found for atom 1HD1
2026-04-23 20:44:52,664 [ genlib ] [ INFO ] Checking atom 2HD1
2026-04-23 20:44:52,664 [ genlib ] [ INFO ] No partner found for atom 2HD1
2026-04-23 20:44:52,664 [ genlib ] [ INFO ] Checking atom 3HD1
2026-04-23 20:44:52,665 [ genlib ] [ INFO ] No partner found for atom 3HD1
2026-04-23 20:44:52,665 [ genlib ] [ INFO ] Searching order 5
2026-04-23 20:44:52,665 [ genlib ] [ INFO ] Searching order 6
2026-04-23 20:44:52,665 [ genlib ] [ INFO ] Searching order 7
2026-04-23 20:44:52,665 [ genlib ] [ INFO ] Searching branch 2
2026-04-23 20:44:52,665 [ genlib ] [ INFO ] Searching order 2
2026-04-23 20:44:52,665 [ genlib ] [ INFO ] Searching order 3
2026-04-23 20:44:52,665 [ genlib ] [ INFO ] Checking atom HG
2026-04-23 20:44:52,665 [ genlib ] [ INFO ] No partner found for atom HG
2026-04-23 20:44:52,665 [ genlib ] [ INFO ] Checking atom CD2
2026-04-23 20:44:52,665 [ genlib ] [ INFO ] No partner found for atom CD2
2026-04-23 20:44:52,665 [ genlib ] [ INFO ] Searching order 4
2026-04-23 20:44:52,665 [ genlib ] [ INFO ] Checking atom 1HD1
2026-04-23 20:44:52,665 [ genlib ] [ INFO ] No partner found for atom 1HD1
2026-04-23 20:44:52,665 [ genlib ] [ INFO ] Checking atom 2HD1
2026-04-23 20:44:52,665 [ genlib ] [ INFO ] No partner found for atom 2HD1
2026-04-23 20:44:52,665 [ genlib ] [ INFO ] Checking atom 3HD1
2026-04-23 20:44:52,665 [ genlib ] [ INFO ] No partner found for atom 3HD1
2026-04-23 20:44:52,665 [ genlib ] [ INFO ] Searching order 5
2026-04-23 20:44:52,665 [ genlib ] [ INFO ] Searching order 6
2026-04-23 20:44:52,665 [ genlib ] [ INFO ] Searching order 7
2026-04-23 20:44:52,666 [ genlib ] [ INFO ] Updating bond lists
2026-04-23 20:44:52,666 [ genlib ] [ INFO ] Updating dihedrals
2026-04-23 20:44:52,666 [ genlib ] [ INFO ] Updating impropers
2026-04-23 20:44:52,667 [ genlib ] [ INFO ] Building library files for LEU --> ASP mutant
2026-04-23 20:44:52,667 [ genlib ] [ INFO ] reading rtp file "aminoacids.rtp"
2026-04-23 20:44:52,705 [ genlib ] [ INFO ] ENTERED SIMPLE
2026-04-23 20:44:52,705 [ genlib ] [ INFO ] Making atom pairs
2026-04-23 20:44:52,705 [ genlib ] [ INFO ] Searching branch 1
2026-04-23 20:44:52,705 [ genlib ] [ INFO ] Searching order 2
2026-04-23 20:44:52,705 [ genlib ] [ INFO ] Checking atom 1HB
2026-04-23 20:44:52,705 [ genlib ] [ INFO ] Define atom pair: LEU|1HB|HC|H         - > ASP|1HB|HC|H         (d = 0.09 A)
2026-04-23 20:44:52,705 [ genlib ] [ INFO ] Checking atom 2HB
2026-04-23 20:44:52,705 [ genlib ] [ INFO ] Define atom pair: LEU|2HB|HC|H         - > ASP|2HB|HC|H         (d = 0.07 A)
2026-04-23 20:44:52,705 [ genlib ] [ INFO ] Checking atom CG
2026-04-23 20:44:52,705 [ genlib ] [ INFO ] Define atom pair: LEU|CG|3C|C.3        - > ASP|CG|CO|C.2        (d = 0.15 A)
2026-04-23 20:44:52,705 [ genlib ] [ INFO ] Searching order 3
2026-04-23 20:44:52,705 [ genlib ] [ INFO ] Checking atom HG
2026-04-23 20:44:52,705 [ genlib ] [ INFO ] No partner found for atom HG
2026-04-23 20:44:52,705 [ genlib ] [ INFO ] Checking atom CD1
2026-04-23 20:44:52,705 [ genlib ] [ INFO ] Define atom pair: LEU|CD1|CT|C.3       - > ASP|OD1|O2|O.co2     (d = 0.35 A)
2026-04-23 20:44:52,705 [ genlib ] [ INFO ] Checking atom CD2
2026-04-23 20:44:52,705 [ genlib ] [ INFO ] No partner found for atom CD2
2026-04-23 20:44:52,705 [ genlib ] [ INFO ] Searching order 4
2026-04-23 20:44:52,705 [ genlib ] [ INFO ] Checking atom 1HD1
2026-04-23 20:44:52,706 [ genlib ] [ INFO ] No partner found for atom 1HD1
2026-04-23 20:44:52,706 [ genlib ] [ INFO ] Checking atom 2HD1
2026-04-23 20:44:52,706 [ genlib ] [ INFO ] No partner found for atom 2HD1
2026-04-23 20:44:52,706 [ genlib ] [ INFO ] Checking atom 3HD1
2026-04-23 20:44:52,706 [ genlib ] [ INFO ] No partner found for atom 3HD1
2026-04-23 20:44:52,706 [ genlib ] [ INFO ] Searching order 5
2026-04-23 20:44:52,706 [ genlib ] [ INFO ] Searching order 6
2026-04-23 20:44:52,706 [ genlib ] [ INFO ] Searching order 7
2026-04-23 20:44:52,706 [ genlib ] [ INFO ] Searching branch 2
2026-04-23 20:44:52,706 [ genlib ] [ INFO ] Searching order 2
2026-04-23 20:44:52,706 [ genlib ] [ INFO ] Searching order 3
2026-04-23 20:44:52,706 [ genlib ] [ INFO ] Checking atom HG
2026-04-23 20:44:52,706 [ genlib ] [ INFO ] No partner found for atom HG
2026-04-23 20:44:52,706 [ genlib ] [ INFO ] Checking atom CD2
2026-04-23 20:44:52,706 [ genlib ] [ INFO ] No partner found for atom CD2
2026-04-23 20:44:52,706 [ genlib ] [ INFO ] Searching order 4
2026-04-23 20:44:52,706 [ genlib ] [ INFO ] Checking atom 1HD1
2026-04-23 20:44:52,706 [ genlib ] [ INFO ] No partner found for atom 1HD1
2026-04-23 20:44:52,706 [ genlib ] [ INFO ] Checking atom 2HD1
2026-04-23 20:44:52,706 [ genlib ] [ INFO ] No partner found for atom 2HD1
2026-04-23 20:44:52,706 [ genlib ] [ INFO ] Checking atom 3HD1
2026-04-23 20:44:52,706 [ genlib ] [ INFO ] No partner found for atom 3HD1
2026-04-23 20:44:52,706 [ genlib ] [ INFO ] Searching order 5
2026-04-23 20:44:52,706 [ genlib ] [ INFO ] Searching order 6
2026-04-23 20:44:52,706 [ genlib ] [ INFO ] Searching order 7
2026-04-23 20:44:52,707 [ genlib ] [ INFO ] Updating bond lists
2026-04-23 20:44:52,707 [ genlib ] [ INFO ] Updating dihedrals
2026-04-23 20:44:52,707 [ genlib ] [ INFO ] Updating impropers
2026-04-23 20:44:52,707 [ genlib ] [ INFO ] Building library files for LEU --> CYS mutant
2026-04-23 20:44:52,708 [ genlib ] [ INFO ] reading rtp file "aminoacids.rtp"
2026-04-23 20:44:52,746 [ genlib ] [ INFO ] ENTERED SIMPLE
2026-04-23 20:44:52,746 [ genlib ] [ INFO ] Making atom pairs
2026-04-23 20:44:52,746 [ genlib ] [ INFO ] Searching branch 1
2026-04-23 20:44:52,746 [ genlib ] [ INFO ] Searching order 2
2026-04-23 20:44:52,746 [ genlib ] [ INFO ] Checking atom 1HB
2026-04-23 20:44:52,746 [ genlib ] [ INFO ] Define atom pair: LEU|1HB|HC|H         - > CYS|1HB|H1|H         (d = 0.07 A)
2026-04-23 20:44:52,746 [ genlib ] [ INFO ] Checking atom 2HB
2026-04-23 20:44:52,746 [ genlib ] [ INFO ] Define atom pair: LEU|2HB|HC|H         - > CYS|2HB|H1|H         (d = 0.06 A)
2026-04-23 20:44:52,746 [ genlib ] [ INFO ] Checking atom CG
2026-04-23 20:44:52,746 [ genlib ] [ INFO ] Define atom pair: LEU|CG|3C|C.3        - > CYS|SG|SH|S.3        (d = 0.29 A)
2026-04-23 20:44:52,746 [ genlib ] [ INFO ] Searching order 3
2026-04-23 20:44:52,746 [ genlib ] [ INFO ] Checking atom HG
2026-04-23 20:44:52,746 [ genlib ] [ INFO ] No partner found for atom HG
2026-04-23 20:44:52,746 [ genlib ] [ INFO ] Checking atom CD1
2026-04-23 20:44:52,746 [ genlib ] [ INFO ] Define atom pair: LEU|CD1|CT|C.3       - > CYS|HG|HS|H          (d = 0.24 A)
2026-04-23 20:44:52,746 [ genlib ] [ INFO ] Checking atom CD2
2026-04-23 20:44:52,746 [ genlib ] [ INFO ] No partner found for atom CD2
2026-04-23 20:44:52,746 [ genlib ] [ INFO ] Searching order 4
2026-04-23 20:44:52,746 [ genlib ] [ INFO ] Checking atom 1HD1
2026-04-23 20:44:52,746 [ genlib ] [ INFO ] No partner found for atom 1HD1
2026-04-23 20:44:52,746 [ genlib ] [ INFO ] Checking atom 2HD1
2026-04-23 20:44:52,746 [ genlib ] [ INFO ] No partner found for atom 2HD1
2026-04-23 20:44:52,746 [ genlib ] [ INFO ] Checking atom 3HD1
2026-04-23 20:44:52,746 [ genlib ] [ INFO ] No partner found for atom 3HD1
2026-04-23 20:44:52,746 [ genlib ] [ INFO ] Searching order 5
2026-04-23 20:44:52,746 [ genlib ] [ INFO ] Searching order 6
2026-04-23 20:44:52,746 [ genlib ] [ INFO ] Searching order 7
2026-04-23 20:44:52,746 [ genlib ] [ INFO ] Searching branch 2
2026-04-23 20:44:52,746 [ genlib ] [ INFO ] Searching order 2
2026-04-23 20:44:52,746 [ genlib ] [ INFO ] Searching order 3
2026-04-23 20:44:52,746 [ genlib ] [ INFO ] Checking atom HG
2026-04-23 20:44:52,746 [ genlib ] [ INFO ] No partner found for atom HG
2026-04-23 20:44:52,746 [ genlib ] [ INFO ] Checking atom CD2
2026-04-23 20:44:52,746 [ genlib ] [ INFO ] No partner found for atom CD2
2026-04-23 20:44:52,746 [ genlib ] [ INFO ] Searching order 4
2026-04-23 20:44:52,746 [ genlib ] [ INFO ] Checking atom 1HD1
2026-04-23 20:44:52,746 [ genlib ] [ INFO ] No partner found for atom 1HD1
2026-04-23 20:44:52,746 [ genlib ] [ INFO ] Checking atom 2HD1
2026-04-23 20:44:52,746 [ genlib ] [ INFO ] No partner found for atom 2HD1
2026-04-23 20:44:52,746 [ genlib ] [ INFO ] Checking atom 3HD1
2026-04-23 20:44:52,746 [ genlib ] [ INFO ] No partner found for atom 3HD1
2026-04-23 20:44:52,746 [ genlib ] [ INFO ] Searching order 5
2026-04-23 20:44:52,746 [ genlib ] [ INFO ] Searching order 6
2026-04-23 20:44:52,746 [ genlib ] [ INFO ] Searching order 7
2026-04-23 20:44:52,747 [ genlib ] [ INFO ] Updating bond lists
2026-04-23 20:44:52,747 [ genlib ] [ INFO ] Updating dihedrals
2026-04-23 20:44:52,747 [ genlib ] [ INFO ] Updating impropers
2026-04-23 20:44:52,747 [ genlib ] [ INFO ] Building library files for LEU --> GLH mutant
2026-04-23 20:44:52,748 [ genlib ] [ INFO ] reading rtp file "aminoacids.rtp"
2026-04-23 20:44:52,784 [ genlib ] [ INFO ] ENTERED SIMPLE
2026-04-23 20:44:52,784 [ genlib ] [ INFO ] Making atom pairs
2026-04-23 20:44:52,784 [ genlib ] [ INFO ] Searching branch 1
2026-04-23 20:44:52,784 [ genlib ] [ INFO ] Searching order 2
2026-04-23 20:44:52,784 [ genlib ] [ INFO ] Checking atom 1HB
2026-04-23 20:44:52,784 [ genlib ] [ INFO ] Define atom pair: LEU|1HB|HC|H         - > GLH|1HB|HC|H         (d = 0.20 A)
2026-04-23 20:44:52,784 [ genlib ] [ INFO ] Checking atom 2HB
2026-04-23 20:44:52,784 [ genlib ] [ INFO ] Define atom pair: LEU|2HB|HC|H         - > GLH|2HB|HC|H         (d = 0.19 A)
2026-04-23 20:44:52,784 [ genlib ] [ INFO ] Checking atom CG
2026-04-23 20:44:52,784 [ genlib ] [ INFO ] Define atom pair: LEU|CG|3C|C.3        - > GLH|CG|2C|C.3        (d = 0.18 A)
2026-04-23 20:44:52,784 [ genlib ] [ INFO ] Searching order 3
2026-04-23 20:44:52,784 [ genlib ] [ INFO ] Checking atom HG
2026-04-23 20:44:52,784 [ genlib ] [ INFO ] Define atom pair: LEU|HG|HC|H          - > GLH|2HG|HC|H         (d = 0.33 A)
2026-04-23 20:44:52,784 [ genlib ] [ INFO ] Checking atom CD1
2026-04-23 20:44:52,784 [ genlib ] [ INFO ] Define atom pair: LEU|CD1|CT|C.3       - > GLH|CD|C|C.2         (d = 0.19 A)
2026-04-23 20:44:52,784 [ genlib ] [ INFO ] Checking atom CD2
2026-04-23 20:44:52,784 [ genlib ] [ INFO ] Define atom pair: LEU|CD2|CT|C.3       - > GLH|1HG|HC|H         (d = 0.47 A)
2026-04-23 20:44:52,784 [ genlib ] [ INFO ] Searching order 4
2026-04-23 20:44:52,784 [ genlib ] [ INFO ] Checking atom 1HD1
2026-04-23 20:44:52,784 [ genlib ] [ INFO ] Define atom pair: LEU|1HD1|HC|H        - > GLH|OE1|O|O.co2      (d = 0.37 A)
2026-04-23 20:44:52,784 [ genlib ] [ INFO ] Checking atom 2HD1
2026-04-23 20:44:52,784 [ genlib ] [ INFO ] No partner found for atom 2HD1
2026-04-23 20:44:52,784 [ genlib ] [ INFO ] Checking atom 3HD1
2026-04-23 20:44:52,784 [ genlib ] [ INFO ] No partner found for atom 3HD1
2026-04-23 20:44:52,784 [ genlib ] [ INFO ] Checking atom 1HD2
2026-04-23 20:44:52,784 [ genlib ] [ INFO ] No partner found for atom 1HD2
2026-04-23 20:44:52,784 [ genlib ] [ INFO ] Checking atom 2HD2
2026-04-23 20:44:52,784 [ genlib ] [ INFO ] No partner found for atom 2HD2
2026-04-23 20:44:52,784 [ genlib ] [ INFO ] Checking atom 3HD2
2026-04-23 20:44:52,784 [ genlib ] [ INFO ] No partner found for atom 3HD2
2026-04-23 20:44:52,784 [ genlib ] [ INFO ] Searching order 5
2026-04-23 20:44:52,784 [ genlib ] [ INFO ] Searching order 6
2026-04-23 20:44:52,784 [ genlib ] [ INFO ] Searching order 7
2026-04-23 20:44:52,784 [ genlib ] [ INFO ] Searching branch 2
2026-04-23 20:44:52,784 [ genlib ] [ INFO ] Searching order 2
2026-04-23 20:44:52,784 [ genlib ] [ INFO ] Searching order 3
2026-04-23 20:44:52,784 [ genlib ] [ INFO ] Searching order 4
2026-04-23 20:44:52,784 [ genlib ] [ INFO ] Checking atom 2HD1
2026-04-23 20:44:52,784 [ genlib ] [ INFO ] No partner found for atom 2HD1
2026-04-23 20:44:52,784 [ genlib ] [ INFO ] Checking atom 3HD1
2026-04-23 20:44:52,784 [ genlib ] [ INFO ] No partner found for atom 3HD1
2026-04-23 20:44:52,784 [ genlib ] [ INFO ] Checking atom 1HD2
2026-04-23 20:44:52,784 [ genlib ] [ INFO ] No partner found for atom 1HD2
2026-04-23 20:44:52,784 [ genlib ] [ INFO ] Checking atom 2HD2
2026-04-23 20:44:52,784 [ genlib ] [ INFO ] No partner found for atom 2HD2
2026-04-23 20:44:52,784 [ genlib ] [ INFO ] Checking atom 3HD2
2026-04-23 20:44:52,784 [ genlib ] [ INFO ] No partner found for atom 3HD2
2026-04-23 20:44:52,784 [ genlib ] [ INFO ] Searching order 5
2026-04-23 20:44:52,784 [ genlib ] [ INFO ] Searching order 6
2026-04-23 20:44:52,784 [ genlib ] [ INFO ] Searching order 7
2026-04-23 20:44:52,785 [ genlib ] [ INFO ] Updating bond lists
2026-04-23 20:44:52,785 [ genlib ] [ INFO ] Updating dihedrals
2026-04-23 20:44:52,785 [ genlib ] [ INFO ] Updating impropers
2026-04-23 20:44:52,786 [ genlib ] [ INFO ] Building library files for LEU --> GLN mutant
2026-04-23 20:44:52,786 [ genlib ] [ INFO ] reading rtp file "aminoacids.rtp"
2026-04-23 20:44:52,822 [ genlib ] [ INFO ] ENTERED SIMPLE
2026-04-23 20:44:52,822 [ genlib ] [ INFO ] Making atom pairs
2026-04-23 20:44:52,822 [ genlib ] [ INFO ] Searching branch 1
2026-04-23 20:44:52,822 [ genlib ] [ INFO ] Searching order 2
2026-04-23 20:44:52,822 [ genlib ] [ INFO ] Checking atom 1HB
2026-04-23 20:44:52,823 [ genlib ] [ INFO ] Define atom pair: LEU|1HB|HC|H         - > GLN|1HB|HC|H         (d = 0.08 A)
2026-04-23 20:44:52,823 [ genlib ] [ INFO ] Checking atom 2HB
2026-04-23 20:44:52,823 [ genlib ] [ INFO ] Define atom pair: LEU|2HB|HC|H         - > GLN|2HB|HC|H         (d = 0.07 A)
2026-04-23 20:44:52,823 [ genlib ] [ INFO ] Checking atom CG
2026-04-23 20:44:52,823 [ genlib ] [ INFO ] Define atom pair: LEU|CG|3C|C.3        - > GLN|CG|2C|C.3        (d = 0.10 A)
2026-04-23 20:44:52,823 [ genlib ] [ INFO ] Searching order 3
2026-04-23 20:44:52,823 [ genlib ] [ INFO ] Checking atom HG
2026-04-23 20:44:52,823 [ genlib ] [ INFO ] Define atom pair: LEU|HG|HC|H          - > GLN|2HG|HC|H         (d = 0.23 A)
2026-04-23 20:44:52,823 [ genlib ] [ INFO ] Checking atom CD1
2026-04-23 20:44:52,823 [ genlib ] [ INFO ] Define atom pair: LEU|CD1|CT|C.3       - > GLN|CD|C|C.2         (d = 0.16 A)
2026-04-23 20:44:52,823 [ genlib ] [ INFO ] Checking atom CD2
2026-04-23 20:44:52,823 [ genlib ] [ INFO ] Define atom pair: LEU|CD2|CT|C.3       - > GLN|1HG|HC|H         (d = 0.40 A)
2026-04-23 20:44:52,823 [ genlib ] [ INFO ] Searching order 4
2026-04-23 20:44:52,823 [ genlib ] [ INFO ] Checking atom 1HD1
2026-04-23 20:44:52,823 [ genlib ] [ INFO ] Define atom pair: LEU|1HD1|HC|H        - > GLN|OE1|O|O.2        (d = 0.24 A)
2026-04-23 20:44:52,823 [ genlib ] [ INFO ] Checking atom 2HD1
2026-04-23 20:44:52,823 [ genlib ] [ INFO ] No partner found for atom 2HD1
2026-04-23 20:44:52,823 [ genlib ] [ INFO ] Checking atom 3HD1
2026-04-23 20:44:52,823 [ genlib ] [ INFO ] No partner found for atom 3HD1
2026-04-23 20:44:52,823 [ genlib ] [ INFO ] Checking atom 1HD2
2026-04-23 20:44:52,823 [ genlib ] [ INFO ] No partner found for atom 1HD2
2026-04-23 20:44:52,823 [ genlib ] [ INFO ] Checking atom 2HD2
2026-04-23 20:44:52,823 [ genlib ] [ INFO ] No partner found for atom 2HD2
2026-04-23 20:44:52,823 [ genlib ] [ INFO ] Checking atom 3HD2
2026-04-23 20:44:52,823 [ genlib ] [ INFO ] No partner found for atom 3HD2
2026-04-23 20:44:52,823 [ genlib ] [ INFO ] Searching order 5
2026-04-23 20:44:52,823 [ genlib ] [ INFO ] Searching order 6
2026-04-23 20:44:52,823 [ genlib ] [ INFO ] Searching order 7
2026-04-23 20:44:52,823 [ genlib ] [ INFO ] Searching branch 2
2026-04-23 20:44:52,823 [ genlib ] [ INFO ] Searching order 2
2026-04-23 20:44:52,823 [ genlib ] [ INFO ] Searching order 3
2026-04-23 20:44:52,823 [ genlib ] [ INFO ] Searching order 4
2026-04-23 20:44:52,823 [ genlib ] [ INFO ] Checking atom 2HD1
2026-04-23 20:44:52,823 [ genlib ] [ INFO ] No partner found for atom 2HD1
2026-04-23 20:44:52,823 [ genlib ] [ INFO ] Checking atom 3HD1
2026-04-23 20:44:52,823 [ genlib ] [ INFO ] No partner found for atom 3HD1
2026-04-23 20:44:52,823 [ genlib ] [ INFO ] Checking atom 1HD2
2026-04-23 20:44:52,823 [ genlib ] [ INFO ] No partner found for atom 1HD2
2026-04-23 20:44:52,823 [ genlib ] [ INFO ] Checking atom 2HD2
2026-04-23 20:44:52,823 [ genlib ] [ INFO ] No partner found for atom 2HD2
2026-04-23 20:44:52,823 [ genlib ] [ INFO ] Checking atom 3HD2
2026-04-23 20:44:52,823 [ genlib ] [ INFO ] No partner found for atom 3HD2
2026-04-23 20:44:52,823 [ genlib ] [ INFO ] Searching order 5
2026-04-23 20:44:52,823 [ genlib ] [ INFO ] Searching order 6
2026-04-23 20:44:52,823 [ genlib ] [ INFO ] Searching order 7
2026-04-23 20:44:52,825 [ genlib ] [ INFO ] Updating bond lists
2026-04-23 20:44:52,825 [ genlib ] [ INFO ] Updating dihedrals
2026-04-23 20:44:52,825 [ genlib ] [ INFO ] Updating impropers
2026-04-23 20:44:52,825 [ genlib ] [ INFO ] Building library files for LEU --> GLU mutant
2026-04-23 20:44:52,826 [ genlib ] [ INFO ] reading rtp file "aminoacids.rtp"
2026-04-23 20:44:52,866 [ genlib ] [ INFO ] ENTERED SIMPLE
2026-04-23 20:44:52,866 [ genlib ] [ INFO ] Making atom pairs
2026-04-23 20:44:52,866 [ genlib ] [ INFO ] Searching branch 1
2026-04-23 20:44:52,866 [ genlib ] [ INFO ] Searching order 2
2026-04-23 20:44:52,866 [ genlib ] [ INFO ] Checking atom 1HB
2026-04-23 20:44:52,866 [ genlib ] [ INFO ] Define atom pair: LEU|1HB|HC|H         - > GLU|1HB|HC|H         (d = 0.17 A)
2026-04-23 20:44:52,866 [ genlib ] [ INFO ] Checking atom 2HB
2026-04-23 20:44:52,866 [ genlib ] [ INFO ] Define atom pair: LEU|2HB|HC|H         - > GLU|2HB|HC|H         (d = 0.12 A)
2026-04-23 20:44:52,866 [ genlib ] [ INFO ] Checking atom CG
2026-04-23 20:44:52,866 [ genlib ] [ INFO ] Define atom pair: LEU|CG|3C|C.3        - > GLU|CG|2C|C.3        (d = 0.18 A)
2026-04-23 20:44:52,866 [ genlib ] [ INFO ] Searching order 3
2026-04-23 20:44:52,866 [ genlib ] [ INFO ] Checking atom HG
2026-04-23 20:44:52,866 [ genlib ] [ INFO ] Define atom pair: LEU|HG|HC|H          - > GLU|2HG|HC|H         (d = 0.33 A)
2026-04-23 20:44:52,866 [ genlib ] [ INFO ] Checking atom CD1
2026-04-23 20:44:52,866 [ genlib ] [ INFO ] Define atom pair: LEU|CD1|CT|C.3       - > GLU|CD|CO|C.2        (d = 0.19 A)
2026-04-23 20:44:52,866 [ genlib ] [ INFO ] Checking atom CD2
2026-04-23 20:44:52,866 [ genlib ] [ INFO ] Define atom pair: LEU|CD2|CT|C.3       - > GLU|1HG|HC|H         (d = 0.38 A)
2026-04-23 20:44:52,866 [ genlib ] [ INFO ] Searching order 4
2026-04-23 20:44:52,866 [ genlib ] [ INFO ] Checking atom 1HD1
2026-04-23 20:44:52,866 [ genlib ] [ INFO ] Define atom pair: LEU|1HD1|HC|H        - > GLU|OE1|O2|O.co2     (d = 0.37 A)
2026-04-23 20:44:52,866 [ genlib ] [ INFO ] Checking atom 2HD1
2026-04-23 20:44:52,866 [ genlib ] [ INFO ] No partner found for atom 2HD1
2026-04-23 20:44:52,866 [ genlib ] [ INFO ] Checking atom 3HD1
2026-04-23 20:44:52,866 [ genlib ] [ INFO ] No partner found for atom 3HD1
2026-04-23 20:44:52,866 [ genlib ] [ INFO ] Checking atom 1HD2
2026-04-23 20:44:52,866 [ genlib ] [ INFO ] No partner found for atom 1HD2
2026-04-23 20:44:52,866 [ genlib ] [ INFO ] Checking atom 2HD2
2026-04-23 20:44:52,866 [ genlib ] [ INFO ] No partner found for atom 2HD2
2026-04-23 20:44:52,866 [ genlib ] [ INFO ] Checking atom 3HD2
2026-04-23 20:44:52,866 [ genlib ] [ INFO ] No partner found for atom 3HD2
2026-04-23 20:44:52,866 [ genlib ] [ INFO ] Searching order 5
2026-04-23 20:44:52,866 [ genlib ] [ INFO ] Searching order 6
2026-04-23 20:44:52,866 [ genlib ] [ INFO ] Searching order 7
2026-04-23 20:44:52,866 [ genlib ] [ INFO ] Searching branch 2
2026-04-23 20:44:52,866 [ genlib ] [ INFO ] Searching order 2
2026-04-23 20:44:52,866 [ genlib ] [ INFO ] Searching order 3
2026-04-23 20:44:52,866 [ genlib ] [ INFO ] Searching order 4
2026-04-23 20:44:52,866 [ genlib ] [ INFO ] Checking atom 2HD1
2026-04-23 20:44:52,866 [ genlib ] [ INFO ] No partner found for atom 2HD1
2026-04-23 20:44:52,866 [ genlib ] [ INFO ] Checking atom 3HD1
2026-04-23 20:44:52,866 [ genlib ] [ INFO ] No partner found for atom 3HD1
2026-04-23 20:44:52,866 [ genlib ] [ INFO ] Checking atom 1HD2
2026-04-23 20:44:52,866 [ genlib ] [ INFO ] No partner found for atom 1HD2
2026-04-23 20:44:52,866 [ genlib ] [ INFO ] Checking atom 2HD2
2026-04-23 20:44:52,866 [ genlib ] [ INFO ] No partner found for atom 2HD2
2026-04-23 20:44:52,866 [ genlib ] [ INFO ] Checking atom 3HD2
2026-04-23 20:44:52,866 [ genlib ] [ INFO ] No partner found for atom 3HD2
2026-04-23 20:44:52,866 [ genlib ] [ INFO ] Searching order 5
2026-04-23 20:44:52,866 [ genlib ] [ INFO ] Searching order 6
2026-04-23 20:44:52,866 [ genlib ] [ INFO ] Searching order 7
2026-04-23 20:44:52,868 [ genlib ] [ INFO ] Updating bond lists
2026-04-23 20:44:52,868 [ genlib ] [ INFO ] Updating dihedrals
2026-04-23 20:44:52,868 [ genlib ] [ INFO ] Updating impropers
2026-04-23 20:44:52,868 [ genlib ] [ INFO ] Building library files for LEU --> GLY mutant
2026-04-23 20:44:52,869 [ genlib ] [ INFO ] reading rtp file "aminoacids.rtp"
2026-04-23 20:44:52,905 [ genlib ] [ INFO ] ENTERED G
2026-04-23 20:44:52,905 [ genlib ] [ INFO ] Making atom pairs
2026-04-23 20:44:52,905 [ genlib ] [ INFO ] Updating bond lists
2026-04-23 20:44:52,905 [ genlib ] [ INFO ] Updating dihedrals
2026-04-23 20:44:52,905 [ genlib ] [ INFO ] Updating impropers
2026-04-23 20:44:52,906 [ genlib ] [ INFO ] Building library files for LEU --> HID mutant
2026-04-23 20:44:52,907 [ genlib ] [ INFO ] reading rtp file "aminoacids.rtp"
2026-04-23 20:44:52,942 [ genlib ] [ INFO ] ENTERED RINGS
2026-04-23 20:44:52,942 [ genlib ] [ INFO ] Making atom pairs
2026-04-23 20:44:52,945 [ genlib ] [ INFO ] Updating bond lists
2026-04-23 20:44:52,945 [ genlib ] [ INFO ] Updating dihedrals
2026-04-23 20:44:52,945 [ genlib ] [ INFO ] Updating impropers
2026-04-23 20:44:52,945 [ genlib ] [ INFO ] Building library files for LEU --> HIE mutant
2026-04-23 20:44:52,946 [ genlib ] [ INFO ] reading rtp file "aminoacids.rtp"
2026-04-23 20:44:52,981 [ genlib ] [ INFO ] ENTERED RINGS
2026-04-23 20:44:52,981 [ genlib ] [ INFO ] Making atom pairs
2026-04-23 20:44:52,984 [ genlib ] [ INFO ] Updating bond lists
2026-04-23 20:44:52,984 [ genlib ] [ INFO ] Updating dihedrals
2026-04-23 20:44:52,984 [ genlib ] [ INFO ] Updating impropers
2026-04-23 20:44:52,984 [ genlib ] [ INFO ] Building library files for LEU --> HIP mutant
2026-04-23 20:44:52,985 [ genlib ] [ INFO ] reading rtp file "aminoacids.rtp"
2026-04-23 20:44:53,020 [ genlib ] [ INFO ] ENTERED RINGS
2026-04-23 20:44:53,020 [ genlib ] [ INFO ] Making atom pairs
2026-04-23 20:44:53,023 [ genlib ] [ INFO ] Updating bond lists
2026-04-23 20:44:53,023 [ genlib ] [ INFO ] Updating dihedrals
2026-04-23 20:44:53,023 [ genlib ] [ INFO ] Updating impropers
2026-04-23 20:44:53,023 [ genlib ] [ INFO ] Building library files for LEU --> ILE mutant
2026-04-23 20:44:53,024 [ genlib ] [ INFO ] reading rtp file "aminoacids.rtp"
2026-04-23 20:44:53,061 [ genlib ] [ INFO ] ENTERED SIMPLE
2026-04-23 20:44:53,061 [ genlib ] [ INFO ] Making atom pairs
2026-04-23 20:44:53,061 [ genlib ] [ INFO ] Searching branch 1
2026-04-23 20:44:53,061 [ genlib ] [ INFO ] Searching order 2
2026-04-23 20:44:53,061 [ genlib ] [ INFO ] Checking atom 1HB
2026-04-23 20:44:53,061 [ genlib ] [ INFO ] Define atom pair: LEU|1HB|HC|H         - > ILE|HB|HC|H          (d = 0.12 A)
2026-04-23 20:44:53,061 [ genlib ] [ INFO ] Checking atom 2HB
2026-04-23 20:44:53,061 [ genlib ] [ INFO ] Define atom pair: LEU|2HB|HC|H         - > ILE|CG2|CT|C.3       (d = 0.46 A)
2026-04-23 20:44:53,061 [ genlib ] [ INFO ] Checking atom CG
2026-04-23 20:44:53,061 [ genlib ] [ INFO ] Define atom pair: LEU|CG|3C|C.3        - > ILE|CG1|2C|C.3       (d = 0.13 A)
2026-04-23 20:44:53,061 [ genlib ] [ INFO ] Searching order 3
2026-04-23 20:44:53,061 [ genlib ] [ INFO ] Checking atom HG
2026-04-23 20:44:53,061 [ genlib ] [ INFO ] Define atom pair: LEU|HG|HC|H          - > ILE|2HG1|HC|H        (d = 0.23 A)
2026-04-23 20:44:53,061 [ genlib ] [ INFO ] Checking atom CD1
2026-04-23 20:44:53,061 [ genlib ] [ INFO ] Define atom pair: LEU|CD1|CT|C.3       - > ILE|CD1|CT|C.3       (d = 0.19 A)
2026-04-23 20:44:53,061 [ genlib ] [ INFO ] Checking atom CD2
2026-04-23 20:44:53,061 [ genlib ] [ INFO ] Define atom pair: LEU|CD2|CT|C.3       - > ILE|1HG1|HC|H        (d = 0.40 A)
2026-04-23 20:44:53,061 [ genlib ] [ INFO ] Searching order 4
2026-04-23 20:44:53,061 [ genlib ] [ INFO ] Checking atom 1HD1
2026-04-23 20:44:53,061 [ genlib ] [ INFO ] Define atom pair: LEU|1HD1|HC|H        - > ILE|1HD1|HC|H        (d = 0.27 A)
2026-04-23 20:44:53,061 [ genlib ] [ INFO ] Checking atom 2HD1
2026-04-23 20:44:53,061 [ genlib ] [ INFO ] Define atom pair: LEU|2HD1|HC|H        - > ILE|2HD1|HC|H        (d = 0.24 A)
2026-04-23 20:44:53,061 [ genlib ] [ INFO ] Checking atom 3HD1
2026-04-23 20:44:53,061 [ genlib ] [ INFO ] Define atom pair: LEU|3HD1|HC|H        - > ILE|3HD1|HC|H        (d = 0.16 A)
2026-04-23 20:44:53,061 [ genlib ] [ INFO ] Checking atom 1HD2
2026-04-23 20:44:53,061 [ genlib ] [ INFO ] No partner found for atom 1HD2
2026-04-23 20:44:53,061 [ genlib ] [ INFO ] Checking atom 2HD2
2026-04-23 20:44:53,061 [ genlib ] [ INFO ] No partner found for atom 2HD2
2026-04-23 20:44:53,061 [ genlib ] [ INFO ] Checking atom 3HD2
2026-04-23 20:44:53,061 [ genlib ] [ INFO ] No partner found for atom 3HD2
2026-04-23 20:44:53,061 [ genlib ] [ INFO ] Searching order 5
2026-04-23 20:44:53,061 [ genlib ] [ INFO ] Searching order 6
2026-04-23 20:44:53,061 [ genlib ] [ INFO ] Searching order 7
2026-04-23 20:44:53,061 [ genlib ] [ INFO ] Searching branch 2
2026-04-23 20:44:53,061 [ genlib ] [ INFO ] Searching order 2
2026-04-23 20:44:53,061 [ genlib ] [ INFO ] Searching order 3
2026-04-23 20:44:53,061 [ genlib ] [ INFO ] Searching order 4
2026-04-23 20:44:53,061 [ genlib ] [ INFO ] Checking atom 1HD2
2026-04-23 20:44:53,061 [ genlib ] [ INFO ] No partner found for atom 1HD2
2026-04-23 20:44:53,061 [ genlib ] [ INFO ] Checking atom 2HD2
2026-04-23 20:44:53,061 [ genlib ] [ INFO ] No partner found for atom 2HD2
2026-04-23 20:44:53,061 [ genlib ] [ INFO ] Checking atom 3HD2
2026-04-23 20:44:53,061 [ genlib ] [ INFO ] No partner found for atom 3HD2
2026-04-23 20:44:53,061 [ genlib ] [ INFO ] Searching order 5
2026-04-23 20:44:53,061 [ genlib ] [ INFO ] Searching order 6
2026-04-23 20:44:53,061 [ genlib ] [ INFO ] Searching order 7
2026-04-23 20:44:53,063 [ genlib ] [ INFO ] Updating bond lists
2026-04-23 20:44:53,063 [ genlib ] [ INFO ] Updating dihedrals
2026-04-23 20:44:53,063 [ genlib ] [ INFO ] Updating impropers
2026-04-23 20:44:53,063 [ genlib ] [ INFO ] Building library files for LEU --> LYN mutant
2026-04-23 20:44:53,064 [ genlib ] [ INFO ] reading rtp file "aminoacids.rtp"
2026-04-23 20:44:53,101 [ genlib ] [ INFO ] ENTERED SIMPLE
2026-04-23 20:44:53,101 [ genlib ] [ INFO ] Making atom pairs
2026-04-23 20:44:53,101 [ genlib ] [ INFO ] Searching branch 1
2026-04-23 20:44:53,101 [ genlib ] [ INFO ] Searching order 2
2026-04-23 20:44:53,101 [ genlib ] [ INFO ] Checking atom 1HB
2026-04-23 20:44:53,101 [ genlib ] [ INFO ] Define atom pair: LEU|1HB|HC|H         - > LYN|1HB|HC|H         (d = 0.08 A)
2026-04-23 20:44:53,101 [ genlib ] [ INFO ] Checking atom 2HB
2026-04-23 20:44:53,101 [ genlib ] [ INFO ] Define atom pair: LEU|2HB|HC|H         - > LYN|2HB|HC|H         (d = 0.13 A)
2026-04-23 20:44:53,101 [ genlib ] [ INFO ] Checking atom CG
2026-04-23 20:44:53,101 [ genlib ] [ INFO ] Define atom pair: LEU|CG|3C|C.3        - > LYN|CG|CT|C.3        (d = 0.09 A)
2026-04-23 20:44:53,101 [ genlib ] [ INFO ] Searching order 3
2026-04-23 20:44:53,101 [ genlib ] [ INFO ] Checking atom HG
2026-04-23 20:44:53,101 [ genlib ] [ INFO ] Define atom pair: LEU|HG|HC|H          - > LYN|2HG|HC|H         (d = 0.20 A)
2026-04-23 20:44:53,101 [ genlib ] [ INFO ] Checking atom CD1
2026-04-23 20:44:53,101 [ genlib ] [ INFO ] Define atom pair: LEU|CD1|CT|C.3       - > LYN|CD|CT|C.3        (d = 0.11 A)
2026-04-23 20:44:53,101 [ genlib ] [ INFO ] Checking atom CD2
2026-04-23 20:44:53,101 [ genlib ] [ INFO ] Define atom pair: LEU|CD2|CT|C.3       - > LYN|1HG|HC|H         (d = 0.53 A)
2026-04-23 20:44:53,101 [ genlib ] [ INFO ] Searching order 4
2026-04-23 20:44:53,101 [ genlib ] [ INFO ] Checking atom 1HD1
2026-04-23 20:44:53,101 [ genlib ] [ INFO ] Define atom pair: LEU|1HD1|HC|H        - > LYN|CE|CT|C.3        (d = 0.49 A)
2026-04-23 20:44:53,101 [ genlib ] [ INFO ] Checking atom 2HD1
2026-04-23 20:44:53,101 [ genlib ] [ INFO ] Define atom pair: LEU|2HD1|HC|H        - > LYN|1HD|HC|H         (d = 0.21 A)
2026-04-23 20:44:53,101 [ genlib ] [ INFO ] Checking atom 3HD1
2026-04-23 20:44:53,101 [ genlib ] [ INFO ] Define atom pair: LEU|3HD1|HC|H        - > LYN|2HD|HC|H         (d = 0.19 A)
2026-04-23 20:44:53,101 [ genlib ] [ INFO ] Checking atom 1HD2
2026-04-23 20:44:53,101 [ genlib ] [ INFO ] No partner found for atom 1HD2
2026-04-23 20:44:53,101 [ genlib ] [ INFO ] Checking atom 2HD2
2026-04-23 20:44:53,101 [ genlib ] [ INFO ] No partner found for atom 2HD2
2026-04-23 20:44:53,101 [ genlib ] [ INFO ] Checking atom 3HD2
2026-04-23 20:44:53,101 [ genlib ] [ INFO ] No partner found for atom 3HD2
2026-04-23 20:44:53,101 [ genlib ] [ INFO ] Searching order 5
2026-04-23 20:44:53,101 [ genlib ] [ INFO ] Searching order 6
2026-04-23 20:44:53,101 [ genlib ] [ INFO ] Searching order 7
2026-04-23 20:44:53,101 [ genlib ] [ INFO ] Searching branch 2
2026-04-23 20:44:53,101 [ genlib ] [ INFO ] Searching order 2
2026-04-23 20:44:53,101 [ genlib ] [ INFO ] Searching order 3
2026-04-23 20:44:53,101 [ genlib ] [ INFO ] Searching order 4
2026-04-23 20:44:53,101 [ genlib ] [ INFO ] Checking atom 1HD2
2026-04-23 20:44:53,101 [ genlib ] [ INFO ] No partner found for atom 1HD2
2026-04-23 20:44:53,101 [ genlib ] [ INFO ] Checking atom 2HD2
2026-04-23 20:44:53,101 [ genlib ] [ INFO ] No partner found for atom 2HD2
2026-04-23 20:44:53,101 [ genlib ] [ INFO ] Checking atom 3HD2
2026-04-23 20:44:53,101 [ genlib ] [ INFO ] No partner found for atom 3HD2
2026-04-23 20:44:53,101 [ genlib ] [ INFO ] Searching order 5
2026-04-23 20:44:53,101 [ genlib ] [ INFO ] Searching order 6
2026-04-23 20:44:53,101 [ genlib ] [ INFO ] Searching order 7
2026-04-23 20:44:53,105 [ genlib ] [ INFO ] Updating bond lists
2026-04-23 20:44:53,105 [ genlib ] [ INFO ] Updating dihedrals
2026-04-23 20:44:53,105 [ genlib ] [ INFO ] Updating impropers
2026-04-23 20:44:53,105 [ genlib ] [ INFO ] Building library files for LEU --> LYS mutant
2026-04-23 20:44:53,106 [ genlib ] [ INFO ] reading rtp file "aminoacids.rtp"
2026-04-23 20:44:53,143 [ genlib ] [ INFO ] ENTERED SIMPLE
2026-04-23 20:44:53,143 [ genlib ] [ INFO ] Making atom pairs
2026-04-23 20:44:53,143 [ genlib ] [ INFO ] Searching branch 1
2026-04-23 20:44:53,143 [ genlib ] [ INFO ] Searching order 2
2026-04-23 20:44:53,143 [ genlib ] [ INFO ] Checking atom 1HB
2026-04-23 20:44:53,143 [ genlib ] [ INFO ] Define atom pair: LEU|1HB|HC|H         - > LYS|1HB|HC|H         (d = 0.09 A)
2026-04-23 20:44:53,143 [ genlib ] [ INFO ] Checking atom 2HB
2026-04-23 20:44:53,143 [ genlib ] [ INFO ] Define atom pair: LEU|2HB|HC|H         - > LYS|2HB|HC|H         (d = 0.09 A)
2026-04-23 20:44:53,143 [ genlib ] [ INFO ] Checking atom CG
2026-04-23 20:44:53,143 [ genlib ] [ INFO ] Define atom pair: LEU|CG|3C|C.3        - > LYS|CG|C8|C.3        (d = 0.09 A)
2026-04-23 20:44:53,143 [ genlib ] [ INFO ] Searching order 3
2026-04-23 20:44:53,143 [ genlib ] [ INFO ] Checking atom HG
2026-04-23 20:44:53,143 [ genlib ] [ INFO ] Define atom pair: LEU|HG|HC|H          - > LYS|2HG|HC|H         (d = 0.23 A)
2026-04-23 20:44:53,143 [ genlib ] [ INFO ] Checking atom CD1
2026-04-23 20:44:53,143 [ genlib ] [ INFO ] Define atom pair: LEU|CD1|CT|C.3       - > LYS|CD|C8|C.3        (d = 0.14 A)
2026-04-23 20:44:53,143 [ genlib ] [ INFO ] Checking atom CD2
2026-04-23 20:44:53,143 [ genlib ] [ INFO ] Define atom pair: LEU|CD2|CT|C.3       - > LYS|1HG|HC|H         (d = 0.44 A)
2026-04-23 20:44:53,143 [ genlib ] [ INFO ] Searching order 4
2026-04-23 20:44:53,143 [ genlib ] [ INFO ] Checking atom 1HD1
2026-04-23 20:44:53,143 [ genlib ] [ INFO ] Define atom pair: LEU|1HD1|HC|H        - > LYS|CE|C8|C.3        (d = 0.52 A)
2026-04-23 20:44:53,143 [ genlib ] [ INFO ] Checking atom 2HD1
2026-04-23 20:44:53,143 [ genlib ] [ INFO ] Define atom pair: LEU|2HD1|HC|H        - > LYS|1HD|HC|H         (d = 0.16 A)
2026-04-23 20:44:53,143 [ genlib ] [ INFO ] Checking atom 3HD1
2026-04-23 20:44:53,143 [ genlib ] [ INFO ] Define atom pair: LEU|3HD1|HC|H        - > LYS|2HD|HC|H         (d = 0.12 A)
2026-04-23 20:44:53,143 [ genlib ] [ INFO ] Checking atom 1HD2
2026-04-23 20:44:53,143 [ genlib ] [ INFO ] No partner found for atom 1HD2
2026-04-23 20:44:53,143 [ genlib ] [ INFO ] Checking atom 2HD2
2026-04-23 20:44:53,143 [ genlib ] [ INFO ] No partner found for atom 2HD2
2026-04-23 20:44:53,143 [ genlib ] [ INFO ] Checking atom 3HD2
2026-04-23 20:44:53,143 [ genlib ] [ INFO ] No partner found for atom 3HD2
2026-04-23 20:44:53,143 [ genlib ] [ INFO ] Searching order 5
2026-04-23 20:44:53,143 [ genlib ] [ INFO ] Searching order 6
2026-04-23 20:44:53,143 [ genlib ] [ INFO ] Searching order 7
2026-04-23 20:44:53,143 [ genlib ] [ INFO ] Searching branch 2
2026-04-23 20:44:53,143 [ genlib ] [ INFO ] Searching order 2
2026-04-23 20:44:53,143 [ genlib ] [ INFO ] Searching order 3
2026-04-23 20:44:53,143 [ genlib ] [ INFO ] Searching order 4
2026-04-23 20:44:53,143 [ genlib ] [ INFO ] Checking atom 1HD2
2026-04-23 20:44:53,143 [ genlib ] [ INFO ] No partner found for atom 1HD2
2026-04-23 20:44:53,143 [ genlib ] [ INFO ] Checking atom 2HD2
2026-04-23 20:44:53,143 [ genlib ] [ INFO ] No partner found for atom 2HD2
2026-04-23 20:44:53,143 [ genlib ] [ INFO ] Checking atom 3HD2
2026-04-23 20:44:53,143 [ genlib ] [ INFO ] No partner found for atom 3HD2
2026-04-23 20:44:53,143 [ genlib ] [ INFO ] Searching order 5
2026-04-23 20:44:53,143 [ genlib ] [ INFO ] Searching order 6
2026-04-23 20:44:53,143 [ genlib ] [ INFO ] Searching order 7
2026-04-23 20:44:53,146 [ genlib ] [ INFO ] Updating bond lists
2026-04-23 20:44:53,146 [ genlib ] [ INFO ] Updating dihedrals
2026-04-23 20:44:53,146 [ genlib ] [ INFO ] Updating impropers
2026-04-23 20:44:53,147 [ genlib ] [ INFO ] Building library files for LEU --> MET mutant
2026-04-23 20:44:53,147 [ genlib ] [ INFO ] reading rtp file "aminoacids.rtp"
2026-04-23 20:44:53,183 [ genlib ] [ INFO ] ENTERED SIMPLE
2026-04-23 20:44:53,183 [ genlib ] [ INFO ] Making atom pairs
2026-04-23 20:44:53,183 [ genlib ] [ INFO ] Searching branch 1
2026-04-23 20:44:53,183 [ genlib ] [ INFO ] Searching order 2
2026-04-23 20:44:53,183 [ genlib ] [ INFO ] Checking atom 1HB
2026-04-23 20:44:53,183 [ genlib ] [ INFO ] Define atom pair: LEU|1HB|HC|H         - > MET|1HB|HC|H         (d = 0.03 A)
2026-04-23 20:44:53,183 [ genlib ] [ INFO ] Checking atom 2HB
2026-04-23 20:44:53,183 [ genlib ] [ INFO ] Define atom pair: LEU|2HB|HC|H         - > MET|2HB|HC|H         (d = 0.02 A)
2026-04-23 20:44:53,183 [ genlib ] [ INFO ] Checking atom CG
2026-04-23 20:44:53,183 [ genlib ] [ INFO ] Define atom pair: LEU|CG|3C|C.3        - > MET|CG|2C|C.3        (d = 0.09 A)
2026-04-23 20:44:53,184 [ genlib ] [ INFO ] Searching order 3
2026-04-23 20:44:53,184 [ genlib ] [ INFO ] Checking atom HG
2026-04-23 20:44:53,184 [ genlib ] [ INFO ] Define atom pair: LEU|HG|HC|H          - > MET|2HG|H1|H         (d = 0.17 A)
2026-04-23 20:44:53,184 [ genlib ] [ INFO ] Checking atom CD1
2026-04-23 20:44:53,184 [ genlib ] [ INFO ] Define atom pair: LEU|CD1|CT|C.3       - > MET|SD|S|S.3         (d = 0.30 A)
2026-04-23 20:44:53,184 [ genlib ] [ INFO ] Checking atom CD2
2026-04-23 20:44:53,184 [ genlib ] [ INFO ] Define atom pair: LEU|CD2|CT|C.3       - > MET|1HG|H1|H         (d = 0.44 A)
2026-04-23 20:44:53,184 [ genlib ] [ INFO ] Searching order 4
2026-04-23 20:44:53,184 [ genlib ] [ INFO ] Checking atom 1HD1
2026-04-23 20:44:53,184 [ genlib ] [ INFO ] No partner found for atom 1HD1
2026-04-23 20:44:53,184 [ genlib ] [ INFO ] Checking atom 2HD1
2026-04-23 20:44:53,184 [ genlib ] [ INFO ] No partner found for atom 2HD1
2026-04-23 20:44:53,184 [ genlib ] [ INFO ] Checking atom 3HD1
2026-04-23 20:44:53,184 [ genlib ] [ INFO ] No partner found for atom 3HD1
2026-04-23 20:44:53,184 [ genlib ] [ INFO ] Checking atom 1HD2
2026-04-23 20:44:53,184 [ genlib ] [ INFO ] No partner found for atom 1HD2
2026-04-23 20:44:53,184 [ genlib ] [ INFO ] Checking atom 2HD2
2026-04-23 20:44:53,184 [ genlib ] [ INFO ] No partner found for atom 2HD2
2026-04-23 20:44:53,184 [ genlib ] [ INFO ] Checking atom 3HD2
2026-04-23 20:44:53,184 [ genlib ] [ INFO ] No partner found for atom 3HD2
2026-04-23 20:44:53,184 [ genlib ] [ INFO ] Searching order 5
2026-04-23 20:44:53,184 [ genlib ] [ INFO ] Searching order 6
2026-04-23 20:44:53,184 [ genlib ] [ INFO ] Searching order 7
2026-04-23 20:44:53,184 [ genlib ] [ INFO ] Searching branch 2
2026-04-23 20:44:53,184 [ genlib ] [ INFO ] Searching order 2
2026-04-23 20:44:53,184 [ genlib ] [ INFO ] Searching order 3
2026-04-23 20:44:53,184 [ genlib ] [ INFO ] Searching order 4
2026-04-23 20:44:53,184 [ genlib ] [ INFO ] Checking atom 1HD1
2026-04-23 20:44:53,184 [ genlib ] [ INFO ] No partner found for atom 1HD1
2026-04-23 20:44:53,184 [ genlib ] [ INFO ] Checking atom 2HD1
2026-04-23 20:44:53,184 [ genlib ] [ INFO ] No partner found for atom 2HD1
2026-04-23 20:44:53,184 [ genlib ] [ INFO ] Checking atom 3HD1
2026-04-23 20:44:53,184 [ genlib ] [ INFO ] No partner found for atom 3HD1
2026-04-23 20:44:53,184 [ genlib ] [ INFO ] Checking atom 1HD2
2026-04-23 20:44:53,184 [ genlib ] [ INFO ] No partner found for atom 1HD2
2026-04-23 20:44:53,184 [ genlib ] [ INFO ] Checking atom 2HD2
2026-04-23 20:44:53,184 [ genlib ] [ INFO ] No partner found for atom 2HD2
2026-04-23 20:44:53,184 [ genlib ] [ INFO ] Checking atom 3HD2
2026-04-23 20:44:53,184 [ genlib ] [ INFO ] No partner found for atom 3HD2
2026-04-23 20:44:53,184 [ genlib ] [ INFO ] Searching order 5
2026-04-23 20:44:53,184 [ genlib ] [ INFO ] Searching order 6
2026-04-23 20:44:53,184 [ genlib ] [ INFO ] Searching order 7
2026-04-23 20:44:53,186 [ genlib ] [ INFO ] Updating bond lists
2026-04-23 20:44:53,186 [ genlib ] [ INFO ] Updating dihedrals
2026-04-23 20:44:53,186 [ genlib ] [ INFO ] Updating impropers
2026-04-23 20:44:53,186 [ genlib ] [ INFO ] Building library files for LEU --> PHE mutant
2026-04-23 20:44:53,187 [ genlib ] [ INFO ] reading rtp file "aminoacids.rtp"
2026-04-23 20:44:53,223 [ genlib ] [ INFO ] ENTERED RINGS
2026-04-23 20:44:53,224 [ genlib ] [ INFO ] Making atom pairs
2026-04-23 20:44:53,228 [ genlib ] [ INFO ] Updating bond lists
2026-04-23 20:44:53,228 [ genlib ] [ INFO ] Updating dihedrals
2026-04-23 20:44:53,228 [ genlib ] [ INFO ] Updating impropers
2026-04-23 20:44:53,229 [ genlib ] [ INFO ] Building library files for LEU --> PRO mutant
2026-04-23 20:44:53,230 [ genlib ] [ INFO ] reading rtp file "aminoacids.rtp"
2026-04-23 20:44:53,266 [ genlib ] [ INFO ] ENTERED P
2026-04-23 20:44:53,266 [ genlib ] [ INFO ] Making atom pairs
2026-04-23 20:44:53,269 [ genlib ] [ INFO ] Updating bond lists
2026-04-23 20:44:53,269 [ genlib ] [ INFO ] Updating dihedrals
2026-04-23 20:44:53,269 [ genlib ] [ INFO ] Updating impropers
2026-04-23 20:44:53,269 [ genlib ] [ INFO ] Building library files for LEU --> SER mutant
2026-04-23 20:44:53,270 [ genlib ] [ INFO ] reading rtp file "aminoacids.rtp"
2026-04-23 20:44:53,305 [ genlib ] [ INFO ] ENTERED SIMPLE
2026-04-23 20:44:53,305 [ genlib ] [ INFO ] Making atom pairs
2026-04-23 20:44:53,305 [ genlib ] [ INFO ] Searching branch 1
2026-04-23 20:44:53,305 [ genlib ] [ INFO ] Searching order 2
2026-04-23 20:44:53,305 [ genlib ] [ INFO ] Checking atom 1HB
2026-04-23 20:44:53,305 [ genlib ] [ INFO ] Define atom pair: LEU|1HB|HC|H         - > SER|1HB|H1|H         (d = 0.13 A)
2026-04-23 20:44:53,305 [ genlib ] [ INFO ] Checking atom 2HB
2026-04-23 20:44:53,305 [ genlib ] [ INFO ] Define atom pair: LEU|2HB|HC|H         - > SER|2HB|H1|H         (d = 0.11 A)
2026-04-23 20:44:53,305 [ genlib ] [ INFO ] Checking atom CG
2026-04-23 20:44:53,305 [ genlib ] [ INFO ] Define atom pair: LEU|CG|3C|C.3        - > SER|OG|OH|O.3        (d = 0.19 A)
2026-04-23 20:44:53,305 [ genlib ] [ INFO ] Searching order 3
2026-04-23 20:44:53,305 [ genlib ] [ INFO ] Checking atom HG
2026-04-23 20:44:53,305 [ genlib ] [ INFO ] No partner found for atom HG
2026-04-23 20:44:53,305 [ genlib ] [ INFO ] Checking atom CD1
2026-04-23 20:44:53,305 [ genlib ] [ INFO ] No partner found for atom CD1
2026-04-23 20:44:53,305 [ genlib ] [ INFO ] Checking atom CD2
2026-04-23 20:44:53,305 [ genlib ] [ INFO ] No partner found for atom CD2
2026-04-23 20:44:53,305 [ genlib ] [ INFO ] Searching order 4
2026-04-23 20:44:53,305 [ genlib ] [ INFO ] Searching order 5
2026-04-23 20:44:53,305 [ genlib ] [ INFO ] Searching order 6
2026-04-23 20:44:53,305 [ genlib ] [ INFO ] Searching order 7
2026-04-23 20:44:53,305 [ genlib ] [ INFO ] Searching branch 2
2026-04-23 20:44:53,305 [ genlib ] [ INFO ] Searching order 2
2026-04-23 20:44:53,305 [ genlib ] [ INFO ] Searching order 3
2026-04-23 20:44:53,305 [ genlib ] [ INFO ] Checking atom HG
2026-04-23 20:44:53,305 [ genlib ] [ INFO ] No partner found for atom HG
2026-04-23 20:44:53,305 [ genlib ] [ INFO ] Checking atom CD1
2026-04-23 20:44:53,305 [ genlib ] [ INFO ] No partner found for atom CD1
2026-04-23 20:44:53,305 [ genlib ] [ INFO ] Checking atom CD2
2026-04-23 20:44:53,305 [ genlib ] [ INFO ] No partner found for atom CD2
2026-04-23 20:44:53,305 [ genlib ] [ INFO ] Searching order 4
2026-04-23 20:44:53,305 [ genlib ] [ INFO ] Searching order 5
2026-04-23 20:44:53,305 [ genlib ] [ INFO ] Searching order 6
2026-04-23 20:44:53,305 [ genlib ] [ INFO ] Searching order 7
2026-04-23 20:44:53,306 [ genlib ] [ INFO ] Updating bond lists
2026-04-23 20:44:53,306 [ genlib ] [ INFO ] Updating dihedrals
2026-04-23 20:44:53,306 [ genlib ] [ INFO ] Updating impropers
2026-04-23 20:44:53,307 [ genlib ] [ INFO ] Building library files for LEU --> THR mutant
2026-04-23 20:44:53,307 [ genlib ] [ INFO ] reading rtp file "aminoacids.rtp"
2026-04-23 20:44:53,343 [ genlib ] [ INFO ] ENTERED SIMPLE
2026-04-23 20:44:53,343 [ genlib ] [ INFO ] Making atom pairs
2026-04-23 20:44:53,343 [ genlib ] [ INFO ] Searching branch 1
2026-04-23 20:44:53,343 [ genlib ] [ INFO ] Searching order 2
2026-04-23 20:44:53,343 [ genlib ] [ INFO ] Checking atom 1HB
2026-04-23 20:44:53,343 [ genlib ] [ INFO ] Define atom pair: LEU|1HB|HC|H         - > THR|HB|H1|H          (d = 0.12 A)
2026-04-23 20:44:53,343 [ genlib ] [ INFO ] Checking atom 2HB
2026-04-23 20:44:53,343 [ genlib ] [ INFO ] Define atom pair: LEU|2HB|HC|H         - > THR|CG2|CT|C.3       (d = 0.45 A)
2026-04-23 20:44:53,343 [ genlib ] [ INFO ] Checking atom CG
2026-04-23 20:44:53,343 [ genlib ] [ INFO ] Define atom pair: LEU|CG|3C|C.3        - > THR|OG1|OH|O.3       (d = 0.26 A)
2026-04-23 20:44:53,343 [ genlib ] [ INFO ] Searching order 3
2026-04-23 20:44:53,343 [ genlib ] [ INFO ] Checking atom HG
2026-04-23 20:44:53,343 [ genlib ] [ INFO ] No partner found for atom HG
2026-04-23 20:44:53,343 [ genlib ] [ INFO ] Checking atom CD1
2026-04-23 20:44:53,343 [ genlib ] [ INFO ] No partner found for atom CD1
2026-04-23 20:44:53,343 [ genlib ] [ INFO ] Checking atom CD2
2026-04-23 20:44:53,343 [ genlib ] [ INFO ] No partner found for atom CD2
2026-04-23 20:44:53,343 [ genlib ] [ INFO ] Searching order 4
2026-04-23 20:44:53,344 [ genlib ] [ INFO ] Searching order 5
2026-04-23 20:44:53,344 [ genlib ] [ INFO ] Searching order 6
2026-04-23 20:44:53,344 [ genlib ] [ INFO ] Searching order 7
2026-04-23 20:44:53,344 [ genlib ] [ INFO ] Searching branch 2
2026-04-23 20:44:53,344 [ genlib ] [ INFO ] Searching order 2
2026-04-23 20:44:53,344 [ genlib ] [ INFO ] Searching order 3
2026-04-23 20:44:53,344 [ genlib ] [ INFO ] Checking atom HG
2026-04-23 20:44:53,344 [ genlib ] [ INFO ] No partner found for atom HG
2026-04-23 20:44:53,344 [ genlib ] [ INFO ] Checking atom CD1
2026-04-23 20:44:53,344 [ genlib ] [ INFO ] No partner found for atom CD1
2026-04-23 20:44:53,344 [ genlib ] [ INFO ] Checking atom CD2
2026-04-23 20:44:53,344 [ genlib ] [ INFO ] No partner found for atom CD2
2026-04-23 20:44:53,344 [ genlib ] [ INFO ] Searching order 4
2026-04-23 20:44:53,344 [ genlib ] [ INFO ] Searching order 5
2026-04-23 20:44:53,344 [ genlib ] [ INFO ] Searching order 6
2026-04-23 20:44:53,344 [ genlib ] [ INFO ] Searching order 7
2026-04-23 20:44:53,345 [ genlib ] [ INFO ] Updating bond lists
2026-04-23 20:44:53,345 [ genlib ] [ INFO ] Updating dihedrals
2026-04-23 20:44:53,345 [ genlib ] [ INFO ] Updating impropers
2026-04-23 20:44:53,346 [ genlib ] [ INFO ] Building library files for LEU --> TRP mutant
2026-04-23 20:44:53,346 [ genlib ] [ INFO ] reading rtp file "aminoacids.rtp"
2026-04-23 20:44:53,381 [ genlib ] [ INFO ] ENTERED RINGS
2026-04-23 20:44:53,381 [ genlib ] [ INFO ] Making atom pairs
2026-04-23 20:44:53,387 [ genlib ] [ INFO ] Updating bond lists
2026-04-23 20:44:53,388 [ genlib ] [ INFO ] Updating dihedrals
2026-04-23 20:44:53,388 [ genlib ] [ INFO ] Updating impropers
2026-04-23 20:44:53,388 [ genlib ] [ INFO ] Building library files for LEU --> TYR mutant
2026-04-23 20:44:53,389 [ genlib ] [ INFO ] reading rtp file "aminoacids.rtp"
2026-04-23 20:44:53,424 [ genlib ] [ INFO ] ENTERED RINGS
2026-04-23 20:44:53,424 [ genlib ] [ INFO ] Making atom pairs
2026-04-23 20:44:53,428 [ genlib ] [ INFO ] Updating bond lists
2026-04-23 20:44:53,429 [ genlib ] [ INFO ] Updating dihedrals
2026-04-23 20:44:53,429 [ genlib ] [ INFO ] Updating impropers
2026-04-23 20:44:53,429 [ genlib ] [ INFO ] Building library files for LEU --> VAL mutant
2026-04-23 20:44:53,430 [ genlib ] [ INFO ] reading rtp file "aminoacids.rtp"
2026-04-23 20:44:53,464 [ genlib ] [ INFO ] ENTERED SIMPLE
2026-04-23 20:44:53,464 [ genlib ] [ INFO ] Making atom pairs
2026-04-23 20:44:53,464 [ genlib ] [ INFO ] Searching branch 1
2026-04-23 20:44:53,464 [ genlib ] [ INFO ] Searching order 2
2026-04-23 20:44:53,464 [ genlib ] [ INFO ] Checking atom 1HB
2026-04-23 20:44:53,464 [ genlib ] [ INFO ] Define atom pair: LEU|1HB|HC|H         - > VAL|HB|HC|H          (d = 0.21 A)
2026-04-23 20:44:53,464 [ genlib ] [ INFO ] Checking atom 2HB
2026-04-23 20:44:53,464 [ genlib ] [ INFO ] Define atom pair: LEU|2HB|HC|H         - > VAL|CG1|CT|C.3       (d = 0.43 A)
2026-04-23 20:44:53,464 [ genlib ] [ INFO ] Checking atom CG
2026-04-23 20:44:53,465 [ genlib ] [ INFO ] Define atom pair: LEU|CG|3C|C.3        - > VAL|CG2|CT|C.3       (d = 0.24 A)
2026-04-23 20:44:53,465 [ genlib ] [ INFO ] Searching order 3
2026-04-23 20:44:53,465 [ genlib ] [ INFO ] Checking atom HG
2026-04-23 20:44:53,465 [ genlib ] [ INFO ] Define atom pair: LEU|HG|HC|H          - > VAL|3HG2|HC|H        (d = 0.42 A)
2026-04-23 20:44:53,465 [ genlib ] [ INFO ] Checking atom CD1
2026-04-23 20:44:53,465 [ genlib ] [ INFO ] Define atom pair: LEU|CD1|CT|C.3       - > VAL|1HG2|HC|H        (d = 0.49 A)
2026-04-23 20:44:53,465 [ genlib ] [ INFO ] Checking atom CD2
2026-04-23 20:44:53,465 [ genlib ] [ INFO ] Define atom pair: LEU|CD2|CT|C.3       - > VAL|2HG2|HC|H        (d = 0.42 A)
2026-04-23 20:44:53,465 [ genlib ] [ INFO ] Searching order 4
2026-04-23 20:44:53,465 [ genlib ] [ INFO ] Checking atom 1HD1
2026-04-23 20:44:53,465 [ genlib ] [ INFO ] No partner found for atom 1HD1
2026-04-23 20:44:53,465 [ genlib ] [ INFO ] Checking atom 2HD1
2026-04-23 20:44:53,465 [ genlib ] [ INFO ] No partner found for atom 2HD1
2026-04-23 20:44:53,465 [ genlib ] [ INFO ] Checking atom 3HD1
2026-04-23 20:44:53,465 [ genlib ] [ INFO ] No partner found for atom 3HD1
2026-04-23 20:44:53,465 [ genlib ] [ INFO ] Checking atom 1HD2
2026-04-23 20:44:53,465 [ genlib ] [ INFO ] No partner found for atom 1HD2
2026-04-23 20:44:53,465 [ genlib ] [ INFO ] Checking atom 2HD2
2026-04-23 20:44:53,465 [ genlib ] [ INFO ] No partner found for atom 2HD2
2026-04-23 20:44:53,465 [ genlib ] [ INFO ] Checking atom 3HD2
2026-04-23 20:44:53,465 [ genlib ] [ INFO ] No partner found for atom 3HD2
2026-04-23 20:44:53,465 [ genlib ] [ INFO ] Searching order 5
2026-04-23 20:44:53,465 [ genlib ] [ INFO ] Searching order 6
2026-04-23 20:44:53,465 [ genlib ] [ INFO ] Searching order 7
2026-04-23 20:44:53,465 [ genlib ] [ INFO ] Searching branch 2
2026-04-23 20:44:53,465 [ genlib ] [ INFO ] Searching order 2
2026-04-23 20:44:53,465 [ genlib ] [ INFO ] Searching order 3
2026-04-23 20:44:53,465 [ genlib ] [ INFO ] Searching order 4
2026-04-23 20:44:53,465 [ genlib ] [ INFO ] Checking atom 1HD1
2026-04-23 20:44:53,465 [ genlib ] [ INFO ] No partner found for atom 1HD1
2026-04-23 20:44:53,465 [ genlib ] [ INFO ] Checking atom 2HD1
2026-04-23 20:44:53,465 [ genlib ] [ INFO ] No partner found for atom 2HD1
2026-04-23 20:44:53,465 [ genlib ] [ INFO ] Checking atom 3HD1
2026-04-23 20:44:53,465 [ genlib ] [ INFO ] No partner found for atom 3HD1
2026-04-23 20:44:53,465 [ genlib ] [ INFO ] Checking atom 1HD2
2026-04-23 20:44:53,465 [ genlib ] [ INFO ] No partner found for atom 1HD2
2026-04-23 20:44:53,465 [ genlib ] [ INFO ] Checking atom 2HD2
2026-04-23 20:44:53,465 [ genlib ] [ INFO ] No partner found for atom 2HD2
2026-04-23 20:44:53,465 [ genlib ] [ INFO ] Checking atom 3HD2
2026-04-23 20:44:53,465 [ genlib ] [ INFO ] No partner found for atom 3HD2
2026-04-23 20:44:53,465 [ genlib ] [ INFO ] Searching order 5
2026-04-23 20:44:53,465 [ genlib ] [ INFO ] Searching order 6
2026-04-23 20:44:53,465 [ genlib ] [ INFO ] Searching order 7
2026-04-23 20:44:53,466 [ genlib ] [ INFO ] Updating bond lists
2026-04-23 20:44:53,466 [ genlib ] [ INFO ] Updating dihedrals
2026-04-23 20:44:53,466 [ genlib ] [ INFO ] Updating impropers
2026-04-23 20:44:53,467 [ genlib ] [ INFO ] Building library files for LYN --> ALA mutant
2026-04-23 20:44:53,467 [ genlib ] [ INFO ] reading rtp file "aminoacids.rtp"
2026-04-23 20:44:53,502 [ genlib ] [ INFO ] ENTERED SIMPLE
2026-04-23 20:44:53,503 [ genlib ] [ INFO ] Making atom pairs
2026-04-23 20:44:53,503 [ genlib ] [ INFO ] Searching branch 1
2026-04-23 20:44:53,503 [ genlib ] [ INFO ] Searching order 2
2026-04-23 20:44:53,503 [ genlib ] [ INFO ] Checking atom 1HB
2026-04-23 20:44:53,503 [ genlib ] [ INFO ] Define atom pair: LYN|1HB|HC|H         - > ALA|2HB|HC|H         (d = 0.09 A)
2026-04-23 20:44:53,503 [ genlib ] [ INFO ] Checking atom 2HB
2026-04-23 20:44:53,503 [ genlib ] [ INFO ] Define atom pair: LYN|2HB|HC|H         - > ALA|3HB|HC|H         (d = 0.10 A)
2026-04-23 20:44:53,503 [ genlib ] [ INFO ] Checking atom CG
2026-04-23 20:44:53,503 [ genlib ] [ INFO ] Define atom pair: LYN|CG|CT|C.3        - > ALA|1HB|HC|H         (d = 0.47 A)
2026-04-23 20:44:53,503 [ genlib ] [ INFO ] Searching order 3
2026-04-23 20:44:53,503 [ genlib ] [ INFO ] Checking atom 1HG
2026-04-23 20:44:53,503 [ genlib ] [ INFO ] No partner found for atom 1HG
2026-04-23 20:44:53,503 [ genlib ] [ INFO ] Checking atom 2HG
2026-04-23 20:44:53,503 [ genlib ] [ INFO ] No partner found for atom 2HG
2026-04-23 20:44:53,503 [ genlib ] [ INFO ] Checking atom CD
2026-04-23 20:44:53,503 [ genlib ] [ INFO ] No partner found for atom CD
2026-04-23 20:44:53,503 [ genlib ] [ INFO ] Searching order 4
2026-04-23 20:44:53,503 [ genlib ] [ INFO ] Searching order 5
2026-04-23 20:44:53,503 [ genlib ] [ INFO ] Searching order 6
2026-04-23 20:44:53,503 [ genlib ] [ INFO ] Searching order 7
2026-04-23 20:44:53,503 [ genlib ] [ INFO ] Searching branch 2
2026-04-23 20:44:53,503 [ genlib ] [ INFO ] Searching order 2
2026-04-23 20:44:53,503 [ genlib ] [ INFO ] Searching order 3
2026-04-23 20:44:53,503 [ genlib ] [ INFO ] Checking atom 1HG
2026-04-23 20:44:53,503 [ genlib ] [ INFO ] No partner found for atom 1HG
2026-04-23 20:44:53,503 [ genlib ] [ INFO ] Checking atom 2HG
2026-04-23 20:44:53,503 [ genlib ] [ INFO ] No partner found for atom 2HG
2026-04-23 20:44:53,503 [ genlib ] [ INFO ] Checking atom CD
2026-04-23 20:44:53,503 [ genlib ] [ INFO ] No partner found for atom CD
2026-04-23 20:44:53,503 [ genlib ] [ INFO ] Searching order 4
2026-04-23 20:44:53,503 [ genlib ] [ INFO ] Searching order 5
2026-04-23 20:44:53,503 [ genlib ] [ INFO ] Searching order 6
2026-04-23 20:44:53,503 [ genlib ] [ INFO ] Searching order 7
2026-04-23 20:44:53,503 [ genlib ] [ INFO ] Updating bond lists
2026-04-23 20:44:53,503 [ genlib ] [ INFO ] Updating dihedrals
2026-04-23 20:44:53,503 [ genlib ] [ INFO ] Updating impropers
2026-04-23 20:44:53,504 [ genlib ] [ INFO ] Building library files for LYN --> ARG mutant
2026-04-23 20:44:53,505 [ genlib ] [ INFO ] reading rtp file "aminoacids.rtp"
2026-04-23 20:44:53,540 [ genlib ] [ INFO ] ENTERED SIMPLE
2026-04-23 20:44:53,540 [ genlib ] [ INFO ] Making atom pairs
2026-04-23 20:44:53,540 [ genlib ] [ INFO ] Searching branch 1
2026-04-23 20:44:53,540 [ genlib ] [ INFO ] Searching order 2
2026-04-23 20:44:53,540 [ genlib ] [ INFO ] Checking atom 1HB
2026-04-23 20:44:53,540 [ genlib ] [ INFO ] Define atom pair: LYN|1HB|HC|H         - > ARG|1HB|HC|H         (d = 0.09 A)
2026-04-23 20:44:53,540 [ genlib ] [ INFO ] Checking atom 2HB
2026-04-23 20:44:53,540 [ genlib ] [ INFO ] Define atom pair: LYN|2HB|HC|H         - > ARG|2HB|HC|H         (d = 0.11 A)
2026-04-23 20:44:53,540 [ genlib ] [ INFO ] Checking atom CG
2026-04-23 20:44:53,540 [ genlib ] [ INFO ] Define atom pair: LYN|CG|CT|C.3        - > ARG|CG|C8|C.3        (d = 0.01 A)
2026-04-23 20:44:53,540 [ genlib ] [ INFO ] Searching order 3
2026-04-23 20:44:53,540 [ genlib ] [ INFO ] Checking atom 1HG
2026-04-23 20:44:53,540 [ genlib ] [ INFO ] Define atom pair: LYN|1HG|HC|H         - > ARG|1HG|HC|H         (d = 0.11 A)
2026-04-23 20:44:53,540 [ genlib ] [ INFO ] Checking atom 2HG
2026-04-23 20:44:53,540 [ genlib ] [ INFO ] Define atom pair: LYN|2HG|HC|H         - > ARG|2HG|HC|H         (d = 0.09 A)
2026-04-23 20:44:53,540 [ genlib ] [ INFO ] Checking atom CD
2026-04-23 20:44:53,540 [ genlib ] [ INFO ] Define atom pair: LYN|CD|CT|C.3        - > ARG|CD|C8|C.3        (d = 0.02 A)
2026-04-23 20:44:53,540 [ genlib ] [ INFO ] Searching order 4
2026-04-23 20:44:53,540 [ genlib ] [ INFO ] Checking atom 1HD
2026-04-23 20:44:53,540 [ genlib ] [ INFO ] Define atom pair: LYN|1HD|HC|H         - > ARG|1HD|H1|H         (d = 0.08 A)
2026-04-23 20:44:53,541 [ genlib ] [ INFO ] Checking atom 2HD
2026-04-23 20:44:53,541 [ genlib ] [ INFO ] Define atom pair: LYN|2HD|HC|H         - > ARG|2HD|H1|H         (d = 0.08 A)
2026-04-23 20:44:53,541 [ genlib ] [ INFO ] Checking atom CE
2026-04-23 20:44:53,541 [ genlib ] [ INFO ] Define atom pair: LYN|CE|CT|C.3        - > ARG|NE|N2|N.pl3      (d = 0.07 A)
2026-04-23 20:44:53,541 [ genlib ] [ INFO ] Searching order 5
2026-04-23 20:44:53,541 [ genlib ] [ INFO ] Checking atom 1HE
2026-04-23 20:44:53,541 [ genlib ] [ INFO ] No partner found for atom 1HE
2026-04-23 20:44:53,541 [ genlib ] [ INFO ] Checking atom 2HE
2026-04-23 20:44:53,541 [ genlib ] [ INFO ] No partner found for atom 2HE
2026-04-23 20:44:53,541 [ genlib ] [ INFO ] Checking atom NZ
2026-04-23 20:44:53,541 [ genlib ] [ INFO ] Define atom pair: LYN|NZ|N3|N.4        - > ARG|CZ|CA|C.cat      (d = 0.41 A)
2026-04-23 20:44:53,541 [ genlib ] [ INFO ] Searching order 6
2026-04-23 20:44:53,541 [ genlib ] [ INFO ] Checking atom 1HZ
2026-04-23 20:44:53,541 [ genlib ] [ INFO ] No partner found for atom 1HZ
2026-04-23 20:44:53,541 [ genlib ] [ INFO ] Checking atom 2HZ
2026-04-23 20:44:53,541 [ genlib ] [ INFO ] No partner found for atom 2HZ
2026-04-23 20:44:53,541 [ genlib ] [ INFO ] Searching order 7
2026-04-23 20:44:53,541 [ genlib ] [ INFO ] Searching branch 2
2026-04-23 20:44:53,541 [ genlib ] [ INFO ] Searching order 2
2026-04-23 20:44:53,541 [ genlib ] [ INFO ] Searching order 3
2026-04-23 20:44:53,541 [ genlib ] [ INFO ] Searching order 4
2026-04-23 20:44:53,541 [ genlib ] [ INFO ] Searching order 5
2026-04-23 20:44:53,541 [ genlib ] [ INFO ] Checking atom 1HE
2026-04-23 20:44:53,541 [ genlib ] [ INFO ] No partner found for atom 1HE
2026-04-23 20:44:53,541 [ genlib ] [ INFO ] Checking atom 2HE
2026-04-23 20:44:53,541 [ genlib ] [ INFO ] No partner found for atom 2HE
2026-04-23 20:44:53,541 [ genlib ] [ INFO ] Searching order 6
2026-04-23 20:44:53,541 [ genlib ] [ INFO ] Checking atom 1HZ
2026-04-23 20:44:53,541 [ genlib ] [ INFO ] No partner found for atom 1HZ
2026-04-23 20:44:53,541 [ genlib ] [ INFO ] Checking atom 2HZ
2026-04-23 20:44:53,541 [ genlib ] [ INFO ] No partner found for atom 2HZ
2026-04-23 20:44:53,541 [ genlib ] [ INFO ] Searching order 7
2026-04-23 20:44:53,544 [ genlib ] [ INFO ] Updating bond lists
2026-04-23 20:44:53,544 [ genlib ] [ INFO ] Updating dihedrals
2026-04-23 20:44:53,544 [ genlib ] [ INFO ] Updating impropers
2026-04-23 20:44:53,545 [ genlib ] [ INFO ] Building library files for LYN --> ASH mutant
2026-04-23 20:44:53,545 [ genlib ] [ INFO ] reading rtp file "aminoacids.rtp"
2026-04-23 20:44:53,580 [ genlib ] [ INFO ] ENTERED SIMPLE
2026-04-23 20:44:53,580 [ genlib ] [ INFO ] Making atom pairs
2026-04-23 20:44:53,580 [ genlib ] [ INFO ] Searching branch 1
2026-04-23 20:44:53,580 [ genlib ] [ INFO ] Searching order 2
2026-04-23 20:44:53,580 [ genlib ] [ INFO ] Checking atom 1HB
2026-04-23 20:44:53,580 [ genlib ] [ INFO ] Define atom pair: LYN|1HB|HC|H         - > ASH|1HB|HC|H         (d = 0.11 A)
2026-04-23 20:44:53,580 [ genlib ] [ INFO ] Checking atom 2HB
2026-04-23 20:44:53,580 [ genlib ] [ INFO ] Define atom pair: LYN|2HB|HC|H         - > ASH|2HB|HC|H         (d = 0.09 A)
2026-04-23 20:44:53,580 [ genlib ] [ INFO ] Checking atom CG
2026-04-23 20:44:53,580 [ genlib ] [ INFO ] Define atom pair: LYN|CG|CT|C.3        - > ASH|CG|C|C.2         (d = 0.18 A)
2026-04-23 20:44:53,580 [ genlib ] [ INFO ] Searching order 3
2026-04-23 20:44:53,580 [ genlib ] [ INFO ] Checking atom 1HG
2026-04-23 20:44:53,580 [ genlib ] [ INFO ] No partner found for atom 1HG
2026-04-23 20:44:53,580 [ genlib ] [ INFO ] Checking atom 2HG
2026-04-23 20:44:53,580 [ genlib ] [ INFO ] No partner found for atom 2HG
2026-04-23 20:44:53,580 [ genlib ] [ INFO ] Checking atom CD
2026-04-23 20:44:53,580 [ genlib ] [ INFO ] Define atom pair: LYN|CD|CT|C.3        - > ASH|OD1|O|O.co2      (d = 0.29 A)
2026-04-23 20:44:53,580 [ genlib ] [ INFO ] Searching order 4
2026-04-23 20:44:53,580 [ genlib ] [ INFO ] Checking atom 1HD
2026-04-23 20:44:53,580 [ genlib ] [ INFO ] No partner found for atom 1HD
2026-04-23 20:44:53,580 [ genlib ] [ INFO ] Checking atom 2HD
2026-04-23 20:44:53,580 [ genlib ] [ INFO ] No partner found for atom 2HD
2026-04-23 20:44:53,580 [ genlib ] [ INFO ] Checking atom CE
2026-04-23 20:44:53,580 [ genlib ] [ INFO ] No partner found for atom CE
2026-04-23 20:44:53,580 [ genlib ] [ INFO ] Searching order 5
2026-04-23 20:44:53,580 [ genlib ] [ INFO ] Searching order 6
2026-04-23 20:44:53,580 [ genlib ] [ INFO ] Searching order 7
2026-04-23 20:44:53,580 [ genlib ] [ INFO ] Searching branch 2
2026-04-23 20:44:53,580 [ genlib ] [ INFO ] Searching order 2
2026-04-23 20:44:53,580 [ genlib ] [ INFO ] Searching order 3
2026-04-23 20:44:53,580 [ genlib ] [ INFO ] Checking atom 1HG
2026-04-23 20:44:53,580 [ genlib ] [ INFO ] No partner found for atom 1HG
2026-04-23 20:44:53,581 [ genlib ] [ INFO ] Checking atom 2HG
2026-04-23 20:44:53,581 [ genlib ] [ INFO ] No partner found for atom 2HG
2026-04-23 20:44:53,581 [ genlib ] [ INFO ] Searching order 4
2026-04-23 20:44:53,581 [ genlib ] [ INFO ] Checking atom 1HD
2026-04-23 20:44:53,581 [ genlib ] [ INFO ] No partner found for atom 1HD
2026-04-23 20:44:53,581 [ genlib ] [ INFO ] Checking atom 2HD
2026-04-23 20:44:53,581 [ genlib ] [ INFO ] No partner found for atom 2HD
2026-04-23 20:44:53,581 [ genlib ] [ INFO ] Checking atom CE
2026-04-23 20:44:53,581 [ genlib ] [ INFO ] No partner found for atom CE
2026-04-23 20:44:53,581 [ genlib ] [ INFO ] Searching order 5
2026-04-23 20:44:53,581 [ genlib ] [ INFO ] Searching order 6
2026-04-23 20:44:53,581 [ genlib ] [ INFO ] Searching order 7
2026-04-23 20:44:53,582 [ genlib ] [ INFO ] Updating bond lists
2026-04-23 20:44:53,582 [ genlib ] [ INFO ] Updating dihedrals
2026-04-23 20:44:53,582 [ genlib ] [ INFO ] Updating impropers
2026-04-23 20:44:53,582 [ genlib ] [ INFO ] Building library files for LYN --> ASN mutant
2026-04-23 20:44:53,583 [ genlib ] [ INFO ] reading rtp file "aminoacids.rtp"
2026-04-23 20:44:53,618 [ genlib ] [ INFO ] ENTERED SIMPLE
2026-04-23 20:44:53,618 [ genlib ] [ INFO ] Making atom pairs
2026-04-23 20:44:53,618 [ genlib ] [ INFO ] Searching branch 1
2026-04-23 20:44:53,618 [ genlib ] [ INFO ] Searching order 2
2026-04-23 20:44:53,618 [ genlib ] [ INFO ] Checking atom 1HB
2026-04-23 20:44:53,618 [ genlib ] [ INFO ] Define atom pair: LYN|1HB|HC|H         - > ASN|1HB|HC|H         (d = 0.15 A)
2026-04-23 20:44:53,618 [ genlib ] [ INFO ] Checking atom 2HB
2026-04-23 20:44:53,618 [ genlib ] [ INFO ] Define atom pair: LYN|2HB|HC|H         - > ASN|2HB|HC|H         (d = 0.18 A)
2026-04-23 20:44:53,618 [ genlib ] [ INFO ] Checking atom CG
2026-04-23 20:44:53,618 [ genlib ] [ INFO ] Define atom pair: LYN|CG|CT|C.3        - > ASN|CG|C|C.2         (d = 0.17 A)
2026-04-23 20:44:53,618 [ genlib ] [ INFO ] Searching order 3
2026-04-23 20:44:53,618 [ genlib ] [ INFO ] Checking atom 1HG
2026-04-23 20:44:53,618 [ genlib ] [ INFO ] No partner found for atom 1HG
2026-04-23 20:44:53,618 [ genlib ] [ INFO ] Checking atom 2HG
2026-04-23 20:44:53,618 [ genlib ] [ INFO ] No partner found for atom 2HG
2026-04-23 20:44:53,618 [ genlib ] [ INFO ] Checking atom CD
2026-04-23 20:44:53,618 [ genlib ] [ INFO ] Define atom pair: LYN|CD|CT|C.3        - > ASN|OD1|O|O.2        (d = 0.27 A)
2026-04-23 20:44:53,618 [ genlib ] [ INFO ] Searching order 4
2026-04-23 20:44:53,618 [ genlib ] [ INFO ] Checking atom 1HD
2026-04-23 20:44:53,618 [ genlib ] [ INFO ] No partner found for atom 1HD
2026-04-23 20:44:53,618 [ genlib ] [ INFO ] Checking atom 2HD
2026-04-23 20:44:53,618 [ genlib ] [ INFO ] No partner found for atom 2HD
2026-04-23 20:44:53,618 [ genlib ] [ INFO ] Checking atom CE
2026-04-23 20:44:53,618 [ genlib ] [ INFO ] No partner found for atom CE
2026-04-23 20:44:53,618 [ genlib ] [ INFO ] Searching order 5
2026-04-23 20:44:53,618 [ genlib ] [ INFO ] Searching order 6
2026-04-23 20:44:53,618 [ genlib ] [ INFO ] Searching order 7
2026-04-23 20:44:53,618 [ genlib ] [ INFO ] Searching branch 2
2026-04-23 20:44:53,618 [ genlib ] [ INFO ] Searching order 2
2026-04-23 20:44:53,618 [ genlib ] [ INFO ] Searching order 3
2026-04-23 20:44:53,618 [ genlib ] [ INFO ] Checking atom 1HG
2026-04-23 20:44:53,618 [ genlib ] [ INFO ] No partner found for atom 1HG
2026-04-23 20:44:53,618 [ genlib ] [ INFO ] Checking atom 2HG
2026-04-23 20:44:53,618 [ genlib ] [ INFO ] No partner found for atom 2HG
2026-04-23 20:44:53,618 [ genlib ] [ INFO ] Searching order 4
2026-04-23 20:44:53,618 [ genlib ] [ INFO ] Checking atom 1HD
2026-04-23 20:44:53,618 [ genlib ] [ INFO ] No partner found for atom 1HD
2026-04-23 20:44:53,618 [ genlib ] [ INFO ] Checking atom 2HD
2026-04-23 20:44:53,618 [ genlib ] [ INFO ] No partner found for atom 2HD
2026-04-23 20:44:53,618 [ genlib ] [ INFO ] Checking atom CE
2026-04-23 20:44:53,619 [ genlib ] [ INFO ] No partner found for atom CE
2026-04-23 20:44:53,619 [ genlib ] [ INFO ] Searching order 5
2026-04-23 20:44:53,619 [ genlib ] [ INFO ] Searching order 6
2026-04-23 20:44:53,619 [ genlib ] [ INFO ] Searching order 7
2026-04-23 20:44:53,620 [ genlib ] [ INFO ] Updating bond lists
2026-04-23 20:44:53,620 [ genlib ] [ INFO ] Updating dihedrals
2026-04-23 20:44:53,620 [ genlib ] [ INFO ] Updating impropers
2026-04-23 20:44:53,620 [ genlib ] [ INFO ] Building library files for LYN --> ASP mutant
2026-04-23 20:44:53,621 [ genlib ] [ INFO ] reading rtp file "aminoacids.rtp"
2026-04-23 20:44:53,655 [ genlib ] [ INFO ] ENTERED SIMPLE
2026-04-23 20:44:53,655 [ genlib ] [ INFO ] Making atom pairs
2026-04-23 20:44:53,655 [ genlib ] [ INFO ] Searching branch 1
2026-04-23 20:44:53,655 [ genlib ] [ INFO ] Searching order 2
2026-04-23 20:44:53,656 [ genlib ] [ INFO ] Checking atom 1HB
2026-04-23 20:44:53,656 [ genlib ] [ INFO ] Define atom pair: LYN|1HB|HC|H         - > ASP|1HB|HC|H         (d = 0.13 A)
2026-04-23 20:44:53,656 [ genlib ] [ INFO ] Checking atom 2HB
2026-04-23 20:44:53,656 [ genlib ] [ INFO ] Define atom pair: LYN|2HB|HC|H         - > ASP|2HB|HC|H         (d = 0.13 A)
2026-04-23 20:44:53,656 [ genlib ] [ INFO ] Checking atom CG
2026-04-23 20:44:53,656 [ genlib ] [ INFO ] Define atom pair: LYN|CG|CT|C.3        - > ASP|CG|CO|C.2        (d = 0.18 A)
2026-04-23 20:44:53,656 [ genlib ] [ INFO ] Searching order 3
2026-04-23 20:44:53,656 [ genlib ] [ INFO ] Checking atom 1HG
2026-04-23 20:44:53,656 [ genlib ] [ INFO ] No partner found for atom 1HG
2026-04-23 20:44:53,656 [ genlib ] [ INFO ] Checking atom 2HG
2026-04-23 20:44:53,656 [ genlib ] [ INFO ] No partner found for atom 2HG
2026-04-23 20:44:53,656 [ genlib ] [ INFO ] Checking atom CD
2026-04-23 20:44:53,656 [ genlib ] [ INFO ] Define atom pair: LYN|CD|CT|C.3        - > ASP|OD1|O2|O.co2     (d = 0.29 A)
2026-04-23 20:44:53,656 [ genlib ] [ INFO ] Searching order 4
2026-04-23 20:44:53,656 [ genlib ] [ INFO ] Checking atom 1HD
2026-04-23 20:44:53,656 [ genlib ] [ INFO ] No partner found for atom 1HD
2026-04-23 20:44:53,656 [ genlib ] [ INFO ] Checking atom 2HD
2026-04-23 20:44:53,656 [ genlib ] [ INFO ] No partner found for atom 2HD
2026-04-23 20:44:53,656 [ genlib ] [ INFO ] Checking atom CE
2026-04-23 20:44:53,656 [ genlib ] [ INFO ] No partner found for atom CE
2026-04-23 20:44:53,656 [ genlib ] [ INFO ] Searching order 5
2026-04-23 20:44:53,656 [ genlib ] [ INFO ] Searching order 6
2026-04-23 20:44:53,656 [ genlib ] [ INFO ] Searching order 7
2026-04-23 20:44:53,656 [ genlib ] [ INFO ] Searching branch 2
2026-04-23 20:44:53,656 [ genlib ] [ INFO ] Searching order 2
2026-04-23 20:44:53,656 [ genlib ] [ INFO ] Searching order 3
2026-04-23 20:44:53,656 [ genlib ] [ INFO ] Checking atom 1HG
2026-04-23 20:44:53,656 [ genlib ] [ INFO ] No partner found for atom 1HG
2026-04-23 20:44:53,656 [ genlib ] [ INFO ] Checking atom 2HG
2026-04-23 20:44:53,656 [ genlib ] [ INFO ] No partner found for atom 2HG
2026-04-23 20:44:53,656 [ genlib ] [ INFO ] Searching order 4
2026-04-23 20:44:53,656 [ genlib ] [ INFO ] Checking atom 1HD
2026-04-23 20:44:53,656 [ genlib ] [ INFO ] No partner found for atom 1HD
2026-04-23 20:44:53,656 [ genlib ] [ INFO ] Checking atom 2HD
2026-04-23 20:44:53,656 [ genlib ] [ INFO ] No partner found for atom 2HD
2026-04-23 20:44:53,656 [ genlib ] [ INFO ] Checking atom CE
2026-04-23 20:44:53,656 [ genlib ] [ INFO ] No partner found for atom CE
2026-04-23 20:44:53,656 [ genlib ] [ INFO ] Searching order 5
2026-04-23 20:44:53,656 [ genlib ] [ INFO ] Searching order 6
2026-04-23 20:44:53,656 [ genlib ] [ INFO ] Searching order 7
2026-04-23 20:44:53,657 [ genlib ] [ INFO ] Updating bond lists
2026-04-23 20:44:53,657 [ genlib ] [ INFO ] Updating dihedrals
2026-04-23 20:44:53,657 [ genlib ] [ INFO ] Updating impropers
2026-04-23 20:44:53,657 [ genlib ] [ INFO ] Building library files for LYN --> CYS mutant
2026-04-23 20:44:53,658 [ genlib ] [ INFO ] reading rtp file "aminoacids.rtp"
2026-04-23 20:44:53,692 [ genlib ] [ INFO ] ENTERED SIMPLE
2026-04-23 20:44:53,692 [ genlib ] [ INFO ] Making atom pairs
2026-04-23 20:44:53,692 [ genlib ] [ INFO ] Searching branch 1
2026-04-23 20:44:53,692 [ genlib ] [ INFO ] Searching order 2
2026-04-23 20:44:53,692 [ genlib ] [ INFO ] Checking atom 1HB
2026-04-23 20:44:53,692 [ genlib ] [ INFO ] Define atom pair: LYN|1HB|HC|H         - > CYS|1HB|H1|H         (d = 0.10 A)
2026-04-23 20:44:53,692 [ genlib ] [ INFO ] Checking atom 2HB
2026-04-23 20:44:53,692 [ genlib ] [ INFO ] Define atom pair: LYN|2HB|HC|H         - > CYS|2HB|H1|H         (d = 0.10 A)
2026-04-23 20:44:53,692 [ genlib ] [ INFO ] Checking atom CG
2026-04-23 20:44:53,692 [ genlib ] [ INFO ] Define atom pair: LYN|CG|CT|C.3        - > CYS|SG|SH|S.3        (d = 0.32 A)
2026-04-23 20:44:53,692 [ genlib ] [ INFO ] Searching order 3
2026-04-23 20:44:53,692 [ genlib ] [ INFO ] Checking atom 1HG
2026-04-23 20:44:53,692 [ genlib ] [ INFO ] No partner found for atom 1HG
2026-04-23 20:44:53,692 [ genlib ] [ INFO ] Checking atom 2HG
2026-04-23 20:44:53,692 [ genlib ] [ INFO ] No partner found for atom 2HG
2026-04-23 20:44:53,692 [ genlib ] [ INFO ] Checking atom CD
2026-04-23 20:44:53,692 [ genlib ] [ INFO ] Define atom pair: LYN|CD|CT|C.3        - > CYS|HG|HS|H          (d = 0.24 A)
2026-04-23 20:44:53,692 [ genlib ] [ INFO ] Searching order 4
2026-04-23 20:44:53,692 [ genlib ] [ INFO ] Checking atom 1HD
2026-04-23 20:44:53,692 [ genlib ] [ INFO ] No partner found for atom 1HD
2026-04-23 20:44:53,692 [ genlib ] [ INFO ] Checking atom 2HD
2026-04-23 20:44:53,692 [ genlib ] [ INFO ] No partner found for atom 2HD
2026-04-23 20:44:53,692 [ genlib ] [ INFO ] Checking atom CE
2026-04-23 20:44:53,692 [ genlib ] [ INFO ] No partner found for atom CE
2026-04-23 20:44:53,692 [ genlib ] [ INFO ] Searching order 5
2026-04-23 20:44:53,693 [ genlib ] [ INFO ] Searching order 6
2026-04-23 20:44:53,693 [ genlib ] [ INFO ] Searching order 7
2026-04-23 20:44:53,693 [ genlib ] [ INFO ] Searching branch 2
2026-04-23 20:44:53,693 [ genlib ] [ INFO ] Searching order 2
2026-04-23 20:44:53,693 [ genlib ] [ INFO ] Searching order 3
2026-04-23 20:44:53,693 [ genlib ] [ INFO ] Checking atom 1HG
2026-04-23 20:44:53,693 [ genlib ] [ INFO ] No partner found for atom 1HG
2026-04-23 20:44:53,693 [ genlib ] [ INFO ] Checking atom 2HG
2026-04-23 20:44:53,693 [ genlib ] [ INFO ] No partner found for atom 2HG
2026-04-23 20:44:53,693 [ genlib ] [ INFO ] Searching order 4
2026-04-23 20:44:53,693 [ genlib ] [ INFO ] Checking atom 1HD
2026-04-23 20:44:53,693 [ genlib ] [ INFO ] No partner found for atom 1HD
2026-04-23 20:44:53,693 [ genlib ] [ INFO ] Checking atom 2HD
2026-04-23 20:44:53,693 [ genlib ] [ INFO ] No partner found for atom 2HD
2026-04-23 20:44:53,693 [ genlib ] [ INFO ] Checking atom CE
2026-04-23 20:44:53,693 [ genlib ] [ INFO ] No partner found for atom CE
2026-04-23 20:44:53,693 [ genlib ] [ INFO ] Searching order 5
2026-04-23 20:44:53,693 [ genlib ] [ INFO ] Searching order 6
2026-04-23 20:44:53,693 [ genlib ] [ INFO ] Searching order 7
2026-04-23 20:44:53,693 [ genlib ] [ INFO ] Updating bond lists
2026-04-23 20:44:53,693 [ genlib ] [ INFO ] Updating dihedrals
2026-04-23 20:44:53,693 [ genlib ] [ INFO ] Updating impropers
2026-04-23 20:44:53,693 [ genlib ] [ INFO ] Building library files for LYN --> GLH mutant
2026-04-23 20:44:53,694 [ genlib ] [ INFO ] reading rtp file "aminoacids.rtp"
2026-04-23 20:44:53,729 [ genlib ] [ INFO ] ENTERED SIMPLE
2026-04-23 20:44:53,729 [ genlib ] [ INFO ] Making atom pairs
2026-04-23 20:44:53,729 [ genlib ] [ INFO ] Searching branch 1
2026-04-23 20:44:53,729 [ genlib ] [ INFO ] Searching order 2
2026-04-23 20:44:53,729 [ genlib ] [ INFO ] Checking atom 1HB
2026-04-23 20:44:53,729 [ genlib ] [ INFO ] Define atom pair: LYN|1HB|HC|H         - > GLH|1HB|HC|H         (d = 0.17 A)
2026-04-23 20:44:53,729 [ genlib ] [ INFO ] Checking atom 2HB
2026-04-23 20:44:53,729 [ genlib ] [ INFO ] Define atom pair: LYN|2HB|HC|H         - > GLH|2HB|HC|H         (d = 0.13 A)
2026-04-23 20:44:53,729 [ genlib ] [ INFO ] Checking atom CG
2026-04-23 20:44:53,729 [ genlib ] [ INFO ] Define atom pair: LYN|CG|CT|C.3        - > GLH|CG|2C|C.3        (d = 0.22 A)
2026-04-23 20:44:53,729 [ genlib ] [ INFO ] Searching order 3
2026-04-23 20:44:53,729 [ genlib ] [ INFO ] Checking atom 1HG
2026-04-23 20:44:53,729 [ genlib ] [ INFO ] Define atom pair: LYN|1HG|HC|H         - > GLH|1HG|HC|H         (d = 0.22 A)
2026-04-23 20:44:53,729 [ genlib ] [ INFO ] Checking atom 2HG
2026-04-23 20:44:53,729 [ genlib ] [ INFO ] Define atom pair: LYN|2HG|HC|H         - > GLH|2HG|HC|H         (d = 0.28 A)
2026-04-23 20:44:53,729 [ genlib ] [ INFO ] Checking atom CD
2026-04-23 20:44:53,729 [ genlib ] [ INFO ] Define atom pair: LYN|CD|CT|C.3        - > GLH|CD|C|C.2         (d = 0.23 A)
2026-04-23 20:44:53,729 [ genlib ] [ INFO ] Searching order 4
2026-04-23 20:44:53,729 [ genlib ] [ INFO ] Checking atom 1HD
2026-04-23 20:44:53,729 [ genlib ] [ INFO ] No partner found for atom 1HD
2026-04-23 20:44:53,729 [ genlib ] [ INFO ] Checking atom 2HD
2026-04-23 20:44:53,729 [ genlib ] [ INFO ] No partner found for atom 2HD
2026-04-23 20:44:53,729 [ genlib ] [ INFO ] Checking atom CE
2026-04-23 20:44:53,729 [ genlib ] [ INFO ] Define atom pair: LYN|CE|CT|C.3        - > GLH|OE1|O|O.co2      (d = 0.42 A)
2026-04-23 20:44:53,729 [ genlib ] [ INFO ] Searching order 5
2026-04-23 20:44:53,729 [ genlib ] [ INFO ] Checking atom 1HE
2026-04-23 20:44:53,729 [ genlib ] [ INFO ] No partner found for atom 1HE
2026-04-23 20:44:53,729 [ genlib ] [ INFO ] Checking atom 2HE
2026-04-23 20:44:53,729 [ genlib ] [ INFO ] No partner found for atom 2HE
2026-04-23 20:44:53,729 [ genlib ] [ INFO ] Checking atom NZ
2026-04-23 20:44:53,729 [ genlib ] [ INFO ] No partner found for atom NZ
2026-04-23 20:44:53,729 [ genlib ] [ INFO ] Searching order 6
2026-04-23 20:44:53,729 [ genlib ] [ INFO ] Searching order 7
2026-04-23 20:44:53,729 [ genlib ] [ INFO ] Searching branch 2
2026-04-23 20:44:53,729 [ genlib ] [ INFO ] Searching order 2
2026-04-23 20:44:53,729 [ genlib ] [ INFO ] Searching order 3
2026-04-23 20:44:53,729 [ genlib ] [ INFO ] Searching order 4
2026-04-23 20:44:53,729 [ genlib ] [ INFO ] Checking atom 1HD
2026-04-23 20:44:53,729 [ genlib ] [ INFO ] No partner found for atom 1HD
2026-04-23 20:44:53,729 [ genlib ] [ INFO ] Checking atom 2HD
2026-04-23 20:44:53,729 [ genlib ] [ INFO ] No partner found for atom 2HD
2026-04-23 20:44:53,729 [ genlib ] [ INFO ] Searching order 5
2026-04-23 20:44:53,729 [ genlib ] [ INFO ] Checking atom 1HE
2026-04-23 20:44:53,729 [ genlib ] [ INFO ] No partner found for atom 1HE
2026-04-23 20:44:53,729 [ genlib ] [ INFO ] Checking atom 2HE
2026-04-23 20:44:53,729 [ genlib ] [ INFO ] No partner found for atom 2HE
2026-04-23 20:44:53,729 [ genlib ] [ INFO ] Checking atom NZ
2026-04-23 20:44:53,729 [ genlib ] [ INFO ] No partner found for atom NZ
2026-04-23 20:44:53,729 [ genlib ] [ INFO ] Searching order 6
2026-04-23 20:44:53,729 [ genlib ] [ INFO ] Searching order 7
2026-04-23 20:44:53,730 [ genlib ] [ INFO ] Updating bond lists
2026-04-23 20:44:53,730 [ genlib ] [ INFO ] Updating dihedrals
2026-04-23 20:44:53,730 [ genlib ] [ INFO ] Updating impropers
2026-04-23 20:44:53,731 [ genlib ] [ INFO ] Building library files for LYN --> GLN mutant
2026-04-23 20:44:53,731 [ genlib ] [ INFO ] reading rtp file "aminoacids.rtp"
2026-04-23 20:44:53,766 [ genlib ] [ INFO ] ENTERED SIMPLE
2026-04-23 20:44:53,766 [ genlib ] [ INFO ] Making atom pairs
2026-04-23 20:44:53,766 [ genlib ] [ INFO ] Searching branch 1
2026-04-23 20:44:53,766 [ genlib ] [ INFO ] Searching order 2
2026-04-23 20:44:53,766 [ genlib ] [ INFO ] Checking atom 1HB
2026-04-23 20:44:53,766 [ genlib ] [ INFO ] Define atom pair: LYN|1HB|HC|H         - > GLN|1HB|HC|H         (d = 0.08 A)
2026-04-23 20:44:53,766 [ genlib ] [ INFO ] Checking atom 2HB
2026-04-23 20:44:53,766 [ genlib ] [ INFO ] Define atom pair: LYN|2HB|HC|H         - > GLN|2HB|HC|H         (d = 0.08 A)
2026-04-23 20:44:53,766 [ genlib ] [ INFO ] Checking atom CG
2026-04-23 20:44:53,766 [ genlib ] [ INFO ] Define atom pair: LYN|CG|CT|C.3        - > GLN|CG|2C|C.3        (d = 0.08 A)
2026-04-23 20:44:53,766 [ genlib ] [ INFO ] Searching order 3
2026-04-23 20:44:53,766 [ genlib ] [ INFO ] Checking atom 1HG
2026-04-23 20:44:53,766 [ genlib ] [ INFO ] Define atom pair: LYN|1HG|HC|H         - > GLN|1HG|HC|H         (d = 0.15 A)
2026-04-23 20:44:53,766 [ genlib ] [ INFO ] Checking atom 2HG
2026-04-23 20:44:53,766 [ genlib ] [ INFO ] Define atom pair: LYN|2HG|HC|H         - > GLN|2HG|HC|H         (d = 0.11 A)
2026-04-23 20:44:53,766 [ genlib ] [ INFO ] Checking atom CD
2026-04-23 20:44:53,766 [ genlib ] [ INFO ] Define atom pair: LYN|CD|CT|C.3        - > GLN|CD|C|C.2         (d = 0.11 A)
2026-04-23 20:44:53,766 [ genlib ] [ INFO ] Searching order 4
2026-04-23 20:44:53,766 [ genlib ] [ INFO ] Checking atom 1HD
2026-04-23 20:44:53,766 [ genlib ] [ INFO ] No partner found for atom 1HD
2026-04-23 20:44:53,766 [ genlib ] [ INFO ] Checking atom 2HD
2026-04-23 20:44:53,766 [ genlib ] [ INFO ] No partner found for atom 2HD
2026-04-23 20:44:53,766 [ genlib ] [ INFO ] Checking atom CE
2026-04-23 20:44:53,766 [ genlib ] [ INFO ] Define atom pair: LYN|CE|CT|C.3        - > GLN|OE1|O|O.2        (d = 0.30 A)
2026-04-23 20:44:53,766 [ genlib ] [ INFO ] Searching order 5
2026-04-23 20:44:53,766 [ genlib ] [ INFO ] Checking atom 1HE
2026-04-23 20:44:53,766 [ genlib ] [ INFO ] No partner found for atom 1HE
2026-04-23 20:44:53,766 [ genlib ] [ INFO ] Checking atom 2HE
2026-04-23 20:44:53,766 [ genlib ] [ INFO ] No partner found for atom 2HE
2026-04-23 20:44:53,766 [ genlib ] [ INFO ] Checking atom NZ
2026-04-23 20:44:53,766 [ genlib ] [ INFO ] No partner found for atom NZ
2026-04-23 20:44:53,766 [ genlib ] [ INFO ] Searching order 6
2026-04-23 20:44:53,766 [ genlib ] [ INFO ] Searching order 7
2026-04-23 20:44:53,766 [ genlib ] [ INFO ] Searching branch 2
2026-04-23 20:44:53,767 [ genlib ] [ INFO ] Searching order 2
2026-04-23 20:44:53,767 [ genlib ] [ INFO ] Searching order 3
2026-04-23 20:44:53,767 [ genlib ] [ INFO ] Searching order 4
2026-04-23 20:44:53,767 [ genlib ] [ INFO ] Checking atom 1HD
2026-04-23 20:44:53,767 [ genlib ] [ INFO ] No partner found for atom 1HD
2026-04-23 20:44:53,767 [ genlib ] [ INFO ] Checking atom 2HD
2026-04-23 20:44:53,767 [ genlib ] [ INFO ] No partner found for atom 2HD
2026-04-23 20:44:53,767 [ genlib ] [ INFO ] Searching order 5
2026-04-23 20:44:53,767 [ genlib ] [ INFO ] Checking atom 1HE
2026-04-23 20:44:53,767 [ genlib ] [ INFO ] No partner found for atom 1HE
2026-04-23 20:44:53,767 [ genlib ] [ INFO ] Checking atom 2HE
2026-04-23 20:44:53,767 [ genlib ] [ INFO ] No partner found for atom 2HE
2026-04-23 20:44:53,767 [ genlib ] [ INFO ] Checking atom NZ
2026-04-23 20:44:53,767 [ genlib ] [ INFO ] No partner found for atom NZ
2026-04-23 20:44:53,767 [ genlib ] [ INFO ] Searching order 6
2026-04-23 20:44:53,767 [ genlib ] [ INFO ] Searching order 7
2026-04-23 20:44:53,769 [ genlib ] [ INFO ] Updating bond lists
2026-04-23 20:44:53,769 [ genlib ] [ INFO ] Updating dihedrals
2026-04-23 20:44:53,769 [ genlib ] [ INFO ] Updating impropers
2026-04-23 20:44:53,769 [ genlib ] [ INFO ] Building library files for LYN --> GLU mutant
2026-04-23 20:44:53,770 [ genlib ] [ INFO ] reading rtp file "aminoacids.rtp"
2026-04-23 20:44:53,804 [ genlib ] [ INFO ] ENTERED SIMPLE
2026-04-23 20:44:53,804 [ genlib ] [ INFO ] Making atom pairs
2026-04-23 20:44:53,804 [ genlib ] [ INFO ] Searching branch 1
2026-04-23 20:44:53,804 [ genlib ] [ INFO ] Searching order 2
2026-04-23 20:44:53,804 [ genlib ] [ INFO ] Checking atom 1HB
2026-04-23 20:44:53,804 [ genlib ] [ INFO ] Define atom pair: LYN|1HB|HC|H         - > GLU|1HB|HC|H         (d = 0.16 A)
2026-04-23 20:44:53,804 [ genlib ] [ INFO ] Checking atom 2HB
2026-04-23 20:44:53,804 [ genlib ] [ INFO ] Define atom pair: LYN|2HB|HC|H         - > GLU|2HB|HC|H         (d = 0.10 A)
2026-04-23 20:44:53,804 [ genlib ] [ INFO ] Checking atom CG
2026-04-23 20:44:53,804 [ genlib ] [ INFO ] Define atom pair: LYN|CG|CT|C.3        - > GLU|CG|2C|C.3        (d = 0.22 A)
2026-04-23 20:44:53,804 [ genlib ] [ INFO ] Searching order 3
2026-04-23 20:44:53,804 [ genlib ] [ INFO ] Checking atom 1HG
2026-04-23 20:44:53,804 [ genlib ] [ INFO ] Define atom pair: LYN|1HG|HC|H         - > GLU|1HG|HC|H         (d = 0.27 A)
2026-04-23 20:44:53,804 [ genlib ] [ INFO ] Checking atom 2HG
2026-04-23 20:44:53,804 [ genlib ] [ INFO ] Define atom pair: LYN|2HG|HC|H         - > GLU|2HG|HC|H         (d = 0.29 A)
2026-04-23 20:44:53,804 [ genlib ] [ INFO ] Checking atom CD
2026-04-23 20:44:53,804 [ genlib ] [ INFO ] Define atom pair: LYN|CD|CT|C.3        - > GLU|CD|CO|C.2        (d = 0.23 A)
2026-04-23 20:44:53,804 [ genlib ] [ INFO ] Searching order 4
2026-04-23 20:44:53,804 [ genlib ] [ INFO ] Checking atom 1HD
2026-04-23 20:44:53,804 [ genlib ] [ INFO ] No partner found for atom 1HD
2026-04-23 20:44:53,804 [ genlib ] [ INFO ] Checking atom 2HD
2026-04-23 20:44:53,804 [ genlib ] [ INFO ] No partner found for atom 2HD
2026-04-23 20:44:53,804 [ genlib ] [ INFO ] Checking atom CE
2026-04-23 20:44:53,804 [ genlib ] [ INFO ] Define atom pair: LYN|CE|CT|C.3        - > GLU|OE1|O2|O.co2     (d = 0.42 A)
2026-04-23 20:44:53,804 [ genlib ] [ INFO ] Searching order 5
2026-04-23 20:44:53,804 [ genlib ] [ INFO ] Checking atom 1HE
2026-04-23 20:44:53,804 [ genlib ] [ INFO ] No partner found for atom 1HE
2026-04-23 20:44:53,804 [ genlib ] [ INFO ] Checking atom 2HE
2026-04-23 20:44:53,804 [ genlib ] [ INFO ] No partner found for atom 2HE
2026-04-23 20:44:53,804 [ genlib ] [ INFO ] Checking atom NZ
2026-04-23 20:44:53,804 [ genlib ] [ INFO ] No partner found for atom NZ
2026-04-23 20:44:53,804 [ genlib ] [ INFO ] Searching order 6
2026-04-23 20:44:53,804 [ genlib ] [ INFO ] Searching order 7
2026-04-23 20:44:53,804 [ genlib ] [ INFO ] Searching branch 2
2026-04-23 20:44:53,804 [ genlib ] [ INFO ] Searching order 2
2026-04-23 20:44:53,804 [ genlib ] [ INFO ] Searching order 3
2026-04-23 20:44:53,804 [ genlib ] [ INFO ] Searching order 4
2026-04-23 20:44:53,804 [ genlib ] [ INFO ] Checking atom 1HD
2026-04-23 20:44:53,804 [ genlib ] [ INFO ] No partner found for atom 1HD
2026-04-23 20:44:53,804 [ genlib ] [ INFO ] Checking atom 2HD
2026-04-23 20:44:53,804 [ genlib ] [ INFO ] No partner found for atom 2HD
2026-04-23 20:44:53,804 [ genlib ] [ INFO ] Searching order 5
2026-04-23 20:44:53,804 [ genlib ] [ INFO ] Checking atom 1HE
2026-04-23 20:44:53,804 [ genlib ] [ INFO ] No partner found for atom 1HE
2026-04-23 20:44:53,804 [ genlib ] [ INFO ] Checking atom 2HE
2026-04-23 20:44:53,805 [ genlib ] [ INFO ] No partner found for atom 2HE
2026-04-23 20:44:53,805 [ genlib ] [ INFO ] Checking atom NZ
2026-04-23 20:44:53,805 [ genlib ] [ INFO ] No partner found for atom NZ
2026-04-23 20:44:53,805 [ genlib ] [ INFO ] Searching order 6
2026-04-23 20:44:53,805 [ genlib ] [ INFO ] Searching order 7
2026-04-23 20:44:53,805 [ genlib ] [ INFO ] Updating bond lists
2026-04-23 20:44:53,805 [ genlib ] [ INFO ] Updating dihedrals
2026-04-23 20:44:53,805 [ genlib ] [ INFO ] Updating impropers
2026-04-23 20:44:53,806 [ genlib ] [ INFO ] Building library files for LYN --> GLY mutant
2026-04-23 20:44:53,806 [ genlib ] [ INFO ] reading rtp file "aminoacids.rtp"
2026-04-23 20:44:53,841 [ genlib ] [ INFO ] ENTERED G
2026-04-23 20:44:53,841 [ genlib ] [ INFO ] Making atom pairs
2026-04-23 20:44:53,842 [ genlib ] [ INFO ] Updating bond lists
2026-04-23 20:44:53,842 [ genlib ] [ INFO ] Updating dihedrals
2026-04-23 20:44:53,842 [ genlib ] [ INFO ] Updating impropers
2026-04-23 20:44:53,842 [ genlib ] [ INFO ] Building library files for LYN --> HID mutant
2026-04-23 20:44:53,843 [ genlib ] [ INFO ] reading rtp file "aminoacids.rtp"
2026-04-23 20:44:53,877 [ genlib ] [ INFO ] ENTERED RINGS
2026-04-23 20:44:53,877 [ genlib ] [ INFO ] Making atom pairs
2026-04-23 20:44:53,880 [ genlib ] [ INFO ] Updating bond lists
2026-04-23 20:44:53,880 [ genlib ] [ INFO ] Updating dihedrals
2026-04-23 20:44:53,880 [ genlib ] [ INFO ] Updating impropers
2026-04-23 20:44:53,881 [ genlib ] [ INFO ] Building library files for LYN --> HIE mutant
2026-04-23 20:44:53,881 [ genlib ] [ INFO ] reading rtp file "aminoacids.rtp"
2026-04-23 20:44:53,916 [ genlib ] [ INFO ] ENTERED RINGS
2026-04-23 20:44:53,916 [ genlib ] [ INFO ] Making atom pairs
2026-04-23 20:44:53,919 [ genlib ] [ INFO ] Updating bond lists
2026-04-23 20:44:53,919 [ genlib ] [ INFO ] Updating dihedrals
2026-04-23 20:44:53,919 [ genlib ] [ INFO ] Updating impropers
2026-04-23 20:44:53,920 [ genlib ] [ INFO ] Building library files for LYN --> HIP mutant
2026-04-23 20:44:53,921 [ genlib ] [ INFO ] reading rtp file "aminoacids.rtp"
2026-04-23 20:44:53,955 [ genlib ] [ INFO ] ENTERED RINGS
2026-04-23 20:44:53,955 [ genlib ] [ INFO ] Making atom pairs
2026-04-23 20:44:53,958 [ genlib ] [ INFO ] Updating bond lists
2026-04-23 20:44:53,958 [ genlib ] [ INFO ] Updating dihedrals
2026-04-23 20:44:53,958 [ genlib ] [ INFO ] Updating impropers
2026-04-23 20:44:53,959 [ genlib ] [ INFO ] Building library files for LYN --> ILE mutant
2026-04-23 20:44:53,959 [ genlib ] [ INFO ] reading rtp file "aminoacids.rtp"
2026-04-23 20:44:53,994 [ genlib ] [ INFO ] ENTERED SIMPLE
2026-04-23 20:44:53,994 [ genlib ] [ INFO ] Making atom pairs
2026-04-23 20:44:53,994 [ genlib ] [ INFO ] Searching branch 1
2026-04-23 20:44:53,994 [ genlib ] [ INFO ] Searching order 2
2026-04-23 20:44:53,994 [ genlib ] [ INFO ] Checking atom 1HB
2026-04-23 20:44:53,994 [ genlib ] [ INFO ] Define atom pair: LYN|1HB|HC|H         - > ILE|HB|HC|H          (d = 0.12 A)
2026-04-23 20:44:53,994 [ genlib ] [ INFO ] Checking atom 2HB
2026-04-23 20:44:53,994 [ genlib ] [ INFO ] No partner found for atom 2HB
2026-04-23 20:44:53,994 [ genlib ] [ INFO ] Checking atom CG
2026-04-23 20:44:53,994 [ genlib ] [ INFO ] Define atom pair: LYN|CG|CT|C.3        - > ILE|CG1|2C|C.3       (d = 0.18 A)
2026-04-23 20:44:53,994 [ genlib ] [ INFO ] Searching order 3
2026-04-23 20:44:53,994 [ genlib ] [ INFO ] Checking atom 1HG
2026-04-23 20:44:53,994 [ genlib ] [ INFO ] Define atom pair: LYN|1HG|HC|H         - > ILE|1HG1|HC|H        (d = 0.17 A)
2026-04-23 20:44:53,994 [ genlib ] [ INFO ] Checking atom 2HG
2026-04-23 20:44:53,994 [ genlib ] [ INFO ] Define atom pair: LYN|2HG|HC|H         - > ILE|2HG1|HC|H        (d = 0.25 A)
2026-04-23 20:44:53,994 [ genlib ] [ INFO ] Checking atom CD
2026-04-23 20:44:53,994 [ genlib ] [ INFO ] Define atom pair: LYN|CD|CT|C.3        - > ILE|CD1|CT|C.3       (d = 0.24 A)
2026-04-23 20:44:53,994 [ genlib ] [ INFO ] Searching order 4
2026-04-23 20:44:53,994 [ genlib ] [ INFO ] Checking atom 1HD
2026-04-23 20:44:53,994 [ genlib ] [ INFO ] Define atom pair: LYN|1HD|HC|H         - > ILE|2HD1|HC|H        (d = 0.30 A)
2026-04-23 20:44:53,994 [ genlib ] [ INFO ] Checking atom 2HD
2026-04-23 20:44:53,994 [ genlib ] [ INFO ] Define atom pair: LYN|2HD|HC|H         - > ILE|3HD1|HC|H        (d = 0.32 A)
2026-04-23 20:44:53,994 [ genlib ] [ INFO ] Checking atom CE
2026-04-23 20:44:53,994 [ genlib ] [ INFO ] Define atom pair: LYN|CE|CT|C.3        - > ILE|1HD1|HC|H        (d = 0.47 A)
2026-04-23 20:44:53,994 [ genlib ] [ INFO ] Searching order 5
2026-04-23 20:44:53,994 [ genlib ] [ INFO ] Checking atom 1HE
2026-04-23 20:44:53,994 [ genlib ] [ INFO ] No partner found for atom 1HE
2026-04-23 20:44:53,994 [ genlib ] [ INFO ] Checking atom 2HE
2026-04-23 20:44:53,994 [ genlib ] [ INFO ] No partner found for atom 2HE
2026-04-23 20:44:53,994 [ genlib ] [ INFO ] Checking atom NZ
2026-04-23 20:44:53,994 [ genlib ] [ INFO ] No partner found for atom NZ
2026-04-23 20:44:53,994 [ genlib ] [ INFO ] Searching order 6
2026-04-23 20:44:53,994 [ genlib ] [ INFO ] Searching order 7
2026-04-23 20:44:53,994 [ genlib ] [ INFO ] Searching branch 2
2026-04-23 20:44:53,994 [ genlib ] [ INFO ] Searching order 2
2026-04-23 20:44:53,994 [ genlib ] [ INFO ] Checking atom 2HB
2026-04-23 20:44:53,994 [ genlib ] [ INFO ] No partner found for atom 2HB
2026-04-23 20:44:53,994 [ genlib ] [ INFO ] Searching order 3
2026-04-23 20:44:53,994 [ genlib ] [ INFO ] Searching order 4
2026-04-23 20:44:53,994 [ genlib ] [ INFO ] Searching order 5
2026-04-23 20:44:53,994 [ genlib ] [ INFO ] Checking atom 1HE
2026-04-23 20:44:53,994 [ genlib ] [ INFO ] No partner found for atom 1HE
2026-04-23 20:44:53,994 [ genlib ] [ INFO ] Checking atom 2HE
2026-04-23 20:44:53,994 [ genlib ] [ INFO ] No partner found for atom 2HE
2026-04-23 20:44:53,994 [ genlib ] [ INFO ] Checking atom NZ
2026-04-23 20:44:53,994 [ genlib ] [ INFO ] No partner found for atom NZ
2026-04-23 20:44:53,994 [ genlib ] [ INFO ] Searching order 6
2026-04-23 20:44:53,994 [ genlib ] [ INFO ] Searching order 7
2026-04-23 20:44:53,997 [ genlib ] [ INFO ] Updating bond lists
2026-04-23 20:44:53,997 [ genlib ] [ INFO ] Updating dihedrals
2026-04-23 20:44:53,997 [ genlib ] [ INFO ] Updating impropers
2026-04-23 20:44:53,997 [ genlib ] [ INFO ] Building library files for LYN --> LEU mutant
2026-04-23 20:44:53,998 [ genlib ] [ INFO ] reading rtp file "aminoacids.rtp"
2026-04-23 20:44:54,033 [ genlib ] [ INFO ] ENTERED SIMPLE
2026-04-23 20:44:54,033 [ genlib ] [ INFO ] Making atom pairs
2026-04-23 20:44:54,033 [ genlib ] [ INFO ] Searching branch 1
2026-04-23 20:44:54,033 [ genlib ] [ INFO ] Searching order 2
2026-04-23 20:44:54,033 [ genlib ] [ INFO ] Checking atom 1HB
2026-04-23 20:44:54,033 [ genlib ] [ INFO ] Define atom pair: LYN|1HB|HC|H         - > LEU|1HB|HC|H         (d = 0.08 A)
2026-04-23 20:44:54,033 [ genlib ] [ INFO ] Checking atom 2HB
2026-04-23 20:44:54,033 [ genlib ] [ INFO ] Define atom pair: LYN|2HB|HC|H         - > LEU|2HB|HC|H         (d = 0.13 A)
2026-04-23 20:44:54,033 [ genlib ] [ INFO ] Checking atom CG
2026-04-23 20:44:54,033 [ genlib ] [ INFO ] Define atom pair: LYN|CG|CT|C.3        - > LEU|CG|3C|C.3        (d = 0.09 A)
2026-04-23 20:44:54,033 [ genlib ] [ INFO ] Searching order 3
2026-04-23 20:44:54,033 [ genlib ] [ INFO ] Checking atom 1HG
2026-04-23 20:44:54,033 [ genlib ] [ INFO ] Define atom pair: LYN|1HG|HC|H         - > LEU|CD2|CT|C.3       (d = 0.53 A)
2026-04-23 20:44:54,033 [ genlib ] [ INFO ] Checking atom 2HG
2026-04-23 20:44:54,033 [ genlib ] [ INFO ] Define atom pair: LYN|2HG|HC|H         - > LEU|HG|HC|H          (d = 0.20 A)
2026-04-23 20:44:54,033 [ genlib ] [ INFO ] Checking atom CD
2026-04-23 20:44:54,033 [ genlib ] [ INFO ] Define atom pair: LYN|CD|CT|C.3        - > LEU|CD1|CT|C.3       (d = 0.11 A)
2026-04-23 20:44:54,033 [ genlib ] [ INFO ] Searching order 4
2026-04-23 20:44:54,033 [ genlib ] [ INFO ] Checking atom 1HD
2026-04-23 20:44:54,033 [ genlib ] [ INFO ] Define atom pair: LYN|1HD|HC|H         - > LEU|2HD1|HC|H        (d = 0.21 A)
2026-04-23 20:44:54,033 [ genlib ] [ INFO ] Checking atom 2HD
2026-04-23 20:44:54,033 [ genlib ] [ INFO ] Define atom pair: LYN|2HD|HC|H         - > LEU|3HD1|HC|H        (d = 0.19 A)
2026-04-23 20:44:54,033 [ genlib ] [ INFO ] Checking atom CE
2026-04-23 20:44:54,033 [ genlib ] [ INFO ] Define atom pair: LYN|CE|CT|C.3        - > LEU|1HD1|HC|H        (d = 0.49 A)
2026-04-23 20:44:54,033 [ genlib ] [ INFO ] Searching order 5
2026-04-23 20:44:54,033 [ genlib ] [ INFO ] Checking atom 1HE
2026-04-23 20:44:54,033 [ genlib ] [ INFO ] No partner found for atom 1HE
2026-04-23 20:44:54,033 [ genlib ] [ INFO ] Checking atom 2HE
2026-04-23 20:44:54,033 [ genlib ] [ INFO ] No partner found for atom 2HE
2026-04-23 20:44:54,033 [ genlib ] [ INFO ] Checking atom NZ
2026-04-23 20:44:54,033 [ genlib ] [ INFO ] No partner found for atom NZ
2026-04-23 20:44:54,033 [ genlib ] [ INFO ] Searching order 6
2026-04-23 20:44:54,033 [ genlib ] [ INFO ] Searching order 7
2026-04-23 20:44:54,033 [ genlib ] [ INFO ] Searching branch 2
2026-04-23 20:44:54,033 [ genlib ] [ INFO ] Searching order 2
2026-04-23 20:44:54,033 [ genlib ] [ INFO ] Searching order 3
2026-04-23 20:44:54,033 [ genlib ] [ INFO ] Searching order 4
2026-04-23 20:44:54,033 [ genlib ] [ INFO ] Searching order 5
2026-04-23 20:44:54,033 [ genlib ] [ INFO ] Checking atom 1HE
2026-04-23 20:44:54,033 [ genlib ] [ INFO ] No partner found for atom 1HE
2026-04-23 20:44:54,033 [ genlib ] [ INFO ] Checking atom 2HE
2026-04-23 20:44:54,033 [ genlib ] [ INFO ] No partner found for atom 2HE
2026-04-23 20:44:54,033 [ genlib ] [ INFO ] Checking atom NZ
2026-04-23 20:44:54,033 [ genlib ] [ INFO ] No partner found for atom NZ
2026-04-23 20:44:54,033 [ genlib ] [ INFO ] Searching order 6
2026-04-23 20:44:54,033 [ genlib ] [ INFO ] Searching order 7
2026-04-23 20:44:54,035 [ genlib ] [ INFO ] Updating bond lists
2026-04-23 20:44:54,035 [ genlib ] [ INFO ] Updating dihedrals
2026-04-23 20:44:54,035 [ genlib ] [ INFO ] Updating impropers
2026-04-23 20:44:54,035 [ genlib ] [ INFO ] Building library files for LYN --> LYS mutant
2026-04-23 20:44:54,036 [ genlib ] [ INFO ] reading rtp file "aminoacids.rtp"
2026-04-23 20:44:54,071 [ genlib ] [ INFO ] ENTERED SIMPLE
2026-04-23 20:44:54,071 [ genlib ] [ INFO ] Making atom pairs
2026-04-23 20:44:54,071 [ genlib ] [ INFO ] Searching branch 1
2026-04-23 20:44:54,071 [ genlib ] [ INFO ] Searching order 2
2026-04-23 20:44:54,071 [ genlib ] [ INFO ] Checking atom 1HB
2026-04-23 20:44:54,071 [ genlib ] [ INFO ] Define atom pair: LYN|1HB|HC|H         - > LYS|1HB|HC|H         (d = 0.09 A)
2026-04-23 20:44:54,071 [ genlib ] [ INFO ] Checking atom 2HB
2026-04-23 20:44:54,071 [ genlib ] [ INFO ] Define atom pair: LYN|2HB|HC|H         - > LYS|2HB|HC|H         (d = 0.10 A)
2026-04-23 20:44:54,071 [ genlib ] [ INFO ] Checking atom CG
2026-04-23 20:44:54,071 [ genlib ] [ INFO ] Define atom pair: LYN|CG|CT|C.3        - > LYS|CG|C8|C.3        (d = 0.00 A)
2026-04-23 20:44:54,071 [ genlib ] [ INFO ] Searching order 3
2026-04-23 20:44:54,071 [ genlib ] [ INFO ] Checking atom 1HG
2026-04-23 20:44:54,071 [ genlib ] [ INFO ] Define atom pair: LYN|1HG|HC|H         - > LYS|1HG|HC|H         (d = 0.11 A)
2026-04-23 20:44:54,071 [ genlib ] [ INFO ] Checking atom 2HG
2026-04-23 20:44:54,071 [ genlib ] [ INFO ] Define atom pair: LYN|2HG|HC|H         - > LYS|2HG|HC|H         (d = 0.10 A)
2026-04-23 20:44:54,071 [ genlib ] [ INFO ] Checking atom CD
2026-04-23 20:44:54,071 [ genlib ] [ INFO ] Define atom pair: LYN|CD|CT|C.3        - > LYS|CD|C8|C.3        (d = 0.03 A)
2026-04-23 20:44:54,071 [ genlib ] [ INFO ] Searching order 4
2026-04-23 20:44:54,071 [ genlib ] [ INFO ] Checking atom 1HD
2026-04-23 20:44:54,071 [ genlib ] [ INFO ] Define atom pair: LYN|1HD|HC|H         - > LYS|1HD|HC|H         (d = 0.07 A)
2026-04-23 20:44:54,071 [ genlib ] [ INFO ] Checking atom 2HD
2026-04-23 20:44:54,071 [ genlib ] [ INFO ] Define atom pair: LYN|2HD|HC|H         - > LYS|2HD|HC|H         (d = 0.08 A)
2026-04-23 20:44:54,071 [ genlib ] [ INFO ] Checking atom CE
2026-04-23 20:44:54,071 [ genlib ] [ INFO ] Define atom pair: LYN|CE|CT|C.3        - > LYS|CE|C8|C.3        (d = 0.05 A)
2026-04-23 20:44:54,071 [ genlib ] [ INFO ] Searching order 5
2026-04-23 20:44:54,071 [ genlib ] [ INFO ] Checking atom 1HE
2026-04-23 20:44:54,071 [ genlib ] [ INFO ] Define atom pair: LYN|1HE|HP|H         - > LYS|1HE|HP|H         (d = 0.14 A)
2026-04-23 20:44:54,071 [ genlib ] [ INFO ] Checking atom 2HE
2026-04-23 20:44:54,071 [ genlib ] [ INFO ] Define atom pair: LYN|2HE|HP|H         - > LYS|2HE|HP|H         (d = 0.14 A)
2026-04-23 20:44:54,071 [ genlib ] [ INFO ] Checking atom NZ
2026-04-23 20:44:54,071 [ genlib ] [ INFO ] Define atom pair: LYN|NZ|N3|N.4        - > LYS|NZ|N3|N.4        (d = 0.06 A)
2026-04-23 20:44:54,071 [ genlib ] [ INFO ] Searching order 6
2026-04-23 20:44:54,071 [ genlib ] [ INFO ] Checking atom 1HZ
2026-04-23 20:44:54,071 [ genlib ] [ INFO ] Define atom pair: LYN|1HZ|H|H          - > LYS|1HZ|H|H          (d = 0.07 A)
2026-04-23 20:44:54,071 [ genlib ] [ INFO ] Checking atom 2HZ
2026-04-23 20:44:54,071 [ genlib ] [ INFO ] Define atom pair: LYN|2HZ|H|H          - > LYS|2HZ|H|H          (d = 0.06 A)
2026-04-23 20:44:54,071 [ genlib ] [ INFO ] Searching order 7
2026-04-23 20:44:54,071 [ genlib ] [ INFO ] Searching branch 2
2026-04-23 20:44:54,071 [ genlib ] [ INFO ] Searching order 2
2026-04-23 20:44:54,071 [ genlib ] [ INFO ] Searching order 3
2026-04-23 20:44:54,071 [ genlib ] [ INFO ] Searching order 4
2026-04-23 20:44:54,071 [ genlib ] [ INFO ] Searching order 5
2026-04-23 20:44:54,071 [ genlib ] [ INFO ] Searching order 6
2026-04-23 20:44:54,071 [ genlib ] [ INFO ] Searching order 7
2026-04-23 20:44:54,072 [ genlib ] [ INFO ] Updating bond lists
2026-04-23 20:44:54,072 [ genlib ] [ INFO ] Updating dihedrals
2026-04-23 20:44:54,072 [ genlib ] [ INFO ] Updating impropers
2026-04-23 20:44:54,073 [ genlib ] [ INFO ] Building library files for LYN --> MET mutant
2026-04-23 20:44:54,074 [ genlib ] [ INFO ] reading rtp file "aminoacids.rtp"
2026-04-23 20:44:54,108 [ genlib ] [ INFO ] ENTERED SIMPLE
2026-04-23 20:44:54,108 [ genlib ] [ INFO ] Making atom pairs
2026-04-23 20:44:54,108 [ genlib ] [ INFO ] Searching branch 1
2026-04-23 20:44:54,108 [ genlib ] [ INFO ] Searching order 2
2026-04-23 20:44:54,108 [ genlib ] [ INFO ] Checking atom 1HB
2026-04-23 20:44:54,108 [ genlib ] [ INFO ] Define atom pair: LYN|1HB|HC|H         - > MET|1HB|HC|H         (d = 0.10 A)
2026-04-23 20:44:54,108 [ genlib ] [ INFO ] Checking atom 2HB
2026-04-23 20:44:54,108 [ genlib ] [ INFO ] Define atom pair: LYN|2HB|HC|H         - > MET|2HB|HC|H         (d = 0.13 A)
2026-04-23 20:44:54,108 [ genlib ] [ INFO ] Checking atom CG
2026-04-23 20:44:54,108 [ genlib ] [ INFO ] Define atom pair: LYN|CG|CT|C.3        - > MET|CG|2C|C.3        (d = 0.11 A)
2026-04-23 20:44:54,108 [ genlib ] [ INFO ] Searching order 3
2026-04-23 20:44:54,108 [ genlib ] [ INFO ] Checking atom 1HG
2026-04-23 20:44:54,108 [ genlib ] [ INFO ] Define atom pair: LYN|1HG|HC|H         - > MET|1HG|H1|H         (d = 0.13 A)
2026-04-23 20:44:54,108 [ genlib ] [ INFO ] Checking atom 2HG
2026-04-23 20:44:54,108 [ genlib ] [ INFO ] Define atom pair: LYN|2HG|HC|H         - > MET|2HG|H1|H         (d = 0.11 A)
2026-04-23 20:44:54,108 [ genlib ] [ INFO ] Checking atom CD
2026-04-23 20:44:54,108 [ genlib ] [ INFO ] Define atom pair: LYN|CD|CT|C.3        - > MET|SD|S|S.3         (d = 0.37 A)
2026-04-23 20:44:54,108 [ genlib ] [ INFO ] Searching order 4
2026-04-23 20:44:54,108 [ genlib ] [ INFO ] Checking atom 1HD
2026-04-23 20:44:54,108 [ genlib ] [ INFO ] No partner found for atom 1HD
2026-04-23 20:44:54,108 [ genlib ] [ INFO ] Checking atom 2HD
2026-04-23 20:44:54,108 [ genlib ] [ INFO ] No partner found for atom 2HD
2026-04-23 20:44:54,108 [ genlib ] [ INFO ] Checking atom CE
2026-04-23 20:44:54,108 [ genlib ] [ INFO ] Define atom pair: LYN|CE|CT|C.3        - > MET|CE|CT|C.3        (d = 0.48 A)
2026-04-23 20:44:54,108 [ genlib ] [ INFO ] Searching order 5
2026-04-23 20:44:54,108 [ genlib ] [ INFO ] Checking atom 1HE
2026-04-23 20:44:54,108 [ genlib ] [ INFO ] Define atom pair: LYN|1HE|HP|H         - > MET|2HE|H1|H         (d = 0.52 A)
2026-04-23 20:44:54,108 [ genlib ] [ INFO ] Checking atom 2HE
2026-04-23 20:44:54,108 [ genlib ] [ INFO ] Define atom pair: LYN|2HE|HP|H         - > MET|3HE|H1|H         (d = 0.45 A)
2026-04-23 20:44:54,108 [ genlib ] [ INFO ] Checking atom NZ
2026-04-23 20:44:54,108 [ genlib ] [ INFO ] No partner found for atom NZ
2026-04-23 20:44:54,108 [ genlib ] [ INFO ] Searching order 6
2026-04-23 20:44:54,108 [ genlib ] [ INFO ] Searching order 7
2026-04-23 20:44:54,108 [ genlib ] [ INFO ] Searching branch 2
2026-04-23 20:44:54,108 [ genlib ] [ INFO ] Searching order 2
2026-04-23 20:44:54,108 [ genlib ] [ INFO ] Searching order 3
2026-04-23 20:44:54,108 [ genlib ] [ INFO ] Searching order 4
2026-04-23 20:44:54,108 [ genlib ] [ INFO ] Checking atom 1HD
2026-04-23 20:44:54,108 [ genlib ] [ INFO ] No partner found for atom 1HD
2026-04-23 20:44:54,108 [ genlib ] [ INFO ] Checking atom 2HD
2026-04-23 20:44:54,108 [ genlib ] [ INFO ] No partner found for atom 2HD
2026-04-23 20:44:54,108 [ genlib ] [ INFO ] Searching order 5
2026-04-23 20:44:54,109 [ genlib ] [ INFO ] Checking atom NZ
2026-04-23 20:44:54,109 [ genlib ] [ INFO ] No partner found for atom NZ
2026-04-23 20:44:54,109 [ genlib ] [ INFO ] Searching order 6
2026-04-23 20:44:54,109 [ genlib ] [ INFO ] Searching order 7
2026-04-23 20:44:54,109 [ genlib ] [ INFO ] Updating bond lists
2026-04-23 20:44:54,109 [ genlib ] [ INFO ] Updating dihedrals
2026-04-23 20:44:54,109 [ genlib ] [ INFO ] Updating impropers
2026-04-23 20:44:54,110 [ genlib ] [ INFO ] Building library files for LYN --> PHE mutant
2026-04-23 20:44:54,111 [ genlib ] [ INFO ] reading rtp file "aminoacids.rtp"
2026-04-23 20:44:54,145 [ genlib ] [ INFO ] ENTERED RINGS
2026-04-23 20:44:54,145 [ genlib ] [ INFO ] Making atom pairs
2026-04-23 20:44:54,149 [ genlib ] [ INFO ] Updating bond lists
2026-04-23 20:44:54,149 [ genlib ] [ INFO ] Updating dihedrals
2026-04-23 20:44:54,149 [ genlib ] [ INFO ] Updating impropers
2026-04-23 20:44:54,150 [ genlib ] [ INFO ] Building library files for LYN --> PRO mutant
2026-04-23 20:44:54,151 [ genlib ] [ INFO ] reading rtp file "aminoacids.rtp"
2026-04-23 20:44:54,185 [ genlib ] [ INFO ] ENTERED P
2026-04-23 20:44:54,185 [ genlib ] [ INFO ] Making atom pairs
2026-04-23 20:44:54,188 [ genlib ] [ INFO ] Updating bond lists
2026-04-23 20:44:54,188 [ genlib ] [ INFO ] Updating dihedrals
2026-04-23 20:44:54,188 [ genlib ] [ INFO ] Updating impropers
2026-04-23 20:44:54,189 [ genlib ] [ INFO ] Building library files for LYN --> SER mutant
2026-04-23 20:44:54,190 [ genlib ] [ INFO ] reading rtp file "aminoacids.rtp"
2026-04-23 20:44:54,224 [ genlib ] [ INFO ] ENTERED SIMPLE
2026-04-23 20:44:54,225 [ genlib ] [ INFO ] Making atom pairs
2026-04-23 20:44:54,225 [ genlib ] [ INFO ] Searching branch 1
2026-04-23 20:44:54,225 [ genlib ] [ INFO ] Searching order 2
2026-04-23 20:44:54,225 [ genlib ] [ INFO ] Checking atom 1HB
2026-04-23 20:44:54,225 [ genlib ] [ INFO ] Define atom pair: LYN|1HB|HC|H         - > SER|1HB|H1|H         (d = 0.13 A)
2026-04-23 20:44:54,225 [ genlib ] [ INFO ] Checking atom 2HB
2026-04-23 20:44:54,225 [ genlib ] [ INFO ] Define atom pair: LYN|2HB|HC|H         - > SER|2HB|H1|H         (d = 0.11 A)
2026-04-23 20:44:54,225 [ genlib ] [ INFO ] Checking atom CG
2026-04-23 20:44:54,225 [ genlib ] [ INFO ] Define atom pair: LYN|CG|CT|C.3        - > SER|OG|OH|O.3        (d = 0.19 A)
2026-04-23 20:44:54,225 [ genlib ] [ INFO ] Searching order 3
2026-04-23 20:44:54,225 [ genlib ] [ INFO ] Checking atom 1HG
2026-04-23 20:44:54,225 [ genlib ] [ INFO ] No partner found for atom 1HG
2026-04-23 20:44:54,225 [ genlib ] [ INFO ] Checking atom 2HG
2026-04-23 20:44:54,225 [ genlib ] [ INFO ] No partner found for atom 2HG
2026-04-23 20:44:54,225 [ genlib ] [ INFO ] Checking atom CD
2026-04-23 20:44:54,225 [ genlib ] [ INFO ] No partner found for atom CD
2026-04-23 20:44:54,225 [ genlib ] [ INFO ] Searching order 4
2026-04-23 20:44:54,225 [ genlib ] [ INFO ] Searching order 5
2026-04-23 20:44:54,225 [ genlib ] [ INFO ] Searching order 6
2026-04-23 20:44:54,225 [ genlib ] [ INFO ] Searching order 7
2026-04-23 20:44:54,225 [ genlib ] [ INFO ] Searching branch 2
2026-04-23 20:44:54,225 [ genlib ] [ INFO ] Searching order 2
2026-04-23 20:44:54,225 [ genlib ] [ INFO ] Searching order 3
2026-04-23 20:44:54,225 [ genlib ] [ INFO ] Checking atom 1HG
2026-04-23 20:44:54,225 [ genlib ] [ INFO ] No partner found for atom 1HG
2026-04-23 20:44:54,225 [ genlib ] [ INFO ] Checking atom 2HG
2026-04-23 20:44:54,225 [ genlib ] [ INFO ] No partner found for atom 2HG
2026-04-23 20:44:54,225 [ genlib ] [ INFO ] Checking atom CD
2026-04-23 20:44:54,225 [ genlib ] [ INFO ] No partner found for atom CD
2026-04-23 20:44:54,225 [ genlib ] [ INFO ] Searching order 4
2026-04-23 20:44:54,225 [ genlib ] [ INFO ] Searching order 5
2026-04-23 20:44:54,225 [ genlib ] [ INFO ] Searching order 6
2026-04-23 20:44:54,225 [ genlib ] [ INFO ] Searching order 7
2026-04-23 20:44:54,243 [ genlib ] [ INFO ] Updating bond lists
2026-04-23 20:44:54,243 [ genlib ] [ INFO ] Updating dihedrals
2026-04-23 20:44:54,243 [ genlib ] [ INFO ] Updating impropers
2026-04-23 20:44:54,243 [ genlib ] [ INFO ] Building library files for LYN --> THR mutant
2026-04-23 20:44:54,244 [ genlib ] [ INFO ] reading rtp file "aminoacids.rtp"
2026-04-23 20:44:54,278 [ genlib ] [ INFO ] ENTERED SIMPLE
2026-04-23 20:44:54,278 [ genlib ] [ INFO ] Making atom pairs
2026-04-23 20:44:54,278 [ genlib ] [ INFO ] Searching branch 1
2026-04-23 20:44:54,278 [ genlib ] [ INFO ] Searching order 2
2026-04-23 20:44:54,278 [ genlib ] [ INFO ] Checking atom 1HB
2026-04-23 20:44:54,278 [ genlib ] [ INFO ] Define atom pair: LYN|1HB|HC|H         - > THR|HB|H1|H          (d = 0.12 A)
2026-04-23 20:44:54,278 [ genlib ] [ INFO ] Checking atom 2HB
2026-04-23 20:44:54,278 [ genlib ] [ INFO ] No partner found for atom 2HB
2026-04-23 20:44:54,278 [ genlib ] [ INFO ] Checking atom CG
2026-04-23 20:44:54,278 [ genlib ] [ INFO ] Define atom pair: LYN|CG|CT|C.3        - > THR|OG1|OH|O.3       (d = 0.24 A)
2026-04-23 20:44:54,278 [ genlib ] [ INFO ] Searching order 3
2026-04-23 20:44:54,278 [ genlib ] [ INFO ] Checking atom 1HG
2026-04-23 20:44:54,278 [ genlib ] [ INFO ] No partner found for atom 1HG
2026-04-23 20:44:54,278 [ genlib ] [ INFO ] Checking atom 2HG
2026-04-23 20:44:54,278 [ genlib ] [ INFO ] No partner found for atom 2HG
2026-04-23 20:44:54,278 [ genlib ] [ INFO ] Checking atom CD
2026-04-23 20:44:54,278 [ genlib ] [ INFO ] No partner found for atom CD
2026-04-23 20:44:54,278 [ genlib ] [ INFO ] Searching order 4
2026-04-23 20:44:54,278 [ genlib ] [ INFO ] Searching order 5
2026-04-23 20:44:54,278 [ genlib ] [ INFO ] Searching order 6
2026-04-23 20:44:54,278 [ genlib ] [ INFO ] Searching order 7
2026-04-23 20:44:54,278 [ genlib ] [ INFO ] Searching branch 2
2026-04-23 20:44:54,278 [ genlib ] [ INFO ] Searching order 2
2026-04-23 20:44:54,278 [ genlib ] [ INFO ] Checking atom 2HB
2026-04-23 20:44:54,278 [ genlib ] [ INFO ] No partner found for atom 2HB
2026-04-23 20:44:54,278 [ genlib ] [ INFO ] Searching order 3
2026-04-23 20:44:54,278 [ genlib ] [ INFO ] Checking atom 1HG
2026-04-23 20:44:54,278 [ genlib ] [ INFO ] No partner found for atom 1HG
2026-04-23 20:44:54,278 [ genlib ] [ INFO ] Checking atom 2HG
2026-04-23 20:44:54,278 [ genlib ] [ INFO ] No partner found for atom 2HG
2026-04-23 20:44:54,278 [ genlib ] [ INFO ] Checking atom CD
2026-04-23 20:44:54,278 [ genlib ] [ INFO ] No partner found for atom CD
2026-04-23 20:44:54,278 [ genlib ] [ INFO ] Searching order 4
2026-04-23 20:44:54,278 [ genlib ] [ INFO ] Searching order 5
2026-04-23 20:44:54,278 [ genlib ] [ INFO ] Searching order 6
2026-04-23 20:44:54,278 [ genlib ] [ INFO ] Searching order 7
2026-04-23 20:44:54,280 [ genlib ] [ INFO ] Updating bond lists
2026-04-23 20:44:54,280 [ genlib ] [ INFO ] Updating dihedrals
2026-04-23 20:44:54,280 [ genlib ] [ INFO ] Updating impropers
2026-04-23 20:44:54,280 [ genlib ] [ INFO ] Building library files for LYN --> TRP mutant
2026-04-23 20:44:54,281 [ genlib ] [ INFO ] reading rtp file "aminoacids.rtp"
2026-04-23 20:44:54,316 [ genlib ] [ INFO ] ENTERED RINGS
2026-04-23 20:44:54,316 [ genlib ] [ INFO ] Making atom pairs
2026-04-23 20:44:54,323 [ genlib ] [ INFO ] Updating bond lists
2026-04-23 20:44:54,323 [ genlib ] [ INFO ] Updating dihedrals
2026-04-23 20:44:54,323 [ genlib ] [ INFO ] Updating impropers
2026-04-23 20:44:54,323 [ genlib ] [ INFO ] Building library files for LYN --> TYR mutant
2026-04-23 20:44:54,324 [ genlib ] [ INFO ] reading rtp file "aminoacids.rtp"
2026-04-23 20:44:54,359 [ genlib ] [ INFO ] ENTERED RINGS
2026-04-23 20:44:54,359 [ genlib ] [ INFO ] Making atom pairs
2026-04-23 20:44:54,364 [ genlib ] [ INFO ] Updating bond lists
2026-04-23 20:44:54,364 [ genlib ] [ INFO ] Updating dihedrals
2026-04-23 20:44:54,364 [ genlib ] [ INFO ] Updating impropers
2026-04-23 20:44:54,364 [ genlib ] [ INFO ] Building library files for LYN --> VAL mutant
2026-04-23 20:44:54,365 [ genlib ] [ INFO ] reading rtp file "aminoacids.rtp"
2026-04-23 20:44:54,400 [ genlib ] [ INFO ] ENTERED SIMPLE
2026-04-23 20:44:54,400 [ genlib ] [ INFO ] Making atom pairs
2026-04-23 20:44:54,400 [ genlib ] [ INFO ] Searching branch 1
2026-04-23 20:44:54,400 [ genlib ] [ INFO ] Searching order 2
2026-04-23 20:44:54,400 [ genlib ] [ INFO ] Checking atom 1HB
2026-04-23 20:44:54,400 [ genlib ] [ INFO ] Define atom pair: LYN|1HB|HC|H         - > VAL|HB|HC|H          (d = 0.19 A)
2026-04-23 20:44:54,400 [ genlib ] [ INFO ] Checking atom 2HB
2026-04-23 20:44:54,400 [ genlib ] [ INFO ] Define atom pair: LYN|2HB|HC|H         - > VAL|CG1|CT|C.3       (d = 0.53 A)
2026-04-23 20:44:54,400 [ genlib ] [ INFO ] Checking atom CG
2026-04-23 20:44:54,400 [ genlib ] [ INFO ] Define atom pair: LYN|CG|CT|C.3        - > VAL|CG2|CT|C.3       (d = 0.25 A)
2026-04-23 20:44:54,400 [ genlib ] [ INFO ] Searching order 3
2026-04-23 20:44:54,400 [ genlib ] [ INFO ] Checking atom 1HG
2026-04-23 20:44:54,400 [ genlib ] [ INFO ] Define atom pair: LYN|1HG|HC|H         - > VAL|2HG2|HC|H        (d = 0.35 A)
2026-04-23 20:44:54,400 [ genlib ] [ INFO ] Checking atom 2HG
2026-04-23 20:44:54,400 [ genlib ] [ INFO ] Define atom pair: LYN|2HG|HC|H         - > VAL|3HG2|HC|H        (d = 0.37 A)
2026-04-23 20:44:54,400 [ genlib ] [ INFO ] Checking atom CD
2026-04-23 20:44:54,400 [ genlib ] [ INFO ] Define atom pair: LYN|CD|CT|C.3        - > VAL|1HG2|HC|H        (d = 0.44 A)
2026-04-23 20:44:54,400 [ genlib ] [ INFO ] Searching order 4
2026-04-23 20:44:54,400 [ genlib ] [ INFO ] Checking atom 1HD
2026-04-23 20:44:54,400 [ genlib ] [ INFO ] No partner found for atom 1HD
2026-04-23 20:44:54,400 [ genlib ] [ INFO ] Checking atom 2HD
2026-04-23 20:44:54,400 [ genlib ] [ INFO ] No partner found for atom 2HD
2026-04-23 20:44:54,400 [ genlib ] [ INFO ] Checking atom CE
2026-04-23 20:44:54,400 [ genlib ] [ INFO ] No partner found for atom CE
2026-04-23 20:44:54,400 [ genlib ] [ INFO ] Searching order 5
2026-04-23 20:44:54,400 [ genlib ] [ INFO ] Searching order 6
2026-04-23 20:44:54,400 [ genlib ] [ INFO ] Searching order 7
2026-04-23 20:44:54,400 [ genlib ] [ INFO ] Searching branch 2
2026-04-23 20:44:54,400 [ genlib ] [ INFO ] Searching order 2
2026-04-23 20:44:54,400 [ genlib ] [ INFO ] Searching order 3
2026-04-23 20:44:54,400 [ genlib ] [ INFO ] Searching order 4
2026-04-23 20:44:54,400 [ genlib ] [ INFO ] Checking atom 1HD
2026-04-23 20:44:54,400 [ genlib ] [ INFO ] No partner found for atom 1HD
2026-04-23 20:44:54,400 [ genlib ] [ INFO ] Checking atom 2HD
2026-04-23 20:44:54,400 [ genlib ] [ INFO ] No partner found for atom 2HD
2026-04-23 20:44:54,400 [ genlib ] [ INFO ] Checking atom CE
2026-04-23 20:44:54,400 [ genlib ] [ INFO ] No partner found for atom CE
2026-04-23 20:44:54,400 [ genlib ] [ INFO ] Searching order 5
2026-04-23 20:44:54,400 [ genlib ] [ INFO ] Searching order 6
2026-04-23 20:44:54,400 [ genlib ] [ INFO ] Searching order 7
2026-04-23 20:44:54,401 [ genlib ] [ INFO ] Updating bond lists
2026-04-23 20:44:54,401 [ genlib ] [ INFO ] Updating dihedrals
2026-04-23 20:44:54,401 [ genlib ] [ INFO ] Updating impropers
2026-04-23 20:44:54,402 [ genlib ] [ INFO ] Building library files for LYS --> ALA mutant
2026-04-23 20:44:54,403 [ genlib ] [ INFO ] reading rtp file "aminoacids.rtp"
2026-04-23 20:44:54,438 [ genlib ] [ INFO ] ENTERED SIMPLE
2026-04-23 20:44:54,438 [ genlib ] [ INFO ] Making atom pairs
2026-04-23 20:44:54,438 [ genlib ] [ INFO ] Searching branch 1
2026-04-23 20:44:54,438 [ genlib ] [ INFO ] Searching order 2
2026-04-23 20:44:54,438 [ genlib ] [ INFO ] Checking atom 1HB
2026-04-23 20:44:54,438 [ genlib ] [ INFO ] Define atom pair: LYS|1HB|HC|H         - > ALA|2HB|HC|H         (d = 0.06 A)
2026-04-23 20:44:54,438 [ genlib ] [ INFO ] Checking atom 2HB
2026-04-23 20:44:54,438 [ genlib ] [ INFO ] Define atom pair: LYS|2HB|HC|H         - > ALA|3HB|HC|H         (d = 0.07 A)
2026-04-23 20:44:54,438 [ genlib ] [ INFO ] Checking atom CG
2026-04-23 20:44:54,438 [ genlib ] [ INFO ] Define atom pair: LYS|CG|C8|C.3        - > ALA|1HB|HC|H         (d = 0.47 A)
2026-04-23 20:44:54,438 [ genlib ] [ INFO ] Searching order 3
2026-04-23 20:44:54,438 [ genlib ] [ INFO ] Checking atom 1HG
2026-04-23 20:44:54,438 [ genlib ] [ INFO ] No partner found for atom 1HG
2026-04-23 20:44:54,438 [ genlib ] [ INFO ] Checking atom 2HG
2026-04-23 20:44:54,438 [ genlib ] [ INFO ] No partner found for atom 2HG
2026-04-23 20:44:54,438 [ genlib ] [ INFO ] Checking atom CD
2026-04-23 20:44:54,438 [ genlib ] [ INFO ] No partner found for atom CD
2026-04-23 20:44:54,438 [ genlib ] [ INFO ] Searching order 4
2026-04-23 20:44:54,438 [ genlib ] [ INFO ] Searching order 5
2026-04-23 20:44:54,438 [ genlib ] [ INFO ] Searching order 6
2026-04-23 20:44:54,438 [ genlib ] [ INFO ] Searching order 7
2026-04-23 20:44:54,438 [ genlib ] [ INFO ] Searching branch 2
2026-04-23 20:44:54,438 [ genlib ] [ INFO ] Searching order 2
2026-04-23 20:44:54,438 [ genlib ] [ INFO ] Searching order 3
2026-04-23 20:44:54,438 [ genlib ] [ INFO ] Checking atom 1HG
2026-04-23 20:44:54,438 [ genlib ] [ INFO ] No partner found for atom 1HG
2026-04-23 20:44:54,438 [ genlib ] [ INFO ] Checking atom 2HG
2026-04-23 20:44:54,438 [ genlib ] [ INFO ] No partner found for atom 2HG
2026-04-23 20:44:54,438 [ genlib ] [ INFO ] Checking atom CD
2026-04-23 20:44:54,438 [ genlib ] [ INFO ] No partner found for atom CD
2026-04-23 20:44:54,438 [ genlib ] [ INFO ] Searching order 4
2026-04-23 20:44:54,438 [ genlib ] [ INFO ] Searching order 5
2026-04-23 20:44:54,438 [ genlib ] [ INFO ] Searching order 6
2026-04-23 20:44:54,438 [ genlib ] [ INFO ] Searching order 7
2026-04-23 20:44:54,439 [ genlib ] [ INFO ] Updating bond lists
2026-04-23 20:44:54,439 [ genlib ] [ INFO ] Updating dihedrals
2026-04-23 20:44:54,439 [ genlib ] [ INFO ] Updating impropers
2026-04-23 20:44:54,439 [ genlib ] [ INFO ] Building library files for LYS --> ARG mutant
2026-04-23 20:44:54,440 [ genlib ] [ INFO ] reading rtp file "aminoacids.rtp"
2026-04-23 20:44:54,474 [ genlib ] [ INFO ] ENTERED SIMPLE
2026-04-23 20:44:54,475 [ genlib ] [ INFO ] Making atom pairs
2026-04-23 20:44:54,475 [ genlib ] [ INFO ] Searching branch 1
2026-04-23 20:44:54,475 [ genlib ] [ INFO ] Searching order 2
2026-04-23 20:44:54,475 [ genlib ] [ INFO ] Checking atom 1HB
2026-04-23 20:44:54,475 [ genlib ] [ INFO ] Define atom pair: LYS|1HB|HC|H         - > ARG|1HB|HC|H         (d = 0.01 A)
2026-04-23 20:44:54,475 [ genlib ] [ INFO ] Checking atom 2HB
2026-04-23 20:44:54,475 [ genlib ] [ INFO ] Define atom pair: LYS|2HB|HC|H         - > ARG|2HB|HC|H         (d = 0.00 A)
2026-04-23 20:44:54,475 [ genlib ] [ INFO ] Checking atom CG
2026-04-23 20:44:54,475 [ genlib ] [ INFO ] Define atom pair: LYS|CG|C8|C.3        - > ARG|CG|C8|C.3        (d = 0.01 A)
2026-04-23 20:44:54,475 [ genlib ] [ INFO ] Searching order 3
2026-04-23 20:44:54,475 [ genlib ] [ INFO ] Checking atom 1HG
2026-04-23 20:44:54,475 [ genlib ] [ INFO ] Define atom pair: LYS|1HG|HC|H         - > ARG|1HG|HC|H         (d = 0.01 A)
2026-04-23 20:44:54,475 [ genlib ] [ INFO ] Checking atom 2HG
2026-04-23 20:44:54,475 [ genlib ] [ INFO ] Define atom pair: LYS|2HG|HC|H         - > ARG|2HG|HC|H         (d = 0.02 A)
2026-04-23 20:44:54,475 [ genlib ] [ INFO ] Checking atom CD
2026-04-23 20:44:54,475 [ genlib ] [ INFO ] Define atom pair: LYS|CD|C8|C.3        - > ARG|CD|C8|C.3        (d = 0.01 A)
2026-04-23 20:44:54,475 [ genlib ] [ INFO ] Searching order 4
2026-04-23 20:44:54,475 [ genlib ] [ INFO ] Checking atom 1HD
2026-04-23 20:44:54,475 [ genlib ] [ INFO ] Define atom pair: LYS|1HD|HC|H         - > ARG|1HD|H1|H         (d = 0.02 A)
2026-04-23 20:44:54,475 [ genlib ] [ INFO ] Checking atom 2HD
2026-04-23 20:44:54,475 [ genlib ] [ INFO ] Define atom pair: LYS|2HD|HC|H         - > ARG|2HD|H1|H         (d = 0.02 A)
2026-04-23 20:44:54,475 [ genlib ] [ INFO ] Checking atom CE
2026-04-23 20:44:54,475 [ genlib ] [ INFO ] Define atom pair: LYS|CE|C8|C.3        - > ARG|NE|N2|N.pl3      (d = 0.08 A)
2026-04-23 20:44:54,475 [ genlib ] [ INFO ] Searching order 5
2026-04-23 20:44:54,475 [ genlib ] [ INFO ] Checking atom 1HE
2026-04-23 20:44:54,475 [ genlib ] [ INFO ] No partner found for atom 1HE
2026-04-23 20:44:54,475 [ genlib ] [ INFO ] Checking atom 2HE
2026-04-23 20:44:54,475 [ genlib ] [ INFO ] No partner found for atom 2HE
2026-04-23 20:44:54,475 [ genlib ] [ INFO ] Checking atom NZ
2026-04-23 20:44:54,475 [ genlib ] [ INFO ] Define atom pair: LYS|NZ|N3|N.4        - > ARG|CZ|CA|C.cat      (d = 0.35 A)
2026-04-23 20:44:54,475 [ genlib ] [ INFO ] Searching order 6
2026-04-23 20:44:54,475 [ genlib ] [ INFO ] Checking atom 1HZ
2026-04-23 20:44:54,475 [ genlib ] [ INFO ] No partner found for atom 1HZ
2026-04-23 20:44:54,475 [ genlib ] [ INFO ] Checking atom 2HZ
2026-04-23 20:44:54,475 [ genlib ] [ INFO ] No partner found for atom 2HZ
2026-04-23 20:44:54,475 [ genlib ] [ INFO ] Checking atom 3HZ
2026-04-23 20:44:54,475 [ genlib ] [ INFO ] No partner found for atom 3HZ
2026-04-23 20:44:54,475 [ genlib ] [ INFO ] Searching order 7
2026-04-23 20:44:54,475 [ genlib ] [ INFO ] Searching branch 2
2026-04-23 20:44:54,475 [ genlib ] [ INFO ] Searching order 2
2026-04-23 20:44:54,475 [ genlib ] [ INFO ] Searching order 3
2026-04-23 20:44:54,475 [ genlib ] [ INFO ] Searching order 4
2026-04-23 20:44:54,475 [ genlib ] [ INFO ] Searching order 5
2026-04-23 20:44:54,475 [ genlib ] [ INFO ] Checking atom 1HE
2026-04-23 20:44:54,475 [ genlib ] [ INFO ] No partner found for atom 1HE
2026-04-23 20:44:54,475 [ genlib ] [ INFO ] Checking atom 2HE
2026-04-23 20:44:54,475 [ genlib ] [ INFO ] No partner found for atom 2HE
2026-04-23 20:44:54,475 [ genlib ] [ INFO ] Searching order 6
2026-04-23 20:44:54,475 [ genlib ] [ INFO ] Checking atom 1HZ
2026-04-23 20:44:54,475 [ genlib ] [ INFO ] No partner found for atom 1HZ
2026-04-23 20:44:54,475 [ genlib ] [ INFO ] Checking atom 2HZ
2026-04-23 20:44:54,475 [ genlib ] [ INFO ] No partner found for atom 2HZ
2026-04-23 20:44:54,475 [ genlib ] [ INFO ] Checking atom 3HZ
2026-04-23 20:44:54,475 [ genlib ] [ INFO ] No partner found for atom 3HZ
2026-04-23 20:44:54,475 [ genlib ] [ INFO ] Searching order 7
2026-04-23 20:44:54,478 [ genlib ] [ INFO ] Updating bond lists
2026-04-23 20:44:54,478 [ genlib ] [ INFO ] Updating dihedrals
2026-04-23 20:44:54,478 [ genlib ] [ INFO ] Updating impropers
2026-04-23 20:44:54,479 [ genlib ] [ INFO ] Building library files for LYS --> ASH mutant
2026-04-23 20:44:54,480 [ genlib ] [ INFO ] reading rtp file "aminoacids.rtp"
2026-04-23 20:44:54,514 [ genlib ] [ INFO ] ENTERED SIMPLE
2026-04-23 20:44:54,514 [ genlib ] [ INFO ] Making atom pairs
2026-04-23 20:44:54,514 [ genlib ] [ INFO ] Searching branch 1
2026-04-23 20:44:54,515 [ genlib ] [ INFO ] Searching order 2
2026-04-23 20:44:54,515 [ genlib ] [ INFO ] Checking atom 1HB
2026-04-23 20:44:54,515 [ genlib ] [ INFO ] Define atom pair: LYS|1HB|HC|H         - > ASH|1HB|HC|H         (d = 0.18 A)
2026-04-23 20:44:54,515 [ genlib ] [ INFO ] Checking atom 2HB
2026-04-23 20:44:54,515 [ genlib ] [ INFO ] Define atom pair: LYS|2HB|HC|H         - > ASH|2HB|HC|H         (d = 0.16 A)
2026-04-23 20:44:54,515 [ genlib ] [ INFO ] Checking atom CG
2026-04-23 20:44:54,515 [ genlib ] [ INFO ] Define atom pair: LYS|CG|C8|C.3        - > ASH|CG|C|C.2         (d = 0.18 A)
2026-04-23 20:44:54,515 [ genlib ] [ INFO ] Searching order 3
2026-04-23 20:44:54,515 [ genlib ] [ INFO ] Checking atom 1HG
2026-04-23 20:44:54,515 [ genlib ] [ INFO ] No partner found for atom 1HG
2026-04-23 20:44:54,515 [ genlib ] [ INFO ] Checking atom 2HG
2026-04-23 20:44:54,515 [ genlib ] [ INFO ] No partner found for atom 2HG
2026-04-23 20:44:54,515 [ genlib ] [ INFO ] Checking atom CD
2026-04-23 20:44:54,515 [ genlib ] [ INFO ] Define atom pair: LYS|CD|C8|C.3        - > ASH|OD1|O|O.co2      (d = 0.28 A)
2026-04-23 20:44:54,515 [ genlib ] [ INFO ] Searching order 4
2026-04-23 20:44:54,515 [ genlib ] [ INFO ] Checking atom 1HD
2026-04-23 20:44:54,515 [ genlib ] [ INFO ] No partner found for atom 1HD
2026-04-23 20:44:54,515 [ genlib ] [ INFO ] Checking atom 2HD
2026-04-23 20:44:54,515 [ genlib ] [ INFO ] No partner found for atom 2HD
2026-04-23 20:44:54,515 [ genlib ] [ INFO ] Checking atom CE
2026-04-23 20:44:54,515 [ genlib ] [ INFO ] No partner found for atom CE
2026-04-23 20:44:54,515 [ genlib ] [ INFO ] Searching order 5
2026-04-23 20:44:54,515 [ genlib ] [ INFO ] Searching order 6
2026-04-23 20:44:54,515 [ genlib ] [ INFO ] Searching order 7
2026-04-23 20:44:54,515 [ genlib ] [ INFO ] Searching branch 2
2026-04-23 20:44:54,515 [ genlib ] [ INFO ] Searching order 2
2026-04-23 20:44:54,515 [ genlib ] [ INFO ] Searching order 3
2026-04-23 20:44:54,515 [ genlib ] [ INFO ] Checking atom 1HG
2026-04-23 20:44:54,515 [ genlib ] [ INFO ] No partner found for atom 1HG
2026-04-23 20:44:54,515 [ genlib ] [ INFO ] Checking atom 2HG
2026-04-23 20:44:54,515 [ genlib ] [ INFO ] No partner found for atom 2HG
2026-04-23 20:44:54,515 [ genlib ] [ INFO ] Searching order 4
2026-04-23 20:44:54,515 [ genlib ] [ INFO ] Checking atom 1HD
2026-04-23 20:44:54,515 [ genlib ] [ INFO ] No partner found for atom 1HD
2026-04-23 20:44:54,515 [ genlib ] [ INFO ] Checking atom 2HD
2026-04-23 20:44:54,515 [ genlib ] [ INFO ] No partner found for atom 2HD
2026-04-23 20:44:54,515 [ genlib ] [ INFO ] Checking atom CE
2026-04-23 20:44:54,515 [ genlib ] [ INFO ] No partner found for atom CE
2026-04-23 20:44:54,515 [ genlib ] [ INFO ] Searching order 5
2026-04-23 20:44:54,515 [ genlib ] [ INFO ] Searching order 6
2026-04-23 20:44:54,515 [ genlib ] [ INFO ] Searching order 7
2026-04-23 20:44:54,516 [ genlib ] [ INFO ] Updating bond lists
2026-04-23 20:44:54,516 [ genlib ] [ INFO ] Updating dihedrals
2026-04-23 20:44:54,516 [ genlib ] [ INFO ] Updating impropers
2026-04-23 20:44:54,516 [ genlib ] [ INFO ] Building library files for LYS --> ASN mutant
2026-04-23 20:44:54,517 [ genlib ] [ INFO ] reading rtp file "aminoacids.rtp"
2026-04-23 20:44:54,551 [ genlib ] [ INFO ] ENTERED SIMPLE
2026-04-23 20:44:54,551 [ genlib ] [ INFO ] Making atom pairs
2026-04-23 20:44:54,551 [ genlib ] [ INFO ] Searching branch 1
2026-04-23 20:44:54,551 [ genlib ] [ INFO ] Searching order 2
2026-04-23 20:44:54,551 [ genlib ] [ INFO ] Checking atom 1HB
2026-04-23 20:44:54,551 [ genlib ] [ INFO ] Define atom pair: LYS|1HB|HC|H         - > ASN|1HB|HC|H         (d = 0.18 A)
2026-04-23 20:44:54,551 [ genlib ] [ INFO ] Checking atom 2HB
2026-04-23 20:44:54,551 [ genlib ] [ INFO ] Define atom pair: LYS|2HB|HC|H         - > ASN|2HB|HC|H         (d = 0.17 A)
2026-04-23 20:44:54,551 [ genlib ] [ INFO ] Checking atom CG
2026-04-23 20:44:54,552 [ genlib ] [ INFO ] Define atom pair: LYS|CG|C8|C.3        - > ASN|CG|C|C.2         (d = 0.17 A)
2026-04-23 20:44:54,552 [ genlib ] [ INFO ] Searching order 3
2026-04-23 20:44:54,552 [ genlib ] [ INFO ] Checking atom 1HG
2026-04-23 20:44:54,552 [ genlib ] [ INFO ] No partner found for atom 1HG
2026-04-23 20:44:54,552 [ genlib ] [ INFO ] Checking atom 2HG
2026-04-23 20:44:54,552 [ genlib ] [ INFO ] No partner found for atom 2HG
2026-04-23 20:44:54,552 [ genlib ] [ INFO ] Checking atom CD
2026-04-23 20:44:54,552 [ genlib ] [ INFO ] Define atom pair: LYS|CD|C8|C.3        - > ASN|OD1|O|O.2        (d = 0.25 A)
2026-04-23 20:44:54,552 [ genlib ] [ INFO ] Searching order 4
2026-04-23 20:44:54,552 [ genlib ] [ INFO ] Checking atom 1HD
2026-04-23 20:44:54,552 [ genlib ] [ INFO ] No partner found for atom 1HD
2026-04-23 20:44:54,552 [ genlib ] [ INFO ] Checking atom 2HD
2026-04-23 20:44:54,552 [ genlib ] [ INFO ] No partner found for atom 2HD
2026-04-23 20:44:54,552 [ genlib ] [ INFO ] Checking atom CE
2026-04-23 20:44:54,552 [ genlib ] [ INFO ] No partner found for atom CE
2026-04-23 20:44:54,552 [ genlib ] [ INFO ] Searching order 5
2026-04-23 20:44:54,552 [ genlib ] [ INFO ] Searching order 6
2026-04-23 20:44:54,552 [ genlib ] [ INFO ] Searching order 7
2026-04-23 20:44:54,552 [ genlib ] [ INFO ] Searching branch 2
2026-04-23 20:44:54,552 [ genlib ] [ INFO ] Searching order 2
2026-04-23 20:44:54,552 [ genlib ] [ INFO ] Searching order 3
2026-04-23 20:44:54,552 [ genlib ] [ INFO ] Checking atom 1HG
2026-04-23 20:44:54,552 [ genlib ] [ INFO ] No partner found for atom 1HG
2026-04-23 20:44:54,552 [ genlib ] [ INFO ] Checking atom 2HG
2026-04-23 20:44:54,552 [ genlib ] [ INFO ] No partner found for atom 2HG
2026-04-23 20:44:54,552 [ genlib ] [ INFO ] Searching order 4
2026-04-23 20:44:54,552 [ genlib ] [ INFO ] Checking atom 1HD
2026-04-23 20:44:54,552 [ genlib ] [ INFO ] No partner found for atom 1HD
2026-04-23 20:44:54,552 [ genlib ] [ INFO ] Checking atom 2HD
2026-04-23 20:44:54,552 [ genlib ] [ INFO ] No partner found for atom 2HD
2026-04-23 20:44:54,552 [ genlib ] [ INFO ] Checking atom CE
2026-04-23 20:44:54,552 [ genlib ] [ INFO ] No partner found for atom CE
2026-04-23 20:44:54,552 [ genlib ] [ INFO ] Searching order 5
2026-04-23 20:44:54,552 [ genlib ] [ INFO ] Searching order 6
2026-04-23 20:44:54,552 [ genlib ] [ INFO ] Searching order 7
2026-04-23 20:44:54,553 [ genlib ] [ INFO ] Updating bond lists
2026-04-23 20:44:54,553 [ genlib ] [ INFO ] Updating dihedrals
2026-04-23 20:44:54,553 [ genlib ] [ INFO ] Updating impropers
2026-04-23 20:44:54,553 [ genlib ] [ INFO ] Building library files for LYS --> ASP mutant
2026-04-23 20:44:54,554 [ genlib ] [ INFO ] reading rtp file "aminoacids.rtp"
2026-04-23 20:44:54,589 [ genlib ] [ INFO ] ENTERED SIMPLE
2026-04-23 20:44:54,589 [ genlib ] [ INFO ] Making atom pairs
2026-04-23 20:44:54,589 [ genlib ] [ INFO ] Searching branch 1
2026-04-23 20:44:54,589 [ genlib ] [ INFO ] Searching order 2
2026-04-23 20:44:54,589 [ genlib ] [ INFO ] Checking atom 1HB
2026-04-23 20:44:54,589 [ genlib ] [ INFO ] Define atom pair: LYS|1HB|HC|H         - > ASP|1HB|HC|H         (d = 0.15 A)
2026-04-23 20:44:54,589 [ genlib ] [ INFO ] Checking atom 2HB
2026-04-23 20:44:54,589 [ genlib ] [ INFO ] Define atom pair: LYS|2HB|HC|H         - > ASP|2HB|HC|H         (d = 0.13 A)
2026-04-23 20:44:54,589 [ genlib ] [ INFO ] Checking atom CG
2026-04-23 20:44:54,589 [ genlib ] [ INFO ] Define atom pair: LYS|CG|C8|C.3        - > ASP|CG|CO|C.2        (d = 0.18 A)
2026-04-23 20:44:54,589 [ genlib ] [ INFO ] Searching order 3
2026-04-23 20:44:54,589 [ genlib ] [ INFO ] Checking atom 1HG
2026-04-23 20:44:54,589 [ genlib ] [ INFO ] No partner found for atom 1HG
2026-04-23 20:44:54,589 [ genlib ] [ INFO ] Checking atom 2HG
2026-04-23 20:44:54,589 [ genlib ] [ INFO ] No partner found for atom 2HG
2026-04-23 20:44:54,589 [ genlib ] [ INFO ] Checking atom CD
2026-04-23 20:44:54,589 [ genlib ] [ INFO ] Define atom pair: LYS|CD|C8|C.3        - > ASP|OD1|O2|O.co2     (d = 0.28 A)
2026-04-23 20:44:54,589 [ genlib ] [ INFO ] Searching order 4
2026-04-23 20:44:54,589 [ genlib ] [ INFO ] Checking atom 1HD
2026-04-23 20:44:54,589 [ genlib ] [ INFO ] No partner found for atom 1HD
2026-04-23 20:44:54,589 [ genlib ] [ INFO ] Checking atom 2HD
2026-04-23 20:44:54,589 [ genlib ] [ INFO ] No partner found for atom 2HD
2026-04-23 20:44:54,589 [ genlib ] [ INFO ] Checking atom CE
2026-04-23 20:44:54,589 [ genlib ] [ INFO ] No partner found for atom CE
2026-04-23 20:44:54,589 [ genlib ] [ INFO ] Searching order 5
2026-04-23 20:44:54,589 [ genlib ] [ INFO ] Searching order 6
2026-04-23 20:44:54,589 [ genlib ] [ INFO ] Searching order 7
2026-04-23 20:44:54,589 [ genlib ] [ INFO ] Searching branch 2
2026-04-23 20:44:54,589 [ genlib ] [ INFO ] Searching order 2
2026-04-23 20:44:54,589 [ genlib ] [ INFO ] Searching order 3
2026-04-23 20:44:54,589 [ genlib ] [ INFO ] Checking atom 1HG
2026-04-23 20:44:54,589 [ genlib ] [ INFO ] No partner found for atom 1HG
2026-04-23 20:44:54,589 [ genlib ] [ INFO ] Checking atom 2HG
2026-04-23 20:44:54,589 [ genlib ] [ INFO ] No partner found for atom 2HG
2026-04-23 20:44:54,589 [ genlib ] [ INFO ] Searching order 4
2026-04-23 20:44:54,589 [ genlib ] [ INFO ] Checking atom 1HD
2026-04-23 20:44:54,589 [ genlib ] [ INFO ] No partner found for atom 1HD
2026-04-23 20:44:54,589 [ genlib ] [ INFO ] Checking atom 2HD
2026-04-23 20:44:54,589 [ genlib ] [ INFO ] No partner found for atom 2HD
2026-04-23 20:44:54,589 [ genlib ] [ INFO ] Checking atom CE
2026-04-23 20:44:54,589 [ genlib ] [ INFO ] No partner found for atom CE
2026-04-23 20:44:54,589 [ genlib ] [ INFO ] Searching order 5
2026-04-23 20:44:54,589 [ genlib ] [ INFO ] Searching order 6
2026-04-23 20:44:54,589 [ genlib ] [ INFO ] Searching order 7
2026-04-23 20:44:54,590 [ genlib ] [ INFO ] Updating bond lists
2026-04-23 20:44:54,590 [ genlib ] [ INFO ] Updating dihedrals
2026-04-23 20:44:54,590 [ genlib ] [ INFO ] Updating impropers
2026-04-23 20:44:54,590 [ genlib ] [ INFO ] Building library files for LYS --> CYS mutant
2026-04-23 20:44:54,591 [ genlib ] [ INFO ] reading rtp file "aminoacids.rtp"
2026-04-23 20:44:54,627 [ genlib ] [ INFO ] ENTERED SIMPLE
2026-04-23 20:44:54,627 [ genlib ] [ INFO ] Making atom pairs
2026-04-23 20:44:54,627 [ genlib ] [ INFO ] Searching branch 1
2026-04-23 20:44:54,627 [ genlib ] [ INFO ] Searching order 2
2026-04-23 20:44:54,627 [ genlib ] [ INFO ] Checking atom 1HB
2026-04-23 20:44:54,628 [ genlib ] [ INFO ] Define atom pair: LYS|1HB|HC|H         - > CYS|1HB|H1|H         (d = 0.08 A)
2026-04-23 20:44:54,628 [ genlib ] [ INFO ] Checking atom 2HB
2026-04-23 20:44:54,628 [ genlib ] [ INFO ] Define atom pair: LYS|2HB|HC|H         - > CYS|2HB|H1|H         (d = 0.05 A)
2026-04-23 20:44:54,628 [ genlib ] [ INFO ] Checking atom CG
2026-04-23 20:44:54,628 [ genlib ] [ INFO ] Define atom pair: LYS|CG|C8|C.3        - > CYS|SG|SH|S.3        (d = 0.32 A)
2026-04-23 20:44:54,628 [ genlib ] [ INFO ] Searching order 3
2026-04-23 20:44:54,628 [ genlib ] [ INFO ] Checking atom 1HG
2026-04-23 20:44:54,628 [ genlib ] [ INFO ] No partner found for atom 1HG
2026-04-23 20:44:54,628 [ genlib ] [ INFO ] Checking atom 2HG
2026-04-23 20:44:54,628 [ genlib ] [ INFO ] No partner found for atom 2HG
2026-04-23 20:44:54,628 [ genlib ] [ INFO ] Checking atom CD
2026-04-23 20:44:54,628 [ genlib ] [ INFO ] Define atom pair: LYS|CD|C8|C.3        - > CYS|HG|HS|H          (d = 0.26 A)
2026-04-23 20:44:54,628 [ genlib ] [ INFO ] Searching order 4
2026-04-23 20:44:54,628 [ genlib ] [ INFO ] Checking atom 1HD
2026-04-23 20:44:54,628 [ genlib ] [ INFO ] No partner found for atom 1HD
2026-04-23 20:44:54,628 [ genlib ] [ INFO ] Checking atom 2HD
2026-04-23 20:44:54,628 [ genlib ] [ INFO ] No partner found for atom 2HD
2026-04-23 20:44:54,628 [ genlib ] [ INFO ] Checking atom CE
2026-04-23 20:44:54,628 [ genlib ] [ INFO ] No partner found for atom CE
2026-04-23 20:44:54,628 [ genlib ] [ INFO ] Searching order 5
2026-04-23 20:44:54,628 [ genlib ] [ INFO ] Searching order 6
2026-04-23 20:44:54,628 [ genlib ] [ INFO ] Searching order 7
2026-04-23 20:44:54,628 [ genlib ] [ INFO ] Searching branch 2
2026-04-23 20:44:54,628 [ genlib ] [ INFO ] Searching order 2
2026-04-23 20:44:54,628 [ genlib ] [ INFO ] Searching order 3
2026-04-23 20:44:54,628 [ genlib ] [ INFO ] Checking atom 1HG
2026-04-23 20:44:54,628 [ genlib ] [ INFO ] No partner found for atom 1HG
2026-04-23 20:44:54,628 [ genlib ] [ INFO ] Checking atom 2HG
2026-04-23 20:44:54,628 [ genlib ] [ INFO ] No partner found for atom 2HG
2026-04-23 20:44:54,628 [ genlib ] [ INFO ] Searching order 4
2026-04-23 20:44:54,628 [ genlib ] [ INFO ] Checking atom 1HD
2026-04-23 20:44:54,628 [ genlib ] [ INFO ] No partner found for atom 1HD
2026-04-23 20:44:54,628 [ genlib ] [ INFO ] Checking atom 2HD
2026-04-23 20:44:54,628 [ genlib ] [ INFO ] No partner found for atom 2HD
2026-04-23 20:44:54,628 [ genlib ] [ INFO ] Checking atom CE
2026-04-23 20:44:54,628 [ genlib ] [ INFO ] No partner found for atom CE
2026-04-23 20:44:54,628 [ genlib ] [ INFO ] Searching order 5
2026-04-23 20:44:54,628 [ genlib ] [ INFO ] Searching order 6
2026-04-23 20:44:54,628 [ genlib ] [ INFO ] Searching order 7
2026-04-23 20:44:54,629 [ genlib ] [ INFO ] Updating bond lists
2026-04-23 20:44:54,629 [ genlib ] [ INFO ] Updating dihedrals
2026-04-23 20:44:54,629 [ genlib ] [ INFO ] Updating impropers
2026-04-23 20:44:54,629 [ genlib ] [ INFO ] Building library files for LYS --> GLH mutant
2026-04-23 20:44:54,630 [ genlib ] [ INFO ] reading rtp file "aminoacids.rtp"
2026-04-23 20:44:54,666 [ genlib ] [ INFO ] ENTERED SIMPLE
2026-04-23 20:44:54,666 [ genlib ] [ INFO ] Making atom pairs
2026-04-23 20:44:54,666 [ genlib ] [ INFO ] Searching branch 1
2026-04-23 20:44:54,666 [ genlib ] [ INFO ] Searching order 2
2026-04-23 20:44:54,666 [ genlib ] [ INFO ] Checking atom 1HB
2026-04-23 20:44:54,666 [ genlib ] [ INFO ] Define atom pair: LYS|1HB|HC|H         - > GLH|1HB|HC|H         (d = 0.25 A)
2026-04-23 20:44:54,666 [ genlib ] [ INFO ] Checking atom 2HB
2026-04-23 20:44:54,666 [ genlib ] [ INFO ] Define atom pair: LYS|2HB|HC|H         - > GLH|2HB|HC|H         (d = 0.22 A)
2026-04-23 20:44:54,666 [ genlib ] [ INFO ] Checking atom CG
2026-04-23 20:44:54,666 [ genlib ] [ INFO ] Define atom pair: LYS|CG|C8|C.3        - > GLH|CG|2C|C.3        (d = 0.22 A)
2026-04-23 20:44:54,666 [ genlib ] [ INFO ] Searching order 3
2026-04-23 20:44:54,666 [ genlib ] [ INFO ] Checking atom 1HG
2026-04-23 20:44:54,666 [ genlib ] [ INFO ] Define atom pair: LYS|1HG|HC|H         - > GLH|1HG|HC|H         (d = 0.22 A)
2026-04-23 20:44:54,666 [ genlib ] [ INFO ] Checking atom 2HG
2026-04-23 20:44:54,666 [ genlib ] [ INFO ] Define atom pair: LYS|2HG|HC|H         - > GLH|2HG|HC|H         (d = 0.33 A)
2026-04-23 20:44:54,666 [ genlib ] [ INFO ] Checking atom CD
2026-04-23 20:44:54,666 [ genlib ] [ INFO ] Define atom pair: LYS|CD|C8|C.3        - > GLH|CD|C|C.2         (d = 0.24 A)
2026-04-23 20:44:54,666 [ genlib ] [ INFO ] Searching order 4
2026-04-23 20:44:54,667 [ genlib ] [ INFO ] Checking atom 1HD
2026-04-23 20:44:54,667 [ genlib ] [ INFO ] No partner found for atom 1HD
2026-04-23 20:44:54,667 [ genlib ] [ INFO ] Checking atom 2HD
2026-04-23 20:44:54,667 [ genlib ] [ INFO ] No partner found for atom 2HD
2026-04-23 20:44:54,667 [ genlib ] [ INFO ] Checking atom CE
2026-04-23 20:44:54,667 [ genlib ] [ INFO ] Define atom pair: LYS|CE|C8|C.3        - > GLH|OE1|O|O.co2      (d = 0.47 A)
2026-04-23 20:44:54,667 [ genlib ] [ INFO ] Searching order 5
2026-04-23 20:44:54,667 [ genlib ] [ INFO ] Checking atom 1HE
2026-04-23 20:44:54,667 [ genlib ] [ INFO ] No partner found for atom 1HE
2026-04-23 20:44:54,667 [ genlib ] [ INFO ] Checking atom 2HE
2026-04-23 20:44:54,667 [ genlib ] [ INFO ] No partner found for atom 2HE
2026-04-23 20:44:54,667 [ genlib ] [ INFO ] Checking atom NZ
2026-04-23 20:44:54,667 [ genlib ] [ INFO ] No partner found for atom NZ
2026-04-23 20:44:54,667 [ genlib ] [ INFO ] Searching order 6
2026-04-23 20:44:54,667 [ genlib ] [ INFO ] Searching order 7
2026-04-23 20:44:54,667 [ genlib ] [ INFO ] Searching branch 2
2026-04-23 20:44:54,667 [ genlib ] [ INFO ] Searching order 2
2026-04-23 20:44:54,667 [ genlib ] [ INFO ] Searching order 3
2026-04-23 20:44:54,667 [ genlib ] [ INFO ] Searching order 4
2026-04-23 20:44:54,667 [ genlib ] [ INFO ] Checking atom 1HD
2026-04-23 20:44:54,667 [ genlib ] [ INFO ] No partner found for atom 1HD
2026-04-23 20:44:54,667 [ genlib ] [ INFO ] Checking atom 2HD
2026-04-23 20:44:54,667 [ genlib ] [ INFO ] No partner found for atom 2HD
2026-04-23 20:44:54,667 [ genlib ] [ INFO ] Searching order 5
2026-04-23 20:44:54,667 [ genlib ] [ INFO ] Checking atom 1HE
2026-04-23 20:44:54,667 [ genlib ] [ INFO ] No partner found for atom 1HE
2026-04-23 20:44:54,667 [ genlib ] [ INFO ] Checking atom 2HE
2026-04-23 20:44:54,667 [ genlib ] [ INFO ] No partner found for atom 2HE
2026-04-23 20:44:54,667 [ genlib ] [ INFO ] Checking atom NZ
2026-04-23 20:44:54,667 [ genlib ] [ INFO ] No partner found for atom NZ
2026-04-23 20:44:54,667 [ genlib ] [ INFO ] Searching order 6
2026-04-23 20:44:54,667 [ genlib ] [ INFO ] Searching order 7
2026-04-23 20:44:54,668 [ genlib ] [ INFO ] Updating bond lists
2026-04-23 20:44:54,668 [ genlib ] [ INFO ] Updating dihedrals
2026-04-23 20:44:54,668 [ genlib ] [ INFO ] Updating impropers
2026-04-23 20:44:54,668 [ genlib ] [ INFO ] Building library files for LYS --> GLN mutant
2026-04-23 20:44:54,669 [ genlib ] [ INFO ] reading rtp file "aminoacids.rtp"
2026-04-23 20:44:54,706 [ genlib ] [ INFO ] ENTERED SIMPLE
2026-04-23 20:44:54,706 [ genlib ] [ INFO ] Making atom pairs
2026-04-23 20:44:54,706 [ genlib ] [ INFO ] Searching branch 1
2026-04-23 20:44:54,706 [ genlib ] [ INFO ] Searching order 2
2026-04-23 20:44:54,706 [ genlib ] [ INFO ] Checking atom 1HB
2026-04-23 20:44:54,706 [ genlib ] [ INFO ] Define atom pair: LYS|1HB|HC|H         - > GLN|1HB|HC|H         (d = 0.05 A)
2026-04-23 20:44:54,706 [ genlib ] [ INFO ] Checking atom 2HB
2026-04-23 20:44:54,706 [ genlib ] [ INFO ] Define atom pair: LYS|2HB|HC|H         - > GLN|2HB|HC|H         (d = 0.04 A)
2026-04-23 20:44:54,706 [ genlib ] [ INFO ] Checking atom CG
2026-04-23 20:44:54,706 [ genlib ] [ INFO ] Define atom pair: LYS|CG|C8|C.3        - > GLN|CG|2C|C.3        (d = 0.08 A)
2026-04-23 20:44:54,706 [ genlib ] [ INFO ] Searching order 3
2026-04-23 20:44:54,706 [ genlib ] [ INFO ] Checking atom 1HG
2026-04-23 20:44:54,706 [ genlib ] [ INFO ] Define atom pair: LYS|1HG|HC|H         - > GLN|1HG|HC|H         (d = 0.09 A)
2026-04-23 20:44:54,706 [ genlib ] [ INFO ] Checking atom 2HG
2026-04-23 20:44:54,706 [ genlib ] [ INFO ] Define atom pair: LYS|2HG|HC|H         - > GLN|2HG|HC|H         (d = 0.11 A)
2026-04-23 20:44:54,706 [ genlib ] [ INFO ] Checking atom CD
2026-04-23 20:44:54,706 [ genlib ] [ INFO ] Define atom pair: LYS|CD|C8|C.3        - > GLN|CD|C|C.2         (d = 0.10 A)
2026-04-23 20:44:54,706 [ genlib ] [ INFO ] Searching order 4
2026-04-23 20:44:54,706 [ genlib ] [ INFO ] Checking atom 1HD
2026-04-23 20:44:54,706 [ genlib ] [ INFO ] No partner found for atom 1HD
2026-04-23 20:44:54,706 [ genlib ] [ INFO ] Checking atom 2HD
2026-04-23 20:44:54,706 [ genlib ] [ INFO ] No partner found for atom 2HD
2026-04-23 20:44:54,706 [ genlib ] [ INFO ] Checking atom CE
2026-04-23 20:44:54,706 [ genlib ] [ INFO ] Define atom pair: LYS|CE|C8|C.3        - > GLN|OE1|O|O.2        (d = 0.34 A)
2026-04-23 20:44:54,706 [ genlib ] [ INFO ] Searching order 5
2026-04-23 20:44:54,706 [ genlib ] [ INFO ] Checking atom 1HE
2026-04-23 20:44:54,706 [ genlib ] [ INFO ] No partner found for atom 1HE
2026-04-23 20:44:54,706 [ genlib ] [ INFO ] Checking atom 2HE
2026-04-23 20:44:54,706 [ genlib ] [ INFO ] No partner found for atom 2HE
2026-04-23 20:44:54,706 [ genlib ] [ INFO ] Checking atom NZ
2026-04-23 20:44:54,706 [ genlib ] [ INFO ] No partner found for atom NZ
2026-04-23 20:44:54,706 [ genlib ] [ INFO ] Searching order 6
2026-04-23 20:44:54,706 [ genlib ] [ INFO ] Searching order 7
2026-04-23 20:44:54,706 [ genlib ] [ INFO ] Searching branch 2
2026-04-23 20:44:54,706 [ genlib ] [ INFO ] Searching order 2
2026-04-23 20:44:54,706 [ genlib ] [ INFO ] Searching order 3
2026-04-23 20:44:54,706 [ genlib ] [ INFO ] Searching order 4
2026-04-23 20:44:54,706 [ genlib ] [ INFO ] Checking atom 1HD
2026-04-23 20:44:54,706 [ genlib ] [ INFO ] No partner found for atom 1HD
2026-04-23 20:44:54,706 [ genlib ] [ INFO ] Checking atom 2HD
2026-04-23 20:44:54,706 [ genlib ] [ INFO ] No partner found for atom 2HD
2026-04-23 20:44:54,706 [ genlib ] [ INFO ] Searching order 5
2026-04-23 20:44:54,706 [ genlib ] [ INFO ] Checking atom 1HE
2026-04-23 20:44:54,706 [ genlib ] [ INFO ] No partner found for atom 1HE
2026-04-23 20:44:54,706 [ genlib ] [ INFO ] Checking atom 2HE
2026-04-23 20:44:54,706 [ genlib ] [ INFO ] No partner found for atom 2HE
2026-04-23 20:44:54,706 [ genlib ] [ INFO ] Checking atom NZ
2026-04-23 20:44:54,706 [ genlib ] [ INFO ] No partner found for atom NZ
2026-04-23 20:44:54,706 [ genlib ] [ INFO ] Searching order 6
2026-04-23 20:44:54,706 [ genlib ] [ INFO ] Searching order 7
2026-04-23 20:44:54,708 [ genlib ] [ INFO ] Updating bond lists
2026-04-23 20:44:54,708 [ genlib ] [ INFO ] Updating dihedrals
2026-04-23 20:44:54,708 [ genlib ] [ INFO ] Updating impropers
2026-04-23 20:44:54,708 [ genlib ] [ INFO ] Building library files for LYS --> GLU mutant
2026-04-23 20:44:54,709 [ genlib ] [ INFO ] reading rtp file "aminoacids.rtp"
2026-04-23 20:44:54,745 [ genlib ] [ INFO ] ENTERED SIMPLE
2026-04-23 20:44:54,745 [ genlib ] [ INFO ] Making atom pairs
2026-04-23 20:44:54,745 [ genlib ] [ INFO ] Searching branch 1
2026-04-23 20:44:54,745 [ genlib ] [ INFO ] Searching order 2
2026-04-23 20:44:54,745 [ genlib ] [ INFO ] Checking atom 1HB
2026-04-23 20:44:54,745 [ genlib ] [ INFO ] Define atom pair: LYS|1HB|HC|H         - > GLU|1HB|HC|H         (d = 0.19 A)
2026-04-23 20:44:54,745 [ genlib ] [ INFO ] Checking atom 2HB
2026-04-23 20:44:54,745 [ genlib ] [ INFO ] Define atom pair: LYS|2HB|HC|H         - > GLU|2HB|HC|H         (d = 0.13 A)
2026-04-23 20:44:54,745 [ genlib ] [ INFO ] Checking atom CG
2026-04-23 20:44:54,745 [ genlib ] [ INFO ] Define atom pair: LYS|CG|C8|C.3        - > GLU|CG|2C|C.3        (d = 0.22 A)
2026-04-23 20:44:54,746 [ genlib ] [ INFO ] Searching order 3
2026-04-23 20:44:54,746 [ genlib ] [ INFO ] Checking atom 1HG
2026-04-23 20:44:54,746 [ genlib ] [ INFO ] Define atom pair: LYS|1HG|HC|H         - > GLU|1HG|HC|H         (d = 0.23 A)
2026-04-23 20:44:54,746 [ genlib ] [ INFO ] Checking atom 2HG
2026-04-23 20:44:54,746 [ genlib ] [ INFO ] Define atom pair: LYS|2HG|HC|H         - > GLU|2HG|HC|H         (d = 0.32 A)
2026-04-23 20:44:54,746 [ genlib ] [ INFO ] Checking atom CD
2026-04-23 20:44:54,746 [ genlib ] [ INFO ] Define atom pair: LYS|CD|C8|C.3        - > GLU|CD|CO|C.2        (d = 0.24 A)
2026-04-23 20:44:54,746 [ genlib ] [ INFO ] Searching order 4
2026-04-23 20:44:54,746 [ genlib ] [ INFO ] Checking atom 1HD
2026-04-23 20:44:54,746 [ genlib ] [ INFO ] No partner found for atom 1HD
2026-04-23 20:44:54,746 [ genlib ] [ INFO ] Checking atom 2HD
2026-04-23 20:44:54,746 [ genlib ] [ INFO ] No partner found for atom 2HD
2026-04-23 20:44:54,746 [ genlib ] [ INFO ] Checking atom CE
2026-04-23 20:44:54,746 [ genlib ] [ INFO ] Define atom pair: LYS|CE|C8|C.3        - > GLU|OE1|O2|O.co2     (d = 0.47 A)
2026-04-23 20:44:54,746 [ genlib ] [ INFO ] Searching order 5
2026-04-23 20:44:54,746 [ genlib ] [ INFO ] Checking atom 1HE
2026-04-23 20:44:54,746 [ genlib ] [ INFO ] No partner found for atom 1HE
2026-04-23 20:44:54,746 [ genlib ] [ INFO ] Checking atom 2HE
2026-04-23 20:44:54,746 [ genlib ] [ INFO ] No partner found for atom 2HE
2026-04-23 20:44:54,746 [ genlib ] [ INFO ] Checking atom NZ
2026-04-23 20:44:54,746 [ genlib ] [ INFO ] No partner found for atom NZ
2026-04-23 20:44:54,746 [ genlib ] [ INFO ] Searching order 6
2026-04-23 20:44:54,746 [ genlib ] [ INFO ] Searching order 7
2026-04-23 20:44:54,746 [ genlib ] [ INFO ] Searching branch 2
2026-04-23 20:44:54,746 [ genlib ] [ INFO ] Searching order 2
2026-04-23 20:44:54,746 [ genlib ] [ INFO ] Searching order 3
2026-04-23 20:44:54,746 [ genlib ] [ INFO ] Searching order 4
2026-04-23 20:44:54,746 [ genlib ] [ INFO ] Checking atom 1HD
2026-04-23 20:44:54,746 [ genlib ] [ INFO ] No partner found for atom 1HD
2026-04-23 20:44:54,746 [ genlib ] [ INFO ] Checking atom 2HD
2026-04-23 20:44:54,746 [ genlib ] [ INFO ] No partner found for atom 2HD
2026-04-23 20:44:54,746 [ genlib ] [ INFO ] Searching order 5
2026-04-23 20:44:54,746 [ genlib ] [ INFO ] Checking atom 1HE
2026-04-23 20:44:54,746 [ genlib ] [ INFO ] No partner found for atom 1HE
2026-04-23 20:44:54,746 [ genlib ] [ INFO ] Checking atom 2HE
2026-04-23 20:44:54,746 [ genlib ] [ INFO ] No partner found for atom 2HE
2026-04-23 20:44:54,746 [ genlib ] [ INFO ] Checking atom NZ
2026-04-23 20:44:54,746 [ genlib ] [ INFO ] No partner found for atom NZ
2026-04-23 20:44:54,746 [ genlib ] [ INFO ] Searching order 6
2026-04-23 20:44:54,746 [ genlib ] [ INFO ] Searching order 7
2026-04-23 20:44:54,747 [ genlib ] [ INFO ] Updating bond lists
2026-04-23 20:44:54,747 [ genlib ] [ INFO ] Updating dihedrals
2026-04-23 20:44:54,747 [ genlib ] [ INFO ] Updating impropers
2026-04-23 20:44:54,747 [ genlib ] [ INFO ] Building library files for LYS --> GLY mutant
2026-04-23 20:44:54,748 [ genlib ] [ INFO ] reading rtp file "aminoacids.rtp"
2026-04-23 20:44:54,784 [ genlib ] [ INFO ] ENTERED G
2026-04-23 20:44:54,784 [ genlib ] [ INFO ] Making atom pairs
2026-04-23 20:44:54,785 [ genlib ] [ INFO ] Updating bond lists
2026-04-23 20:44:54,785 [ genlib ] [ INFO ] Updating dihedrals
2026-04-23 20:44:54,785 [ genlib ] [ INFO ] Updating impropers
2026-04-23 20:44:54,785 [ genlib ] [ INFO ] Building library files for LYS --> HID mutant
2026-04-23 20:44:54,786 [ genlib ] [ INFO ] reading rtp file "aminoacids.rtp"
2026-04-23 20:44:54,822 [ genlib ] [ INFO ] ENTERED RINGS
2026-04-23 20:44:54,822 [ genlib ] [ INFO ] Making atom pairs
2026-04-23 20:44:54,825 [ genlib ] [ INFO ] Updating bond lists
2026-04-23 20:44:54,825 [ genlib ] [ INFO ] Updating dihedrals
2026-04-23 20:44:54,825 [ genlib ] [ INFO ] Updating impropers
2026-04-23 20:44:54,825 [ genlib ] [ INFO ] Building library files for LYS --> HIE mutant
2026-04-23 20:44:54,826 [ genlib ] [ INFO ] reading rtp file "aminoacids.rtp"
2026-04-23 20:44:54,861 [ genlib ] [ INFO ] ENTERED RINGS
2026-04-23 20:44:54,861 [ genlib ] [ INFO ] Making atom pairs
2026-04-23 20:44:54,864 [ genlib ] [ INFO ] Updating bond lists
2026-04-23 20:44:54,864 [ genlib ] [ INFO ] Updating dihedrals
2026-04-23 20:44:54,864 [ genlib ] [ INFO ] Updating impropers
2026-04-23 20:44:54,864 [ genlib ] [ INFO ] Building library files for LYS --> HIP mutant
2026-04-23 20:44:54,865 [ genlib ] [ INFO ] reading rtp file "aminoacids.rtp"
2026-04-23 20:44:54,900 [ genlib ] [ INFO ] ENTERED RINGS
2026-04-23 20:44:54,900 [ genlib ] [ INFO ] Making atom pairs
2026-04-23 20:44:54,904 [ genlib ] [ INFO ] Updating bond lists
2026-04-23 20:44:54,904 [ genlib ] [ INFO ] Updating dihedrals
2026-04-23 20:44:54,904 [ genlib ] [ INFO ] Updating impropers
2026-04-23 20:44:54,904 [ genlib ] [ INFO ] Building library files for LYS --> ILE mutant
2026-04-23 20:44:54,905 [ genlib ] [ INFO ] reading rtp file "aminoacids.rtp"
2026-04-23 20:44:54,940 [ genlib ] [ INFO ] ENTERED SIMPLE
2026-04-23 20:44:54,940 [ genlib ] [ INFO ] Making atom pairs
2026-04-23 20:44:54,940 [ genlib ] [ INFO ] Searching branch 1
2026-04-23 20:44:54,940 [ genlib ] [ INFO ] Searching order 2
2026-04-23 20:44:54,940 [ genlib ] [ INFO ] Checking atom 1HB
2026-04-23 20:44:54,940 [ genlib ] [ INFO ] Define atom pair: LYS|1HB|HC|H         - > ILE|HB|HC|H          (d = 0.15 A)
2026-04-23 20:44:54,940 [ genlib ] [ INFO ] Checking atom 2HB
2026-04-23 20:44:54,940 [ genlib ] [ INFO ] Define atom pair: LYS|2HB|HC|H         - > ILE|CG2|CT|C.3       (d = 0.48 A)
2026-04-23 20:44:54,940 [ genlib ] [ INFO ] Checking atom CG
2026-04-23 20:44:54,940 [ genlib ] [ INFO ] Define atom pair: LYS|CG|C8|C.3        - > ILE|CG1|2C|C.3       (d = 0.18 A)
2026-04-23 20:44:54,940 [ genlib ] [ INFO ] Searching order 3
2026-04-23 20:44:54,940 [ genlib ] [ INFO ] Checking atom 1HG
2026-04-23 20:44:54,940 [ genlib ] [ INFO ] Define atom pair: LYS|1HG|HC|H         - > ILE|1HG1|HC|H        (d = 0.12 A)
2026-04-23 20:44:54,940 [ genlib ] [ INFO ] Checking atom 2HG
2026-04-23 20:44:54,940 [ genlib ] [ INFO ] Define atom pair: LYS|2HG|HC|H         - > ILE|2HG1|HC|H        (d = 0.30 A)
2026-04-23 20:44:54,940 [ genlib ] [ INFO ] Checking atom CD
2026-04-23 20:44:54,940 [ genlib ] [ INFO ] Define atom pair: LYS|CD|C8|C.3        - > ILE|CD1|CT|C.3       (d = 0.25 A)
2026-04-23 20:44:54,940 [ genlib ] [ INFO ] Searching order 4
2026-04-23 20:44:54,940 [ genlib ] [ INFO ] Checking atom 1HD
2026-04-23 20:44:54,940 [ genlib ] [ INFO ] Define atom pair: LYS|1HD|HC|H         - > ILE|2HD1|HC|H        (d = 0.31 A)
2026-04-23 20:44:54,940 [ genlib ] [ INFO ] Checking atom 2HD
2026-04-23 20:44:54,940 [ genlib ] [ INFO ] Define atom pair: LYS|2HD|HC|H         - > ILE|3HD1|HC|H        (d = 0.25 A)
2026-04-23 20:44:54,940 [ genlib ] [ INFO ] Checking atom CE
2026-04-23 20:44:54,940 [ genlib ] [ INFO ] Define atom pair: LYS|CE|C8|C.3        - > ILE|1HD1|HC|H        (d = 0.51 A)
2026-04-23 20:44:54,940 [ genlib ] [ INFO ] Searching order 5
2026-04-23 20:44:54,940 [ genlib ] [ INFO ] Checking atom 1HE
2026-04-23 20:44:54,940 [ genlib ] [ INFO ] No partner found for atom 1HE
2026-04-23 20:44:54,940 [ genlib ] [ INFO ] Checking atom 2HE
2026-04-23 20:44:54,940 [ genlib ] [ INFO ] No partner found for atom 2HE
2026-04-23 20:44:54,940 [ genlib ] [ INFO ] Checking atom NZ
2026-04-23 20:44:54,940 [ genlib ] [ INFO ] No partner found for atom NZ
2026-04-23 20:44:54,940 [ genlib ] [ INFO ] Searching order 6
2026-04-23 20:44:54,940 [ genlib ] [ INFO ] Searching order 7
2026-04-23 20:44:54,940 [ genlib ] [ INFO ] Searching branch 2
2026-04-23 20:44:54,940 [ genlib ] [ INFO ] Searching order 2
2026-04-23 20:44:54,940 [ genlib ] [ INFO ] Searching order 3
2026-04-23 20:44:54,940 [ genlib ] [ INFO ] Searching order 4
2026-04-23 20:44:54,940 [ genlib ] [ INFO ] Searching order 5
2026-04-23 20:44:54,940 [ genlib ] [ INFO ] Checking atom 1HE
2026-04-23 20:44:54,940 [ genlib ] [ INFO ] No partner found for atom 1HE
2026-04-23 20:44:54,940 [ genlib ] [ INFO ] Checking atom 2HE
2026-04-23 20:44:54,940 [ genlib ] [ INFO ] No partner found for atom 2HE
2026-04-23 20:44:54,940 [ genlib ] [ INFO ] Checking atom NZ
2026-04-23 20:44:54,940 [ genlib ] [ INFO ] No partner found for atom NZ
2026-04-23 20:44:54,940 [ genlib ] [ INFO ] Searching order 6
2026-04-23 20:44:54,940 [ genlib ] [ INFO ] Searching order 7
2026-04-23 20:44:54,942 [ genlib ] [ INFO ] Updating bond lists
2026-04-23 20:44:54,942 [ genlib ] [ INFO ] Updating dihedrals
2026-04-23 20:44:54,942 [ genlib ] [ INFO ] Updating impropers
2026-04-23 20:44:54,942 [ genlib ] [ INFO ] Building library files for LYS --> LEU mutant
2026-04-23 20:44:54,943 [ genlib ] [ INFO ] reading rtp file "aminoacids.rtp"
2026-04-23 20:44:54,978 [ genlib ] [ INFO ] ENTERED SIMPLE
2026-04-23 20:44:54,978 [ genlib ] [ INFO ] Making atom pairs
2026-04-23 20:44:54,978 [ genlib ] [ INFO ] Searching branch 1
2026-04-23 20:44:54,978 [ genlib ] [ INFO ] Searching order 2
2026-04-23 20:44:54,978 [ genlib ] [ INFO ] Checking atom 1HB
2026-04-23 20:44:54,978 [ genlib ] [ INFO ] Define atom pair: LYS|1HB|HC|H         - > LEU|1HB|HC|H         (d = 0.09 A)
2026-04-23 20:44:54,978 [ genlib ] [ INFO ] Checking atom 2HB
2026-04-23 20:44:54,978 [ genlib ] [ INFO ] Define atom pair: LYS|2HB|HC|H         - > LEU|2HB|HC|H         (d = 0.09 A)
2026-04-23 20:44:54,978 [ genlib ] [ INFO ] Checking atom CG
2026-04-23 20:44:54,978 [ genlib ] [ INFO ] Define atom pair: LYS|CG|C8|C.3        - > LEU|CG|3C|C.3        (d = 0.09 A)
2026-04-23 20:44:54,978 [ genlib ] [ INFO ] Searching order 3
2026-04-23 20:44:54,978 [ genlib ] [ INFO ] Checking atom 1HG
2026-04-23 20:44:54,978 [ genlib ] [ INFO ] Define atom pair: LYS|1HG|HC|H         - > LEU|CD2|CT|C.3       (d = 0.44 A)
2026-04-23 20:44:54,978 [ genlib ] [ INFO ] Checking atom 2HG
2026-04-23 20:44:54,978 [ genlib ] [ INFO ] Define atom pair: LYS|2HG|HC|H         - > LEU|HG|HC|H          (d = 0.23 A)
2026-04-23 20:44:54,978 [ genlib ] [ INFO ] Checking atom CD
2026-04-23 20:44:54,978 [ genlib ] [ INFO ] Define atom pair: LYS|CD|C8|C.3        - > LEU|CD1|CT|C.3       (d = 0.14 A)
2026-04-23 20:44:54,978 [ genlib ] [ INFO ] Searching order 4
2026-04-23 20:44:54,978 [ genlib ] [ INFO ] Checking atom 1HD
2026-04-23 20:44:54,978 [ genlib ] [ INFO ] Define atom pair: LYS|1HD|HC|H         - > LEU|2HD1|HC|H        (d = 0.16 A)
2026-04-23 20:44:54,978 [ genlib ] [ INFO ] Checking atom 2HD
2026-04-23 20:44:54,978 [ genlib ] [ INFO ] Define atom pair: LYS|2HD|HC|H         - > LEU|3HD1|HC|H        (d = 0.12 A)
2026-04-23 20:44:54,978 [ genlib ] [ INFO ] Checking atom CE
2026-04-23 20:44:54,978 [ genlib ] [ INFO ] Define atom pair: LYS|CE|C8|C.3        - > LEU|1HD1|HC|H        (d = 0.52 A)
2026-04-23 20:44:54,978 [ genlib ] [ INFO ] Searching order 5
2026-04-23 20:44:54,978 [ genlib ] [ INFO ] Checking atom 1HE
2026-04-23 20:44:54,978 [ genlib ] [ INFO ] No partner found for atom 1HE
2026-04-23 20:44:54,978 [ genlib ] [ INFO ] Checking atom 2HE
2026-04-23 20:44:54,978 [ genlib ] [ INFO ] No partner found for atom 2HE
2026-04-23 20:44:54,978 [ genlib ] [ INFO ] Checking atom NZ
2026-04-23 20:44:54,978 [ genlib ] [ INFO ] No partner found for atom NZ
2026-04-23 20:44:54,978 [ genlib ] [ INFO ] Searching order 6
2026-04-23 20:44:54,978 [ genlib ] [ INFO ] Searching order 7
2026-04-23 20:44:54,978 [ genlib ] [ INFO ] Searching branch 2
2026-04-23 20:44:54,978 [ genlib ] [ INFO ] Searching order 2
2026-04-23 20:44:54,978 [ genlib ] [ INFO ] Searching order 3
2026-04-23 20:44:54,978 [ genlib ] [ INFO ] Searching order 4
2026-04-23 20:44:54,978 [ genlib ] [ INFO ] Searching order 5
2026-04-23 20:44:54,978 [ genlib ] [ INFO ] Checking atom 1HE
2026-04-23 20:44:54,978 [ genlib ] [ INFO ] No partner found for atom 1HE
2026-04-23 20:44:54,978 [ genlib ] [ INFO ] Checking atom 2HE
2026-04-23 20:44:54,978 [ genlib ] [ INFO ] No partner found for atom 2HE
2026-04-23 20:44:54,978 [ genlib ] [ INFO ] Checking atom NZ
2026-04-23 20:44:54,978 [ genlib ] [ INFO ] No partner found for atom NZ
2026-04-23 20:44:54,978 [ genlib ] [ INFO ] Searching order 6
2026-04-23 20:44:54,978 [ genlib ] [ INFO ] Searching order 7
2026-04-23 20:44:54,980 [ genlib ] [ INFO ] Updating bond lists
2026-04-23 20:44:54,980 [ genlib ] [ INFO ] Updating dihedrals
2026-04-23 20:44:54,980 [ genlib ] [ INFO ] Updating impropers
2026-04-23 20:44:54,980 [ genlib ] [ INFO ] Building library files for LYS --> LYN mutant
2026-04-23 20:44:54,981 [ genlib ] [ INFO ] reading rtp file "aminoacids.rtp"
2026-04-23 20:44:55,015 [ genlib ] [ INFO ] ENTERED SIMPLE
2026-04-23 20:44:55,015 [ genlib ] [ INFO ] Making atom pairs
2026-04-23 20:44:55,015 [ genlib ] [ INFO ] Searching branch 1
2026-04-23 20:44:55,015 [ genlib ] [ INFO ] Searching order 2
2026-04-23 20:44:55,015 [ genlib ] [ INFO ] Checking atom 1HB
2026-04-23 20:44:55,015 [ genlib ] [ INFO ] Define atom pair: LYS|1HB|HC|H         - > LYN|1HB|HC|H         (d = 0.09 A)
2026-04-23 20:44:55,015 [ genlib ] [ INFO ] Checking atom 2HB
2026-04-23 20:44:55,015 [ genlib ] [ INFO ] Define atom pair: LYS|2HB|HC|H         - > LYN|2HB|HC|H         (d = 0.10 A)
2026-04-23 20:44:55,015 [ genlib ] [ INFO ] Checking atom CG
2026-04-23 20:44:55,015 [ genlib ] [ INFO ] Define atom pair: LYS|CG|C8|C.3        - > LYN|CG|CT|C.3        (d = 0.00 A)
2026-04-23 20:44:55,015 [ genlib ] [ INFO ] Searching order 3
2026-04-23 20:44:55,015 [ genlib ] [ INFO ] Checking atom 1HG
2026-04-23 20:44:55,015 [ genlib ] [ INFO ] Define atom pair: LYS|1HG|HC|H         - > LYN|1HG|HC|H         (d = 0.11 A)
2026-04-23 20:44:55,015 [ genlib ] [ INFO ] Checking atom 2HG
2026-04-23 20:44:55,015 [ genlib ] [ INFO ] Define atom pair: LYS|2HG|HC|H         - > LYN|2HG|HC|H         (d = 0.10 A)
2026-04-23 20:44:55,015 [ genlib ] [ INFO ] Checking atom CD
2026-04-23 20:44:55,015 [ genlib ] [ INFO ] Define atom pair: LYS|CD|C8|C.3        - > LYN|CD|CT|C.3        (d = 0.03 A)
2026-04-23 20:44:55,015 [ genlib ] [ INFO ] Searching order 4
2026-04-23 20:44:55,015 [ genlib ] [ INFO ] Checking atom 1HD
2026-04-23 20:44:55,015 [ genlib ] [ INFO ] Define atom pair: LYS|1HD|HC|H         - > LYN|1HD|HC|H         (d = 0.07 A)
2026-04-23 20:44:55,015 [ genlib ] [ INFO ] Checking atom 2HD
2026-04-23 20:44:55,015 [ genlib ] [ INFO ] Define atom pair: LYS|2HD|HC|H         - > LYN|2HD|HC|H         (d = 0.08 A)
2026-04-23 20:44:55,015 [ genlib ] [ INFO ] Checking atom CE
2026-04-23 20:44:55,015 [ genlib ] [ INFO ] Define atom pair: LYS|CE|C8|C.3        - > LYN|CE|CT|C.3        (d = 0.05 A)
2026-04-23 20:44:55,015 [ genlib ] [ INFO ] Searching order 5
2026-04-23 20:44:55,016 [ genlib ] [ INFO ] Checking atom 1HE
2026-04-23 20:44:55,016 [ genlib ] [ INFO ] Define atom pair: LYS|1HE|HP|H         - > LYN|1HE|HP|H         (d = 0.14 A)
2026-04-23 20:44:55,016 [ genlib ] [ INFO ] Checking atom 2HE
2026-04-23 20:44:55,016 [ genlib ] [ INFO ] Define atom pair: LYS|2HE|HP|H         - > LYN|2HE|HP|H         (d = 0.14 A)
2026-04-23 20:44:55,016 [ genlib ] [ INFO ] Checking atom NZ
2026-04-23 20:44:55,016 [ genlib ] [ INFO ] Define atom pair: LYS|NZ|N3|N.4        - > LYN|NZ|N3|N.4        (d = 0.06 A)
2026-04-23 20:44:55,016 [ genlib ] [ INFO ] Searching order 6
2026-04-23 20:44:55,016 [ genlib ] [ INFO ] Checking atom 1HZ
2026-04-23 20:44:55,016 [ genlib ] [ INFO ] Define atom pair: LYS|1HZ|H|H          - > LYN|1HZ|H|H          (d = 0.07 A)
2026-04-23 20:44:55,016 [ genlib ] [ INFO ] Checking atom 2HZ
2026-04-23 20:44:55,016 [ genlib ] [ INFO ] Define atom pair: LYS|2HZ|H|H          - > LYN|2HZ|H|H          (d = 0.06 A)
2026-04-23 20:44:55,016 [ genlib ] [ INFO ] Checking atom 3HZ
2026-04-23 20:44:55,016 [ genlib ] [ INFO ] No partner found for atom 3HZ
2026-04-23 20:44:55,016 [ genlib ] [ INFO ] Searching order 7
2026-04-23 20:44:55,016 [ genlib ] [ INFO ] Searching branch 2
2026-04-23 20:44:55,016 [ genlib ] [ INFO ] Searching order 2
2026-04-23 20:44:55,016 [ genlib ] [ INFO ] Searching order 3
2026-04-23 20:44:55,016 [ genlib ] [ INFO ] Searching order 4
2026-04-23 20:44:55,016 [ genlib ] [ INFO ] Searching order 5
2026-04-23 20:44:55,016 [ genlib ] [ INFO ] Searching order 6
2026-04-23 20:44:55,016 [ genlib ] [ INFO ] Checking atom 3HZ
2026-04-23 20:44:55,016 [ genlib ] [ INFO ] No partner found for atom 3HZ
2026-04-23 20:44:55,016 [ genlib ] [ INFO ] Searching order 7
2026-04-23 20:44:55,016 [ genlib ] [ INFO ] Updating bond lists
2026-04-23 20:44:55,016 [ genlib ] [ INFO ] Updating dihedrals
2026-04-23 20:44:55,016 [ genlib ] [ INFO ] Updating impropers
2026-04-23 20:44:55,016 [ genlib ] [ INFO ] Building library files for LYS --> MET mutant
2026-04-23 20:44:55,017 [ genlib ] [ INFO ] reading rtp file "aminoacids.rtp"
2026-04-23 20:44:55,052 [ genlib ] [ INFO ] ENTERED SIMPLE
2026-04-23 20:44:55,052 [ genlib ] [ INFO ] Making atom pairs
2026-04-23 20:44:55,052 [ genlib ] [ INFO ] Searching branch 1
2026-04-23 20:44:55,052 [ genlib ] [ INFO ] Searching order 2
2026-04-23 20:44:55,052 [ genlib ] [ INFO ] Checking atom 1HB
2026-04-23 20:44:55,052 [ genlib ] [ INFO ] Define atom pair: LYS|1HB|HC|H         - > MET|1HB|HC|H         (d = 0.10 A)
2026-04-23 20:44:55,052 [ genlib ] [ INFO ] Checking atom 2HB
2026-04-23 20:44:55,052 [ genlib ] [ INFO ] Define atom pair: LYS|2HB|HC|H         - > MET|2HB|HC|H         (d = 0.11 A)
2026-04-23 20:44:55,052 [ genlib ] [ INFO ] Checking atom CG
2026-04-23 20:44:55,052 [ genlib ] [ INFO ] Define atom pair: LYS|CG|C8|C.3        - > MET|CG|2C|C.3        (d = 0.11 A)
2026-04-23 20:44:55,052 [ genlib ] [ INFO ] Searching order 3
2026-04-23 20:44:55,052 [ genlib ] [ INFO ] Checking atom 1HG
2026-04-23 20:44:55,052 [ genlib ] [ INFO ] Define atom pair: LYS|1HG|HC|H         - > MET|1HG|H1|H         (d = 0.09 A)
2026-04-23 20:44:55,052 [ genlib ] [ INFO ] Checking atom 2HG
2026-04-23 20:44:55,052 [ genlib ] [ INFO ] Define atom pair: LYS|2HG|HC|H         - > MET|2HG|H1|H         (d = 0.17 A)
2026-04-23 20:44:55,052 [ genlib ] [ INFO ] Checking atom CD
2026-04-23 20:44:55,052 [ genlib ] [ INFO ] Define atom pair: LYS|CD|C8|C.3        - > MET|SD|S|S.3         (d = 0.38 A)
2026-04-23 20:44:55,052 [ genlib ] [ INFO ] Searching order 4
2026-04-23 20:44:55,052 [ genlib ] [ INFO ] Checking atom 1HD
2026-04-23 20:44:55,052 [ genlib ] [ INFO ] No partner found for atom 1HD
2026-04-23 20:44:55,052 [ genlib ] [ INFO ] Checking atom 2HD
2026-04-23 20:44:55,052 [ genlib ] [ INFO ] No partner found for atom 2HD
2026-04-23 20:44:55,052 [ genlib ] [ INFO ] Checking atom CE
2026-04-23 20:44:55,052 [ genlib ] [ INFO ] Define atom pair: LYS|CE|C8|C.3        - > MET|CE|CT|C.3        (d = 0.44 A)
2026-04-23 20:44:55,052 [ genlib ] [ INFO ] Searching order 5
2026-04-23 20:44:55,052 [ genlib ] [ INFO ] Checking atom 1HE
2026-04-23 20:44:55,052 [ genlib ] [ INFO ] Define atom pair: LYS|1HE|HP|H         - > MET|2HE|H1|H         (d = 0.38 A)
2026-04-23 20:44:55,052 [ genlib ] [ INFO ] Checking atom 2HE
2026-04-23 20:44:55,052 [ genlib ] [ INFO ] Define atom pair: LYS|2HE|HP|H         - > MET|3HE|H1|H         (d = 0.36 A)
2026-04-23 20:44:55,052 [ genlib ] [ INFO ] Checking atom NZ
2026-04-23 20:44:55,052 [ genlib ] [ INFO ] No partner found for atom NZ
2026-04-23 20:44:55,052 [ genlib ] [ INFO ] Searching order 6
2026-04-23 20:44:55,052 [ genlib ] [ INFO ] Searching order 7
2026-04-23 20:44:55,052 [ genlib ] [ INFO ] Searching branch 2
2026-04-23 20:44:55,052 [ genlib ] [ INFO ] Searching order 2
2026-04-23 20:44:55,052 [ genlib ] [ INFO ] Searching order 3
2026-04-23 20:44:55,052 [ genlib ] [ INFO ] Searching order 4
2026-04-23 20:44:55,052 [ genlib ] [ INFO ] Checking atom 1HD
2026-04-23 20:44:55,052 [ genlib ] [ INFO ] No partner found for atom 1HD
2026-04-23 20:44:55,052 [ genlib ] [ INFO ] Checking atom 2HD
2026-04-23 20:44:55,052 [ genlib ] [ INFO ] No partner found for atom 2HD
2026-04-23 20:44:55,052 [ genlib ] [ INFO ] Searching order 5
2026-04-23 20:44:55,052 [ genlib ] [ INFO ] Checking atom NZ
2026-04-23 20:44:55,052 [ genlib ] [ INFO ] No partner found for atom NZ
2026-04-23 20:44:55,052 [ genlib ] [ INFO ] Searching order 6
2026-04-23 20:44:55,052 [ genlib ] [ INFO ] Searching order 7
2026-04-23 20:44:55,053 [ genlib ] [ INFO ] Updating bond lists
2026-04-23 20:44:55,053 [ genlib ] [ INFO ] Updating dihedrals
2026-04-23 20:44:55,053 [ genlib ] [ INFO ] Updating impropers
2026-04-23 20:44:55,053 [ genlib ] [ INFO ] Building library files for LYS --> PHE mutant
2026-04-23 20:44:55,054 [ genlib ] [ INFO ] reading rtp file "aminoacids.rtp"
2026-04-23 20:44:55,089 [ genlib ] [ INFO ] ENTERED RINGS
2026-04-23 20:44:55,089 [ genlib ] [ INFO ] Making atom pairs
2026-04-23 20:44:55,093 [ genlib ] [ INFO ] Updating bond lists
2026-04-23 20:44:55,093 [ genlib ] [ INFO ] Updating dihedrals
2026-04-23 20:44:55,093 [ genlib ] [ INFO ] Updating impropers
2026-04-23 20:44:55,094 [ genlib ] [ INFO ] Building library files for LYS --> PRO mutant
2026-04-23 20:44:55,095 [ genlib ] [ INFO ] reading rtp file "aminoacids.rtp"
2026-04-23 20:44:55,129 [ genlib ] [ INFO ] ENTERED P
2026-04-23 20:44:55,129 [ genlib ] [ INFO ] Making atom pairs
2026-04-23 20:44:55,132 [ genlib ] [ INFO ] Updating bond lists
2026-04-23 20:44:55,132 [ genlib ] [ INFO ] Updating dihedrals
2026-04-23 20:44:55,132 [ genlib ] [ INFO ] Updating impropers
2026-04-23 20:44:55,132 [ genlib ] [ INFO ] Building library files for LYS --> SER mutant
2026-04-23 20:44:55,133 [ genlib ] [ INFO ] reading rtp file "aminoacids.rtp"
2026-04-23 20:44:55,168 [ genlib ] [ INFO ] ENTERED SIMPLE
2026-04-23 20:44:55,168 [ genlib ] [ INFO ] Making atom pairs
2026-04-23 20:44:55,168 [ genlib ] [ INFO ] Searching branch 1
2026-04-23 20:44:55,168 [ genlib ] [ INFO ] Searching order 2
2026-04-23 20:44:55,168 [ genlib ] [ INFO ] Checking atom 1HB
2026-04-23 20:44:55,168 [ genlib ] [ INFO ] Define atom pair: LYS|1HB|HC|H         - > SER|1HB|H1|H         (d = 0.15 A)
2026-04-23 20:44:55,168 [ genlib ] [ INFO ] Checking atom 2HB
2026-04-23 20:44:55,168 [ genlib ] [ INFO ] Define atom pair: LYS|2HB|HC|H         - > SER|2HB|H1|H         (d = 0.12 A)
2026-04-23 20:44:55,168 [ genlib ] [ INFO ] Checking atom CG
2026-04-23 20:44:55,168 [ genlib ] [ INFO ] Define atom pair: LYS|CG|C8|C.3        - > SER|OG|OH|O.3        (d = 0.19 A)
2026-04-23 20:44:55,168 [ genlib ] [ INFO ] Searching order 3
2026-04-23 20:44:55,168 [ genlib ] [ INFO ] Checking atom 1HG
2026-04-23 20:44:55,168 [ genlib ] [ INFO ] No partner found for atom 1HG
2026-04-23 20:44:55,168 [ genlib ] [ INFO ] Checking atom 2HG
2026-04-23 20:44:55,168 [ genlib ] [ INFO ] No partner found for atom 2HG
2026-04-23 20:44:55,168 [ genlib ] [ INFO ] Checking atom CD
2026-04-23 20:44:55,168 [ genlib ] [ INFO ] No partner found for atom CD
2026-04-23 20:44:55,168 [ genlib ] [ INFO ] Searching order 4
2026-04-23 20:44:55,168 [ genlib ] [ INFO ] Searching order 5
2026-04-23 20:44:55,168 [ genlib ] [ INFO ] Searching order 6
2026-04-23 20:44:55,168 [ genlib ] [ INFO ] Searching order 7
2026-04-23 20:44:55,168 [ genlib ] [ INFO ] Searching branch 2
2026-04-23 20:44:55,168 [ genlib ] [ INFO ] Searching order 2
2026-04-23 20:44:55,168 [ genlib ] [ INFO ] Searching order 3
2026-04-23 20:44:55,168 [ genlib ] [ INFO ] Checking atom 1HG
2026-04-23 20:44:55,168 [ genlib ] [ INFO ] No partner found for atom 1HG
2026-04-23 20:44:55,168 [ genlib ] [ INFO ] Checking atom 2HG
2026-04-23 20:44:55,168 [ genlib ] [ INFO ] No partner found for atom 2HG
2026-04-23 20:44:55,168 [ genlib ] [ INFO ] Checking atom CD
2026-04-23 20:44:55,168 [ genlib ] [ INFO ] No partner found for atom CD
2026-04-23 20:44:55,168 [ genlib ] [ INFO ] Searching order 4
2026-04-23 20:44:55,168 [ genlib ] [ INFO ] Searching order 5
2026-04-23 20:44:55,168 [ genlib ] [ INFO ] Searching order 6
2026-04-23 20:44:55,168 [ genlib ] [ INFO ] Searching order 7
2026-04-23 20:44:55,169 [ genlib ] [ INFO ] Updating bond lists
2026-04-23 20:44:55,169 [ genlib ] [ INFO ] Updating dihedrals
2026-04-23 20:44:55,169 [ genlib ] [ INFO ] Updating impropers
2026-04-23 20:44:55,169 [ genlib ] [ INFO ] Building library files for LYS --> THR mutant
2026-04-23 20:44:55,170 [ genlib ] [ INFO ] reading rtp file "aminoacids.rtp"
2026-04-23 20:44:55,205 [ genlib ] [ INFO ] ENTERED SIMPLE
2026-04-23 20:44:55,205 [ genlib ] [ INFO ] Making atom pairs
2026-04-23 20:44:55,205 [ genlib ] [ INFO ] Searching branch 1
2026-04-23 20:44:55,205 [ genlib ] [ INFO ] Searching order 2
2026-04-23 20:44:55,205 [ genlib ] [ INFO ] Checking atom 1HB
2026-04-23 20:44:55,205 [ genlib ] [ INFO ] Define atom pair: LYS|1HB|HC|H         - > THR|HB|H1|H          (d = 0.12 A)
2026-04-23 20:44:55,205 [ genlib ] [ INFO ] Checking atom 2HB
2026-04-23 20:44:55,205 [ genlib ] [ INFO ] Define atom pair: LYS|2HB|HC|H         - > THR|CG2|CT|C.3       (d = 0.48 A)
2026-04-23 20:44:55,205 [ genlib ] [ INFO ] Checking atom CG
2026-04-23 20:44:55,205 [ genlib ] [ INFO ] Define atom pair: LYS|CG|C8|C.3        - > THR|OG1|OH|O.3       (d = 0.24 A)
2026-04-23 20:44:55,205 [ genlib ] [ INFO ] Searching order 3
2026-04-23 20:44:55,205 [ genlib ] [ INFO ] Checking atom 1HG
2026-04-23 20:44:55,205 [ genlib ] [ INFO ] No partner found for atom 1HG
2026-04-23 20:44:55,205 [ genlib ] [ INFO ] Checking atom 2HG
2026-04-23 20:44:55,205 [ genlib ] [ INFO ] No partner found for atom 2HG
2026-04-23 20:44:55,205 [ genlib ] [ INFO ] Checking atom CD
2026-04-23 20:44:55,205 [ genlib ] [ INFO ] No partner found for atom CD
2026-04-23 20:44:55,205 [ genlib ] [ INFO ] Searching order 4
2026-04-23 20:44:55,205 [ genlib ] [ INFO ] Searching order 5
2026-04-23 20:44:55,205 [ genlib ] [ INFO ] Searching order 6
2026-04-23 20:44:55,205 [ genlib ] [ INFO ] Searching order 7
2026-04-23 20:44:55,205 [ genlib ] [ INFO ] Searching branch 2
2026-04-23 20:44:55,205 [ genlib ] [ INFO ] Searching order 2
2026-04-23 20:44:55,206 [ genlib ] [ INFO ] Searching order 3
2026-04-23 20:44:55,206 [ genlib ] [ INFO ] Checking atom 1HG
2026-04-23 20:44:55,206 [ genlib ] [ INFO ] No partner found for atom 1HG
2026-04-23 20:44:55,206 [ genlib ] [ INFO ] Checking atom 2HG
2026-04-23 20:44:55,206 [ genlib ] [ INFO ] No partner found for atom 2HG
2026-04-23 20:44:55,206 [ genlib ] [ INFO ] Checking atom CD
2026-04-23 20:44:55,206 [ genlib ] [ INFO ] No partner found for atom CD
2026-04-23 20:44:55,206 [ genlib ] [ INFO ] Searching order 4
2026-04-23 20:44:55,206 [ genlib ] [ INFO ] Searching order 5
2026-04-23 20:44:55,206 [ genlib ] [ INFO ] Searching order 6
2026-04-23 20:44:55,206 [ genlib ] [ INFO ] Searching order 7
2026-04-23 20:44:55,207 [ genlib ] [ INFO ] Updating bond lists
2026-04-23 20:44:55,207 [ genlib ] [ INFO ] Updating dihedrals
2026-04-23 20:44:55,207 [ genlib ] [ INFO ] Updating impropers
2026-04-23 20:44:55,208 [ genlib ] [ INFO ] Building library files for LYS --> TRP mutant
2026-04-23 20:44:55,209 [ genlib ] [ INFO ] reading rtp file "aminoacids.rtp"
2026-04-23 20:44:55,243 [ genlib ] [ INFO ] ENTERED RINGS
2026-04-23 20:44:55,243 [ genlib ] [ INFO ] Making atom pairs
2026-04-23 20:44:55,250 [ genlib ] [ INFO ] Updating bond lists
2026-04-23 20:44:55,250 [ genlib ] [ INFO ] Updating dihedrals
2026-04-23 20:44:55,250 [ genlib ] [ INFO ] Updating impropers
2026-04-23 20:44:55,251 [ genlib ] [ INFO ] Building library files for LYS --> TYR mutant
2026-04-23 20:44:55,252 [ genlib ] [ INFO ] reading rtp file "aminoacids.rtp"
2026-04-23 20:44:55,286 [ genlib ] [ INFO ] ENTERED RINGS
2026-04-23 20:44:55,286 [ genlib ] [ INFO ] Making atom pairs
2026-04-23 20:44:55,292 [ genlib ] [ INFO ] Updating bond lists
2026-04-23 20:44:55,292 [ genlib ] [ INFO ] Updating dihedrals
2026-04-23 20:44:55,292 [ genlib ] [ INFO ] Updating impropers
2026-04-23 20:44:55,292 [ genlib ] [ INFO ] Building library files for LYS --> VAL mutant
2026-04-23 20:44:55,293 [ genlib ] [ INFO ] reading rtp file "aminoacids.rtp"
2026-04-23 20:44:55,328 [ genlib ] [ INFO ] ENTERED SIMPLE
2026-04-23 20:44:55,328 [ genlib ] [ INFO ] Making atom pairs
2026-04-23 20:44:55,328 [ genlib ] [ INFO ] Searching branch 1
2026-04-23 20:44:55,328 [ genlib ] [ INFO ] Searching order 2
2026-04-23 20:44:55,328 [ genlib ] [ INFO ] Checking atom 1HB
2026-04-23 20:44:55,328 [ genlib ] [ INFO ] Define atom pair: LYS|1HB|HC|H         - > VAL|HB|HC|H          (d = 0.21 A)
2026-04-23 20:44:55,328 [ genlib ] [ INFO ] Checking atom 2HB
2026-04-23 20:44:55,328 [ genlib ] [ INFO ] Define atom pair: LYS|2HB|HC|H         - > VAL|CG1|CT|C.3       (d = 0.45 A)
2026-04-23 20:44:55,328 [ genlib ] [ INFO ] Checking atom CG
2026-04-23 20:44:55,328 [ genlib ] [ INFO ] Define atom pair: LYS|CG|C8|C.3        - > VAL|CG2|CT|C.3       (d = 0.25 A)
2026-04-23 20:44:55,328 [ genlib ] [ INFO ] Searching order 3
2026-04-23 20:44:55,328 [ genlib ] [ INFO ] Checking atom 1HG
2026-04-23 20:44:55,328 [ genlib ] [ INFO ] Define atom pair: LYS|1HG|HC|H         - > VAL|2HG2|HC|H        (d = 0.30 A)
2026-04-23 20:44:55,328 [ genlib ] [ INFO ] Checking atom 2HG
2026-04-23 20:44:55,328 [ genlib ] [ INFO ] Define atom pair: LYS|2HG|HC|H         - > VAL|3HG2|HC|H        (d = 0.40 A)
2026-04-23 20:44:55,328 [ genlib ] [ INFO ] Checking atom CD
2026-04-23 20:44:55,328 [ genlib ] [ INFO ] Define atom pair: LYS|CD|C8|C.3        - > VAL|1HG2|HC|H        (d = 0.43 A)
2026-04-23 20:44:55,328 [ genlib ] [ INFO ] Searching order 4
2026-04-23 20:44:55,328 [ genlib ] [ INFO ] Checking atom 1HD
2026-04-23 20:44:55,328 [ genlib ] [ INFO ] No partner found for atom 1HD
2026-04-23 20:44:55,328 [ genlib ] [ INFO ] Checking atom 2HD
2026-04-23 20:44:55,328 [ genlib ] [ INFO ] No partner found for atom 2HD
2026-04-23 20:44:55,328 [ genlib ] [ INFO ] Checking atom CE
2026-04-23 20:44:55,328 [ genlib ] [ INFO ] No partner found for atom CE
2026-04-23 20:44:55,328 [ genlib ] [ INFO ] Searching order 5
2026-04-23 20:44:55,328 [ genlib ] [ INFO ] Searching order 6
2026-04-23 20:44:55,328 [ genlib ] [ INFO ] Searching order 7
2026-04-23 20:44:55,328 [ genlib ] [ INFO ] Searching branch 2
2026-04-23 20:44:55,328 [ genlib ] [ INFO ] Searching order 2
2026-04-23 20:44:55,328 [ genlib ] [ INFO ] Searching order 3
2026-04-23 20:44:55,328 [ genlib ] [ INFO ] Searching order 4
2026-04-23 20:44:55,328 [ genlib ] [ INFO ] Checking atom 1HD
2026-04-23 20:44:55,328 [ genlib ] [ INFO ] No partner found for atom 1HD
2026-04-23 20:44:55,328 [ genlib ] [ INFO ] Checking atom 2HD
2026-04-23 20:44:55,328 [ genlib ] [ INFO ] No partner found for atom 2HD
2026-04-23 20:44:55,328 [ genlib ] [ INFO ] Checking atom CE
2026-04-23 20:44:55,328 [ genlib ] [ INFO ] No partner found for atom CE
2026-04-23 20:44:55,328 [ genlib ] [ INFO ] Searching order 5
2026-04-23 20:44:55,328 [ genlib ] [ INFO ] Searching order 6
2026-04-23 20:44:55,328 [ genlib ] [ INFO ] Searching order 7
2026-04-23 20:44:55,329 [ genlib ] [ INFO ] Updating bond lists
2026-04-23 20:44:55,330 [ genlib ] [ INFO ] Updating dihedrals
2026-04-23 20:44:55,330 [ genlib ] [ INFO ] Updating impropers
2026-04-23 20:44:55,330 [ genlib ] [ INFO ] Building library files for MET --> ALA mutant
2026-04-23 20:44:55,330 [ genlib ] [ INFO ] reading rtp file "aminoacids.rtp"
2026-04-23 20:44:55,365 [ genlib ] [ INFO ] ENTERED SIMPLE
2026-04-23 20:44:55,365 [ genlib ] [ INFO ] Making atom pairs
2026-04-23 20:44:55,365 [ genlib ] [ INFO ] Searching branch 1
2026-04-23 20:44:55,365 [ genlib ] [ INFO ] Searching order 2
2026-04-23 20:44:55,365 [ genlib ] [ INFO ] Checking atom 1HB
2026-04-23 20:44:55,365 [ genlib ] [ INFO ] Define atom pair: MET|1HB|HC|H         - > ALA|2HB|HC|H         (d = 0.07 A)
2026-04-23 20:44:55,365 [ genlib ] [ INFO ] Checking atom 2HB
2026-04-23 20:44:55,365 [ genlib ] [ INFO ] Define atom pair: MET|2HB|HC|H         - > ALA|3HB|HC|H         (d = 0.07 A)
2026-04-23 20:44:55,365 [ genlib ] [ INFO ] Checking atom CG
2026-04-23 20:44:55,365 [ genlib ] [ INFO ] Define atom pair: MET|CG|2C|C.3        - > ALA|1HB|HC|H         (d = 0.47 A)
2026-04-23 20:44:55,365 [ genlib ] [ INFO ] Searching order 3
2026-04-23 20:44:55,365 [ genlib ] [ INFO ] Checking atom 1HG
2026-04-23 20:44:55,365 [ genlib ] [ INFO ] No partner found for atom 1HG
2026-04-23 20:44:55,365 [ genlib ] [ INFO ] Checking atom 2HG
2026-04-23 20:44:55,365 [ genlib ] [ INFO ] No partner found for atom 2HG
2026-04-23 20:44:55,365 [ genlib ] [ INFO ] Checking atom SD
2026-04-23 20:44:55,365 [ genlib ] [ INFO ] No partner found for atom SD
2026-04-23 20:44:55,365 [ genlib ] [ INFO ] Searching order 4
2026-04-23 20:44:55,365 [ genlib ] [ INFO ] Searching order 5
2026-04-23 20:44:55,365 [ genlib ] [ INFO ] Searching order 6
2026-04-23 20:44:55,365 [ genlib ] [ INFO ] Searching order 7
2026-04-23 20:44:55,365 [ genlib ] [ INFO ] Searching branch 2
2026-04-23 20:44:55,365 [ genlib ] [ INFO ] Searching order 2
2026-04-23 20:44:55,365 [ genlib ] [ INFO ] Searching order 3
2026-04-23 20:44:55,365 [ genlib ] [ INFO ] Checking atom 1HG
2026-04-23 20:44:55,365 [ genlib ] [ INFO ] No partner found for atom 1HG
2026-04-23 20:44:55,365 [ genlib ] [ INFO ] Checking atom 2HG
2026-04-23 20:44:55,365 [ genlib ] [ INFO ] No partner found for atom 2HG
2026-04-23 20:44:55,365 [ genlib ] [ INFO ] Checking atom SD
2026-04-23 20:44:55,365 [ genlib ] [ INFO ] No partner found for atom SD
2026-04-23 20:44:55,365 [ genlib ] [ INFO ] Searching order 4
2026-04-23 20:44:55,365 [ genlib ] [ INFO ] Searching order 5
2026-04-23 20:44:55,365 [ genlib ] [ INFO ] Searching order 6
2026-04-23 20:44:55,365 [ genlib ] [ INFO ] Searching order 7
2026-04-23 20:44:55,366 [ genlib ] [ INFO ] Updating bond lists
2026-04-23 20:44:55,366 [ genlib ] [ INFO ] Updating dihedrals
2026-04-23 20:44:55,366 [ genlib ] [ INFO ] Updating impropers
2026-04-23 20:44:55,366 [ genlib ] [ INFO ] Building library files for MET --> ARG mutant
2026-04-23 20:44:55,367 [ genlib ] [ INFO ] reading rtp file "aminoacids.rtp"
2026-04-23 20:44:55,402 [ genlib ] [ INFO ] ENTERED SIMPLE
2026-04-23 20:44:55,402 [ genlib ] [ INFO ] Making atom pairs
2026-04-23 20:44:55,402 [ genlib ] [ INFO ] Searching branch 1
2026-04-23 20:44:55,402 [ genlib ] [ INFO ] Searching order 2
2026-04-23 20:44:55,402 [ genlib ] [ INFO ] Checking atom 1HB
2026-04-23 20:44:55,402 [ genlib ] [ INFO ] Define atom pair: MET|1HB|HC|H         - > ARG|1HB|HC|H         (d = 0.09 A)
2026-04-23 20:44:55,402 [ genlib ] [ INFO ] Checking atom 2HB
2026-04-23 20:44:55,402 [ genlib ] [ INFO ] Define atom pair: MET|2HB|HC|H         - > ARG|2HB|HC|H         (d = 0.11 A)
2026-04-23 20:44:55,402 [ genlib ] [ INFO ] Checking atom CG
2026-04-23 20:44:55,402 [ genlib ] [ INFO ] Define atom pair: MET|CG|2C|C.3        - > ARG|CG|C8|C.3        (d = 0.11 A)
2026-04-23 20:44:55,402 [ genlib ] [ INFO ] Searching order 3
2026-04-23 20:44:55,402 [ genlib ] [ INFO ] Checking atom 1HG
2026-04-23 20:44:55,402 [ genlib ] [ INFO ] Define atom pair: MET|1HG|H1|H         - > ARG|1HG|HC|H         (d = 0.10 A)
2026-04-23 20:44:55,402 [ genlib ] [ INFO ] Checking atom 2HG
2026-04-23 20:44:55,402 [ genlib ] [ INFO ] Define atom pair: MET|2HG|H1|H         - > ARG|2HG|HC|H         (d = 0.16 A)
2026-04-23 20:44:55,402 [ genlib ] [ INFO ] Checking atom SD
2026-04-23 20:44:55,402 [ genlib ] [ INFO ] Define atom pair: MET|SD|S|S.3         - > ARG|CD|C8|C.3        (d = 0.38 A)
2026-04-23 20:44:55,402 [ genlib ] [ INFO ] Searching order 4
2026-04-23 20:44:55,402 [ genlib ] [ INFO ] Checking atom CE
2026-04-23 20:44:55,402 [ genlib ] [ INFO ] Define atom pair: MET|CE|CT|C.3        - > ARG|NE|N2|N.pl3      (d = 0.51 A)
2026-04-23 20:44:55,402 [ genlib ] [ INFO ] Searching order 5
2026-04-23 20:44:55,402 [ genlib ] [ INFO ] Checking atom 1HE
2026-04-23 20:44:55,402 [ genlib ] [ INFO ] Define atom pair: MET|1HE|H1|H         - > ARG|CZ|CA|C.cat      (d = 0.52 A)
2026-04-23 20:44:55,402 [ genlib ] [ INFO ] Checking atom 2HE
2026-04-23 20:44:55,402 [ genlib ] [ INFO ] No partner found for atom 2HE
2026-04-23 20:44:55,402 [ genlib ] [ INFO ] Checking atom 3HE
2026-04-23 20:44:55,402 [ genlib ] [ INFO ] No partner found for atom 3HE
2026-04-23 20:44:55,402 [ genlib ] [ INFO ] Searching order 6
2026-04-23 20:44:55,402 [ genlib ] [ INFO ] Searching order 7
2026-04-23 20:44:55,402 [ genlib ] [ INFO ] Searching branch 2
2026-04-23 20:44:55,402 [ genlib ] [ INFO ] Searching order 2
2026-04-23 20:44:55,402 [ genlib ] [ INFO ] Searching order 3
2026-04-23 20:44:55,402 [ genlib ] [ INFO ] Searching order 4
2026-04-23 20:44:55,402 [ genlib ] [ INFO ] Searching order 5
2026-04-23 20:44:55,402 [ genlib ] [ INFO ] Checking atom 2HE
2026-04-23 20:44:55,402 [ genlib ] [ INFO ] No partner found for atom 2HE
2026-04-23 20:44:55,402 [ genlib ] [ INFO ] Checking atom 3HE
2026-04-23 20:44:55,402 [ genlib ] [ INFO ] No partner found for atom 3HE
2026-04-23 20:44:55,402 [ genlib ] [ INFO ] Searching order 6
2026-04-23 20:44:55,402 [ genlib ] [ INFO ] Searching order 7
2026-04-23 20:44:55,406 [ genlib ] [ INFO ] Updating bond lists
2026-04-23 20:44:55,407 [ genlib ] [ INFO ] Updating dihedrals
2026-04-23 20:44:55,407 [ genlib ] [ INFO ] Updating impropers
2026-04-23 20:44:55,407 [ genlib ] [ INFO ] Building library files for MET --> ASH mutant
2026-04-23 20:44:55,408 [ genlib ] [ INFO ] reading rtp file "aminoacids.rtp"
2026-04-23 20:44:55,442 [ genlib ] [ INFO ] ENTERED SIMPLE
2026-04-23 20:44:55,442 [ genlib ] [ INFO ] Making atom pairs
2026-04-23 20:44:55,442 [ genlib ] [ INFO ] Searching branch 1
2026-04-23 20:44:55,442 [ genlib ] [ INFO ] Searching order 2
2026-04-23 20:44:55,442 [ genlib ] [ INFO ] Checking atom 1HB
2026-04-23 20:44:55,442 [ genlib ] [ INFO ] Define atom pair: MET|1HB|HC|H         - > ASH|1HB|HC|H         (d = 0.14 A)
2026-04-23 20:44:55,442 [ genlib ] [ INFO ] Checking atom 2HB
2026-04-23 20:44:55,442 [ genlib ] [ INFO ] Define atom pair: MET|2HB|HC|H         - > ASH|2HB|HC|H         (d = 0.12 A)
2026-04-23 20:44:55,442 [ genlib ] [ INFO ] Checking atom CG
2026-04-23 20:44:55,442 [ genlib ] [ INFO ] Define atom pair: MET|CG|2C|C.3        - > ASH|CG|C|C.2         (d = 0.07 A)
2026-04-23 20:44:55,442 [ genlib ] [ INFO ] Searching order 3
2026-04-23 20:44:55,442 [ genlib ] [ INFO ] Checking atom 1HG
2026-04-23 20:44:55,442 [ genlib ] [ INFO ] No partner found for atom 1HG
2026-04-23 20:44:55,442 [ genlib ] [ INFO ] Checking atom 2HG
2026-04-23 20:44:55,442 [ genlib ] [ INFO ] No partner found for atom 2HG
2026-04-23 20:44:55,442 [ genlib ] [ INFO ] Checking atom SD
2026-04-23 20:44:55,442 [ genlib ] [ INFO ] Define atom pair: MET|SD|S|S.3         - > ASH|OD1|O|O.co2      (d = 0.53 A)
2026-04-23 20:44:55,442 [ genlib ] [ INFO ] Searching order 4
2026-04-23 20:44:55,442 [ genlib ] [ INFO ] Checking atom CE
2026-04-23 20:44:55,442 [ genlib ] [ INFO ] No partner found for atom CE
2026-04-23 20:44:55,442 [ genlib ] [ INFO ] Searching order 5
2026-04-23 20:44:55,442 [ genlib ] [ INFO ] Searching order 6
2026-04-23 20:44:55,442 [ genlib ] [ INFO ] Searching order 7
2026-04-23 20:44:55,442 [ genlib ] [ INFO ] Searching branch 2
2026-04-23 20:44:55,442 [ genlib ] [ INFO ] Searching order 2
2026-04-23 20:44:55,442 [ genlib ] [ INFO ] Searching order 3
2026-04-23 20:44:55,442 [ genlib ] [ INFO ] Checking atom 1HG
2026-04-23 20:44:55,442 [ genlib ] [ INFO ] No partner found for atom 1HG
2026-04-23 20:44:55,442 [ genlib ] [ INFO ] Checking atom 2HG
2026-04-23 20:44:55,442 [ genlib ] [ INFO ] No partner found for atom 2HG
2026-04-23 20:44:55,442 [ genlib ] [ INFO ] Searching order 4
2026-04-23 20:44:55,442 [ genlib ] [ INFO ] Checking atom CE
2026-04-23 20:44:55,443 [ genlib ] [ INFO ] No partner found for atom CE
2026-04-23 20:44:55,443 [ genlib ] [ INFO ] Searching order 5
2026-04-23 20:44:55,443 [ genlib ] [ INFO ] Searching order 6
2026-04-23 20:44:55,443 [ genlib ] [ INFO ] Searching order 7
2026-04-23 20:44:55,443 [ genlib ] [ INFO ] Updating bond lists
2026-04-23 20:44:55,444 [ genlib ] [ INFO ] Updating dihedrals
2026-04-23 20:44:55,444 [ genlib ] [ INFO ] Updating impropers
2026-04-23 20:44:55,444 [ genlib ] [ INFO ] Building library files for MET --> ASN mutant
2026-04-23 20:44:55,445 [ genlib ] [ INFO ] reading rtp file "aminoacids.rtp"
2026-04-23 20:44:55,479 [ genlib ] [ INFO ] ENTERED SIMPLE
2026-04-23 20:44:55,479 [ genlib ] [ INFO ] Making atom pairs
2026-04-23 20:44:55,479 [ genlib ] [ INFO ] Searching branch 1
2026-04-23 20:44:55,479 [ genlib ] [ INFO ] Searching order 2
2026-04-23 20:44:55,479 [ genlib ] [ INFO ] Checking atom 1HB
2026-04-23 20:44:55,479 [ genlib ] [ INFO ] Define atom pair: MET|1HB|HC|H         - > ASN|1HB|HC|H         (d = 0.08 A)
2026-04-23 20:44:55,479 [ genlib ] [ INFO ] Checking atom 2HB
2026-04-23 20:44:55,479 [ genlib ] [ INFO ] Define atom pair: MET|2HB|HC|H         - > ASN|2HB|HC|H         (d = 0.07 A)
2026-04-23 20:44:55,479 [ genlib ] [ INFO ] Checking atom CG
2026-04-23 20:44:55,479 [ genlib ] [ INFO ] Define atom pair: MET|CG|2C|C.3        - > ASN|CG|C|C.2         (d = 0.07 A)
2026-04-23 20:44:55,479 [ genlib ] [ INFO ] Searching order 3
2026-04-23 20:44:55,479 [ genlib ] [ INFO ] Checking atom 1HG
2026-04-23 20:44:55,479 [ genlib ] [ INFO ] No partner found for atom 1HG
2026-04-23 20:44:55,479 [ genlib ] [ INFO ] Checking atom 2HG
2026-04-23 20:44:55,479 [ genlib ] [ INFO ] No partner found for atom 2HG
2026-04-23 20:44:55,479 [ genlib ] [ INFO ] Checking atom SD
2026-04-23 20:44:55,479 [ genlib ] [ INFO ] Define atom pair: MET|SD|S|S.3         - > ASN|OD1|O|O.2        (d = 0.52 A)
2026-04-23 20:44:55,479 [ genlib ] [ INFO ] Searching order 4
2026-04-23 20:44:55,479 [ genlib ] [ INFO ] Checking atom CE
2026-04-23 20:44:55,479 [ genlib ] [ INFO ] No partner found for atom CE
2026-04-23 20:44:55,479 [ genlib ] [ INFO ] Searching order 5
2026-04-23 20:44:55,479 [ genlib ] [ INFO ] Searching order 6
2026-04-23 20:44:55,479 [ genlib ] [ INFO ] Searching order 7
2026-04-23 20:44:55,479 [ genlib ] [ INFO ] Searching branch 2
2026-04-23 20:44:55,479 [ genlib ] [ INFO ] Searching order 2
2026-04-23 20:44:55,479 [ genlib ] [ INFO ] Searching order 3
2026-04-23 20:44:55,479 [ genlib ] [ INFO ] Checking atom 1HG
2026-04-23 20:44:55,479 [ genlib ] [ INFO ] No partner found for atom 1HG
2026-04-23 20:44:55,479 [ genlib ] [ INFO ] Checking atom 2HG
2026-04-23 20:44:55,479 [ genlib ] [ INFO ] No partner found for atom 2HG
2026-04-23 20:44:55,479 [ genlib ] [ INFO ] Searching order 4
2026-04-23 20:44:55,479 [ genlib ] [ INFO ] Checking atom CE
2026-04-23 20:44:55,479 [ genlib ] [ INFO ] No partner found for atom CE
2026-04-23 20:44:55,479 [ genlib ] [ INFO ] Searching order 5
2026-04-23 20:44:55,479 [ genlib ] [ INFO ] Searching order 6
2026-04-23 20:44:55,479 [ genlib ] [ INFO ] Searching order 7
2026-04-23 20:44:55,481 [ genlib ] [ INFO ] Updating bond lists
2026-04-23 20:44:55,481 [ genlib ] [ INFO ] Updating dihedrals
2026-04-23 20:44:55,481 [ genlib ] [ INFO ] Updating impropers
2026-04-23 20:44:55,481 [ genlib ] [ INFO ] Building library files for MET --> ASP mutant
2026-04-23 20:44:55,482 [ genlib ] [ INFO ] reading rtp file "aminoacids.rtp"
2026-04-23 20:44:55,516 [ genlib ] [ INFO ] ENTERED SIMPLE
2026-04-23 20:44:55,516 [ genlib ] [ INFO ] Making atom pairs
2026-04-23 20:44:55,516 [ genlib ] [ INFO ] Searching branch 1
2026-04-23 20:44:55,516 [ genlib ] [ INFO ] Searching order 2
2026-04-23 20:44:55,516 [ genlib ] [ INFO ] Checking atom 1HB
2026-04-23 20:44:55,516 [ genlib ] [ INFO ] Define atom pair: MET|1HB|HC|H         - > ASP|1HB|HC|H         (d = 0.09 A)
2026-04-23 20:44:55,516 [ genlib ] [ INFO ] Checking atom 2HB
2026-04-23 20:44:55,516 [ genlib ] [ INFO ] Define atom pair: MET|2HB|HC|H         - > ASP|2HB|HC|H         (d = 0.06 A)
2026-04-23 20:44:55,516 [ genlib ] [ INFO ] Checking atom CG
2026-04-23 20:44:55,516 [ genlib ] [ INFO ] Define atom pair: MET|CG|2C|C.3        - > ASP|CG|CO|C.2        (d = 0.07 A)
2026-04-23 20:44:55,516 [ genlib ] [ INFO ] Searching order 3
2026-04-23 20:44:55,516 [ genlib ] [ INFO ] Checking atom 1HG
2026-04-23 20:44:55,516 [ genlib ] [ INFO ] No partner found for atom 1HG
2026-04-23 20:44:55,516 [ genlib ] [ INFO ] Checking atom 2HG
2026-04-23 20:44:55,516 [ genlib ] [ INFO ] No partner found for atom 2HG
2026-04-23 20:44:55,516 [ genlib ] [ INFO ] Checking atom SD
2026-04-23 20:44:55,516 [ genlib ] [ INFO ] Define atom pair: MET|SD|S|S.3         - > ASP|OD1|O2|O.co2     (d = 0.53 A)
2026-04-23 20:44:55,516 [ genlib ] [ INFO ] Searching order 4
2026-04-23 20:44:55,516 [ genlib ] [ INFO ] Checking atom CE
2026-04-23 20:44:55,516 [ genlib ] [ INFO ] No partner found for atom CE
2026-04-23 20:44:55,516 [ genlib ] [ INFO ] Searching order 5
2026-04-23 20:44:55,516 [ genlib ] [ INFO ] Searching order 6
2026-04-23 20:44:55,516 [ genlib ] [ INFO ] Searching order 7
2026-04-23 20:44:55,516 [ genlib ] [ INFO ] Searching branch 2
2026-04-23 20:44:55,516 [ genlib ] [ INFO ] Searching order 2
2026-04-23 20:44:55,516 [ genlib ] [ INFO ] Searching order 3
2026-04-23 20:44:55,516 [ genlib ] [ INFO ] Checking atom 1HG
2026-04-23 20:44:55,516 [ genlib ] [ INFO ] No partner found for atom 1HG
2026-04-23 20:44:55,516 [ genlib ] [ INFO ] Checking atom 2HG
2026-04-23 20:44:55,516 [ genlib ] [ INFO ] No partner found for atom 2HG
2026-04-23 20:44:55,516 [ genlib ] [ INFO ] Searching order 4
2026-04-23 20:44:55,516 [ genlib ] [ INFO ] Checking atom CE
2026-04-23 20:44:55,516 [ genlib ] [ INFO ] No partner found for atom CE
2026-04-23 20:44:55,516 [ genlib ] [ INFO ] Searching order 5
2026-04-23 20:44:55,516 [ genlib ] [ INFO ] Searching order 6
2026-04-23 20:44:55,516 [ genlib ] [ INFO ] Searching order 7
2026-04-23 20:44:55,518 [ genlib ] [ INFO ] Updating bond lists
2026-04-23 20:44:55,518 [ genlib ] [ INFO ] Updating dihedrals
2026-04-23 20:44:55,518 [ genlib ] [ INFO ] Updating impropers
2026-04-23 20:44:55,518 [ genlib ] [ INFO ] Building library files for MET --> CYS mutant
2026-04-23 20:44:55,519 [ genlib ] [ INFO ] reading rtp file "aminoacids.rtp"
2026-04-23 20:44:55,554 [ genlib ] [ INFO ] ENTERED SIMPLE
2026-04-23 20:44:55,554 [ genlib ] [ INFO ] Making atom pairs
2026-04-23 20:44:55,554 [ genlib ] [ INFO ] Searching branch 1
2026-04-23 20:44:55,554 [ genlib ] [ INFO ] Searching order 2
2026-04-23 20:44:55,554 [ genlib ] [ INFO ] Checking atom 1HB
2026-04-23 20:44:55,554 [ genlib ] [ INFO ] Define atom pair: MET|1HB|HC|H         - > CYS|1HB|H1|H         (d = 0.08 A)
2026-04-23 20:44:55,554 [ genlib ] [ INFO ] Checking atom 2HB
2026-04-23 20:44:55,554 [ genlib ] [ INFO ] Define atom pair: MET|2HB|HC|H         - > CYS|2HB|H1|H         (d = 0.08 A)
2026-04-23 20:44:55,554 [ genlib ] [ INFO ] Checking atom CG
2026-04-23 20:44:55,554 [ genlib ] [ INFO ] Define atom pair: MET|CG|2C|C.3        - > CYS|SG|SH|S.3        (d = 0.28 A)
2026-04-23 20:44:55,554 [ genlib ] [ INFO ] Searching order 3
2026-04-23 20:44:55,554 [ genlib ] [ INFO ] Checking atom 1HG
2026-04-23 20:44:55,554 [ genlib ] [ INFO ] No partner found for atom 1HG
2026-04-23 20:44:55,554 [ genlib ] [ INFO ] Checking atom 2HG
2026-04-23 20:44:55,554 [ genlib ] [ INFO ] No partner found for atom 2HG
2026-04-23 20:44:55,554 [ genlib ] [ INFO ] Checking atom SD
2026-04-23 20:44:55,554 [ genlib ] [ INFO ] Define atom pair: MET|SD|S|S.3         - > CYS|HG|HS|H          (d = 0.48 A)
2026-04-23 20:44:55,554 [ genlib ] [ INFO ] Searching order 4
2026-04-23 20:44:55,554 [ genlib ] [ INFO ] Checking atom CE
2026-04-23 20:44:55,554 [ genlib ] [ INFO ] No partner found for atom CE
2026-04-23 20:44:55,554 [ genlib ] [ INFO ] Searching order 5
2026-04-23 20:44:55,554 [ genlib ] [ INFO ] Searching order 6
2026-04-23 20:44:55,554 [ genlib ] [ INFO ] Searching order 7
2026-04-23 20:44:55,554 [ genlib ] [ INFO ] Searching branch 2
2026-04-23 20:44:55,554 [ genlib ] [ INFO ] Searching order 2
2026-04-23 20:44:55,554 [ genlib ] [ INFO ] Searching order 3
2026-04-23 20:44:55,554 [ genlib ] [ INFO ] Checking atom 1HG
2026-04-23 20:44:55,554 [ genlib ] [ INFO ] No partner found for atom 1HG
2026-04-23 20:44:55,554 [ genlib ] [ INFO ] Checking atom 2HG
2026-04-23 20:44:55,554 [ genlib ] [ INFO ] No partner found for atom 2HG
2026-04-23 20:44:55,554 [ genlib ] [ INFO ] Searching order 4
2026-04-23 20:44:55,554 [ genlib ] [ INFO ] Checking atom CE
2026-04-23 20:44:55,554 [ genlib ] [ INFO ] No partner found for atom CE
2026-04-23 20:44:55,554 [ genlib ] [ INFO ] Searching order 5
2026-04-23 20:44:55,554 [ genlib ] [ INFO ] Searching order 6
2026-04-23 20:44:55,554 [ genlib ] [ INFO ] Searching order 7
2026-04-23 20:44:55,554 [ genlib ] [ INFO ] Updating bond lists
2026-04-23 20:44:55,554 [ genlib ] [ INFO ] Updating dihedrals
2026-04-23 20:44:55,554 [ genlib ] [ INFO ] Updating impropers
2026-04-23 20:44:55,555 [ genlib ] [ INFO ] Building library files for MET --> GLH mutant
2026-04-23 20:44:55,555 [ genlib ] [ INFO ] reading rtp file "aminoacids.rtp"
2026-04-23 20:44:55,590 [ genlib ] [ INFO ] ENTERED SIMPLE
2026-04-23 20:44:55,590 [ genlib ] [ INFO ] Making atom pairs
2026-04-23 20:44:55,590 [ genlib ] [ INFO ] Searching branch 1
2026-04-23 20:44:55,590 [ genlib ] [ INFO ] Searching order 2
2026-04-23 20:44:55,590 [ genlib ] [ INFO ] Checking atom 1HB
2026-04-23 20:44:55,590 [ genlib ] [ INFO ] Define atom pair: MET|1HB|HC|H         - > GLH|1HB|HC|H         (d = 0.22 A)
2026-04-23 20:44:55,590 [ genlib ] [ INFO ] Checking atom 2HB
2026-04-23 20:44:55,590 [ genlib ] [ INFO ] Define atom pair: MET|2HB|HC|H         - > GLH|2HB|HC|H         (d = 0.18 A)
2026-04-23 20:44:55,590 [ genlib ] [ INFO ] Checking atom CG
2026-04-23 20:44:55,590 [ genlib ] [ INFO ] Define atom pair: MET|CG|2C|C.3        - > GLH|CG|2C|C.3        (d = 0.13 A)
2026-04-23 20:44:55,590 [ genlib ] [ INFO ] Searching order 3
2026-04-23 20:44:55,590 [ genlib ] [ INFO ] Checking atom 1HG
2026-04-23 20:44:55,590 [ genlib ] [ INFO ] Define atom pair: MET|1HG|H1|H         - > GLH|1HG|HC|H         (d = 0.14 A)
2026-04-23 20:44:55,590 [ genlib ] [ INFO ] Checking atom 2HG
2026-04-23 20:44:55,590 [ genlib ] [ INFO ] Define atom pair: MET|2HG|H1|H         - > GLH|2HG|HC|H         (d = 0.19 A)
2026-04-23 20:44:55,590 [ genlib ] [ INFO ] Checking atom SD
2026-04-23 20:44:55,590 [ genlib ] [ INFO ] Define atom pair: MET|SD|S|S.3         - > GLH|CD|C|C.2         (d = 0.22 A)
2026-04-23 20:44:55,590 [ genlib ] [ INFO ] Searching order 4
2026-04-23 20:44:55,590 [ genlib ] [ INFO ] Checking atom CE
2026-04-23 20:44:55,590 [ genlib ] [ INFO ] No partner found for atom CE
2026-04-23 20:44:55,590 [ genlib ] [ INFO ] Searching order 5
2026-04-23 20:44:55,590 [ genlib ] [ INFO ] Searching order 6
2026-04-23 20:44:55,590 [ genlib ] [ INFO ] Searching order 7
2026-04-23 20:44:55,590 [ genlib ] [ INFO ] Searching branch 2
2026-04-23 20:44:55,590 [ genlib ] [ INFO ] Searching order 2
2026-04-23 20:44:55,590 [ genlib ] [ INFO ] Searching order 3
2026-04-23 20:44:55,590 [ genlib ] [ INFO ] Searching order 4
2026-04-23 20:44:55,590 [ genlib ] [ INFO ] Checking atom CE
2026-04-23 20:44:55,590 [ genlib ] [ INFO ] No partner found for atom CE
2026-04-23 20:44:55,590 [ genlib ] [ INFO ] Searching order 5
2026-04-23 20:44:55,590 [ genlib ] [ INFO ] Searching order 6
2026-04-23 20:44:55,590 [ genlib ] [ INFO ] Searching order 7
2026-04-23 20:44:55,592 [ genlib ] [ INFO ] Updating bond lists
2026-04-23 20:44:55,592 [ genlib ] [ INFO ] Updating dihedrals
2026-04-23 20:44:55,592 [ genlib ] [ INFO ] Updating impropers
2026-04-23 20:44:55,592 [ genlib ] [ INFO ] Building library files for MET --> GLN mutant
2026-04-23 20:44:55,593 [ genlib ] [ INFO ] reading rtp file "aminoacids.rtp"
2026-04-23 20:44:55,627 [ genlib ] [ INFO ] ENTERED SIMPLE
2026-04-23 20:44:55,627 [ genlib ] [ INFO ] Making atom pairs
2026-04-23 20:44:55,627 [ genlib ] [ INFO ] Searching branch 1
2026-04-23 20:44:55,627 [ genlib ] [ INFO ] Searching order 2
2026-04-23 20:44:55,627 [ genlib ] [ INFO ] Checking atom 1HB
2026-04-23 20:44:55,627 [ genlib ] [ INFO ] Define atom pair: MET|1HB|HC|H         - > GLN|1HB|HC|H         (d = 0.10 A)
2026-04-23 20:44:55,627 [ genlib ] [ INFO ] Checking atom 2HB
2026-04-23 20:44:55,627 [ genlib ] [ INFO ] Define atom pair: MET|2HB|HC|H         - > GLN|2HB|HC|H         (d = 0.08 A)
2026-04-23 20:44:55,627 [ genlib ] [ INFO ] Checking atom CG
2026-04-23 20:44:55,627 [ genlib ] [ INFO ] Define atom pair: MET|CG|2C|C.3        - > GLN|CG|2C|C.3        (d = 0.06 A)
2026-04-23 20:44:55,627 [ genlib ] [ INFO ] Searching order 3
2026-04-23 20:44:55,627 [ genlib ] [ INFO ] Checking atom 1HG
2026-04-23 20:44:55,627 [ genlib ] [ INFO ] Define atom pair: MET|1HG|H1|H         - > GLN|1HG|HC|H         (d = 0.04 A)
2026-04-23 20:44:55,627 [ genlib ] [ INFO ] Checking atom 2HG
2026-04-23 20:44:55,627 [ genlib ] [ INFO ] Define atom pair: MET|2HG|H1|H         - > GLN|2HG|HC|H         (d = 0.09 A)
2026-04-23 20:44:55,627 [ genlib ] [ INFO ] Checking atom SD
2026-04-23 20:44:55,627 [ genlib ] [ INFO ] Define atom pair: MET|SD|S|S.3         - > GLN|CD|C|C.2         (d = 0.32 A)
2026-04-23 20:44:55,628 [ genlib ] [ INFO ] Searching order 4
2026-04-23 20:44:55,628 [ genlib ] [ INFO ] Checking atom CE
2026-04-23 20:44:55,628 [ genlib ] [ INFO ] No partner found for atom CE
2026-04-23 20:44:55,628 [ genlib ] [ INFO ] Searching order 5
2026-04-23 20:44:55,628 [ genlib ] [ INFO ] Searching order 6
2026-04-23 20:44:55,628 [ genlib ] [ INFO ] Searching order 7
2026-04-23 20:44:55,628 [ genlib ] [ INFO ] Searching branch 2
2026-04-23 20:44:55,628 [ genlib ] [ INFO ] Searching order 2
2026-04-23 20:44:55,628 [ genlib ] [ INFO ] Searching order 3
2026-04-23 20:44:55,628 [ genlib ] [ INFO ] Searching order 4
2026-04-23 20:44:55,628 [ genlib ] [ INFO ] Checking atom CE
2026-04-23 20:44:55,628 [ genlib ] [ INFO ] No partner found for atom CE
2026-04-23 20:44:55,628 [ genlib ] [ INFO ] Searching order 5
2026-04-23 20:44:55,628 [ genlib ] [ INFO ] Searching order 6
2026-04-23 20:44:55,628 [ genlib ] [ INFO ] Searching order 7
2026-04-23 20:44:55,629 [ genlib ] [ INFO ] Updating bond lists
2026-04-23 20:44:55,629 [ genlib ] [ INFO ] Updating dihedrals
2026-04-23 20:44:55,629 [ genlib ] [ INFO ] Updating impropers
2026-04-23 20:44:55,630 [ genlib ] [ INFO ] Building library files for MET --> GLU mutant
2026-04-23 20:44:55,630 [ genlib ] [ INFO ] reading rtp file "aminoacids.rtp"
2026-04-23 20:44:55,665 [ genlib ] [ INFO ] ENTERED SIMPLE
2026-04-23 20:44:55,665 [ genlib ] [ INFO ] Making atom pairs
2026-04-23 20:44:55,665 [ genlib ] [ INFO ] Searching branch 1
2026-04-23 20:44:55,665 [ genlib ] [ INFO ] Searching order 2
2026-04-23 20:44:55,665 [ genlib ] [ INFO ] Checking atom 1HB
2026-04-23 20:44:55,665 [ genlib ] [ INFO ] Define atom pair: MET|1HB|HC|H         - > GLU|1HB|HC|H         (d = 0.18 A)
2026-04-23 20:44:55,665 [ genlib ] [ INFO ] Checking atom 2HB
2026-04-23 20:44:55,665 [ genlib ] [ INFO ] Define atom pair: MET|2HB|HC|H         - > GLU|2HB|HC|H         (d = 0.12 A)
2026-04-23 20:44:55,665 [ genlib ] [ INFO ] Checking atom CG
2026-04-23 20:44:55,665 [ genlib ] [ INFO ] Define atom pair: MET|CG|2C|C.3        - > GLU|CG|2C|C.3        (d = 0.13 A)
2026-04-23 20:44:55,665 [ genlib ] [ INFO ] Searching order 3
2026-04-23 20:44:55,665 [ genlib ] [ INFO ] Checking atom 1HG
2026-04-23 20:44:55,665 [ genlib ] [ INFO ] Define atom pair: MET|1HG|H1|H         - > GLU|1HG|HC|H         (d = 0.16 A)
2026-04-23 20:44:55,665 [ genlib ] [ INFO ] Checking atom 2HG
2026-04-23 20:44:55,665 [ genlib ] [ INFO ] Define atom pair: MET|2HG|H1|H         - > GLU|2HG|HC|H         (d = 0.20 A)
2026-04-23 20:44:55,665 [ genlib ] [ INFO ] Checking atom SD
2026-04-23 20:44:55,665 [ genlib ] [ INFO ] Define atom pair: MET|SD|S|S.3         - > GLU|CD|CO|C.2        (d = 0.22 A)
2026-04-23 20:44:55,665 [ genlib ] [ INFO ] Searching order 4
2026-04-23 20:44:55,665 [ genlib ] [ INFO ] Checking atom CE
2026-04-23 20:44:55,665 [ genlib ] [ INFO ] No partner found for atom CE
2026-04-23 20:44:55,665 [ genlib ] [ INFO ] Searching order 5
2026-04-23 20:44:55,665 [ genlib ] [ INFO ] Searching order 6
2026-04-23 20:44:55,665 [ genlib ] [ INFO ] Searching order 7
2026-04-23 20:44:55,665 [ genlib ] [ INFO ] Searching branch 2
2026-04-23 20:44:55,665 [ genlib ] [ INFO ] Searching order 2
2026-04-23 20:44:55,665 [ genlib ] [ INFO ] Searching order 3
2026-04-23 20:44:55,665 [ genlib ] [ INFO ] Searching order 4
2026-04-23 20:44:55,665 [ genlib ] [ INFO ] Checking atom CE
2026-04-23 20:44:55,665 [ genlib ] [ INFO ] No partner found for atom CE
2026-04-23 20:44:55,665 [ genlib ] [ INFO ] Searching order 5
2026-04-23 20:44:55,665 [ genlib ] [ INFO ] Searching order 6
2026-04-23 20:44:55,665 [ genlib ] [ INFO ] Searching order 7
2026-04-23 20:44:55,666 [ genlib ] [ INFO ] Updating bond lists
2026-04-23 20:44:55,666 [ genlib ] [ INFO ] Updating dihedrals
2026-04-23 20:44:55,666 [ genlib ] [ INFO ] Updating impropers
2026-04-23 20:44:55,667 [ genlib ] [ INFO ] Building library files for MET --> GLY mutant
2026-04-23 20:44:55,667 [ genlib ] [ INFO ] reading rtp file "aminoacids.rtp"
2026-04-23 20:44:55,702 [ genlib ] [ INFO ] ENTERED G
2026-04-23 20:44:55,702 [ genlib ] [ INFO ] Making atom pairs
2026-04-23 20:44:55,703 [ genlib ] [ INFO ] Updating bond lists
2026-04-23 20:44:55,703 [ genlib ] [ INFO ] Updating dihedrals
2026-04-23 20:44:55,703 [ genlib ] [ INFO ] Updating impropers
2026-04-23 20:44:55,703 [ genlib ] [ INFO ] Building library files for MET --> HID mutant
2026-04-23 20:44:55,704 [ genlib ] [ INFO ] reading rtp file "aminoacids.rtp"
2026-04-23 20:44:55,739 [ genlib ] [ INFO ] ENTERED RINGS
2026-04-23 20:44:55,740 [ genlib ] [ INFO ] Making atom pairs
2026-04-23 20:44:55,742 [ genlib ] [ INFO ] Updating bond lists
2026-04-23 20:44:55,742 [ genlib ] [ INFO ] Updating dihedrals
2026-04-23 20:44:55,743 [ genlib ] [ INFO ] Updating impropers
2026-04-23 20:44:55,743 [ genlib ] [ INFO ] Building library files for MET --> HIE mutant
2026-04-23 20:44:55,744 [ genlib ] [ INFO ] reading rtp file "aminoacids.rtp"
2026-04-23 20:44:55,779 [ genlib ] [ INFO ] ENTERED RINGS
2026-04-23 20:44:55,779 [ genlib ] [ INFO ] Making atom pairs
2026-04-23 20:44:55,782 [ genlib ] [ INFO ] Updating bond lists
2026-04-23 20:44:55,782 [ genlib ] [ INFO ] Updating dihedrals
2026-04-23 20:44:55,782 [ genlib ] [ INFO ] Updating impropers
2026-04-23 20:44:55,782 [ genlib ] [ INFO ] Building library files for MET --> HIP mutant
2026-04-23 20:44:55,783 [ genlib ] [ INFO ] reading rtp file "aminoacids.rtp"
2026-04-23 20:44:55,817 [ genlib ] [ INFO ] ENTERED RINGS
2026-04-23 20:44:55,817 [ genlib ] [ INFO ] Making atom pairs
2026-04-23 20:44:55,821 [ genlib ] [ INFO ] Updating bond lists
2026-04-23 20:44:55,821 [ genlib ] [ INFO ] Updating dihedrals
2026-04-23 20:44:55,821 [ genlib ] [ INFO ] Updating impropers
2026-04-23 20:44:55,821 [ genlib ] [ INFO ] Building library files for MET --> ILE mutant
2026-04-23 20:44:55,822 [ genlib ] [ INFO ] reading rtp file "aminoacids.rtp"
2026-04-23 20:44:55,857 [ genlib ] [ INFO ] ENTERED SIMPLE
2026-04-23 20:44:55,857 [ genlib ] [ INFO ] Making atom pairs
2026-04-23 20:44:55,857 [ genlib ] [ INFO ] Searching branch 1
2026-04-23 20:44:55,857 [ genlib ] [ INFO ] Searching order 2
2026-04-23 20:44:55,857 [ genlib ] [ INFO ] Checking atom 1HB
2026-04-23 20:44:55,857 [ genlib ] [ INFO ] Define atom pair: MET|1HB|HC|H         - > ILE|HB|HC|H          (d = 0.14 A)
2026-04-23 20:44:55,857 [ genlib ] [ INFO ] Checking atom 2HB
2026-04-23 20:44:55,857 [ genlib ] [ INFO ] Define atom pair: MET|2HB|HC|H         - > ILE|CG2|CT|C.3       (d = 0.46 A)
2026-04-23 20:44:55,857 [ genlib ] [ INFO ] Checking atom CG
2026-04-23 20:44:55,857 [ genlib ] [ INFO ] Define atom pair: MET|CG|2C|C.3        - > ILE|CG1|2C|C.3       (d = 0.08 A)
2026-04-23 20:44:55,857 [ genlib ] [ INFO ] Searching order 3
2026-04-23 20:44:55,857 [ genlib ] [ INFO ] Checking atom 1HG
2026-04-23 20:44:55,857 [ genlib ] [ INFO ] Define atom pair: MET|1HG|H1|H         - > ILE|1HG1|HC|H        (d = 0.06 A)
2026-04-23 20:44:55,857 [ genlib ] [ INFO ] Checking atom 2HG
2026-04-23 20:44:55,857 [ genlib ] [ INFO ] Define atom pair: MET|2HG|H1|H         - > ILE|2HG1|HC|H        (d = 0.14 A)
2026-04-23 20:44:55,857 [ genlib ] [ INFO ] Checking atom SD
2026-04-23 20:44:55,857 [ genlib ] [ INFO ] Define atom pair: MET|SD|S|S.3         - > ILE|CD1|CT|C.3       (d = 0.21 A)
2026-04-23 20:44:55,857 [ genlib ] [ INFO ] Searching order 4
2026-04-23 20:44:55,857 [ genlib ] [ INFO ] Checking atom CE
2026-04-23 20:44:55,857 [ genlib ] [ INFO ] No partner found for atom CE
2026-04-23 20:44:55,858 [ genlib ] [ INFO ] Searching order 5
2026-04-23 20:44:55,858 [ genlib ] [ INFO ] Searching order 6
2026-04-23 20:44:55,858 [ genlib ] [ INFO ] Searching order 7
2026-04-23 20:44:55,858 [ genlib ] [ INFO ] Searching branch 2
2026-04-23 20:44:55,858 [ genlib ] [ INFO ] Searching order 2
2026-04-23 20:44:55,858 [ genlib ] [ INFO ] Searching order 3
2026-04-23 20:44:55,858 [ genlib ] [ INFO ] Searching order 4
2026-04-23 20:44:55,858 [ genlib ] [ INFO ] Checking atom CE
2026-04-23 20:44:55,858 [ genlib ] [ INFO ] No partner found for atom CE
2026-04-23 20:44:55,858 [ genlib ] [ INFO ] Searching order 5
2026-04-23 20:44:55,858 [ genlib ] [ INFO ] Searching order 6
2026-04-23 20:44:55,858 [ genlib ] [ INFO ] Searching order 7
2026-04-23 20:44:55,863 [ genlib ] [ INFO ] Updating bond lists
2026-04-23 20:44:55,863 [ genlib ] [ INFO ] Updating dihedrals
2026-04-23 20:44:55,863 [ genlib ] [ INFO ] Updating impropers
2026-04-23 20:44:55,865 [ genlib ] [ INFO ] Building library files for MET --> LEU mutant
2026-04-23 20:44:55,867 [ genlib ] [ INFO ] reading rtp file "aminoacids.rtp"
2026-04-23 20:44:55,907 [ genlib ] [ INFO ] ENTERED SIMPLE
2026-04-23 20:44:55,907 [ genlib ] [ INFO ] Making atom pairs
2026-04-23 20:44:55,907 [ genlib ] [ INFO ] Searching branch 1
2026-04-23 20:44:55,907 [ genlib ] [ INFO ] Searching order 2
2026-04-23 20:44:55,907 [ genlib ] [ INFO ] Checking atom 1HB
2026-04-23 20:44:55,907 [ genlib ] [ INFO ] Define atom pair: MET|1HB|HC|H         - > LEU|1HB|HC|H         (d = 0.03 A)
2026-04-23 20:44:55,907 [ genlib ] [ INFO ] Checking atom 2HB
2026-04-23 20:44:55,907 [ genlib ] [ INFO ] Define atom pair: MET|2HB|HC|H         - > LEU|2HB|HC|H         (d = 0.02 A)
2026-04-23 20:44:55,907 [ genlib ] [ INFO ] Checking atom CG
2026-04-23 20:44:55,907 [ genlib ] [ INFO ] Define atom pair: MET|CG|2C|C.3        - > LEU|CG|3C|C.3        (d = 0.09 A)
2026-04-23 20:44:55,907 [ genlib ] [ INFO ] Searching order 3
2026-04-23 20:44:55,907 [ genlib ] [ INFO ] Checking atom 1HG
2026-04-23 20:44:55,907 [ genlib ] [ INFO ] Define atom pair: MET|1HG|H1|H         - > LEU|CD2|CT|C.3       (d = 0.44 A)
2026-04-23 20:44:55,907 [ genlib ] [ INFO ] Checking atom 2HG
2026-04-23 20:44:55,907 [ genlib ] [ INFO ] Define atom pair: MET|2HG|H1|H         - > LEU|HG|HC|H          (d = 0.17 A)
2026-04-23 20:44:55,907 [ genlib ] [ INFO ] Checking atom SD
2026-04-23 20:44:55,907 [ genlib ] [ INFO ] Define atom pair: MET|SD|S|S.3         - > LEU|CD1|CT|C.3       (d = 0.30 A)
2026-04-23 20:44:55,907 [ genlib ] [ INFO ] Searching order 4
2026-04-23 20:44:55,907 [ genlib ] [ INFO ] Checking atom CE
2026-04-23 20:44:55,907 [ genlib ] [ INFO ] No partner found for atom CE
2026-04-23 20:44:55,907 [ genlib ] [ INFO ] Searching order 5
2026-04-23 20:44:55,907 [ genlib ] [ INFO ] Searching order 6
2026-04-23 20:44:55,907 [ genlib ] [ INFO ] Searching order 7
2026-04-23 20:44:55,907 [ genlib ] [ INFO ] Searching branch 2
2026-04-23 20:44:55,907 [ genlib ] [ INFO ] Searching order 2
2026-04-23 20:44:55,907 [ genlib ] [ INFO ] Searching order 3
2026-04-23 20:44:55,907 [ genlib ] [ INFO ] Searching order 4
2026-04-23 20:44:55,907 [ genlib ] [ INFO ] Checking atom CE
2026-04-23 20:44:55,907 [ genlib ] [ INFO ] No partner found for atom CE
2026-04-23 20:44:55,907 [ genlib ] [ INFO ] Searching order 5
2026-04-23 20:44:55,907 [ genlib ] [ INFO ] Searching order 6
2026-04-23 20:44:55,907 [ genlib ] [ INFO ] Searching order 7
2026-04-23 20:44:55,910 [ genlib ] [ INFO ] Updating bond lists
2026-04-23 20:44:55,910 [ genlib ] [ INFO ] Updating dihedrals
2026-04-23 20:44:55,910 [ genlib ] [ INFO ] Updating impropers
2026-04-23 20:44:55,911 [ genlib ] [ INFO ] Building library files for MET --> LYN mutant
2026-04-23 20:44:55,912 [ genlib ] [ INFO ] reading rtp file "aminoacids.rtp"
2026-04-23 20:44:55,950 [ genlib ] [ INFO ] ENTERED SIMPLE
2026-04-23 20:44:55,950 [ genlib ] [ INFO ] Making atom pairs
2026-04-23 20:44:55,950 [ genlib ] [ INFO ] Searching branch 1
2026-04-23 20:44:55,950 [ genlib ] [ INFO ] Searching order 2
2026-04-23 20:44:55,950 [ genlib ] [ INFO ] Checking atom 1HB
2026-04-23 20:44:55,950 [ genlib ] [ INFO ] Define atom pair: MET|1HB|HC|H         - > LYN|1HB|HC|H         (d = 0.10 A)
2026-04-23 20:44:55,950 [ genlib ] [ INFO ] Checking atom 2HB
2026-04-23 20:44:55,950 [ genlib ] [ INFO ] Define atom pair: MET|2HB|HC|H         - > LYN|2HB|HC|H         (d = 0.13 A)
2026-04-23 20:44:55,950 [ genlib ] [ INFO ] Checking atom CG
2026-04-23 20:44:55,950 [ genlib ] [ INFO ] Define atom pair: MET|CG|2C|C.3        - > LYN|CG|CT|C.3        (d = 0.11 A)
2026-04-23 20:44:55,950 [ genlib ] [ INFO ] Searching order 3
2026-04-23 20:44:55,950 [ genlib ] [ INFO ] Checking atom 1HG
2026-04-23 20:44:55,950 [ genlib ] [ INFO ] Define atom pair: MET|1HG|H1|H         - > LYN|1HG|HC|H         (d = 0.13 A)
2026-04-23 20:44:55,950 [ genlib ] [ INFO ] Checking atom 2HG
2026-04-23 20:44:55,950 [ genlib ] [ INFO ] Define atom pair: MET|2HG|H1|H         - > LYN|2HG|HC|H         (d = 0.11 A)
2026-04-23 20:44:55,950 [ genlib ] [ INFO ] Checking atom SD
2026-04-23 20:44:55,950 [ genlib ] [ INFO ] Define atom pair: MET|SD|S|S.3         - > LYN|CD|CT|C.3        (d = 0.37 A)
2026-04-23 20:44:55,950 [ genlib ] [ INFO ] Searching order 4
2026-04-23 20:44:55,950 [ genlib ] [ INFO ] Checking atom CE
2026-04-23 20:44:55,950 [ genlib ] [ INFO ] Define atom pair: MET|CE|CT|C.3        - > LYN|CE|CT|C.3        (d = 0.48 A)
2026-04-23 20:44:55,950 [ genlib ] [ INFO ] Searching order 5
2026-04-23 20:44:55,950 [ genlib ] [ INFO ] Checking atom 1HE
2026-04-23 20:44:55,950 [ genlib ] [ INFO ] No partner found for atom 1HE
2026-04-23 20:44:55,950 [ genlib ] [ INFO ] Checking atom 2HE
2026-04-23 20:44:55,950 [ genlib ] [ INFO ] Define atom pair: MET|2HE|H1|H         - > LYN|1HE|HP|H         (d = 0.51 A)
2026-04-23 20:44:55,950 [ genlib ] [ INFO ] Checking atom 3HE
2026-04-23 20:44:55,950 [ genlib ] [ INFO ] Define atom pair: MET|3HE|H1|H         - > LYN|2HE|HP|H         (d = 0.44 A)
2026-04-23 20:44:55,950 [ genlib ] [ INFO ] Searching order 6
2026-04-23 20:44:55,950 [ genlib ] [ INFO ] Searching order 7
2026-04-23 20:44:55,950 [ genlib ] [ INFO ] Searching branch 2
2026-04-23 20:44:55,950 [ genlib ] [ INFO ] Searching order 2
2026-04-23 20:44:55,950 [ genlib ] [ INFO ] Searching order 3
2026-04-23 20:44:55,950 [ genlib ] [ INFO ] Searching order 4
2026-04-23 20:44:55,950 [ genlib ] [ INFO ] Searching order 5
2026-04-23 20:44:55,950 [ genlib ] [ INFO ] Checking atom 1HE
2026-04-23 20:44:55,951 [ genlib ] [ INFO ] No partner found for atom 1HE
2026-04-23 20:44:55,951 [ genlib ] [ INFO ] Searching order 6
2026-04-23 20:44:55,951 [ genlib ] [ INFO ] Searching order 7
2026-04-23 20:44:55,953 [ genlib ] [ INFO ] Updating bond lists
2026-04-23 20:44:55,953 [ genlib ] [ INFO ] Updating dihedrals
2026-04-23 20:44:55,953 [ genlib ] [ INFO ] Updating impropers
2026-04-23 20:44:55,954 [ genlib ] [ INFO ] Building library files for MET --> LYS mutant
2026-04-23 20:44:55,955 [ genlib ] [ INFO ] reading rtp file "aminoacids.rtp"
2026-04-23 20:44:55,992 [ genlib ] [ INFO ] ENTERED SIMPLE
2026-04-23 20:44:55,992 [ genlib ] [ INFO ] Making atom pairs
2026-04-23 20:44:55,992 [ genlib ] [ INFO ] Searching branch 1
2026-04-23 20:44:55,992 [ genlib ] [ INFO ] Searching order 2
2026-04-23 20:44:55,992 [ genlib ] [ INFO ] Checking atom 1HB
2026-04-23 20:44:55,992 [ genlib ] [ INFO ] Define atom pair: MET|1HB|HC|H         - > LYS|1HB|HC|H         (d = 0.10 A)
2026-04-23 20:44:55,992 [ genlib ] [ INFO ] Checking atom 2HB
2026-04-23 20:44:55,992 [ genlib ] [ INFO ] Define atom pair: MET|2HB|HC|H         - > LYS|2HB|HC|H         (d = 0.11 A)
2026-04-23 20:44:55,992 [ genlib ] [ INFO ] Checking atom CG
2026-04-23 20:44:55,992 [ genlib ] [ INFO ] Define atom pair: MET|CG|2C|C.3        - > LYS|CG|C8|C.3        (d = 0.11 A)
2026-04-23 20:44:55,992 [ genlib ] [ INFO ] Searching order 3
2026-04-23 20:44:55,992 [ genlib ] [ INFO ] Checking atom 1HG
2026-04-23 20:44:55,992 [ genlib ] [ INFO ] Define atom pair: MET|1HG|H1|H         - > LYS|1HG|HC|H         (d = 0.09 A)
2026-04-23 20:44:55,992 [ genlib ] [ INFO ] Checking atom 2HG
2026-04-23 20:44:55,992 [ genlib ] [ INFO ] Define atom pair: MET|2HG|H1|H         - > LYS|2HG|HC|H         (d = 0.17 A)
2026-04-23 20:44:55,992 [ genlib ] [ INFO ] Checking atom SD
2026-04-23 20:44:55,992 [ genlib ] [ INFO ] Define atom pair: MET|SD|S|S.3         - > LYS|CD|C8|C.3        (d = 0.38 A)
2026-04-23 20:44:55,992 [ genlib ] [ INFO ] Searching order 4
2026-04-23 20:44:55,992 [ genlib ] [ INFO ] Checking atom CE
2026-04-23 20:44:55,992 [ genlib ] [ INFO ] Define atom pair: MET|CE|CT|C.3        - > LYS|CE|C8|C.3        (d = 0.44 A)
2026-04-23 20:44:55,992 [ genlib ] [ INFO ] Searching order 5
2026-04-23 20:44:55,992 [ genlib ] [ INFO ] Checking atom 1HE
2026-04-23 20:44:55,992 [ genlib ] [ INFO ] No partner found for atom 1HE
2026-04-23 20:44:55,992 [ genlib ] [ INFO ] Checking atom 2HE
2026-04-23 20:44:55,992 [ genlib ] [ INFO ] Define atom pair: MET|2HE|H1|H         - > LYS|1HE|HP|H         (d = 0.38 A)
2026-04-23 20:44:55,992 [ genlib ] [ INFO ] Checking atom 3HE
2026-04-23 20:44:55,992 [ genlib ] [ INFO ] Define atom pair: MET|3HE|H1|H         - > LYS|2HE|HP|H         (d = 0.36 A)
2026-04-23 20:44:55,992 [ genlib ] [ INFO ] Searching order 6
2026-04-23 20:44:55,992 [ genlib ] [ INFO ] Searching order 7
2026-04-23 20:44:55,992 [ genlib ] [ INFO ] Searching branch 2
2026-04-23 20:44:55,992 [ genlib ] [ INFO ] Searching order 2
2026-04-23 20:44:55,992 [ genlib ] [ INFO ] Searching order 3
2026-04-23 20:44:55,992 [ genlib ] [ INFO ] Searching order 4
2026-04-23 20:44:55,992 [ genlib ] [ INFO ] Searching order 5
2026-04-23 20:44:55,992 [ genlib ] [ INFO ] Checking atom 1HE
2026-04-23 20:44:55,992 [ genlib ] [ INFO ] No partner found for atom 1HE
2026-04-23 20:44:55,992 [ genlib ] [ INFO ] Searching order 6
2026-04-23 20:44:55,992 [ genlib ] [ INFO ] Searching order 7
2026-04-23 20:44:55,996 [ genlib ] [ INFO ] Updating bond lists
2026-04-23 20:44:55,996 [ genlib ] [ INFO ] Updating dihedrals
2026-04-23 20:44:55,996 [ genlib ] [ INFO ] Updating impropers
2026-04-23 20:44:55,997 [ genlib ] [ INFO ] Building library files for MET --> PHE mutant
2026-04-23 20:44:55,998 [ genlib ] [ INFO ] reading rtp file "aminoacids.rtp"
2026-04-23 20:44:56,043 [ genlib ] [ INFO ] ENTERED RINGS
2026-04-23 20:44:56,043 [ genlib ] [ INFO ] Making atom pairs
2026-04-23 20:44:56,052 [ genlib ] [ INFO ] Updating bond lists
2026-04-23 20:44:56,052 [ genlib ] [ INFO ] Updating dihedrals
2026-04-23 20:44:56,052 [ genlib ] [ INFO ] Updating impropers
2026-04-23 20:44:56,053 [ genlib ] [ INFO ] Building library files for MET --> PRO mutant
2026-04-23 20:44:56,053 [ genlib ] [ INFO ] reading rtp file "aminoacids.rtp"
2026-04-23 20:44:56,092 [ genlib ] [ INFO ] ENTERED P
2026-04-23 20:44:56,092 [ genlib ] [ INFO ] Making atom pairs
2026-04-23 20:44:56,095 [ genlib ] [ INFO ] Updating bond lists
2026-04-23 20:44:56,095 [ genlib ] [ INFO ] Updating dihedrals
2026-04-23 20:44:56,095 [ genlib ] [ INFO ] Updating impropers
2026-04-23 20:44:56,096 [ genlib ] [ INFO ] Building library files for MET --> SER mutant
2026-04-23 20:44:56,096 [ genlib ] [ INFO ] reading rtp file "aminoacids.rtp"
2026-04-23 20:44:56,135 [ genlib ] [ INFO ] ENTERED SIMPLE
2026-04-23 20:44:56,135 [ genlib ] [ INFO ] Making atom pairs
2026-04-23 20:44:56,135 [ genlib ] [ INFO ] Searching branch 1
2026-04-23 20:44:56,135 [ genlib ] [ INFO ] Searching order 2
2026-04-23 20:44:56,135 [ genlib ] [ INFO ] Checking atom 1HB
2026-04-23 20:44:56,135 [ genlib ] [ INFO ] Define atom pair: MET|1HB|HC|H         - > SER|1HB|H1|H         (d = 0.14 A)
2026-04-23 20:44:56,135 [ genlib ] [ INFO ] Checking atom 2HB
2026-04-23 20:44:56,135 [ genlib ] [ INFO ] Define atom pair: MET|2HB|HC|H         - > SER|2HB|H1|H         (d = 0.11 A)
2026-04-23 20:44:56,135 [ genlib ] [ INFO ] Checking atom CG
2026-04-23 20:44:56,135 [ genlib ] [ INFO ] Define atom pair: MET|CG|2C|C.3        - > SER|OG|OH|O.3        (d = 0.11 A)
2026-04-23 20:44:56,136 [ genlib ] [ INFO ] Searching order 3
2026-04-23 20:44:56,136 [ genlib ] [ INFO ] Checking atom 1HG
2026-04-23 20:44:56,136 [ genlib ] [ INFO ] No partner found for atom 1HG
2026-04-23 20:44:56,136 [ genlib ] [ INFO ] Checking atom 2HG
2026-04-23 20:44:56,136 [ genlib ] [ INFO ] No partner found for atom 2HG
2026-04-23 20:44:56,136 [ genlib ] [ INFO ] Checking atom SD
2026-04-23 20:44:56,136 [ genlib ] [ INFO ] No partner found for atom SD
2026-04-23 20:44:56,136 [ genlib ] [ INFO ] Searching order 4
2026-04-23 20:44:56,136 [ genlib ] [ INFO ] Searching order 5
2026-04-23 20:44:56,136 [ genlib ] [ INFO ] Searching order 6
2026-04-23 20:44:56,136 [ genlib ] [ INFO ] Searching order 7
2026-04-23 20:44:56,136 [ genlib ] [ INFO ] Searching branch 2
2026-04-23 20:44:56,136 [ genlib ] [ INFO ] Searching order 2
2026-04-23 20:44:56,136 [ genlib ] [ INFO ] Searching order 3
2026-04-23 20:44:56,136 [ genlib ] [ INFO ] Checking atom 1HG
2026-04-23 20:44:56,136 [ genlib ] [ INFO ] No partner found for atom 1HG
2026-04-23 20:44:56,136 [ genlib ] [ INFO ] Checking atom 2HG
2026-04-23 20:44:56,136 [ genlib ] [ INFO ] No partner found for atom 2HG
2026-04-23 20:44:56,136 [ genlib ] [ INFO ] Checking atom SD
2026-04-23 20:44:56,136 [ genlib ] [ INFO ] No partner found for atom SD
2026-04-23 20:44:56,136 [ genlib ] [ INFO ] Searching order 4
2026-04-23 20:44:56,136 [ genlib ] [ INFO ] Searching order 5
2026-04-23 20:44:56,136 [ genlib ] [ INFO ] Searching order 6
2026-04-23 20:44:56,136 [ genlib ] [ INFO ] Searching order 7
2026-04-23 20:44:56,136 [ genlib ] [ INFO ] Updating bond lists
2026-04-23 20:44:56,137 [ genlib ] [ INFO ] Updating dihedrals
2026-04-23 20:44:56,137 [ genlib ] [ INFO ] Updating impropers
2026-04-23 20:44:56,137 [ genlib ] [ INFO ] Building library files for MET --> THR mutant
2026-04-23 20:44:56,138 [ genlib ] [ INFO ] reading rtp file "aminoacids.rtp"
2026-04-23 20:44:56,174 [ genlib ] [ INFO ] ENTERED SIMPLE
2026-04-23 20:44:56,174 [ genlib ] [ INFO ] Making atom pairs
2026-04-23 20:44:56,174 [ genlib ] [ INFO ] Searching branch 1
2026-04-23 20:44:56,174 [ genlib ] [ INFO ] Searching order 2
2026-04-23 20:44:56,174 [ genlib ] [ INFO ] Checking atom 1HB
2026-04-23 20:44:56,174 [ genlib ] [ INFO ] Define atom pair: MET|1HB|HC|H         - > THR|HB|H1|H          (d = 0.13 A)
2026-04-23 20:44:56,174 [ genlib ] [ INFO ] Checking atom 2HB
2026-04-23 20:44:56,174 [ genlib ] [ INFO ] Define atom pair: MET|2HB|HC|H         - > THR|CG2|CT|C.3       (d = 0.45 A)
2026-04-23 20:44:56,174 [ genlib ] [ INFO ] Checking atom CG
2026-04-23 20:44:56,174 [ genlib ] [ INFO ] Define atom pair: MET|CG|2C|C.3        - > THR|OG1|OH|O.3       (d = 0.18 A)
2026-04-23 20:44:56,174 [ genlib ] [ INFO ] Searching order 3
2026-04-23 20:44:56,174 [ genlib ] [ INFO ] Checking atom 1HG
2026-04-23 20:44:56,174 [ genlib ] [ INFO ] No partner found for atom 1HG
2026-04-23 20:44:56,174 [ genlib ] [ INFO ] Checking atom 2HG
2026-04-23 20:44:56,174 [ genlib ] [ INFO ] No partner found for atom 2HG
2026-04-23 20:44:56,174 [ genlib ] [ INFO ] Checking atom SD
2026-04-23 20:44:56,174 [ genlib ] [ INFO ] No partner found for atom SD
2026-04-23 20:44:56,174 [ genlib ] [ INFO ] Searching order 4
2026-04-23 20:44:56,174 [ genlib ] [ INFO ] Searching order 5
2026-04-23 20:44:56,174 [ genlib ] [ INFO ] Searching order 6
2026-04-23 20:44:56,174 [ genlib ] [ INFO ] Searching order 7
2026-04-23 20:44:56,174 [ genlib ] [ INFO ] Searching branch 2
2026-04-23 20:44:56,174 [ genlib ] [ INFO ] Searching order 2
2026-04-23 20:44:56,174 [ genlib ] [ INFO ] Searching order 3
2026-04-23 20:44:56,174 [ genlib ] [ INFO ] Checking atom 1HG
2026-04-23 20:44:56,174 [ genlib ] [ INFO ] No partner found for atom 1HG
2026-04-23 20:44:56,174 [ genlib ] [ INFO ] Checking atom 2HG
2026-04-23 20:44:56,174 [ genlib ] [ INFO ] No partner found for atom 2HG
2026-04-23 20:44:56,174 [ genlib ] [ INFO ] Checking atom SD
2026-04-23 20:44:56,174 [ genlib ] [ INFO ] No partner found for atom SD
2026-04-23 20:44:56,174 [ genlib ] [ INFO ] Searching order 4
2026-04-23 20:44:56,174 [ genlib ] [ INFO ] Searching order 5
2026-04-23 20:44:56,174 [ genlib ] [ INFO ] Searching order 6
2026-04-23 20:44:56,174 [ genlib ] [ INFO ] Searching order 7
2026-04-23 20:44:56,176 [ genlib ] [ INFO ] Updating bond lists
2026-04-23 20:44:56,176 [ genlib ] [ INFO ] Updating dihedrals
2026-04-23 20:44:56,176 [ genlib ] [ INFO ] Updating impropers
2026-04-23 20:44:56,176 [ genlib ] [ INFO ] Building library files for MET --> TRP mutant
2026-04-23 20:44:56,177 [ genlib ] [ INFO ] reading rtp file "aminoacids.rtp"
2026-04-23 20:44:56,213 [ genlib ] [ INFO ] ENTERED RINGS
2026-04-23 20:44:56,213 [ genlib ] [ INFO ] Making atom pairs
2026-04-23 20:44:56,221 [ genlib ] [ INFO ] Updating bond lists
2026-04-23 20:44:56,221 [ genlib ] [ INFO ] Updating dihedrals
2026-04-23 20:44:56,221 [ genlib ] [ INFO ] Updating impropers
2026-04-23 20:44:56,222 [ genlib ] [ INFO ] Building library files for MET --> TYR mutant
2026-04-23 20:44:56,223 [ genlib ] [ INFO ] reading rtp file "aminoacids.rtp"
2026-04-23 20:44:56,259 [ genlib ] [ INFO ] ENTERED RINGS
2026-04-23 20:44:56,259 [ genlib ] [ INFO ] Making atom pairs
2026-04-23 20:44:56,264 [ genlib ] [ INFO ] Updating bond lists
2026-04-23 20:44:56,264 [ genlib ] [ INFO ] Updating dihedrals
2026-04-23 20:44:56,264 [ genlib ] [ INFO ] Updating impropers
2026-04-23 20:44:56,264 [ genlib ] [ INFO ] Building library files for MET --> VAL mutant
2026-04-23 20:44:56,265 [ genlib ] [ INFO ] reading rtp file "aminoacids.rtp"
2026-04-23 20:44:56,301 [ genlib ] [ INFO ] ENTERED SIMPLE
2026-04-23 20:44:56,301 [ genlib ] [ INFO ] Making atom pairs
2026-04-23 20:44:56,301 [ genlib ] [ INFO ] Searching branch 1
2026-04-23 20:44:56,301 [ genlib ] [ INFO ] Searching order 2
2026-04-23 20:44:56,301 [ genlib ] [ INFO ] Checking atom 1HB
2026-04-23 20:44:56,301 [ genlib ] [ INFO ] Define atom pair: MET|1HB|HC|H         - > VAL|HB|HC|H          (d = 0.22 A)
2026-04-23 20:44:56,301 [ genlib ] [ INFO ] Checking atom 2HB
2026-04-23 20:44:56,301 [ genlib ] [ INFO ] Define atom pair: MET|2HB|HC|H         - > VAL|CG1|CT|C.3       (d = 0.44 A)
2026-04-23 20:44:56,301 [ genlib ] [ INFO ] Checking atom CG
2026-04-23 20:44:56,301 [ genlib ] [ INFO ] Define atom pair: MET|CG|2C|C.3        - > VAL|CG2|CT|C.3       (d = 0.17 A)
2026-04-23 20:44:56,301 [ genlib ] [ INFO ] Searching order 3
2026-04-23 20:44:56,301 [ genlib ] [ INFO ] Checking atom 1HG
2026-04-23 20:44:56,301 [ genlib ] [ INFO ] Define atom pair: MET|1HG|H1|H         - > VAL|2HG2|HC|H        (d = 0.22 A)
2026-04-23 20:44:56,301 [ genlib ] [ INFO ] Checking atom 2HG
2026-04-23 20:44:56,301 [ genlib ] [ INFO ] Define atom pair: MET|2HG|H1|H         - > VAL|3HG2|HC|H        (d = 0.28 A)
2026-04-23 20:44:56,301 [ genlib ] [ INFO ] Checking atom SD
2026-04-23 20:44:56,301 [ genlib ] [ INFO ] No partner found for atom SD
2026-04-23 20:44:56,301 [ genlib ] [ INFO ] Searching order 4
2026-04-23 20:44:56,301 [ genlib ] [ INFO ] Searching order 5
2026-04-23 20:44:56,301 [ genlib ] [ INFO ] Searching order 6
2026-04-23 20:44:56,301 [ genlib ] [ INFO ] Searching order 7
2026-04-23 20:44:56,301 [ genlib ] [ INFO ] Searching branch 2
2026-04-23 20:44:56,301 [ genlib ] [ INFO ] Searching order 2
2026-04-23 20:44:56,301 [ genlib ] [ INFO ] Searching order 3
2026-04-23 20:44:56,301 [ genlib ] [ INFO ] Checking atom SD
2026-04-23 20:44:56,301 [ genlib ] [ INFO ] No partner found for atom SD
2026-04-23 20:44:56,301 [ genlib ] [ INFO ] Searching order 4
2026-04-23 20:44:56,301 [ genlib ] [ INFO ] Searching order 5
2026-04-23 20:44:56,301 [ genlib ] [ INFO ] Searching order 6
2026-04-23 20:44:56,301 [ genlib ] [ INFO ] Searching order 7
2026-04-23 20:44:56,303 [ genlib ] [ INFO ] Updating bond lists
2026-04-23 20:44:56,303 [ genlib ] [ INFO ] Updating dihedrals
2026-04-23 20:44:56,303 [ genlib ] [ INFO ] Updating impropers
2026-04-23 20:44:56,304 [ genlib ] [ INFO ] Building library files for PHE --> ALA mutant
2026-04-23 20:44:56,304 [ genlib ] [ INFO ] reading rtp file "aminoacids.rtp"
2026-04-23 20:44:56,340 [ genlib ] [ INFO ] ENTERED T,A,V,I
2026-04-23 20:44:56,341 [ genlib ] [ INFO ] Making atom pairs
2026-04-23 20:44:56,342 [ genlib ] [ INFO ] Updating bond lists
2026-04-23 20:44:56,342 [ genlib ] [ INFO ] Updating dihedrals
2026-04-23 20:44:56,342 [ genlib ] [ INFO ] Updating impropers
2026-04-23 20:44:56,342 [ genlib ] [ INFO ] Building library files for PHE --> ARG mutant
2026-04-23 20:44:56,343 [ genlib ] [ INFO ] reading rtp file "aminoacids.rtp"
2026-04-23 20:44:56,380 [ genlib ] [ INFO ] ENTERED RINGS
2026-04-23 20:44:56,380 [ genlib ] [ INFO ] Making atom pairs
2026-04-23 20:44:56,387 [ genlib ] [ INFO ] Updating bond lists
2026-04-23 20:44:56,387 [ genlib ] [ INFO ] Updating dihedrals
2026-04-23 20:44:56,387 [ genlib ] [ INFO ] Updating impropers
2026-04-23 20:44:56,388 [ genlib ] [ INFO ] Building library files for PHE --> ASH mutant
2026-04-23 20:44:56,389 [ genlib ] [ INFO ] reading rtp file "aminoacids.rtp"
2026-04-23 20:44:56,427 [ genlib ] [ INFO ] ENTERED RINGS
2026-04-23 20:44:56,427 [ genlib ] [ INFO ] Making atom pairs
2026-04-23 20:44:56,428 [ genlib ] [ INFO ] Updating bond lists
2026-04-23 20:44:56,428 [ genlib ] [ INFO ] Updating dihedrals
2026-04-23 20:44:56,428 [ genlib ] [ INFO ] Updating impropers
2026-04-23 20:44:56,429 [ genlib ] [ INFO ] Building library files for PHE --> ASN mutant
2026-04-23 20:44:56,429 [ genlib ] [ INFO ] reading rtp file "aminoacids.rtp"
2026-04-23 20:44:56,467 [ genlib ] [ INFO ] ENTERED RINGS
2026-04-23 20:44:56,467 [ genlib ] [ INFO ] Making atom pairs
2026-04-23 20:44:56,469 [ genlib ] [ INFO ] Updating bond lists
2026-04-23 20:44:56,469 [ genlib ] [ INFO ] Updating dihedrals
2026-04-23 20:44:56,469 [ genlib ] [ INFO ] Updating impropers
2026-04-23 20:44:56,470 [ genlib ] [ INFO ] Building library files for PHE --> ASP mutant
2026-04-23 20:44:56,470 [ genlib ] [ INFO ] reading rtp file "aminoacids.rtp"
2026-04-23 20:44:56,507 [ genlib ] [ INFO ] ENTERED RINGS
2026-04-23 20:44:56,507 [ genlib ] [ INFO ] Making atom pairs
2026-04-23 20:44:56,509 [ genlib ] [ INFO ] Updating bond lists
2026-04-23 20:44:56,509 [ genlib ] [ INFO ] Updating dihedrals
2026-04-23 20:44:56,509 [ genlib ] [ INFO ] Updating impropers
2026-04-23 20:44:56,509 [ genlib ] [ INFO ] Building library files for PHE --> CYS mutant
2026-04-23 20:44:56,510 [ genlib ] [ INFO ] reading rtp file "aminoacids.rtp"
2026-04-23 20:44:56,673 [ genlib ] [ INFO ] ENTERED RINGS
2026-04-23 20:44:56,684 [ genlib ] [ INFO ] Making atom pairs
2026-04-23 20:44:56,735 [ genlib ] [ INFO ] Updating bond lists
2026-04-23 20:44:56,736 [ genlib ] [ INFO ] Updating dihedrals
2026-04-23 20:44:56,736 [ genlib ] [ INFO ] Updating impropers
2026-04-23 20:44:56,741 [ genlib ] [ INFO ] Building library files for PHE --> GLH mutant
2026-04-23 20:44:56,760 [ genlib ] [ INFO ] reading rtp file "aminoacids.rtp"
2026-04-23 20:44:56,924 [ genlib ] [ INFO ] ENTERED RINGS
2026-04-23 20:44:56,924 [ genlib ] [ INFO ] Making atom pairs
2026-04-23 20:44:56,932 [ genlib ] [ INFO ] Updating bond lists
2026-04-23 20:44:56,932 [ genlib ] [ INFO ] Updating dihedrals
2026-04-23 20:44:56,932 [ genlib ] [ INFO ] Updating impropers
2026-04-23 20:44:56,933 [ genlib ] [ INFO ] Building library files for PHE --> GLN mutant
2026-04-23 20:44:56,935 [ genlib ] [ INFO ] reading rtp file "aminoacids.rtp"
2026-04-23 20:44:57,046 [ genlib ] [ INFO ] ENTERED RINGS
2026-04-23 20:44:57,047 [ genlib ] [ INFO ] Making atom pairs
2026-04-23 20:44:57,061 [ genlib ] [ INFO ] Updating bond lists
2026-04-23 20:44:57,061 [ genlib ] [ INFO ] Updating dihedrals
2026-04-23 20:44:57,061 [ genlib ] [ INFO ] Updating impropers
2026-04-23 20:44:57,063 [ genlib ] [ INFO ] Building library files for PHE --> GLU mutant
2026-04-23 20:44:57,065 [ genlib ] [ INFO ] reading rtp file "aminoacids.rtp"
2026-04-23 20:44:57,164 [ genlib ] [ INFO ] ENTERED RINGS
2026-04-23 20:44:57,164 [ genlib ] [ INFO ] Making atom pairs
2026-04-23 20:44:57,247 [ genlib ] [ INFO ] Updating bond lists
2026-04-23 20:44:57,247 [ genlib ] [ INFO ] Updating dihedrals
2026-04-23 20:44:57,247 [ genlib ] [ INFO ] Updating impropers
2026-04-23 20:44:57,248 [ genlib ] [ INFO ] Building library files for PHE --> GLY mutant
2026-04-23 20:44:57,249 [ genlib ] [ INFO ] reading rtp file "aminoacids.rtp"
2026-04-23 20:44:57,297 [ genlib ] [ INFO ] ENTERED G
2026-04-23 20:44:57,297 [ genlib ] [ INFO ] Making atom pairs
2026-04-23 20:44:57,298 [ genlib ] [ INFO ] Updating bond lists
2026-04-23 20:44:57,298 [ genlib ] [ INFO ] Updating dihedrals
2026-04-23 20:44:57,298 [ genlib ] [ INFO ] Updating impropers
2026-04-23 20:44:57,299 [ genlib ] [ INFO ] Building library files for PHE --> HID mutant
2026-04-23 20:44:57,300 [ genlib ] [ INFO ] reading rtp file "aminoacids.rtp"
2026-04-23 20:44:57,377 [ genlib ] [ INFO ] ENTERED STANDARD
2026-04-23 20:44:57,377 [ genlib ] [ INFO ] Making atom pairs
2026-04-23 20:44:57,391 [ genlib ] [ INFO ] Updating bond lists
2026-04-23 20:44:57,391 [ genlib ] [ INFO ] Updating dihedrals
2026-04-23 20:44:57,391 [ genlib ] [ INFO ] Updating impropers
2026-04-23 20:44:57,393 [ genlib ] [ INFO ] Building library files for PHE --> HIE mutant
2026-04-23 20:44:57,394 [ genlib ] [ INFO ] reading rtp file "aminoacids.rtp"
2026-04-23 20:44:57,476 [ genlib ] [ INFO ] ENTERED STANDARD
2026-04-23 20:44:57,476 [ genlib ] [ INFO ] Making atom pairs
2026-04-23 20:44:57,482 [ genlib ] [ INFO ] Updating bond lists
2026-04-23 20:44:57,482 [ genlib ] [ INFO ] Updating dihedrals
2026-04-23 20:44:57,483 [ genlib ] [ INFO ] Updating impropers
2026-04-23 20:44:57,484 [ genlib ] [ INFO ] Building library files for PHE --> HIP mutant
2026-04-23 20:44:57,487 [ genlib ] [ INFO ] reading rtp file "aminoacids.rtp"
2026-04-23 20:44:57,551 [ genlib ] [ INFO ] ENTERED STANDARD
2026-04-23 20:44:57,551 [ genlib ] [ INFO ] Making atom pairs
2026-04-23 20:44:57,555 [ genlib ] [ INFO ] Updating bond lists
2026-04-23 20:44:57,555 [ genlib ] [ INFO ] Updating dihedrals
2026-04-23 20:44:57,555 [ genlib ] [ INFO ] Updating impropers
2026-04-23 20:44:57,556 [ genlib ] [ INFO ] Building library files for PHE --> ILE mutant
2026-04-23 20:44:57,557 [ genlib ] [ INFO ] reading rtp file "aminoacids.rtp"
2026-04-23 20:44:57,604 [ genlib ] [ INFO ] ENTERED T,A,V,I
2026-04-23 20:44:57,604 [ genlib ] [ INFO ] Making atom pairs
2026-04-23 20:44:57,609 [ genlib ] [ INFO ] Updating bond lists
2026-04-23 20:44:57,609 [ genlib ] [ INFO ] Updating dihedrals
2026-04-23 20:44:57,609 [ genlib ] [ INFO ] Updating impropers
2026-04-23 20:44:57,610 [ genlib ] [ INFO ] Building library files for PHE --> LEU mutant
2026-04-23 20:44:57,611 [ genlib ] [ INFO ] reading rtp file "aminoacids.rtp"
2026-04-23 20:44:57,653 [ genlib ] [ INFO ] ENTERED RINGS
2026-04-23 20:44:57,653 [ genlib ] [ INFO ] Making atom pairs
2026-04-23 20:44:57,657 [ genlib ] [ INFO ] Updating bond lists
2026-04-23 20:44:57,657 [ genlib ] [ INFO ] Updating dihedrals
2026-04-23 20:44:57,657 [ genlib ] [ INFO ] Updating impropers
2026-04-23 20:44:57,658 [ genlib ] [ INFO ] Building library files for PHE --> LYN mutant
2026-04-23 20:44:57,659 [ genlib ] [ INFO ] reading rtp file "aminoacids.rtp"
2026-04-23 20:44:57,694 [ genlib ] [ INFO ] ENTERED RINGS
2026-04-23 20:44:57,694 [ genlib ] [ INFO ] Making atom pairs
2026-04-23 20:44:57,699 [ genlib ] [ INFO ] Updating bond lists
2026-04-23 20:44:57,699 [ genlib ] [ INFO ] Updating dihedrals
2026-04-23 20:44:57,699 [ genlib ] [ INFO ] Updating impropers
2026-04-23 20:44:57,699 [ genlib ] [ INFO ] Building library files for PHE --> LYS mutant
2026-04-23 20:44:57,700 [ genlib ] [ INFO ] reading rtp file "aminoacids.rtp"
2026-04-23 20:44:57,735 [ genlib ] [ INFO ] ENTERED RINGS
2026-04-23 20:44:57,736 [ genlib ] [ INFO ] Making atom pairs
2026-04-23 20:44:57,741 [ genlib ] [ INFO ] Updating bond lists
2026-04-23 20:44:57,742 [ genlib ] [ INFO ] Updating dihedrals
2026-04-23 20:44:57,742 [ genlib ] [ INFO ] Updating impropers
2026-04-23 20:44:57,742 [ genlib ] [ INFO ] Building library files for PHE --> MET mutant
2026-04-23 20:44:57,743 [ genlib ] [ INFO ] reading rtp file "aminoacids.rtp"
2026-04-23 20:44:57,778 [ genlib ] [ INFO ] ENTERED RINGS
2026-04-23 20:44:57,779 [ genlib ] [ INFO ] Making atom pairs
2026-04-23 20:44:57,781 [ genlib ] [ INFO ] Updating bond lists
2026-04-23 20:44:57,782 [ genlib ] [ INFO ] Updating dihedrals
2026-04-23 20:44:57,782 [ genlib ] [ INFO ] Updating impropers
2026-04-23 20:44:57,782 [ genlib ] [ INFO ] Building library files for PHE --> PRO mutant
2026-04-23 20:44:57,783 [ genlib ] [ INFO ] reading rtp file "aminoacids.rtp"
2026-04-23 20:44:57,818 [ genlib ] [ INFO ] ENTERED P
2026-04-23 20:44:57,818 [ genlib ] [ INFO ] Making atom pairs
2026-04-23 20:44:57,822 [ genlib ] [ INFO ] Updating bond lists
2026-04-23 20:44:57,822 [ genlib ] [ INFO ] Updating dihedrals
2026-04-23 20:44:57,822 [ genlib ] [ INFO ] Updating impropers
2026-04-23 20:44:57,822 [ genlib ] [ INFO ] Building library files for PHE --> SER mutant
2026-04-23 20:44:57,823 [ genlib ] [ INFO ] reading rtp file "aminoacids.rtp"
2026-04-23 20:44:57,858 [ genlib ] [ INFO ] ENTERED RINGS
2026-04-23 20:44:57,858 [ genlib ] [ INFO ] Making atom pairs
2026-04-23 20:44:57,859 [ genlib ] [ INFO ] Updating bond lists
2026-04-23 20:44:57,859 [ genlib ] [ INFO ] Updating dihedrals
2026-04-23 20:44:57,859 [ genlib ] [ INFO ] Updating impropers
2026-04-23 20:44:57,859 [ genlib ] [ INFO ] Building library files for PHE --> THR mutant
2026-04-23 20:44:57,860 [ genlib ] [ INFO ] reading rtp file "aminoacids.rtp"
2026-04-23 20:44:57,894 [ genlib ] [ INFO ] ENTERED T,A,V,I
2026-04-23 20:44:57,894 [ genlib ] [ INFO ] Making atom pairs
2026-04-23 20:44:57,896 [ genlib ] [ INFO ] Updating bond lists
2026-04-23 20:44:57,896 [ genlib ] [ INFO ] Updating dihedrals
2026-04-23 20:44:57,897 [ genlib ] [ INFO ] Updating impropers
2026-04-23 20:44:57,897 [ genlib ] [ INFO ] Building library files for PHE --> TRP mutant
2026-04-23 20:44:57,898 [ genlib ] [ INFO ] reading rtp file "aminoacids.rtp"
2026-04-23 20:44:57,932 [ genlib ] [ INFO ] ENTERED STANDARD
2026-04-23 20:44:57,932 [ genlib ] [ INFO ] Making atom pairs
2026-04-23 20:44:57,939 [ genlib ] [ INFO ] Updating bond lists
2026-04-23 20:44:57,939 [ genlib ] [ INFO ] Updating dihedrals
2026-04-23 20:44:57,939 [ genlib ] [ INFO ] Updating impropers
2026-04-23 20:44:57,939 [ genlib ] [ INFO ] Building library files for PHE --> TYR mutant
2026-04-23 20:44:57,940 [ genlib ] [ INFO ] reading rtp file "aminoacids.rtp"
2026-04-23 20:44:57,976 [ genlib ] [ INFO ] ENTERED MERGE BY NAMES
2026-04-23 20:44:57,976 [ genlib ] [ INFO ] Making atom pairs.........MERGE BY NAMES...
2026-04-23 20:44:57,977 [ genlib ] [ INFO ] Updating bond lists
2026-04-23 20:44:57,977 [ genlib ] [ INFO ] Updating dihedrals
2026-04-23 20:44:57,977 [ genlib ] [ INFO ] Updating impropers
2026-04-23 20:44:57,978 [ genlib ] [ INFO ] Building library files for PHE --> VAL mutant
2026-04-23 20:44:57,978 [ genlib ] [ INFO ] reading rtp file "aminoacids.rtp"
2026-04-23 20:44:58,014 [ genlib ] [ INFO ] ENTERED T,A,V,I
2026-04-23 20:44:58,014 [ genlib ] [ INFO ] Making atom pairs
2026-04-23 20:44:58,017 [ genlib ] [ INFO ] Updating bond lists
2026-04-23 20:44:58,017 [ genlib ] [ INFO ] Updating dihedrals
2026-04-23 20:44:58,017 [ genlib ] [ INFO ] Updating impropers
2026-04-23 20:44:58,017 [ genlib ] [ INFO ] Building library files for PRO --> ALA mutant
2026-04-23 20:44:58,018 [ genlib ] [ INFO ] reading rtp file "aminoacids.rtp"
2026-04-23 20:44:58,053 [ genlib ] [ INFO ] ENTERED P
2026-04-23 20:44:58,053 [ genlib ] [ INFO ] Making atom pairs
2026-04-23 20:44:58,055 [ genlib ] [ INFO ] Updating bond lists
2026-04-23 20:44:58,055 [ genlib ] [ INFO ] Updating dihedrals
2026-04-23 20:44:58,055 [ genlib ] [ INFO ] Updating impropers
2026-04-23 20:44:58,055 [ genlib ] [ INFO ] Building library files for PRO --> ARG mutant
2026-04-23 20:44:58,056 [ genlib ] [ INFO ] reading rtp file "aminoacids.rtp"
2026-04-23 20:44:58,090 [ genlib ] [ INFO ] ENTERED P
2026-04-23 20:44:58,090 [ genlib ] [ INFO ] Making atom pairs
2026-04-23 20:44:58,098 [ genlib ] [ INFO ] Updating bond lists
2026-04-23 20:44:58,098 [ genlib ] [ INFO ] Updating dihedrals
2026-04-23 20:44:58,098 [ genlib ] [ INFO ] Updating impropers
2026-04-23 20:44:58,099 [ genlib ] [ INFO ] Building library files for PRO --> ASH mutant
2026-04-23 20:44:58,099 [ genlib ] [ INFO ] reading rtp file "aminoacids.rtp"
2026-04-23 20:44:58,134 [ genlib ] [ INFO ] ENTERED P
2026-04-23 20:44:58,134 [ genlib ] [ INFO ] Making atom pairs
2026-04-23 20:44:58,136 [ genlib ] [ INFO ] Updating bond lists
2026-04-23 20:44:58,136 [ genlib ] [ INFO ] Updating dihedrals
2026-04-23 20:44:58,136 [ genlib ] [ INFO ] Updating impropers
2026-04-23 20:44:58,136 [ genlib ] [ INFO ] Building library files for PRO --> ASN mutant
2026-04-23 20:44:58,137 [ genlib ] [ INFO ] reading rtp file "aminoacids.rtp"
2026-04-23 20:44:58,172 [ genlib ] [ INFO ] ENTERED P
2026-04-23 20:44:58,172 [ genlib ] [ INFO ] Making atom pairs
2026-04-23 20:44:58,175 [ genlib ] [ INFO ] Updating bond lists
2026-04-23 20:44:58,175 [ genlib ] [ INFO ] Updating dihedrals
2026-04-23 20:44:58,175 [ genlib ] [ INFO ] Updating impropers
2026-04-23 20:44:58,175 [ genlib ] [ INFO ] Building library files for PRO --> ASP mutant
2026-04-23 20:44:58,176 [ genlib ] [ INFO ] reading rtp file "aminoacids.rtp"
2026-04-23 20:44:58,210 [ genlib ] [ INFO ] ENTERED P
2026-04-23 20:44:58,210 [ genlib ] [ INFO ] Making atom pairs
2026-04-23 20:44:58,212 [ genlib ] [ INFO ] Updating bond lists
2026-04-23 20:44:58,212 [ genlib ] [ INFO ] Updating dihedrals
2026-04-23 20:44:58,212 [ genlib ] [ INFO ] Updating impropers
2026-04-23 20:44:58,212 [ genlib ] [ INFO ] Building library files for PRO --> CYS mutant
2026-04-23 20:44:58,213 [ genlib ] [ INFO ] reading rtp file "aminoacids.rtp"
2026-04-23 20:44:58,247 [ genlib ] [ INFO ] ENTERED P
2026-04-23 20:44:58,247 [ genlib ] [ INFO ] Making atom pairs
2026-04-23 20:44:58,249 [ genlib ] [ INFO ] Updating bond lists
2026-04-23 20:44:58,249 [ genlib ] [ INFO ] Updating dihedrals
2026-04-23 20:44:58,249 [ genlib ] [ INFO ] Updating impropers
2026-04-23 20:44:58,249 [ genlib ] [ INFO ] Building library files for PRO --> GLH mutant
2026-04-23 20:44:58,250 [ genlib ] [ INFO ] reading rtp file "aminoacids.rtp"
2026-04-23 20:44:58,284 [ genlib ] [ INFO ] ENTERED P
2026-04-23 20:44:58,284 [ genlib ] [ INFO ] Making atom pairs
2026-04-23 20:44:58,287 [ genlib ] [ INFO ] Updating bond lists
2026-04-23 20:44:58,287 [ genlib ] [ INFO ] Updating dihedrals
2026-04-23 20:44:58,287 [ genlib ] [ INFO ] Updating impropers
2026-04-23 20:44:58,288 [ genlib ] [ INFO ] Building library files for PRO --> GLN mutant
2026-04-23 20:44:58,288 [ genlib ] [ INFO ] reading rtp file "aminoacids.rtp"
2026-04-23 20:44:58,323 [ genlib ] [ INFO ] ENTERED P
2026-04-23 20:44:58,323 [ genlib ] [ INFO ] Making atom pairs
2026-04-23 20:44:58,327 [ genlib ] [ INFO ] Updating bond lists
2026-04-23 20:44:58,327 [ genlib ] [ INFO ] Updating dihedrals
2026-04-23 20:44:58,327 [ genlib ] [ INFO ] Updating impropers
2026-04-23 20:44:58,327 [ genlib ] [ INFO ] Building library files for PRO --> GLU mutant
2026-04-23 20:44:58,328 [ genlib ] [ INFO ] reading rtp file "aminoacids.rtp"
2026-04-23 20:44:58,363 [ genlib ] [ INFO ] ENTERED P
2026-04-23 20:44:58,363 [ genlib ] [ INFO ] Making atom pairs
2026-04-23 20:44:58,366 [ genlib ] [ INFO ] Updating bond lists
2026-04-23 20:44:58,367 [ genlib ] [ INFO ] Updating dihedrals
2026-04-23 20:44:58,367 [ genlib ] [ INFO ] Updating impropers
2026-04-23 20:44:58,367 [ genlib ] [ INFO ] Building library files for PRO --> GLY mutant
2026-04-23 20:44:58,367 [ genlib ] [ INFO ] reading rtp file "aminoacids.rtp"
2026-04-23 20:44:58,402 [ genlib ] [ INFO ] ENTERED P
2026-04-23 20:44:58,403 [ genlib ] [ INFO ] subENTERED G
2026-04-23 20:44:58,403 [ genlib ] [ INFO ] Making atom pairs
2026-04-23 20:44:58,403 [ genlib ] [ INFO ] Updating bond lists
2026-04-23 20:44:58,404 [ genlib ] [ INFO ] Updating dihedrals
2026-04-23 20:44:58,404 [ genlib ] [ INFO ] Updating impropers
2026-04-23 20:44:58,404 [ genlib ] [ INFO ] Building library files for PRO --> HID mutant
2026-04-23 20:44:58,405 [ genlib ] [ INFO ] reading rtp file "aminoacids.rtp"
2026-04-23 20:44:58,440 [ genlib ] [ INFO ] ENTERED P
2026-04-23 20:44:58,440 [ genlib ] [ INFO ] Making atom pairs
2026-04-23 20:44:58,444 [ genlib ] [ INFO ] Updating bond lists
2026-04-23 20:44:58,445 [ genlib ] [ INFO ] Updating dihedrals
2026-04-23 20:44:58,445 [ genlib ] [ INFO ] Updating impropers
2026-04-23 20:44:58,445 [ genlib ] [ INFO ] Building library files for PRO --> HIE mutant
2026-04-23 20:44:58,446 [ genlib ] [ INFO ] reading rtp file "aminoacids.rtp"
2026-04-23 20:44:58,480 [ genlib ] [ INFO ] ENTERED P
2026-04-23 20:44:58,480 [ genlib ] [ INFO ] Making atom pairs
2026-04-23 20:44:58,484 [ genlib ] [ INFO ] Updating bond lists
2026-04-23 20:44:58,484 [ genlib ] [ INFO ] Updating dihedrals
2026-04-23 20:44:58,484 [ genlib ] [ INFO ] Updating impropers
2026-04-23 20:44:58,484 [ genlib ] [ INFO ] Building library files for PRO --> HIP mutant
2026-04-23 20:44:58,485 [ genlib ] [ INFO ] reading rtp file "aminoacids.rtp"
2026-04-23 20:44:58,520 [ genlib ] [ INFO ] ENTERED P
2026-04-23 20:44:58,521 [ genlib ] [ INFO ] Making atom pairs
2026-04-23 20:44:58,525 [ genlib ] [ INFO ] Updating bond lists
2026-04-23 20:44:58,525 [ genlib ] [ INFO ] Updating dihedrals
2026-04-23 20:44:58,525 [ genlib ] [ INFO ] Updating impropers
2026-04-23 20:44:58,525 [ genlib ] [ INFO ] Building library files for PRO --> ILE mutant
2026-04-23 20:44:58,526 [ genlib ] [ INFO ] reading rtp file "aminoacids.rtp"
2026-04-23 20:44:58,561 [ genlib ] [ INFO ] ENTERED P
2026-04-23 20:44:58,561 [ genlib ] [ INFO ] Making atom pairs
2026-04-23 20:44:58,566 [ genlib ] [ INFO ] Updating bond lists
2026-04-23 20:44:58,566 [ genlib ] [ INFO ] Updating dihedrals
2026-04-23 20:44:58,566 [ genlib ] [ INFO ] Updating impropers
2026-04-23 20:44:58,566 [ genlib ] [ INFO ] Building library files for PRO --> LEU mutant
2026-04-23 20:44:58,567 [ genlib ] [ INFO ] reading rtp file "aminoacids.rtp"
2026-04-23 20:44:58,602 [ genlib ] [ INFO ] ENTERED P
2026-04-23 20:44:58,602 [ genlib ] [ INFO ] Making atom pairs
2026-04-23 20:44:58,609 [ genlib ] [ INFO ] Updating bond lists
2026-04-23 20:44:58,609 [ genlib ] [ INFO ] Updating dihedrals
2026-04-23 20:44:58,609 [ genlib ] [ INFO ] Updating impropers
2026-04-23 20:44:58,609 [ genlib ] [ INFO ] Building library files for PRO --> LYN mutant
2026-04-23 20:44:58,610 [ genlib ] [ INFO ] reading rtp file "aminoacids.rtp"
2026-04-23 20:44:58,645 [ genlib ] [ INFO ] ENTERED P
2026-04-23 20:44:58,645 [ genlib ] [ INFO ] Making atom pairs
2026-04-23 20:44:58,651 [ genlib ] [ INFO ] Updating bond lists
2026-04-23 20:44:58,651 [ genlib ] [ INFO ] Updating dihedrals
2026-04-23 20:44:58,651 [ genlib ] [ INFO ] Updating impropers
2026-04-23 20:44:58,652 [ genlib ] [ INFO ] Building library files for PRO --> LYS mutant
2026-04-23 20:44:58,652 [ genlib ] [ INFO ] reading rtp file "aminoacids.rtp"
2026-04-23 20:44:58,689 [ genlib ] [ INFO ] ENTERED P
2026-04-23 20:44:58,689 [ genlib ] [ INFO ] Making atom pairs
2026-04-23 20:44:58,697 [ genlib ] [ INFO ] Updating bond lists
2026-04-23 20:44:58,697 [ genlib ] [ INFO ] Updating dihedrals
2026-04-23 20:44:58,697 [ genlib ] [ INFO ] Updating impropers
2026-04-23 20:44:58,698 [ genlib ] [ INFO ] Building library files for PRO --> MET mutant
2026-04-23 20:44:58,698 [ genlib ] [ INFO ] reading rtp file "aminoacids.rtp"
2026-04-23 20:44:58,743 [ genlib ] [ INFO ] ENTERED P
2026-04-23 20:44:58,743 [ genlib ] [ INFO ] Making atom pairs
2026-04-23 20:44:58,748 [ genlib ] [ INFO ] Updating bond lists
2026-04-23 20:44:58,748 [ genlib ] [ INFO ] Updating dihedrals
2026-04-23 20:44:58,748 [ genlib ] [ INFO ] Updating impropers
2026-04-23 20:44:58,749 [ genlib ] [ INFO ] Building library files for PRO --> PHE mutant
2026-04-23 20:44:58,751 [ genlib ] [ INFO ] reading rtp file "aminoacids.rtp"
2026-04-23 20:44:58,796 [ genlib ] [ INFO ] ENTERED P
2026-04-23 20:44:58,796 [ genlib ] [ INFO ] Making atom pairs
2026-04-23 20:44:58,802 [ genlib ] [ INFO ] Updating bond lists
2026-04-23 20:44:58,803 [ genlib ] [ INFO ] Updating dihedrals
2026-04-23 20:44:58,803 [ genlib ] [ INFO ] Updating impropers
2026-04-23 20:44:58,803 [ genlib ] [ INFO ] Building library files for PRO --> SER mutant
2026-04-23 20:44:58,804 [ genlib ] [ INFO ] reading rtp file "aminoacids.rtp"
2026-04-23 20:44:58,841 [ genlib ] [ INFO ] ENTERED P
2026-04-23 20:44:58,841 [ genlib ] [ INFO ] Making atom pairs
2026-04-23 20:44:58,844 [ genlib ] [ INFO ] Updating bond lists
2026-04-23 20:44:58,844 [ genlib ] [ INFO ] Updating dihedrals
2026-04-23 20:44:58,844 [ genlib ] [ INFO ] Updating impropers
2026-04-23 20:44:58,844 [ genlib ] [ INFO ] Building library files for PRO --> THR mutant
2026-04-23 20:44:58,845 [ genlib ] [ INFO ] reading rtp file "aminoacids.rtp"
2026-04-23 20:44:58,885 [ genlib ] [ INFO ] ENTERED P
2026-04-23 20:44:58,885 [ genlib ] [ INFO ] Making atom pairs
2026-04-23 20:44:58,888 [ genlib ] [ INFO ] Updating bond lists
2026-04-23 20:44:58,888 [ genlib ] [ INFO ] Updating dihedrals
2026-04-23 20:44:58,888 [ genlib ] [ INFO ] Updating impropers
2026-04-23 20:44:58,888 [ genlib ] [ INFO ] Building library files for PRO --> TRP mutant
2026-04-23 20:44:58,889 [ genlib ] [ INFO ] reading rtp file "aminoacids.rtp"
2026-04-23 20:44:58,930 [ genlib ] [ INFO ] ENTERED P
2026-04-23 20:44:58,930 [ genlib ] [ INFO ] Making atom pairs
2026-04-23 20:44:58,939 [ genlib ] [ INFO ] Updating bond lists
2026-04-23 20:44:58,939 [ genlib ] [ INFO ] Updating dihedrals
2026-04-23 20:44:58,939 [ genlib ] [ INFO ] Updating impropers
2026-04-23 20:44:58,940 [ genlib ] [ INFO ] Building library files for PRO --> TYR mutant
2026-04-23 20:44:58,941 [ genlib ] [ INFO ] reading rtp file "aminoacids.rtp"
2026-04-23 20:44:58,977 [ genlib ] [ INFO ] ENTERED P
2026-04-23 20:44:58,977 [ genlib ] [ INFO ] Making atom pairs
2026-04-23 20:44:58,985 [ genlib ] [ INFO ] Updating bond lists
2026-04-23 20:44:58,985 [ genlib ] [ INFO ] Updating dihedrals
2026-04-23 20:44:58,985 [ genlib ] [ INFO ] Updating impropers
2026-04-23 20:44:58,986 [ genlib ] [ INFO ] Building library files for PRO --> VAL mutant
2026-04-23 20:44:58,986 [ genlib ] [ INFO ] reading rtp file "aminoacids.rtp"
2026-04-23 20:44:59,022 [ genlib ] [ INFO ] ENTERED P
2026-04-23 20:44:59,022 [ genlib ] [ INFO ] Making atom pairs
2026-04-23 20:44:59,025 [ genlib ] [ INFO ] Updating bond lists
2026-04-23 20:44:59,026 [ genlib ] [ INFO ] Updating dihedrals
2026-04-23 20:44:59,026 [ genlib ] [ INFO ] Updating impropers
2026-04-23 20:44:59,026 [ genlib ] [ INFO ] Building library files for SER --> ALA mutant
2026-04-23 20:44:59,026 [ genlib ] [ INFO ] reading rtp file "aminoacids.rtp"
2026-04-23 20:44:59,062 [ genlib ] [ INFO ] ENTERED SIMPLE
2026-04-23 20:44:59,062 [ genlib ] [ INFO ] Making atom pairs
2026-04-23 20:44:59,062 [ genlib ] [ INFO ] Searching branch 1
2026-04-23 20:44:59,062 [ genlib ] [ INFO ] Searching order 2
2026-04-23 20:44:59,062 [ genlib ] [ INFO ] Checking atom 1HB
2026-04-23 20:44:59,062 [ genlib ] [ INFO ] Define atom pair: SER|1HB|H1|H         - > ALA|2HB|HC|H         (d = 0.10 A)
2026-04-23 20:44:59,062 [ genlib ] [ INFO ] Checking atom 2HB
2026-04-23 20:44:59,062 [ genlib ] [ INFO ] Define atom pair: SER|2HB|H1|H         - > ALA|3HB|HC|H         (d = 0.14 A)
2026-04-23 20:44:59,062 [ genlib ] [ INFO ] Checking atom OG
2026-04-23 20:44:59,062 [ genlib ] [ INFO ] Define atom pair: SER|OG|OH|O.3        - > ALA|1HB|HC|H         (d = 0.31 A)
2026-04-23 20:44:59,062 [ genlib ] [ INFO ] Searching order 3
2026-04-23 20:44:59,062 [ genlib ] [ INFO ] Checking atom HG
2026-04-23 20:44:59,062 [ genlib ] [ INFO ] No partner found for atom HG
2026-04-23 20:44:59,062 [ genlib ] [ INFO ] Searching order 4
2026-04-23 20:44:59,062 [ genlib ] [ INFO ] Searching order 5
2026-04-23 20:44:59,062 [ genlib ] [ INFO ] Searching order 6
2026-04-23 20:44:59,062 [ genlib ] [ INFO ] Searching order 7
2026-04-23 20:44:59,062 [ genlib ] [ INFO ] Searching branch 2
2026-04-23 20:44:59,062 [ genlib ] [ INFO ] Searching order 2
2026-04-23 20:44:59,062 [ genlib ] [ INFO ] Searching order 3
2026-04-23 20:44:59,062 [ genlib ] [ INFO ] Checking atom HG
2026-04-23 20:44:59,062 [ genlib ] [ INFO ] No partner found for atom HG
2026-04-23 20:44:59,062 [ genlib ] [ INFO ] Searching order 4
2026-04-23 20:44:59,062 [ genlib ] [ INFO ] Searching order 5
2026-04-23 20:44:59,062 [ genlib ] [ INFO ] Searching order 6
2026-04-23 20:44:59,062 [ genlib ] [ INFO ] Searching order 7
2026-04-23 20:44:59,062 [ genlib ] [ INFO ] Updating bond lists
2026-04-23 20:44:59,062 [ genlib ] [ INFO ] Updating dihedrals
2026-04-23 20:44:59,062 [ genlib ] [ INFO ] Updating impropers
2026-04-23 20:44:59,063 [ genlib ] [ INFO ] Building library files for SER --> ARG mutant
2026-04-23 20:44:59,063 [ genlib ] [ INFO ] reading rtp file "aminoacids.rtp"
2026-04-23 20:44:59,099 [ genlib ] [ INFO ] ENTERED SIMPLE
2026-04-23 20:44:59,099 [ genlib ] [ INFO ] Making atom pairs
2026-04-23 20:44:59,099 [ genlib ] [ INFO ] Searching branch 1
2026-04-23 20:44:59,099 [ genlib ] [ INFO ] Searching order 2
2026-04-23 20:44:59,099 [ genlib ] [ INFO ] Checking atom 1HB
2026-04-23 20:44:59,099 [ genlib ] [ INFO ] Define atom pair: SER|1HB|H1|H         - > ARG|1HB|HC|H         (d = 0.07 A)
2026-04-23 20:44:59,099 [ genlib ] [ INFO ] Checking atom 2HB
2026-04-23 20:44:59,099 [ genlib ] [ INFO ] Define atom pair: SER|2HB|H1|H         - > ARG|2HB|HC|H         (d = 0.10 A)
2026-04-23 20:44:59,099 [ genlib ] [ INFO ] Checking atom OG
2026-04-23 20:44:59,099 [ genlib ] [ INFO ] Define atom pair: SER|OG|OH|O.3        - > ARG|CG|C8|C.3        (d = 0.22 A)
2026-04-23 20:44:59,099 [ genlib ] [ INFO ] Searching order 3
2026-04-23 20:44:59,099 [ genlib ] [ INFO ] Checking atom HG
2026-04-23 20:44:59,099 [ genlib ] [ INFO ] No partner found for atom HG
2026-04-23 20:44:59,099 [ genlib ] [ INFO ] Searching order 4
2026-04-23 20:44:59,099 [ genlib ] [ INFO ] Searching order 5
2026-04-23 20:44:59,099 [ genlib ] [ INFO ] Searching order 6
2026-04-23 20:44:59,099 [ genlib ] [ INFO ] Searching order 7
2026-04-23 20:44:59,099 [ genlib ] [ INFO ] Searching branch 2
2026-04-23 20:44:59,099 [ genlib ] [ INFO ] Searching order 2
2026-04-23 20:44:59,099 [ genlib ] [ INFO ] Searching order 3
2026-04-23 20:44:59,099 [ genlib ] [ INFO ] Checking atom HG
2026-04-23 20:44:59,099 [ genlib ] [ INFO ] No partner found for atom HG
2026-04-23 20:44:59,099 [ genlib ] [ INFO ] Searching order 4
2026-04-23 20:44:59,099 [ genlib ] [ INFO ] Searching order 5
2026-04-23 20:44:59,099 [ genlib ] [ INFO ] Searching order 6
2026-04-23 20:44:59,099 [ genlib ] [ INFO ] Searching order 7
2026-04-23 20:44:59,106 [ genlib ] [ INFO ] Updating bond lists
2026-04-23 20:44:59,106 [ genlib ] [ INFO ] Updating dihedrals
2026-04-23 20:44:59,106 [ genlib ] [ INFO ] Updating impropers
2026-04-23 20:44:59,106 [ genlib ] [ INFO ] Building library files for SER --> ASH mutant
2026-04-23 20:44:59,107 [ genlib ] [ INFO ] reading rtp file "aminoacids.rtp"
2026-04-23 20:44:59,143 [ genlib ] [ INFO ] ENTERED SIMPLE
2026-04-23 20:44:59,143 [ genlib ] [ INFO ] Making atom pairs
2026-04-23 20:44:59,143 [ genlib ] [ INFO ] Searching branch 1
2026-04-23 20:44:59,143 [ genlib ] [ INFO ] Searching order 2
2026-04-23 20:44:59,143 [ genlib ] [ INFO ] Checking atom 1HB
2026-04-23 20:44:59,143 [ genlib ] [ INFO ] Define atom pair: SER|1HB|H1|H         - > ASH|1HB|HC|H         (d = 0.08 A)
2026-04-23 20:44:59,143 [ genlib ] [ INFO ] Checking atom 2HB
2026-04-23 20:44:59,143 [ genlib ] [ INFO ] Define atom pair: SER|2HB|H1|H         - > ASH|2HB|HC|H         (d = 0.13 A)
2026-04-23 20:44:59,143 [ genlib ] [ INFO ] Checking atom OG
2026-04-23 20:44:59,143 [ genlib ] [ INFO ] Define atom pair: SER|OG|OH|O.3        - > ASH|CG|C|C.2         (d = 0.13 A)
2026-04-23 20:44:59,143 [ genlib ] [ INFO ] Searching order 3
2026-04-23 20:44:59,143 [ genlib ] [ INFO ] Checking atom HG
2026-04-23 20:44:59,143 [ genlib ] [ INFO ] Define atom pair: SER|HG|HO|H          - > ASH|OD1|O|O.co2      (d = 0.42 A)
2026-04-23 20:44:59,143 [ genlib ] [ INFO ] Searching order 4
2026-04-23 20:44:59,143 [ genlib ] [ INFO ] Searching order 5
2026-04-23 20:44:59,143 [ genlib ] [ INFO ] Searching order 6
2026-04-23 20:44:59,143 [ genlib ] [ INFO ] Searching order 7
2026-04-23 20:44:59,143 [ genlib ] [ INFO ] Searching branch 2
2026-04-23 20:44:59,143 [ genlib ] [ INFO ] Searching order 2
2026-04-23 20:44:59,143 [ genlib ] [ INFO ] Searching order 3
2026-04-23 20:44:59,143 [ genlib ] [ INFO ] Searching order 4
2026-04-23 20:44:59,143 [ genlib ] [ INFO ] Searching order 5
2026-04-23 20:44:59,143 [ genlib ] [ INFO ] Searching order 6
2026-04-23 20:44:59,143 [ genlib ] [ INFO ] Searching order 7
2026-04-23 20:44:59,144 [ genlib ] [ INFO ] Updating bond lists
2026-04-23 20:44:59,144 [ genlib ] [ INFO ] Updating dihedrals
2026-04-23 20:44:59,144 [ genlib ] [ INFO ] Updating impropers
2026-04-23 20:44:59,144 [ genlib ] [ INFO ] Building library files for SER --> ASN mutant
2026-04-23 20:44:59,145 [ genlib ] [ INFO ] reading rtp file "aminoacids.rtp"
2026-04-23 20:44:59,180 [ genlib ] [ INFO ] ENTERED SIMPLE
2026-04-23 20:44:59,180 [ genlib ] [ INFO ] Making atom pairs
2026-04-23 20:44:59,180 [ genlib ] [ INFO ] Searching branch 1
2026-04-23 20:44:59,180 [ genlib ] [ INFO ] Searching order 2
2026-04-23 20:44:59,180 [ genlib ] [ INFO ] Checking atom 1HB
2026-04-23 20:44:59,180 [ genlib ] [ INFO ] Define atom pair: SER|1HB|H1|H         - > ASN|1HB|HC|H         (d = 0.10 A)
2026-04-23 20:44:59,180 [ genlib ] [ INFO ] Checking atom 2HB
2026-04-23 20:44:59,180 [ genlib ] [ INFO ] Define atom pair: SER|2HB|H1|H         - > ASN|2HB|HC|H         (d = 0.07 A)
2026-04-23 20:44:59,180 [ genlib ] [ INFO ] Checking atom OG
2026-04-23 20:44:59,180 [ genlib ] [ INFO ] Define atom pair: SER|OG|OH|O.3        - > ASN|CG|C|C.2         (d = 0.17 A)
2026-04-23 20:44:59,180 [ genlib ] [ INFO ] Searching order 3
2026-04-23 20:44:59,180 [ genlib ] [ INFO ] Checking atom HG
2026-04-23 20:44:59,180 [ genlib ] [ INFO ] Define atom pair: SER|HG|HO|H          - > ASN|OD1|O|O.2        (d = 0.45 A)
2026-04-23 20:44:59,180 [ genlib ] [ INFO ] Searching order 4
2026-04-23 20:44:59,180 [ genlib ] [ INFO ] Searching order 5
2026-04-23 20:44:59,180 [ genlib ] [ INFO ] Searching order 6
2026-04-23 20:44:59,180 [ genlib ] [ INFO ] Searching order 7
2026-04-23 20:44:59,180 [ genlib ] [ INFO ] Searching branch 2
2026-04-23 20:44:59,180 [ genlib ] [ INFO ] Searching order 2
2026-04-23 20:44:59,180 [ genlib ] [ INFO ] Searching order 3
2026-04-23 20:44:59,180 [ genlib ] [ INFO ] Searching order 4
2026-04-23 20:44:59,180 [ genlib ] [ INFO ] Searching order 5
2026-04-23 20:44:59,180 [ genlib ] [ INFO ] Searching order 6
2026-04-23 20:44:59,180 [ genlib ] [ INFO ] Searching order 7
2026-04-23 20:44:59,182 [ genlib ] [ INFO ] Updating bond lists
2026-04-23 20:44:59,182 [ genlib ] [ INFO ] Updating dihedrals
2026-04-23 20:44:59,182 [ genlib ] [ INFO ] Updating impropers
2026-04-23 20:44:59,182 [ genlib ] [ INFO ] Building library files for SER --> ASP mutant
2026-04-23 20:44:59,182 [ genlib ] [ INFO ] reading rtp file "aminoacids.rtp"
2026-04-23 20:44:59,218 [ genlib ] [ INFO ] ENTERED SIMPLE
2026-04-23 20:44:59,218 [ genlib ] [ INFO ] Making atom pairs
2026-04-23 20:44:59,218 [ genlib ] [ INFO ] Searching branch 1
2026-04-23 20:44:59,218 [ genlib ] [ INFO ] Searching order 2
2026-04-23 20:44:59,218 [ genlib ] [ INFO ] Checking atom 1HB
2026-04-23 20:44:59,218 [ genlib ] [ INFO ] Define atom pair: SER|1HB|H1|H         - > ASP|1HB|HC|H         (d = 0.03 A)
2026-04-23 20:44:59,218 [ genlib ] [ INFO ] Checking atom 2HB
2026-04-23 20:44:59,218 [ genlib ] [ INFO ] Define atom pair: SER|2HB|H1|H         - > ASP|2HB|HC|H         (d = 0.04 A)
2026-04-23 20:44:59,218 [ genlib ] [ INFO ] Checking atom OG
2026-04-23 20:44:59,218 [ genlib ] [ INFO ] Define atom pair: SER|OG|OH|O.3        - > ASP|CG|CO|C.2        (d = 0.13 A)
2026-04-23 20:44:59,218 [ genlib ] [ INFO ] Searching order 3
2026-04-23 20:44:59,218 [ genlib ] [ INFO ] Checking atom HG
2026-04-23 20:44:59,218 [ genlib ] [ INFO ] Define atom pair: SER|HG|HO|H          - > ASP|OD1|O2|O.co2     (d = 0.42 A)
2026-04-23 20:44:59,218 [ genlib ] [ INFO ] Searching order 4
2026-04-23 20:44:59,218 [ genlib ] [ INFO ] Searching order 5
2026-04-23 20:44:59,218 [ genlib ] [ INFO ] Searching order 6
2026-04-23 20:44:59,218 [ genlib ] [ INFO ] Searching order 7
2026-04-23 20:44:59,218 [ genlib ] [ INFO ] Searching branch 2
2026-04-23 20:44:59,218 [ genlib ] [ INFO ] Searching order 2
2026-04-23 20:44:59,218 [ genlib ] [ INFO ] Searching order 3
2026-04-23 20:44:59,218 [ genlib ] [ INFO ] Searching order 4
2026-04-23 20:44:59,218 [ genlib ] [ INFO ] Searching order 5
2026-04-23 20:44:59,218 [ genlib ] [ INFO ] Searching order 6
2026-04-23 20:44:59,218 [ genlib ] [ INFO ] Searching order 7
2026-04-23 20:44:59,219 [ genlib ] [ INFO ] Updating bond lists
2026-04-23 20:44:59,220 [ genlib ] [ INFO ] Updating dihedrals
2026-04-23 20:44:59,220 [ genlib ] [ INFO ] Updating impropers
2026-04-23 20:44:59,220 [ genlib ] [ INFO ] Building library files for SER --> CYS mutant
2026-04-23 20:44:59,221 [ genlib ] [ INFO ] reading rtp file "aminoacids.rtp"
2026-04-23 20:44:59,258 [ genlib ] [ INFO ] ENTERED SIMPLE
2026-04-23 20:44:59,258 [ genlib ] [ INFO ] Making atom pairs
2026-04-23 20:44:59,258 [ genlib ] [ INFO ] Searching branch 1
2026-04-23 20:44:59,258 [ genlib ] [ INFO ] Searching order 2
2026-04-23 20:44:59,258 [ genlib ] [ INFO ] Checking atom 1HB
2026-04-23 20:44:59,259 [ genlib ] [ INFO ] Define atom pair: SER|1HB|H1|H         - > CYS|1HB|H1|H         (d = 0.09 A)
2026-04-23 20:44:59,259 [ genlib ] [ INFO ] Checking atom 2HB
2026-04-23 20:44:59,259 [ genlib ] [ INFO ] Define atom pair: SER|2HB|H1|H         - > CYS|2HB|H1|H         (d = 0.11 A)
2026-04-23 20:44:59,259 [ genlib ] [ INFO ] Checking atom OG
2026-04-23 20:44:59,259 [ genlib ] [ INFO ] Define atom pair: SER|OG|OH|O.3        - > CYS|SG|SH|S.3        (d = 0.47 A)
2026-04-23 20:44:59,259 [ genlib ] [ INFO ] Searching order 3
2026-04-23 20:44:59,259 [ genlib ] [ INFO ] Checking atom HG
2026-04-23 20:44:59,259 [ genlib ] [ INFO ] No partner found for atom HG
2026-04-23 20:44:59,259 [ genlib ] [ INFO ] Searching order 4
2026-04-23 20:44:59,259 [ genlib ] [ INFO ] Searching order 5
2026-04-23 20:44:59,259 [ genlib ] [ INFO ] Searching order 6
2026-04-23 20:44:59,259 [ genlib ] [ INFO ] Searching order 7
2026-04-23 20:44:59,259 [ genlib ] [ INFO ] Searching branch 2
2026-04-23 20:44:59,259 [ genlib ] [ INFO ] Searching order 2
2026-04-23 20:44:59,259 [ genlib ] [ INFO ] Searching order 3
2026-04-23 20:44:59,259 [ genlib ] [ INFO ] Checking atom HG
2026-04-23 20:44:59,259 [ genlib ] [ INFO ] No partner found for atom HG
2026-04-23 20:44:59,259 [ genlib ] [ INFO ] Searching order 4
2026-04-23 20:44:59,259 [ genlib ] [ INFO ] Searching order 5
2026-04-23 20:44:59,259 [ genlib ] [ INFO ] Searching order 6
2026-04-23 20:44:59,259 [ genlib ] [ INFO ] Searching order 7
2026-04-23 20:44:59,259 [ genlib ] [ INFO ] Updating bond lists
2026-04-23 20:44:59,259 [ genlib ] [ INFO ] Updating dihedrals
2026-04-23 20:44:59,259 [ genlib ] [ INFO ] Updating impropers
2026-04-23 20:44:59,260 [ genlib ] [ INFO ] Building library files for SER --> GLH mutant
2026-04-23 20:44:59,260 [ genlib ] [ INFO ] reading rtp file "aminoacids.rtp"
2026-04-23 20:44:59,297 [ genlib ] [ INFO ] ENTERED SIMPLE
2026-04-23 20:44:59,297 [ genlib ] [ INFO ] Making atom pairs
2026-04-23 20:44:59,297 [ genlib ] [ INFO ] Searching branch 1
2026-04-23 20:44:59,297 [ genlib ] [ INFO ] Searching order 2
2026-04-23 20:44:59,297 [ genlib ] [ INFO ] Checking atom 1HB
2026-04-23 20:44:59,297 [ genlib ] [ INFO ] Define atom pair: SER|1HB|H1|H         - > GLH|1HB|HC|H         (d = 0.11 A)
2026-04-23 20:44:59,297 [ genlib ] [ INFO ] Checking atom 2HB
2026-04-23 20:44:59,297 [ genlib ] [ INFO ] Define atom pair: SER|2HB|H1|H         - > GLH|2HB|HC|H         (d = 0.11 A)
2026-04-23 20:44:59,297 [ genlib ] [ INFO ] Checking atom OG
2026-04-23 20:44:59,297 [ genlib ] [ INFO ] Define atom pair: SER|OG|OH|O.3        - > GLH|CG|2C|C.3        (d = 0.16 A)
2026-04-23 20:44:59,297 [ genlib ] [ INFO ] Searching order 3
2026-04-23 20:44:59,297 [ genlib ] [ INFO ] Checking atom HG
2026-04-23 20:44:59,297 [ genlib ] [ INFO ] No partner found for atom HG
2026-04-23 20:44:59,297 [ genlib ] [ INFO ] Searching order 4
2026-04-23 20:44:59,297 [ genlib ] [ INFO ] Searching order 5
2026-04-23 20:44:59,297 [ genlib ] [ INFO ] Searching order 6
2026-04-23 20:44:59,297 [ genlib ] [ INFO ] Searching order 7
2026-04-23 20:44:59,297 [ genlib ] [ INFO ] Searching branch 2
2026-04-23 20:44:59,297 [ genlib ] [ INFO ] Searching order 2
2026-04-23 20:44:59,297 [ genlib ] [ INFO ] Searching order 3
2026-04-23 20:44:59,297 [ genlib ] [ INFO ] Checking atom HG
2026-04-23 20:44:59,297 [ genlib ] [ INFO ] No partner found for atom HG
2026-04-23 20:44:59,297 [ genlib ] [ INFO ] Searching order 4
2026-04-23 20:44:59,297 [ genlib ] [ INFO ] Searching order 5
2026-04-23 20:44:59,297 [ genlib ] [ INFO ] Searching order 6
2026-04-23 20:44:59,297 [ genlib ] [ INFO ] Searching order 7
2026-04-23 20:44:59,299 [ genlib ] [ INFO ] Updating bond lists
2026-04-23 20:44:59,299 [ genlib ] [ INFO ] Updating dihedrals
2026-04-23 20:44:59,299 [ genlib ] [ INFO ] Updating impropers
2026-04-23 20:44:59,300 [ genlib ] [ INFO ] Building library files for SER --> GLN mutant
2026-04-23 20:44:59,300 [ genlib ] [ INFO ] reading rtp file "aminoacids.rtp"
2026-04-23 20:44:59,337 [ genlib ] [ INFO ] ENTERED SIMPLE
2026-04-23 20:44:59,337 [ genlib ] [ INFO ] Making atom pairs
2026-04-23 20:44:59,337 [ genlib ] [ INFO ] Searching branch 1
2026-04-23 20:44:59,337 [ genlib ] [ INFO ] Searching order 2
2026-04-23 20:44:59,337 [ genlib ] [ INFO ] Checking atom 1HB
2026-04-23 20:44:59,337 [ genlib ] [ INFO ] Define atom pair: SER|1HB|H1|H         - > GLN|1HB|HC|H         (d = 0.05 A)
2026-04-23 20:44:59,337 [ genlib ] [ INFO ] Checking atom 2HB
2026-04-23 20:44:59,337 [ genlib ] [ INFO ] Define atom pair: SER|2HB|H1|H         - > GLN|2HB|HC|H         (d = 0.06 A)
2026-04-23 20:44:59,337 [ genlib ] [ INFO ] Checking atom OG
2026-04-23 20:44:59,337 [ genlib ] [ INFO ] Define atom pair: SER|OG|OH|O.3        - > GLN|CG|2C|C.3        (d = 0.19 A)
2026-04-23 20:44:59,338 [ genlib ] [ INFO ] Searching order 3
2026-04-23 20:44:59,338 [ genlib ] [ INFO ] Checking atom HG
2026-04-23 20:44:59,338 [ genlib ] [ INFO ] No partner found for atom HG
2026-04-23 20:44:59,338 [ genlib ] [ INFO ] Searching order 4
2026-04-23 20:44:59,338 [ genlib ] [ INFO ] Searching order 5
2026-04-23 20:44:59,338 [ genlib ] [ INFO ] Searching order 6
2026-04-23 20:44:59,338 [ genlib ] [ INFO ] Searching order 7
2026-04-23 20:44:59,338 [ genlib ] [ INFO ] Searching branch 2
2026-04-23 20:44:59,338 [ genlib ] [ INFO ] Searching order 2
2026-04-23 20:44:59,338 [ genlib ] [ INFO ] Searching order 3
2026-04-23 20:44:59,338 [ genlib ] [ INFO ] Checking atom HG
2026-04-23 20:44:59,338 [ genlib ] [ INFO ] No partner found for atom HG
2026-04-23 20:44:59,338 [ genlib ] [ INFO ] Searching order 4
2026-04-23 20:44:59,338 [ genlib ] [ INFO ] Searching order 5
2026-04-23 20:44:59,338 [ genlib ] [ INFO ] Searching order 6
2026-04-23 20:44:59,338 [ genlib ] [ INFO ] Searching order 7
2026-04-23 20:44:59,341 [ genlib ] [ INFO ] Updating bond lists
2026-04-23 20:44:59,341 [ genlib ] [ INFO ] Updating dihedrals
2026-04-23 20:44:59,341 [ genlib ] [ INFO ] Updating impropers
2026-04-23 20:44:59,342 [ genlib ] [ INFO ] Building library files for SER --> GLU mutant
2026-04-23 20:44:59,342 [ genlib ] [ INFO ] reading rtp file "aminoacids.rtp"
2026-04-23 20:44:59,379 [ genlib ] [ INFO ] ENTERED SIMPLE
2026-04-23 20:44:59,379 [ genlib ] [ INFO ] Making atom pairs
2026-04-23 20:44:59,379 [ genlib ] [ INFO ] Searching branch 1
2026-04-23 20:44:59,379 [ genlib ] [ INFO ] Searching order 2
2026-04-23 20:44:59,379 [ genlib ] [ INFO ] Checking atom 1HB
2026-04-23 20:44:59,379 [ genlib ] [ INFO ] Define atom pair: SER|1HB|H1|H         - > GLU|1HB|HC|H         (d = 0.06 A)
2026-04-23 20:44:59,379 [ genlib ] [ INFO ] Checking atom 2HB
2026-04-23 20:44:59,379 [ genlib ] [ INFO ] Define atom pair: SER|2HB|H1|H         - > GLU|2HB|HC|H         (d = 0.10 A)
2026-04-23 20:44:59,379 [ genlib ] [ INFO ] Checking atom OG
2026-04-23 20:44:59,379 [ genlib ] [ INFO ] Define atom pair: SER|OG|OH|O.3        - > GLU|CG|2C|C.3        (d = 0.16 A)
2026-04-23 20:44:59,379 [ genlib ] [ INFO ] Searching order 3
2026-04-23 20:44:59,379 [ genlib ] [ INFO ] Checking atom HG
2026-04-23 20:44:59,379 [ genlib ] [ INFO ] No partner found for atom HG
2026-04-23 20:44:59,379 [ genlib ] [ INFO ] Searching order 4
2026-04-23 20:44:59,379 [ genlib ] [ INFO ] Searching order 5
2026-04-23 20:44:59,379 [ genlib ] [ INFO ] Searching order 6
2026-04-23 20:44:59,379 [ genlib ] [ INFO ] Searching order 7
2026-04-23 20:44:59,379 [ genlib ] [ INFO ] Searching branch 2
2026-04-23 20:44:59,379 [ genlib ] [ INFO ] Searching order 2
2026-04-23 20:44:59,379 [ genlib ] [ INFO ] Searching order 3
2026-04-23 20:44:59,379 [ genlib ] [ INFO ] Checking atom HG
2026-04-23 20:44:59,379 [ genlib ] [ INFO ] No partner found for atom HG
2026-04-23 20:44:59,379 [ genlib ] [ INFO ] Searching order 4
2026-04-23 20:44:59,379 [ genlib ] [ INFO ] Searching order 5
2026-04-23 20:44:59,379 [ genlib ] [ INFO ] Searching order 6
2026-04-23 20:44:59,379 [ genlib ] [ INFO ] Searching order 7
2026-04-23 20:44:59,381 [ genlib ] [ INFO ] Updating bond lists
2026-04-23 20:44:59,381 [ genlib ] [ INFO ] Updating dihedrals
2026-04-23 20:44:59,381 [ genlib ] [ INFO ] Updating impropers
2026-04-23 20:44:59,382 [ genlib ] [ INFO ] Building library files for SER --> GLY mutant
2026-04-23 20:44:59,382 [ genlib ] [ INFO ] reading rtp file "aminoacids.rtp"
2026-04-23 20:44:59,418 [ genlib ] [ INFO ] ENTERED G
2026-04-23 20:44:59,418 [ genlib ] [ INFO ] Making atom pairs
2026-04-23 20:44:59,419 [ genlib ] [ INFO ] Updating bond lists
2026-04-23 20:44:59,419 [ genlib ] [ INFO ] Updating dihedrals
2026-04-23 20:44:59,419 [ genlib ] [ INFO ] Updating impropers
2026-04-23 20:44:59,419 [ genlib ] [ INFO ] Building library files for SER --> HID mutant
2026-04-23 20:44:59,420 [ genlib ] [ INFO ] reading rtp file "aminoacids.rtp"
2026-04-23 20:44:59,457 [ genlib ] [ INFO ] ENTERED RINGS
2026-04-23 20:44:59,457 [ genlib ] [ INFO ] Making atom pairs
2026-04-23 20:44:59,460 [ genlib ] [ INFO ] Updating bond lists
2026-04-23 20:44:59,460 [ genlib ] [ INFO ] Updating dihedrals
2026-04-23 20:44:59,460 [ genlib ] [ INFO ] Updating impropers
2026-04-23 20:44:59,461 [ genlib ] [ INFO ] Building library files for SER --> HIE mutant
2026-04-23 20:44:59,461 [ genlib ] [ INFO ] reading rtp file "aminoacids.rtp"
2026-04-23 20:44:59,499 [ genlib ] [ INFO ] ENTERED RINGS
2026-04-23 20:44:59,499 [ genlib ] [ INFO ] Making atom pairs
2026-04-23 20:44:59,502 [ genlib ] [ INFO ] Updating bond lists
2026-04-23 20:44:59,502 [ genlib ] [ INFO ] Updating dihedrals
2026-04-23 20:44:59,502 [ genlib ] [ INFO ] Updating impropers
2026-04-23 20:44:59,502 [ genlib ] [ INFO ] Building library files for SER --> HIP mutant
2026-04-23 20:44:59,503 [ genlib ] [ INFO ] reading rtp file "aminoacids.rtp"
2026-04-23 20:44:59,540 [ genlib ] [ INFO ] ENTERED RINGS
2026-04-23 20:44:59,540 [ genlib ] [ INFO ] Making atom pairs
2026-04-23 20:44:59,543 [ genlib ] [ INFO ] Updating bond lists
2026-04-23 20:44:59,543 [ genlib ] [ INFO ] Updating dihedrals
2026-04-23 20:44:59,543 [ genlib ] [ INFO ] Updating impropers
2026-04-23 20:44:59,544 [ genlib ] [ INFO ] Building library files for SER --> ILE mutant
2026-04-23 20:44:59,544 [ genlib ] [ INFO ] reading rtp file "aminoacids.rtp"
2026-04-23 20:44:59,581 [ genlib ] [ INFO ] ENTERED SIMPLE
2026-04-23 20:44:59,581 [ genlib ] [ INFO ] Making atom pairs
2026-04-23 20:44:59,581 [ genlib ] [ INFO ] Searching branch 1
2026-04-23 20:44:59,581 [ genlib ] [ INFO ] Searching order 2
2026-04-23 20:44:59,581 [ genlib ] [ INFO ] Checking atom 1HB
2026-04-23 20:44:59,581 [ genlib ] [ INFO ] Define atom pair: SER|1HB|H1|H         - > ILE|HB|HC|H          (d = 0.11 A)
2026-04-23 20:44:59,581 [ genlib ] [ INFO ] Checking atom 2HB
2026-04-23 20:44:59,581 [ genlib ] [ INFO ] Define atom pair: SER|2HB|H1|H         - > ILE|CG2|CT|C.3       (d = 0.44 A)
2026-04-23 20:44:59,581 [ genlib ] [ INFO ] Checking atom OG
2026-04-23 20:44:59,581 [ genlib ] [ INFO ] Define atom pair: SER|OG|OH|O.3        - > ILE|CG1|2C|C.3       (d = 0.16 A)
2026-04-23 20:44:59,581 [ genlib ] [ INFO ] Searching order 3
2026-04-23 20:44:59,581 [ genlib ] [ INFO ] Checking atom HG
2026-04-23 20:44:59,581 [ genlib ] [ INFO ] No partner found for atom HG
2026-04-23 20:44:59,581 [ genlib ] [ INFO ] Searching order 4
2026-04-23 20:44:59,581 [ genlib ] [ INFO ] Searching order 5
2026-04-23 20:44:59,581 [ genlib ] [ INFO ] Searching order 6
2026-04-23 20:44:59,581 [ genlib ] [ INFO ] Searching order 7
2026-04-23 20:44:59,581 [ genlib ] [ INFO ] Searching branch 2
2026-04-23 20:44:59,581 [ genlib ] [ INFO ] Searching order 2
2026-04-23 20:44:59,581 [ genlib ] [ INFO ] Searching order 3
2026-04-23 20:44:59,581 [ genlib ] [ INFO ] Checking atom HG
2026-04-23 20:44:59,581 [ genlib ] [ INFO ] No partner found for atom HG
2026-04-23 20:44:59,581 [ genlib ] [ INFO ] Searching order 4
2026-04-23 20:44:59,581 [ genlib ] [ INFO ] Searching order 5
2026-04-23 20:44:59,581 [ genlib ] [ INFO ] Searching order 6
2026-04-23 20:44:59,581 [ genlib ] [ INFO ] Searching order 7
2026-04-23 20:44:59,585 [ genlib ] [ INFO ] Updating bond lists
2026-04-23 20:44:59,585 [ genlib ] [ INFO ] Updating dihedrals
2026-04-23 20:44:59,585 [ genlib ] [ INFO ] Updating impropers
2026-04-23 20:44:59,586 [ genlib ] [ INFO ] Building library files for SER --> LEU mutant
2026-04-23 20:44:59,587 [ genlib ] [ INFO ] reading rtp file "aminoacids.rtp"
2026-04-23 20:44:59,626 [ genlib ] [ INFO ] ENTERED SIMPLE
2026-04-23 20:44:59,626 [ genlib ] [ INFO ] Making atom pairs
2026-04-23 20:44:59,626 [ genlib ] [ INFO ] Searching branch 1
2026-04-23 20:44:59,626 [ genlib ] [ INFO ] Searching order 2
2026-04-23 20:44:59,626 [ genlib ] [ INFO ] Checking atom 1HB
2026-04-23 20:44:59,626 [ genlib ] [ INFO ] Define atom pair: SER|1HB|H1|H         - > LEU|1HB|HC|H         (d = 0.08 A)
2026-04-23 20:44:59,626 [ genlib ] [ INFO ] Checking atom 2HB
2026-04-23 20:44:59,626 [ genlib ] [ INFO ] Define atom pair: SER|2HB|H1|H         - > LEU|2HB|HC|H         (d = 0.07 A)
2026-04-23 20:44:59,626 [ genlib ] [ INFO ] Checking atom OG
2026-04-23 20:44:59,626 [ genlib ] [ INFO ] Define atom pair: SER|OG|OH|O.3        - > LEU|CG|3C|C.3        (d = 0.20 A)
2026-04-23 20:44:59,626 [ genlib ] [ INFO ] Searching order 3
2026-04-23 20:44:59,626 [ genlib ] [ INFO ] Checking atom HG
2026-04-23 20:44:59,626 [ genlib ] [ INFO ] No partner found for atom HG
2026-04-23 20:44:59,626 [ genlib ] [ INFO ] Searching order 4
2026-04-23 20:44:59,626 [ genlib ] [ INFO ] Searching order 5
2026-04-23 20:44:59,626 [ genlib ] [ INFO ] Searching order 6
2026-04-23 20:44:59,626 [ genlib ] [ INFO ] Searching order 7
2026-04-23 20:44:59,626 [ genlib ] [ INFO ] Searching branch 2
2026-04-23 20:44:59,626 [ genlib ] [ INFO ] Searching order 2
2026-04-23 20:44:59,626 [ genlib ] [ INFO ] Searching order 3
2026-04-23 20:44:59,626 [ genlib ] [ INFO ] Checking atom HG
2026-04-23 20:44:59,626 [ genlib ] [ INFO ] No partner found for atom HG
2026-04-23 20:44:59,626 [ genlib ] [ INFO ] Searching order 4
2026-04-23 20:44:59,626 [ genlib ] [ INFO ] Searching order 5
2026-04-23 20:44:59,626 [ genlib ] [ INFO ] Searching order 6
2026-04-23 20:44:59,626 [ genlib ] [ INFO ] Searching order 7
2026-04-23 20:44:59,630 [ genlib ] [ INFO ] Updating bond lists
2026-04-23 20:44:59,630 [ genlib ] [ INFO ] Updating dihedrals
2026-04-23 20:44:59,630 [ genlib ] [ INFO ] Updating impropers
2026-04-23 20:44:59,631 [ genlib ] [ INFO ] Building library files for SER --> LYN mutant
2026-04-23 20:44:59,631 [ genlib ] [ INFO ] reading rtp file "aminoacids.rtp"
2026-04-23 20:44:59,669 [ genlib ] [ INFO ] ENTERED SIMPLE
2026-04-23 20:44:59,669 [ genlib ] [ INFO ] Making atom pairs
2026-04-23 20:44:59,669 [ genlib ] [ INFO ] Searching branch 1
2026-04-23 20:44:59,669 [ genlib ] [ INFO ] Searching order 2
2026-04-23 20:44:59,669 [ genlib ] [ INFO ] Checking atom 1HB
2026-04-23 20:44:59,669 [ genlib ] [ INFO ] Define atom pair: SER|1HB|H1|H         - > LYN|1HB|HC|H         (d = 0.13 A)
2026-04-23 20:44:59,669 [ genlib ] [ INFO ] Checking atom 2HB
2026-04-23 20:44:59,669 [ genlib ] [ INFO ] Define atom pair: SER|2HB|H1|H         - > LYN|2HB|HC|H         (d = 0.19 A)
2026-04-23 20:44:59,669 [ genlib ] [ INFO ] Checking atom OG
2026-04-23 20:44:59,669 [ genlib ] [ INFO ] Define atom pair: SER|OG|OH|O.3        - > LYN|CG|CT|C.3        (d = 0.22 A)
2026-04-23 20:44:59,669 [ genlib ] [ INFO ] Searching order 3
2026-04-23 20:44:59,669 [ genlib ] [ INFO ] Checking atom HG
2026-04-23 20:44:59,669 [ genlib ] [ INFO ] No partner found for atom HG
2026-04-23 20:44:59,669 [ genlib ] [ INFO ] Searching order 4
2026-04-23 20:44:59,669 [ genlib ] [ INFO ] Searching order 5
2026-04-23 20:44:59,669 [ genlib ] [ INFO ] Searching order 6
2026-04-23 20:44:59,669 [ genlib ] [ INFO ] Searching order 7
2026-04-23 20:44:59,669 [ genlib ] [ INFO ] Searching branch 2
2026-04-23 20:44:59,669 [ genlib ] [ INFO ] Searching order 2
2026-04-23 20:44:59,669 [ genlib ] [ INFO ] Searching order 3
2026-04-23 20:44:59,669 [ genlib ] [ INFO ] Checking atom HG
2026-04-23 20:44:59,669 [ genlib ] [ INFO ] No partner found for atom HG
2026-04-23 20:44:59,669 [ genlib ] [ INFO ] Searching order 4
2026-04-23 20:44:59,669 [ genlib ] [ INFO ] Searching order 5
2026-04-23 20:44:59,669 [ genlib ] [ INFO ] Searching order 6
2026-04-23 20:44:59,669 [ genlib ] [ INFO ] Searching order 7
2026-04-23 20:44:59,674 [ genlib ] [ INFO ] Updating bond lists
2026-04-23 20:44:59,675 [ genlib ] [ INFO ] Updating dihedrals
2026-04-23 20:44:59,675 [ genlib ] [ INFO ] Updating impropers
2026-04-23 20:44:59,676 [ genlib ] [ INFO ] Building library files for SER --> LYS mutant
2026-04-23 20:44:59,676 [ genlib ] [ INFO ] reading rtp file "aminoacids.rtp"
2026-04-23 20:44:59,712 [ genlib ] [ INFO ] ENTERED SIMPLE
2026-04-23 20:44:59,712 [ genlib ] [ INFO ] Making atom pairs
2026-04-23 20:44:59,712 [ genlib ] [ INFO ] Searching branch 1
2026-04-23 20:44:59,712 [ genlib ] [ INFO ] Searching order 2
2026-04-23 20:44:59,712 [ genlib ] [ INFO ] Checking atom 1HB
2026-04-23 20:44:59,713 [ genlib ] [ INFO ] Define atom pair: SER|1HB|H1|H         - > LYS|1HB|HC|H         (d = 0.07 A)
2026-04-23 20:44:59,713 [ genlib ] [ INFO ] Checking atom 2HB
2026-04-23 20:44:59,713 [ genlib ] [ INFO ] Define atom pair: SER|2HB|H1|H         - > LYS|2HB|HC|H         (d = 0.10 A)
2026-04-23 20:44:59,713 [ genlib ] [ INFO ] Checking atom OG
2026-04-23 20:44:59,713 [ genlib ] [ INFO ] Define atom pair: SER|OG|OH|O.3        - > LYS|CG|C8|C.3        (d = 0.22 A)
2026-04-23 20:44:59,713 [ genlib ] [ INFO ] Searching order 3
2026-04-23 20:44:59,713 [ genlib ] [ INFO ] Checking atom HG
2026-04-23 20:44:59,713 [ genlib ] [ INFO ] No partner found for atom HG
2026-04-23 20:44:59,713 [ genlib ] [ INFO ] Searching order 4
2026-04-23 20:44:59,713 [ genlib ] [ INFO ] Searching order 5
2026-04-23 20:44:59,713 [ genlib ] [ INFO ] Searching order 6
2026-04-23 20:44:59,713 [ genlib ] [ INFO ] Searching order 7
2026-04-23 20:44:59,713 [ genlib ] [ INFO ] Searching branch 2
2026-04-23 20:44:59,713 [ genlib ] [ INFO ] Searching order 2
2026-04-23 20:44:59,713 [ genlib ] [ INFO ] Searching order 3
2026-04-23 20:44:59,713 [ genlib ] [ INFO ] Checking atom HG
2026-04-23 20:44:59,713 [ genlib ] [ INFO ] No partner found for atom HG
2026-04-23 20:44:59,713 [ genlib ] [ INFO ] Searching order 4
2026-04-23 20:44:59,713 [ genlib ] [ INFO ] Searching order 5
2026-04-23 20:44:59,713 [ genlib ] [ INFO ] Searching order 6
2026-04-23 20:44:59,713 [ genlib ] [ INFO ] Searching order 7
2026-04-23 20:44:59,742 [ genlib ] [ INFO ] Updating bond lists
2026-04-23 20:44:59,742 [ genlib ] [ INFO ] Updating dihedrals
2026-04-23 20:44:59,742 [ genlib ] [ INFO ] Updating impropers
2026-04-23 20:44:59,743 [ genlib ] [ INFO ] Building library files for SER --> MET mutant
2026-04-23 20:44:59,743 [ genlib ] [ INFO ] reading rtp file "aminoacids.rtp"
2026-04-23 20:44:59,780 [ genlib ] [ INFO ] ENTERED SIMPLE
2026-04-23 20:44:59,780 [ genlib ] [ INFO ] Making atom pairs
2026-04-23 20:44:59,780 [ genlib ] [ INFO ] Searching branch 1
2026-04-23 20:44:59,780 [ genlib ] [ INFO ] Searching order 2
2026-04-23 20:44:59,780 [ genlib ] [ INFO ] Checking atom 1HB
2026-04-23 20:44:59,780 [ genlib ] [ INFO ] Define atom pair: SER|1HB|H1|H         - > MET|1HB|HC|H         (d = 0.05 A)
2026-04-23 20:44:59,780 [ genlib ] [ INFO ] Checking atom 2HB
2026-04-23 20:44:59,780 [ genlib ] [ INFO ] Define atom pair: SER|2HB|H1|H         - > MET|2HB|HC|H         (d = 0.08 A)
2026-04-23 20:44:59,780 [ genlib ] [ INFO ] Checking atom OG
2026-04-23 20:44:59,780 [ genlib ] [ INFO ] Define atom pair: SER|OG|OH|O.3        - > MET|CG|2C|C.3        (d = 0.18 A)
2026-04-23 20:44:59,780 [ genlib ] [ INFO ] Searching order 3
2026-04-23 20:44:59,780 [ genlib ] [ INFO ] Checking atom HG
2026-04-23 20:44:59,780 [ genlib ] [ INFO ] No partner found for atom HG
2026-04-23 20:44:59,780 [ genlib ] [ INFO ] Searching order 4
2026-04-23 20:44:59,780 [ genlib ] [ INFO ] Searching order 5
2026-04-23 20:44:59,780 [ genlib ] [ INFO ] Searching order 6
2026-04-23 20:44:59,780 [ genlib ] [ INFO ] Searching order 7
2026-04-23 20:44:59,780 [ genlib ] [ INFO ] Searching branch 2
2026-04-23 20:44:59,780 [ genlib ] [ INFO ] Searching order 2
2026-04-23 20:44:59,780 [ genlib ] [ INFO ] Searching order 3
2026-04-23 20:44:59,780 [ genlib ] [ INFO ] Checking atom HG
2026-04-23 20:44:59,780 [ genlib ] [ INFO ] No partner found for atom HG
2026-04-23 20:44:59,780 [ genlib ] [ INFO ] Searching order 4
2026-04-23 20:44:59,780 [ genlib ] [ INFO ] Searching order 5
2026-04-23 20:44:59,780 [ genlib ] [ INFO ] Searching order 6
2026-04-23 20:44:59,780 [ genlib ] [ INFO ] Searching order 7
2026-04-23 20:44:59,783 [ genlib ] [ INFO ] Updating bond lists
2026-04-23 20:44:59,783 [ genlib ] [ INFO ] Updating dihedrals
2026-04-23 20:44:59,783 [ genlib ] [ INFO ] Updating impropers
2026-04-23 20:44:59,784 [ genlib ] [ INFO ] Building library files for SER --> PHE mutant
2026-04-23 20:44:59,784 [ genlib ] [ INFO ] reading rtp file "aminoacids.rtp"
2026-04-23 20:44:59,822 [ genlib ] [ INFO ] ENTERED RINGS
2026-04-23 20:44:59,822 [ genlib ] [ INFO ] Making atom pairs
2026-04-23 20:44:59,827 [ genlib ] [ INFO ] Updating bond lists
2026-04-23 20:44:59,827 [ genlib ] [ INFO ] Updating dihedrals
2026-04-23 20:44:59,827 [ genlib ] [ INFO ] Updating impropers
2026-04-23 20:44:59,827 [ genlib ] [ INFO ] Building library files for SER --> PRO mutant
2026-04-23 20:44:59,828 [ genlib ] [ INFO ] reading rtp file "aminoacids.rtp"
2026-04-23 20:44:59,864 [ genlib ] [ INFO ] ENTERED P
2026-04-23 20:44:59,864 [ genlib ] [ INFO ] Making atom pairs
2026-04-23 20:44:59,867 [ genlib ] [ INFO ] Updating bond lists
2026-04-23 20:44:59,867 [ genlib ] [ INFO ] Updating dihedrals
2026-04-23 20:44:59,867 [ genlib ] [ INFO ] Updating impropers
2026-04-23 20:44:59,868 [ genlib ] [ INFO ] Building library files for SER --> THR mutant
2026-04-23 20:44:59,868 [ genlib ] [ INFO ] reading rtp file "aminoacids.rtp"
2026-04-23 20:44:59,904 [ genlib ] [ INFO ] ENTERED SIMPLE
2026-04-23 20:44:59,904 [ genlib ] [ INFO ] Making atom pairs
2026-04-23 20:44:59,905 [ genlib ] [ INFO ] Searching branch 1
2026-04-23 20:44:59,905 [ genlib ] [ INFO ] Searching order 2
2026-04-23 20:44:59,905 [ genlib ] [ INFO ] Checking atom 1HB
2026-04-23 20:44:59,905 [ genlib ] [ INFO ] Define atom pair: SER|1HB|H1|H         - > THR|HB|H1|H          (d = 0.10 A)
2026-04-23 20:44:59,905 [ genlib ] [ INFO ] Checking atom 2HB
2026-04-23 20:44:59,905 [ genlib ] [ INFO ] Define atom pair: SER|2HB|H1|H         - > THR|CG2|CT|C.3       (d = 0.45 A)
2026-04-23 20:44:59,905 [ genlib ] [ INFO ] Checking atom OG
2026-04-23 20:44:59,905 [ genlib ] [ INFO ] Define atom pair: SER|OG|OH|O.3        - > THR|OG1|OH|O.3       (d = 0.18 A)
2026-04-23 20:44:59,905 [ genlib ] [ INFO ] Searching order 3
2026-04-23 20:44:59,905 [ genlib ] [ INFO ] Checking atom HG
2026-04-23 20:44:59,905 [ genlib ] [ INFO ] Define atom pair: SER|HG|HO|H          - > THR|HG1|HO|H         (d = 0.21 A)
2026-04-23 20:44:59,905 [ genlib ] [ INFO ] Searching order 4
2026-04-23 20:44:59,905 [ genlib ] [ INFO ] Searching order 5
2026-04-23 20:44:59,905 [ genlib ] [ INFO ] Searching order 6
2026-04-23 20:44:59,905 [ genlib ] [ INFO ] Searching order 7
2026-04-23 20:44:59,905 [ genlib ] [ INFO ] Searching branch 2
2026-04-23 20:44:59,905 [ genlib ] [ INFO ] Searching order 2
2026-04-23 20:44:59,905 [ genlib ] [ INFO ] Searching order 3
2026-04-23 20:44:59,905 [ genlib ] [ INFO ] Searching order 4
2026-04-23 20:44:59,905 [ genlib ] [ INFO ] Searching order 5
2026-04-23 20:44:59,905 [ genlib ] [ INFO ] Searching order 6
2026-04-23 20:44:59,905 [ genlib ] [ INFO ] Searching order 7
2026-04-23 20:44:59,906 [ genlib ] [ INFO ] Updating bond lists
2026-04-23 20:44:59,906 [ genlib ] [ INFO ] Updating dihedrals
2026-04-23 20:44:59,906 [ genlib ] [ INFO ] Updating impropers
2026-04-23 20:44:59,907 [ genlib ] [ INFO ] Building library files for SER --> TRP mutant
2026-04-23 20:44:59,908 [ genlib ] [ INFO ] reading rtp file "aminoacids.rtp"
2026-04-23 20:44:59,943 [ genlib ] [ INFO ] ENTERED RINGS
2026-04-23 20:44:59,944 [ genlib ] [ INFO ] Making atom pairs
2026-04-23 20:44:59,951 [ genlib ] [ INFO ] Updating bond lists
2026-04-23 20:44:59,952 [ genlib ] [ INFO ] Updating dihedrals
2026-04-23 20:44:59,952 [ genlib ] [ INFO ] Updating impropers
2026-04-23 20:44:59,952 [ genlib ] [ INFO ] Building library files for SER --> TYR mutant
2026-04-23 20:44:59,953 [ genlib ] [ INFO ] reading rtp file "aminoacids.rtp"
2026-04-23 20:44:59,988 [ genlib ] [ INFO ] ENTERED RINGS
2026-04-23 20:44:59,988 [ genlib ] [ INFO ] Making atom pairs
2026-04-23 20:44:59,992 [ genlib ] [ INFO ] Updating bond lists
2026-04-23 20:44:59,993 [ genlib ] [ INFO ] Updating dihedrals
2026-04-23 20:44:59,993 [ genlib ] [ INFO ] Updating impropers
2026-04-23 20:44:59,993 [ genlib ] [ INFO ] Building library files for SER --> VAL mutant
2026-04-23 20:44:59,994 [ genlib ] [ INFO ] reading rtp file "aminoacids.rtp"
2026-04-23 20:45:00,028 [ genlib ] [ INFO ] ENTERED SIMPLE
2026-04-23 20:45:00,028 [ genlib ] [ INFO ] Making atom pairs
2026-04-23 20:45:00,028 [ genlib ] [ INFO ] Searching branch 1
2026-04-23 20:45:00,028 [ genlib ] [ INFO ] Searching order 2
2026-04-23 20:45:00,028 [ genlib ] [ INFO ] Checking atom 1HB
2026-04-23 20:45:00,028 [ genlib ] [ INFO ] Define atom pair: SER|1HB|H1|H         - > VAL|HB|HC|H          (d = 0.04 A)
2026-04-23 20:45:00,028 [ genlib ] [ INFO ] Checking atom 2HB
2026-04-23 20:45:00,028 [ genlib ] [ INFO ] Define atom pair: SER|2HB|H1|H         - > VAL|CG1|CT|C.3       (d = 0.47 A)
2026-04-23 20:45:00,028 [ genlib ] [ INFO ] Checking atom OG
2026-04-23 20:45:00,028 [ genlib ] [ INFO ] Define atom pair: SER|OG|OH|O.3        - > VAL|CG2|CT|C.3       (d = 0.14 A)
2026-04-23 20:45:00,028 [ genlib ] [ INFO ] Searching order 3
2026-04-23 20:45:00,028 [ genlib ] [ INFO ] Checking atom HG
2026-04-23 20:45:00,028 [ genlib ] [ INFO ] Define atom pair: SER|HG|HO|H          - > VAL|1HG2|HC|H        (d = 0.25 A)
2026-04-23 20:45:00,028 [ genlib ] [ INFO ] Searching order 4
2026-04-23 20:45:00,028 [ genlib ] [ INFO ] Searching order 5
2026-04-23 20:45:00,028 [ genlib ] [ INFO ] Searching order 6
2026-04-23 20:45:00,028 [ genlib ] [ INFO ] Searching order 7
2026-04-23 20:45:00,028 [ genlib ] [ INFO ] Searching branch 2
2026-04-23 20:45:00,028 [ genlib ] [ INFO ] Searching order 2
2026-04-23 20:45:00,028 [ genlib ] [ INFO ] Searching order 3
2026-04-23 20:45:00,028 [ genlib ] [ INFO ] Searching order 4
2026-04-23 20:45:00,028 [ genlib ] [ INFO ] Searching order 5
2026-04-23 20:45:00,028 [ genlib ] [ INFO ] Searching order 6
2026-04-23 20:45:00,028 [ genlib ] [ INFO ] Searching order 7
2026-04-23 20:45:00,030 [ genlib ] [ INFO ] Updating bond lists
2026-04-23 20:45:00,030 [ genlib ] [ INFO ] Updating dihedrals
2026-04-23 20:45:00,030 [ genlib ] [ INFO ] Updating impropers
2026-04-23 20:45:00,030 [ genlib ] [ INFO ] Building library files for THR --> ALA mutant
2026-04-23 20:45:00,031 [ genlib ] [ INFO ] reading rtp file "aminoacids.rtp"
2026-04-23 20:45:00,066 [ genlib ] [ INFO ] ENTERED SIMPLE
2026-04-23 20:45:00,066 [ genlib ] [ INFO ] Making atom pairs
2026-04-23 20:45:00,066 [ genlib ] [ INFO ] Searching branch 1
2026-04-23 20:45:00,066 [ genlib ] [ INFO ] Searching order 2
2026-04-23 20:45:00,066 [ genlib ] [ INFO ] Checking atom HB
2026-04-23 20:45:00,066 [ genlib ] [ INFO ] Define atom pair: THR|HB|H1|H          - > ALA|2HB|HC|H         (d = 0.00 A)
2026-04-23 20:45:00,066 [ genlib ] [ INFO ] Checking atom OG1
2026-04-23 20:45:00,066 [ genlib ] [ INFO ] Define atom pair: THR|OG1|OH|O.3       - > ALA|1HB|HC|H         (d = 0.32 A)
2026-04-23 20:45:00,066 [ genlib ] [ INFO ] Checking atom CG2
2026-04-23 20:45:00,066 [ genlib ] [ INFO ] Define atom pair: THR|CG2|CT|C.3       - > ALA|3HB|HC|H         (d = 0.48 A)
2026-04-23 20:45:00,066 [ genlib ] [ INFO ] Searching order 3
2026-04-23 20:45:00,066 [ genlib ] [ INFO ] Checking atom HG1
2026-04-23 20:45:00,066 [ genlib ] [ INFO ] No partner found for atom HG1
2026-04-23 20:45:00,066 [ genlib ] [ INFO ] Checking atom 1HG2
2026-04-23 20:45:00,066 [ genlib ] [ INFO ] No partner found for atom 1HG2
2026-04-23 20:45:00,066 [ genlib ] [ INFO ] Checking atom 2HG2
2026-04-23 20:45:00,066 [ genlib ] [ INFO ] No partner found for atom 2HG2
2026-04-23 20:45:00,066 [ genlib ] [ INFO ] Checking atom 3HG2
2026-04-23 20:45:00,066 [ genlib ] [ INFO ] No partner found for atom 3HG2
2026-04-23 20:45:00,066 [ genlib ] [ INFO ] Searching order 4
2026-04-23 20:45:00,066 [ genlib ] [ INFO ] Searching order 5
2026-04-23 20:45:00,066 [ genlib ] [ INFO ] Searching order 6
2026-04-23 20:45:00,066 [ genlib ] [ INFO ] Searching order 7
2026-04-23 20:45:00,066 [ genlib ] [ INFO ] Searching branch 2
2026-04-23 20:45:00,066 [ genlib ] [ INFO ] Searching order 2
2026-04-23 20:45:00,066 [ genlib ] [ INFO ] Searching order 3
2026-04-23 20:45:00,066 [ genlib ] [ INFO ] Checking atom HG1
2026-04-23 20:45:00,066 [ genlib ] [ INFO ] No partner found for atom HG1
2026-04-23 20:45:00,066 [ genlib ] [ INFO ] Checking atom 1HG2
2026-04-23 20:45:00,066 [ genlib ] [ INFO ] No partner found for atom 1HG2
2026-04-23 20:45:00,066 [ genlib ] [ INFO ] Checking atom 2HG2
2026-04-23 20:45:00,066 [ genlib ] [ INFO ] No partner found for atom 2HG2
2026-04-23 20:45:00,066 [ genlib ] [ INFO ] Checking atom 3HG2
2026-04-23 20:45:00,066 [ genlib ] [ INFO ] No partner found for atom 3HG2
2026-04-23 20:45:00,066 [ genlib ] [ INFO ] Searching order 4
2026-04-23 20:45:00,066 [ genlib ] [ INFO ] Searching order 5
2026-04-23 20:45:00,066 [ genlib ] [ INFO ] Searching order 6
2026-04-23 20:45:00,066 [ genlib ] [ INFO ] Searching order 7
2026-04-23 20:45:00,067 [ genlib ] [ INFO ] Updating bond lists
2026-04-23 20:45:00,067 [ genlib ] [ INFO ] Updating dihedrals
2026-04-23 20:45:00,067 [ genlib ] [ INFO ] Updating impropers
2026-04-23 20:45:00,067 [ genlib ] [ INFO ] Building library files for THR --> ARG mutant
2026-04-23 20:45:00,068 [ genlib ] [ INFO ] reading rtp file "aminoacids.rtp"
2026-04-23 20:45:00,103 [ genlib ] [ INFO ] ENTERED SIMPLE
2026-04-23 20:45:00,103 [ genlib ] [ INFO ] Making atom pairs
2026-04-23 20:45:00,103 [ genlib ] [ INFO ] Searching branch 1
2026-04-23 20:45:00,103 [ genlib ] [ INFO ] Searching order 2
2026-04-23 20:45:00,103 [ genlib ] [ INFO ] Checking atom HB
2026-04-23 20:45:00,103 [ genlib ] [ INFO ] Define atom pair: THR|HB|H1|H          - > ARG|1HB|HC|H         (d = 0.03 A)
2026-04-23 20:45:00,103 [ genlib ] [ INFO ] Checking atom OG1
2026-04-23 20:45:00,103 [ genlib ] [ INFO ] Define atom pair: THR|OG1|OH|O.3       - > ARG|CG|C8|C.3        (d = 0.20 A)
2026-04-23 20:45:00,103 [ genlib ] [ INFO ] Checking atom CG2
2026-04-23 20:45:00,103 [ genlib ] [ INFO ] Define atom pair: THR|CG2|CT|C.3       - > ARG|2HB|HC|H         (d = 0.48 A)
2026-04-23 20:45:00,103 [ genlib ] [ INFO ] Searching order 3
2026-04-23 20:45:00,103 [ genlib ] [ INFO ] Checking atom HG1
2026-04-23 20:45:00,103 [ genlib ] [ INFO ] No partner found for atom HG1
2026-04-23 20:45:00,103 [ genlib ] [ INFO ] Checking atom 1HG2
2026-04-23 20:45:00,103 [ genlib ] [ INFO ] No partner found for atom 1HG2
2026-04-23 20:45:00,103 [ genlib ] [ INFO ] Checking atom 2HG2
2026-04-23 20:45:00,103 [ genlib ] [ INFO ] No partner found for atom 2HG2
2026-04-23 20:45:00,103 [ genlib ] [ INFO ] Checking atom 3HG2
2026-04-23 20:45:00,103 [ genlib ] [ INFO ] No partner found for atom 3HG2
2026-04-23 20:45:00,103 [ genlib ] [ INFO ] Searching order 4
2026-04-23 20:45:00,103 [ genlib ] [ INFO ] Searching order 5
2026-04-23 20:45:00,103 [ genlib ] [ INFO ] Searching order 6
2026-04-23 20:45:00,103 [ genlib ] [ INFO ] Searching order 7
2026-04-23 20:45:00,103 [ genlib ] [ INFO ] Searching branch 2
2026-04-23 20:45:00,103 [ genlib ] [ INFO ] Searching order 2
2026-04-23 20:45:00,103 [ genlib ] [ INFO ] Searching order 3
2026-04-23 20:45:00,103 [ genlib ] [ INFO ] Checking atom HG1
2026-04-23 20:45:00,103 [ genlib ] [ INFO ] No partner found for atom HG1
2026-04-23 20:45:00,103 [ genlib ] [ INFO ] Checking atom 1HG2
2026-04-23 20:45:00,103 [ genlib ] [ INFO ] No partner found for atom 1HG2
2026-04-23 20:45:00,103 [ genlib ] [ INFO ] Checking atom 2HG2
2026-04-23 20:45:00,103 [ genlib ] [ INFO ] No partner found for atom 2HG2
2026-04-23 20:45:00,103 [ genlib ] [ INFO ] Checking atom 3HG2
2026-04-23 20:45:00,103 [ genlib ] [ INFO ] No partner found for atom 3HG2
2026-04-23 20:45:00,103 [ genlib ] [ INFO ] Searching order 4
2026-04-23 20:45:00,103 [ genlib ] [ INFO ] Searching order 5
2026-04-23 20:45:00,103 [ genlib ] [ INFO ] Searching order 6
2026-04-23 20:45:00,103 [ genlib ] [ INFO ] Searching order 7
2026-04-23 20:45:00,109 [ genlib ] [ INFO ] Updating bond lists
2026-04-23 20:45:00,110 [ genlib ] [ INFO ] Updating dihedrals
2026-04-23 20:45:00,110 [ genlib ] [ INFO ] Updating impropers
2026-04-23 20:45:00,110 [ genlib ] [ INFO ] Building library files for THR --> ASH mutant
2026-04-23 20:45:00,111 [ genlib ] [ INFO ] reading rtp file "aminoacids.rtp"
2026-04-23 20:45:00,146 [ genlib ] [ INFO ] ENTERED SIMPLE
2026-04-23 20:45:00,146 [ genlib ] [ INFO ] Making atom pairs
2026-04-23 20:45:00,146 [ genlib ] [ INFO ] Searching branch 1
2026-04-23 20:45:00,146 [ genlib ] [ INFO ] Searching order 2
2026-04-23 20:45:00,146 [ genlib ] [ INFO ] Checking atom HB
2026-04-23 20:45:00,146 [ genlib ] [ INFO ] Define atom pair: THR|HB|H1|H          - > ASH|1HB|HC|H         (d = 0.11 A)
2026-04-23 20:45:00,146 [ genlib ] [ INFO ] Checking atom OG1
2026-04-23 20:45:00,146 [ genlib ] [ INFO ] Define atom pair: THR|OG1|OH|O.3       - > ASH|CG|C|C.2         (d = 0.17 A)
2026-04-23 20:45:00,146 [ genlib ] [ INFO ] Checking atom CG2
2026-04-23 20:45:00,146 [ genlib ] [ INFO ] No partner found for atom CG2
2026-04-23 20:45:00,146 [ genlib ] [ INFO ] Searching order 3
2026-04-23 20:45:00,146 [ genlib ] [ INFO ] Checking atom HG1
2026-04-23 20:45:00,146 [ genlib ] [ INFO ] Define atom pair: THR|HG1|HO|H         - > ASH|OD1|O|O.co2      (d = 0.44 A)
2026-04-23 20:45:00,146 [ genlib ] [ INFO ] Searching order 4
2026-04-23 20:45:00,146 [ genlib ] [ INFO ] Searching order 5
2026-04-23 20:45:00,146 [ genlib ] [ INFO ] Searching order 6
2026-04-23 20:45:00,146 [ genlib ] [ INFO ] Searching order 7
2026-04-23 20:45:00,146 [ genlib ] [ INFO ] Searching branch 2
2026-04-23 20:45:00,146 [ genlib ] [ INFO ] Searching order 2
2026-04-23 20:45:00,146 [ genlib ] [ INFO ] Checking atom CG2
2026-04-23 20:45:00,146 [ genlib ] [ INFO ] No partner found for atom CG2
2026-04-23 20:45:00,146 [ genlib ] [ INFO ] Searching order 3
2026-04-23 20:45:00,146 [ genlib ] [ INFO ] Searching order 4
2026-04-23 20:45:00,146 [ genlib ] [ INFO ] Searching order 5
2026-04-23 20:45:00,146 [ genlib ] [ INFO ] Searching order 6
2026-04-23 20:45:00,146 [ genlib ] [ INFO ] Searching order 7
2026-04-23 20:45:00,147 [ genlib ] [ INFO ] Updating bond lists
2026-04-23 20:45:00,147 [ genlib ] [ INFO ] Updating dihedrals
2026-04-23 20:45:00,147 [ genlib ] [ INFO ] Updating impropers
2026-04-23 20:45:00,148 [ genlib ] [ INFO ] Building library files for THR --> ASN mutant
2026-04-23 20:45:00,148 [ genlib ] [ INFO ] reading rtp file "aminoacids.rtp"
2026-04-23 20:45:00,183 [ genlib ] [ INFO ] ENTERED SIMPLE
2026-04-23 20:45:00,183 [ genlib ] [ INFO ] Making atom pairs
2026-04-23 20:45:00,183 [ genlib ] [ INFO ] Searching branch 1
2026-04-23 20:45:00,183 [ genlib ] [ INFO ] Searching order 2
2026-04-23 20:45:00,183 [ genlib ] [ INFO ] Checking atom HB
2026-04-23 20:45:00,183 [ genlib ] [ INFO ] Define atom pair: THR|HB|H1|H          - > ASN|1HB|HC|H         (d = 0.16 A)
2026-04-23 20:45:00,183 [ genlib ] [ INFO ] Checking atom OG1
2026-04-23 20:45:00,183 [ genlib ] [ INFO ] Define atom pair: THR|OG1|OH|O.3       - > ASN|CG|C|C.2         (d = 0.26 A)
2026-04-23 20:45:00,183 [ genlib ] [ INFO ] Checking atom CG2
2026-04-23 20:45:00,183 [ genlib ] [ INFO ] Define atom pair: THR|CG2|CT|C.3       - > ASN|2HB|HC|H         (d = 0.49 A)
2026-04-23 20:45:00,183 [ genlib ] [ INFO ] Searching order 3
2026-04-23 20:45:00,183 [ genlib ] [ INFO ] Checking atom HG1
2026-04-23 20:45:00,183 [ genlib ] [ INFO ] Define atom pair: THR|HG1|HO|H         - > ASN|OD1|O|O.2        (d = 0.55 A)
2026-04-23 20:45:00,183 [ genlib ] [ INFO ] Checking atom 1HG2
2026-04-23 20:45:00,183 [ genlib ] [ INFO ] No partner found for atom 1HG2
2026-04-23 20:45:00,183 [ genlib ] [ INFO ] Checking atom 2HG2
2026-04-23 20:45:00,183 [ genlib ] [ INFO ] No partner found for atom 2HG2
2026-04-23 20:45:00,183 [ genlib ] [ INFO ] Checking atom 3HG2
2026-04-23 20:45:00,183 [ genlib ] [ INFO ] No partner found for atom 3HG2
2026-04-23 20:45:00,183 [ genlib ] [ INFO ] Searching order 4
2026-04-23 20:45:00,183 [ genlib ] [ INFO ] Searching order 5
2026-04-23 20:45:00,183 [ genlib ] [ INFO ] Searching order 6
2026-04-23 20:45:00,183 [ genlib ] [ INFO ] Searching order 7
2026-04-23 20:45:00,183 [ genlib ] [ INFO ] Searching branch 2
2026-04-23 20:45:00,183 [ genlib ] [ INFO ] Searching order 2
2026-04-23 20:45:00,183 [ genlib ] [ INFO ] Searching order 3
2026-04-23 20:45:00,183 [ genlib ] [ INFO ] Checking atom 1HG2
2026-04-23 20:45:00,183 [ genlib ] [ INFO ] No partner found for atom 1HG2
2026-04-23 20:45:00,183 [ genlib ] [ INFO ] Checking atom 2HG2
2026-04-23 20:45:00,183 [ genlib ] [ INFO ] No partner found for atom 2HG2
2026-04-23 20:45:00,183 [ genlib ] [ INFO ] Checking atom 3HG2
2026-04-23 20:45:00,183 [ genlib ] [ INFO ] No partner found for atom 3HG2
2026-04-23 20:45:00,183 [ genlib ] [ INFO ] Searching order 4
2026-04-23 20:45:00,183 [ genlib ] [ INFO ] Searching order 5
2026-04-23 20:45:00,183 [ genlib ] [ INFO ] Searching order 6
2026-04-23 20:45:00,183 [ genlib ] [ INFO ] Searching order 7
2026-04-23 20:45:00,184 [ genlib ] [ INFO ] Updating bond lists
2026-04-23 20:45:00,184 [ genlib ] [ INFO ] Updating dihedrals
2026-04-23 20:45:00,184 [ genlib ] [ INFO ] Updating impropers
2026-04-23 20:45:00,185 [ genlib ] [ INFO ] Building library files for THR --> ASP mutant
2026-04-23 20:45:00,185 [ genlib ] [ INFO ] reading rtp file "aminoacids.rtp"
2026-04-23 20:45:00,262 [ genlib ] [ INFO ] ENTERED SIMPLE
2026-04-23 20:45:00,262 [ genlib ] [ INFO ] Making atom pairs
2026-04-23 20:45:00,262 [ genlib ] [ INFO ] Searching branch 1
2026-04-23 20:45:00,262 [ genlib ] [ INFO ] Searching order 2
2026-04-23 20:45:00,262 [ genlib ] [ INFO ] Checking atom HB
2026-04-23 20:45:00,262 [ genlib ] [ INFO ] Define atom pair: THR|HB|H1|H          - > ASP|1HB|HC|H         (d = 0.08 A)
2026-04-23 20:45:00,262 [ genlib ] [ INFO ] Checking atom OG1
2026-04-23 20:45:00,262 [ genlib ] [ INFO ] Define atom pair: THR|OG1|OH|O.3       - > ASP|CG|CO|C.2        (d = 0.17 A)
2026-04-23 20:45:00,262 [ genlib ] [ INFO ] Checking atom CG2
2026-04-23 20:45:00,262 [ genlib ] [ INFO ] Define atom pair: THR|CG2|CT|C.3       - > ASP|2HB|HC|H         (d = 0.47 A)
2026-04-23 20:45:00,262 [ genlib ] [ INFO ] Searching order 3
2026-04-23 20:45:00,262 [ genlib ] [ INFO ] Checking atom HG1
2026-04-23 20:45:00,262 [ genlib ] [ INFO ] Define atom pair: THR|HG1|HO|H         - > ASP|OD1|O2|O.co2     (d = 0.44 A)
2026-04-23 20:45:00,262 [ genlib ] [ INFO ] Checking atom 1HG2
2026-04-23 20:45:00,262 [ genlib ] [ INFO ] No partner found for atom 1HG2
2026-04-23 20:45:00,262 [ genlib ] [ INFO ] Checking atom 2HG2
2026-04-23 20:45:00,262 [ genlib ] [ INFO ] No partner found for atom 2HG2
2026-04-23 20:45:00,262 [ genlib ] [ INFO ] Checking atom 3HG2
2026-04-23 20:45:00,262 [ genlib ] [ INFO ] No partner found for atom 3HG2
2026-04-23 20:45:00,262 [ genlib ] [ INFO ] Searching order 4
2026-04-23 20:45:00,262 [ genlib ] [ INFO ] Searching order 5
2026-04-23 20:45:00,262 [ genlib ] [ INFO ] Searching order 6
2026-04-23 20:45:00,262 [ genlib ] [ INFO ] Searching order 7
2026-04-23 20:45:00,262 [ genlib ] [ INFO ] Searching branch 2
2026-04-23 20:45:00,262 [ genlib ] [ INFO ] Searching order 2
2026-04-23 20:45:00,263 [ genlib ] [ INFO ] Searching order 3
2026-04-23 20:45:00,263 [ genlib ] [ INFO ] Checking atom 1HG2
2026-04-23 20:45:00,263 [ genlib ] [ INFO ] No partner found for atom 1HG2
2026-04-23 20:45:00,263 [ genlib ] [ INFO ] Checking atom 2HG2
2026-04-23 20:45:00,263 [ genlib ] [ INFO ] No partner found for atom 2HG2
2026-04-23 20:45:00,263 [ genlib ] [ INFO ] Checking atom 3HG2
2026-04-23 20:45:00,263 [ genlib ] [ INFO ] No partner found for atom 3HG2
2026-04-23 20:45:00,263 [ genlib ] [ INFO ] Searching order 4
2026-04-23 20:45:00,263 [ genlib ] [ INFO ] Searching order 5
2026-04-23 20:45:00,263 [ genlib ] [ INFO ] Searching order 6
2026-04-23 20:45:00,263 [ genlib ] [ INFO ] Searching order 7
2026-04-23 20:45:00,263 [ genlib ] [ INFO ] Updating bond lists
2026-04-23 20:45:00,263 [ genlib ] [ INFO ] Updating dihedrals
2026-04-23 20:45:00,264 [ genlib ] [ INFO ] Updating impropers
2026-04-23 20:45:00,264 [ genlib ] [ INFO ] Building library files for THR --> CYS mutant
2026-04-23 20:45:00,264 [ genlib ] [ INFO ] reading rtp file "aminoacids.rtp"
2026-04-23 20:45:00,303 [ genlib ] [ INFO ] ENTERED SIMPLE
2026-04-23 20:45:00,303 [ genlib ] [ INFO ] Making atom pairs
2026-04-23 20:45:00,303 [ genlib ] [ INFO ] Searching branch 1
2026-04-23 20:45:00,303 [ genlib ] [ INFO ] Searching order 2
2026-04-23 20:45:00,303 [ genlib ] [ INFO ] Checking atom HB
2026-04-23 20:45:00,303 [ genlib ] [ INFO ] Define atom pair: THR|HB|H1|H          - > CYS|1HB|H1|H         (d = 0.01 A)
2026-04-23 20:45:00,303 [ genlib ] [ INFO ] Checking atom OG1
2026-04-23 20:45:00,303 [ genlib ] [ INFO ] Define atom pair: THR|OG1|OH|O.3       - > CYS|SG|SH|S.3        (d = 0.41 A)
2026-04-23 20:45:00,303 [ genlib ] [ INFO ] Checking atom CG2
2026-04-23 20:45:00,303 [ genlib ] [ INFO ] Define atom pair: THR|CG2|CT|C.3       - > CYS|2HB|H1|H         (d = 0.48 A)
2026-04-23 20:45:00,303 [ genlib ] [ INFO ] Searching order 3
2026-04-23 20:45:00,303 [ genlib ] [ INFO ] Checking atom HG1
2026-04-23 20:45:00,303 [ genlib ] [ INFO ] Define atom pair: THR|HG1|HO|H         - > CYS|HG|HS|H          (d = 0.46 A)
2026-04-23 20:45:00,303 [ genlib ] [ INFO ] Checking atom 1HG2
2026-04-23 20:45:00,303 [ genlib ] [ INFO ] No partner found for atom 1HG2
2026-04-23 20:45:00,303 [ genlib ] [ INFO ] Checking atom 2HG2
2026-04-23 20:45:00,303 [ genlib ] [ INFO ] No partner found for atom 2HG2
2026-04-23 20:45:00,303 [ genlib ] [ INFO ] Checking atom 3HG2
2026-04-23 20:45:00,303 [ genlib ] [ INFO ] No partner found for atom 3HG2
2026-04-23 20:45:00,303 [ genlib ] [ INFO ] Searching order 4
2026-04-23 20:45:00,303 [ genlib ] [ INFO ] Searching order 5
2026-04-23 20:45:00,303 [ genlib ] [ INFO ] Searching order 6
2026-04-23 20:45:00,303 [ genlib ] [ INFO ] Searching order 7
2026-04-23 20:45:00,303 [ genlib ] [ INFO ] Searching branch 2
2026-04-23 20:45:00,303 [ genlib ] [ INFO ] Searching order 2
2026-04-23 20:45:00,303 [ genlib ] [ INFO ] Searching order 3
2026-04-23 20:45:00,303 [ genlib ] [ INFO ] Checking atom 1HG2
2026-04-23 20:45:00,303 [ genlib ] [ INFO ] No partner found for atom 1HG2
2026-04-23 20:45:00,303 [ genlib ] [ INFO ] Checking atom 2HG2
2026-04-23 20:45:00,303 [ genlib ] [ INFO ] No partner found for atom 2HG2
2026-04-23 20:45:00,303 [ genlib ] [ INFO ] Checking atom 3HG2
2026-04-23 20:45:00,303 [ genlib ] [ INFO ] No partner found for atom 3HG2
2026-04-23 20:45:00,303 [ genlib ] [ INFO ] Searching order 4
2026-04-23 20:45:00,303 [ genlib ] [ INFO ] Searching order 5
2026-04-23 20:45:00,303 [ genlib ] [ INFO ] Searching order 6
2026-04-23 20:45:00,303 [ genlib ] [ INFO ] Searching order 7
2026-04-23 20:45:00,304 [ genlib ] [ INFO ] Updating bond lists
2026-04-23 20:45:00,304 [ genlib ] [ INFO ] Updating dihedrals
2026-04-23 20:45:00,304 [ genlib ] [ INFO ] Updating impropers
2026-04-23 20:45:00,305 [ genlib ] [ INFO ] Building library files for THR --> GLH mutant
2026-04-23 20:45:00,306 [ genlib ] [ INFO ] reading rtp file "aminoacids.rtp"
2026-04-23 20:45:00,344 [ genlib ] [ INFO ] ENTERED SIMPLE
2026-04-23 20:45:00,344 [ genlib ] [ INFO ] Making atom pairs
2026-04-23 20:45:00,344 [ genlib ] [ INFO ] Searching branch 1
2026-04-23 20:45:00,344 [ genlib ] [ INFO ] Searching order 2
2026-04-23 20:45:00,344 [ genlib ] [ INFO ] Checking atom HB
2026-04-23 20:45:00,344 [ genlib ] [ INFO ] Define atom pair: THR|HB|H1|H          - > GLH|1HB|HC|H         (d = 0.18 A)
2026-04-23 20:45:00,344 [ genlib ] [ INFO ] Checking atom OG1
2026-04-23 20:45:00,344 [ genlib ] [ INFO ] Define atom pair: THR|OG1|OH|O.3       - > GLH|CG|2C|C.3        (d = 0.32 A)
2026-04-23 20:45:00,344 [ genlib ] [ INFO ] Checking atom CG2
2026-04-23 20:45:00,344 [ genlib ] [ INFO ] Define atom pair: THR|CG2|CT|C.3       - > GLH|2HB|HC|H         (d = 0.54 A)
2026-04-23 20:45:00,344 [ genlib ] [ INFO ] Searching order 3
2026-04-23 20:45:00,344 [ genlib ] [ INFO ] Checking atom HG1
2026-04-23 20:45:00,344 [ genlib ] [ INFO ] No partner found for atom HG1
2026-04-23 20:45:00,344 [ genlib ] [ INFO ] Checking atom 1HG2
2026-04-23 20:45:00,344 [ genlib ] [ INFO ] No partner found for atom 1HG2
2026-04-23 20:45:00,344 [ genlib ] [ INFO ] Checking atom 2HG2
2026-04-23 20:45:00,344 [ genlib ] [ INFO ] No partner found for atom 2HG2
2026-04-23 20:45:00,344 [ genlib ] [ INFO ] Checking atom 3HG2
2026-04-23 20:45:00,344 [ genlib ] [ INFO ] No partner found for atom 3HG2
2026-04-23 20:45:00,344 [ genlib ] [ INFO ] Searching order 4
2026-04-23 20:45:00,344 [ genlib ] [ INFO ] Searching order 5
2026-04-23 20:45:00,344 [ genlib ] [ INFO ] Searching order 6
2026-04-23 20:45:00,344 [ genlib ] [ INFO ] Searching order 7
2026-04-23 20:45:00,344 [ genlib ] [ INFO ] Searching branch 2
2026-04-23 20:45:00,344 [ genlib ] [ INFO ] Searching order 2
2026-04-23 20:45:00,344 [ genlib ] [ INFO ] Searching order 3
2026-04-23 20:45:00,344 [ genlib ] [ INFO ] Checking atom HG1
2026-04-23 20:45:00,344 [ genlib ] [ INFO ] No partner found for atom HG1
2026-04-23 20:45:00,344 [ genlib ] [ INFO ] Checking atom 1HG2
2026-04-23 20:45:00,344 [ genlib ] [ INFO ] No partner found for atom 1HG2
2026-04-23 20:45:00,344 [ genlib ] [ INFO ] Checking atom 2HG2
2026-04-23 20:45:00,344 [ genlib ] [ INFO ] No partner found for atom 2HG2
2026-04-23 20:45:00,344 [ genlib ] [ INFO ] Checking atom 3HG2
2026-04-23 20:45:00,344 [ genlib ] [ INFO ] No partner found for atom 3HG2
2026-04-23 20:45:00,344 [ genlib ] [ INFO ] Searching order 4
2026-04-23 20:45:00,344 [ genlib ] [ INFO ] Searching order 5
2026-04-23 20:45:00,344 [ genlib ] [ INFO ] Searching order 6
2026-04-23 20:45:00,344 [ genlib ] [ INFO ] Searching order 7
2026-04-23 20:45:00,346 [ genlib ] [ INFO ] Updating bond lists
2026-04-23 20:45:00,346 [ genlib ] [ INFO ] Updating dihedrals
2026-04-23 20:45:00,346 [ genlib ] [ INFO ] Updating impropers
2026-04-23 20:45:00,347 [ genlib ] [ INFO ] Building library files for THR --> GLN mutant
2026-04-23 20:45:00,347 [ genlib ] [ INFO ] reading rtp file "aminoacids.rtp"
2026-04-23 20:45:00,383 [ genlib ] [ INFO ] ENTERED SIMPLE
2026-04-23 20:45:00,383 [ genlib ] [ INFO ] Making atom pairs
2026-04-23 20:45:00,383 [ genlib ] [ INFO ] Searching branch 1
2026-04-23 20:45:00,383 [ genlib ] [ INFO ] Searching order 2
2026-04-23 20:45:00,383 [ genlib ] [ INFO ] Checking atom HB
2026-04-23 20:45:00,383 [ genlib ] [ INFO ] Define atom pair: THR|HB|H1|H          - > GLN|1HB|HC|H         (d = 0.06 A)
2026-04-23 20:45:00,384 [ genlib ] [ INFO ] Checking atom OG1
2026-04-23 20:45:00,384 [ genlib ] [ INFO ] Define atom pair: THR|OG1|OH|O.3       - > GLN|CG|2C|C.3        (d = 0.19 A)
2026-04-23 20:45:00,384 [ genlib ] [ INFO ] Checking atom CG2
2026-04-23 20:45:00,384 [ genlib ] [ INFO ] Define atom pair: THR|CG2|CT|C.3       - > GLN|2HB|HC|H         (d = 0.47 A)
2026-04-23 20:45:00,384 [ genlib ] [ INFO ] Searching order 3
2026-04-23 20:45:00,384 [ genlib ] [ INFO ] Checking atom HG1
2026-04-23 20:45:00,384 [ genlib ] [ INFO ] No partner found for atom HG1
2026-04-23 20:45:00,384 [ genlib ] [ INFO ] Checking atom 1HG2
2026-04-23 20:45:00,384 [ genlib ] [ INFO ] No partner found for atom 1HG2
2026-04-23 20:45:00,384 [ genlib ] [ INFO ] Checking atom 2HG2
2026-04-23 20:45:00,384 [ genlib ] [ INFO ] No partner found for atom 2HG2
2026-04-23 20:45:00,384 [ genlib ] [ INFO ] Checking atom 3HG2
2026-04-23 20:45:00,384 [ genlib ] [ INFO ] No partner found for atom 3HG2
2026-04-23 20:45:00,384 [ genlib ] [ INFO ] Searching order 4
2026-04-23 20:45:00,384 [ genlib ] [ INFO ] Searching order 5
2026-04-23 20:45:00,384 [ genlib ] [ INFO ] Searching order 6
2026-04-23 20:45:00,384 [ genlib ] [ INFO ] Searching order 7
2026-04-23 20:45:00,384 [ genlib ] [ INFO ] Searching branch 2
2026-04-23 20:45:00,384 [ genlib ] [ INFO ] Searching order 2
2026-04-23 20:45:00,384 [ genlib ] [ INFO ] Searching order 3
2026-04-23 20:45:00,384 [ genlib ] [ INFO ] Checking atom HG1
2026-04-23 20:45:00,384 [ genlib ] [ INFO ] No partner found for atom HG1
2026-04-23 20:45:00,384 [ genlib ] [ INFO ] Checking atom 1HG2
2026-04-23 20:45:00,384 [ genlib ] [ INFO ] No partner found for atom 1HG2
2026-04-23 20:45:00,384 [ genlib ] [ INFO ] Checking atom 2HG2
2026-04-23 20:45:00,384 [ genlib ] [ INFO ] No partner found for atom 2HG2
2026-04-23 20:45:00,384 [ genlib ] [ INFO ] Checking atom 3HG2
2026-04-23 20:45:00,384 [ genlib ] [ INFO ] No partner found for atom 3HG2
2026-04-23 20:45:00,384 [ genlib ] [ INFO ] Searching order 4
2026-04-23 20:45:00,384 [ genlib ] [ INFO ] Searching order 5
2026-04-23 20:45:00,384 [ genlib ] [ INFO ] Searching order 6
2026-04-23 20:45:00,384 [ genlib ] [ INFO ] Searching order 7
2026-04-23 20:45:00,387 [ genlib ] [ INFO ] Updating bond lists
2026-04-23 20:45:00,387 [ genlib ] [ INFO ] Updating dihedrals
2026-04-23 20:45:00,387 [ genlib ] [ INFO ] Updating impropers
2026-04-23 20:45:00,387 [ genlib ] [ INFO ] Building library files for THR --> GLU mutant
2026-04-23 20:45:00,388 [ genlib ] [ INFO ] reading rtp file "aminoacids.rtp"
2026-04-23 20:45:00,424 [ genlib ] [ INFO ] ENTERED SIMPLE
2026-04-23 20:45:00,424 [ genlib ] [ INFO ] Making atom pairs
2026-04-23 20:45:00,424 [ genlib ] [ INFO ] Searching branch 1
2026-04-23 20:45:00,424 [ genlib ] [ INFO ] Searching order 2
2026-04-23 20:45:00,424 [ genlib ] [ INFO ] Checking atom HB
2026-04-23 20:45:00,424 [ genlib ] [ INFO ] Define atom pair: THR|HB|H1|H          - > GLU|1HB|HC|H         (d = 0.15 A)
2026-04-23 20:45:00,424 [ genlib ] [ INFO ] Checking atom OG1
2026-04-23 20:45:00,424 [ genlib ] [ INFO ] Define atom pair: THR|OG1|OH|O.3       - > GLU|CG|2C|C.3        (d = 0.32 A)
2026-04-23 20:45:00,424 [ genlib ] [ INFO ] Checking atom CG2
2026-04-23 20:45:00,424 [ genlib ] [ INFO ] Define atom pair: THR|CG2|CT|C.3       - > GLU|2HB|HC|H         (d = 0.47 A)
2026-04-23 20:45:00,424 [ genlib ] [ INFO ] Searching order 3
2026-04-23 20:45:00,424 [ genlib ] [ INFO ] Checking atom HG1
2026-04-23 20:45:00,424 [ genlib ] [ INFO ] No partner found for atom HG1
2026-04-23 20:45:00,424 [ genlib ] [ INFO ] Checking atom 1HG2
2026-04-23 20:45:00,424 [ genlib ] [ INFO ] No partner found for atom 1HG2
2026-04-23 20:45:00,424 [ genlib ] [ INFO ] Checking atom 2HG2
2026-04-23 20:45:00,424 [ genlib ] [ INFO ] No partner found for atom 2HG2
2026-04-23 20:45:00,424 [ genlib ] [ INFO ] Checking atom 3HG2
2026-04-23 20:45:00,424 [ genlib ] [ INFO ] No partner found for atom 3HG2
2026-04-23 20:45:00,424 [ genlib ] [ INFO ] Searching order 4
2026-04-23 20:45:00,424 [ genlib ] [ INFO ] Searching order 5
2026-04-23 20:45:00,424 [ genlib ] [ INFO ] Searching order 6
2026-04-23 20:45:00,424 [ genlib ] [ INFO ] Searching order 7
2026-04-23 20:45:00,424 [ genlib ] [ INFO ] Searching branch 2
2026-04-23 20:45:00,424 [ genlib ] [ INFO ] Searching order 2
2026-04-23 20:45:00,424 [ genlib ] [ INFO ] Searching order 3
2026-04-23 20:45:00,424 [ genlib ] [ INFO ] Checking atom HG1
2026-04-23 20:45:00,424 [ genlib ] [ INFO ] No partner found for atom HG1
2026-04-23 20:45:00,424 [ genlib ] [ INFO ] Checking atom 1HG2
2026-04-23 20:45:00,424 [ genlib ] [ INFO ] No partner found for atom 1HG2
2026-04-23 20:45:00,424 [ genlib ] [ INFO ] Checking atom 2HG2
2026-04-23 20:45:00,424 [ genlib ] [ INFO ] No partner found for atom 2HG2
2026-04-23 20:45:00,424 [ genlib ] [ INFO ] Checking atom 3HG2
2026-04-23 20:45:00,424 [ genlib ] [ INFO ] No partner found for atom 3HG2
2026-04-23 20:45:00,424 [ genlib ] [ INFO ] Searching order 4
2026-04-23 20:45:00,424 [ genlib ] [ INFO ] Searching order 5
2026-04-23 20:45:00,424 [ genlib ] [ INFO ] Searching order 6
2026-04-23 20:45:00,424 [ genlib ] [ INFO ] Searching order 7
2026-04-23 20:45:00,427 [ genlib ] [ INFO ] Updating bond lists
2026-04-23 20:45:00,427 [ genlib ] [ INFO ] Updating dihedrals
2026-04-23 20:45:00,427 [ genlib ] [ INFO ] Updating impropers
2026-04-23 20:45:00,428 [ genlib ] [ INFO ] Building library files for THR --> GLY mutant
2026-04-23 20:45:00,428 [ genlib ] [ INFO ] reading rtp file "aminoacids.rtp"
2026-04-23 20:45:00,463 [ genlib ] [ INFO ] ENTERED G
2026-04-23 20:45:00,463 [ genlib ] [ INFO ] Making atom pairs
2026-04-23 20:45:00,464 [ genlib ] [ INFO ] Updating bond lists
2026-04-23 20:45:00,464 [ genlib ] [ INFO ] Updating dihedrals
2026-04-23 20:45:00,464 [ genlib ] [ INFO ] Updating impropers
2026-04-23 20:45:00,464 [ genlib ] [ INFO ] Building library files for THR --> HID mutant
2026-04-23 20:45:00,465 [ genlib ] [ INFO ] reading rtp file "aminoacids.rtp"
2026-04-23 20:45:00,501 [ genlib ] [ INFO ] ENTERED T,A,V,I
2026-04-23 20:45:00,501 [ genlib ] [ INFO ] Making atom pairs
2026-04-23 20:45:00,504 [ genlib ] [ INFO ] Updating bond lists
2026-04-23 20:45:00,504 [ genlib ] [ INFO ] Updating dihedrals
2026-04-23 20:45:00,504 [ genlib ] [ INFO ] Updating impropers
2026-04-23 20:45:00,505 [ genlib ] [ INFO ] Building library files for THR --> HIE mutant
2026-04-23 20:45:00,506 [ genlib ] [ INFO ] reading rtp file "aminoacids.rtp"
2026-04-23 20:45:00,541 [ genlib ] [ INFO ] ENTERED T,A,V,I
2026-04-23 20:45:00,541 [ genlib ] [ INFO ] Making atom pairs
2026-04-23 20:45:00,545 [ genlib ] [ INFO ] Updating bond lists
2026-04-23 20:45:00,545 [ genlib ] [ INFO ] Updating dihedrals
2026-04-23 20:45:00,545 [ genlib ] [ INFO ] Updating impropers
2026-04-23 20:45:00,545 [ genlib ] [ INFO ] Building library files for THR --> HIP mutant
2026-04-23 20:45:00,546 [ genlib ] [ INFO ] reading rtp file "aminoacids.rtp"
2026-04-23 20:45:00,581 [ genlib ] [ INFO ] ENTERED T,A,V,I
2026-04-23 20:45:00,581 [ genlib ] [ INFO ] Making atom pairs
2026-04-23 20:45:00,586 [ genlib ] [ INFO ] Updating bond lists
2026-04-23 20:45:00,586 [ genlib ] [ INFO ] Updating dihedrals
2026-04-23 20:45:00,586 [ genlib ] [ INFO ] Updating impropers
2026-04-23 20:45:00,586 [ genlib ] [ INFO ] Building library files for THR --> ILE mutant
2026-04-23 20:45:00,587 [ genlib ] [ INFO ] reading rtp file "aminoacids.rtp"
2026-04-23 20:45:00,638 [ genlib ] [ INFO ] ENTERED SIMPLE
2026-04-23 20:45:00,638 [ genlib ] [ INFO ] Making atom pairs
2026-04-23 20:45:00,638 [ genlib ] [ INFO ] Searching branch 1
2026-04-23 20:45:00,639 [ genlib ] [ INFO ] Searching order 2
2026-04-23 20:45:00,639 [ genlib ] [ INFO ] Checking atom HB
2026-04-23 20:45:00,639 [ genlib ] [ INFO ] Define atom pair: THR|HB|H1|H          - > ILE|HB|HC|H          (d = 0.09 A)
2026-04-23 20:45:00,639 [ genlib ] [ INFO ] Checking atom OG1
2026-04-23 20:45:00,639 [ genlib ] [ INFO ] Define atom pair: THR|OG1|OH|O.3       - > ILE|CG1|2C|C.3       (d = 0.22 A)
2026-04-23 20:45:00,639 [ genlib ] [ INFO ] Checking atom CG2
2026-04-23 20:45:00,639 [ genlib ] [ INFO ] Define atom pair: THR|CG2|CT|C.3       - > ILE|CG2|CT|C.3       (d = 0.25 A)
2026-04-23 20:45:00,639 [ genlib ] [ INFO ] Searching order 3
2026-04-23 20:45:00,639 [ genlib ] [ INFO ] Checking atom HG1
2026-04-23 20:45:00,639 [ genlib ] [ INFO ] No partner found for atom HG1
2026-04-23 20:45:00,639 [ genlib ] [ INFO ] Checking atom 1HG2
2026-04-23 20:45:00,639 [ genlib ] [ INFO ] Define atom pair: THR|1HG2|HC|H        - > ILE|1HG2|HC|H        (d = 0.34 A)
2026-04-23 20:45:00,639 [ genlib ] [ INFO ] Checking atom 2HG2
2026-04-23 20:45:00,639 [ genlib ] [ INFO ] Define atom pair: THR|2HG2|HC|H        - > ILE|2HG2|HC|H        (d = 0.33 A)
2026-04-23 20:45:00,639 [ genlib ] [ INFO ] Checking atom 3HG2
2026-04-23 20:45:00,639 [ genlib ] [ INFO ] Define atom pair: THR|3HG2|HC|H        - > ILE|3HG2|HC|H        (d = 0.32 A)
2026-04-23 20:45:00,639 [ genlib ] [ INFO ] Searching order 4
2026-04-23 20:45:00,639 [ genlib ] [ INFO ] Searching order 5
2026-04-23 20:45:00,639 [ genlib ] [ INFO ] Searching order 6
2026-04-23 20:45:00,639 [ genlib ] [ INFO ] Searching order 7
2026-04-23 20:45:00,639 [ genlib ] [ INFO ] Searching branch 2
2026-04-23 20:45:00,639 [ genlib ] [ INFO ] Searching order 2
2026-04-23 20:45:00,639 [ genlib ] [ INFO ] Searching order 3
2026-04-23 20:45:00,639 [ genlib ] [ INFO ] Checking atom HG1
2026-04-23 20:45:00,639 [ genlib ] [ INFO ] No partner found for atom HG1
2026-04-23 20:45:00,639 [ genlib ] [ INFO ] Searching order 4
2026-04-23 20:45:00,639 [ genlib ] [ INFO ] Searching order 5
2026-04-23 20:45:00,639 [ genlib ] [ INFO ] Searching order 6
2026-04-23 20:45:00,639 [ genlib ] [ INFO ] Searching order 7
2026-04-23 20:45:00,642 [ genlib ] [ INFO ] Updating bond lists
2026-04-23 20:45:00,644 [ genlib ] [ INFO ] Updating dihedrals
2026-04-23 20:45:00,644 [ genlib ] [ INFO ] Updating impropers
2026-04-23 20:45:00,645 [ genlib ] [ INFO ] Building library files for THR --> LEU mutant
2026-04-23 20:45:00,646 [ genlib ] [ INFO ] reading rtp file "aminoacids.rtp"
2026-04-23 20:45:00,689 [ genlib ] [ INFO ] ENTERED SIMPLE
2026-04-23 20:45:00,689 [ genlib ] [ INFO ] Making atom pairs
2026-04-23 20:45:00,689 [ genlib ] [ INFO ] Searching branch 1
2026-04-23 20:45:00,689 [ genlib ] [ INFO ] Searching order 2
2026-04-23 20:45:00,689 [ genlib ] [ INFO ] Checking atom HB
2026-04-23 20:45:00,689 [ genlib ] [ INFO ] Define atom pair: THR|HB|H1|H          - > LEU|1HB|HC|H         (d = 0.12 A)
2026-04-23 20:45:00,689 [ genlib ] [ INFO ] Checking atom OG1
2026-04-23 20:45:00,689 [ genlib ] [ INFO ] Define atom pair: THR|OG1|OH|O.3       - > LEU|CG|3C|C.3        (d = 0.28 A)
2026-04-23 20:45:00,689 [ genlib ] [ INFO ] Checking atom CG2
2026-04-23 20:45:00,689 [ genlib ] [ INFO ] Define atom pair: THR|CG2|CT|C.3       - > LEU|2HB|HC|H         (d = 0.50 A)
2026-04-23 20:45:00,689 [ genlib ] [ INFO ] Searching order 3
2026-04-23 20:45:00,689 [ genlib ] [ INFO ] Checking atom HG1
2026-04-23 20:45:00,689 [ genlib ] [ INFO ] No partner found for atom HG1
2026-04-23 20:45:00,689 [ genlib ] [ INFO ] Checking atom 1HG2
2026-04-23 20:45:00,689 [ genlib ] [ INFO ] No partner found for atom 1HG2
2026-04-23 20:45:00,689 [ genlib ] [ INFO ] Checking atom 2HG2
2026-04-23 20:45:00,689 [ genlib ] [ INFO ] No partner found for atom 2HG2
2026-04-23 20:45:00,689 [ genlib ] [ INFO ] Checking atom 3HG2
2026-04-23 20:45:00,689 [ genlib ] [ INFO ] No partner found for atom 3HG2
2026-04-23 20:45:00,689 [ genlib ] [ INFO ] Searching order 4
2026-04-23 20:45:00,689 [ genlib ] [ INFO ] Searching order 5
2026-04-23 20:45:00,689 [ genlib ] [ INFO ] Searching order 6
2026-04-23 20:45:00,689 [ genlib ] [ INFO ] Searching order 7
2026-04-23 20:45:00,689 [ genlib ] [ INFO ] Searching branch 2
2026-04-23 20:45:00,689 [ genlib ] [ INFO ] Searching order 2
2026-04-23 20:45:00,689 [ genlib ] [ INFO ] Searching order 3
2026-04-23 20:45:00,689 [ genlib ] [ INFO ] Checking atom HG1
2026-04-23 20:45:00,689 [ genlib ] [ INFO ] No partner found for atom HG1
2026-04-23 20:45:00,689 [ genlib ] [ INFO ] Checking atom 1HG2
2026-04-23 20:45:00,689 [ genlib ] [ INFO ] No partner found for atom 1HG2
2026-04-23 20:45:00,689 [ genlib ] [ INFO ] Checking atom 2HG2
2026-04-23 20:45:00,689 [ genlib ] [ INFO ] No partner found for atom 2HG2
2026-04-23 20:45:00,689 [ genlib ] [ INFO ] Checking atom 3HG2
2026-04-23 20:45:00,689 [ genlib ] [ INFO ] No partner found for atom 3HG2
2026-04-23 20:45:00,689 [ genlib ] [ INFO ] Searching order 4
2026-04-23 20:45:00,689 [ genlib ] [ INFO ] Searching order 5
2026-04-23 20:45:00,690 [ genlib ] [ INFO ] Searching order 6
2026-04-23 20:45:00,690 [ genlib ] [ INFO ] Searching order 7
2026-04-23 20:45:00,695 [ genlib ] [ INFO ] Updating bond lists
2026-04-23 20:45:00,695 [ genlib ] [ INFO ] Updating dihedrals
2026-04-23 20:45:00,695 [ genlib ] [ INFO ] Updating impropers
2026-04-23 20:45:00,695 [ genlib ] [ INFO ] Building library files for THR --> LYN mutant
2026-04-23 20:45:00,696 [ genlib ] [ INFO ] reading rtp file "aminoacids.rtp"
2026-04-23 20:45:00,738 [ genlib ] [ INFO ] ENTERED SIMPLE
2026-04-23 20:45:00,738 [ genlib ] [ INFO ] Making atom pairs
2026-04-23 20:45:00,738 [ genlib ] [ INFO ] Searching branch 1
2026-04-23 20:45:00,738 [ genlib ] [ INFO ] Searching order 2
2026-04-23 20:45:00,738 [ genlib ] [ INFO ] Checking atom HB
2026-04-23 20:45:00,738 [ genlib ] [ INFO ] Define atom pair: THR|HB|H1|H          - > LYN|1HB|HC|H         (d = 0.10 A)
2026-04-23 20:45:00,738 [ genlib ] [ INFO ] Checking atom OG1
2026-04-23 20:45:00,738 [ genlib ] [ INFO ] Define atom pair: THR|OG1|OH|O.3       - > LYN|CG|CT|C.3        (d = 0.20 A)
2026-04-23 20:45:00,738 [ genlib ] [ INFO ] Checking atom CG2
2026-04-23 20:45:00,738 [ genlib ] [ INFO ] No partner found for atom CG2
2026-04-23 20:45:00,738 [ genlib ] [ INFO ] Searching order 3
2026-04-23 20:45:00,738 [ genlib ] [ INFO ] Checking atom HG1
2026-04-23 20:45:00,738 [ genlib ] [ INFO ] No partner found for atom HG1
2026-04-23 20:45:00,738 [ genlib ] [ INFO ] Searching order 4
2026-04-23 20:45:00,738 [ genlib ] [ INFO ] Searching order 5
2026-04-23 20:45:00,738 [ genlib ] [ INFO ] Searching order 6
2026-04-23 20:45:00,738 [ genlib ] [ INFO ] Searching order 7
2026-04-23 20:45:00,738 [ genlib ] [ INFO ] Searching branch 2
2026-04-23 20:45:00,738 [ genlib ] [ INFO ] Searching order 2
2026-04-23 20:45:00,738 [ genlib ] [ INFO ] Checking atom CG2
2026-04-23 20:45:00,738 [ genlib ] [ INFO ] No partner found for atom CG2
2026-04-23 20:45:00,738 [ genlib ] [ INFO ] Searching order 3
2026-04-23 20:45:00,738 [ genlib ] [ INFO ] Checking atom HG1
2026-04-23 20:45:00,738 [ genlib ] [ INFO ] No partner found for atom HG1
2026-04-23 20:45:00,738 [ genlib ] [ INFO ] Searching order 4
2026-04-23 20:45:00,738 [ genlib ] [ INFO ] Searching order 5
2026-04-23 20:45:00,738 [ genlib ] [ INFO ] Searching order 6
2026-04-23 20:45:00,738 [ genlib ] [ INFO ] Searching order 7
2026-04-23 20:45:00,745 [ genlib ] [ INFO ] Updating bond lists
2026-04-23 20:45:00,745 [ genlib ] [ INFO ] Updating dihedrals
2026-04-23 20:45:00,745 [ genlib ] [ INFO ] Updating impropers
2026-04-23 20:45:00,745 [ genlib ] [ INFO ] Building library files for THR --> LYS mutant
2026-04-23 20:45:00,746 [ genlib ] [ INFO ] reading rtp file "aminoacids.rtp"
2026-04-23 20:45:00,787 [ genlib ] [ INFO ] ENTERED SIMPLE
2026-04-23 20:45:00,787 [ genlib ] [ INFO ] Making atom pairs
2026-04-23 20:45:00,787 [ genlib ] [ INFO ] Searching branch 1
2026-04-23 20:45:00,787 [ genlib ] [ INFO ] Searching order 2
2026-04-23 20:45:00,787 [ genlib ] [ INFO ] Checking atom HB
2026-04-23 20:45:00,787 [ genlib ] [ INFO ] Define atom pair: THR|HB|H1|H          - > LYS|1HB|HC|H         (d = 0.03 A)
2026-04-23 20:45:00,787 [ genlib ] [ INFO ] Checking atom OG1
2026-04-23 20:45:00,787 [ genlib ] [ INFO ] Define atom pair: THR|OG1|OH|O.3       - > LYS|CG|C8|C.3        (d = 0.20 A)
2026-04-23 20:45:00,787 [ genlib ] [ INFO ] Checking atom CG2
2026-04-23 20:45:00,787 [ genlib ] [ INFO ] Define atom pair: THR|CG2|CT|C.3       - > LYS|2HB|HC|H         (d = 0.48 A)
2026-04-23 20:45:00,787 [ genlib ] [ INFO ] Searching order 3
2026-04-23 20:45:00,787 [ genlib ] [ INFO ] Checking atom HG1
2026-04-23 20:45:00,787 [ genlib ] [ INFO ] No partner found for atom HG1
2026-04-23 20:45:00,787 [ genlib ] [ INFO ] Checking atom 1HG2
2026-04-23 20:45:00,787 [ genlib ] [ INFO ] No partner found for atom 1HG2
2026-04-23 20:45:00,787 [ genlib ] [ INFO ] Checking atom 2HG2
2026-04-23 20:45:00,787 [ genlib ] [ INFO ] No partner found for atom 2HG2
2026-04-23 20:45:00,787 [ genlib ] [ INFO ] Checking atom 3HG2
2026-04-23 20:45:00,787 [ genlib ] [ INFO ] No partner found for atom 3HG2
2026-04-23 20:45:00,787 [ genlib ] [ INFO ] Searching order 4
2026-04-23 20:45:00,787 [ genlib ] [ INFO ] Searching order 5
2026-04-23 20:45:00,787 [ genlib ] [ INFO ] Searching order 6
2026-04-23 20:45:00,787 [ genlib ] [ INFO ] Searching order 7
2026-04-23 20:45:00,787 [ genlib ] [ INFO ] Searching branch 2
2026-04-23 20:45:00,787 [ genlib ] [ INFO ] Searching order 2
2026-04-23 20:45:00,787 [ genlib ] [ INFO ] Searching order 3
2026-04-23 20:45:00,787 [ genlib ] [ INFO ] Checking atom HG1
2026-04-23 20:45:00,787 [ genlib ] [ INFO ] No partner found for atom HG1
2026-04-23 20:45:00,787 [ genlib ] [ INFO ] Checking atom 1HG2
2026-04-23 20:45:00,787 [ genlib ] [ INFO ] No partner found for atom 1HG2
2026-04-23 20:45:00,787 [ genlib ] [ INFO ] Checking atom 2HG2
2026-04-23 20:45:00,787 [ genlib ] [ INFO ] No partner found for atom 2HG2
2026-04-23 20:45:00,787 [ genlib ] [ INFO ] Checking atom 3HG2
2026-04-23 20:45:00,787 [ genlib ] [ INFO ] No partner found for atom 3HG2
2026-04-23 20:45:00,787 [ genlib ] [ INFO ] Searching order 4
2026-04-23 20:45:00,787 [ genlib ] [ INFO ] Searching order 5
2026-04-23 20:45:00,787 [ genlib ] [ INFO ] Searching order 6
2026-04-23 20:45:00,787 [ genlib ] [ INFO ] Searching order 7
2026-04-23 20:45:00,793 [ genlib ] [ INFO ] Updating bond lists
2026-04-23 20:45:00,793 [ genlib ] [ INFO ] Updating dihedrals
2026-04-23 20:45:00,793 [ genlib ] [ INFO ] Updating impropers
2026-04-23 20:45:00,793 [ genlib ] [ INFO ] Building library files for THR --> MET mutant
2026-04-23 20:45:00,794 [ genlib ] [ INFO ] reading rtp file "aminoacids.rtp"
2026-04-23 20:45:00,977 [ genlib ] [ INFO ] ENTERED SIMPLE
2026-04-23 20:45:00,977 [ genlib ] [ INFO ] Making atom pairs
2026-04-23 20:45:00,977 [ genlib ] [ INFO ] Searching branch 1
2026-04-23 20:45:00,977 [ genlib ] [ INFO ] Searching order 2
2026-04-23 20:45:00,977 [ genlib ] [ INFO ] Checking atom HB
2026-04-23 20:45:00,977 [ genlib ] [ INFO ] Define atom pair: THR|HB|H1|H          - > MET|1HB|HC|H         (d = 0.09 A)
2026-04-23 20:45:00,977 [ genlib ] [ INFO ] Checking atom OG1
2026-04-23 20:45:00,977 [ genlib ] [ INFO ] Define atom pair: THR|OG1|OH|O.3       - > MET|CG|2C|C.3        (d = 0.18 A)
2026-04-23 20:45:00,978 [ genlib ] [ INFO ] Checking atom CG2
2026-04-23 20:45:00,978 [ genlib ] [ INFO ] Define atom pair: THR|CG2|CT|C.3       - > MET|2HB|HC|H         (d = 0.49 A)
2026-04-23 20:45:00,978 [ genlib ] [ INFO ] Searching order 3
2026-04-23 20:45:00,978 [ genlib ] [ INFO ] Checking atom HG1
2026-04-23 20:45:00,978 [ genlib ] [ INFO ] No partner found for atom HG1
2026-04-23 20:45:00,978 [ genlib ] [ INFO ] Checking atom 1HG2
2026-04-23 20:45:00,978 [ genlib ] [ INFO ] No partner found for atom 1HG2
2026-04-23 20:45:00,978 [ genlib ] [ INFO ] Checking atom 2HG2
2026-04-23 20:45:00,978 [ genlib ] [ INFO ] No partner found for atom 2HG2
2026-04-23 20:45:00,978 [ genlib ] [ INFO ] Checking atom 3HG2
2026-04-23 20:45:00,978 [ genlib ] [ INFO ] No partner found for atom 3HG2
2026-04-23 20:45:00,978 [ genlib ] [ INFO ] Searching order 4
2026-04-23 20:45:00,978 [ genlib ] [ INFO ] Searching order 5
2026-04-23 20:45:00,978 [ genlib ] [ INFO ] Searching order 6
2026-04-23 20:45:00,978 [ genlib ] [ INFO ] Searching order 7
2026-04-23 20:45:00,978 [ genlib ] [ INFO ] Searching branch 2
2026-04-23 20:45:00,978 [ genlib ] [ INFO ] Searching order 2
2026-04-23 20:45:00,978 [ genlib ] [ INFO ] Searching order 3
2026-04-23 20:45:00,978 [ genlib ] [ INFO ] Checking atom HG1
2026-04-23 20:45:00,978 [ genlib ] [ INFO ] No partner found for atom HG1
2026-04-23 20:45:00,978 [ genlib ] [ INFO ] Checking atom 1HG2
2026-04-23 20:45:00,978 [ genlib ] [ INFO ] No partner found for atom 1HG2
2026-04-23 20:45:00,978 [ genlib ] [ INFO ] Checking atom 2HG2
2026-04-23 20:45:00,979 [ genlib ] [ INFO ] No partner found for atom 2HG2
2026-04-23 20:45:00,979 [ genlib ] [ INFO ] Checking atom 3HG2
2026-04-23 20:45:00,979 [ genlib ] [ INFO ] No partner found for atom 3HG2
2026-04-23 20:45:00,979 [ genlib ] [ INFO ] Searching order 4
2026-04-23 20:45:00,979 [ genlib ] [ INFO ] Searching order 5
2026-04-23 20:45:00,979 [ genlib ] [ INFO ] Searching order 6
2026-04-23 20:45:00,979 [ genlib ] [ INFO ] Searching order 7
2026-04-23 20:45:01,013 [ genlib ] [ INFO ] Updating bond lists
2026-04-23 20:45:01,013 [ genlib ] [ INFO ] Updating dihedrals
2026-04-23 20:45:01,013 [ genlib ] [ INFO ] Updating impropers
2026-04-23 20:45:01,017 [ genlib ] [ INFO ] Building library files for THR --> PHE mutant
2026-04-23 20:45:01,020 [ genlib ] [ INFO ] reading rtp file "aminoacids.rtp"
2026-04-23 20:45:01,160 [ genlib ] [ INFO ] ENTERED T,A,V,I
2026-04-23 20:45:01,160 [ genlib ] [ INFO ] Making atom pairs
2026-04-23 20:45:01,185 [ genlib ] [ INFO ] Updating bond lists
2026-04-23 20:45:01,186 [ genlib ] [ INFO ] Updating dihedrals
2026-04-23 20:45:01,186 [ genlib ] [ INFO ] Updating impropers
2026-04-23 20:45:01,187 [ genlib ] [ INFO ] Building library files for THR --> PRO mutant
2026-04-23 20:45:01,190 [ genlib ] [ INFO ] reading rtp file "aminoacids.rtp"
2026-04-23 20:45:01,277 [ genlib ] [ INFO ] ENTERED P
2026-04-23 20:45:01,277 [ genlib ] [ INFO ] Making atom pairs
2026-04-23 20:45:01,283 [ genlib ] [ INFO ] Updating bond lists
2026-04-23 20:45:01,284 [ genlib ] [ INFO ] Updating dihedrals
2026-04-23 20:45:01,284 [ genlib ] [ INFO ] Updating impropers
2026-04-23 20:45:01,284 [ genlib ] [ INFO ] Building library files for THR --> SER mutant
2026-04-23 20:45:01,285 [ genlib ] [ INFO ] reading rtp file "aminoacids.rtp"
2026-04-23 20:45:01,327 [ genlib ] [ INFO ] ENTERED SIMPLE
2026-04-23 20:45:01,327 [ genlib ] [ INFO ] Making atom pairs
2026-04-23 20:45:01,327 [ genlib ] [ INFO ] Searching branch 1
2026-04-23 20:45:01,327 [ genlib ] [ INFO ] Searching order 2
2026-04-23 20:45:01,327 [ genlib ] [ INFO ] Checking atom HB
2026-04-23 20:45:01,327 [ genlib ] [ INFO ] Define atom pair: THR|HB|H1|H          - > SER|1HB|H1|H         (d = 0.10 A)
2026-04-23 20:45:01,327 [ genlib ] [ INFO ] Checking atom OG1
2026-04-23 20:45:01,328 [ genlib ] [ INFO ] Define atom pair: THR|OG1|OH|O.3       - > SER|OG|OH|O.3        (d = 0.18 A)
2026-04-23 20:45:01,328 [ genlib ] [ INFO ] Checking atom CG2
2026-04-23 20:45:01,328 [ genlib ] [ INFO ] Define atom pair: THR|CG2|CT|C.3       - > SER|2HB|H1|H         (d = 0.45 A)
2026-04-23 20:45:01,328 [ genlib ] [ INFO ] Searching order 3
2026-04-23 20:45:01,328 [ genlib ] [ INFO ] Checking atom HG1
2026-04-23 20:45:01,328 [ genlib ] [ INFO ] Define atom pair: THR|HG1|HO|H         - > SER|HG|HO|H          (d = 0.21 A)
2026-04-23 20:45:01,328 [ genlib ] [ INFO ] Checking atom 1HG2
2026-04-23 20:45:01,328 [ genlib ] [ INFO ] No partner found for atom 1HG2
2026-04-23 20:45:01,328 [ genlib ] [ INFO ] Checking atom 2HG2
2026-04-23 20:45:01,328 [ genlib ] [ INFO ] No partner found for atom 2HG2
2026-04-23 20:45:01,328 [ genlib ] [ INFO ] Checking atom 3HG2
2026-04-23 20:45:01,328 [ genlib ] [ INFO ] No partner found for atom 3HG2
2026-04-23 20:45:01,328 [ genlib ] [ INFO ] Searching order 4
2026-04-23 20:45:01,328 [ genlib ] [ INFO ] Searching order 5
2026-04-23 20:45:01,328 [ genlib ] [ INFO ] Searching order 6
2026-04-23 20:45:01,328 [ genlib ] [ INFO ] Searching order 7
2026-04-23 20:45:01,328 [ genlib ] [ INFO ] Searching branch 2
2026-04-23 20:45:01,328 [ genlib ] [ INFO ] Searching order 2
2026-04-23 20:45:01,328 [ genlib ] [ INFO ] Searching order 3
2026-04-23 20:45:01,328 [ genlib ] [ INFO ] Checking atom 1HG2
2026-04-23 20:45:01,328 [ genlib ] [ INFO ] No partner found for atom 1HG2
2026-04-23 20:45:01,328 [ genlib ] [ INFO ] Checking atom 2HG2
2026-04-23 20:45:01,329 [ genlib ] [ INFO ] No partner found for atom 2HG2
2026-04-23 20:45:01,329 [ genlib ] [ INFO ] Checking atom 3HG2
2026-04-23 20:45:01,329 [ genlib ] [ INFO ] No partner found for atom 3HG2
2026-04-23 20:45:01,329 [ genlib ] [ INFO ] Searching order 4
2026-04-23 20:45:01,329 [ genlib ] [ INFO ] Searching order 5
2026-04-23 20:45:01,329 [ genlib ] [ INFO ] Searching order 6
2026-04-23 20:45:01,329 [ genlib ] [ INFO ] Searching order 7
2026-04-23 20:45:01,329 [ genlib ] [ INFO ] Updating bond lists
2026-04-23 20:45:01,329 [ genlib ] [ INFO ] Updating dihedrals
2026-04-23 20:45:01,329 [ genlib ] [ INFO ] Updating impropers
2026-04-23 20:45:01,330 [ genlib ] [ INFO ] Building library files for THR --> TRP mutant
2026-04-23 20:45:01,331 [ genlib ] [ INFO ] reading rtp file "aminoacids.rtp"
2026-04-23 20:45:01,412 [ genlib ] [ INFO ] ENTERED T,A,V,I
2026-04-23 20:45:01,412 [ genlib ] [ INFO ] Making atom pairs
2026-04-23 20:45:01,427 [ genlib ] [ INFO ] Updating bond lists
2026-04-23 20:45:01,427 [ genlib ] [ INFO ] Updating dihedrals
2026-04-23 20:45:01,427 [ genlib ] [ INFO ] Updating impropers
2026-04-23 20:45:01,428 [ genlib ] [ INFO ] Building library files for THR --> TYR mutant
2026-04-23 20:45:01,428 [ genlib ] [ INFO ] reading rtp file "aminoacids.rtp"
2026-04-23 20:45:01,471 [ genlib ] [ INFO ] ENTERED T,A,V,I
2026-04-23 20:45:01,471 [ genlib ] [ INFO ] Making atom pairs
2026-04-23 20:45:01,482 [ genlib ] [ INFO ] Updating bond lists
2026-04-23 20:45:01,482 [ genlib ] [ INFO ] Updating dihedrals
2026-04-23 20:45:01,482 [ genlib ] [ INFO ] Updating impropers
2026-04-23 20:45:01,482 [ genlib ] [ INFO ] Building library files for THR --> VAL mutant
2026-04-23 20:45:01,483 [ genlib ] [ INFO ] reading rtp file "aminoacids.rtp"
2026-04-23 20:45:01,521 [ genlib ] [ INFO ] ENTERED SIMPLE
2026-04-23 20:45:01,521 [ genlib ] [ INFO ] Making atom pairs
2026-04-23 20:45:01,521 [ genlib ] [ INFO ] Searching branch 1
2026-04-23 20:45:01,521 [ genlib ] [ INFO ] Searching order 2
2026-04-23 20:45:01,521 [ genlib ] [ INFO ] Checking atom HB
2026-04-23 20:45:01,521 [ genlib ] [ INFO ] Define atom pair: THR|HB|H1|H          - > VAL|HB|HC|H          (d = 0.05 A)
2026-04-23 20:45:01,521 [ genlib ] [ INFO ] Checking atom OG1
2026-04-23 20:45:01,521 [ genlib ] [ INFO ] Define atom pair: THR|OG1|OH|O.3       - > VAL|CG2|CT|C.3       (d = 0.19 A)
2026-04-23 20:45:01,521 [ genlib ] [ INFO ] Checking atom CG2
2026-04-23 20:45:01,521 [ genlib ] [ INFO ] Define atom pair: THR|CG2|CT|C.3       - > VAL|CG1|CT|C.3       (d = 0.21 A)
2026-04-23 20:45:01,521 [ genlib ] [ INFO ] Searching order 3
2026-04-23 20:45:01,521 [ genlib ] [ INFO ] Checking atom HG1
2026-04-23 20:45:01,521 [ genlib ] [ INFO ] Define atom pair: THR|HG1|HO|H         - > VAL|1HG2|HC|H        (d = 0.28 A)
2026-04-23 20:45:01,521 [ genlib ] [ INFO ] Checking atom 1HG2
2026-04-23 20:45:01,521 [ genlib ] [ INFO ] Define atom pair: THR|1HG2|HC|H        - > VAL|1HG1|HC|H        (d = 0.27 A)
2026-04-23 20:45:01,521 [ genlib ] [ INFO ] Checking atom 2HG2
2026-04-23 20:45:01,521 [ genlib ] [ INFO ] Define atom pair: THR|2HG2|HC|H        - > VAL|2HG1|HC|H        (d = 0.24 A)
2026-04-23 20:45:01,521 [ genlib ] [ INFO ] Checking atom 3HG2
2026-04-23 20:45:01,521 [ genlib ] [ INFO ] Define atom pair: THR|3HG2|HC|H        - > VAL|3HG1|HC|H        (d = 0.26 A)
2026-04-23 20:45:01,521 [ genlib ] [ INFO ] Searching order 4
2026-04-23 20:45:01,521 [ genlib ] [ INFO ] Searching order 5
2026-04-23 20:45:01,521 [ genlib ] [ INFO ] Searching order 6
2026-04-23 20:45:01,521 [ genlib ] [ INFO ] Searching order 7
2026-04-23 20:45:01,521 [ genlib ] [ INFO ] Searching branch 2
2026-04-23 20:45:01,521 [ genlib ] [ INFO ] Searching order 2
2026-04-23 20:45:01,521 [ genlib ] [ INFO ] Searching order 3
2026-04-23 20:45:01,521 [ genlib ] [ INFO ] Searching order 4
2026-04-23 20:45:01,521 [ genlib ] [ INFO ] Searching order 5
2026-04-23 20:45:01,521 [ genlib ] [ INFO ] Searching order 6
2026-04-23 20:45:01,521 [ genlib ] [ INFO ] Searching order 7
2026-04-23 20:45:01,522 [ genlib ] [ INFO ] Updating bond lists
2026-04-23 20:45:01,522 [ genlib ] [ INFO ] Updating dihedrals
2026-04-23 20:45:01,522 [ genlib ] [ INFO ] Updating impropers
2026-04-23 20:45:01,523 [ genlib ] [ INFO ] Building library files for TRP --> ALA mutant
2026-04-23 20:45:01,523 [ genlib ] [ INFO ] reading rtp file "aminoacids.rtp"
2026-04-23 20:45:01,563 [ genlib ] [ INFO ] ENTERED T,A,V,I
2026-04-23 20:45:01,563 [ genlib ] [ INFO ] Making atom pairs
2026-04-23 20:45:01,565 [ genlib ] [ INFO ] Updating bond lists
2026-04-23 20:45:01,565 [ genlib ] [ INFO ] Updating dihedrals
2026-04-23 20:45:01,565 [ genlib ] [ INFO ] Updating impropers
2026-04-23 20:45:01,566 [ genlib ] [ INFO ] Building library files for TRP --> ARG mutant
2026-04-23 20:45:01,567 [ genlib ] [ INFO ] reading rtp file "aminoacids.rtp"
2026-04-23 20:45:01,605 [ genlib ] [ INFO ] ENTERED RINGS
2026-04-23 20:45:01,605 [ genlib ] [ INFO ] Making atom pairs
2026-04-23 20:45:01,614 [ genlib ] [ INFO ] Updating bond lists
2026-04-23 20:45:01,614 [ genlib ] [ INFO ] Updating dihedrals
2026-04-23 20:45:01,614 [ genlib ] [ INFO ] Updating impropers
2026-04-23 20:45:01,615 [ genlib ] [ INFO ] Building library files for TRP --> ASH mutant
2026-04-23 20:45:01,615 [ genlib ] [ INFO ] reading rtp file "aminoacids.rtp"
2026-04-23 20:45:01,656 [ genlib ] [ INFO ] ENTERED RINGS
2026-04-23 20:45:01,656 [ genlib ] [ INFO ] Making atom pairs
2026-04-23 20:45:01,658 [ genlib ] [ INFO ] Updating bond lists
2026-04-23 20:45:01,658 [ genlib ] [ INFO ] Updating dihedrals
2026-04-23 20:45:01,658 [ genlib ] [ INFO ] Updating impropers
2026-04-23 20:45:01,659 [ genlib ] [ INFO ] Building library files for TRP --> ASN mutant
2026-04-23 20:45:01,659 [ genlib ] [ INFO ] reading rtp file "aminoacids.rtp"
2026-04-23 20:45:01,697 [ genlib ] [ INFO ] ENTERED RINGS
2026-04-23 20:45:01,697 [ genlib ] [ INFO ] Making atom pairs
2026-04-23 20:45:01,699 [ genlib ] [ INFO ] Updating bond lists
2026-04-23 20:45:01,699 [ genlib ] [ INFO ] Updating dihedrals
2026-04-23 20:45:01,699 [ genlib ] [ INFO ] Updating impropers
2026-04-23 20:45:01,700 [ genlib ] [ INFO ] Building library files for TRP --> ASP mutant
2026-04-23 20:45:01,701 [ genlib ] [ INFO ] reading rtp file "aminoacids.rtp"
2026-04-23 20:45:01,738 [ genlib ] [ INFO ] ENTERED RINGS
2026-04-23 20:45:01,738 [ genlib ] [ INFO ] Making atom pairs
2026-04-23 20:45:01,740 [ genlib ] [ INFO ] Updating bond lists
2026-04-23 20:45:01,740 [ genlib ] [ INFO ] Updating dihedrals
2026-04-23 20:45:01,740 [ genlib ] [ INFO ] Updating impropers
2026-04-23 20:45:01,740 [ genlib ] [ INFO ] Building library files for TRP --> CYS mutant
2026-04-23 20:45:01,741 [ genlib ] [ INFO ] reading rtp file "aminoacids.rtp"
2026-04-23 20:45:01,779 [ genlib ] [ INFO ] ENTERED RINGS
2026-04-23 20:45:01,779 [ genlib ] [ INFO ] Making atom pairs
2026-04-23 20:45:01,780 [ genlib ] [ INFO ] Updating bond lists
2026-04-23 20:45:01,780 [ genlib ] [ INFO ] Updating dihedrals
2026-04-23 20:45:01,780 [ genlib ] [ INFO ] Updating impropers
2026-04-23 20:45:01,780 [ genlib ] [ INFO ] Building library files for TRP --> GLH mutant
2026-04-23 20:45:01,781 [ genlib ] [ INFO ] reading rtp file "aminoacids.rtp"
2026-04-23 20:45:01,817 [ genlib ] [ INFO ] ENTERED RINGS
2026-04-23 20:45:01,817 [ genlib ] [ INFO ] Making atom pairs
2026-04-23 20:45:01,820 [ genlib ] [ INFO ] Updating bond lists
2026-04-23 20:45:01,821 [ genlib ] [ INFO ] Updating dihedrals
2026-04-23 20:45:01,821 [ genlib ] [ INFO ] Updating impropers
2026-04-23 20:45:01,821 [ genlib ] [ INFO ] Building library files for TRP --> GLN mutant
2026-04-23 20:45:01,822 [ genlib ] [ INFO ] reading rtp file "aminoacids.rtp"
2026-04-23 20:45:01,860 [ genlib ] [ INFO ] ENTERED RINGS
2026-04-23 20:45:01,860 [ genlib ] [ INFO ] Making atom pairs
2026-04-23 20:45:01,863 [ genlib ] [ INFO ] Updating bond lists
2026-04-23 20:45:01,863 [ genlib ] [ INFO ] Updating dihedrals
2026-04-23 20:45:01,863 [ genlib ] [ INFO ] Updating impropers
2026-04-23 20:45:01,864 [ genlib ] [ INFO ] Building library files for TRP --> GLU mutant
2026-04-23 20:45:01,864 [ genlib ] [ INFO ] reading rtp file "aminoacids.rtp"
2026-04-23 20:45:01,901 [ genlib ] [ INFO ] ENTERED RINGS
2026-04-23 20:45:01,902 [ genlib ] [ INFO ] Making atom pairs
2026-04-23 20:45:01,904 [ genlib ] [ INFO ] Updating bond lists
2026-04-23 20:45:01,904 [ genlib ] [ INFO ] Updating dihedrals
2026-04-23 20:45:01,904 [ genlib ] [ INFO ] Updating impropers
2026-04-23 20:45:01,905 [ genlib ] [ INFO ] Building library files for TRP --> GLY mutant
2026-04-23 20:45:01,905 [ genlib ] [ INFO ] reading rtp file "aminoacids.rtp"
2026-04-23 20:45:01,942 [ genlib ] [ INFO ] ENTERED G
2026-04-23 20:45:01,942 [ genlib ] [ INFO ] Making atom pairs
2026-04-23 20:45:01,943 [ genlib ] [ INFO ] Updating bond lists
2026-04-23 20:45:01,943 [ genlib ] [ INFO ] Updating dihedrals
2026-04-23 20:45:01,943 [ genlib ] [ INFO ] Updating impropers
2026-04-23 20:45:01,944 [ genlib ] [ INFO ] Building library files for TRP --> HID mutant
2026-04-23 20:45:01,945 [ genlib ] [ INFO ] reading rtp file "aminoacids.rtp"
2026-04-23 20:45:01,983 [ genlib ] [ INFO ] ENTERED STANDARD
2026-04-23 20:45:01,983 [ genlib ] [ INFO ] Making atom pairs
2026-04-23 20:45:01,986 [ genlib ] [ INFO ] Updating bond lists
2026-04-23 20:45:01,986 [ genlib ] [ INFO ] Updating dihedrals
2026-04-23 20:45:01,986 [ genlib ] [ INFO ] Updating impropers
2026-04-23 20:45:01,987 [ genlib ] [ INFO ] Building library files for TRP --> HIE mutant
2026-04-23 20:45:01,988 [ genlib ] [ INFO ] reading rtp file "aminoacids.rtp"
2026-04-23 20:45:02,025 [ genlib ] [ INFO ] ENTERED STANDARD
2026-04-23 20:45:02,025 [ genlib ] [ INFO ] Making atom pairs
2026-04-23 20:45:02,028 [ genlib ] [ INFO ] Updating bond lists
2026-04-23 20:45:02,028 [ genlib ] [ INFO ] Updating dihedrals
2026-04-23 20:45:02,028 [ genlib ] [ INFO ] Updating impropers
2026-04-23 20:45:02,028 [ genlib ] [ INFO ] Building library files for TRP --> HIP mutant
2026-04-23 20:45:02,029 [ genlib ] [ INFO ] reading rtp file "aminoacids.rtp"
2026-04-23 20:45:02,066 [ genlib ] [ INFO ] ENTERED STANDARD
2026-04-23 20:45:02,066 [ genlib ] [ INFO ] Making atom pairs
2026-04-23 20:45:02,069 [ genlib ] [ INFO ] Updating bond lists
2026-04-23 20:45:02,069 [ genlib ] [ INFO ] Updating dihedrals
2026-04-23 20:45:02,069 [ genlib ] [ INFO ] Updating impropers
2026-04-23 20:45:02,070 [ genlib ] [ INFO ] Building library files for TRP --> ILE mutant
2026-04-23 20:45:02,071 [ genlib ] [ INFO ] reading rtp file "aminoacids.rtp"
2026-04-23 20:45:02,106 [ genlib ] [ INFO ] ENTERED T,A,V,I
2026-04-23 20:45:02,107 [ genlib ] [ INFO ] Making atom pairs
2026-04-23 20:45:02,112 [ genlib ] [ INFO ] Updating bond lists
2026-04-23 20:45:02,112 [ genlib ] [ INFO ] Updating dihedrals
2026-04-23 20:45:02,112 [ genlib ] [ INFO ] Updating impropers
2026-04-23 20:45:02,113 [ genlib ] [ INFO ] Building library files for TRP --> LEU mutant
2026-04-23 20:45:02,114 [ genlib ] [ INFO ] reading rtp file "aminoacids.rtp"
2026-04-23 20:45:02,149 [ genlib ] [ INFO ] ENTERED RINGS
2026-04-23 20:45:02,149 [ genlib ] [ INFO ] Making atom pairs
2026-04-23 20:45:02,153 [ genlib ] [ INFO ] Updating bond lists
2026-04-23 20:45:02,153 [ genlib ] [ INFO ] Updating dihedrals
2026-04-23 20:45:02,153 [ genlib ] [ INFO ] Updating impropers
2026-04-23 20:45:02,154 [ genlib ] [ INFO ] Building library files for TRP --> LYN mutant
2026-04-23 20:45:02,155 [ genlib ] [ INFO ] reading rtp file "aminoacids.rtp"
2026-04-23 20:45:02,189 [ genlib ] [ INFO ] ENTERED RINGS
2026-04-23 20:45:02,189 [ genlib ] [ INFO ] Making atom pairs
2026-04-23 20:45:02,195 [ genlib ] [ INFO ] Updating bond lists
2026-04-23 20:45:02,195 [ genlib ] [ INFO ] Updating dihedrals
2026-04-23 20:45:02,195 [ genlib ] [ INFO ] Updating impropers
2026-04-23 20:45:02,196 [ genlib ] [ INFO ] Building library files for TRP --> LYS mutant
2026-04-23 20:45:02,197 [ genlib ] [ INFO ] reading rtp file "aminoacids.rtp"
2026-04-23 20:45:02,231 [ genlib ] [ INFO ] ENTERED RINGS
2026-04-23 20:45:02,231 [ genlib ] [ INFO ] Making atom pairs
2026-04-23 20:45:02,237 [ genlib ] [ INFO ] Updating bond lists
2026-04-23 20:45:02,237 [ genlib ] [ INFO ] Updating dihedrals
2026-04-23 20:45:02,237 [ genlib ] [ INFO ] Updating impropers
2026-04-23 20:45:02,238 [ genlib ] [ INFO ] Building library files for TRP --> MET mutant
2026-04-23 20:45:02,238 [ genlib ] [ INFO ] reading rtp file "aminoacids.rtp"
2026-04-23 20:45:02,273 [ genlib ] [ INFO ] ENTERED RINGS
2026-04-23 20:45:02,273 [ genlib ] [ INFO ] Making atom pairs
2026-04-23 20:45:02,276 [ genlib ] [ INFO ] Updating bond lists
2026-04-23 20:45:02,276 [ genlib ] [ INFO ] Updating dihedrals
2026-04-23 20:45:02,276 [ genlib ] [ INFO ] Updating impropers
2026-04-23 20:45:02,277 [ genlib ] [ INFO ] Building library files for TRP --> PHE mutant
2026-04-23 20:45:02,277 [ genlib ] [ INFO ] reading rtp file "aminoacids.rtp"
2026-04-23 20:45:02,312 [ genlib ] [ INFO ] ENTERED STANDARD
2026-04-23 20:45:02,312 [ genlib ] [ INFO ] Making atom pairs
2026-04-23 20:45:02,316 [ genlib ] [ INFO ] Updating bond lists
2026-04-23 20:45:02,316 [ genlib ] [ INFO ] Updating dihedrals
2026-04-23 20:45:02,316 [ genlib ] [ INFO ] Updating impropers
2026-04-23 20:45:02,317 [ genlib ] [ INFO ] Building library files for TRP --> PRO mutant
2026-04-23 20:45:02,318 [ genlib ] [ INFO ] reading rtp file "aminoacids.rtp"
2026-04-23 20:45:02,396 [ genlib ] [ INFO ] ENTERED P
2026-04-23 20:45:02,396 [ genlib ] [ INFO ] Making atom pairs
2026-04-23 20:45:02,400 [ genlib ] [ INFO ] Updating bond lists
2026-04-23 20:45:02,400 [ genlib ] [ INFO ] Updating dihedrals
2026-04-23 20:45:02,400 [ genlib ] [ INFO ] Updating impropers
2026-04-23 20:45:02,401 [ genlib ] [ INFO ] Building library files for TRP --> SER mutant
2026-04-23 20:45:02,402 [ genlib ] [ INFO ] reading rtp file "aminoacids.rtp"
2026-04-23 20:45:02,444 [ genlib ] [ INFO ] ENTERED RINGS
2026-04-23 20:45:02,444 [ genlib ] [ INFO ] Making atom pairs
2026-04-23 20:45:02,446 [ genlib ] [ INFO ] Updating bond lists
2026-04-23 20:45:02,446 [ genlib ] [ INFO ] Updating dihedrals
2026-04-23 20:45:02,446 [ genlib ] [ INFO ] Updating impropers
2026-04-23 20:45:02,447 [ genlib ] [ INFO ] Building library files for TRP --> THR mutant
2026-04-23 20:45:02,448 [ genlib ] [ INFO ] reading rtp file "aminoacids.rtp"
2026-04-23 20:45:02,484 [ genlib ] [ INFO ] ENTERED T,A,V,I
2026-04-23 20:45:02,485 [ genlib ] [ INFO ] Making atom pairs
2026-04-23 20:45:02,487 [ genlib ] [ INFO ] Updating bond lists
2026-04-23 20:45:02,487 [ genlib ] [ INFO ] Updating dihedrals
2026-04-23 20:45:02,487 [ genlib ] [ INFO ] Updating impropers
2026-04-23 20:45:02,488 [ genlib ] [ INFO ] Building library files for TRP --> TYR mutant
2026-04-23 20:45:02,488 [ genlib ] [ INFO ] reading rtp file "aminoacids.rtp"
2026-04-23 20:45:02,528 [ genlib ] [ INFO ] ENTERED STANDARD
2026-04-23 20:45:02,528 [ genlib ] [ INFO ] Making atom pairs
2026-04-23 20:45:02,533 [ genlib ] [ INFO ] Updating bond lists
2026-04-23 20:45:02,533 [ genlib ] [ INFO ] Updating dihedrals
2026-04-23 20:45:02,533 [ genlib ] [ INFO ] Updating impropers
2026-04-23 20:45:02,535 [ genlib ] [ INFO ] Building library files for TRP --> VAL mutant
2026-04-23 20:45:02,536 [ genlib ] [ INFO ] reading rtp file "aminoacids.rtp"
2026-04-23 20:45:02,578 [ genlib ] [ INFO ] ENTERED T,A,V,I
2026-04-23 20:45:02,578 [ genlib ] [ INFO ] Making atom pairs
2026-04-23 20:45:02,582 [ genlib ] [ INFO ] Updating bond lists
2026-04-23 20:45:02,582 [ genlib ] [ INFO ] Updating dihedrals
2026-04-23 20:45:02,582 [ genlib ] [ INFO ] Updating impropers
2026-04-23 20:45:02,583 [ genlib ] [ INFO ] Building library files for TYR --> ALA mutant
2026-04-23 20:45:02,583 [ genlib ] [ INFO ] reading rtp file "aminoacids.rtp"
2026-04-23 20:45:02,624 [ genlib ] [ INFO ] ENTERED T,A,V,I
2026-04-23 20:45:02,624 [ genlib ] [ INFO ] Making atom pairs
2026-04-23 20:45:02,626 [ genlib ] [ INFO ] Updating bond lists
2026-04-23 20:45:02,626 [ genlib ] [ INFO ] Updating dihedrals
2026-04-23 20:45:02,626 [ genlib ] [ INFO ] Updating impropers
2026-04-23 20:45:02,627 [ genlib ] [ INFO ] Building library files for TYR --> ARG mutant
2026-04-23 20:45:02,628 [ genlib ] [ INFO ] reading rtp file "aminoacids.rtp"
2026-04-23 20:45:02,668 [ genlib ] [ INFO ] ENTERED RINGS
2026-04-23 20:45:02,668 [ genlib ] [ INFO ] Making atom pairs
2026-04-23 20:45:02,676 [ genlib ] [ INFO ] Updating bond lists
2026-04-23 20:45:02,676 [ genlib ] [ INFO ] Updating dihedrals
2026-04-23 20:45:02,676 [ genlib ] [ INFO ] Updating impropers
2026-04-23 20:45:02,677 [ genlib ] [ INFO ] Building library files for TYR --> ASH mutant
2026-04-23 20:45:02,678 [ genlib ] [ INFO ] reading rtp file "aminoacids.rtp"
2026-04-23 20:45:02,745 [ genlib ] [ INFO ] ENTERED RINGS
2026-04-23 20:45:02,745 [ genlib ] [ INFO ] Making atom pairs
2026-04-23 20:45:02,746 [ genlib ] [ INFO ] Updating bond lists
2026-04-23 20:45:02,746 [ genlib ] [ INFO ] Updating dihedrals
2026-04-23 20:45:02,746 [ genlib ] [ INFO ] Updating impropers
2026-04-23 20:45:02,747 [ genlib ] [ INFO ] Building library files for TYR --> ASN mutant
2026-04-23 20:45:02,748 [ genlib ] [ INFO ] reading rtp file "aminoacids.rtp"
2026-04-23 20:45:02,784 [ genlib ] [ INFO ] ENTERED RINGS
2026-04-23 20:45:02,784 [ genlib ] [ INFO ] Making atom pairs
2026-04-23 20:45:02,786 [ genlib ] [ INFO ] Updating bond lists
2026-04-23 20:45:02,786 [ genlib ] [ INFO ] Updating dihedrals
2026-04-23 20:45:02,786 [ genlib ] [ INFO ] Updating impropers
2026-04-23 20:45:02,787 [ genlib ] [ INFO ] Building library files for TYR --> ASP mutant
2026-04-23 20:45:02,788 [ genlib ] [ INFO ] reading rtp file "aminoacids.rtp"
2026-04-23 20:45:02,824 [ genlib ] [ INFO ] ENTERED RINGS
2026-04-23 20:45:02,824 [ genlib ] [ INFO ] Making atom pairs
2026-04-23 20:45:02,825 [ genlib ] [ INFO ] Updating bond lists
2026-04-23 20:45:02,825 [ genlib ] [ INFO ] Updating dihedrals
2026-04-23 20:45:02,825 [ genlib ] [ INFO ] Updating impropers
2026-04-23 20:45:02,825 [ genlib ] [ INFO ] Building library files for TYR --> CYS mutant
2026-04-23 20:45:02,826 [ genlib ] [ INFO ] reading rtp file "aminoacids.rtp"
2026-04-23 20:45:02,863 [ genlib ] [ INFO ] ENTERED RINGS
2026-04-23 20:45:02,863 [ genlib ] [ INFO ] Making atom pairs
2026-04-23 20:45:02,864 [ genlib ] [ INFO ] Updating bond lists
2026-04-23 20:45:02,864 [ genlib ] [ INFO ] Updating dihedrals
2026-04-23 20:45:02,864 [ genlib ] [ INFO ] Updating impropers
2026-04-23 20:45:02,865 [ genlib ] [ INFO ] Building library files for TYR --> GLH mutant
2026-04-23 20:45:02,866 [ genlib ] [ INFO ] reading rtp file "aminoacids.rtp"
2026-04-23 20:45:02,906 [ genlib ] [ INFO ] ENTERED RINGS
2026-04-23 20:45:02,906 [ genlib ] [ INFO ] Making atom pairs
2026-04-23 20:45:02,909 [ genlib ] [ INFO ] Updating bond lists
2026-04-23 20:45:02,909 [ genlib ] [ INFO ] Updating dihedrals
2026-04-23 20:45:02,909 [ genlib ] [ INFO ] Updating impropers
2026-04-23 20:45:02,909 [ genlib ] [ INFO ] Building library files for TYR --> GLN mutant
2026-04-23 20:45:02,910 [ genlib ] [ INFO ] reading rtp file "aminoacids.rtp"
2026-04-23 20:45:02,947 [ genlib ] [ INFO ] ENTERED RINGS
2026-04-23 20:45:02,947 [ genlib ] [ INFO ] Making atom pairs
2026-04-23 20:45:02,950 [ genlib ] [ INFO ] Updating bond lists
2026-04-23 20:45:02,950 [ genlib ] [ INFO ] Updating dihedrals
2026-04-23 20:45:02,950 [ genlib ] [ INFO ] Updating impropers
2026-04-23 20:45:02,951 [ genlib ] [ INFO ] Building library files for TYR --> GLU mutant
2026-04-23 20:45:02,952 [ genlib ] [ INFO ] reading rtp file "aminoacids.rtp"
2026-04-23 20:45:02,990 [ genlib ] [ INFO ] ENTERED RINGS
2026-04-23 20:45:02,990 [ genlib ] [ INFO ] Making atom pairs
2026-04-23 20:45:02,992 [ genlib ] [ INFO ] Updating bond lists
2026-04-23 20:45:02,992 [ genlib ] [ INFO ] Updating dihedrals
2026-04-23 20:45:02,992 [ genlib ] [ INFO ] Updating impropers
2026-04-23 20:45:02,993 [ genlib ] [ INFO ] Building library files for TYR --> GLY mutant
2026-04-23 20:45:02,993 [ genlib ] [ INFO ] reading rtp file "aminoacids.rtp"
2026-04-23 20:45:03,030 [ genlib ] [ INFO ] ENTERED G
2026-04-23 20:45:03,030 [ genlib ] [ INFO ] Making atom pairs
2026-04-23 20:45:03,031 [ genlib ] [ INFO ] Updating bond lists
2026-04-23 20:45:03,031 [ genlib ] [ INFO ] Updating dihedrals
2026-04-23 20:45:03,031 [ genlib ] [ INFO ] Updating impropers
2026-04-23 20:45:03,032 [ genlib ] [ INFO ] Building library files for TYR --> HID mutant
2026-04-23 20:45:03,033 [ genlib ] [ INFO ] reading rtp file "aminoacids.rtp"
2026-04-23 20:45:03,077 [ genlib ] [ INFO ] ENTERED STANDARD
2026-04-23 20:45:03,077 [ genlib ] [ INFO ] Making atom pairs
2026-04-23 20:45:03,080 [ genlib ] [ INFO ] Updating bond lists
2026-04-23 20:45:03,080 [ genlib ] [ INFO ] Updating dihedrals
2026-04-23 20:45:03,080 [ genlib ] [ INFO ] Updating impropers
2026-04-23 20:45:03,082 [ genlib ] [ INFO ] Building library files for TYR --> HIE mutant
2026-04-23 20:45:03,083 [ genlib ] [ INFO ] reading rtp file "aminoacids.rtp"
2026-04-23 20:45:03,121 [ genlib ] [ INFO ] ENTERED STANDARD
2026-04-23 20:45:03,121 [ genlib ] [ INFO ] Making atom pairs
2026-04-23 20:45:03,124 [ genlib ] [ INFO ] Updating bond lists
2026-04-23 20:45:03,124 [ genlib ] [ INFO ] Updating dihedrals
2026-04-23 20:45:03,124 [ genlib ] [ INFO ] Updating impropers
2026-04-23 20:45:03,124 [ genlib ] [ INFO ] Building library files for TYR --> HIP mutant
2026-04-23 20:45:03,125 [ genlib ] [ INFO ] reading rtp file "aminoacids.rtp"
2026-04-23 20:45:03,162 [ genlib ] [ INFO ] ENTERED STANDARD
2026-04-23 20:45:03,162 [ genlib ] [ INFO ] Making atom pairs
2026-04-23 20:45:03,165 [ genlib ] [ INFO ] Updating bond lists
2026-04-23 20:45:03,165 [ genlib ] [ INFO ] Updating dihedrals
2026-04-23 20:45:03,165 [ genlib ] [ INFO ] Updating impropers
2026-04-23 20:45:03,166 [ genlib ] [ INFO ] Building library files for TYR --> ILE mutant
2026-04-23 20:45:03,167 [ genlib ] [ INFO ] reading rtp file "aminoacids.rtp"
2026-04-23 20:45:03,203 [ genlib ] [ INFO ] ENTERED T,A,V,I
2026-04-23 20:45:03,203 [ genlib ] [ INFO ] Making atom pairs
2026-04-23 20:45:03,209 [ genlib ] [ INFO ] Updating bond lists
2026-04-23 20:45:03,209 [ genlib ] [ INFO ] Updating dihedrals
2026-04-23 20:45:03,209 [ genlib ] [ INFO ] Updating impropers
2026-04-23 20:45:03,209 [ genlib ] [ INFO ] Building library files for TYR --> LEU mutant
2026-04-23 20:45:03,210 [ genlib ] [ INFO ] reading rtp file "aminoacids.rtp"
2026-04-23 20:45:03,245 [ genlib ] [ INFO ] ENTERED RINGS
2026-04-23 20:45:03,245 [ genlib ] [ INFO ] Making atom pairs
2026-04-23 20:45:03,249 [ genlib ] [ INFO ] Updating bond lists
2026-04-23 20:45:03,249 [ genlib ] [ INFO ] Updating dihedrals
2026-04-23 20:45:03,249 [ genlib ] [ INFO ] Updating impropers
2026-04-23 20:45:03,250 [ genlib ] [ INFO ] Building library files for TYR --> LYN mutant
2026-04-23 20:45:03,251 [ genlib ] [ INFO ] reading rtp file "aminoacids.rtp"
2026-04-23 20:45:03,285 [ genlib ] [ INFO ] ENTERED RINGS
2026-04-23 20:45:03,285 [ genlib ] [ INFO ] Making atom pairs
2026-04-23 20:45:03,290 [ genlib ] [ INFO ] Updating bond lists
2026-04-23 20:45:03,290 [ genlib ] [ INFO ] Updating dihedrals
2026-04-23 20:45:03,291 [ genlib ] [ INFO ] Updating impropers
2026-04-23 20:45:03,291 [ genlib ] [ INFO ] Building library files for TYR --> LYS mutant
2026-04-23 20:45:03,292 [ genlib ] [ INFO ] reading rtp file "aminoacids.rtp"
2026-04-23 20:45:03,327 [ genlib ] [ INFO ] ENTERED RINGS
2026-04-23 20:45:03,327 [ genlib ] [ INFO ] Making atom pairs
2026-04-23 20:45:03,332 [ genlib ] [ INFO ] Updating bond lists
2026-04-23 20:45:03,332 [ genlib ] [ INFO ] Updating dihedrals
2026-04-23 20:45:03,332 [ genlib ] [ INFO ] Updating impropers
2026-04-23 20:45:03,333 [ genlib ] [ INFO ] Building library files for TYR --> MET mutant
2026-04-23 20:45:03,333 [ genlib ] [ INFO ] reading rtp file "aminoacids.rtp"
2026-04-23 20:45:03,367 [ genlib ] [ INFO ] ENTERED RINGS
2026-04-23 20:45:03,367 [ genlib ] [ INFO ] Making atom pairs
2026-04-23 20:45:03,370 [ genlib ] [ INFO ] Updating bond lists
2026-04-23 20:45:03,370 [ genlib ] [ INFO ] Updating dihedrals
2026-04-23 20:45:03,371 [ genlib ] [ INFO ] Updating impropers
2026-04-23 20:45:03,371 [ genlib ] [ INFO ] Building library files for TYR --> PHE mutant
2026-04-23 20:45:03,372 [ genlib ] [ INFO ] reading rtp file "aminoacids.rtp"
2026-04-23 20:45:03,408 [ genlib ] [ INFO ] ENTERED MERGE BY NAMES
2026-04-23 20:45:03,408 [ genlib ] [ INFO ] Making atom pairs.........MERGE BY NAMES...
2026-04-23 20:45:03,409 [ genlib ] [ INFO ] Updating bond lists
2026-04-23 20:45:03,409 [ genlib ] [ INFO ] Updating dihedrals
2026-04-23 20:45:03,409 [ genlib ] [ INFO ] Updating impropers
2026-04-23 20:45:03,409 [ genlib ] [ INFO ] Building library files for TYR --> PRO mutant
2026-04-23 20:45:03,410 [ genlib ] [ INFO ] reading rtp file "aminoacids.rtp"
2026-04-23 20:45:03,445 [ genlib ] [ INFO ] ENTERED P
2026-04-23 20:45:03,445 [ genlib ] [ INFO ] Making atom pairs
2026-04-23 20:45:03,447 [ genlib ] [ INFO ] Updating bond lists
2026-04-23 20:45:03,447 [ genlib ] [ INFO ] Updating dihedrals
2026-04-23 20:45:03,447 [ genlib ] [ INFO ] Updating impropers
2026-04-23 20:45:03,448 [ genlib ] [ INFO ] Building library files for TYR --> SER mutant
2026-04-23 20:45:03,448 [ genlib ] [ INFO ] reading rtp file "aminoacids.rtp"
2026-04-23 20:45:03,483 [ genlib ] [ INFO ] ENTERED RINGS
2026-04-23 20:45:03,483 [ genlib ] [ INFO ] Making atom pairs
2026-04-23 20:45:03,484 [ genlib ] [ INFO ] Updating bond lists
2026-04-23 20:45:03,484 [ genlib ] [ INFO ] Updating dihedrals
2026-04-23 20:45:03,484 [ genlib ] [ INFO ] Updating impropers
2026-04-23 20:45:03,484 [ genlib ] [ INFO ] Building library files for TYR --> THR mutant
2026-04-23 20:45:03,485 [ genlib ] [ INFO ] reading rtp file "aminoacids.rtp"
2026-04-23 20:45:03,519 [ genlib ] [ INFO ] ENTERED T,A,V,I
2026-04-23 20:45:03,520 [ genlib ] [ INFO ] Making atom pairs
2026-04-23 20:45:03,522 [ genlib ] [ INFO ] Updating bond lists
2026-04-23 20:45:03,522 [ genlib ] [ INFO ] Updating dihedrals
2026-04-23 20:45:03,522 [ genlib ] [ INFO ] Updating impropers
2026-04-23 20:45:03,522 [ genlib ] [ INFO ] Building library files for TYR --> TRP mutant
2026-04-23 20:45:03,523 [ genlib ] [ INFO ] reading rtp file "aminoacids.rtp"
2026-04-23 20:45:03,558 [ genlib ] [ INFO ] ENTERED STANDARD
2026-04-23 20:45:03,558 [ genlib ] [ INFO ] Making atom pairs
2026-04-23 20:45:03,564 [ genlib ] [ INFO ] Updating bond lists
2026-04-23 20:45:03,564 [ genlib ] [ INFO ] Updating dihedrals
2026-04-23 20:45:03,564 [ genlib ] [ INFO ] Updating impropers
2026-04-23 20:45:03,565 [ genlib ] [ INFO ] Building library files for TYR --> VAL mutant
2026-04-23 20:45:03,566 [ genlib ] [ INFO ] reading rtp file "aminoacids.rtp"
2026-04-23 20:45:03,601 [ genlib ] [ INFO ] ENTERED T,A,V,I
2026-04-23 20:45:03,601 [ genlib ] [ INFO ] Making atom pairs
2026-04-23 20:45:03,605 [ genlib ] [ INFO ] Updating bond lists
2026-04-23 20:45:03,605 [ genlib ] [ INFO ] Updating dihedrals
2026-04-23 20:45:03,605 [ genlib ] [ INFO ] Updating impropers
2026-04-23 20:45:03,605 [ genlib ] [ INFO ] Building library files for VAL --> ALA mutant
2026-04-23 20:45:03,606 [ genlib ] [ INFO ] reading rtp file "aminoacids.rtp"
2026-04-23 20:45:03,688 [ genlib ] [ INFO ] ENTERED SIMPLE
2026-04-23 20:45:03,688 [ genlib ] [ INFO ] Making atom pairs
2026-04-23 20:45:03,688 [ genlib ] [ INFO ] Searching branch 1
2026-04-23 20:45:03,688 [ genlib ] [ INFO ] Searching order 2
2026-04-23 20:45:03,688 [ genlib ] [ INFO ] Checking atom HB
2026-04-23 20:45:03,688 [ genlib ] [ INFO ] Define atom pair: VAL|HB|HC|H          - > ALA|2HB|HC|H         (d = 0.06 A)
2026-04-23 20:45:03,688 [ genlib ] [ INFO ] Checking atom CG1
2026-04-23 20:45:03,688 [ genlib ] [ INFO ] No partner found for atom CG1
2026-04-23 20:45:03,688 [ genlib ] [ INFO ] Checking atom CG2
2026-04-23 20:45:03,688 [ genlib ] [ INFO ] Define atom pair: VAL|CG2|CT|C.3       - > ALA|1HB|HC|H         (d = 0.43 A)
2026-04-23 20:45:03,688 [ genlib ] [ INFO ] Searching order 3
2026-04-23 20:45:03,688 [ genlib ] [ INFO ] Checking atom 1HG2
2026-04-23 20:45:03,688 [ genlib ] [ INFO ] No partner found for atom 1HG2
2026-04-23 20:45:03,688 [ genlib ] [ INFO ] Checking atom 2HG2
2026-04-23 20:45:03,688 [ genlib ] [ INFO ] No partner found for atom 2HG2
2026-04-23 20:45:03,688 [ genlib ] [ INFO ] Checking atom 3HG2
2026-04-23 20:45:03,688 [ genlib ] [ INFO ] No partner found for atom 3HG2
2026-04-23 20:45:03,688 [ genlib ] [ INFO ] Searching order 4
2026-04-23 20:45:03,688 [ genlib ] [ INFO ] Searching order 5
2026-04-23 20:45:03,688 [ genlib ] [ INFO ] Searching order 6
2026-04-23 20:45:03,688 [ genlib ] [ INFO ] Searching order 7
2026-04-23 20:45:03,688 [ genlib ] [ INFO ] Searching branch 2
2026-04-23 20:45:03,688 [ genlib ] [ INFO ] Searching order 2
2026-04-23 20:45:03,688 [ genlib ] [ INFO ] Checking atom CG1
2026-04-23 20:45:03,688 [ genlib ] [ INFO ] No partner found for atom CG1
2026-04-23 20:45:03,688 [ genlib ] [ INFO ] Searching order 3
2026-04-23 20:45:03,688 [ genlib ] [ INFO ] Checking atom 1HG2
2026-04-23 20:45:03,688 [ genlib ] [ INFO ] No partner found for atom 1HG2
2026-04-23 20:45:03,688 [ genlib ] [ INFO ] Checking atom 2HG2
2026-04-23 20:45:03,688 [ genlib ] [ INFO ] No partner found for atom 2HG2
2026-04-23 20:45:03,688 [ genlib ] [ INFO ] Checking atom 3HG2
2026-04-23 20:45:03,688 [ genlib ] [ INFO ] No partner found for atom 3HG2
2026-04-23 20:45:03,688 [ genlib ] [ INFO ] Searching order 4
2026-04-23 20:45:03,689 [ genlib ] [ INFO ] Searching order 5
2026-04-23 20:45:03,689 [ genlib ] [ INFO ] Searching order 6
2026-04-23 20:45:03,689 [ genlib ] [ INFO ] Searching order 7
2026-04-23 20:45:03,690 [ genlib ] [ INFO ] Updating bond lists
2026-04-23 20:45:03,690 [ genlib ] [ INFO ] Updating dihedrals
2026-04-23 20:45:03,690 [ genlib ] [ INFO ] Updating impropers
2026-04-23 20:45:03,691 [ genlib ] [ INFO ] Building library files for VAL --> ARG mutant
2026-04-23 20:45:03,692 [ genlib ] [ INFO ] reading rtp file "aminoacids.rtp"
2026-04-23 20:45:03,737 [ genlib ] [ INFO ] ENTERED SIMPLE
2026-04-23 20:45:03,737 [ genlib ] [ INFO ] Making atom pairs
2026-04-23 20:45:03,737 [ genlib ] [ INFO ] Searching branch 1
2026-04-23 20:45:03,737 [ genlib ] [ INFO ] Searching order 2
2026-04-23 20:45:03,737 [ genlib ] [ INFO ] Checking atom HB
2026-04-23 20:45:03,737 [ genlib ] [ INFO ] Define atom pair: VAL|HB|HC|H          - > ARG|1HB|HC|H         (d = 0.03 A)
2026-04-23 20:45:03,737 [ genlib ] [ INFO ] Checking atom CG1
2026-04-23 20:45:03,737 [ genlib ] [ INFO ] Define atom pair: VAL|CG1|CT|C.3       - > ARG|2HB|HC|H         (d = 0.55 A)
2026-04-23 20:45:03,737 [ genlib ] [ INFO ] Checking atom CG2
2026-04-23 20:45:03,737 [ genlib ] [ INFO ] Define atom pair: VAL|CG2|CT|C.3       - > ARG|CG|C8|C.3        (d = 0.13 A)
2026-04-23 20:45:03,737 [ genlib ] [ INFO ] Searching order 3
2026-04-23 20:45:03,737 [ genlib ] [ INFO ] Checking atom 1HG1
2026-04-23 20:45:03,737 [ genlib ] [ INFO ] No partner found for atom 1HG1
2026-04-23 20:45:03,737 [ genlib ] [ INFO ] Checking atom 2HG1
2026-04-23 20:45:03,737 [ genlib ] [ INFO ] No partner found for atom 2HG1
2026-04-23 20:45:03,737 [ genlib ] [ INFO ] Checking atom 3HG1
2026-04-23 20:45:03,738 [ genlib ] [ INFO ] No partner found for atom 3HG1
2026-04-23 20:45:03,738 [ genlib ] [ INFO ] Checking atom 1HG2
2026-04-23 20:45:03,738 [ genlib ] [ INFO ] Define atom pair: VAL|1HG2|HC|H        - > ARG|CD|C8|C.3        (d = 0.46 A)
2026-04-23 20:45:03,738 [ genlib ] [ INFO ] Checking atom 2HG2
2026-04-23 20:45:03,738 [ genlib ] [ INFO ] Define atom pair: VAL|2HG2|HC|H        - > ARG|1HG|HC|H         (d = 0.15 A)
2026-04-23 20:45:03,738 [ genlib ] [ INFO ] Checking atom 3HG2
2026-04-23 20:45:03,738 [ genlib ] [ INFO ] Define atom pair: VAL|3HG2|HC|H        - > ARG|2HG|HC|H         (d = 0.20 A)
2026-04-23 20:45:03,738 [ genlib ] [ INFO ] Searching order 4
2026-04-23 20:45:03,738 [ genlib ] [ INFO ] Searching order 5
2026-04-23 20:45:03,738 [ genlib ] [ INFO ] Searching order 6
2026-04-23 20:45:03,738 [ genlib ] [ INFO ] Searching order 7
2026-04-23 20:45:03,738 [ genlib ] [ INFO ] Searching branch 2
2026-04-23 20:45:03,738 [ genlib ] [ INFO ] Searching order 2
2026-04-23 20:45:03,738 [ genlib ] [ INFO ] Searching order 3
2026-04-23 20:45:03,738 [ genlib ] [ INFO ] Checking atom 1HG1
2026-04-23 20:45:03,738 [ genlib ] [ INFO ] No partner found for atom 1HG1
2026-04-23 20:45:03,738 [ genlib ] [ INFO ] Checking atom 2HG1
2026-04-23 20:45:03,738 [ genlib ] [ INFO ] No partner found for atom 2HG1
2026-04-23 20:45:03,738 [ genlib ] [ INFO ] Checking atom 3HG1
2026-04-23 20:45:03,738 [ genlib ] [ INFO ] No partner found for atom 3HG1
2026-04-23 20:45:03,738 [ genlib ] [ INFO ] Searching order 4
2026-04-23 20:45:03,738 [ genlib ] [ INFO ] Searching order 5
2026-04-23 20:45:03,738 [ genlib ] [ INFO ] Searching order 6
2026-04-23 20:45:03,738 [ genlib ] [ INFO ] Searching order 7
2026-04-23 20:45:03,743 [ genlib ] [ INFO ] Updating bond lists
2026-04-23 20:45:03,743 [ genlib ] [ INFO ] Updating dihedrals
2026-04-23 20:45:03,743 [ genlib ] [ INFO ] Updating impropers
2026-04-23 20:45:03,744 [ genlib ] [ INFO ] Building library files for VAL --> ASH mutant
2026-04-23 20:45:03,744 [ genlib ] [ INFO ] reading rtp file "aminoacids.rtp"
2026-04-23 20:45:03,780 [ genlib ] [ INFO ] ENTERED SIMPLE
2026-04-23 20:45:03,780 [ genlib ] [ INFO ] Making atom pairs
2026-04-23 20:45:03,780 [ genlib ] [ INFO ] Searching branch 1
2026-04-23 20:45:03,780 [ genlib ] [ INFO ] Searching order 2
2026-04-23 20:45:03,780 [ genlib ] [ INFO ] Checking atom HB
2026-04-23 20:45:03,780 [ genlib ] [ INFO ] Define atom pair: VAL|HB|HC|H          - > ASH|1HB|HC|H         (d = 0.07 A)
2026-04-23 20:45:03,780 [ genlib ] [ INFO ] Checking atom CG1
2026-04-23 20:45:03,780 [ genlib ] [ INFO ] No partner found for atom CG1
2026-04-23 20:45:03,780 [ genlib ] [ INFO ] Checking atom CG2
2026-04-23 20:45:03,780 [ genlib ] [ INFO ] Define atom pair: VAL|CG2|CT|C.3       - > ASH|CG|C|C.2         (d = 0.10 A)
2026-04-23 20:45:03,780 [ genlib ] [ INFO ] Searching order 3
2026-04-23 20:45:03,780 [ genlib ] [ INFO ] Checking atom 1HG2
2026-04-23 20:45:03,780 [ genlib ] [ INFO ] Define atom pair: VAL|1HG2|HC|H        - > ASH|OD1|O|O.co2      (d = 0.20 A)
2026-04-23 20:45:03,780 [ genlib ] [ INFO ] Checking atom 2HG2
2026-04-23 20:45:03,780 [ genlib ] [ INFO ] No partner found for atom 2HG2
2026-04-23 20:45:03,780 [ genlib ] [ INFO ] Checking atom 3HG2
2026-04-23 20:45:03,780 [ genlib ] [ INFO ] No partner found for atom 3HG2
2026-04-23 20:45:03,780 [ genlib ] [ INFO ] Searching order 4
2026-04-23 20:45:03,780 [ genlib ] [ INFO ] Searching order 5
2026-04-23 20:45:03,780 [ genlib ] [ INFO ] Searching order 6
2026-04-23 20:45:03,780 [ genlib ] [ INFO ] Searching order 7
2026-04-23 20:45:03,780 [ genlib ] [ INFO ] Searching branch 2
2026-04-23 20:45:03,780 [ genlib ] [ INFO ] Searching order 2
2026-04-23 20:45:03,780 [ genlib ] [ INFO ] Checking atom CG1
2026-04-23 20:45:03,780 [ genlib ] [ INFO ] No partner found for atom CG1
2026-04-23 20:45:03,780 [ genlib ] [ INFO ] Searching order 3
2026-04-23 20:45:03,780 [ genlib ] [ INFO ] Checking atom 2HG2
2026-04-23 20:45:03,780 [ genlib ] [ INFO ] No partner found for atom 2HG2
2026-04-23 20:45:03,780 [ genlib ] [ INFO ] Checking atom 3HG2
2026-04-23 20:45:03,780 [ genlib ] [ INFO ] No partner found for atom 3HG2
2026-04-23 20:45:03,780 [ genlib ] [ INFO ] Searching order 4
2026-04-23 20:45:03,780 [ genlib ] [ INFO ] Searching order 5
2026-04-23 20:45:03,780 [ genlib ] [ INFO ] Searching order 6
2026-04-23 20:45:03,780 [ genlib ] [ INFO ] Searching order 7
2026-04-23 20:45:03,781 [ genlib ] [ INFO ] Updating bond lists
2026-04-23 20:45:03,782 [ genlib ] [ INFO ] Updating dihedrals
2026-04-23 20:45:03,782 [ genlib ] [ INFO ] Updating impropers
2026-04-23 20:45:03,782 [ genlib ] [ INFO ] Building library files for VAL --> ASN mutant
2026-04-23 20:45:03,782 [ genlib ] [ INFO ] reading rtp file "aminoacids.rtp"
2026-04-23 20:45:03,818 [ genlib ] [ INFO ] ENTERED SIMPLE
2026-04-23 20:45:03,818 [ genlib ] [ INFO ] Making atom pairs
2026-04-23 20:45:03,818 [ genlib ] [ INFO ] Searching branch 1
2026-04-23 20:45:03,818 [ genlib ] [ INFO ] Searching order 2
2026-04-23 20:45:03,818 [ genlib ] [ INFO ] Checking atom HB
2026-04-23 20:45:03,818 [ genlib ] [ INFO ] Define atom pair: VAL|HB|HC|H          - > ASN|1HB|HC|H         (d = 0.13 A)
2026-04-23 20:45:03,818 [ genlib ] [ INFO ] Checking atom CG1
2026-04-23 20:45:03,818 [ genlib ] [ INFO ] Define atom pair: VAL|CG1|CT|C.3       - > ASN|2HB|HC|H         (d = 0.52 A)
2026-04-23 20:45:03,818 [ genlib ] [ INFO ] Checking atom CG2
2026-04-23 20:45:03,818 [ genlib ] [ INFO ] Define atom pair: VAL|CG2|CT|C.3       - > ASN|CG|C|C.2         (d = 0.19 A)
2026-04-23 20:45:03,818 [ genlib ] [ INFO ] Searching order 3
2026-04-23 20:45:03,818 [ genlib ] [ INFO ] Checking atom 1HG1
2026-04-23 20:45:03,818 [ genlib ] [ INFO ] No partner found for atom 1HG1
2026-04-23 20:45:03,818 [ genlib ] [ INFO ] Checking atom 2HG1
2026-04-23 20:45:03,818 [ genlib ] [ INFO ] No partner found for atom 2HG1
2026-04-23 20:45:03,818 [ genlib ] [ INFO ] Checking atom 3HG1
2026-04-23 20:45:03,818 [ genlib ] [ INFO ] No partner found for atom 3HG1
2026-04-23 20:45:03,818 [ genlib ] [ INFO ] Checking atom 1HG2
2026-04-23 20:45:03,818 [ genlib ] [ INFO ] Define atom pair: VAL|1HG2|HC|H        - > ASN|OD1|O|O.2        (d = 0.33 A)
2026-04-23 20:45:03,818 [ genlib ] [ INFO ] Checking atom 2HG2
2026-04-23 20:45:03,818 [ genlib ] [ INFO ] No partner found for atom 2HG2
2026-04-23 20:45:03,818 [ genlib ] [ INFO ] Checking atom 3HG2
2026-04-23 20:45:03,818 [ genlib ] [ INFO ] No partner found for atom 3HG2
2026-04-23 20:45:03,818 [ genlib ] [ INFO ] Searching order 4
2026-04-23 20:45:03,818 [ genlib ] [ INFO ] Searching order 5
2026-04-23 20:45:03,818 [ genlib ] [ INFO ] Searching order 6
2026-04-23 20:45:03,818 [ genlib ] [ INFO ] Searching order 7
2026-04-23 20:45:03,818 [ genlib ] [ INFO ] Searching branch 2
2026-04-23 20:45:03,818 [ genlib ] [ INFO ] Searching order 2
2026-04-23 20:45:03,818 [ genlib ] [ INFO ] Searching order 3
2026-04-23 20:45:03,818 [ genlib ] [ INFO ] Checking atom 1HG1
2026-04-23 20:45:03,818 [ genlib ] [ INFO ] No partner found for atom 1HG1
2026-04-23 20:45:03,818 [ genlib ] [ INFO ] Checking atom 2HG1
2026-04-23 20:45:03,818 [ genlib ] [ INFO ] No partner found for atom 2HG1
2026-04-23 20:45:03,818 [ genlib ] [ INFO ] Checking atom 3HG1
2026-04-23 20:45:03,818 [ genlib ] [ INFO ] No partner found for atom 3HG1
2026-04-23 20:45:03,818 [ genlib ] [ INFO ] Checking atom 2HG2
2026-04-23 20:45:03,818 [ genlib ] [ INFO ] No partner found for atom 2HG2
2026-04-23 20:45:03,818 [ genlib ] [ INFO ] Checking atom 3HG2
2026-04-23 20:45:03,818 [ genlib ] [ INFO ] No partner found for atom 3HG2
2026-04-23 20:45:03,818 [ genlib ] [ INFO ] Searching order 4
2026-04-23 20:45:03,818 [ genlib ] [ INFO ] Searching order 5
2026-04-23 20:45:03,818 [ genlib ] [ INFO ] Searching order 6
2026-04-23 20:45:03,818 [ genlib ] [ INFO ] Searching order 7
2026-04-23 20:45:03,819 [ genlib ] [ INFO ] Updating bond lists
2026-04-23 20:45:03,820 [ genlib ] [ INFO ] Updating dihedrals
2026-04-23 20:45:03,820 [ genlib ] [ INFO ] Updating impropers
2026-04-23 20:45:03,820 [ genlib ] [ INFO ] Building library files for VAL --> ASP mutant
2026-04-23 20:45:03,821 [ genlib ] [ INFO ] reading rtp file "aminoacids.rtp"
2026-04-23 20:45:03,856 [ genlib ] [ INFO ] ENTERED SIMPLE
2026-04-23 20:45:03,856 [ genlib ] [ INFO ] Making atom pairs
2026-04-23 20:45:03,856 [ genlib ] [ INFO ] Searching branch 1
2026-04-23 20:45:03,856 [ genlib ] [ INFO ] Searching order 2
2026-04-23 20:45:03,856 [ genlib ] [ INFO ] Checking atom HB
2026-04-23 20:45:03,856 [ genlib ] [ INFO ] Define atom pair: VAL|HB|HC|H          - > ASP|1HB|HC|H         (d = 0.05 A)
2026-04-23 20:45:03,856 [ genlib ] [ INFO ] Checking atom CG1
2026-04-23 20:45:03,856 [ genlib ] [ INFO ] Define atom pair: VAL|CG1|CT|C.3       - > ASP|2HB|HC|H         (d = 0.51 A)
2026-04-23 20:45:03,856 [ genlib ] [ INFO ] Checking atom CG2
2026-04-23 20:45:03,856 [ genlib ] [ INFO ] Define atom pair: VAL|CG2|CT|C.3       - > ASP|CG|CO|C.2        (d = 0.10 A)
2026-04-23 20:45:03,856 [ genlib ] [ INFO ] Searching order 3
2026-04-23 20:45:03,856 [ genlib ] [ INFO ] Checking atom 1HG1
2026-04-23 20:45:03,856 [ genlib ] [ INFO ] No partner found for atom 1HG1
2026-04-23 20:45:03,856 [ genlib ] [ INFO ] Checking atom 2HG1
2026-04-23 20:45:03,856 [ genlib ] [ INFO ] No partner found for atom 2HG1
2026-04-23 20:45:03,856 [ genlib ] [ INFO ] Checking atom 3HG1
2026-04-23 20:45:03,856 [ genlib ] [ INFO ] No partner found for atom 3HG1
2026-04-23 20:45:03,856 [ genlib ] [ INFO ] Checking atom 1HG2
2026-04-23 20:45:03,856 [ genlib ] [ INFO ] Define atom pair: VAL|1HG2|HC|H        - > ASP|OD1|O2|O.co2     (d = 0.20 A)
2026-04-23 20:45:03,856 [ genlib ] [ INFO ] Checking atom 2HG2
2026-04-23 20:45:03,856 [ genlib ] [ INFO ] No partner found for atom 2HG2
2026-04-23 20:45:03,856 [ genlib ] [ INFO ] Checking atom 3HG2
2026-04-23 20:45:03,856 [ genlib ] [ INFO ] No partner found for atom 3HG2
2026-04-23 20:45:03,856 [ genlib ] [ INFO ] Searching order 4
2026-04-23 20:45:03,856 [ genlib ] [ INFO ] Searching order 5
2026-04-23 20:45:03,856 [ genlib ] [ INFO ] Searching order 6
2026-04-23 20:45:03,856 [ genlib ] [ INFO ] Searching order 7
2026-04-23 20:45:03,856 [ genlib ] [ INFO ] Searching branch 2
2026-04-23 20:45:03,856 [ genlib ] [ INFO ] Searching order 2
2026-04-23 20:45:03,856 [ genlib ] [ INFO ] Searching order 3
2026-04-23 20:45:03,856 [ genlib ] [ INFO ] Checking atom 1HG1
2026-04-23 20:45:03,856 [ genlib ] [ INFO ] No partner found for atom 1HG1
2026-04-23 20:45:03,856 [ genlib ] [ INFO ] Checking atom 2HG1
2026-04-23 20:45:03,856 [ genlib ] [ INFO ] No partner found for atom 2HG1
2026-04-23 20:45:03,856 [ genlib ] [ INFO ] Checking atom 3HG1
2026-04-23 20:45:03,856 [ genlib ] [ INFO ] No partner found for atom 3HG1
2026-04-23 20:45:03,856 [ genlib ] [ INFO ] Checking atom 2HG2
2026-04-23 20:45:03,856 [ genlib ] [ INFO ] No partner found for atom 2HG2
2026-04-23 20:45:03,856 [ genlib ] [ INFO ] Checking atom 3HG2
2026-04-23 20:45:03,856 [ genlib ] [ INFO ] No partner found for atom 3HG2
2026-04-23 20:45:03,856 [ genlib ] [ INFO ] Searching order 4
2026-04-23 20:45:03,856 [ genlib ] [ INFO ] Searching order 5
2026-04-23 20:45:03,856 [ genlib ] [ INFO ] Searching order 6
2026-04-23 20:45:03,856 [ genlib ] [ INFO ] Searching order 7
2026-04-23 20:45:03,857 [ genlib ] [ INFO ] Updating bond lists
2026-04-23 20:45:03,857 [ genlib ] [ INFO ] Updating dihedrals
2026-04-23 20:45:03,857 [ genlib ] [ INFO ] Updating impropers
2026-04-23 20:45:03,857 [ genlib ] [ INFO ] Building library files for VAL --> CYS mutant
2026-04-23 20:45:03,858 [ genlib ] [ INFO ] reading rtp file "aminoacids.rtp"
2026-04-23 20:45:03,893 [ genlib ] [ INFO ] ENTERED SIMPLE
2026-04-23 20:45:03,893 [ genlib ] [ INFO ] Making atom pairs
2026-04-23 20:45:03,893 [ genlib ] [ INFO ] Searching branch 1
2026-04-23 20:45:03,893 [ genlib ] [ INFO ] Searching order 2
2026-04-23 20:45:03,893 [ genlib ] [ INFO ] Checking atom HB
2026-04-23 20:45:03,893 [ genlib ] [ INFO ] Define atom pair: VAL|HB|HC|H          - > CYS|1HB|H1|H         (d = 0.06 A)
2026-04-23 20:45:03,893 [ genlib ] [ INFO ] Checking atom CG1
2026-04-23 20:45:03,893 [ genlib ] [ INFO ] Define atom pair: VAL|CG1|CT|C.3       - > CYS|2HB|H1|H         (d = 0.54 A)
2026-04-23 20:45:03,893 [ genlib ] [ INFO ] Checking atom CG2
2026-04-23 20:45:03,893 [ genlib ] [ INFO ] Define atom pair: VAL|CG2|CT|C.3       - > CYS|SG|SH|S.3        (d = 0.36 A)
2026-04-23 20:45:03,893 [ genlib ] [ INFO ] Searching order 3
2026-04-23 20:45:03,893 [ genlib ] [ INFO ] Checking atom 1HG1
2026-04-23 20:45:03,893 [ genlib ] [ INFO ] No partner found for atom 1HG1
2026-04-23 20:45:03,893 [ genlib ] [ INFO ] Checking atom 2HG1
2026-04-23 20:45:03,893 [ genlib ] [ INFO ] No partner found for atom 2HG1
2026-04-23 20:45:03,893 [ genlib ] [ INFO ] Checking atom 3HG1
2026-04-23 20:45:03,893 [ genlib ] [ INFO ] No partner found for atom 3HG1
2026-04-23 20:45:03,893 [ genlib ] [ INFO ] Checking atom 1HG2
2026-04-23 20:45:03,893 [ genlib ] [ INFO ] Define atom pair: VAL|1HG2|HC|H        - > CYS|HG|HS|H          (d = 0.36 A)
2026-04-23 20:45:03,893 [ genlib ] [ INFO ] Checking atom 2HG2
2026-04-23 20:45:03,893 [ genlib ] [ INFO ] No partner found for atom 2HG2
2026-04-23 20:45:03,893 [ genlib ] [ INFO ] Checking atom 3HG2
2026-04-23 20:45:03,893 [ genlib ] [ INFO ] No partner found for atom 3HG2
2026-04-23 20:45:03,893 [ genlib ] [ INFO ] Searching order 4
2026-04-23 20:45:03,893 [ genlib ] [ INFO ] Searching order 5
2026-04-23 20:45:03,893 [ genlib ] [ INFO ] Searching order 6
2026-04-23 20:45:03,893 [ genlib ] [ INFO ] Searching order 7
2026-04-23 20:45:03,893 [ genlib ] [ INFO ] Searching branch 2
2026-04-23 20:45:03,893 [ genlib ] [ INFO ] Searching order 2
2026-04-23 20:45:03,893 [ genlib ] [ INFO ] Searching order 3
2026-04-23 20:45:03,893 [ genlib ] [ INFO ] Checking atom 1HG1
2026-04-23 20:45:03,893 [ genlib ] [ INFO ] No partner found for atom 1HG1
2026-04-23 20:45:03,893 [ genlib ] [ INFO ] Checking atom 2HG1
2026-04-23 20:45:03,893 [ genlib ] [ INFO ] No partner found for atom 2HG1
2026-04-23 20:45:03,893 [ genlib ] [ INFO ] Checking atom 3HG1
2026-04-23 20:45:03,893 [ genlib ] [ INFO ] No partner found for atom 3HG1
2026-04-23 20:45:03,893 [ genlib ] [ INFO ] Checking atom 2HG2
2026-04-23 20:45:03,893 [ genlib ] [ INFO ] No partner found for atom 2HG2
2026-04-23 20:45:03,893 [ genlib ] [ INFO ] Checking atom 3HG2
2026-04-23 20:45:03,893 [ genlib ] [ INFO ] No partner found for atom 3HG2
2026-04-23 20:45:03,893 [ genlib ] [ INFO ] Searching order 4
2026-04-23 20:45:03,893 [ genlib ] [ INFO ] Searching order 5
2026-04-23 20:45:03,893 [ genlib ] [ INFO ] Searching order 6
2026-04-23 20:45:03,893 [ genlib ] [ INFO ] Searching order 7
2026-04-23 20:45:03,894 [ genlib ] [ INFO ] Updating bond lists
2026-04-23 20:45:03,895 [ genlib ] [ INFO ] Updating dihedrals
2026-04-23 20:45:03,895 [ genlib ] [ INFO ] Updating impropers
2026-04-23 20:45:03,895 [ genlib ] [ INFO ] Building library files for VAL --> GLH mutant
2026-04-23 20:45:03,896 [ genlib ] [ INFO ] reading rtp file "aminoacids.rtp"
2026-04-23 20:45:03,931 [ genlib ] [ INFO ] ENTERED SIMPLE
2026-04-23 20:45:03,931 [ genlib ] [ INFO ] Making atom pairs
2026-04-23 20:45:03,931 [ genlib ] [ INFO ] Searching branch 1
2026-04-23 20:45:03,931 [ genlib ] [ INFO ] Searching order 2
2026-04-23 20:45:03,931 [ genlib ] [ INFO ] Checking atom HB
2026-04-23 20:45:03,931 [ genlib ] [ INFO ] Define atom pair: VAL|HB|HC|H          - > GLH|1HB|HC|H         (d = 0.13 A)
2026-04-23 20:45:03,931 [ genlib ] [ INFO ] Checking atom CG1
2026-04-23 20:45:03,931 [ genlib ] [ INFO ] No partner found for atom CG1
2026-04-23 20:45:03,931 [ genlib ] [ INFO ] Checking atom CG2
2026-04-23 20:45:03,931 [ genlib ] [ INFO ] Define atom pair: VAL|CG2|CT|C.3       - > GLH|CG|2C|C.3        (d = 0.16 A)
2026-04-23 20:45:03,931 [ genlib ] [ INFO ] Searching order 3
2026-04-23 20:45:03,931 [ genlib ] [ INFO ] Checking atom 1HG2
2026-04-23 20:45:03,931 [ genlib ] [ INFO ] Define atom pair: VAL|1HG2|HC|H        - > GLH|CD|C|C.2         (d = 0.37 A)
2026-04-23 20:45:03,931 [ genlib ] [ INFO ] Checking atom 2HG2
2026-04-23 20:45:03,931 [ genlib ] [ INFO ] Define atom pair: VAL|2HG2|HC|H        - > GLH|1HG|HC|H         (d = 0.24 A)
2026-04-23 20:45:03,931 [ genlib ] [ INFO ] Checking atom 3HG2
2026-04-23 20:45:03,931 [ genlib ] [ INFO ] Define atom pair: VAL|3HG2|HC|H        - > GLH|2HG|HC|H         (d = 0.26 A)
2026-04-23 20:45:03,931 [ genlib ] [ INFO ] Searching order 4
2026-04-23 20:45:03,931 [ genlib ] [ INFO ] Searching order 5
2026-04-23 20:45:03,931 [ genlib ] [ INFO ] Searching order 6
2026-04-23 20:45:03,931 [ genlib ] [ INFO ] Searching order 7
2026-04-23 20:45:03,931 [ genlib ] [ INFO ] Searching branch 2
2026-04-23 20:45:03,931 [ genlib ] [ INFO ] Searching order 2
2026-04-23 20:45:03,931 [ genlib ] [ INFO ] Checking atom CG1
2026-04-23 20:45:03,931 [ genlib ] [ INFO ] No partner found for atom CG1
2026-04-23 20:45:03,931 [ genlib ] [ INFO ] Searching order 3
2026-04-23 20:45:03,931 [ genlib ] [ INFO ] Searching order 4
2026-04-23 20:45:03,931 [ genlib ] [ INFO ] Searching order 5
2026-04-23 20:45:03,931 [ genlib ] [ INFO ] Searching order 6
2026-04-23 20:45:03,931 [ genlib ] [ INFO ] Searching order 7
2026-04-23 20:45:03,933 [ genlib ] [ INFO ] Updating bond lists
2026-04-23 20:45:03,933 [ genlib ] [ INFO ] Updating dihedrals
2026-04-23 20:45:03,933 [ genlib ] [ INFO ] Updating impropers
2026-04-23 20:45:03,933 [ genlib ] [ INFO ] Building library files for VAL --> GLN mutant
2026-04-23 20:45:03,934 [ genlib ] [ INFO ] reading rtp file "aminoacids.rtp"
2026-04-23 20:45:03,968 [ genlib ] [ INFO ] ENTERED SIMPLE
2026-04-23 20:45:03,968 [ genlib ] [ INFO ] Making atom pairs
2026-04-23 20:45:03,968 [ genlib ] [ INFO ] Searching branch 1
2026-04-23 20:45:03,968 [ genlib ] [ INFO ] Searching order 2
2026-04-23 20:45:03,968 [ genlib ] [ INFO ] Checking atom HB
2026-04-23 20:45:03,968 [ genlib ] [ INFO ] Define atom pair: VAL|HB|HC|H          - > GLN|1HB|HC|H         (d = 0.01 A)
2026-04-23 20:45:03,968 [ genlib ] [ INFO ] Checking atom CG1
2026-04-23 20:45:03,968 [ genlib ] [ INFO ] Define atom pair: VAL|CG1|CT|C.3       - > GLN|2HB|HC|H         (d = 0.52 A)
2026-04-23 20:45:03,968 [ genlib ] [ INFO ] Checking atom CG2
2026-04-23 20:45:03,968 [ genlib ] [ INFO ] Define atom pair: VAL|CG2|CT|C.3       - > GLN|CG|2C|C.3        (d = 0.09 A)
2026-04-23 20:45:03,968 [ genlib ] [ INFO ] Searching order 3
2026-04-23 20:45:03,968 [ genlib ] [ INFO ] Checking atom 1HG1
2026-04-23 20:45:03,968 [ genlib ] [ INFO ] No partner found for atom 1HG1
2026-04-23 20:45:03,968 [ genlib ] [ INFO ] Checking atom 2HG1
2026-04-23 20:45:03,968 [ genlib ] [ INFO ] No partner found for atom 2HG1
2026-04-23 20:45:03,968 [ genlib ] [ INFO ] Checking atom 3HG1
2026-04-23 20:45:03,968 [ genlib ] [ INFO ] No partner found for atom 3HG1
2026-04-23 20:45:03,968 [ genlib ] [ INFO ] Checking atom 1HG2
2026-04-23 20:45:03,968 [ genlib ] [ INFO ] Define atom pair: VAL|1HG2|HC|H        - > GLN|CD|C|C.2         (d = 0.46 A)
2026-04-23 20:45:03,968 [ genlib ] [ INFO ] Checking atom 2HG2
2026-04-23 20:45:03,968 [ genlib ] [ INFO ] Define atom pair: VAL|2HG2|HC|H        - > GLN|1HG|HC|H         (d = 0.10 A)
2026-04-23 20:45:03,968 [ genlib ] [ INFO ] Checking atom 3HG2
2026-04-23 20:45:03,968 [ genlib ] [ INFO ] Define atom pair: VAL|3HG2|HC|H        - > GLN|2HG|HC|H         (d = 0.15 A)
2026-04-23 20:45:03,968 [ genlib ] [ INFO ] Searching order 4
2026-04-23 20:45:03,968 [ genlib ] [ INFO ] Searching order 5
2026-04-23 20:45:03,968 [ genlib ] [ INFO ] Searching order 6
2026-04-23 20:45:03,968 [ genlib ] [ INFO ] Searching order 7
2026-04-23 20:45:03,968 [ genlib ] [ INFO ] Searching branch 2
2026-04-23 20:45:03,968 [ genlib ] [ INFO ] Searching order 2
2026-04-23 20:45:03,968 [ genlib ] [ INFO ] Searching order 3
2026-04-23 20:45:03,968 [ genlib ] [ INFO ] Checking atom 1HG1
2026-04-23 20:45:03,968 [ genlib ] [ INFO ] No partner found for atom 1HG1
2026-04-23 20:45:03,968 [ genlib ] [ INFO ] Checking atom 2HG1
2026-04-23 20:45:03,968 [ genlib ] [ INFO ] No partner found for atom 2HG1
2026-04-23 20:45:03,968 [ genlib ] [ INFO ] Checking atom 3HG1
2026-04-23 20:45:03,968 [ genlib ] [ INFO ] No partner found for atom 3HG1
2026-04-23 20:45:03,968 [ genlib ] [ INFO ] Searching order 4
2026-04-23 20:45:03,968 [ genlib ] [ INFO ] Searching order 5
2026-04-23 20:45:03,968 [ genlib ] [ INFO ] Searching order 6
2026-04-23 20:45:03,968 [ genlib ] [ INFO ] Searching order 7
2026-04-23 20:45:03,970 [ genlib ] [ INFO ] Updating bond lists
2026-04-23 20:45:03,970 [ genlib ] [ INFO ] Updating dihedrals
2026-04-23 20:45:03,970 [ genlib ] [ INFO ] Updating impropers
2026-04-23 20:45:03,971 [ genlib ] [ INFO ] Building library files for VAL --> GLU mutant
2026-04-23 20:45:03,971 [ genlib ] [ INFO ] reading rtp file "aminoacids.rtp"
2026-04-23 20:45:04,005 [ genlib ] [ INFO ] ENTERED SIMPLE
2026-04-23 20:45:04,006 [ genlib ] [ INFO ] Making atom pairs
2026-04-23 20:45:04,006 [ genlib ] [ INFO ] Searching branch 1
2026-04-23 20:45:04,006 [ genlib ] [ INFO ] Searching order 2
2026-04-23 20:45:04,006 [ genlib ] [ INFO ] Checking atom HB
2026-04-23 20:45:04,006 [ genlib ] [ INFO ] Define atom pair: VAL|HB|HC|H          - > GLU|1HB|HC|H         (d = 0.10 A)
2026-04-23 20:45:04,006 [ genlib ] [ INFO ] Checking atom CG1
2026-04-23 20:45:04,006 [ genlib ] [ INFO ] Define atom pair: VAL|CG1|CT|C.3       - > GLU|2HB|HC|H         (d = 0.45 A)
2026-04-23 20:45:04,006 [ genlib ] [ INFO ] Checking atom CG2
2026-04-23 20:45:04,006 [ genlib ] [ INFO ] Define atom pair: VAL|CG2|CT|C.3       - > GLU|CG|2C|C.3        (d = 0.16 A)
2026-04-23 20:45:04,006 [ genlib ] [ INFO ] Searching order 3
2026-04-23 20:45:04,006 [ genlib ] [ INFO ] Checking atom 1HG1
2026-04-23 20:45:04,006 [ genlib ] [ INFO ] No partner found for atom 1HG1
2026-04-23 20:45:04,006 [ genlib ] [ INFO ] Checking atom 2HG1
2026-04-23 20:45:04,006 [ genlib ] [ INFO ] No partner found for atom 2HG1
2026-04-23 20:45:04,006 [ genlib ] [ INFO ] Checking atom 3HG1
2026-04-23 20:45:04,006 [ genlib ] [ INFO ] No partner found for atom 3HG1
2026-04-23 20:45:04,006 [ genlib ] [ INFO ] Checking atom 1HG2
2026-04-23 20:45:04,006 [ genlib ] [ INFO ] Define atom pair: VAL|1HG2|HC|H        - > GLU|CD|CO|C.2        (d = 0.37 A)
2026-04-23 20:45:04,006 [ genlib ] [ INFO ] Checking atom 2HG2
2026-04-23 20:45:04,006 [ genlib ] [ INFO ] Define atom pair: VAL|2HG2|HC|H        - > GLU|1HG|HC|H         (d = 0.22 A)
2026-04-23 20:45:04,006 [ genlib ] [ INFO ] Checking atom 3HG2
2026-04-23 20:45:04,006 [ genlib ] [ INFO ] Define atom pair: VAL|3HG2|HC|H        - > GLU|2HG|HC|H         (d = 0.25 A)
2026-04-23 20:45:04,006 [ genlib ] [ INFO ] Searching order 4
2026-04-23 20:45:04,006 [ genlib ] [ INFO ] Searching order 5
2026-04-23 20:45:04,006 [ genlib ] [ INFO ] Searching order 6
2026-04-23 20:45:04,006 [ genlib ] [ INFO ] Searching order 7
2026-04-23 20:45:04,006 [ genlib ] [ INFO ] Searching branch 2
2026-04-23 20:45:04,006 [ genlib ] [ INFO ] Searching order 2
2026-04-23 20:45:04,006 [ genlib ] [ INFO ] Searching order 3
2026-04-23 20:45:04,006 [ genlib ] [ INFO ] Checking atom 1HG1
2026-04-23 20:45:04,006 [ genlib ] [ INFO ] No partner found for atom 1HG1
2026-04-23 20:45:04,006 [ genlib ] [ INFO ] Checking atom 2HG1
2026-04-23 20:45:04,006 [ genlib ] [ INFO ] No partner found for atom 2HG1
2026-04-23 20:45:04,006 [ genlib ] [ INFO ] Checking atom 3HG1
2026-04-23 20:45:04,006 [ genlib ] [ INFO ] No partner found for atom 3HG1
2026-04-23 20:45:04,006 [ genlib ] [ INFO ] Searching order 4
2026-04-23 20:45:04,006 [ genlib ] [ INFO ] Searching order 5
2026-04-23 20:45:04,006 [ genlib ] [ INFO ] Searching order 6
2026-04-23 20:45:04,006 [ genlib ] [ INFO ] Searching order 7
2026-04-23 20:45:04,007 [ genlib ] [ INFO ] Updating bond lists
2026-04-23 20:45:04,007 [ genlib ] [ INFO ] Updating dihedrals
2026-04-23 20:45:04,007 [ genlib ] [ INFO ] Updating impropers
2026-04-23 20:45:04,007 [ genlib ] [ INFO ] Building library files for VAL --> GLY mutant
2026-04-23 20:45:04,008 [ genlib ] [ INFO ] reading rtp file "aminoacids.rtp"
2026-04-23 20:45:04,042 [ genlib ] [ INFO ] ENTERED G
2026-04-23 20:45:04,042 [ genlib ] [ INFO ] Making atom pairs
2026-04-23 20:45:04,043 [ genlib ] [ INFO ] Updating bond lists
2026-04-23 20:45:04,043 [ genlib ] [ INFO ] Updating dihedrals
2026-04-23 20:45:04,043 [ genlib ] [ INFO ] Updating impropers
2026-04-23 20:45:04,043 [ genlib ] [ INFO ] Building library files for VAL --> HID mutant
2026-04-23 20:45:04,044 [ genlib ] [ INFO ] reading rtp file "aminoacids.rtp"
2026-04-23 20:45:04,079 [ genlib ] [ INFO ] ENTERED T,A,V,I
2026-04-23 20:45:04,079 [ genlib ] [ INFO ] Making atom pairs
2026-04-23 20:45:04,082 [ genlib ] [ INFO ] Updating bond lists
2026-04-23 20:45:04,082 [ genlib ] [ INFO ] Updating dihedrals
2026-04-23 20:45:04,082 [ genlib ] [ INFO ] Updating impropers
2026-04-23 20:45:04,082 [ genlib ] [ INFO ] Building library files for VAL --> HIE mutant
2026-04-23 20:45:04,083 [ genlib ] [ INFO ] reading rtp file "aminoacids.rtp"
2026-04-23 20:45:04,118 [ genlib ] [ INFO ] ENTERED T,A,V,I
2026-04-23 20:45:04,118 [ genlib ] [ INFO ] Making atom pairs
2026-04-23 20:45:04,122 [ genlib ] [ INFO ] Updating bond lists
2026-04-23 20:45:04,122 [ genlib ] [ INFO ] Updating dihedrals
2026-04-23 20:45:04,122 [ genlib ] [ INFO ] Updating impropers
2026-04-23 20:45:04,123 [ genlib ] [ INFO ] Building library files for VAL --> HIP mutant
2026-04-23 20:45:04,123 [ genlib ] [ INFO ] reading rtp file "aminoacids.rtp"
2026-04-23 20:45:04,159 [ genlib ] [ INFO ] ENTERED T,A,V,I
2026-04-23 20:45:04,159 [ genlib ] [ INFO ] Making atom pairs
2026-04-23 20:45:04,163 [ genlib ] [ INFO ] Updating bond lists
2026-04-23 20:45:04,163 [ genlib ] [ INFO ] Updating dihedrals
2026-04-23 20:45:04,163 [ genlib ] [ INFO ] Updating impropers
2026-04-23 20:45:04,163 [ genlib ] [ INFO ] Building library files for VAL --> ILE mutant
2026-04-23 20:45:04,164 [ genlib ] [ INFO ] reading rtp file "aminoacids.rtp"
2026-04-23 20:45:04,198 [ genlib ] [ INFO ] ENTERED SIMPLE
2026-04-23 20:45:04,198 [ genlib ] [ INFO ] Making atom pairs
2026-04-23 20:45:04,199 [ genlib ] [ INFO ] Searching branch 1
2026-04-23 20:45:04,199 [ genlib ] [ INFO ] Searching order 2
2026-04-23 20:45:04,199 [ genlib ] [ INFO ] Checking atom HB
2026-04-23 20:45:04,199 [ genlib ] [ INFO ] Define atom pair: VAL|HB|HC|H          - > ILE|HB|HC|H          (d = 0.10 A)
2026-04-23 20:45:04,199 [ genlib ] [ INFO ] Checking atom CG1
2026-04-23 20:45:04,199 [ genlib ] [ INFO ] Define atom pair: VAL|CG1|CT|C.3       - > ILE|CG2|CT|C.3       (d = 0.08 A)
2026-04-23 20:45:04,199 [ genlib ] [ INFO ] Checking atom CG2
2026-04-23 20:45:04,199 [ genlib ] [ INFO ] Define atom pair: VAL|CG2|CT|C.3       - > ILE|CG1|2C|C.3       (d = 0.13 A)
2026-04-23 20:45:04,199 [ genlib ] [ INFO ] Searching order 3
2026-04-23 20:45:04,199 [ genlib ] [ INFO ] Checking atom 1HG1
2026-04-23 20:45:04,199 [ genlib ] [ INFO ] Define atom pair: VAL|1HG1|HC|H        - > ILE|1HG2|HC|H        (d = 0.08 A)
2026-04-23 20:45:04,199 [ genlib ] [ INFO ] Checking atom 2HG1
2026-04-23 20:45:04,199 [ genlib ] [ INFO ] Define atom pair: VAL|2HG1|HC|H        - > ILE|2HG2|HC|H        (d = 0.10 A)
2026-04-23 20:45:04,199 [ genlib ] [ INFO ] Checking atom 3HG1
2026-04-23 20:45:04,199 [ genlib ] [ INFO ] Define atom pair: VAL|3HG1|HC|H        - > ILE|3HG2|HC|H        (d = 0.09 A)
2026-04-23 20:45:04,199 [ genlib ] [ INFO ] Checking atom 1HG2
2026-04-23 20:45:04,199 [ genlib ] [ INFO ] Define atom pair: VAL|1HG2|HC|H        - > ILE|CD1|CT|C.3       (d = 0.39 A)
2026-04-23 20:45:04,199 [ genlib ] [ INFO ] Checking atom 2HG2
2026-04-23 20:45:04,199 [ genlib ] [ INFO ] Define atom pair: VAL|2HG2|HC|H        - > ILE|1HG1|HC|H        (d = 0.18 A)
2026-04-23 20:45:04,199 [ genlib ] [ INFO ] Checking atom 3HG2
2026-04-23 20:45:04,199 [ genlib ] [ INFO ] Define atom pair: VAL|3HG2|HC|H        - > ILE|2HG1|HC|H        (d = 0.18 A)
2026-04-23 20:45:04,199 [ genlib ] [ INFO ] Searching order 4
2026-04-23 20:45:04,199 [ genlib ] [ INFO ] Searching order 5
2026-04-23 20:45:04,199 [ genlib ] [ INFO ] Searching order 6
2026-04-23 20:45:04,199 [ genlib ] [ INFO ] Searching order 7
2026-04-23 20:45:04,199 [ genlib ] [ INFO ] Searching branch 2
2026-04-23 20:45:04,199 [ genlib ] [ INFO ] Searching order 2
2026-04-23 20:45:04,199 [ genlib ] [ INFO ] Searching order 3
2026-04-23 20:45:04,199 [ genlib ] [ INFO ] Searching order 4
2026-04-23 20:45:04,199 [ genlib ] [ INFO ] Searching order 5
2026-04-23 20:45:04,199 [ genlib ] [ INFO ] Searching order 6
2026-04-23 20:45:04,199 [ genlib ] [ INFO ] Searching order 7
2026-04-23 20:45:04,200 [ genlib ] [ INFO ] Updating bond lists
2026-04-23 20:45:04,200 [ genlib ] [ INFO ] Updating dihedrals
2026-04-23 20:45:04,200 [ genlib ] [ INFO ] Updating impropers
2026-04-23 20:45:04,201 [ genlib ] [ INFO ] Building library files for VAL --> LEU mutant
2026-04-23 20:45:04,201 [ genlib ] [ INFO ] reading rtp file "aminoacids.rtp"
2026-04-23 20:45:04,236 [ genlib ] [ INFO ] ENTERED SIMPLE
2026-04-23 20:45:04,236 [ genlib ] [ INFO ] Making atom pairs
2026-04-23 20:45:04,236 [ genlib ] [ INFO ] Searching branch 1
2026-04-23 20:45:04,236 [ genlib ] [ INFO ] Searching order 2
2026-04-23 20:45:04,236 [ genlib ] [ INFO ] Checking atom HB
2026-04-23 20:45:04,236 [ genlib ] [ INFO ] Define atom pair: VAL|HB|HC|H          - > LEU|1HB|HC|H         (d = 0.09 A)
2026-04-23 20:45:04,236 [ genlib ] [ INFO ] Checking atom CG1
2026-04-23 20:45:04,236 [ genlib ] [ INFO ] Define atom pair: VAL|CG1|CT|C.3       - > LEU|2HB|HC|H         (d = 0.53 A)
2026-04-23 20:45:04,236 [ genlib ] [ INFO ] Checking atom CG2
2026-04-23 20:45:04,236 [ genlib ] [ INFO ] Define atom pair: VAL|CG2|CT|C.3       - > LEU|CG|3C|C.3        (d = 0.18 A)
2026-04-23 20:45:04,236 [ genlib ] [ INFO ] Searching order 3
2026-04-23 20:45:04,236 [ genlib ] [ INFO ] Checking atom 1HG1
2026-04-23 20:45:04,236 [ genlib ] [ INFO ] No partner found for atom 1HG1
2026-04-23 20:45:04,236 [ genlib ] [ INFO ] Checking atom 2HG1
2026-04-23 20:45:04,236 [ genlib ] [ INFO ] No partner found for atom 2HG1
2026-04-23 20:45:04,236 [ genlib ] [ INFO ] Checking atom 3HG1
2026-04-23 20:45:04,236 [ genlib ] [ INFO ] No partner found for atom 3HG1
2026-04-23 20:45:04,236 [ genlib ] [ INFO ] Checking atom 1HG2
2026-04-23 20:45:04,236 [ genlib ] [ INFO ] Define atom pair: VAL|1HG2|HC|H        - > LEU|CD1|CT|C.3       (d = 0.34 A)
2026-04-23 20:45:04,236 [ genlib ] [ INFO ] Checking atom 2HG2
2026-04-23 20:45:04,236 [ genlib ] [ INFO ] No partner found for atom 2HG2
2026-04-23 20:45:04,236 [ genlib ] [ INFO ] Checking atom 3HG2
2026-04-23 20:45:04,236 [ genlib ] [ INFO ] Define atom pair: VAL|3HG2|HC|H        - > LEU|HG|HC|H          (d = 0.23 A)
2026-04-23 20:45:04,236 [ genlib ] [ INFO ] Searching order 4
2026-04-23 20:45:04,236 [ genlib ] [ INFO ] Searching order 5
2026-04-23 20:45:04,236 [ genlib ] [ INFO ] Searching order 6
2026-04-23 20:45:04,236 [ genlib ] [ INFO ] Searching order 7
2026-04-23 20:45:04,236 [ genlib ] [ INFO ] Searching branch 2
2026-04-23 20:45:04,236 [ genlib ] [ INFO ] Searching order 2
2026-04-23 20:45:04,236 [ genlib ] [ INFO ] Searching order 3
2026-04-23 20:45:04,236 [ genlib ] [ INFO ] Checking atom 1HG1
2026-04-23 20:45:04,236 [ genlib ] [ INFO ] No partner found for atom 1HG1
2026-04-23 20:45:04,236 [ genlib ] [ INFO ] Checking atom 2HG1
2026-04-23 20:45:04,236 [ genlib ] [ INFO ] No partner found for atom 2HG1
2026-04-23 20:45:04,236 [ genlib ] [ INFO ] Checking atom 3HG1
2026-04-23 20:45:04,236 [ genlib ] [ INFO ] No partner found for atom 3HG1
2026-04-23 20:45:04,236 [ genlib ] [ INFO ] Checking atom 2HG2
2026-04-23 20:45:04,236 [ genlib ] [ INFO ] No partner found for atom 2HG2
2026-04-23 20:45:04,236 [ genlib ] [ INFO ] Searching order 4
2026-04-23 20:45:04,236 [ genlib ] [ INFO ] Searching order 5
2026-04-23 20:45:04,236 [ genlib ] [ INFO ] Searching order 6
2026-04-23 20:45:04,236 [ genlib ] [ INFO ] Searching order 7
2026-04-23 20:45:04,239 [ genlib ] [ INFO ] Updating bond lists
2026-04-23 20:45:04,239 [ genlib ] [ INFO ] Updating dihedrals
2026-04-23 20:45:04,239 [ genlib ] [ INFO ] Updating impropers
2026-04-23 20:45:04,240 [ genlib ] [ INFO ] Building library files for VAL --> LYN mutant
2026-04-23 20:45:04,241 [ genlib ] [ INFO ] reading rtp file "aminoacids.rtp"
2026-04-23 20:45:04,275 [ genlib ] [ INFO ] ENTERED SIMPLE
2026-04-23 20:45:04,275 [ genlib ] [ INFO ] Making atom pairs
2026-04-23 20:45:04,275 [ genlib ] [ INFO ] Searching branch 1
2026-04-23 20:45:04,276 [ genlib ] [ INFO ] Searching order 2
2026-04-23 20:45:04,276 [ genlib ] [ INFO ] Checking atom HB
2026-04-23 20:45:04,276 [ genlib ] [ INFO ] Define atom pair: VAL|HB|HC|H          - > LYN|1HB|HC|H         (d = 0.10 A)
2026-04-23 20:45:04,276 [ genlib ] [ INFO ] Checking atom CG1
2026-04-23 20:45:04,276 [ genlib ] [ INFO ] No partner found for atom CG1
2026-04-23 20:45:04,276 [ genlib ] [ INFO ] Checking atom CG2
2026-04-23 20:45:04,276 [ genlib ] [ INFO ] Define atom pair: VAL|CG2|CT|C.3       - > LYN|CG|CT|C.3        (d = 0.13 A)
2026-04-23 20:45:04,276 [ genlib ] [ INFO ] Searching order 3
2026-04-23 20:45:04,276 [ genlib ] [ INFO ] Checking atom 1HG2
2026-04-23 20:45:04,276 [ genlib ] [ INFO ] Define atom pair: VAL|1HG2|HC|H        - > LYN|CD|CT|C.3        (d = 0.46 A)
2026-04-23 20:45:04,276 [ genlib ] [ INFO ] Checking atom 2HG2
2026-04-23 20:45:04,276 [ genlib ] [ INFO ] Define atom pair: VAL|2HG2|HC|H        - > LYN|1HG|HC|H         (d = 0.07 A)
2026-04-23 20:45:04,276 [ genlib ] [ INFO ] Checking atom 3HG2
2026-04-23 20:45:04,276 [ genlib ] [ INFO ] Define atom pair: VAL|3HG2|HC|H        - > LYN|2HG|HC|H         (d = 0.20 A)
2026-04-23 20:45:04,276 [ genlib ] [ INFO ] Searching order 4
2026-04-23 20:45:04,276 [ genlib ] [ INFO ] Searching order 5
2026-04-23 20:45:04,276 [ genlib ] [ INFO ] Searching order 6
2026-04-23 20:45:04,276 [ genlib ] [ INFO ] Searching order 7
2026-04-23 20:45:04,276 [ genlib ] [ INFO ] Searching branch 2
2026-04-23 20:45:04,276 [ genlib ] [ INFO ] Searching order 2
2026-04-23 20:45:04,276 [ genlib ] [ INFO ] Checking atom CG1
2026-04-23 20:45:04,276 [ genlib ] [ INFO ] No partner found for atom CG1
2026-04-23 20:45:04,276 [ genlib ] [ INFO ] Searching order 3
2026-04-23 20:45:04,276 [ genlib ] [ INFO ] Searching order 4
2026-04-23 20:45:04,276 [ genlib ] [ INFO ] Searching order 5
2026-04-23 20:45:04,276 [ genlib ] [ INFO ] Searching order 6
2026-04-23 20:45:04,276 [ genlib ] [ INFO ] Searching order 7
2026-04-23 20:45:04,279 [ genlib ] [ INFO ] Updating bond lists
2026-04-23 20:45:04,280 [ genlib ] [ INFO ] Updating dihedrals
2026-04-23 20:45:04,280 [ genlib ] [ INFO ] Updating impropers
2026-04-23 20:45:04,280 [ genlib ] [ INFO ] Building library files for VAL --> LYS mutant
2026-04-23 20:45:04,281 [ genlib ] [ INFO ] reading rtp file "aminoacids.rtp"
2026-04-23 20:45:04,317 [ genlib ] [ INFO ] ENTERED SIMPLE
2026-04-23 20:45:04,317 [ genlib ] [ INFO ] Making atom pairs
2026-04-23 20:45:04,317 [ genlib ] [ INFO ] Searching branch 1
2026-04-23 20:45:04,317 [ genlib ] [ INFO ] Searching order 2
2026-04-23 20:45:04,317 [ genlib ] [ INFO ] Checking atom HB
2026-04-23 20:45:04,317 [ genlib ] [ INFO ] Define atom pair: VAL|HB|HC|H          - > LYS|1HB|HC|H         (d = 0.03 A)
2026-04-23 20:45:04,317 [ genlib ] [ INFO ] Checking atom CG1
2026-04-23 20:45:04,317 [ genlib ] [ INFO ] Define atom pair: VAL|CG1|CT|C.3       - > LYS|2HB|HC|H         (d = 0.54 A)
2026-04-23 20:45:04,317 [ genlib ] [ INFO ] Checking atom CG2
2026-04-23 20:45:04,317 [ genlib ] [ INFO ] Define atom pair: VAL|CG2|CT|C.3       - > LYS|CG|C8|C.3        (d = 0.13 A)
2026-04-23 20:45:04,317 [ genlib ] [ INFO ] Searching order 3
2026-04-23 20:45:04,317 [ genlib ] [ INFO ] Checking atom 1HG1
2026-04-23 20:45:04,317 [ genlib ] [ INFO ] No partner found for atom 1HG1
2026-04-23 20:45:04,317 [ genlib ] [ INFO ] Checking atom 2HG1
2026-04-23 20:45:04,317 [ genlib ] [ INFO ] No partner found for atom 2HG1
2026-04-23 20:45:04,317 [ genlib ] [ INFO ] Checking atom 3HG1
2026-04-23 20:45:04,317 [ genlib ] [ INFO ] No partner found for atom 3HG1
2026-04-23 20:45:04,317 [ genlib ] [ INFO ] Checking atom 1HG2
2026-04-23 20:45:04,317 [ genlib ] [ INFO ] Define atom pair: VAL|1HG2|HC|H        - > LYS|CD|C8|C.3        (d = 0.46 A)
2026-04-23 20:45:04,317 [ genlib ] [ INFO ] Checking atom 2HG2
2026-04-23 20:45:04,317 [ genlib ] [ INFO ] Define atom pair: VAL|2HG2|HC|H        - > LYS|1HG|HC|H         (d = 0.15 A)
2026-04-23 20:45:04,317 [ genlib ] [ INFO ] Checking atom 3HG2
2026-04-23 20:45:04,317 [ genlib ] [ INFO ] Define atom pair: VAL|3HG2|HC|H        - > LYS|2HG|HC|H         (d = 0.21 A)
2026-04-23 20:45:04,317 [ genlib ] [ INFO ] Searching order 4
2026-04-23 20:45:04,317 [ genlib ] [ INFO ] Searching order 5
2026-04-23 20:45:04,317 [ genlib ] [ INFO ] Searching order 6
2026-04-23 20:45:04,317 [ genlib ] [ INFO ] Searching order 7
2026-04-23 20:45:04,317 [ genlib ] [ INFO ] Searching branch 2
2026-04-23 20:45:04,317 [ genlib ] [ INFO ] Searching order 2
2026-04-23 20:45:04,317 [ genlib ] [ INFO ] Searching order 3
2026-04-23 20:45:04,317 [ genlib ] [ INFO ] Checking atom 1HG1
2026-04-23 20:45:04,317 [ genlib ] [ INFO ] No partner found for atom 1HG1
2026-04-23 20:45:04,317 [ genlib ] [ INFO ] Checking atom 2HG1
2026-04-23 20:45:04,317 [ genlib ] [ INFO ] No partner found for atom 2HG1
2026-04-23 20:45:04,317 [ genlib ] [ INFO ] Checking atom 3HG1
2026-04-23 20:45:04,317 [ genlib ] [ INFO ] No partner found for atom 3HG1
2026-04-23 20:45:04,317 [ genlib ] [ INFO ] Searching order 4
2026-04-23 20:45:04,317 [ genlib ] [ INFO ] Searching order 5
2026-04-23 20:45:04,317 [ genlib ] [ INFO ] Searching order 6
2026-04-23 20:45:04,317 [ genlib ] [ INFO ] Searching order 7
2026-04-23 20:45:04,321 [ genlib ] [ INFO ] Updating bond lists
2026-04-23 20:45:04,321 [ genlib ] [ INFO ] Updating dihedrals
2026-04-23 20:45:04,321 [ genlib ] [ INFO ] Updating impropers
2026-04-23 20:45:04,322 [ genlib ] [ INFO ] Building library files for VAL --> MET mutant
2026-04-23 20:45:04,322 [ genlib ] [ INFO ] reading rtp file "aminoacids.rtp"
2026-04-23 20:45:04,357 [ genlib ] [ INFO ] ENTERED SIMPLE
2026-04-23 20:45:04,357 [ genlib ] [ INFO ] Making atom pairs
2026-04-23 20:45:04,357 [ genlib ] [ INFO ] Searching branch 1
2026-04-23 20:45:04,357 [ genlib ] [ INFO ] Searching order 2
2026-04-23 20:45:04,357 [ genlib ] [ INFO ] Checking atom HB
2026-04-23 20:45:04,357 [ genlib ] [ INFO ] Define atom pair: VAL|HB|HC|H          - > MET|1HB|HC|H         (d = 0.06 A)
2026-04-23 20:45:04,357 [ genlib ] [ INFO ] Checking atom CG1
2026-04-23 20:45:04,357 [ genlib ] [ INFO ] Define atom pair: VAL|CG1|CT|C.3       - > MET|2HB|HC|H         (d = 0.54 A)
2026-04-23 20:45:04,357 [ genlib ] [ INFO ] Checking atom CG2
2026-04-23 20:45:04,357 [ genlib ] [ INFO ] Define atom pair: VAL|CG2|CT|C.3       - > MET|CG|2C|C.3        (d = 0.15 A)
2026-04-23 20:45:04,357 [ genlib ] [ INFO ] Searching order 3
2026-04-23 20:45:04,357 [ genlib ] [ INFO ] Checking atom 1HG1
2026-04-23 20:45:04,357 [ genlib ] [ INFO ] No partner found for atom 1HG1
2026-04-23 20:45:04,357 [ genlib ] [ INFO ] Checking atom 2HG1
2026-04-23 20:45:04,358 [ genlib ] [ INFO ] No partner found for atom 2HG1
2026-04-23 20:45:04,358 [ genlib ] [ INFO ] Checking atom 3HG1
2026-04-23 20:45:04,358 [ genlib ] [ INFO ] No partner found for atom 3HG1
2026-04-23 20:45:04,358 [ genlib ] [ INFO ] Checking atom 1HG2
2026-04-23 20:45:04,358 [ genlib ] [ INFO ] No partner found for atom 1HG2
2026-04-23 20:45:04,358 [ genlib ] [ INFO ] Checking atom 2HG2
2026-04-23 20:45:04,358 [ genlib ] [ INFO ] Define atom pair: VAL|2HG2|HC|H        - > MET|1HG|H1|H         (d = 0.19 A)
2026-04-23 20:45:04,358 [ genlib ] [ INFO ] Checking atom 3HG2
2026-04-23 20:45:04,358 [ genlib ] [ INFO ] Define atom pair: VAL|3HG2|HC|H        - > MET|2HG|H1|H         (d = 0.24 A)
2026-04-23 20:45:04,358 [ genlib ] [ INFO ] Searching order 4
2026-04-23 20:45:04,358 [ genlib ] [ INFO ] Searching order 5
2026-04-23 20:45:04,358 [ genlib ] [ INFO ] Searching order 6
2026-04-23 20:45:04,358 [ genlib ] [ INFO ] Searching order 7
2026-04-23 20:45:04,358 [ genlib ] [ INFO ] Searching branch 2
2026-04-23 20:45:04,358 [ genlib ] [ INFO ] Searching order 2
2026-04-23 20:45:04,358 [ genlib ] [ INFO ] Searching order 3
2026-04-23 20:45:04,358 [ genlib ] [ INFO ] Checking atom 1HG1
2026-04-23 20:45:04,358 [ genlib ] [ INFO ] No partner found for atom 1HG1
2026-04-23 20:45:04,358 [ genlib ] [ INFO ] Checking atom 2HG1
2026-04-23 20:45:04,358 [ genlib ] [ INFO ] No partner found for atom 2HG1
2026-04-23 20:45:04,358 [ genlib ] [ INFO ] Checking atom 3HG1
2026-04-23 20:45:04,358 [ genlib ] [ INFO ] No partner found for atom 3HG1
2026-04-23 20:45:04,358 [ genlib ] [ INFO ] Checking atom 1HG2
2026-04-23 20:45:04,358 [ genlib ] [ INFO ] No partner found for atom 1HG2
2026-04-23 20:45:04,358 [ genlib ] [ INFO ] Searching order 4
2026-04-23 20:45:04,358 [ genlib ] [ INFO ] Searching order 5
2026-04-23 20:45:04,358 [ genlib ] [ INFO ] Searching order 6
2026-04-23 20:45:04,358 [ genlib ] [ INFO ] Searching order 7
2026-04-23 20:45:04,360 [ genlib ] [ INFO ] Updating bond lists
2026-04-23 20:45:04,360 [ genlib ] [ INFO ] Updating dihedrals
2026-04-23 20:45:04,360 [ genlib ] [ INFO ] Updating impropers
2026-04-23 20:45:04,360 [ genlib ] [ INFO ] Building library files for VAL --> PHE mutant
2026-04-23 20:45:04,361 [ genlib ] [ INFO ] reading rtp file "aminoacids.rtp"
2026-04-23 20:45:04,395 [ genlib ] [ INFO ] ENTERED T,A,V,I
2026-04-23 20:45:04,395 [ genlib ] [ INFO ] Making atom pairs
2026-04-23 20:45:04,400 [ genlib ] [ INFO ] Updating bond lists
2026-04-23 20:45:04,401 [ genlib ] [ INFO ] Updating dihedrals
2026-04-23 20:45:04,401 [ genlib ] [ INFO ] Updating impropers
2026-04-23 20:45:04,401 [ genlib ] [ INFO ] Building library files for VAL --> PRO mutant
2026-04-23 20:45:04,402 [ genlib ] [ INFO ] reading rtp file "aminoacids.rtp"
2026-04-23 20:45:04,436 [ genlib ] [ INFO ] ENTERED P
2026-04-23 20:45:04,436 [ genlib ] [ INFO ] Making atom pairs
2026-04-23 20:45:04,439 [ genlib ] [ INFO ] Updating bond lists
2026-04-23 20:45:04,439 [ genlib ] [ INFO ] Updating dihedrals
2026-04-23 20:45:04,439 [ genlib ] [ INFO ] Updating impropers
2026-04-23 20:45:04,439 [ genlib ] [ INFO ] Building library files for VAL --> SER mutant
2026-04-23 20:45:04,440 [ genlib ] [ INFO ] reading rtp file "aminoacids.rtp"
2026-04-23 20:45:04,474 [ genlib ] [ INFO ] ENTERED SIMPLE
2026-04-23 20:45:04,474 [ genlib ] [ INFO ] Making atom pairs
2026-04-23 20:45:04,474 [ genlib ] [ INFO ] Searching branch 1
2026-04-23 20:45:04,474 [ genlib ] [ INFO ] Searching order 2
2026-04-23 20:45:04,474 [ genlib ] [ INFO ] Checking atom HB
2026-04-23 20:45:04,474 [ genlib ] [ INFO ] Define atom pair: VAL|HB|HC|H          - > SER|1HB|H1|H         (d = 0.04 A)
2026-04-23 20:45:04,474 [ genlib ] [ INFO ] Checking atom CG1
2026-04-23 20:45:04,474 [ genlib ] [ INFO ] Define atom pair: VAL|CG1|CT|C.3       - > SER|2HB|H1|H         (d = 0.47 A)
2026-04-23 20:45:04,474 [ genlib ] [ INFO ] Checking atom CG2
2026-04-23 20:45:04,475 [ genlib ] [ INFO ] Define atom pair: VAL|CG2|CT|C.3       - > SER|OG|OH|O.3        (d = 0.14 A)
2026-04-23 20:45:04,475 [ genlib ] [ INFO ] Searching order 3
2026-04-23 20:45:04,475 [ genlib ] [ INFO ] Checking atom 1HG1
2026-04-23 20:45:04,475 [ genlib ] [ INFO ] No partner found for atom 1HG1
2026-04-23 20:45:04,475 [ genlib ] [ INFO ] Checking atom 2HG1
2026-04-23 20:45:04,475 [ genlib ] [ INFO ] No partner found for atom 2HG1
2026-04-23 20:45:04,475 [ genlib ] [ INFO ] Checking atom 3HG1
2026-04-23 20:45:04,475 [ genlib ] [ INFO ] No partner found for atom 3HG1
2026-04-23 20:45:04,475 [ genlib ] [ INFO ] Checking atom 1HG2
2026-04-23 20:45:04,475 [ genlib ] [ INFO ] Define atom pair: VAL|1HG2|HC|H        - > SER|HG|HO|H          (d = 0.25 A)
2026-04-23 20:45:04,475 [ genlib ] [ INFO ] Checking atom 2HG2
2026-04-23 20:45:04,475 [ genlib ] [ INFO ] No partner found for atom 2HG2
2026-04-23 20:45:04,475 [ genlib ] [ INFO ] Checking atom 3HG2
2026-04-23 20:45:04,475 [ genlib ] [ INFO ] No partner found for atom 3HG2
2026-04-23 20:45:04,475 [ genlib ] [ INFO ] Searching order 4
2026-04-23 20:45:04,475 [ genlib ] [ INFO ] Searching order 5
2026-04-23 20:45:04,475 [ genlib ] [ INFO ] Searching order 6
2026-04-23 20:45:04,475 [ genlib ] [ INFO ] Searching order 7
2026-04-23 20:45:04,475 [ genlib ] [ INFO ] Searching branch 2
2026-04-23 20:45:04,475 [ genlib ] [ INFO ] Searching order 2
2026-04-23 20:45:04,475 [ genlib ] [ INFO ] Searching order 3
2026-04-23 20:45:04,475 [ genlib ] [ INFO ] Checking atom 1HG1
2026-04-23 20:45:04,475 [ genlib ] [ INFO ] No partner found for atom 1HG1
2026-04-23 20:45:04,475 [ genlib ] [ INFO ] Checking atom 2HG1
2026-04-23 20:45:04,475 [ genlib ] [ INFO ] No partner found for atom 2HG1
2026-04-23 20:45:04,475 [ genlib ] [ INFO ] Checking atom 3HG1
2026-04-23 20:45:04,475 [ genlib ] [ INFO ] No partner found for atom 3HG1
2026-04-23 20:45:04,475 [ genlib ] [ INFO ] Checking atom 2HG2
2026-04-23 20:45:04,475 [ genlib ] [ INFO ] No partner found for atom 2HG2
2026-04-23 20:45:04,475 [ genlib ] [ INFO ] Checking atom 3HG2
2026-04-23 20:45:04,475 [ genlib ] [ INFO ] No partner found for atom 3HG2
2026-04-23 20:45:04,475 [ genlib ] [ INFO ] Searching order 4
2026-04-23 20:45:04,475 [ genlib ] [ INFO ] Searching order 5
2026-04-23 20:45:04,475 [ genlib ] [ INFO ] Searching order 6
2026-04-23 20:45:04,475 [ genlib ] [ INFO ] Searching order 7
2026-04-23 20:45:04,475 [ genlib ] [ INFO ] Updating bond lists
2026-04-23 20:45:04,475 [ genlib ] [ INFO ] Updating dihedrals
2026-04-23 20:45:04,475 [ genlib ] [ INFO ] Updating impropers
2026-04-23 20:45:04,476 [ genlib ] [ INFO ] Building library files for VAL --> THR mutant
2026-04-23 20:45:04,476 [ genlib ] [ INFO ] reading rtp file "aminoacids.rtp"
2026-04-23 20:45:04,511 [ genlib ] [ INFO ] ENTERED SIMPLE
2026-04-23 20:45:04,511 [ genlib ] [ INFO ] Making atom pairs
2026-04-23 20:45:04,511 [ genlib ] [ INFO ] Searching branch 1
2026-04-23 20:45:04,511 [ genlib ] [ INFO ] Searching order 2
2026-04-23 20:45:04,511 [ genlib ] [ INFO ] Checking atom HB
2026-04-23 20:45:04,511 [ genlib ] [ INFO ] Define atom pair: VAL|HB|HC|H          - > THR|HB|H1|H          (d = 0.05 A)
2026-04-23 20:45:04,511 [ genlib ] [ INFO ] Checking atom CG1
2026-04-23 20:45:04,511 [ genlib ] [ INFO ] Define atom pair: VAL|CG1|CT|C.3       - > THR|CG2|CT|C.3       (d = 0.21 A)
2026-04-23 20:45:04,511 [ genlib ] [ INFO ] Checking atom CG2
2026-04-23 20:45:04,511 [ genlib ] [ INFO ] Define atom pair: VAL|CG2|CT|C.3       - > THR|OG1|OH|O.3       (d = 0.19 A)
2026-04-23 20:45:04,511 [ genlib ] [ INFO ] Searching order 3
2026-04-23 20:45:04,511 [ genlib ] [ INFO ] Checking atom 1HG1
2026-04-23 20:45:04,511 [ genlib ] [ INFO ] Define atom pair: VAL|1HG1|HC|H        - > THR|1HG2|HC|H        (d = 0.27 A)
2026-04-23 20:45:04,511 [ genlib ] [ INFO ] Checking atom 2HG1
2026-04-23 20:45:04,511 [ genlib ] [ INFO ] Define atom pair: VAL|2HG1|HC|H        - > THR|2HG2|HC|H        (d = 0.24 A)
2026-04-23 20:45:04,511 [ genlib ] [ INFO ] Checking atom 3HG1
2026-04-23 20:45:04,511 [ genlib ] [ INFO ] Define atom pair: VAL|3HG1|HC|H        - > THR|3HG2|HC|H        (d = 0.26 A)
2026-04-23 20:45:04,511 [ genlib ] [ INFO ] Checking atom 1HG2
2026-04-23 20:45:04,511 [ genlib ] [ INFO ] Define atom pair: VAL|1HG2|HC|H        - > THR|HG1|HO|H         (d = 0.28 A)
2026-04-23 20:45:04,511 [ genlib ] [ INFO ] Checking atom 2HG2
2026-04-23 20:45:04,511 [ genlib ] [ INFO ] No partner found for atom 2HG2
2026-04-23 20:45:04,511 [ genlib ] [ INFO ] Checking atom 3HG2
2026-04-23 20:45:04,511 [ genlib ] [ INFO ] No partner found for atom 3HG2
2026-04-23 20:45:04,511 [ genlib ] [ INFO ] Searching order 4
2026-04-23 20:45:04,511 [ genlib ] [ INFO ] Searching order 5
2026-04-23 20:45:04,511 [ genlib ] [ INFO ] Searching order 6
2026-04-23 20:45:04,511 [ genlib ] [ INFO ] Searching order 7
2026-04-23 20:45:04,511 [ genlib ] [ INFO ] Searching branch 2
2026-04-23 20:45:04,511 [ genlib ] [ INFO ] Searching order 2
2026-04-23 20:45:04,511 [ genlib ] [ INFO ] Searching order 3
2026-04-23 20:45:04,511 [ genlib ] [ INFO ] Checking atom 2HG2
2026-04-23 20:45:04,511 [ genlib ] [ INFO ] No partner found for atom 2HG2
2026-04-23 20:45:04,511 [ genlib ] [ INFO ] Checking atom 3HG2
2026-04-23 20:45:04,511 [ genlib ] [ INFO ] No partner found for atom 3HG2
2026-04-23 20:45:04,511 [ genlib ] [ INFO ] Searching order 4
2026-04-23 20:45:04,511 [ genlib ] [ INFO ] Searching order 5
2026-04-23 20:45:04,511 [ genlib ] [ INFO ] Searching order 6
2026-04-23 20:45:04,511 [ genlib ] [ INFO ] Searching order 7
2026-04-23 20:45:04,512 [ genlib ] [ INFO ] Updating bond lists
2026-04-23 20:45:04,512 [ genlib ] [ INFO ] Updating dihedrals
2026-04-23 20:45:04,512 [ genlib ] [ INFO ] Updating impropers
2026-04-23 20:45:04,512 [ genlib ] [ INFO ] Building library files for VAL --> TRP mutant
2026-04-23 20:45:04,513 [ genlib ] [ INFO ] reading rtp file "aminoacids.rtp"
2026-04-23 20:45:04,548 [ genlib ] [ INFO ] ENTERED T,A,V,I
2026-04-23 20:45:04,548 [ genlib ] [ INFO ] Making atom pairs
2026-04-23 20:45:04,556 [ genlib ] [ INFO ] Updating bond lists
2026-04-23 20:45:04,557 [ genlib ] [ INFO ] Updating dihedrals
2026-04-23 20:45:04,557 [ genlib ] [ INFO ] Updating impropers
2026-04-23 20:45:04,557 [ genlib ] [ INFO ] Building library files for VAL --> TYR mutant
2026-04-23 20:45:04,558 [ genlib ] [ INFO ] reading rtp file "aminoacids.rtp"
2026-04-23 20:45:04,593 [ genlib ] [ INFO ] ENTERED T,A,V,I
2026-04-23 20:45:04,593 [ genlib ] [ INFO ] Making atom pairs
2026-04-23 20:45:04,598 [ genlib ] [ INFO ] Updating bond lists
2026-04-23 20:45:04,598 [ genlib ] [ INFO ] Updating dihedrals
2026-04-23 20:45:04,598 [ genlib ] [ INFO ] Updating impropers
